Symbol,Company,Sector,Industry,Current_Price,ATH_Price_Flag,TTM_Net_Profit,ATH_Profit_Flag,Above_MA200_Flag,RS_vs_Sector,RS_vs_Benchmark,Outperformance_Flag,ATH_Sales,Signal
RELIANCE,Reliance Industries Limited,Energy,Oil & Gas Refining & Marketing,1307.800048828125,False,83556.0,True,False,-12.88,-8.31,False,962820.0,EXIT
BHARTIARTL,Bharti Airtel Limited,Communication Services,Telecom Services,1972.0,False,30925.3,False,True,19.89,0.63,True,172985.0,HOLD
HDFCBANK,HDFC Bank Limited,Financial Services,Banks - Regional,748.1500244140625,False,49307.979999999996,False,False,-27.57,-28.24,False,,EXIT
ICICIBANK,ICICI Bank Limited,Financial Services,Banks - Regional,1435.4000244140625,True,56090.159999999996,True,True,-4.71,-5.49,False,,HOLD
SBIN,State Bank of India,Financial Services,Banks - Regional,1027.4000244140625,False,62161.45,False,True,27.52,26.6,True,,HOLD
TCS,Tata Consultancy Services Limited,Technology,Information Technology Services,2365.60009765625,False,50484.0,True,False,-21.86,-24.48,False,267021.0,EXIT
BAJFINANCE,Bajaj Finance Limited,Financial Services,Credit Services,1141.199951171875,True,20303.53,True,True,28.04,27.12,True,,ADD
LT,Larsen & Toubro Limited,Industrials,Engineering & Construction,3938.89990234375,False,16280.750000000002,True,False,10.04,5.93,True,255734.0,HOLD
HINDUNILVR,Hindustan Unilever Limited,Consumer Defensive,Household & Personal Products,2101.300048828125,False,15028.0,True,False,-11.06,-19.04,False,63121.0,EXIT
SUNPHARMA,Sun Pharmaceutical Industries Limited,Healthcare,Drug Manufacturers - Specialty & Generic,1990.5,True,10511.350000000002,False,True,9.77,14.25,True,52578.0,HOLD
INFY,Infosys Limited,Technology,Information Technology Services,1130.0999755859375,False,332.4,False,False,-24.89,-27.49,False,162990.0,EXIT
MARUTI,Maruti Suzuki India Limited,Consumer Cyclical,Auto Manufacturers,14188.0,False,15241.6,True,False,9.1,10.06,True,152913.0,HOLD
TITAN,Titan Company Limited,Consumer Cyclical,Luxury Goods,4875.2001953125,True,4825.0,True,True,42.38,43.26,True,60456.0,ADD
ADANIENT,Adani Enterprises Limited,Energy,Thermal Coal,3009.5,False,7007.960000000001,False,True,17.71,21.43,True,127540.0,HOLD
M&M,Mahindra & Mahindra Limited,Consumer Cyclical,Auto Manufacturers,3398.5,False,18880.07,True,True,2.74,3.72,True,159211.0,HOLD
ADANIPOWER,Adani Power Limited,Utilities,Utilities - Independent Power Producers,211.30999755859375,False,14687.210000000001,False,True,90.75,77.27,True,56203.0,HOLD
ADANIPORTS,Adani Ports and Special Economic Zone Limited,Industrials,Marine Shipping,1696.5,False,13317.560000000001,True,True,25.31,21.17,True,30475.0,HOLD
KOTAKBANK,Kotak Mahindra Bank Limited,Financial Services,Banks - Regional,389.3999938964844,False,15827.900000000001,False,False,-2.25,-3.03,False,,EXIT
AXISBANK,Axis Bank Limited,Financial Services,Banks - Regional,1229.5,False,28489.31,True,False,13.55,12.7,True,,HOLD
HCLTECH,HCL Technologies Limited,Technology,Information Technology Services,1346.9000244140625,False,13188.0,False,False,-7.92,-10.62,False,117055.0,EXIT
ITC,ITC Limited,Consumer Defensive,Tobacco,281.0,False,20494.55,False,False,-26.3,-34.17,False,75323.0,EXIT
ULTRACEMCO,UltraTech Cement Limited,Basic Materials,Building Materials,11847.0,False,9533.34,True,True,-0.75,-5.81,False,75955.0,HOLD
NTPC,NTPC Limited,Utilities,Utilities - Regulated Electric,347.25,False,28706.79,True,False,12.88,1.51,True,188138.0,HOLD
BAJAJFINSV,Bajaj Finserv Ltd.,Financial Services,Financial Conglomerates,2029.0999755859375,False,9800.970000000001,True,True,2.59,1.78,True,133822.0,HOLD
BAJAJ-AUTO,Bajaj Auto Limited,Consumer Cyclical,Auto Manufacturers,11432.0,False,11759.400000000001,True,True,38.86,39.75,True,50995.0,HOLD
HAL,Hindustan Aeronautics Limited,Industrials,Aerospace & Defense,4646.5,False,9115.6,True,True,4.19,0.1,True,30981.0,HOLD
JSWSTEEL,JSW Steel Limited,Basic Materials,Steel,1270.0,True,25344.0,True,True,23.9,18.77,True,175006.0,ADD
ONGC,Oil and Natural Gas Corporation Limited,Energy,Oil & Gas Integrated,242.52999877929688,False,41424.38,False,False,-6.13,-1.75,False,632291.0,EXIT
NESTLEIND,Nestlé India Limited,Consumer Defensive,Packaged Foods,1509.5999755859375,True,3477.1800000000003,False,True,40.26,31.94,True,24394.0,HOLD
BEL,Bharat Electronics Limited,Industrials,Aerospace & Defense,387.8500061035156,False,5828.57,True,False,2.95,-1.14,False,23769.0,EXIT
ETERNAL,Eternal Limited,Consumer Cyclical,Internet Retail,302.45001220703125,False,393.0,False,True,-5.11,-4.12,False,20243.0,EXIT
LICI,Life Insurance Corporation of India,Financial Services,Insurance - Life,424.70001220703125,False,47354.67,False,True,-6.71,-7.48,False,889970.0,EXIT
POWERGRID,Power Grid Corporation of India Limited,Utilities,Utilities - Regulated Electric,284.25,False,16504.74,False,False,6.49,-4.7,False,45843.0,EXIT
ASIANPAINT,Asian Paints Limited,Basic Materials,Specialty Chemicals,2746.199951171875,False,4764.83,False,True,16.4,11.29,True,35495.0,HOLD
DMART,Avenue Supermarts Limited,Consumer Defensive,Discount Stores,3874.0,False,3146.09,True,False,-3.88,-11.9,False,59358.0,EXIT
COALINDIA,Coal India Limited,Energy,Thermal Coal,414.1499938964844,False,35645.79,False,False,3.54,7.66,True,144762.0,EXIT
SHRIRAMFIN,Shriram Finance Limited,Financial Services,Credit Services,1046.699951171875,False,11162.76,False,True,64.62,63.54,True,,HOLD
TATASTEEL,Tata Steel Limited,Basic Materials,Steel,189.69000244140625,False,11034.54,False,False,22.85,17.72,True,243959.0,EXIT
HINDZINC,Hindustan Zinc Limited,Basic Materials,Other Industrial Metals & Mining,539.2000122070312,False,16652.0,True,False,29.92,24.77,True,34098.0,HOLD
ADANIGREEN,Adani Green Energy Limited,Utilities,Utilities - Renewable,1383.0,False,1283.0,False,True,50.45,38.07,True,11212.0,HOLD
HINDALCO,Hindalco Industries Limited,Basic Materials,Aluminum,970.4000244140625,False,13391.0,False,True,43.69,38.5,True,238496.0,HOLD
EICHERMOT,Eicher Motors Limited,Consumer Cyclical,Auto Manufacturers,7833.5,True,5772.5199999999995,True,True,39.98,40.87,True,18451.0,ADD
DIVISLAB,Divi's Laboratories Limited,Healthcare,Drug Manufacturers - Specialty & Generic,8056.0,True,2541.0,False,True,15.32,19.76,True,9360.0,HOLD
GRASIM,Grasim Industries Limited,Basic Materials,Building Materials,3104.800048828125,True,5908.91,False,True,15.27,10.17,True,148478.0,HOLD
TVSMOTOR,TVS Motor Company Limited,Consumer Cyclical,Auto Manufacturers,4208.39990234375,True,3242.2799999999997,True,True,47.4,48.26,True,44089.0,ADD
INDIGO,InterGlobe Aviation Limited,Industrials,Airlines,5171.0,False,5500.0,False,True,-10.83,-14.89,False,80803.0,EXIT
IOC,Indian Oil Corporation Limited,Energy,Oil & Gas Refining & Marketing,140.1699981689453,False,42402.35,True,False,-10.64,-6.12,False,841756.0,EXIT
ADANIENSOL,Adani Energy Solutions Limited,Utilities,Utilities - Independent Power Producers,1645.4000244140625,False,2897.6299999999997,True,True,115.29,101.16,True,23767.0,HOLD
TORNTPHARM,Torrent Pharmaceuticals Limited,Healthcare,Drug Manufacturers - Specialty & Generic,5122.7998046875,True,2181.0,True,True,30.18,34.52,True,11516.0,ADD
SBILIFE,SBI Life Insurance Company Limited,Financial Services,Insurance - Life,1877.5,False,2700.68,False,False,0.5,-0.29,False,,EXIT
WIPRO,Wipro Limited,Technology,Information Technology Services,183.64999389648438,False,13219.0,True,False,-25.82,-28.42,False,90488.0,EXIT
VAML,Vedanta Aluminium Metal Limited,Basic Materials,Aluminum,454.20001220703125,False,7410.0,False,False,,,False,,EXIT
HYUNDAI,HYUNDAI,Consumer Cyclical,Auto Manufacturers,2180.699951171875,False,4747.88,False,True,-2.02,-1.04,False,69829.0,EXIT
JIOFIN,Jio Financial Services Limited,Financial Services,Asset Management,256.4599914550781,False,1696.1100000000001,True,False,-23.8,-24.49,False,2043.0,EXIT
SOLARINDS,Solar Industries India Limited,Basic Materials,Specialty Chemicals,18053.0,False,1677.55,True,True,27.53,22.39,True,7540.0,HOLD
PIDILITIND,Pidilite Industries Limited,Basic Materials,Specialty Chemicals,1629.9000244140625,True,2292.03,True,True,16.15,11.04,True,13140.0,ADD
DLF,DLF Limited,Real Estate,Real Estate - Development,659.2999877929688,False,4516.79,False,True,-1.05,-18.31,False,9926.0,EXIT
TMCV,TMCV,Consumer Cyclical,Auto Manufacturers,436.79998779296875,False,5193.0,False,False,,,False,,EXIT
TRENT,Trent Limited,Consumer Cyclical,Apparel Retail,2999.199951171875,False,1719.65,False,False,-44.0,-42.91,False,17135.0,EXIT
MOTHERSON,Samvardhana Motherson International Limited,Consumer Cyclical,Auto Parts,150.75,True,3859.6800000000003,True,True,51.9,52.76,True,113663.0,ADD
CHOLAFIN,Cholamandalam Investment and Finance Company Limited,Financial Services,Credit Services,1849.9000244140625,True,5729.22,True,True,26.71,25.8,True,,ADD
ABB,ABB India Limited,Industrials,Specialty Industrial Machinery,7291.5,False,3042.87,True,True,33.06,28.9,True,13203.0,HOLD
TATACAP,TATACAP,Financial Services,Credit Services,365.3999938964844,True,4306.27,True,True,,,False,,HOLD
ICICIAMC,ICICIAMC,Financial Services,Asset Management,3115.89990234375,False,3479.24,False,False,,,False,4977.0,EXIT
CUMMINSIND,Cummins India Limited,Industrials,Specialty Industrial Machinery,5519.0,False,2268.92,True,True,57.06,52.84,True,10391.0,HOLD
VBL,Varun Beverages Limited,Consumer Defensive,Beverages - Non-Alcoholic,442.29998779296875,False,3961.97,True,False,-9.76,-17.75,False,21685.0,EXIT
BSE,BSE Limited,Financial Services,Financial Data & Stock Exchanges,3646.199951171875,False,2496.9799999999996,True,True,48.84,47.83,True,3212.0,HOLD
TECHM,Tech Mahindra Limited,Technology,Information Technology Services,1651.300048828125,False,5081.5,True,True,13.27,10.44,True,53290.0,HOLD
POWERINDIA,Hitachi Energy India Limited,Industrials,Electrical Equipment & Parts,31250.0,False,907.37,False,True,51.88,47.68,True,,HOLD
BHEL,Bharat Heavy Electricals Limited,Industrials,Specialty Industrial Machinery,407.0,False,2513.08,False,True,72.55,68.3,True,39561.0,HOLD
IDEA,Vodafone Idea Limited,Communication Services,Telecom Services,13.010000228881836,False,69388.3,True,True,106.31,85.9,True,44958.0,HOLD
PFC,Power Finance Corporation Limited,Financial Services,Credit Services,424.3500061035156,False,25900.96,True,True,1.93,1.13,True,,HOLD
POLYCAB,Polycab India Limited,Industrials,Electrical Equipment & Parts,8896.0,False,2770.92,True,True,30.12,25.97,True,22408.0,HOLD
BPCL,Bharat Petroleum Corporation Limited,Energy,Oil & Gas Refining & Marketing,319.75,False,21524.66,False,False,-9.77,-5.28,False,473187.0,EXIT
CGPOWER,CG Power and Industrial Solutions Limited,Industrials,Electrical Equipment & Parts,863.4000244140625,False,1232.56,False,True,32.26,28.1,True,13632.0,HOLD
SIEMENS,Siemens Limited,Industrials,Specialty Industrial Machinery,3658.800048828125,False,1555.2000000000003,False,True,20.87,16.74,True,22240.0,HOLD
UNIONBANK,Union Bank of India,Financial Services,Banks - Regional,170.39999389648438,False,20645.76,False,True,28.86,27.93,True,,HOLD
BRITANNIA,Britannia Industries Limited,Consumer Defensive,Packaged Foods,5524.5,False,2438.9700000000003,True,False,1.81,-6.25,False,17943.0,EXIT
PNB,Punjab National Bank,Financial Services,Banks - Regional,112.70999908447266,False,19082.13,False,False,5.39,4.57,True,,EXIT
LTM,LTM Limited,Technology,Information Technology Services,4362.10009765625,False,5083.299999999999,False,False,-14.28,-16.95,False,38008.0,EXIT
APOLLOHOSP,Apollo Hospitals Enterprise Limited,Healthcare,Medical Care Facilities,8988.0,True,1854.0,True,True,13.81,18.26,True,21794.0,ADD
BAJAJHLDNG,Bajaj Holdings & Investment Limited,Financial Services,Asset Management,10970.0,False,9636.75,True,True,-23.66,-24.35,False,1702.0,HOLD
BANKBARODA,Bank of Baroda Limited,Financial Services,Banks - Regional,242.60000610351562,False,16496.15,False,False,0.4,-0.39,False,,EXIT
MUTHOOTFIN,Muthoot Finance Limited,Financial Services,Credit Services,3119.60009765625,False,10590.330000000002,True,False,17.91,17.04,True,,HOLD
TMPV,Tata Motors Passenger Vehicles Limited,Consumer Cyclical,Auto Manufacturers,339.75,False,89363.0,True,False,-52.47,-51.36,False,439695.0,EXIT
LODHA,Lodha Developers Limited,Real Estate,Real Estate - Development,1243.949951171875,False,4011.6000000000004,True,True,16.11,-1.38,False,13780.0,HOLD
TATAPOWER,The Tata Power Company Limited,Utilities,Utilities - Independent Power Producers,380.70001220703125,False,3863.26,False,False,4.47,-6.67,False,65478.0,EXIT
BOSCHLTD,Bosch Limited,Consumer Cyclical,Auto Parts,41550.0,True,2773.2,True,True,0.36,1.34,True,18087.0,ADD
GROWW,GROWW,Financial Services,Capital Markets,194.3699951171875,False,2346.6699999999996,False,False,,,False,4061.0,EXIT
SBIFUNDS,SBIFUNDS,Financial Services,Asset Management,589.1500244140625,True,1241.6,False,False,,,False,,EXIT
GAIL,GAIL (India) Limited,Utilities,Utilities - Regulated Gas,181.44000244140625,False,8101.85,False,True,11.05,-0.27,False,145668.0,EXIT
HDFCLIFE,HDFC Life Insurance Company Limited,Financial Services,Insurance - Life,548.5,False,2075.2200000000003,True,False,-29.12,-29.78,False,101482.0,EXIT
CIPLA,Cipla Limited,Healthcare,Drug Manufacturers - Specialty & Generic,1473.199951171875,False,3317.1099999999997,False,True,-12.25,-7.62,False,27548.0,EXIT
IRFC,Indian Railway Finance Corporation Limited,Financial Services,Credit Services,89.1500015258789,False,7159.4,False,False,-32.27,-32.92,False,,EXIT
LLOYDSME,Lloyds Metals and Energy Limited,Basic Materials,Steel,2047.0,True,3680.8400000000006,True,True,38.83,33.66,True,6721.0,ADD
ENRIN,Siemens Energy India Limited,Utilities,Utilities - Renewable,3121.699951171875,False,1309.8,False,True,5.53,-5.64,False,,EXIT
CANBK,Canara Bank,Financial Services,Banks - Regional,124.9800033569336,False,18203.559999999998,True,False,15.01,14.15,True,,HOLD
MARICO,Marico Limited,Consumer Defensive,Household & Personal Products,885.3499755859375,True,1762.0,True,True,31.81,23.55,True,10831.0,ADD
INDIANB,Indian Bank,Financial Services,Banks - Regional,827.25,False,11952.93,True,False,33.16,32.22,True,,HOLD
ZYDUSLIFE,Zydus Lifesciences Limited,Healthcare,Drug Manufacturers - Specialty & Generic,1115.0999755859375,False,4952.299999999999,True,True,5.16,9.67,True,23242.0,HOLD
JINDALSTEL,Jindal Steel Limited,Basic Materials,Steel,1093.699951171875,False,3573.9399999999996,False,False,14.0,8.9,True,53212.0,EXIT
HDFCAMC,HDFC Asset Management Company Limited,Financial Services,Asset Management,2615.800048828125,False,2229.21,False,False,-9.03,-9.79,False,4051.0,EXIT
GMRAIRPORT,GMR Airports Limited,Industrials,Airports & Air Services,103.91000366210938,False,672.86,True,True,17.4,13.28,True,11088.0,HOLD
GVT&D,GE Vernova T&D India Limited,Industrials,Specialty Industrial Machinery,4323.2998046875,False,1120.26,True,True,60.39,56.17,True,4020.0,HOLD
ABCAPITAL,Aditya Birla Capital Limited,Financial Services,Financial Conglomerates,394.04998779296875,True,3773.86,False,True,57.05,56.0,True,,HOLD
LUPIN,Lupin Limited,Healthcare,Drug Manufacturers - Specialty & Generic,2421.199951171875,True,4627.4400000000005,True,True,15.17,19.62,True,22708.0,ADD
GODREJCP,Godrej Consumer Products Limited,Consumer Defensive,Household & Personal Products,1070.4000244140625,False,1814.0300000000002,False,False,-9.38,-17.36,False,14364.0,EXIT
INDIAMART,IndiaMART InterMESH Limited,Communication Services,Internet Content & Information,1799.800048828125,False,410.75,False,False,-14.06,-32.87,False,1388.0,EXIT
HEROMOTOCO,Hero MotoCorp Limited,Consumer Cyclical,Auto Manufacturers,5386.0,False,5741.7300000000005,True,False,23.1,24.03,True,40923.0,HOLD
UNITDSPR,UNITDSPR,Consumer Defensive,Beverages - Wineries & Distilleries,1531.9000244140625,False,1837.0,True,True,22.24,14.04,True,12069.0,HOLD
AMBUJACEM,Ambuja Cements Limited,Basic Materials,Building Materials,432.20001220703125,False,2610.85,False,False,-24.47,-29.46,False,19985.0,EXIT
TATACONSUM,Tata Consumer Products Limited,Consumer Defensive,Packaged Foods,1083.0999755859375,False,1564.8200000000002,True,False,6.63,-1.46,False,17618.0,EXIT
MAXHEALTH,Max Healthcare Institute Limited,Healthcare,Medical Care Facilities,1098.5,False,1442.41,True,True,-18.89,-14.22,False,7028.0,HOLD
BHARATFORG,Bharat Forge Limited,Consumer Cyclical,Auto Parts,2199.800048828125,True,1079.65,False,True,85.0,85.78,True,15682.0,HOLD
INDHOTEL,The Indian Hotels Company Limited,Consumer Cyclical,Lodging,738.5499877929688,False,2157.36,True,True,-3.67,-2.68,False,8335.0,HOLD
VEDL,Vedanta Limited,Basic Materials,Other Industrial Metals & Mining,264.25,False,21066.0,True,False,-35.34,-40.3,False,152968.0,EXIT
INDUSTOWER,Indus Towers Limited,Communication Services,Telecom Services,392.8999938964844,False,7051.400000000001,False,False,19.24,-0.01,False,30123.0,EXIT
MANKIND,Mankind Pharma Limited,Healthcare,Drug Manufacturers - Specialty & Generic,2469.60009765625,False,1969.4799999999998,False,True,-10.8,-6.18,False,12207.0,EXIT
JSWENERGY,JSW Energy Limited,Utilities,Utilities - Independent Power Producers,543.7000122070312,False,2005.6,False,True,12.24,0.89,True,11745.0,HOLD
LGEINDIA,LGEINDIA,Technology,Consumer Electronics,1490.5,False,1770.3999999999999,False,False,,,False,,EXIT
RECLTD,REC Limited,Financial Services,Credit Services,372.95001220703125,False,16085.990000000002,True,True,-7.25,-8.01,False,,HOLD
LAURUSLABS,Laurus Labs Limited,Healthcare,Drug Manufacturers - Specialty & Generic,1816.199951171875,True,1061.42,True,True,101.46,105.34,True,6041.0,ADD
ASHOKLEY,Ashok Leyland Limited,Industrials,Farm & Heavy Construction Machinery,166.17999267578125,False,3471.03,True,False,39.07,34.9,True,48535.0,HOLD
OFSS,Oracle Financial Services Software Limited,Technology,Software - Infrastructure,11186.0,False,3508.7,True,True,32.56,29.61,True,6847.0,HOLD
LENSKART,LENSKART,Healthcare,Medical Instruments & Supplies,561.4000244140625,True,552.0400000000001,False,False,,,False,6653.0,EXIT
MAZDOCK,Mazagon Dock Shipbuilders Limited,Industrials,Aerospace & Defense,2381.800048828125,False,2560.52,False,False,-12.38,-16.43,False,11432.0,EXIT
DRREDDY,Dr. Reddy's Laboratories Limited,Healthcare,Drug Manufacturers - Specialty & Generic,1148.0999755859375,False,3311.3999999999996,False,False,-16.66,-12.0,False,32644.0,EXIT
NYKAA,FSN E-Commerce Ventures Limited,Consumer Cyclical,Internet Retail,333.75,False,199.44,False,True,52.84,53.69,True,7950.0,HOLD
SHREECEM,Shree Cement Limited,Basic Materials,Building Materials,26455.0,False,2009.3700000000003,False,True,-10.87,-15.9,False,20404.0,EXIT
AUROPHARMA,Aurobindo Pharma Limited,Healthcare,Drug Manufacturers - Specialty & Generic,1576.300048828125,True,3559.7700000000004,False,True,29.39,33.74,True,31724.0,HOLD
IDBI,IDBI Bank Limited,Financial Services,Banks - Regional,83.75,False,8107.52,True,False,-11.26,-12.01,False,,EXIT
FEDERALBNK,The Federal Bank Limited,Financial Services,Banks - Regional,354.1499938964844,True,4609.45,True,True,71.76,70.64,True,,ADD
PERSISTENT,Persistent Systems Limited,Technology,Information Technology Services,5514.7001953125,False,1789.41,True,True,7.24,4.44,True,11939.0,HOLD
PAYTM,One97 Communications Limited,Technology,Software - Infrastructure,1343.0,False,752.0,True,True,23.8,20.9,True,9978.0,HOLD
DIXON,Dixon Technologies (India) Limited,Technology,Consumer Electronics,14049.0,False,1169.46,True,True,-16.31,-18.96,False,38860.0,HOLD
MEESHO,MEESHO,Consumer Cyclical,Internet Retail,182.14999389648438,False,1201.22,True,False,,,False,9390.0,EXIT
HINDPETRO,Hindustan Petroleum Corporation Limited,Energy,Oil & Gas Refining & Marketing,389.75,False,26452.260000000002,True,False,-13.84,-9.24,False,440403.0,EXIT
ICICIGI,ICICI Lombard General Insurance Company Limited,Financial Services,Insurance - Diversified,1637.9000244140625,False,2355.57,False,False,-16.37,-17.09,False,,EXIT
BHARTIHEXA,BHARTIHEXA,Communication Services,Telecom Services,1607.5,False,1780.4,False,False,3.66,-15.38,False,,EXIT
NAUKRI,Info Edge (India) Limited,Communication Services,Internet Content & Information,1244.050048828125,False,1449.8200000000002,False,True,5.83,-13.24,False,2850.0,EXIT
HAVELLS,Havells India Limited,Industrials,Electrical Equipment & Parts,1261.699951171875,False,1661.9399999999998,True,False,-15.76,-19.81,False,21778.0,EXIT
NHPC,NHPC Limited,Utilities,Utilities - Renewable,78.7300033569336,False,3597.94,False,False,3.3,-7.81,False,10607.0,EXIT
INDUSINDBK,IndusInd Bank Limited,Financial Services,Banks - Regional,1011.4500122070312,False,2363.27,False,True,24.66,23.75,True,,HOLD
AUBANK,AU Small Finance Bank Limited,Financial Services,Banks - Regional,1047.300048828125,True,2876.34,True,True,39.83,38.86,True,,ADD
LTF,L&T Finance Limited,Financial Services,Credit Services,306.25,False,3148.81,True,True,49.2,48.18,True,,HOLD
SRF,SRF Limited,Industrials,Conglomerates,2604.800048828125,False,2205.87,True,False,-13.94,-17.99,False,14870.0,EXIT
WAAREEENER,WAAREEENER,Technology,Solar,2680.199951171875,False,3718.9799999999996,True,False,-10.12,-12.81,False,14444.0,EXIT
COFORGE,Coforge Limited,Technology,Information Technology Services,1721.0,False,1698.5,True,True,-1.19,-3.94,False,5557.0,HOLD
NTPCGREEN,NTPCGREEN,Utilities,Utilities - Renewable,90.02999877929688,False,668.23,True,False,-5.16,-16.04,False,2210.0,EXIT
NMDC,NMDC Limited,Basic Materials,Steel,85.04000091552734,False,7229.24,False,True,22.88,17.75,True,25965.0,HOLD
DABUR,Dabur India Limited,Consumer Defensive,Household & Personal Products,426.1000061035156,False,2033.3600000000001,True,False,-12.79,-20.75,False,12563.0,EXIT
ICICIPRULI,ICICI Prudential Life Insurance Company Limited,Financial Services,Insurance - Life,515.4000244140625,False,1699.3199999999997,True,False,-17.99,-18.71,False,89683.0,EXIT
SWIGGY,SWIGGY,Consumer Cyclical,Internet Retail,284.8599853515625,False,2656.0,True,False,-32.89,-31.83,False,15227.0,EXIT
OIL,Oil India Limited,Energy,Oil & Gas Integrated,458.6000061035156,False,6619.9400000000005,False,True,-2.44,1.85,False,36084.0,EXIT
NAM-INDIA,Nippon Life India Asset Management Limited,Financial Services,Asset Management,1146.9000244140625,False,1688.44,False,True,37.85,36.88,True,2344.0,HOLD
POLICYBZR,PB Fintech Limited,Financial Services,Insurance Brokers,1593.5,False,704.78,True,False,-14.16,-14.89,False,4977.0,EXIT
IDFCFIRSTB,IDFC First Bank Limited,Financial Services,Banks - Regional,84.68000030517578,False,2410.58,False,True,21.66,20.77,True,,HOLD
JSWINFRA,JSW Infrastructure Limited,Industrials,Marine Shipping,319.04998779296875,False,1508.7,False,True,5.96,1.87,True,4476.0,HOLD
ASTERDM,Aster DM Quality Care Limited,Healthcare,Medical Care Facilities,822.1500244140625,True,357.15999999999997,False,True,29.18,33.53,True,10253.0,HOLD
ATGL,Adani Total Gas Limited,Utilities,Utilities - Regulated Gas,651.4500122070312,False,633.95,False,True,16.93,5.46,True,5000.0,HOLD
BAJAJHFL,BAJAJHFL,Financial Services,Mortgage Finance,86.0199966430664,False,2632.66,False,False,-26.16,-26.84,False,,EXIT
YESBANK,Yes Bank Limited,Financial Services,Banks - Regional,22.770000457763672,False,3919.19,False,True,18.85,17.97,True,,HOLD
FORTIS,Fortis Healthcare Limited,Healthcare,Medical Care Facilities,948.8499755859375,False,1041.78,True,True,5.71,10.21,True,7783.0,HOLD
TORNTPOWER,Torrent Power Limited,Utilities,Utilities - Independent Power Producers,1423.5,False,2416.4300000000003,False,True,15.57,4.13,True,29165.0,HOLD
SAIL,Steel Authority of India Limited,Basic Materials,Steel,169.02999877929688,False,4598.13,False,True,38.89,33.71,True,105378.0,HOLD
PRESTIGE,Prestige Estates Projects Limited,Real Estate,Real Estate - Diversified,1594.800048828125,False,1138.9,False,True,13.22,-4.23,False,8315.0,EXIT
BIOCON,Biocon Limited,Healthcare,Biotechnology,425.3500061035156,False,385.6,False,True,0.13,4.68,True,15262.0,HOLD
ALKEM,Alkem Laboratories Limited,Healthcare,Drug Manufacturers - Specialty & Generic,5816.5,False,2301.8,False,True,7.18,11.68,True,12965.0,HOLD
MCX,Multi Commodity Exchange of India Limited,Financial Services,Financial Data & Stock Exchanges,2692.199951171875,False,1134.08,True,True,73.72,72.6,True,1113.0,HOLD
UNOMINDA,Uno Minda Limited,Consumer Cyclical,Auto Parts,1180.5,False,1197.13,True,True,10.02,10.98,True,16775.0,HOLD
PHOENIXLTD,The Phoenix Mills Limited,Real Estate,Real Estate - Diversified,1887.9000244140625,False,1216.69,False,True,41.14,23.33,True,3972.0,HOLD
OBEROIRLTY,Oberoi Realty Limited,Real Estate,Real Estate - Development,1814.4000244140625,False,2290.68,True,True,25.32,7.72,True,5286.0,HOLD
SUZLON,Suzlon Energy Limited,Industrials,Specialty Industrial Machinery,48.0099983215332,False,2189.17,False,False,-20.41,-24.44,False,20403.0,EXIT
IOB,Indian Overseas Bank,Financial Services,Banks - Regional,33.72999954223633,False,5878.05,True,False,-12.76,-13.5,False,,EXIT
NATIONALUM,National Aluminium Company Limited,Basic Materials,Aluminum,350.04998779296875,False,6141.8,True,True,92.1,86.77,True,16788.0,HOLD
SCHAEFFLER,Schaeffler India Limited,Consumer Cyclical,Auto Parts,4040.10009765625,False,1251.32,True,True,-4.07,-3.07,False,9686.0,HOLD
GODREJPROP,Godrej Properties Limited,Real Estate,Real Estate - Development,2105.699951171875,False,1827.1499999999999,True,True,15.23,-2.25,False,4923.0,HOLD
KALYANKJIL,Kalyan Jewellers India Limited,Consumer Cyclical,Luxury Goods,612.5999755859375,False,1350.3799999999999,True,True,-0.35,0.63,False,25045.0,HOLD
GLENMARK,Glenmark Pharmaceuticals Limited,Healthcare,Drug Manufacturers - Specialty & Generic,2190.300048828125,False,1361.84,True,True,-5.26,-0.68,False,13322.0,HOLD
SBICARD,SBI Cards and Payment Services Limited,Financial Services,Credit Services,660.1500244140625,False,2386.34,False,False,-19.91,-20.62,False,,EXIT
BANKINDIA,Bank of India Limited,Financial Services,Banks - Regional,137.9499969482422,False,11032.19,False,False,22.37,21.47,True,,EXIT
GICRE,General Insurance Corporation of India,Financial Services,Insurance - Reinsurance,356.70001220703125,False,9662.380000000001,False,False,-8.23,-8.99,False,50345.0,EXIT
COROMANDEL,Coromandel International Limited,Basic Materials,Agricultural Inputs,2073.60009765625,False,1531.64,False,False,-20.33,-25.34,False,29628.0,EXIT
MAHABANK,Bank of Maharashtra,Financial Services,Banks - Regional,79.26000213623047,False,7371.5599999999995,True,True,38.8,37.83,True,,HOLD
BERGEPAINT,Berger Paints India Limited,Basic Materials,Specialty Chemicals,521.3499755859375,False,1182.6100000000001,True,True,-6.66,-11.7,False,11545.0,HOLD
JSL,Jindal Stainless Limited,Basic Materials,Steel,737.75,False,3193.45,False,False,11.03,5.94,True,39312.0,EXIT
ABBOTINDIA,Abbott India Limited,Healthcare,Drug Manufacturers - Specialty & Generic,27555.0,False,1552.02,False,True,-28.83,-24.09,False,,EXIT
RADICO,Radico Khaitan Limited,Consumer Defensive,Beverages - Wineries & Distilleries,4366.60009765625,True,694.51,True,True,67.15,58.65,True,4843.0,ADD
RBLBANK,RBL Bank Limited,Financial Services,Banks - Regional,378.04998779296875,False,920.8199999999999,False,True,43.04,42.05,True,,HOLD
APARINDS,APAR Industries Limited,Industrials,Electrical Equipment & Parts,14348.0,False,1192.73,True,True,62.92,58.7,True,18581.0,HOLD
LINDEINDIA,Linde India Limited,Basic Materials,Specialty Chemicals,6637.0,False,496.37,False,True,2.98,-2.09,False,3136.0,EXIT
HDBFS,HDBFS,Financial Services,Credit Services,686.3499755859375,False,2179.7000000000003,False,False,-11.16,-11.9,False,,EXIT
COLPAL,Colgate-Palmolive (India) Limited,Consumer Defensive,Household & Personal Products,2084.800048828125,False,1340.88,True,False,-1.15,-9.19,False,1960.0,EXIT
MRF,MRF Limited,Consumer Cyclical,Auto Parts,134860.0,False,2420.1899999999996,False,False,-13.5,-12.49,False,28152.0,EXIT
M&MFIN,Mahindra & Mahindra Financial Services Limited,Financial Services,Credit Services,392.54998779296875,True,3216.08,True,True,51.0,49.98,True,,ADD
FACT,The Fertilisers and Chemicals Travancore Limited,Basic Materials,Agricultural Inputs,815.4500122070312,False,146.06,False,False,-12.68,-17.7,False,6198.0,EXIT
TIINDIA,Tube Investments of India Limited,Industrials,Conglomerates,2753.0,False,496.71000000000004,False,False,-1.39,-5.47,False,19465.0,EXIT
MFSL,Max Financial Services Limited,Financial Services,Insurance - Life,1510.800048828125,False,136.67000000000002,False,False,-1.42,-2.21,False,46576.0,EXIT
SUNDARMFIN,Sundaram Finance Limited,Financial Services,Credit Services,4490.89990234375,False,2123.7200000000003,True,False,-6.95,-7.72,False,,EXIT
MOTILALOFS,Motilal Oswal Financial Services Limited,Financial Services,Capital Markets,851.9500122070312,False,3222.4199999999996,True,False,-8.11,-8.86,False,8340.0,EXIT
UPL,UPL Limited,Basic Materials,Agricultural Inputs,604.2999877929688,False,2441.0,False,False,-11.49,-16.52,False,53576.0,EXIT
APLAPOLLO,APL Apollo Tubes Limited,Basic Materials,Steel,1819.5,False,1194.67,True,False,16.36,11.25,True,20690.0,HOLD
VMM,VMM,Consumer Cyclical,Department Stores,107.0999984741211,False,891.9199999999998,True,False,-26.68,-25.63,False,10716.0,EXIT
TATACOMM,Tata Communications Limited,Communication Services,Telecom Services,1756.4000244140625,False,952.74,False,True,18.7,-0.54,False,23109.0,EXIT
ATHERENERG,Ather Energy Limited,Consumer Cyclical,Auto Manufacturers,1260.300048828125,True,517.1299999999999,False,True,256.98,257.34,True,,HOLD
THERMAX,Thermax Limited,Industrials,Conglomerates,4306.0,False,593.36,False,True,11.0,6.9,True,10389.0,HOLD
FLUOROCHEM,Gujarat Fluorochemicals Limited,Basic Materials,Specialty Chemicals,4395.0,False,578.0,False,True,25.01,19.87,True,5685.0,HOLD
SONACOMS,Sona BLW Precision Forgings Limited,Consumer Cyclical,Auto Parts,769.4000244140625,True,647.88,False,True,67.95,68.77,True,3226.0,HOLD
BALKRISIND,Balkrishna Industries Limited,Consumer Cyclical,Auto Parts,2473.5,False,1420.68,False,True,-10.96,-9.96,False,10447.0,EXIT
KEI,KEI Industries Limited,Industrials,Electrical Equipment & Parts,4999.0,False,941.47,True,True,31.81,27.66,True,9736.0,HOLD
HINDCOPPER,Hindustan Copper Limited,Basic Materials,Copper,491.6000061035156,False,918.54,True,True,104.99,99.63,True,2071.0,HOLD
RVNL,Rail Vikas Nigam Limited,Industrials,Engineering & Construction,225.47999572753906,False,874.7199999999999,False,False,-33.61,-37.62,False,21879.0,EXIT
PIRAMALFIN,Piramal Finance Limited,Financial Services,Credit Services,2028.699951171875,False,1636.6,False,False,,,False,12882.0,EXIT
360ONE,360 One Wam Limited,Financial Services,Asset Management,1142.9000244140625,False,1231.22,True,True,6.24,5.42,True,3684.0,HOLD
PREMIERENE,PREMIERENE,Technology,Solar,982.7000122070312,False,1434.12,True,True,-7.85,-10.56,False,6519.0,HOLD
BDL,Bharat Dynamics Limited,Industrials,Aerospace & Defense,1253.0999755859375,False,420.33000000000004,False,False,-20.95,-24.98,False,,EXIT
AIIL,Authum Investment & Infrastructure Limited,Financial Services,Capital Markets,545.9000244140625,False,2098.14,False,True,-5.46,-6.23,False,,EXIT
ANTHEM,ANTHEM,Healthcare,Biotechnology,784.4000244140625,False,575.95,False,True,-5.18,-0.6,False,1845.0,EXIT
PAGEIND,Page Industries Limited,Consumer Cyclical,Apparel Manufacturing,41085.0,False,763.8299999999999,False,True,-18.37,-17.35,False,,EXIT
GLAXO,GlaxoSmithKline Pharmaceuticals Limited,Healthcare,Drug Manufacturers - General,2655.39990234375,False,1041.3600000000001,False,True,-23.12,-18.42,False,3749.0,EXIT
AEGISLOG,AEGISLOG,Energy,Oil & Gas Refining & Marketing,1280.800048828125,False,898.1500000000001,True,True,73.4,75.58,True,8627.0,HOLD
MPHASIS,Mphasis Limited,Technology,Information Technology Services,2346.699951171875,False,1883.03,True,False,-16.11,-18.77,False,14230.0,EXIT
GODREJIND,Godrej Industries Limited,Industrials,Conglomerates,1309.4000244140625,False,1240.52,True,True,16.78,12.66,True,19657.0,HOLD
IPCALAB,Ipca Laboratories Limited,Healthcare,Drug Manufacturers - Specialty & Generic,1758.800048828125,False,1141.12,True,True,8.12,12.61,True,8897.0,HOLD
SUPREMEIND,The Supreme Industries Limited,Industrials,Building Products & Equipment,3459.89990234375,False,1069.96,False,False,-17.48,-21.53,False,10446.0,EXIT
VOLTAS,Voltas Limited,Consumer Cyclical,"Furnishings, Fixtures & Appliances",1328.9000244140625,False,375.88,False,False,-3.28,-2.29,False,15413.0,EXIT
WELCORP,Welspun Corp Limited,Basic Materials,Steel,1650.5999755859375,True,2219.8599999999997,True,True,80.22,74.93,True,17340.0,ADD
AJANTPHARM,Ajanta Pharma Limited,Healthcare,Drug Manufacturers - Specialty & Generic,3465.199951171875,True,1130.03,True,True,19.14,23.56,True,4648.0,ADD
AIAENG,AIA Engineering Limited,Industrials,Specialty Industrial Machinery,4563.5,False,1270.15,True,True,44.62,40.44,True,4909.0,HOLD
PETRONET,Petronet LNG Limited,Energy,Oil & Gas Refining & Marketing,280.75,False,3912.5299999999997,False,True,-9.44,-4.97,False,59899.0,EXIT
JKCEMENT,J.K. Cement Limited,Basic Materials,Building Materials,5444.0,False,1109.43,True,False,-15.61,-20.63,False,11879.0,EXIT
PIIND,PI Industries Limited,Basic Materials,Agricultural Inputs,2751.199951171875,False,1320.8,False,False,-32.69,-37.66,False,7978.0,EXIT
NLCINDIA,NLC India Limited,Utilities,Utilities - Regulated Electric,291.8999938964844,False,3339.04,True,True,29.14,17.33,True,16165.0,HOLD
GLAND,Gland Pharma Limited,Healthcare,Drug Manufacturers - Specialty & Generic,2517.0,False,1030.18,False,True,15.32,19.76,True,5665.0,HOLD
NH,Narayana Hrudayalaya Limited,Healthcare,Medical Care Facilities,2080.300048828125,False,805.6,False,True,0.43,4.97,True,3590.0,HOLD
POONAWALLA,Poonawalla Fincorp Limited,Financial Services,Credit Services,463.54998779296875,False,775.32,False,True,8.23,7.4,True,,HOLD
CONCOR,Container Corporation of India Limited,Industrials,Railroads,525.1500244140625,False,1242.0,False,True,-8.57,-12.64,False,8887.0,EXIT
CPPLUS,CPPLUS,Industrials,Building Products & Equipment,3259.800048828125,False,390.04,False,True,,,False,3112.0,EXIT
IRCTC,Indian Railway Catering & Tourism Corporation Limited,Consumer Cyclical,Travel Services,493.1499938964844,False,1393.45,True,False,-36.46,-35.39,False,4675.0,EXIT
HUDCO,Housing and Urban Development Corporation Limited,Financial Services,Credit Services,197.11000061035156,False,4255.25,False,False,-10.98,-11.73,False,,EXIT
3MINDIA,3M India Limited,Industrials,Conglomerates,34940.0,False,526.45,False,True,14.61,10.49,True,4189.0,HOLD
ASTRAL,Astral Limited,Industrials,Building Products & Equipment,1471.9000244140625,False,581.0999999999999,True,False,4.59,0.5,True,5832.0,HOLD
NAVINFLUOR,Navin Fluorine International Limited,Basic Materials,Chemicals,7386.5,False,610.14,True,True,45.14,39.95,True,1687.0,HOLD
ENDURANCE,Endurance Technologies Limited,Consumer Cyclical,Auto Parts,2758.300048828125,False,951.71,True,True,4.75,5.71,True,8846.0,HOLD
PATANJALI,Patanjali Foods Limited,Consumer Defensive,Packaged Foods,356.3500061035156,False,1656.3000000000002,True,False,-38.32,-46.11,False,34157.0,EXIT
EXIDEIND,Exide Industries Limited,Consumer Cyclical,Auto Parts,452.70001220703125,False,931.6700000000001,False,True,12.43,13.38,True,17238.0,HOLD
HSCL,Himadri Speciality Chemical Limited,Basic Materials,Specialty Chemicals,750.6500244140625,False,804.2,True,True,61.54,56.3,True,4613.0,HOLD
MEDANTA,Global Health Limited,Healthcare,Medical Care Facilities,1416.4000244140625,True,556.1800000000001,False,True,1.51,6.05,True,3692.0,HOLD
LTTS,L&T Technology Services Limited,Technology,Information Technology Services,3559.10009765625,False,1307.0,True,False,-17.15,-19.8,False,10670.0,EXIT
UBL,United Breweries Limited,Consumer Defensive,Beverages - Brewers,1436.0999755859375,False,464.21999999999997,False,False,-20.88,-28.79,False,8915.0,EXIT
COCHINSHIP,Cochin Shipyard Limited,Industrials,Aerospace & Defense,1423.0,False,716.51,False,False,-17.98,-22.02,False,4820.0,EXIT
EMCURE,EMCURE,Healthcare,Drug Manufacturers - Specialty & Generic,1910.9000244140625,True,924.3499999999999,True,True,27.1,31.46,True,7896.0,ADD
DELHIVERY,Delhivery Limited,Industrials,Integrated Freight & Logistics,481.95001220703125,False,275.6,True,True,15.07,10.95,True,8932.0,HOLD
KPRMILL,K.P.R. Mill Limited,Consumer Cyclical,Textile Manufacturing,1033.300048828125,False,853.02,True,True,-15.71,-14.69,False,6388.0,HOLD
PWL,Physicswallah Limited,Consumer Defensive,Education & Training Services,125.22000122070312,False,588.95,False,False,,,False,2887.0,EXIT
STARHEALTH,Star Health and Allied Insurance Company Limited,Financial Services,Insurance - Life,601.0,False,1227.47,False,True,33.73,32.78,True,,HOLD
MANAPPURAM,Manappuram Finance Limited,Financial Services,Credit Services,368.3500061035156,True,974.5699999999999,False,True,42.18,41.2,True,,HOLD
BLUESTARCO,Blue Star Limited,Industrials,Building Products & Equipment,1681.199951171875,False,622.31,True,False,-1.58,-5.66,False,11968.0,EXIT
ANANDRATHI,Anand Rathi Wealth Limited,Financial Services,Asset Management,2039.300048828125,False,365.66999999999996,False,True,51.32,50.29,True,1107.0,HOLD
TATAINVEST,Tata Investment Corporation Limited,Financial Services,Asset Management,679.4500122070312,False,323.24,False,False,-1.69,-2.48,False,385.0,EXIT
HEXT,Hexaware Technologies Limited,Technology,Information Technology Services,561.6500244140625,False,1353.3,False,False,-19.97,-22.6,False,13430.0,EXIT
ESCORTS,Escorts Kubota Limited,Industrials,Farm & Heavy Construction Machinery,3086.0,False,2394.35,True,False,-6.45,-10.51,False,10244.0,EXIT
ITCHOTELS,ITCHOTELS,Consumer Cyclical,Resorts & Casinos,162.3699951171875,False,731.27,True,False,-32.98,-31.92,False,3560.0,EXIT
DALBHARAT,Dalmia Bharat Limited,Basic Materials,Building Materials,1794.199951171875,False,697.0,False,False,-17.25,-22.27,False,14691.0,EXIT
HONAUT,Honeywell Automation India Limited,Industrials,Electrical Equipment & Parts,39505.0,False,556.1999999999999,False,True,3.91,-0.18,False,,EXIT
IREDA,Indian Renewable Energy Development Agency Limited,Financial Services,Credit Services,119.58999633789062,False,1826.22,False,False,-20.54,-21.24,False,,EXIT
GODFRYPHLP,Godfrey Phillips India Limited,Consumer Defensive,Tobacco,2133.39990234375,False,1419.4199999999998,True,False,-24.25,-32.13,False,5611.0,EXIT
KARURVYSYA,The Karur Vysya Bank Limited,Financial Services,Banks - Regional,342.45001220703125,True,2692.0699999999997,False,True,54.55,53.51,True,,HOLD
NUVAMA,Nuvama Wealth Management Limited,Financial Services,Asset Management,1793.4000244140625,False,828.74,False,True,19.47,18.59,True,4162.0,HOLD
UCOBANK,UCO Bank,Financial Services,Banks - Regional,25.81999969482422,False,2816.74,False,False,-16.02,-16.74,False,,EXIT
SCHNEIDER,Schneider Electric Infrastructure Limited,Industrials,Electrical Equipment & Parts,1298.4000244140625,False,212.56,False,True,37.72,33.56,True,,HOLD
KIMS,Krishna Institute of Medical Sciences Limited,Healthcare,Medical Care Facilities,807.0,False,241.4,False,True,0.61,5.15,True,3035.0,HOLD
AEGISVOPAK,AEGISVOPAK,Energy,Oil & Gas Equipment & Services,290.1600036621094,True,231.81,False,True,14.84,18.64,True,621.0,HOLD
CRISIL,CRISIL Limited,Financial Services,Financial Data & Stock Exchanges,4406.7998046875,False,862.79,True,True,-17.24,-17.96,False,3649.0,HOLD
KIRLOSENG,Kirloskar Oil Engines Limited,Industrials,Specialty Industrial Machinery,2189.800048828125,False,574.32,True,True,144.21,139.8,True,6349.0,HOLD
WOCKPHARMA,Wockhardt Limited,Healthcare,Drug Manufacturers - Specialty & Generic,1959.699951171875,False,340.0,False,True,10.67,15.14,True,4830.0,HOLD
LALPATHLAB,Dr. Lal PathLabs Limited,Healthcare,Diagnostics & Research,1878.800048828125,False,391.3,False,True,14.42,18.87,True,2461.0,HOLD
IKS,IKS,Healthcare,Health Information Services,1782.300048828125,False,688.6400000000001,False,True,6.01,10.52,True,973.0,HOLD
CUPID,Cupid Limited,Consumer Defensive,Household & Personal Products,228.94000244140625,True,108.23,True,True,671.4,658.87,True,183.0,ADD
TATATECH,Tata Technologies Limited,Technology,Information Technology Services,747.6500244140625,False,561.8399999999999,False,True,6.88,4.08,True,5168.0,HOLD
GRSE,Garden Reach Shipbuilders & Engineers Limited,Industrials,Aerospace & Defense,2601.199951171875,False,535.2,False,True,1.29,-2.79,False,,EXIT
MRPL,Mangalore Refinery and Petrochemicals Limited,Energy,Oil & Gas Refining & Marketing,169.94000244140625,False,2784.1899999999996,False,True,28.96,32.37,True,109026.0,HOLD
TVSHLTD,TVS Holdings Limited,Consumer Cyclical,Auto Parts,14987.0,True,1863.0700000000002,True,True,25.57,26.49,True,44993.0,ADD
HFCL,HFCL Limited,Technology,Communication Equipment,184.69000244140625,False,536.96,False,True,141.1,137.48,True,4743.0,HOLD
RRKABEL,R R Kabel Limited,Industrials,Electrical Equipment & Parts,2562.199951171875,True,581.1,False,True,82.91,78.64,True,7618.0,HOLD
ABSLAMC,Aditya Birla Sun Life AMC Limited,Financial Services,Asset Management,1008.7999877929688,False,1043.23,False,True,13.09,12.24,True,1955.0,HOLD
JUBLFOOD,Jubilant FoodWorks Limited,Consumer Cyclical,Restaurants,438.25,False,428.48,False,False,-36.59,-35.52,False,6105.0,EXIT
CHOLAHLDNG,Cholamandalam Financial Holdings Limited,Financial Services,Credit Services,1503.4000244140625,False,2441.29,True,False,-22.9,-23.6,False,,EXIT
LICHSGFIN,LIC Housing Finance Limited,Financial Services,Mortgage Finance,523.0999755859375,False,5753.3,True,False,-12.38,-13.12,False,,EXIT
SHYAMMETL,Shyam Metalics and Energy Limited,Basic Materials,Steel,1031.300048828125,True,1123.1599999999999,False,True,7.23,2.15,True,15138.0,HOLD
STLTECH,Sterlite Technologies Limited,Technology,Communication Equipment,557.0499877929688,False,283.0,False,True,367.2,362.18,True,6925.0,HOLD
NIACL,The New India Assurance Company Limited,Financial Services,Insurance - Diversified,173.6199951171875,False,1254.58,False,True,-14.75,-15.48,False,43354.0,EXIT
METROBRAND,Metro Brands Limited,Consumer Cyclical,Apparel Retail,1029.699951171875,False,438.26,False,False,-19.21,-18.19,False,2450.0,EXIT
BANDHANBNK,Bandhan Bank Limited,Financial Services,Banks - Regional,174.1300048828125,False,1613.36,False,True,2.02,1.22,True,,HOLD
CENTRALBK,Central Bank of India,Financial Services,Banks - Regional,30.969999313354492,False,4615.120000000001,True,False,-16.6,-17.32,False,,EXIT
SAILIFE,SAILIFE,Healthcare,Diagnostics & Research,1315.199951171875,True,353.34999999999997,True,True,48.8,53.02,True,1642.0,ADD
PGHH,Procter & Gamble Hygiene and Health Care Limited,Consumer Defensive,Household & Personal Products,8477.0,False,790.7199999999999,False,False,-33.15,-40.98,False,,EXIT
CDSL,Central Depository Services (India) Limited,Financial Services,Capital Markets,1333.0,False,416.23,False,False,-11.62,-12.36,False,1082.0,EXIT
ZFCVINDIA,ZF Commercial Vehicle Control Systems India Limited,Consumer Cyclical,Auto Parts,2417.89990234375,False,390.97,False,True,6.67,7.64,True,3831.0,HOLD
PNBHOUSING,PNB Housing Finance Limited,Financial Services,Mortgage Finance,1033.0999755859375,False,2260.03,True,True,3.12,2.31,True,,HOLD
ANGELONE,Angel One Limited,Financial Services,Capital Markets,297.95001220703125,False,820.3,False,True,13.03,12.17,True,5239.0,HOLD
APOLLOTYRE,Apollo Tyres Limited,Consumer Cyclical,Auto Parts,423.20001220703125,False,1372.42,False,False,-11.4,-10.39,False,26123.0,EXIT
SJVN,SJVN Limited,Utilities,Utilities - Renewable,68.62000274658203,False,877.85,False,False,-18.57,-29.09,False,3072.0,EXIT
MSUMI,Motherson Sumi Wiring India Limited,Consumer Cyclical,Auto Parts,41.04999923706055,False,624.77,False,False,5.33,6.3,True,9319.0,EXIT
ITI,ITI Limited,Technology,Communication Equipment,273.45001220703125,False,518.4399999999999,False,False,-6.64,-9.36,False,3616.0,EXIT
PTCIL,PTC Industries Limited,Industrials,Metal Fabrication,17795.0,False,101.55999999999999,True,True,22.35,18.21,True,308.0,HOLD
SYRMA,Syrma SGS Technology Limited,Technology,Electronic Components,1366.800048828125,False,368.11,False,True,81.67,78.41,True,3787.0,HOLD
AMBER,Amber Enterprises India Limited,Consumer Cyclical,"Furnishings, Fixtures & Appliances",7401.0,False,381.06,True,True,-11.34,-10.34,False,6744.0,HOLD
PPLPHARMA,Piramal Pharma Limited,Healthcare,Drug Manufacturers - Specialty & Generic,195.61000061035156,False,296.1,True,True,-7.7,-3.1,False,9151.0,HOLD
IIFL,IIFL Finance Limited,Financial Services,Credit Services,608.6500244140625,False,1959.56,True,True,25.87,24.96,True,,HOLD
CRAFTSMAN,Craftsman Automation Limited,Consumer Cyclical,Auto Parts,10047.0,True,464.94000000000005,False,True,43.12,44.0,True,5690.0,HOLD
NETWEB,Netweb Technologies India Limited,Technology,Computer Hardware,4524.0,False,229.22,False,True,123.83,120.31,True,,HOLD
GUJENERGY,Gujarat Energy Limited,Utilities,Utilities - Regulated Gas,274.5,False,1225.5299999999997,False,False,-29.85,-40.07,False,,EXIT
ACMESOLAR,ACME Solar Holdings Limited,Utilities,Utilities - Renewable,360.70001220703125,False,619.1899999999999,False,True,39.02,26.94,True,1777.0,HOLD
NBCC,NBCC (India) Limited,Industrials,Engineering & Construction,94.80000305175781,False,720.04,True,False,-10.69,-14.75,False,12039.0,EXIT
GABRIEL,Gabriel India Limited,Consumer Cyclical,Auto Parts,1392.0,False,297.65999999999997,False,True,29.3,30.21,True,4063.0,HOLD
CREDITACC,CreditAccess Grameen Limited,Financial Services,Credit Services,1614.0,True,1145.22,False,True,28.72,27.8,True,,HOLD
KAYNES,Kaynes Technology India Limited,Technology,Electronic Components,3804.60009765625,False,358.67,True,False,-38.22,-40.74,False,2722.0,EXIT
ACC,ACC Limited,Basic Materials,Building Materials,1356.5,False,1164.46,False,False,-22.49,-27.49,False,22210.0,EXIT
SUMICHEM,Sumitomo Chemical India Limited,Basic Materials,Agricultural Inputs,508.3999938964844,False,580.03,True,True,-19.43,-24.44,False,3511.0,HOLD
ACUTAAS,Acutaas Chemicals Limited,Basic Materials,Specialty Chemicals,3104.89990234375,False,214.73,False,True,136.98,131.53,True,990.0,HOLD
REDINGTON,Redington Limited,Technology,Information Technology Services,321.6499938964844,True,1588.37,False,True,29.11,26.18,True,99334.0,HOLD
GILLETTE,Gillette India Limited,Consumer Defensive,Household & Personal Products,7624.0,False,430.34000000000003,False,False,-24.12,-32.0,False,,EXIT
RUBICON,RUBICON,Healthcare,Drug Manufacturers - General,1500.199951171875,True,223.89,False,False,,,False,1284.0,EXIT
AWL,AWL Agri Business Limited,Consumer Defensive,Packaged Foods,189.44000244140625,False,1147.61,False,False,-22.23,-30.13,False,63672.0,EXIT
NEULANDLAB,Neuland Laboratories Limited,Healthcare,Drug Manufacturers - Specialty & Generic,19202.0,True,363.98999999999995,True,True,31.28,35.62,True,1559.0,ADD
IRB,IRB Infrastructure Developers Limited,Industrials,Infrastructure Operations,20.0,False,954.1399999999999,False,False,-9.57,-13.63,False,7613.0,EXIT
DATAPATTNS,Data Patterns (India) Limited,Industrials,Aerospace & Defense,4281.0,False,267.93,False,True,63.95,59.72,True,,HOLD
TIMKEN,Timken India Limited,Industrials,Tools & Accessories,3097.60009765625,False,507.39000000000004,True,False,-6.97,-11.03,False,3194.0,EXIT
FORCEMOT,Force Motors Limited,Consumer Cyclical,Auto Manufacturers,17902.0,False,1251.8600000000001,True,False,2.3,3.27,True,8072.0,HOLD
GODIGIT,GODIGIT,Financial Services,Insurance - Property & Casualty,254.9499969482422,False,514.23,False,False,-33.03,-33.68,False,,EXIT
CEMPRO,Cemindia Projects Limited,Industrials,Engineering & Construction,1358.699951171875,False,631.12,True,True,74.84,70.59,True,9097.0,HOLD
GRINDWELL,Grindwell Norton Limited,Industrials,Building Products & Equipment,2101.800048828125,False,423.87,True,True,35.88,31.71,True,2737.0,HOLD
BELRISE,BELRISE,Consumer Cyclical,Auto Parts,236.72999572753906,True,496.84999999999997,False,True,68.18,69.0,True,8291.0,HOLD
TATAELXSI,Tata Elxsi Limited,Technology,Software - Application,3672.89990234375,False,644.21,True,False,-39.6,-42.11,False,849.0,EXIT
DEEPAKNTR,Deepak Nitrite Limited,Basic Materials,Chemicals,1643.9000244140625,False,550.44,False,True,-10.3,-15.34,False,8282.0,EXIT
ANANTRAJ,Anant Raj Limited,Real Estate,Real Estate - Development,624.5,False,554.85,True,True,25.84,8.23,True,2060.0,HOLD
CGCL,Capri Global Capital Limited,Financial Services,Credit Services,232.3800048828125,False,1066.5400000000002,True,True,23.26,22.36,True,,HOLD
ASAHIINDIA,Asahi India Glass Limited,Consumer Cyclical,Auto Parts,869.2999877929688,False,380.55999999999995,False,False,-0.99,-0.0,False,4594.0,EXIT
AFFLE,Affle 3i Limited,Communication Services,Advertising Agencies,1586.0,False,447.39,True,True,-2.42,-21.38,False,2266.0,HOLD
PFOCUS,Prime Focus Limited,Communication Services,Entertainment,290.260009765625,False,218.75,False,True,111.92,91.44,True,4644.0,HOLD
KIOCL,KIOCL Limited,Basic Materials,Steel,356.20001220703125,False,126.47,False,False,11.53,6.43,True,3006.0,EXIT
PFIZER,Pfizer Limited,Healthcare,Drug Manufacturers - General,4801.2998046875,False,735.15,True,False,-15.76,-11.11,False,678.0,EXIT
KPIL,Kalpataru Projects International Limited,Industrials,Engineering & Construction,1282.699951171875,False,1025.41,True,True,15.87,11.75,True,22316.0,HOLD
EMMVEE,EMMVEE,Technology,Solar,317.6000061035156,False,1274.17,False,False,,,False,2336.0,EXIT
CESC,CESC Limited,Utilities,Utilities - Regulated Electric,165.57000732421875,False,1485.0,True,False,6.49,-4.71,False,9584.0,EXIT
AADHARHFC,AADHARHFC,Financial Services,Mortgage Finance,490.75,False,1095.88,False,True,-4.92,-5.69,False,,EXIT
RAMCOCEM,The Ramco Cements Limited,Basic Materials,Building Materials,915.0,False,648.7199999999999,False,False,-21.22,-26.22,False,9376.0,EXIT
IGL,Indraprastha Gas Limited,Utilities,Utilities - Regulated Gas,151.97999572753906,False,1549.6299999999999,False,False,-17.72,-28.26,False,14928.0,EXIT
SANSERA,Sansera Engineering Limited,Consumer Cyclical,Auto Parts,3346.89990234375,True,324.09000000000003,True,True,147.66,148.28,True,3017.0,ADD
FSL,Firstsource Solutions Limited,Technology,Information Technology Services,302.1199951171875,False,655.5799999999999,True,True,-11.28,-13.96,False,7980.0,HOLD
IFCI,IFCI Limited,Financial Services,Credit Services,76.54000091552734,False,211.35000000000002,False,True,32.46,31.52,True,,HOLD
SUNDRMFAST,Sundram Fasteners Limited,Consumer Cyclical,Auto Parts,966.1500244140625,False,564.75,True,True,-7.23,-6.23,False,5955.0,HOLD
CUB,City Union Bank Limited,Financial Services,Banks - Regional,206.5,False,1074.29,False,True,27.03,26.11,True,,HOLD
EIHOTEL,EIH Limited,Consumer Cyclical,Lodging,332.04998779296875,False,628.28,False,False,-16.0,-14.98,False,2743.0,EXIT
GRANULES,Granules India Limited,Healthcare,Drug Manufacturers - Specialty & Generic,833.9500122070312,False,662.35,True,True,62.94,67.07,True,4512.0,HOLD
AETHER,Aether Industries Limited,Basic Materials,Specialty Chemicals,1490.800048828125,True,235.20000000000002,True,True,97.03,91.7,True,839.0,ADD
SAGILITY,Sagility Limited,Healthcare,Health Information Services,43.400001525878906,False,890.76,True,False,-13.93,-9.29,False,5570.0,EXIT
CARBORUNIV,Carborundum Universal Limited,Industrials,Conglomerates,1063.800048828125,False,184.54000000000002,False,True,16.05,11.93,True,2828.0,HOLD
ASTRAZEN,AstraZeneca Pharma India Limited,Healthcare,Drug Manufacturers - Specialty & Generic,8094.5,False,187.51999999999998,False,False,-20.4,-15.72,False,,EXIT
SUNTV,Sun TV Network Limited,Communication Services,Broadcasting,511.5,False,1439.5100000000002,False,False,6.78,-12.31,False,4282.0,EXIT
HBLENGINE,HBLENGINE,Industrials,Electrical Equipment & Parts,718.7000122070312,False,814.89,True,False,24.15,20.01,True,2209.0,HOLD
ATUL,Atul Ltd,Basic Materials,Specialty Chemicals,6736.5,False,743.96,True,True,4.32,-0.76,False,5075.0,HOLD
CAMS,Computer Age Management Services Limited,Technology,Information Technology Services,796.1500244140625,False,361.06000000000006,False,True,6.94,4.15,True,1334.0,HOLD
HATSUN,Hatsun Agro Product Limited,Consumer Defensive,Packaged Foods,879.5499877929688,False,380.34999999999997,True,False,2.69,-5.38,False,8700.0,EXIT
DEEPAKFERT,Deepak Fertilisers And Petrochemicals Corporation Limited,Basic Materials,Chemicals,1532.4000244140625,False,1014.09,True,True,0.63,-4.43,False,4243.0,HOLD
SHRIPISTON,SPR Auto Technologies Limited,Consumer Cyclical,Auto Parts,4339.5,True,559.5,True,True,74.24,75.04,True,3550.0,ADD
GESHIP,The Great Eastern Shipping Company Limited,Industrials,Marine Shipping,1371.300048828125,False,2942.52,True,True,46.61,42.42,True,4835.0,HOLD
CAPLIPOINT,Caplin Point Laboratories Limited,Healthcare,Drug Manufacturers - Specialty & Generic,2516.800048828125,False,629.36,True,True,14.97,19.41,True,1937.0,HOLD
TRITURBINE,Triveni Turbine Limited,Industrials,Specialty Industrial Machinery,607.5,False,349.7,False,True,1.34,-2.74,False,2006.0,EXIT
BAYERCROP,Bayer CropScience Limited,Basic Materials,Agricultural Inputs,4226.5,False,689.2,True,False,-30.69,-35.66,False,727.0,EXIT
BRIGADE,Brigade Enterprises Limited,Real Estate,Real Estate - Development,565.0999755859375,False,481.89,False,False,-8.89,-26.06,False,5074.0,EXIT
URBANCO,Urban Company Limited,Technology,Software - Application,129.38999938964844,False,192.2,False,False,,,False,1144.0,EXIT
KAJARIACER,Kajaria Ceramics Limited,Industrials,Building Products & Equipment,1192.0,False,394.96999999999997,False,True,3.68,-0.41,False,4635.0,EXIT
ERIS,Eris Lifesciences Limited,Healthcare,Drug Manufacturers - Specialty & Generic,1375.199951171875,False,643.9100000000001,False,False,-31.43,-26.68,False,2894.0,EXIT
CHENNPETRO,Chennai Petroleum Corporation Limited,Energy,Oil & Gas Refining & Marketing,1260.5999755859375,True,3494.89,False,True,80.3,82.28,True,76271.0,HOLD
SAMMAANCAP,Sammaan Capital Limited,Financial Services,Mortgage Finance,162.42999267578125,False,9073.83,True,True,26.55,25.64,True,,HOLD
ONESOURCE,ONESOURCE,Healthcare,Biotechnology,1688.300048828125,False,128.78,True,True,-21.54,-16.85,False,1445.0,HOLD
JYOTICNC,Jyoti CNC Automation Limited,Industrials,Specialty Industrial Machinery,812.75,False,336.0,True,False,-20.64,-24.67,False,1818.0,EXIT
ZYDUSWELL,Zydus Wellness Limited,Consumer Defensive,Packaged Foods,566.0,False,501.70000000000005,True,True,43.69,35.35,True,2709.0,HOLD
CHOICEIN,Choice International Limited,Financial Services,Capital Markets,798.7000122070312,False,225.57000000000002,True,True,5.77,4.95,True,921.0,HOLD
CASTROLIND,Castrol India Limited,Energy,Oil & Gas Refining & Marketing,184.82000732421875,False,964.3100000000001,False,False,-23.34,-18.48,False,,EXIT
SARDAEN,Sarda Energy & Minerals Limited,Basic Materials,Steel,511.79998779296875,False,1105.9,True,False,17.25,12.14,True,4643.0,HOLD
ELGIEQUIP,Elgi Equipments Limited,Industrials,Specialty Industrial Machinery,569.1500244140625,False,430.20000000000005,True,True,2.02,-2.06,False,3510.0,HOLD
GMDCLTD,Gujarat Mineral Development Corporation Limited,Energy,Thermal Coal,564.25,False,956.67,False,False,37.73,40.9,True,3498.0,EXIT
JSWCEMENT,JSWCEMENT,Basic Materials,Building Materials,131.2899932861328,False,634.0699999999999,True,True,,,False,6002.0,HOLD
CHALET,Chalet Hotels Limited,Consumer Cyclical,Lodging,805.0,False,576.38,True,False,-13.46,-12.45,False,1718.0,EXIT
CENTURYPLY,Century Plyboards (India) Limited,Basic Materials,Lumber & Wood Production,799.5,False,262.71,False,True,12.01,6.91,True,4528.0,HOLD
AARTIIND,Aarti Industries Limited,Basic Materials,Specialty Chemicals,489.1000061035156,False,468.0,False,True,19.17,14.06,True,7271.0,HOLD
ASTRAMICRO,Astra Microwave Products Limited,Technology,Communication Equipment,1861.5999755859375,True,192.96000000000004,True,True,94.96,91.62,True,1044.0,ADD
TDPOWERSYS,TD Power Systems Limited,Industrials,Specialty Industrial Machinery,1057.199951171875,False,231.6,True,True,106.75,102.42,True,1279.0,HOLD
MTARTECH,MTAR Technologies Limited,Industrials,Specialty Industrial Machinery,5453.5,False,140.01,True,True,269.14,264.44,True,676.0,HOLD
CHAMBLFERT,Chambal Fertilisers and Chemicals Limited,Basic Materials,Agricultural Inputs,445.8500061035156,False,1828.24,True,False,-14.52,-19.54,False,27773.0,EXIT
PGEL,PG Electroplast Limited,Technology,Electronic Components,613.3499755859375,False,196.56,False,True,-24.21,-26.81,False,4870.0,EXIT
EMAMILTD,Emami Limited,Consumer Defensive,Household & Personal Products,403.3500061035156,False,775.27,False,False,-23.14,-31.03,False,3809.0,EXIT
ABDL,ABDL,Consumer Defensive,Beverages - Wineries & Distilleries,619.5,False,213.23000000000002,True,True,26.12,17.9,True,3520.0,HOLD
INOXINDIA,INOX India Limited,Industrials,Specialty Industrial Machinery,1908.0,False,262.57,False,True,64.84,60.61,True,1296.0,HOLD
POLYMED,Poly Medicure Limited,Healthcare,Medical Instruments & Supplies,1667.199951171875,False,320.89000000000004,False,True,-23.63,-18.93,False,1669.0,EXIT
LMW,LMW Limited,Industrials,Specialty Industrial Machinery,16242.0,False,145.34,False,True,8.96,4.85,True,4719.0,HOLD
J&KBANK,Jammu and Kashmir Bank Limited,Financial Services,Banks - Regional,153.74000549316406,False,2293.38,False,True,44.81,43.81,True,,HOLD
TATACHEM,Tata Chemicals Limited,Basic Materials,Chemicals,670.2999877929688,False,2494.0,False,False,-30.47,-35.44,False,17204.0,EXIT
TRAVELFOOD,TRAVELFOOD,Consumer Cyclical,Restaurants,1279.199951171875,False,452.1,False,True,14.53,15.47,True,1688.0,HOLD
OLAELEC,OLAELEC,Consumer Cyclical,Auto Manufacturers,38.65999984741211,False,2285.0,True,True,-9.8,-8.8,False,5010.0,HOLD
DIACABS,Diamond Power Infrastructure Limited,Industrials,Specialty Industrial Machinery,323.9700012207031,False,158.17000000000002,True,True,93.3,89.0,True,3153.0,HOLD
ECLERX,eClerx Services Limited,Technology,Information Technology Services,1910.9000244140625,False,523.02,True,True,1.38,-1.39,False,3366.0,HOLD
VTL,Vardhman Textiles Limited,Consumer Cyclical,Textile Manufacturing,585.7999877929688,False,868.05,False,True,30.79,31.7,True,10137.0,HOLD
MEDPLUS,MedPlus Health Services Limited,Healthcare,Pharmaceutical Retailers,714.75,False,197.32999999999998,False,False,-30.64,-25.89,False,6136.0,EXIT
CROMPTON,Crompton Greaves Consumer Electricals Limited,Consumer Cyclical,"Furnishings, Fixtures & Appliances",260.20001220703125,False,924.01,True,False,-22.86,-21.82,False,7028.0,EXIT
ARE&M,Amara Raja Energy & Mobility Limited,Industrials,Electrical Equipment & Parts,906.8499755859375,False,780.8499999999999,False,True,-5.76,-9.83,False,12846.0,EXIT
GRWRHITECH,Garware Hi-Tech Films Limited,Basic Materials,Specialty Chemicals,6897.0,True,338.22999999999996,False,True,95.21,89.88,True,2109.0,HOLD
RATNAMANI,Ratnamani Metals & Tubes Limited,Basic Materials,Steel,2385.199951171875,False,482.54,False,False,-8.6,-13.64,False,5186.0,EXIT
THELEELA,Leela Palaces Hotels & Resorts Limited,Consumer Cyclical,Lodging,494.6000061035156,True,445.92999999999995,True,True,16.2,17.14,True,1301.0,ADD
MINDACORP,Minda Corporation Limited,Consumer Cyclical,Auto Parts,706.9000244140625,True,327.65,True,True,36.46,37.35,True,5056.0,ADD
PSB,Punjab & Sind Bank,Financial Services,Banks - Regional,22.969999313354492,False,1358.92,False,False,-23.78,-24.46,False,,EXIT
NATCOPHARM,NATCO Pharma Limited,Healthcare,Drug Manufacturers - Specialty & Generic,917.0,False,1418.5,False,False,-10.82,-6.2,False,4430.0,EXIT
JINDALSAW,Jindal Saw Limited,Basic Materials,Steel,254.3000030517578,False,821.46,False,True,21.95,16.82,True,20958.0,HOLD
TBOTEK,TBOTEK,Consumer Cyclical,Travel Services,1498.5,False,260.12,False,True,7.44,8.41,True,1737.0,HOLD
KPITTECH,KPIT Technologies Limited,Technology,Software - Infrastructure,598.4000244140625,False,582.62,False,False,-51.15,-53.59,False,5842.0,EXIT
COHANCE,COHANCE,Healthcare,Drug Manufacturers - Specialty & Generic,425.29998779296875,False,179.17,False,False,-64.72,-59.74,False,1340.0,EXIT
THANGAMAYL,Thangamayil Jewellery Limited,Consumer Cyclical,Luxury Goods,5807.0,False,378.23999999999995,False,True,199.96,200.46,True,,HOLD
KFINTECH,KFin Technologies Limited,Technology,Software - Application,940.5,False,325.61,False,False,-14.93,-17.59,False,1056.0,EXIT
FIVESTAR,Five-Star Business Finance Limited,Financial Services,Credit Services,547.9500122070312,False,1084.02,False,True,-9.35,-10.1,False,,EXIT
NIVABUPA,Niva Bupa Health Insurance Company Limited,Financial Services,Insurance - Life,85.91999816894531,False,642.01,False,True,-0.71,-1.5,False,,EXIT
BIKAJI,Bikaji Foods International Limited,Consumer Defensive,Packaged Foods,643.7000122070312,False,258.27,False,False,-10.11,-18.09,False,2622.0,EXIT
PINELABS,PINELABS,Technology,Software - Infrastructure,138.97000122070312,False,126.11000000000001,True,False,,,False,2274.0,EXIT
DCMSHRIRAM,DCM Shriram Limited,Industrials,Conglomerates,1055.9000244140625,False,1388.1600000000003,True,False,-24.23,-28.26,False,12077.0,EXIT
KANSAINER,Kansai Nerolac Paints Limited,Basic Materials,Specialty Chemicals,199.0500030517578,False,563.0,False,False,-16.32,-21.34,False,7823.0,EXIT
GPIL,Godawari Power & Ispat Limited,Basic Materials,Steel,249.35000610351562,False,800.74,False,False,30.4,25.25,True,5745.0,EXIT
BASF,BASF India Limited,Basic Materials,Specialty Chemicals,3687.89990234375,False,420.1,False,False,-23.8,-28.79,False,15260.0,EXIT
ABREL,Aditya Birla Real Estate Limited,Real Estate,Real Estate Services,1378.0999755859375,False,240.17,False,False,-12.99,-30.1,False,7645.0,EXIT
NAVA,Nava Limited,Industrials,Conglomerates,553.1500244140625,False,786.66,False,False,-7.65,-11.72,False,3984.0,EXIT
APLLTD,Alembic Pharmaceuticals Limited,Healthcare,Drug Manufacturers - Specialty & Generic,802.75,False,646.9399999999999,False,True,-27.44,-22.71,False,6672.0,EXIT
CLEANMAX,CLEANMAX,Utilities,Utilities - Renewable,1309.0,False,77.43,False,False,,,False,2776.0,EXIT
HAPPYFORGE,HAPPYFORGE,Industrials,Metal Fabrication,1661.5999755859375,True,295.81,False,True,77.47,73.21,True,1409.0,HOLD
JBMA,JBM Auto Limited,Consumer Cyclical,Auto Parts,678.4500122070312,False,208.35000000000002,True,True,0.35,1.33,True,5472.0,HOLD
SYNGENE,Syngene International Limited,Healthcare,Diagnostics & Research,385.8999938964844,False,258.6,False,False,-53.23,-48.33,False,3373.0,EXIT
CIEINDIA,CIE Automotive India Limited,Consumer Cyclical,Auto Parts,408.6000061035156,False,892.8199999999999,False,False,-1.76,-0.78,False,9406.0,EXIT
RAINBOW,Rainbow Children's Medicare Limited,Healthcare,Medical Care Facilities,1520.5999755859375,False,285.39,False,True,-6.75,-2.16,False,1516.0,EXIT
CCL,CCL Products (India) Limited,Consumer Defensive,Packaged Foods,1155.300048828125,False,404.11999999999995,True,True,41.41,33.08,True,3106.0,HOLD
PARADEEP,Paradeep Phosphates Limited,Basic Materials,Agricultural Inputs,147.3300018310547,False,1046.95,False,True,-29.02,-34.0,False,13820.0,EXIT
IGIL,International Gemological Institute Limited,Basic Materials,Other Precious Metals & Mining,345.45001220703125,False,615.86,True,True,-14.54,-19.56,False,1229.0,HOLD
AGARWALEYE,AGARWALEYE,Healthcare,Medical Instruments & Supplies,478.0,False,103.5,True,True,-2.31,2.25,False,1711.0,HOLD
FINCABLES,Finolex Cables Limited,Industrials,Electrical Equipment & Parts,973.0,False,713.72,True,True,10.43,6.33,True,5319.0,HOLD
USHAMART,Usha Martin Limited,Basic Materials,Steel,502.3999938964844,True,498.26,True,True,35.66,30.49,True,3746.0,ADD
AEQUS,AEQUS,Industrials,Aerospace & Defense,228.3800048828125,False,170.22,True,False,,,False,965.0,EXIT
KSB,KSB Limited,Industrials,Specialty Industrial Machinery,855.9000244140625,False,258.70000000000005,False,True,3.77,-0.32,False,2696.0,EXIT
MAHSCOOTER,Maharashtra Scooters Ltd.,Financial Services,Asset Management,12337.0,False,11.45,False,False,-23.59,-24.28,False,,EXIT
CONCORDBIO,Concord Biotech Limited,Healthcare,Biotechnology,1420.800048828125,False,259.55,False,True,-26.71,-21.99,False,1200.0,EXIT
KIRLOSBROS,Kirloskar Brothers Limited,Industrials,Specialty Industrial Machinery,1873.300048828125,False,439.6,True,True,-0.84,-4.93,False,4492.0,HOLD
GALLANTT,Gallantt Ispat Limited,Basic Materials,Steel,585.3499755859375,False,513.3399999999999,False,False,-20.98,-25.99,False,4293.0,EXIT
JUBLPHARMA,Jubilant Pharmova Limited,Healthcare,Drug Manufacturers - Specialty & Generic,961.6500244140625,False,431.80000000000007,False,False,-29.34,-24.6,False,9111.0,EXIT
AZAD,AZAD,Industrials,Specialty Industrial Machinery,2259.60009765625,False,125.47999999999999,False,True,51.78,47.58,True,457.0,HOLD
FINEORG,Fine Organic Industries Limited,Basic Materials,Specialty Chemicals,4877.0,False,417.07000000000005,False,True,-4.91,-9.95,False,3023.0,EXIT
WELSPUNLIV,Welspun Living Limited,Consumer Cyclical,Textile Manufacturing,155.94000244140625,False,204.44,False,True,20.37,21.3,True,10545.0,HOLD
SOBHA,Sobha Limited,Real Estate,Real Estate - Development,1372.199951171875,False,171.74,False,False,0.69,-16.6,False,4039.0,EXIT
HONASA,Honasa Consumer Limited,Consumer Defensive,Household & Personal Products,445.95001220703125,False,199.94,False,True,71.8,63.28,True,2067.0,HOLD
ZENTEC,Zen Technologies Limited,Industrials,Aerospace & Defense,1615.4000244140625,False,168.51000000000002,False,True,7.58,3.48,True,974.0,HOLD
VENTIVE,VENTIVE,Consumer Cyclical,Lodging,632.1500244140625,False,425.65,False,False,-22.48,-21.45,False,1605.0,EXIT
BEML,BEML Limited,Industrials,Conglomerates,1750.4000244140625,False,553.86,True,False,-9.93,-13.99,False,4337.0,EXIT
APOLLO,Apollo Micro Systems Limited,Industrials,Aerospace & Defense,389.8999938964844,False,95.81,True,True,126.51,122.14,True,562.0,HOLD
LTFOODS,LT Foods Limited,Consumer Defensive,Packaged Foods,410.3500061035156,False,644.97,True,True,-10.05,-18.03,False,8681.0,HOLD
ALIVUS,Alivus Life Sciences Limited,Healthcare,Drug Manufacturers - Specialty & Generic,1160.0,False,594.54,False,True,5.61,10.12,True,1885.0,HOLD
SHADOWFAX,SHADOWFAX,Industrials,Integrated Freight & Logistics,242.89999389648438,True,65.69,True,False,,,False,2485.0,EXIT
PRIVISCL,Privi Speciality Chemicals Limited,Basic Materials,Specialty Chemicals,3573.0,True,255.89999999999998,True,True,41.92,36.74,True,2101.0,ADD
SHAILY,Shaily Engineering Plastics Limited,Basic Materials,Specialty Chemicals,3029.10009765625,True,169.92,True,True,90.15,84.83,True,787.0,ADD
DEVYANI,Devyani International Limited,Consumer Cyclical,Restaurants,114.18000030517578,False,38.769999999999996,False,False,-33.44,-32.38,False,3349.0,EXIT
AMAGI,AMAGI,Technology,Software - Application,658.5999755859375,True,44.86,False,False,,,False,1163.0,EXIT
FRACTAL,FRACTAL,Technology,Software - Infrastructure,812.0499877929688,False,263.8,False,False,,,False,2765.0,EXIT
UJJIVANSFB,Ujjivan Small Finance Bank Limited,Financial Services,Banks - Regional,71.75,True,887.45,False,True,60.76,59.69,True,,HOLD
CANHLIFE,CANHLIFE,Financial Services,Insurance - Life,147.1300048828125,True,113.94,False,False,,,False,,EXIT
VOGL,Vedanta Oil and Gas Limited,Basic Materials,Other Industrial Metals & Mining,35.540000915527344,False,1048.0,False,False,,,False,,EXIT
CEATLTD,CEAT Limited,Consumer Cyclical,Auto Parts,3464.0,False,515.62,False,False,-1.44,-0.45,False,13172.0,EXIT
VIJAYA,Vijaya Diagnostic Centre Limited,Healthcare,Diagnostics & Research,1360.199951171875,True,164.31,False,True,17.58,22.01,True,681.0,HOLD
ANURAS,Anupam Rasayan India Ltd,Basic Materials,Specialty Chemicals,1207.800048828125,False,155.84,False,False,9.27,4.18,True,1602.0,EXIT
VGUARD,V-Guard Industries Limited,Industrials,Electrical Equipment & Parts,316.6499938964844,False,373.28999999999996,True,False,-16.98,-21.02,False,5578.0,EXIT
DOMS,DOMS Industries Limited,Industrials,Business Equipment & Supplies,2255.0,False,230.19,False,False,-1.74,-5.82,False,1913.0,EXIT
INGERRAND,Ingersoll-Rand (India) Limited,Industrials,Specialty Industrial Machinery,4277.7001953125,False,256.03,False,True,10.78,6.67,True,,HOLD
PRUDENT,Prudent Corporate Advisory Services Limited,Financial Services,Asset Management,3221.39990234375,False,243.28,False,True,3.6,2.79,True,1133.0,HOLD
SCI,The Shipping Corporation of India Limited,Industrials,Marine Shipping,291.45001220703125,False,1352.9,True,True,36.77,32.6,True,5794.0,HOLD
SKFINDUS,SKFINDUS,Industrials,Tools & Accessories,2671.60009765625,False,290.37,False,False,,,False,,EXIT
VINATIORGA,Vinati Organics Limited,Basic Materials,Specialty Chemicals,1296.4000244140625,False,437.74,True,False,-27.52,-32.51,False,2248.0,EXIT
EIDPARRY,E.I.D.- Parry (India) Limited,Basic Materials,Agricultural Inputs,763.2000122070312,False,1236.14,True,False,-35.68,-40.64,False,3168.0,EXIT
INOXWIND,Inox Wind Limited,Industrials,Specialty Industrial Machinery,78.13999938964844,False,406.25,False,False,-46.57,-50.54,False,4445.0,EXIT
TMB,Tamilnad Mercantile Bank Limited,Financial Services,Banks - Regional,851.75,True,1431.5499999999997,False,True,83.93,82.76,True,,HOLD
VEDPOWER,Vedanta Power Limited,Utilities,Utilities - Independent Power Producers,34.52000045776367,False,511.0,False,False,,,False,,EXIT
ARVIND,Arvind Limited,Consumer Cyclical,Textile Manufacturing,506.6499938964844,False,413.94000000000005,True,True,49.85,50.71,True,7723.0,HOLD
BBOX,Black Box Limited,Technology,Software - Application,755.5,False,217.52,True,True,49.13,46.08,True,6288.0,HOLD
SPLPETRO,Supreme Petrochem Limited,Basic Materials,Specialty Chemicals,703.6500244140625,False,518.26,True,True,-9.23,-14.27,False,1613.0,HOLD
JSWDULUX,JSW Dulux Limited,Unknown,Unknown,2953.39990234375,False,399.4,False,False,-11.52,-25.02,False,,EXIT
CARTRADE,CarTrade Tech Limited,Consumer Cyclical,Auto & Truck Dealerships,2791.699951171875,False,214.57999999999998,False,True,30.23,31.14,True,641.0,HOLD
APTUS,Aptus Value Housing Finance India Limited,Financial Services,Mortgage Finance,261.20001220703125,False,923.42,False,False,-21.97,-22.66,False,,EXIT
SWANDEF,SWANDEF,Industrials,Aerospace & Defense,2435.0,False,226.29000000000002,False,True,660.46,654.86,True,2534.0,HOLD
NAZARA,Nazara Technologies Limited,Communication Services,Electronic Gaming & Multimedia,308.04998779296875,False,154.54000000000002,False,True,7.24,-11.85,False,1624.0,EXIT
GRAPHITE,Graphite India Limited,Industrials,Electrical Equipment & Parts,665.7000122070312,False,383.0,False,True,21.76,17.63,True,6737.0,HOLD
ACE,Action Construction Equipment Limited,Industrials,Farm & Heavy Construction Machinery,1057.199951171875,False,444.53,True,True,-5.35,-9.42,False,3327.0,HOLD
HEG,HEG Limited,Industrials,Electrical Equipment & Parts,659.25,False,586.4100000000001,False,True,25.16,21.02,True,6591.0,HOLD
PARKHOSPS,PARKHOSPS,Healthcare,Medical Care Facilities,292.6499938964844,True,212.07000000000002,True,False,,,False,109.93,EXIT
LLOYDSENGG,Lloyds Engineering Works Limited,Industrials,Specialty Industrial Machinery,88.66000366210938,True,189.88,True,True,25.1,20.96,True,846.0,ADD
VISL,VISL,Basic Materials,Steel,32.279998779296875,False,264.0,False,False,,,False,,EXIT
NSLNISP,NMDC Steel Limited,Basic Materials,Steel,43.02000045776367,False,776.2199999999999,False,True,20.38,15.26,True,,HOLD
TRIDENT,Trident Limited,Consumer Cyclical,Textile Manufacturing,24.709999084472656,False,395.24,False,False,-21.02,-19.99,False,6998.0,EXIT
JPPOWER,Jaiprakash Power Ventures Limited,Utilities,Utilities - Independent Power Producers,18.290000915527344,False,764.1099999999999,False,True,-4.39,-15.29,False,6763.0,EXIT
PCBL,PCBL Chemical Limited,Basic Materials,Specialty Chemicals,317.8999938964844,False,291.3,False,True,-16.68,-21.7,False,8404.0,EXIT
ENGINERSIN,Engineers India Limited,Industrials,Engineering & Construction,221.97999572753906,False,691.59,True,True,4.61,0.52,True,3330.0,HOLD
JSWHL,JSW Holdings Limited,Financial Services,Asset Management,11196.0,False,79.47,False,False,-47.61,-48.19,False,407.0,EXIT
KEC,KEC International Limited,Industrials,Engineering & Construction,468.75,False,605.6,True,False,-44.7,-48.68,False,21847.0,EXIT
BLUESTONE,BLUESTONE,Consumer Cyclical,Luxury Goods,816.2000122070312,True,144.12,True,True,,,False,1770.0,HOLD
HOMEFIRST,Home First Finance Company India Limited,Financial Services,Mortgage Finance,1188.199951171875,False,568.38,False,True,-7.77,-8.53,False,,EXIT
BALRAMCHIN,Balrampur Chini Mills Limited,Consumer Defensive,Confectioners,596.2999877929688,False,378.46,False,True,6.55,-1.54,False,5594.0,EXIT
INDGN,INDGN,Healthcare,Health Information Services,515.1500244140625,False,415.20000000000005,False,True,-12.14,-7.51,False,2839.0,EXIT
WABAG,VA Tech Wabag Limited,Industrials,Engineering & Construction,1977.199951171875,False,370.6,True,True,26.45,22.31,True,3457.0,HOLD
INDIACEM,The India Cements Limited,Basic Materials,Building Materials,399.3999938964844,False,221.93,True,False,10.25,5.16,True,5628.0,HOLD
NUVOCO,Nuvoco Vistas Corporation Limited,Basic Materials,Building Materials,344.6499938964844,False,323.02,False,True,-17.32,-22.33,False,10733.0,EXIT
AVANTIFEED,Avanti Feeds Limited,Consumer Defensive,Packaged Foods,899.5999755859375,False,604.55,True,False,38.0,29.7,True,5612.0,HOLD
BLUEDART,Blue Dart Express Limited,Industrials,Integrated Freight & Logistics,5025.89990234375,False,221.16,False,False,-16.83,-20.87,False,5720.0,EXIT
SOUTHBANK,The South Indian Bank Limited,Financial Services,Banks - Regional,46.70000076293945,True,1481.71,True,True,55.85,54.8,True,,ADD
LLOYDSENT,Lloyds Enterprises Limited,Basic Materials,Steel,79.95999908447266,False,299.15999999999997,True,True,-5.05,-10.1,False,1488.0,HOLD
AVALON,Avalon Technologies Limited,Technology,Electronic Components,1759.5,True,112.94,False,True,114.65,111.19,True,1098.0,HOLD
METROPOLIS,Metropolis Healthcare Limited,Healthcare,Diagnostics & Research,585.2000122070312,False,137.35,False,True,9.01,13.49,True,1331.0,HOLD
JAINREC,JAINREC,Basic Materials,Other Industrial Metals & Mining,348.20001220703125,False,303.45,False,False,,,False,7126.0,EXIT
SHILPAMED,Shilpa Medicare Limited,Healthcare,Drug Manufacturers - Specialty & Generic,602.9500122070312,False,243.32999999999998,True,True,24.43,28.82,True,1281.0,HOLD
RKFORGE,Ramkrishna Forgings Limited,Industrials,Metal Fabrication,651.1500244140625,False,125.88,False,True,13.51,9.39,True,4034.0,HOLD
SEDEMAC,SEDEMAC,Consumer Cyclical,Auto Parts,2684.39990234375,False,91.07000000000001,False,False,,,False,,EXIT
IRCON,Ircon International Limited,Industrials,Engineering & Construction,125.98999786376953,False,595.47,False,False,-27.32,-31.35,False,12514.0,EXIT
ATLANTAELE,ATLANTAELE,Industrials,Electrical Equipment & Parts,1521.0,False,217.47,False,True,,,False,1244.0,EXIT
GRAVITA,Gravita India Limited,Industrials,Metal Fabrication,1616.4000244140625,False,389.2,True,False,-12.05,-16.1,False,3869.0,EXIT
IEX,Indian Energy Exchange Limited,Financial Services,Capital Markets,132.24000549316406,False,504.34,True,True,-3.87,-4.64,False,535.0,HOLD
MARKSANS,Marksans Pharma Limited,Healthcare,Drug Manufacturers - General,258.6000061035156,False,417.9,True,True,2.55,7.08,True,2623.0,HOLD
JMFINANCIL,JM Financial Limited,Financial Services,Capital Markets,122.16000366210938,False,1141.5,True,False,-24.3,-24.98,False,4786.0,EXIT
UTLSOLAR,UTLSOLAR,Technology,Solar,367.04998779296875,False,292.41,False,False,,,False,1541.0,EXIT
UTIAMC,UTI Asset Management Company Limited,Financial Services,Asset Management,909.2999877929688,False,718.39,False,False,-34.51,-35.15,False,1851.0,EXIT
JUBLINGREA,Jubilant Ingrevia Limited,Basic Materials,Specialty Chemicals,728.4500122070312,False,314.26,False,True,-7.47,-12.52,False,4949.0,EXIT
SIGNATURE,Signatureglobal (India) Limited,Real Estate,Real Estate - Development,813.4500122070312,False,1279.03,True,False,-13.24,-30.35,False,2498.0,EXIT
JKTYRE,JK Tyre & Industries Limited,Consumer Cyclical,Auto Parts,399.75,False,649.87,False,False,15.99,16.93,True,10313.0,EXIT
ZENSARTECH,Zensar Technologies Limited,Technology,Information Technology Services,520.9000244140625,False,776.2,True,False,-35.54,-38.08,False,5281.0,EXIT
ABLBL,ABLBL,Consumer Cyclical,Apparel Retail,94.44999694824219,False,185.96,False,False,-37.84,-36.76,False,7830.0,EXIT
TI,Tilaknagar Industries Ltd.,Consumer Defensive,Beverages - Wineries & Distilleries,467.1000061035156,False,204.59,False,True,-0.6,-8.64,False,1434.0,EXIT
TECHNOE,Techno Electric & Engineering Company Limited,Industrials,Engineering & Construction,967.2000122070312,False,473.86,True,False,-31.51,-35.53,False,2269.0,EXIT
TEGA,Tega Industries Limited,Industrials,Specialty Industrial Machinery,1477.4000244140625,False,142.66,False,False,-20.65,-24.69,False,1639.0,EXIT
TITAGARH,Titagarh Rail Systems Limited,Industrials,Railroads,824.7999877929688,False,169.75,False,True,-3.5,-7.57,False,3868.0,EXIT
PVRINOX,PVR INOX Limited,Communication Services,Entertainment,1131.449951171875,False,392.9,True,True,31.59,12.18,True,6107.0,HOLD
JWL,Jupiter Wagons Limited,Industrials,Railroads,259.3500061035156,False,171.07999999999998,False,False,-23.92,-27.95,False,3871.0,EXIT
MGL,Mahanagar Gas Limited,Utilities,Utilities - Regulated Gas,1118.5,False,842.77,False,False,-12.51,-23.19,False,7264.0,EXIT
ZEEL,Zee Entertainment Enterprises Limited,Communication Services,Broadcasting,112.20999908447266,False,589.8000000000001,False,True,12.97,-6.2,False,8637.0,EXIT
VIYASH,Viyash Scientific Limited,Healthcare,Drug Manufacturers - Specialty & Generic,252.0,False,119.6,False,True,39.87,44.16,True,1551.0,HOLD
SIGMAADV,Sigma Advanced Systems Limited,Industrials,Aerospace & Defense,623.5499877929688,True,266.27,True,True,451.44,446.32,True,103.0,ADD
PGHL,Procter & Gamble Health Limited,Healthcare,Drug Manufacturers - Specialty & Generic,6502.0,False,326.91,False,True,2.42,6.95,True,,HOLD
EDELWEISS,Edelweiss Financial Services Limited,Financial Services,Financial Conglomerates,115.47000122070312,False,546.63,False,True,10.19,9.35,True,11078.0,HOLD
CANFINHOME,Can Fin Homes Limited,Financial Services,Mortgage Finance,816.2999877929688,False,1102.1399999999999,False,False,8.91,8.07,True,,EXIT
RATEGAIN,RateGain Travel Technologies Limited,Technology,Software - Application,896.4500122070312,False,194.38,False,True,103.83,100.44,True,1077.0,HOLD
OLECTRA,Olectra Greentech Limited,Industrials,Farm & Heavy Construction Machinery,1324.199951171875,False,177.5,True,True,-4.33,-8.4,False,1802.0,HOLD
JLHL,Jupiter Life Line Hospitals Limited,Healthcare,Medical Care Facilities,331.5,True,194.48999999999998,False,True,9.04,13.53,True,1262.0,HOLD
BLUEJET,Blue Jet Healthcare Limited,Healthcare,Biotechnology,612.4500122070312,False,305.78,False,True,-30.22,-25.47,False,538.0,EXIT
AAVAS,Aavas Financiers Limited,Financial Services,Mortgage Finance,1362.5999755859375,False,686.9200000000001,True,False,-24.23,-24.92,False,,EXIT
KTKBANK,The Karnataka Bank Limited,Financial Services,Banks - Regional,284.75,True,1437.3700000000001,True,True,56.28,55.23,True,,ADD
GODREJAGRO,Godrej Agrovet Limited,Consumer Defensive,Packaged Foods,556.7999877929688,False,450.97,False,False,-28.8,-36.66,False,9561.0,EXIT
LUMAXTECH,Lumax Auto Technologies Limited,Consumer Cyclical,Auto Parts,1568.300048828125,False,278.86,True,True,39.06,39.95,True,3637.0,HOLD
SANOFICONR,SANOFICONR,Healthcare,Drug Manufacturers - General,4619.7001953125,False,266.0,False,True,-13.86,-9.22,False,,EXIT
IIFLCAPS,IIFL Capital Services Limited,Financial Services,Capital Markets,335.6000061035156,False,570.11,False,True,0.0,-0.79,False,2520.0,EXIT
E2E,E2E Networks Limited,Technology,Software - Infrastructure,492.54998779296875,False,69.48,False,True,135.37,131.78,True,,HOLD
SHREEJISPG,SHREEJISPG,Industrials,Marine Shipping,643.4500122070312,True,164.72,True,True,,,False,731.0,HOLD
BBTC,The Bombay Burmah Trading Corporation Limited,Consumer Defensive,Packaged Foods,1497.0999755859375,False,1242.67,True,False,-15.51,-23.45,False,18298.0,EXIT
ASKAUTOLTD,ASKAUTOLTD,Consumer Cyclical,Auto Parts,508.0,False,275.14,False,True,-4.87,-3.87,False,3601.0,EXIT
VARROC,Varroc Engineering Limited,Consumer Cyclical,Auto Parts,679.2000122070312,False,245.63,False,True,23.19,24.11,True,12036.0,HOLD
SANDUMA,The Sandur Manganese & Iron Ores Limited,Basic Materials,Steel,212.83999633789062,False,657.11,False,True,44.32,39.13,True,3135.0,HOLD
WEWORK,WEWORK,Real Estate,Real Estate Services,743.5,True,86.56,False,True,,,False,1949.0,EXIT
FIRSTCRY,FIRSTCRY,Consumer Cyclical,Internet Retail,211.92999267578125,False,140.22,True,False,-42.42,-41.33,False,7660.0,EXIT
TIMETECHNO,Time Technoplast Limited,Consumer Cyclical,Packaging & Containers,208.36000061035156,False,468.72,True,True,-15.14,-14.12,False,5457.0,HOLD
RITES,RITES Limited,Industrials,Engineering & Construction,217.8300018310547,False,410.27,False,False,-14.73,-18.78,False,2662.0,EXIT
WHIRLPOOL,Whirlpool of India Limited,Consumer Cyclical,"Furnishings, Fixtures & Appliances",802.9000244140625,False,371.62,False,False,-43.31,-42.22,False,7919.0,EXIT
MANORAMA,Manorama Industries Limited,Consumer Defensive,Packaged Foods,1604.5,True,201.73,True,True,11.18,3.06,True,771.0,ADD
PARAS,Paras Defence and Space Technologies Limited,Industrials,Aerospace & Defense,1256.5,False,88.10000000000001,False,True,91.8,87.51,True,365.0,HOLD
AKUMS,AKUMS,Healthcare,Drug Manufacturers - Specialty & Generic,660.5999755859375,False,255.19,False,True,15.71,20.16,True,4178.0,HOLD
MANYAVAR,Vedant Fashions Limited,Consumer Cyclical,Apparel Manufacturing,417.70001220703125,False,400.07,False,False,-50.55,-49.45,False,1368.0,EXIT
RELAXO,Relaxo Footwears Limited,Consumer Cyclical,Footwear & Accessories,408.1499938964844,False,179.27,False,True,-18.9,-17.87,False,,EXIT
FINPIPE,Finolex Industries Limited,Industrials,Building Products & Equipment,162.91000366210938,False,599.05,False,False,-21.8,-25.83,False,4647.0,EXIT
VOLTAMP,Voltamp Transformers Limited,Industrials,Electrical Equipment & Parts,9302.0,False,305.38,False,True,6.33,2.23,True,,HOLD
SAREGAMA,Saregama India Limited,Communication Services,Entertainment,521.4000244140625,False,223.44,True,True,24.87,5.55,True,1171.0,HOLD
INTELLECT,Intellect Design Arena Limited,Technology,Software - Application,705.5,False,378.49,True,False,-33.16,-35.71,False,2506.0,EXIT
HCG,HealthCare Global Enterprises Limited,Healthcare,Medical Care Facilities,669.6500244140625,False,32.62,False,True,1.4,5.93,True,2218.0,HOLD
SBFC,SBFC Finance Limited,Financial Services,Credit Services,90.16000366210938,False,471.82,True,False,-16.63,-17.35,False,,EXIT
TSFINV,TSF Investments Limited,Financial Services,Asset Management,442.95001220703125,False,521.78,False,False,-9.55,-10.3,False,291.0,EXIT
AFCONS,AFCONS,Industrials,Engineering & Construction,273.25,False,428.29999999999995,False,False,-29.94,-33.96,False,13268.0,EXIT
SKYGOLD,Sky Gold and Diamonds Limited,Consumer Cyclical,Luxury Goods,643.7000122070312,True,275.4,True,True,119.77,120.47,True,3548.0,ADD
SUDEEPPHRM,SUDEEPPHRM,Healthcare,Drug Manufacturers - Specialty & Generic,856.25,True,151.13,False,False,,,False,502.0,EXIT
BLACKBUCK,BlackBuck Limited,Technology,Software - Application,544.6500244140625,False,168.82,True,False,18.12,15.25,True,867.0,HOLD
BLS,BLS International Services Limited,Industrials,Specialty Business Services,238.75,False,686.7,True,False,-35.09,-39.09,False,2193.0,EXIT
LOTUSDEV,LOTUSDEV,Industrials,Engineering & Construction,193.24000549316406,False,297.24,True,True,,,False,548.0,HOLD
RPOWER,Reliance Power Limited,Utilities,Utilities - Independent Power Producers,23.40999984741211,False,651.11,False,False,-48.27,-57.99,False,10396.0,EXIT
SWANCORP,Swan Corp Limited,Industrials,Conglomerates,306.6499938964844,False,301.5,False,False,-34.35,-38.36,False,5017.0,EXIT
KIRLPNU,Kirloskar Pneumatic Company Limited,Industrials,Specialty Industrial Machinery,1482.4000244140625,False,245.9,True,True,14.11,10.0,True,1640.0,HOLD
PGIL,Pearl Global Industries Limited,Consumer Cyclical,Apparel Manufacturing,2028.0,True,277.65999999999997,True,True,20.43,21.36,True,4699.0,ADD
WAAREERTL,Waaree Renewable Technologies Limited,Industrials,Engineering & Construction,913.2000122070312,False,478.3,True,False,-12.3,-16.35,False,1598.0,EXIT
STAR,Strides Pharma Science Limited,Healthcare,Drug Manufacturers - Specialty & Generic,1072.800048828125,False,510.85,False,True,6.6,11.1,True,4565.0,HOLD
ELECON,Elecon Engineering Company Limited,Industrials,Specialty Industrial Machinery,419.04998779296875,False,323.78,False,False,-24.87,-28.9,False,2227.0,EXIT
MMTC,MMTC Limited,Industrials,Conglomerates,60.09000015258789,False,387.38,False,False,-6.7,-10.77,False,30000.0,EXIT
THYROCARE,Thyrocare Technologies Limited,Healthcare,Diagnostics & Research,579.0,True,128.32,False,True,24.24,28.62,True,687.0,HOLD
ALKYLAMINE,Alkyl Amines Chemicals Limited,Basic Materials,Specialty Chemicals,1787.199951171875,False,183.09,False,True,-18.32,-23.33,False,993.0,EXIT
RAILTEL,RailTel Corporation of India Limited,Communication Services,Telecom Services,284.5,False,336.03,True,False,-6.06,-24.98,False,1964.0,EXIT
TEJASNET,Tejas Networks Limited,Technology,Communication Equipment,513.0,False,804.0000000000001,True,True,-11.79,-14.47,False,8923.0,HOLD
BANCOINDIA,Banco Products (India) Limited,Consumer Cyclical,Auto Parts,626.7999877929688,False,481.67999999999995,True,False,0.28,1.26,True,1105.0,HOLD
PNGJL,PNGJL,Consumer Cyclical,Luxury Goods,670.2999877929688,False,445.82,True,True,11.44,12.4,True,7586.0,HOLD
PCJEWELLER,PC Jeweller Limited,Consumer Cyclical,Luxury Goods,9.260000228881836,False,714.46,False,False,-44.3,-43.21,False,9610.0,EXIT
VESUVIUS,Vesuvius India Limited,Industrials,Specialty Industrial Machinery,446.70001220703125,False,260.62,False,False,-12.13,-16.19,False,,EXIT
BATAINDIA,Bata India Limited,Consumer Cyclical,Footwear & Accessories,696.1500244140625,False,166.23,False,False,-45.04,-43.95,False,3489.0,EXIT
SONATSOFTW,Sonata Software Limited,Technology,Information Technology Services,308.8999938964844,False,464.39,True,True,-25.16,-27.76,False,991.0,HOLD
TARIL,TARIL,Industrials,Electrical Equipment & Parts,296.5,False,258.56,True,False,-40.39,-44.38,False,2017.0,EXIT
NCC,NCC Limited,Industrials,Engineering & Construction,140.91000366210938,False,774.4300000000001,False,False,-35.14,-39.14,False,22199.0,EXIT
CYIENT,Cyient Limited,Industrials,Conglomerates,847.7000122070312,False,404.5,False,False,-29.13,-33.14,False,7360.0,EXIT
SGMART,SG Mart Limited,Industrials,Industrial Distribution,692.0999755859375,True,130.1,True,True,,,False,5856.0,HOLD
TTKPRESTIG,TTK Prestige Limited,Consumer Cyclical,"Furnishings, Fixtures & Appliances",641.5999755859375,False,155.68,False,True,-1.53,-0.54,False,2626.0,EXIT
QPOWER,QPOWER,Industrials,Electrical Equipment & Parts,1079.4000244140625,False,121.33,False,True,42.69,38.51,True,337.0,HOLD
IXIGO,IXIGO,Consumer Cyclical,Travel Services,193.47999572753906,False,92.02,False,False,-19.07,-18.04,False,914.0,EXIT
EUREKAFORB,Eureka Forbes Limited,Consumer Cyclical,"Furnishings, Fixtures & Appliances",450.54998779296875,False,162.63,False,False,-22.74,-21.7,False,2437.0,EXIT
SUVEN,Suven Life Sciences Limited,Healthcare,Drug Manufacturers - Specialty & Generic,299.25,False,276.35,True,True,4.22,8.74,True,625.0,HOLD
ESABINDIA,ESAB India Limited,Industrials,Tools & Accessories,5589.0,False,206.69,True,False,5.0,0.91,True,339.0,HOLD
LEMONTREE,Lemon Tree Hotels Limited,Consumer Cyclical,Lodging,109.19999694824219,False,227.08999999999997,True,False,-30.37,-29.31,False,1286.0,EXIT
GENUSPOWER,Genus Power Infrastructures Limited,Industrials,Electrical Equipment & Parts,307.3999938964844,False,572.63,True,True,-11.97,-16.02,False,2442.0,HOLD
RELIGARE,Religare Enterprises Limited,Financial Services,Insurance - Life,252.39999389648438,False,176.62,False,True,-6.19,-6.95,False,7385.0,EXIT
EQUITASBNK,Equitas Small Finance Bank Limited,Financial Services,Banks - Regional,72.58000183105469,False,710.08,False,True,19.18,18.3,True,,HOLD
SFL,Sheela Foam Limited,Consumer Cyclical,"Furnishings, Fixtures & Appliances",776.2999877929688,False,163.92000000000002,False,True,12.22,13.17,True,3439.0,HOLD
GRINFRA,G R Infraprojects Limited,Industrials,Engineering & Construction,891.5499877929688,False,902.8399999999999,False,False,-26.76,-30.78,False,9482.0,EXIT
TIPSMUSIC,Tips Music Limited,Communication Services,Entertainment,664.9000244140625,False,207.26000000000002,False,True,27.43,8.07,True,,HOLD
EMBDL,Embassy Developments Limited,Real Estate,Real Estate - Diversified,61.13999938964844,False,852.3,True,False,-27.48,-44.41,False,2111.0,EXIT
PRICOLLTD,Pricol Limited,Consumer Cyclical,Auto Parts,681.0499877929688,True,253.82999999999998,True,True,52.15,53.0,True,2692.0,ADD
BSOFT,Birlasoft Limited,Technology,Information Technology Services,302.3999938964844,False,563.25,False,False,-22.52,-25.14,False,5375.0,EXIT
MAHLIFE,Mahindra Lifespace Developers Limited,Real Estate,Real Estate - Development,392.6499938964844,False,335.76,True,True,20.56,3.01,True,1086.0,HOLD
JAYNECOIND,Jayaswal Neco Industries Limited,Basic Materials,Steel,86.94000244140625,False,551.9,False,True,73.97,68.69,True,6297.0,HOLD
AVL,Aditya Vision Limited,Consumer Cyclical,Specialty Retail,625.3499755859375,False,116.91999999999999,False,True,55.81,56.66,True,2260.0,HOLD
SMLMAH,SMLMAH,Consumer Cyclical,Auto Manufacturers,5685.60009765625,True,201.07,False,True,68.78,69.6,True,,HOLD
STARCEMENT,Star Cement Limited,Basic Materials,Building Materials,202.52999877929688,False,444.64,False,False,-12.6,-17.62,False,3163.0,EXIT
POWERMECH,Power Mech Projects Limited,Industrials,Engineering & Construction,2635.300048828125,False,363.89,True,True,-13.32,-17.37,False,5234.0,HOLD
SUDARSCHEM,Sudarshan Chemical Industries Limited,Basic Materials,Specialty Chemicals,1008.0999755859375,False,252.89999999999998,False,True,-26.43,-31.41,False,3346.0,EXIT
KRBL,KRBL Limited,Consumer Defensive,Packaged Foods,350.6499938964844,False,648.0400000000001,False,False,-5.16,-13.17,False,5594.0,EXIT
WELENT,Welspun Enterprises Limited,Industrials,Engineering & Construction,589.6500244140625,False,349.88,False,True,20.68,16.55,True,3584.0,HOLD
RHIM,RHI Magnesita India Limited,Industrials,Metal Fabrication,390.54998779296875,False,653.2900000000001,True,False,-19.23,-23.27,False,2892.0,EXIT
V2RETAIL,V2 Retail Limited,Consumer Cyclical,Apparel Retail,218.69000244140625,False,161.47,True,True,8.48,9.44,True,1884.0,HOLD
ICIL,Indo Count Industries Limited,Consumer Cyclical,Textile Manufacturing,402.6000061035156,False,125.44999999999999,False,True,39.5,40.38,True,3772.0,HOLD
INDIASHLTR,India Shelter Finance Corporation Limited,Financial Services,Mortgage Finance,719.2999877929688,False,383.58,False,False,-23.48,-24.17,False,,EXIT
CERA,Cera Sanitaryware Limited,Industrials,Building Products & Equipment,6117.0,False,204.22,False,True,-4.4,-8.47,False,1926.0,EXIT
GAEL,Gujarat Ambuja Exports Limited,Consumer Defensive,Packaged Foods,172.11000061035156,False,304.28000000000003,False,True,62.17,53.71,True,4927.0,HOLD
YATHARTH,Yatharth Hospital & Trauma Care Services Limited,Healthcare,Medical Care Facilities,818.4500122070312,False,176.15,True,True,20.3,24.72,True,860.0,HOLD
BORORENEW,Borosil Renewables Limited,Technology,Solar,561.8499755859375,False,382.49,True,True,-7.33,-10.04,False,1476.0,HOLD
WESTLIFE,Westlife Foodworld Limited,Consumer Cyclical,Restaurants,507.1000061035156,False,5.22,False,True,-33.76,-32.7,False,2491.0,EXIT
KIRLFER,Kirloskar Ferrous Industries Limited,Industrials,Metal Fabrication,465.70001220703125,False,271.53999999999996,False,False,,,False,,EXIT
NEWGEN,Newgen Software Technologies Limited,Technology,Software - Infrastructure,552.9500122070312,False,281.65999999999997,False,False,-34.99,-37.53,False,1487.0,EXIT
IMFA,Indian Metals and Ferro Alloys Limited,Basic Materials,Other Industrial Metals & Mining,1448.5999755859375,False,374.12,False,True,101.29,95.93,True,2780.0,HOLD
TTML,Tata Teleservices (Maharashtra) Limited,Communication Services,Telecom Services,39.95000076293945,False,1128.49,True,False,-16.06,-34.84,False,2972.0,EXIT
CLEAN,Clean Science and Technology Limited,Basic Materials,Specialty Chemicals,729.0499877929688,False,248.3,False,False,-38.94,-43.89,False,936.0,EXIT
TANLA,Tanla Platforms Limited,Technology,Software - Application,593.0499877929688,False,526.27,False,True,-6.82,-9.53,False,4028.0,EXIT
GMRP&UI,GMR Power And Urban Infra Limited,Energy,Thermal Coal,99.16000366210938,False,1176.4399999999998,False,False,-16.1,-11.43,False,6344.0,EXIT
INDIAGLYCO,India Glycols Limited,Basic Materials,Chemicals,1128.3499755859375,True,292.76,False,True,33.46,28.3,True,3768.0,HOLD
KRN,KRN,Technology,Electronic Components,1156.5999755859375,False,73.31,True,True,35.07,32.1,True,430.0,HOLD
SJS,S.J.S. Enterprises Limited,Consumer Cyclical,Auto Parts,2359.0,True,161.07,False,True,85.37,86.14,True,398.0,HOLD
SANOFI,Sanofi India Limited,Healthcare,Drug Manufacturers - General,3366.300048828125,False,353.3,False,False,-50.02,-45.14,False,2013.0,EXIT
SAFARI,Safari Industries (India) Limited,Consumer Cyclical,Footwear & Accessories,1563.699951171875,False,167.79,False,False,-26.6,-25.56,False,1772.0,EXIT
ORKLAINDIA,ORKLAINDIA,Consumer Defensive,Packaged Foods,560.8499755859375,False,231.16,False,False,,,False,2395.0,EXIT
CELLO,Cello World Limited,Consumer Cyclical,"Furnishings, Fixtures & Appliances",340.29998779296875,False,312.44,False,False,-45.92,-44.83,False,2136.0,EXIT
MAHSEAMLES,Maharashtra Seamless Limited,Basic Materials,Steel,572.5499877929688,False,818.05,False,False,-14.38,-19.4,False,5716.0,EXIT
NESCO,Nesco Limited,Industrials,Conglomerates,1080.5,False,416.55999999999995,True,False,-15.33,-19.37,False,732.0,EXIT
RAIN,Rain Industries Limited,Basic Materials,Specialty Chemicals,222.9499969482422,False,333.34999999999997,False,True,44.81,39.62,True,21011.0,HOLD
GNFC,Gujarat Narmada Valley Fertilizers & Chemicals Limited,Basic Materials,Chemicals,510.29998779296875,False,808.0,False,True,-2.97,-8.02,False,10227.0,EXIT
ELANTAS,ELANTAS Beck India Limited,Basic Materials,Specialty Chemicals,9325.0,False,109.73999999999998,False,False,,,False,,EXIT
MIDHANI,Mishra Dhatu Nigam Limited,Basic Materials,Steel,389.1000061035156,False,131.47,False,True,-0.81,-5.87,False,1074.0,EXIT
SHARDACROP,Sharda Cropchem Limited,Basic Materials,Agricultural Inputs,820.0,False,694.5799999999999,True,False,-24.39,-29.39,False,4320.0,EXIT
HMT,HMT Limited,Industrials,Farm & Heavy Construction Machinery,61.619998931884766,False,131.54,False,True,8.78,4.67,True,275.0,HOLD
KPIGREEN,KPI Green Energy Limited,Utilities,Utilities - Renewable,383.75,False,491.67999999999995,True,False,-17.28,-27.83,False,1735.0,EXIT
ABFRL,Aditya Birla Fashion and Retail Limited,Consumer Cyclical,Apparel Manufacturing,58.939998626708984,False,551.23,True,False,-24.47,-23.43,False,12418.0,EXIT
REDTAPE,REDTAPE Limited,Consumer Cyclical,Footwear & Accessories,133.8000030517578,False,240.54999999999998,True,True,-0.54,0.44,False,2021.0,HOLD
SKFINDIA,SKF India Limited,Industrials,Tools & Accessories,1479.5999755859375,False,305.46,False,False,-68.26,-72.19,False,4920.0,EXIT
JYOTHYLAB,Jyothy Labs Limited,Consumer Defensive,Household & Personal Products,202.8000030517578,False,333.19,False,False,-33.17,-40.99,False,2847.0,EXIT
JSLL,JSLL,Healthcare,Medical Care Facilities,567.0,False,221.81,False,False,-4.77,-0.19,False,469.0,EXIT
GPPL,Gujarat Pipavav Port Limited,Industrials,Marine Shipping,150.61000061035156,False,466.78999999999996,True,False,-3.42,-7.49,False,988.0,EXIT
KWIL,KWIL,Consumer Defensive,Packaged Foods,30.90999984741211,False,285.5,False,False,,,False,,EXIT
PICCADIL,Piccadily Agro Industries Limited,Consumer Defensive,Beverages - Wineries & Distilleries,719.4500122070312,False,138.07,True,True,21.62,13.43,True,797.0,HOLD
OMNI,OMNI,Industrials,Specialty Industrial Machinery,585.5999755859375,False,49.769999999999996,False,False,,,False,343.0,EXIT
GARFIBRES,Garware Technical Fibres Limited,Consumer Cyclical,Textile Manufacturing,722.7999877929688,False,198.56,False,True,-24.21,-23.18,False,1540.0,EXIT
TCI,Transport Corporation of India Limited,Industrials,Integrated Freight & Logistics,931.1500244140625,False,450.5,True,False,-20.41,-24.44,False,4492.0,EXIT
EPL,EPL Limited,Consumer Cyclical,Packaging & Containers,230.72000122070312,False,388.90000000000003,True,True,-0.8,0.19,False,4213.0,HOLD
KINGFA,Kingfa Science & Technology (India) Limited,Basic Materials,Specialty Chemicals,5101.0,False,185.24999999999997,True,True,48.05,42.85,True,1745.0,HOLD
JKPAPER,JK Paper Limited,Basic Materials,Paper & Paper Products,378.3500061035156,False,328.62,False,True,9.59,4.5,True,6718.0,HOLD
RCF,Rashtriya Chemicals and Fertilizers Limited,Basic Materials,Agricultural Inputs,127.4000015258789,False,427.45,False,False,-13.75,-18.77,False,21452.0,EXIT
DYNAMATECH,Dynamatic Technologies Limited,Consumer Cyclical,Auto Parts,10272.0,False,32.41,False,True,50.15,51.01,True,1626.0,HOLD
MBAPL,Madhya Bharat Agro Products Limited,Basic Materials,Agricultural Inputs,165.85000610351562,True,119.72999999999999,False,True,84.3,78.99,True,,HOLD
JKLAKSHMI,JK Lakshmi Cement Limited,Basic Materials,Building Materials,564.6500244140625,False,331.15,False,False,-39.3,-44.25,False,6788.0,EXIT
SUPRIYA,Supriya Lifescience Limited,Healthcare,Biotechnology,859.9000244140625,False,209.13,False,True,21.94,26.34,True,696.0,HOLD
DBL,Dilip Buildcon Limited,Industrials,Engineering & Construction,420.54998779296875,False,1302.36,True,False,-10.94,-14.99,False,10537.0,EXIT
HNDFDS,Hindustan Foods Limited,Industrials,Conglomerates,574.0499877929688,False,144.62999999999997,True,True,7.24,3.14,True,3564.0,HOLD
SUPRAJIT,Suprajit Engineering Limited,Consumer Cyclical,Auto Parts,499.45001220703125,False,182.67000000000002,True,True,5.28,6.25,True,3277.0,HOLD
BALAMINES,Balaji Amines Limited,Basic Materials,Specialty Chemicals,2133.300048828125,False,204.14000000000001,False,True,23.38,18.25,True,2346.0,HOLD
GALAXYSURF,Galaxy Surfactants Limited,Basic Materials,Specialty Chemicals,1950.0,False,267.38,False,True,-25.08,-30.07,False,4462.0,EXIT
ETHOSLTD,Ethos Limited,Consumer Cyclical,Luxury Goods,2575.39990234375,False,94.77,False,False,-10.09,-9.08,False,1252.0,EXIT
BIRLACORPN,Birla Corporation Limited,Basic Materials,Building Materials,885.0,False,553.75,False,False,-33.5,-38.47,False,9656.0,EXIT
NEPHROPLUS,NEPHROPLUS,Healthcare,Medical Care Facilities,683.0999755859375,False,107.59,False,False,,,False,756.0,EXIT
BAJAJCON,Bajaj Consumer Care Limited,Consumer Defensive,Household & Personal Products,538.0999755859375,False,223.01,True,True,141.93,132.94,True,984.0,HOLD
INOXGREEN,Inox Green Energy Services Limited,Utilities,Utilities - Renewable,175.25,False,102.41,True,False,13.33,1.95,True,368.0,HOLD
PRECWIRE,Precision Wires India Limited,Industrials,Electrical Equipment & Parts,354.29998779296875,False,155.27,True,True,97.89,93.58,True,881.0,HOLD
CAMPUS,Campus Activewear Limited,Consumer Cyclical,Footwear & Accessories,220.35000610351562,False,150.08999999999997,False,False,-21.99,-20.95,False,1194.0,EXIT
TRANSRAILL,TRANSRAILL,Industrials,Engineering & Construction,502.95001220703125,False,403.04,False,False,-29.6,-33.61,False,5308.0,EXIT
ASHAPURMIN,Ashapura Minechem Limited,Basic Materials,Other Industrial Metals & Mining,706.4500122070312,False,401.41,False,True,32.66,27.5,True,2739.0,HOLD
POWERICA,POWERICA,Industrials,Specialty Industrial Machinery,524.5999755859375,False,0.0,False,False,,,False,2653.0,EXIT
SPARC,Sun Pharma Advanced Research Company Limited,Healthcare,Drug Manufacturers - Specialty & Generic,206.2100067138672,False,1969.4799999999998,True,True,30.25,34.6,True,239.0,HOLD
FDC,FDC Limited,Healthcare,Drug Manufacturers - Specialty & Generic,407.45001220703125,False,281.42,False,True,-23.07,-18.37,False,2108.0,EXIT
GOKULAGRO,Gokul Agro Resources Limited,Consumer Defensive,Packaged Foods,225.14999389648438,False,421.34,True,True,51.98,43.58,True,19551.0,HOLD
AJAXENGG,AJAXENGG,Industrials,Farm & Heavy Construction Machinery,581.25,False,225.14999999999998,False,True,-11.98,-16.03,False,,EXIT
AXISCADES,AXISCADES Technologies Limited,Industrials,Engineering & Construction,1523.5,False,71.92,False,False,18.98,14.86,True,1031.0,EXIT
SENCO,Senco Gold Limited,Consumer Cyclical,Luxury Goods,403.20001220703125,False,574.31,True,True,25.6,26.52,True,6328.0,HOLD
SUNFLAG,Sunflag Iron and Steel Company Limited,Basic Materials,Steel,357.79998779296875,False,202.35000000000002,False,True,26.01,20.87,True,3536.0,HOLD
LATENTVIEW,Latent View Analytics Limited,Industrials,Consulting Services,310.45001220703125,False,153.45,False,False,-22.74,-26.77,False,848.0,EXIT
ACI,Archean Chemical Industries Limited,Basic Materials,Chemicals,561.2000122070312,False,96.83000000000001,False,False,-11.34,-16.37,False,1441.0,EXIT
PAISALO,Paisalo Digital Limited,Financial Services,Credit Services,71.05999755859375,False,237.2,True,True,125.43,124.07,True,,HOLD
MAPMYINDIA,C. E. Info Systems Limited,Technology,Software - Infrastructure,1184.75,False,134.16000000000003,False,False,-34.93,-37.47,False,463.0,EXIT
KOVAI,Kovai Medical Center and Hospital Limited,Healthcare,Medical Care Facilities,5948.5,True,240.79999999999998,False,False,,,False,,EXIT
VIKRAMSOLR,VIKRAMSOLR,Technology,Solar,175.60000610351562,False,318.2,False,False,,,False,3423.0,EXIT
MAXESTATES,MAXESTATES,Real Estate,Real Estate - Development,387.8999938964844,False,29.549999999999997,False,False,-5.38,-22.59,False,160.0,EXIT
GREENLAM,Greenlam Industries Limited,Consumer Cyclical,"Furnishings, Fixtures & Appliances",252.1999969482422,False,87.32000000000001,False,True,2.09,3.06,True,2569.0,HOLD
SHAKTIPUMP,Shakti Pumps (India) Limited,Industrials,Specialty Industrial Machinery,523.5499877929688,False,212.32999999999998,False,False,-40.65,-44.64,False,2516.0,EXIT
BECTORFOOD,Mrs. Bectors Food Specialities Limited,Consumer Defensive,Packaged Foods,206.4600067138672,False,140.88,True,False,-26.2,-34.08,False,1742.0,EXIT
GSFC,Gujarat State Fertilizers & Chemicals Limited,Basic Materials,Agricultural Inputs,159.22999572753906,False,672.78,False,False,-20.67,-25.67,False,11369.0,EXIT
PNCINFRA,PNC Infratech Limited,Industrials,Engineering & Construction,239.6300048828125,False,831.6600000000001,False,True,-22.43,-26.47,False,8650.0,EXIT
UNIMECH,UNIMECH,Industrials,Aerospace & Defense,1173.4000244140625,False,63.28,False,True,3.58,-0.51,False,243.0,EXIT
DODLA,Dodla Dairy Limited,Consumer Defensive,Food Distribution,1041.800048828125,False,241.98000000000002,False,False,-13.91,-21.87,False,3720.0,EXIT
KENNAMET,Kennametal India Limited,Industrials,Tools & Accessories,2818.699951171875,False,138.5,False,False,,,False,,EXIT
VMART,V-Mart Retail Limited,Consumer Cyclical,Department Stores,764.2000122070312,False,155.35,False,True,-8.47,-7.47,False,,EXIT
GANESHHOU,Ganesh Housing Limited,Real Estate,Real Estate - Development,746.7000122070312,False,250.12,False,True,-2.7,-19.95,False,959.0,EXIT
KALPATARU,KALPATARU,Real Estate,Real Estate - Development,290.75,False,282.26,True,False,-13.0,-30.11,False,3633.0,EXIT
IBULLSLTD,IBULLSLTD,Real Estate,Real Estate - Development,27.3799991607666,False,419.07,False,True,96.51,77.99,True,310.0,HOLD
KUSUMGAR,KUSUMGAR,Consumer Cyclical,Textile Manufacturing,570.2000122070312,False,0.0,False,False,,,False,,EXIT
DBREALTY,Valor Estate Limited,Real Estate,Real Estate - Development,113.83999633789062,False,143.98,False,False,-23.66,-40.64,False,1133.0,EXIT
FIEMIND,Fiem Industries Limited,Consumer Cyclical,Auto Parts,2367.0,False,255.59,True,True,16.52,17.47,True,2423.0,HOLD
JUSTDIAL,Just Dial Limited,Communication Services,Internet Content & Information,741.6500244140625,False,543.8000000000001,True,True,3.91,-15.14,False,1043.0,HOLD
JSFB,Jana Small Finance Bank Limited,Financial Services,Banks - Regional,563.3499755859375,False,406.65999999999997,False,True,20.01,19.12,True,,HOLD
ISGEC,Isgec Heavy Engineering Limited,Industrials,Specialty Industrial Machinery,846.2000122070312,False,239.20999999999998,False,False,-22.49,-26.52,False,6422.0,EXIT
KMEW,Knowledge Marine & Engineering Works Limited,Industrials,Marine Shipping,2529.0,False,82.08,True,True,199.62,195.08,True,195.0,HOLD
AARTIPHARM,Aarti Pharmalabs Limited,Healthcare,Drug Manufacturers - Specialty & Generic,674.2999877929688,False,186.5,False,False,-35.92,-31.14,False,2115.0,EXIT
EBGNG,EBGNG,Technology,Computer Hardware,528.6500244140625,False,142.43,False,True,60.42,57.29,True,1411.0,HOLD
ARVINDFASN,Arvind Fashions Limited,Consumer Cyclical,Apparel Retail,446.8999938964844,False,94.68,True,False,-21.8,-20.76,False,4644.0,EXIT
SENORES,SENORES,Healthcare,Drug Manufacturers - General,1292.4000244140625,False,126.37,True,True,78.9,82.92,True,398.0,HOLD
ITDC,India Tourism Development Corporation Limited,Consumer Cyclical,Lodging,696.9000244140625,False,82.69999999999999,True,True,13.95,14.9,True,570.0,HOLD
DCBBANK,DCB Bank Limited,Financial Services,Banks - Regional,187.5500030517578,False,760.85,True,True,30.68,29.75,True,,HOLD
GOKEX,Gokaldas Exports Limited,Consumer Cyclical,Apparel Manufacturing,804.4000244140625,False,100.12,False,True,-13.03,-12.02,False,3864.0,EXIT
CEIGALL,CEIGALL,Industrials,Engineering & Construction,342.75,False,311.88,False,True,39.06,34.88,True,3437.0,HOLD
SIS,SIS Limited,Industrials,Security & Protection Services,424.25,False,414.55,True,True,12.15,8.04,True,4931.0,HOLD
TVSSCS,TVS Supply Chain Solutions Limited,Industrials,Integrated Freight & Logistics,135.11000061035156,False,114.28,True,True,6.78,2.68,True,9996.0,HOLD
SKIPPER,Skipper Limited,Industrials,Engineering & Construction,527.75,False,213.14,True,True,10.39,6.29,True,4624.0,HOLD
SAPPHIRE,Sapphire Foods India Limited,Consumer Cyclical,Restaurants,185.11000061035156,False,33.23,False,False,-45.0,-43.91,False,2451.0,EXIT
CORDELIA,CORDELIA,Industrials,Marine Shipping,787.1500244140625,False,28.93,False,False,,,False,,EXIT
ALOKINDS,Alok Industries Limited,Consumer Cyclical,Textile Manufacturing,11.920000076293945,False,719.98,False,False,-40.72,-39.64,False,24153.0,EXIT
TIIL,Technocraft Industries (India) Limited,Industrials,Tools & Accessories,2556.300048828125,False,285.30999999999995,True,True,-20.72,-24.75,False,2596.0,HOLD
MASTEK,Mastek Limited,Technology,Information Technology Services,1930.199951171875,False,412.43,True,True,-21.52,-24.14,False,3455.0,HOLD
MASFIN,MAS Financial Services Limited,Financial Services,Credit Services,319.5,False,389.33,True,True,2.16,1.35,True,,HOLD
FEDFINA,Fedbank Financial Services Limited,Financial Services,Credit Services,152.85000610351562,False,302.82,True,True,15.82,14.95,True,,HOLD
AEROFLEX,Aeroflex Industries Limited,Industrials,Metal Fabrication,435.45001220703125,False,60.09,False,True,132.36,127.98,True,373.0,HOLD
STYLAMIND,Stylam Industries Limited,Consumer Cyclical,"Furnishings, Fixtures & Appliances",3359.39990234375,False,169.77,True,True,86.52,87.3,True,1025.0,HOLD
PRAJIND,Praj Industries Limited,Industrials,Engineering & Construction,311.8999938964844,False,69.15,False,False,-31.59,-35.6,False,3528.0,EXIT
MOIL,MOIL Limited,Basic Materials,Other Industrial Metals & Mining,281.04998779296875,False,303.59000000000003,False,False,-15.36,-20.38,False,1438.0,EXIT
OPTIEMUS,Optiemus Infracom Limited,Technology,Electronics & Computer Distribution,618.8499755859375,False,66.01,False,True,6.69,3.9,True,4106.0,HOLD
KSHINTL,KSHINTL,Industrials,Electrical Equipment & Parts,830.9500122070312,False,99.0,False,False,,,False,1928.0,EXIT
HAPPSTMNDS,Happiest Minds Technologies Limited,Technology,Information Technology Services,380.45001220703125,False,226.2,False,False,-38.72,-41.23,False,2061.0,EXIT
GOLDIAM,Goldiam International Limited,Consumer Cyclical,Luxury Goods,375.70001220703125,False,170.60000000000002,True,True,43.02,43.9,True,781.0,HOLD
KRISHANA,Krishana Phoschem Limited,Basic Materials,Agricultural Inputs,180.0500030517578,True,146.98000000000002,False,True,65.84,60.59,True,,HOLD
HCC,Hindustan Construction Company Limited,Industrials,Engineering & Construction,21.440000534057617,False,117.73999999999998,False,True,-15.94,-19.98,False,10668.0,EXIT
STYL,STYL,Technology,Software - Infrastructure,345.29998779296875,False,263.76,False,True,,,False,1558.0,EXIT
NIRLON,Nirlon Limited,Real Estate,Real Estate Services,620.4000244140625,True,345.98,False,False,,,False,,EXIT
CSBBANK,CSB Bank Limited,Financial Services,Banks - Regional,326.95001220703125,False,664.62,False,False,-24.04,-24.73,False,,EXIT
RPEL,Raghav Productivity Enhancers Limited,Basic Materials,Chemicals,1274.800048828125,True,60.53,True,True,99.28,93.94,True,200.0,ADD
INNOVACAP,Innova Captab Limited,Healthcare,Drug Manufacturers - Specialty & Generic,969.5499877929688,False,140.92,False,True,-1.26,3.29,False,1244.0,EXIT
SETL,Standard Engineering Technology Limited,Industrials,Specialty Industrial Machinery,270.25,False,80.05000000000001,False,True,46.38,42.19,True,614.0,HOLD
GREAVESCOT,Greaves Cotton Limited,Industrials,Specialty Industrial Machinery,238.0500030517578,False,105.17999999999999,False,True,6.95,2.85,True,2918.0,HOLD
NEOGEN,Neogen Chemicals Limited,Basic Materials,Specialty Chemicals,1988.0999755859375,False,35.559999999999995,False,True,31.38,26.23,True,778.0,HOLD
CCAVENUE,AvenuesAI Limited,Technology,Software - Infrastructure,15.979999542236328,False,279.03,True,False,1.26,-1.5,False,3993.0,EXIT
SAATVIKGL,Saatvik Green Energy Limited,Technology,Solar,433.54998779296875,False,337.28,False,True,,,False,2158.0,EXIT
AHLUCONT,Ahluwalia Contracts (India) Limited,Industrials,Engineering & Construction,819.2999877929688,False,265.85999999999996,False,False,-17.39,-21.43,False,4099.0,EXIT
RPTECH,Rashi Peripherals Limited,Technology,Electronics & Computer Distribution,833.5499877929688,True,277.58,True,True,192.25,188.31,True,13258.0,ADD
ENTERO,Entero Healthcare Solutions Limited,Healthcare,Medical Distribution,1243.0,False,115.04,True,True,-11.84,-7.21,False,409.0,HOLD
SMARTWORKS,SMARTWORKS,Real Estate,Real Estate Services,469.04998779296875,False,22.39,True,True,26.76,9.14,True,1374.0,HOLD
PRSMJOHNSN,Prism Johnson Limited,Basic Materials,Building Materials,104.8499984741211,False,88.85000000000001,False,False,-31.45,-36.42,False,7427.0,EXIT
KISSHT,KISSHT,Financial Services,Credit Services,317.79998779296875,False,154.82,False,False,,,False,,EXIT
SUBROS,Subros Limited,Consumer Cyclical,Auto Parts,783.2999877929688,False,165.64999999999998,True,False,-14.01,-12.99,False,3368.0,EXIT
IFBIND,IFB Industries Limited,Consumer Cyclical,"Furnishings, Fixtures & Appliances",1315.699951171875,False,111.64,False,False,-3.74,-2.75,False,5092.0,EXIT
CYIENTDLM,Cyient DLM Limited,Industrials,Aerospace & Defense,670.0499877929688,False,57.410000000000004,False,True,50.65,46.45,True,1520.0,HOLD
INDIGOPNTS,Indigo Paints Limited,Basic Materials,Specialty Chemicals,1080.9000244140625,False,177.63,True,True,-7.47,-12.52,False,1277.0,HOLD
GULFOILLUB,Gulf Oil Lubricants India Limited,Basic Materials,Specialty Chemicals,1054.300048828125,False,347.63,False,False,-10.84,-15.87,False,3554.0,EXIT
JAIBALAJI,Jai Balaji Industries Limited,Basic Materials,Steel,57.709999084472656,False,129.95,False,False,-46.07,-51.0,False,6414.0,EXIT
JAMNAAUTO,Jamna Auto Industries Limited,Consumer Cyclical,Auto Parts,131.17999267578125,False,230.98000000000002,False,True,39.74,40.63,True,2361.0,HOLD
SHILCTECH,Shilchar Technologies Limited,Industrials,Electrical Equipment & Parts,4580.5,False,112.22,False,False,,,False,623.0,EXIT
CENTUM,Centum Electronics Limited,Technology,Electronic Components,3446.800048828125,False,72.10000000000001,True,True,55.99,52.89,True,750.0,HOLD
SURYAROSNI,Surya Roshni Limited,Basic Materials,Steel,239.10000610351562,False,285.81,False,False,-26.33,-31.32,False,7997.0,EXIT
CRAMC,CRAMC,Financial Services,Asset Management,259.9700012207031,False,230.68999999999997,False,False,,,False,,EXIT
PTC,PTC India Limited,Utilities,Utilities - Independent Power Producers,169.1300048828125,False,605.63,False,False,-3.74,-14.66,False,18346.0,EXIT
VADILALIND,Vadilal Industries Limited,Consumer Defensive,Packaged Foods,7263.5,True,155.42000000000002,True,True,43.09,34.76,True,1238.0,ADD
IONEXCHANG,Ion Exchange (India) Limited,Industrials,Pollution & Treatment Controls,420.70001220703125,False,156.49,False,True,-7.88,-11.95,False,2737.0,EXIT
PDSL,PDS Limited,Industrials,Specialty Business Services,345.04998779296875,False,127.16999999999999,False,True,-1.8,-5.88,False,12578.0,EXIT
CARERATING,CARE Ratings Limited,Financial Services,Financial Data & Stock Exchanges,1709.5,False,171.17999999999998,True,True,-0.84,-1.63,False,402.0,HOLD
DEEDEV,DEEDEV,Industrials,Metal Fabrication,646.25,False,195.54,True,True,128.11,123.74,True,827.0,HOLD
LGBBROSLTD,L.G. Balakrishnan & Bros Limited,Consumer Cyclical,Auto Parts,1588.4000244140625,False,309.17,True,False,22.78,23.7,True,2578.0,HOLD
BALUFORGE,Balu Forge Industries Limited,Industrials,Metal Fabrication,440.3500061035156,False,258.9,True,False,-27.06,-31.08,False,924.0,EXIT
RUSTOMJEE,Keystone Realtors Limited,Real Estate,Real Estate - Development,404.75,False,78.86000000000001,False,False,-21.52,-38.52,False,2222.0,EXIT
GOODLUCK,Goodluck India Limited,Basic Materials,Steel,1517.5,False,180.43,True,True,39.98,34.8,True,3936.0,HOLD
EMIL,Electronics Mart India Limited,Consumer Cyclical,Specialty Retail,130.16000366210938,False,107.13000000000001,False,True,-1.27,-0.29,False,6965.0,EXIT
ORCHPHARMA,Orchid Pharma Limited,Healthcare,Drug Manufacturers - Specialty & Generic,1000.25,False,57.019999999999996,False,True,35.15,39.47,True,1948.0,HOLD
SHARDAMOTR,Sharda Motor Industries Limited,Consumer Cyclical,Auto Parts,855.5499877929688,False,339.93,True,False,-22.38,-21.35,False,2837.0,EXIT
PURVA,Puravankara Limited,Real Estate,Real Estate - Development,213.02000427246094,False,283.39,True,False,-11.92,-29.05,False,2185.0,EXIT
QUESS,Quess Corp Limited,Industrials,Staffing & Employment Services,332.54998779296875,False,251.93,False,True,14.62,10.5,True,19100.0,HOLD
LXCHEM,Laxmi Organic Industries Limited,Basic Materials,Specialty Chemicals,178.47999572753906,False,136.06,False,True,-9.91,-14.94,False,3084.0,EXIT
BLISSGVS,Bliss GVS Pharma Limited,Healthcare,Drug Manufacturers - Specialty & Generic,455.1499938964844,False,129.14,False,True,142.5,146.1,True,899.0,HOLD
LUMAXIND,Lumax Industries Limited,Consumer Cyclical,Auto Parts,5205.5,False,172.48000000000002,True,False,28.64,29.55,True,3400.0,HOLD
THOMASCOOK,Thomas Cook (India) Limited,Consumer Cyclical,Travel Services,104.2699966430664,False,218.85000000000002,False,False,-41.89,-40.81,False,11248.0,EXIT
GUJALKALI,Gujarat Alkalies and Chemicals Limited,Basic Materials,Chemicals,670.7999877929688,False,106.25,False,True,18.07,12.96,True,4516.0,HOLD
BANSALWIRE,BANSALWIRE,Basic Materials,Steel,315.04998779296875,False,143.08,False,True,-19.73,-24.74,False,3507.0,EXIT
DATAMATICS,Datamatics Global Services Limited,Technology,Information Technology Services,821.5999755859375,False,175.82999999999998,False,True,-12.11,-14.79,False,1723.0,EXIT
SSWL,Steel Strips Wheels Limited,Consumer Cyclical,Auto Parts,310.3599853515625,True,212.43000000000004,False,True,31.07,31.97,True,4429.0,HOLD
TRIVENI,Triveni Engineering & Industries Limited,Consumer Defensive,Confectioners,221.5,False,257.32,False,False,-30.12,-37.96,False,5689.0,EXIT
GVPIL,GE Power India Limited,Industrials,Engineering & Construction,739.6500244140625,False,252.60999999999999,True,True,148.43,144.0,True,3343.0,HOLD
PILANIINVS,Pilani Investment and Industries Corporation Limited,Financial Services,Asset Management,4317.7001953125,False,67.87,False,False,-17.7,-18.41,False,305.0,EXIT
SWSOLAR,Sterling and Wilson Renewable Energy Limited,Technology,Solar,203.9600067138672,False,223.53,False,False,-27.25,-29.84,False,8210.0,EXIT
RBA,Restaurant Brands Asia Limited,Consumer Cyclical,Restaurants,67.01000213623047,False,184.77,True,True,-22.53,-21.49,False,2551.0,HOLD
SYMPHONY,Symphony Limited,Consumer Cyclical,"Furnishings, Fixtures & Appliances",683.5,False,359.0,True,False,-43.51,-42.43,False,1576.0,EXIT
ICRA,ICRA Limited,Financial Services,Financial Data & Stock Exchanges,4923.0,False,189.87,True,False,-26.83,-27.51,False,498.0,EXIT
TFCILTD,Tourism Finance Corporation of India Limited,Financial Services,Credit Services,101.0,True,154.12,True,True,73.96,72.84,True,,ADD
UNIVCABLES,Universal Cables Limited,Industrials,Electrical Equipment & Parts,1331.300048828125,True,163.1,True,True,85.35,81.07,True,2407.0,ADD
EPIGRAL,Epigral Limited,Basic Materials,Chemicals,1105.300048828125,False,271.02,False,False,-44.53,-49.46,False,2550.0,EXIT
RTNPOWER,RattanIndia Power Limited,Utilities,Utilities - Independent Power Producers,8.390000343322754,False,156.06,False,False,-27.42,-37.69,False,3364.0,EXIT
RENUKA,Shree Renuka Sugars Limited,Consumer Defensive,Confectioners,21.8700008392334,False,515.1,False,False,-21.65,-29.55,False,11844.0,EXIT
YASHO,Yasho Industries Limited,Basic Materials,Specialty Chemicals,3215.60009765625,False,25.259999999999998,False,True,66.13,60.88,True,672.0,HOLD
VRLLOG,VRL Logistics Limited,Industrials,Trucking,259.1000061035156,False,261.2,False,True,-13.52,-17.58,False,,EXIT
NORTHARC,Northern Arc Capital Limited,Financial Services,Credit Services,285.8999938964844,False,428.64,False,True,19.69,18.81,True,,HOLD
HIRECT,Hind Rectifiers Limited,Industrials,Electrical Equipment & Parts,1300.4000244140625,True,44.68,True,True,35.07,30.9,True,655.0,ADD
AGI,AGI Greenpac Limited,Consumer Cyclical,Packaging & Containers,709.25,False,375.03,True,True,-29.77,-28.72,False,2712.0,HOLD
FCL,Fineotex Chemical Limited,Basic Materials,Specialty Chemicals,37.72999954223633,False,122.34999999999998,False,True,44.49,39.3,True,569.0,HOLD
RPGLIFE,RPG Life Sciences Limited,Healthcare,Drug Manufacturers - Specialty & Generic,2778.10009765625,False,109.07999999999998,False,True,8.6,13.09,True,653.0,HOLD
MPSLTD,MPS Limited,Communication Services,Publishing,2650.199951171875,False,188.37,True,True,28.69,9.31,True,727.0,HOLD
RESPONIND,Responsive Industries Limited,Basic Materials,Specialty Chemicals,170.99000549316406,False,148.42000000000002,False,False,-21.38,-26.38,False,2515.0,EXIT
DHANUKA,Dhanuka Agritech Limited,Basic Materials,Agricultural Inputs,1032.699951171875,False,268.77,False,False,-42.84,-47.78,False,2035.0,EXIT
NETWORK18,Network18 Media & Investments Limited,Communication Services,Entertainment,29.290000915527344,False,223.24,False,False,-31.67,-50.24,False,9297.0,EXIT
TEXRAIL,Texmaco Rail & Engineering Limited,Industrials,Railroads,111.38999938964844,False,195.14000000000001,False,False,-22.65,-26.68,False,5107.0,EXIT
HAWKINCOOK,Hawkins Cookers Limited,Consumer Cyclical,"Furnishings, Fixtures & Appliances",8530.5,False,103.68,False,False,,,False,,EXIT
SGFIN,SG Finserve Limited,Financial Services,Capital Markets,658.7999877929688,False,152.94000000000003,False,True,,,False,,EXIT
VAIBHAVGBL,Vaibhav Global Limited,Consumer Cyclical,Luxury Goods,266.3599853515625,False,252.64999999999998,False,True,13.64,14.59,True,3380.0,HOLD
SUNTECK,Sunteck Realty Limited,Real Estate,Real Estate - Development,302.29998779296875,False,197.36,True,False,-8.27,-25.44,False,808.0,EXIT
PACEDIGITK,Pace Digitek Limited,Technology,Communication Equipment,205.3800048828125,False,296.31,False,True,,,False,2321.0,EXIT
NACLIND,NACL Industries Limited,Basic Materials,Agricultural Inputs,188.57000732421875,False,31.86,False,True,-36.18,-41.14,False,2116.0,EXIT
SWARAJENG,Swaraj Engines Limited,Consumer Cyclical,Auto Parts,3607.5,False,202.16,False,False,-18.56,-17.53,False,,EXIT
MHRIL,Mahindra Holidays & Resorts India Limited,Consumer Cyclical,Resorts & Casinos,215.91000366210938,False,60.31999999999999,False,False,-43.43,-42.35,False,1400.0,EXIT
ELECTCAST,Electrosteel Castings Limited,Industrials,Building Products & Equipment,70.6500015258789,False,205.2,False,False,-34.7,-38.7,False,7478.0,EXIT
BANARISUG,Bannari Amman Sugars Limited,Consumer Defensive,Confectioners,3497.10009765625,False,147.92000000000002,False,False,-1.53,-9.57,False,,EXIT
STYRENIX,Styrenix Performance Materials Limited,Basic Materials,Chemicals,2457.60009765625,False,186.46000000000004,False,True,-12.59,-17.62,False,2982.0,EXIT
ANUP,The Anup Engineering Limited,Industrials,Specialty Industrial Machinery,2154.699951171875,False,110.38000000000001,False,True,-18.41,-22.45,False,733.0,EXIT
MSTCLTD,MSTC Limited,Industrials,Conglomerates,618.2000122070312,False,218.43,False,True,31.09,26.94,True,5689.0,HOLD
IDEAFORGE,ideaForge Technology Limited,Technology,Computer Hardware,875.0999755859375,False,143.11,False,True,96.85,93.5,True,317.0,HOLD
JUNIPER,Juniper Hotels Limited,Consumer Cyclical,Lodging,195.6300048828125,False,141.61,True,False,-38.86,-37.79,False,944.0,EXIT
RTNINDIA,RattanIndia Enterprises Limited,Consumer Cyclical,Internet Retail,31.34000015258789,False,1170.8600000000001,True,False,-45.75,-44.65,False,6866.0,EXIT
RAYMONDLSL,Raymond Lifestyle Limited,Consumer Cyclical,Apparel Manufacturing,731.7000122070312,False,159.69,True,False,-38.4,-37.33,False,6535.0,EXIT
MIDWESTLTD,MIDWESTLTD,Basic Materials,Building Materials,1194.0999755859375,False,115.20000000000002,False,False,,,False,370.0,EXIT
SBCL,Shivalik Bimetal Controls Limited,Industrials,Metal Fabrication,749.4500122070312,False,95.86000000000001,True,True,42.94,38.76,True,509.0,HOLD
AVANTEL,Avantel Limited,Technology,Communication Equipment,161.88999938964844,False,16.13,False,True,27.58,24.65,True,249.0,HOLD
IOLCP,IOL Chemicals and Pharmaceuticals Limited,Healthcare,Drug Manufacturers - Specialty & Generic,144.64999389648438,False,137.64,False,True,37.55,41.85,True,2217.0,HOLD
SHOPERSTOP,Shoppers Stop Limited,Consumer Cyclical,Department Stores,390.1000061035156,False,62.46,False,True,-29.5,-28.45,False,4436.0,EXIT
63MOONS,63 moons technologies limited,Technology,Software - Application,847.3499755859375,False,56.26,False,True,-14.58,-17.25,False,568.0,EXIT
RAYMONDREL,Raymond Realty Limited,Real Estate,Real Estate - Development,643.0999755859375,False,230.31000000000003,False,True,8.26,-9.12,False,565.0,EXIT
VIPIND,V.I.P. Industries Limited,Consumer Cyclical,Footwear & Accessories,296.1000061035156,False,338.01,True,False,-39.55,-38.48,False,2245.0,EXIT
RALLIS,Rallis India Limited,Basic Materials,Agricultural Inputs,217.00999450683594,False,237.0,False,False,-40.29,-45.24,False,2967.0,EXIT
CMSINFO,CMS Info Systems Limited,Industrials,Specialty Business Services,263.70001220703125,False,327.6,False,False,-40.85,-44.84,False,2425.0,EXIT
LASERPOWER,LASERPOWER,Industrials,Electrical Equipment & Parts,300.4200134277344,True,0.0,False,False,,,False,,EXIT
WEBELSOLAR,Websol Energy System Limited,Technology,Solar,94.97000122070312,False,256.64,True,True,-30.79,-33.35,False,575.0,HOLD
RAMRAT,Ram Ratna Wires Limited,Industrials,Electrical Equipment & Parts,460.25,True,107.06,True,True,21.78,17.65,True,3677.0,ADD
TATVA,Tatva Chintan Pharma Chem Limited,Basic Materials,Specialty Chemicals,1788.199951171875,False,51.38,False,True,56.07,50.85,True,434.0,HOLD
REFEX,Refex Industries Limited,Energy,Thermal Coal,298.6499938964844,False,229.71000000000004,True,True,-41.2,-35.84,False,2468.0,HOLD
KIRLOSIND,Kirloskar Industries Limited,Industrials,Metal Fabrication,3759.300048828125,False,158.92,False,True,-9.54,-13.6,False,6629.0,EXIT
WAKEFIT,WAKEFIT,Consumer Cyclical,"Furnishings, Fixtures & Appliances",125.45999908447266,False,182.20999999999998,False,False,,,False,,EXIT
VISHNU,Vishnu Chemicals Limited,Basic Materials,Specialty Chemicals,618.0999755859375,True,142.26,False,True,12.24,7.14,True,1447.0,HOLD
SOTL,Savita Oil Technologies Limited,Basic Materials,Specialty Chemicals,588.0999755859375,False,181.83,False,True,47.54,42.35,True,3813.0,HOLD
MUTHOOTMF,MUTHOOTMF,Financial Services,Credit Services,246.8800048828125,True,540.89,False,True,47.76,46.75,True,,HOLD
AYE,AYE,Financial Services,Credit Services,161.10000610351562,False,225.01,False,False,,,False,,EXIT
MAHLOG,Mahindra Logistics Limited,Industrials,Integrated Freight & Logistics,402.6499938964844,False,59.629999999999995,False,True,16.8,12.68,True,6105.0,HOLD
KDDL,KDDL Limited,Consumer Cyclical,Luxury Goods,3191.800048828125,False,88.10999999999999,False,True,14.6,15.54,True,1648.0,HOLD
TARC,TARC Limited,Real Estate,Real Estate - Development,133.97000122070312,False,92.64,True,False,-14.58,-31.67,False,369.0,EXIT
AURIONPRO,Aurionpro Solutions Limited,Technology,Software - Application,734.4000244140625,False,200.82,True,False,-46.88,-49.35,False,1173.0,EXIT
MOSCHIP,MOSCHIP,Technology,Semiconductor Equipment & Materials,205.39999389648438,False,25.66,False,False,22.99,20.09,True,387.0,EXIT
INDOSTAR,IndoStar Capital Finance Limited,Financial Services,Credit Services,260.54998779296875,False,989.2800000000001,True,True,-11.9,-12.65,False,,HOLD
GHCL,GHCL Limited,Basic Materials,Chemicals,440.04998779296875,False,516.03,False,False,-27.81,-32.8,False,4545.0,EXIT
SANATHAN,SANATHAN,Consumer Cyclical,Textile Manufacturing,464.3500061035156,False,86.89,False,True,-13.51,-12.5,False,3329.0,EXIT
POCL,Pondy Oxides And Chemicals Limited,Basic Materials,Specialty Chemicals,527.5999755859375,False,114.61,False,True,13.36,8.26,True,2057.0,HOLD
SAMHI,SAMHI Hotels Limited,Consumer Cyclical,Lodging,186.07000732421875,False,456.43000000000006,True,True,-22.57,-21.53,False,1130.0,HOLD
KSCL,Kaveri Seed Company Limited,Basic Materials,Agricultural Inputs,797.6500244140625,False,382.32,True,False,-26.78,-31.77,False,1202.0,EXIT
MANINDS,Man Industries (India) Limited,Basic Materials,Steel,529.4000244140625,False,170.49,False,True,18.01,12.89,True,3505.0,HOLD
NRBBEARING,NRB Bearings Limited,Consumer Cyclical,Auto Parts,416.1499938964844,False,142.75,False,True,36.89,37.78,True,1078.0,HOLD
MANINFRA,Man Infraconstruction Limited,Industrials,Engineering & Construction,96.08999633789062,False,200.57999999999998,False,False,-44.34,-48.33,False,1890.0,EXIT
CAPILLARY,CAPILLARY,Technology,Software - Infrastructure,497.3500061035156,False,71.45,True,False,,,False,598.0,EXIT
BAJAJHIND,Bajaj Hindusthan Sugar Limited,Consumer Defensive,Confectioners,16.75,False,684.3100000000001,True,False,-22.72,-30.62,False,6806.0,EXIT
ASHIANA,Ashiana Housing Limited,Real Estate,Real Estate - Development,386.54998779296875,False,117.88999999999999,True,True,36.14,18.4,True,944.0,HOLD
GUFICBIO,Gufic Biosciences Limited,Healthcare,Drug Manufacturers - Specialty & Generic,383.95001220703125,False,64.21000000000001,False,True,-12.1,-7.47,False,820.0,EXIT
GUJTHEM,Gujarat Themis Biosyn Limited,Healthcare,Drug Manufacturers - Specialty & Generic,351.5,False,46.67,False,False,-16.57,-11.92,False,170.0,EXIT
SHAREINDIA,Share India Securities Limited,Financial Services,Capital Markets,171.6699981689453,False,354.71000000000004,False,True,-4.51,-5.28,False,1483.0,EXIT
JTEKTINDIA,JTEKT India Limited,Consumer Cyclical,Auto Parts,134.83999633789062,False,76.9,False,False,-0.45,0.53,False,2044.0,EXIT
AGIIL,AGI Infra Limited,Real Estate,Real Estate - Development,312.1000061035156,False,94.86,True,True,60.07,42.02,True,325.0,HOLD
FOSECOIND,Foseco India Limited,Basic Materials,Chemicals,4969.5,False,87.01,False,False,-6.77,-11.81,False,643.0,EXIT
GMMPFAUDLR,GMM Pfaudler Limited,Industrials,Specialty Industrial Machinery,864.4000244140625,False,63.269999999999996,False,False,-36.77,-40.77,False,3446.0,EXIT
ZOTA,Zota Health Care Limited,Healthcare,Biotechnology,1225.4000244140625,False,70.88,True,False,-7.74,-3.15,False,292.0,EXIT
PSPPROJECT,PSP Projects Limited,Industrials,Engineering & Construction,951.0999755859375,False,57.68,False,True,23.69,19.55,True,2512.0,HOLD
EIEL,EIEL,Industrials,Engineering & Construction,213.61000061035156,False,207.46999999999997,False,True,-14.89,-18.94,False,1046.0,EXIT
RAYMOND,Raymond Limited,Industrials,Specialty Industrial Machinery,580.0999755859375,False,5462.66,False,True,-11.56,-15.62,False,8215.0,EXIT
AARTIDRUGS,Aarti Drugs Limited,Healthcare,Drug Manufacturers - Specialty & Generic,422.75,False,194.92,False,True,-23.66,-18.96,False,2716.0,EXIT
VSTTILLERS,V.S.T. Tillers Tractors Limited,Industrials,Farm & Heavy Construction Machinery,4458.2998046875,False,104.72,False,False,-2.1,-6.18,False,1006.0,EXIT
KERNEX,Kernex Microsystems (India) Limited,Technology,Software - Application,2215.10009765625,False,88.33,True,True,113.82,110.36,True,190.0,HOLD
JINDWORLD,Jindal Worldwide Limited,Consumer Cyclical,Textile Manufacturing,38.34000015258789,False,69.81,False,True,-9.69,-8.69,False,2559.0,EXIT
BAJAJELEC,Bajaj Electricals Limited,Consumer Cyclical,"Furnishings, Fixtures & Appliances",329.25,False,161.58999999999997,False,False,-51.1,-49.99,False,6662.0,EXIT
HEMIPROP,Hemisphere Properties India Limited,Real Estate,Real Estate - Diversified,134.55999755859375,False,8.66,False,False,19.63,2.1,True,,EXIT
KSL,Kalyani Steels Limited,Basic Materials,Steel,880.75,False,257.86,True,True,-1.77,-6.82,False,1982.0,HOLD
DEEPINDS,Deep Industries Limited,Energy,Oil & Gas E&P,548.7999877929688,False,235.19,False,True,9.23,13.19,True,477.0,HOLD
EMUDHRA,eMudhra Limited,Technology,Software - Application,456.54998779296875,False,114.66,True,False,-41.83,-44.33,False,519.0,EXIT
NOVARTIND,Novartis India Limited,Healthcare,Drug Manufacturers - Specialty & Generic,1575.5,False,73.55,False,False,,,False,,EXIT
BOSCH-HCIL,Bosch Home Comfort India Limited,Consumer Cyclical,"Furnishings, Fixtures & Appliances",1310.5,False,115.11,False,False,-29.15,-28.1,False,,EXIT
SANDHAR,Sandhar Technologies Limited,Consumer Cyclical,Auto Parts,626.7999877929688,False,198.66,True,True,25.07,26.0,True,3884.0,HOLD
BHAGCHEM,Bhagiradha Chemicals & Industries Limited,Basic Materials,Agricultural Inputs,269.1000061035156,False,18.17,False,True,-10.84,-15.87,False,502.0,EXIT
SINDHUTRAD,Sindhu Trade Links Limited,Industrials,Conglomerates,24.15999984741211,False,57.44,False,True,-11.76,-15.82,False,1140.0,EXIT
WSTCSTPAPR,West Coast Paper Mills Limited,Basic Materials,Paper & Paper Products,569.5,False,150.59,False,True,9.83,4.74,True,4921.0,HOLD
VSTIND,VST Industries Limited,Consumer Defensive,Tobacco,221.5,False,275.47,True,False,-16.01,-23.95,False,471.0,EXIT
OSWALPUMPS,OSWALPUMPS,Industrials,Electrical Equipment & Parts,334.0,False,376.27000000000004,False,False,-52.02,-55.98,False,1430.0,EXIT
LUXIND,Lux Industries Limited,Consumer Cyclical,Apparel Manufacturing,1253.9000244140625,False,103.81,False,True,-14.17,-13.16,False,2583.0,EXIT
SEAMECLTD,Seamec Limited,Industrials,Marine Shipping,1427.5999755859375,False,306.35,True,True,77.88,73.62,True,729.0,HOLD
ORIENTELEC,Orient Electric Limited,Consumer Cyclical,"Furnishings, Fixtures & Appliances",173.02000427246094,False,115.27,False,False,-23.28,-22.24,False,,EXIT
DBCORP,D. B. Corp Limited,Communication Services,Publishing,211.02000427246094,False,339.26,False,False,-4.67,-23.6,False,2463.0,EXIT
SPECTRUM,SPECTRUM,Industrials,Electrical Equipment & Parts,2440.0,True,50.11,False,True,50.34,46.15,True,397.0,HOLD
ELLEN,ELLEN,Basic Materials,Chemicals,257.45001220703125,False,103.94,False,False,-51.85,-56.76,False,,EXIT
INDIQUBE,INDIQUBE,Real Estate,Real Estate Services,170.58999633789062,False,100.92,False,False,-6.93,-24.12,False,,EXIT
INDOTECH,Indo Tech Transformers Limited,Industrials,Electrical Equipment & Parts,3387.800048828125,False,92.77,False,True,103.45,99.13,True,,HOLD
HARSHA,Harsha Engineers International Limited,Industrials,Tools & Accessories,398.04998779296875,False,155.2,True,True,-5.61,-9.68,False,1408.0,HOLD
JKIL,J. Kumar Infraprojects Limited,Industrials,Engineering & Construction,485.6499938964844,False,410.04,True,False,-29.69,-33.7,False,5693.0,EXIT
TRUALT,TRUALT,Energy,Oil & Gas Refining & Marketing,423.0,False,192.16,True,False,,,False,1908.0,EXIT
UNICHEMLAB,Unichem Laboratories Limited,Healthcare,Drug Manufacturers - Specialty & Generic,523.7000122070312,False,297.56000000000006,False,True,-22.59,-17.89,False,2111.0,EXIT
ROSSTECH,Rossell Techsys Limited,Industrials,Aerospace & Defense,923.25,False,25.740000000000002,False,True,62.49,58.27,True,260.0,HOLD
ROLEXRINGS,Rolex Rings Limited,Industrials,Metal Fabrication,136.9499969482422,False,141.4,False,True,-2.49,-6.57,False,,EXIT
PREMEXPLN,Premier Explosives Limited,Basic Materials,Specialty Chemicals,655.25,False,45.82,True,True,46.52,41.33,True,417.0,HOLD
GREENPLY,Greenply Industries Limited,Basic Materials,Lumber & Wood Production,285.20001220703125,False,98.62,False,True,-11.12,-16.15,False,2488.0,EXIT
SANGHVIMOV,Sanghvi Movers Limited,Industrials,Rental & Leasing Services,433.95001220703125,False,184.29,True,True,70.35,66.11,True,782.0,HOLD
SAMBHV,SAMBHV,Basic Materials,Steel,115.63999938964844,False,124.86,False,True,-6.79,-11.83,False,1511.0,EXIT
MARINE,Marine Electricals (India) Limited,Industrials,Electrical Equipment & Parts,259.54998779296875,False,60.13,True,True,45.88,41.69,True,767.0,HOLD
ADVENZYMES,Advanced Enzyme Technologies Limited,Basic Materials,Specialty Chemicals,306.20001220703125,False,168.72000000000003,True,False,-9.51,-14.54,False,637.0,EXIT
XPROINDIA,Xpro India Limited,Basic Materials,Specialty Chemicals,1500.4000244140625,False,30.2,False,True,36.86,31.69,True,533.0,HOLD
HGINFRA,H.G. Infra Engineering Limited,Industrials,Engineering & Construction,533.0499877929688,False,330.37,False,False,-47.92,-51.89,False,5378.0,EXIT
NFL,National Fertilizers Limited,Basic Materials,Agricultural Inputs,71.11000061035156,False,361.99,False,False,-25.98,-30.97,False,29587.0,EXIT
SMSPHARMA,SMS Pharmaceuticals Limited,Healthcare,Drug Manufacturers - General,373.8999938964844,False,101.97999999999999,True,True,53.0,57.2,True,783.0,HOLD
GRAUWEIL,Grauer & Weil (India) Limited,Basic Materials,Specialty Chemicals,76.94000244140625,False,164.01999999999998,False,False,,,False,,EXIT
POLYPLEX,Polyplex Corporation Limited,Basic Materials,Specialty Chemicals,1103.449951171875,False,83.57000000000001,False,True,1.88,-3.19,False,7652.0,EXIT
HEIDELBERG,HeidelbergCement India Limited,Basic Materials,Building Materials,152.83999633789062,False,139.59,False,False,-26.57,-31.56,False,,EXIT
VENUSPIPES,Venus Pipes and Tubes Limited,Basic Materials,Steel,1661.0999755859375,False,101.96000000000001,False,True,20.07,14.95,True,,HOLD
WHEELS,Wheels India Limited,Consumer Cyclical,Auto Parts,1411.699951171875,False,163.46,True,True,79.57,80.36,True,4977.0,HOLD
KNRCON,KNR Constructions Limited,Industrials,Engineering & Construction,121.8499984741211,False,437.0799999999999,False,False,-41.44,-45.43,False,4753.0,EXIT
KOLTEPATIL,Kolte-Patil Developers Limited,Real Estate,Real Estate - Development,382.95001220703125,False,97.2,False,True,5.99,-11.37,False,1717.0,EXIT
CRIZAC,CRIZAC,Consumer Defensive,Education & Training Services,195.1300048828125,False,174.38,False,False,-35.94,-43.75,False,849.0,EXIT
PITTIENG,Pitti Engineering Limited,Industrials,Metal Fabrication,928.25,False,117.8,False,True,-0.43,-4.52,False,1705.0,EXIT
ROUTE,Route Mobile Limited,Communication Services,Telecom Services,549.2999877929688,False,322.84,False,False,-23.49,-42.17,False,4576.0,EXIT
ASHOKA,Ashoka Buildcon Limited,Industrials,Engineering & Construction,121.08999633789062,False,2549.9999999999995,True,False,-38.23,-42.23,False,10037.0,EXIT
UFLEX,Uflex Limited,Consumer Cyclical,Packaging & Containers,474.6000061035156,False,317.1,False,True,-23.82,-22.78,False,15036.0,EXIT
GOPAL,Gopal Snacks Limited,Consumer Defensive,Packaged Foods,264.20001220703125,False,73.64999999999999,False,False,-17.48,-25.41,False,,EXIT
FUSION,Fusion Finance Limited,Financial Services,Credit Services,198.5800018310547,False,385.05,False,True,18.1,17.22,True,,HOLD
INDRAMEDCO,Indraprastha Medical Corporation Limited,Healthcare,Medical Care Facilities,359.79998779296875,False,175.17,False,False,-31.73,-26.98,False,,EXIT
CARYSIL,Carysil Limited,Consumer Cyclical,"Furnishings, Fixtures & Appliances",1189.0,True,98.19,True,True,28.83,29.74,True,816.0,ADD
RELTD,Ravindra Energy Limited,Technology,Solar,170.82000732421875,False,80.96000000000001,True,True,25.72,22.81,True,765.0,HOLD
NIITMTS,NIIT Learning Systems Limited,Consumer Defensive,Education & Training Services,239.9600067138672,False,255.82,True,False,-18.97,-26.89,False,1653.0,EXIT
UNIPARTS,Uniparts India Limited,Industrials,Farm & Heavy Construction Machinery,728.0,True,158.3,True,True,109.54,105.2,True,929.0,ADD
FILATEX,Filatex India Limited,Consumer Cyclical,Textile Manufacturing,68.33999633789062,False,191.11,True,True,14.09,15.04,True,4252.0,HOLD
MAYURUNIQ,Mayur Uniquoters Limited,Consumer Cyclical,Textile Manufacturing,769.0999755859375,False,191.73,True,True,26.24,27.16,True,880.0,HOLD
ARSSBL,ARSSBL,Financial Services,Financial Conglomerates,508.8500061035156,False,101.91,False,False,,,False,844.0,EXIT
RML,Rane (Madras) Limited,Consumer Cyclical,Auto Parts,1153.4000244140625,False,107.48,True,True,32.92,33.82,True,3463.0,HOLD
DREDGECORP,Dredging Corporation of India Limited,Industrials,Engineering & Construction,1139.4000244140625,False,169.05,False,True,72.44,68.19,True,,HOLD
NPST,NPST,Technology,Software - Application,1505.199951171875,False,46.94,False,True,-27.15,-29.74,False,173.0,EXIT
JASH,Jash Engineering Limited,Industrials,Specialty Industrial Machinery,492.45001220703125,False,85.26,False,True,-12.79,-16.84,False,735.0,EXIT
APCOTEXIND,Apcotex Industries Limited,Basic Materials,Specialty Chemicals,611.3499755859375,False,161.20000000000002,True,True,45.82,40.62,True,352.0,HOLD
GANECOS,Ganesha Ecosphere Limited,Consumer Cyclical,Textile Manufacturing,1204.949951171875,False,39.21,False,True,-22.59,-21.55,False,1133.0,EXIT
SHANTIGEAR,Shanthi Gears Limited,Industrials,Specialty Industrial Machinery,411.45001220703125,False,65.0,False,False,-23.79,-27.82,False,,EXIT
STEELCAS,Steelcast Limited,Basic Materials,Steel,318.04998779296875,True,90.69,False,True,30.22,25.07,True,,HOLD
MOREPENLAB,Morepen Laboratories Limited,Healthcare,Drug Manufacturers - Specialty & Generic,57.040000915527344,False,94.87,False,True,-9.4,-4.79,False,1812.0,EXIT
EUROPRATIK,EUROPRATIK,Basic Materials,Building Materials,305.04998779296875,False,81.94,False,True,,,False,284.0,EXIT
RSYSTEMS,R Systems International Limited,Technology,Information Technology Services,263.4700012207031,False,213.01,True,False,-36.76,-39.28,False,1958.0,EXIT
RPSGVENT,RPSG Ventures Limited,Technology,Information Technology Services,924.25,False,304.16,True,True,-6.88,-9.59,False,9608.0,HOLD
MONARCH,Monarch Networth Capital Limited,Financial Services,Capital Markets,386.20001220703125,False,181.19,True,True,3.27,2.46,True,328.0,HOLD
CHEMPLASTS,Chemplast Sanmar Limited,Basic Materials,Chemicals,201.7100067138672,False,279.87,False,False,-50.99,-55.91,False,5892.0,EXIT
HERITGFOOD,Heritage Foods Limited,Consumer Defensive,Packaged Foods,329.3999938964844,False,124.32999999999998,False,False,-25.18,-33.06,False,4135.0,EXIT
KKCL,Kewal Kiran Clothing Limited,Consumer Cyclical,Apparel Manufacturing,505.6499938964844,False,125.57,False,True,-12.86,-11.85,False,1003.0,EXIT
NITINSPIN,Nitin Spinners Limited,Consumer Cyclical,Textile Manufacturing,525.25,False,177.55,False,True,36.23,37.13,True,,HOLD
CARRARO,CARRARO,Consumer Cyclical,Auto Parts,536.4000244140625,False,130.55,True,True,8.19,9.15,True,1808.0,HOLD
INTERARCH,Interarch Building Solutions Limited,Industrials,Engineering & Construction,1790.4000244140625,False,134.52,False,False,-18.03,-22.08,False,,EXIT
WONDERLA,Wonderla Holidays Limited,Consumer Cyclical,Leisure,477.70001220703125,False,85.22,False,False,-28.27,-27.22,False,,EXIT
STALLION,STALLION,Basic Materials,Specialty Chemicals,260.1199951171875,False,43.84,False,True,91.41,86.08,True,,HOLD
BUILDPRO,Shankara Buildpro Limited,Consumer Cyclical,Home Improvement Retail,1212.199951171875,False,102.75999999999999,False,False,,,False,5267.0,EXIT
TVSSRICHAK,TVS Srichakra Limited,Consumer Cyclical,Auto Parts,3920.699951171875,False,71.23,False,False,25.45,26.37,True,3254.0,EXIT
DPABHUSHAN,D. P. Abhushan Limited,Consumer Cyclical,Luxury Goods,1341.75,False,239.86,True,True,-22.85,-21.82,False,3307.0,HOLD
SANGAMIND,Sangam (India) Limited,Consumer Cyclical,Textile Manufacturing,615.6500244140625,True,121.49,False,True,34.85,35.75,True,2843.0,HOLD
ELPROINTL,Elpro International Limited,Unknown,Unknown,177.00999450683594,True,271.30999999999995,False,False,,,False,,EXIT
ADFFOODS,ADF Foods Limited,Consumer Defensive,Packaged Foods,270.95001220703125,False,91.97,True,True,16.09,7.94,True,590.0,HOLD
NAVNETEDUL,Navneet Education Limited,Communication Services,Publishing,137.07000732421875,False,366.0,False,False,7.5,-11.59,False,1781.0,EXIT
HLEGLAS,HLE Glascoat Limited,Industrials,Specialty Industrial Machinery,424.45001220703125,False,47.77,False,True,0.47,-3.61,False,649.0,EXIT
JTLIND,JTL Industries Limited,Basic Materials,Steel,75.38999938964844,False,98.86999999999999,False,True,8.47,3.38,True,2040.0,HOLD
VSSL,Vardhman Special Steels Limited,Basic Materials,Steel,300.1000061035156,True,108.75999999999999,False,True,14.68,9.58,True,1764.0,HOLD
BALMLAWRIE,Balmer Lawrie & Co. Ltd.,Industrials,Conglomerates,172.1999969482422,False,276.59000000000003,True,False,-16.48,-20.52,False,3254.0,EXIT
DIVGIITTS,Divgi TorqTransfer Systems Limited,Consumer Cyclical,Auto Parts,954.0999755859375,False,46.93,False,True,44.36,45.23,True,,HOLD
DCAL,Dishman Carbogen Amcis Limited,Healthcare,Biotechnology,185.3000030517578,False,101.21000000000001,False,False,-34.78,-30.0,False,2712.0,EXIT
WINDMACHIN,Windsor Machines Limited,Industrials,Specialty Industrial Machinery,278.8999938964844,False,25.96,False,True,-13.66,-17.71,False,393.0,EXIT
PRINCEPIPE,Prince Pipes and Fittings Limited,Industrials,Building Products & Equipment,262.6499938964844,False,77.93,False,False,-21.57,-25.61,False,,EXIT
KITEX,Kitex Garments Limited,Consumer Cyclical,Apparel Manufacturing,145.19000244140625,False,35.61,False,False,-42.72,-41.63,False,983.0,EXIT
POKARNA,Pokarna Limited,Industrials,Building Products & Equipment,918.0,False,80.6,False,True,-2.73,-6.81,False,925.0,EXIT
GATEWAY,Gateway Distriparks Limited,Industrials,Integrated Freight & Logistics,57.86000061035156,False,381.78,True,False,-17.18,-21.22,False,1681.0,EXIT
ANTELOPUS,ANTELOPUS,Energy,Oil & Gas E&P,797.5999755859375,False,132.71,False,True,27.42,30.87,True,,HOLD
BEPL,Bhansali Engineering Polymers Limited,Basic Materials,Chemicals,111.80999755859375,False,205.31,False,True,4.74,-0.34,False,1398.0,EXIT
EFCIL,EFC (I) Limited,Real Estate,Real Estate Services,190.07000732421875,False,246.27,True,False,,,False,657.0,EXIT
MAITHANALL,Maithan Alloys Limited,Basic Materials,Steel,983.7000122070312,False,816.4300000000001,False,False,-8.11,-13.15,False,2989.0,EXIT
TCPLPACK,TCPL Packaging Limited,Consumer Cyclical,Packaging & Containers,3155.39990234375,False,97.79999999999998,False,True,-17.09,-16.06,False,1770.0,EXIT
BBL,Bharat Bijlee Limited,Industrials,Electrical Equipment & Parts,2495.60009765625,False,142.17000000000002,True,False,-15.19,-19.24,False,1902.0,EXIT
DALMIASUG,Dalmia Bharat Sugar and Industries Limited,Consumer Defensive,Confectioners,352.75,False,235.72,False,True,-0.03,-8.08,False,3725.0,EXIT
NSIL,Nalwa Sons Investments Limited,Financial Services,Asset Management,5503.0,False,54.5,False,False,-20.32,-21.02,False,134.0,EXIT
RAMCOIND,Ramco Industries Limited,Industrials,Building Products & Equipment,329.1000061035156,False,306.26,True,True,11.56,7.45,True,1659.0,HOLD
BOROLTD,Borosil Limited,Consumer Cyclical,"Furnishings, Fixtures & Appliances",235.7899932861328,False,74.66,False,False,-32.2,-31.15,False,1090.0,EXIT
ORIENTCEM,Orient Cement Limited,Basic Materials,Building Materials,136.57000732421875,False,365.23,False,False,-42.05,-47.0,False,,EXIT
ROSSARI,Rossari Biotech Limited,Basic Materials,Specialty Chemicals,507.54998779296875,False,147.44,False,False,-24.41,-29.41,False,2080.0,EXIT
DDEVPLSTIK,Ddev Plastiks Industries Limited,Basic Materials,Specialty Chemicals,266.70001220703125,False,201.82000000000002,False,False,-10.36,-15.4,False,,EXIT
JINDALPOLY,Jindal Poly Films Limited,Consumer Cyclical,Packaging & Containers,629.75,False,325.08,False,True,4.7,5.67,True,7557.0,HOLD
DIAMONDYD,Prataap Snacks Limited,Consumer Defensive,Packaged Foods,1125.199951171875,False,9.719999999999999,False,True,18.99,10.82,True,1708.0,HOLD
SUNCLAY,Sundaram-Clayton Limited,Industrials,Metal Fabrication,1235.9000244140625,False,602.01,True,False,-35.29,-39.3,False,2109.0,EXIT
ZAGGLE,Zaggle Prepaid Ocean Services Limited,Technology,Software - Infrastructure,204.77000427246094,False,138.07999999999998,True,False,-47.13,-49.59,False,1304.0,EXIT
SASKEN,Sasken Technologies Limited,Technology,Information Technology Services,1746.800048828125,False,53.92999999999999,False,True,17.09,14.23,True,446.0,HOLD
INDOTHAI,Indo Thai Securities Limited,Financial Services,Capital Markets,218.08999633789062,False,54.21,True,False,18.92,18.04,True,58.0,HOLD
PANAMAPET,Panama Petrochem Limited,Energy,Oil & Gas Refining & Marketing,435.3999938964844,False,212.5,True,True,16.46,20.21,True,1776.0,HOLD
UFBL,UFBL,Consumer Cyclical,Restaurants,676.1500244140625,False,59.14,True,True,124.14,124.82,True,1074.0,HOLD
NOCIL,NOCIL Limited,Basic Materials,Specialty Chemicals,159.67999267578125,False,64.30000000000001,False,False,-11.42,-16.45,False,1617.0,EXIT
SIYSIL,Siyaram Silk Mills Limited,Consumer Cyclical,Textile Manufacturing,602.2999877929688,False,230.89,False,False,-10.13,-9.12,False,2233.0,EXIT
FLAIR,FLAIR,Industrials,Business Equipment & Supplies,255.3000030517578,False,132.95,False,False,-26.0,-30.03,False,1080.0,EXIT
HIKAL,Hikal Limited,Healthcare,Drug Manufacturers - Specialty & Generic,216.99000549316406,False,77.6,False,True,-41.41,-36.59,False,2023.0,EXIT
BLSE,BLSE,Industrials,Specialty Business Services,294.7200012207031,False,57.5,False,True,61.41,57.19,True,519.0,HOLD
AUTOAXLES,Automotive Axles Limited,Consumer Cyclical,Auto Parts,1800.300048828125,False,174.35000000000002,False,False,-6.53,-5.53,False,,EXIT
VIMTALABS,Vimta Labs Limited,Healthcare,Diagnostics & Research,605.4500122070312,False,79.66,True,True,-14.77,-10.12,False,318.0,HOLD
ARVSMART,Arvind SmartSpaces Limited,Real Estate,Real Estate - Development,594.4500122070312,False,96.44,False,True,11.47,-5.96,False,713.0,EXIT
GSPCROP,GSPCROP,Basic Materials,Agricultural Inputs,586.4000244140625,True,43.14,False,False,,,False,1406.0,EXIT
PARAGMILK,Parag Milk Foods Limited,Consumer Defensive,Packaged Foods,214.30999755859375,False,135.04000000000002,False,False,-7.24,-15.24,False,3432.0,EXIT
HUBTOWN,Hubtown Limited,Real Estate,Real Estate - Development,187.2899932861328,False,148.49,True,False,-30.17,-47.06,False,564.0,EXIT
KIRIINDUS,Kiri Industries Limited,Basic Materials,Specialty Chemicals,410.3999938964844,False,5566.5,True,False,-24.25,-29.25,False,1497.0,EXIT
JUBLCPL,Jubilant Agri and Consumer Products Limited,Basic Materials,Specialty Chemicals,1805.0999755859375,False,127.86000000000001,True,False,-19.41,-24.42,False,1521.0,EXIT
NILKAMAL,Nilkamal Limited,Consumer Cyclical,"Furnishings, Fixtures & Appliances",1753.4000244140625,False,115.58999999999999,False,True,0.32,1.3,True,3313.0,HOLD
EPACKPEB,EPACKPEB,Industrials,Engineering & Construction,268.0799865722656,False,96.63,False,True,,,False,1134.0,EXIT
MEDIASSIST,MEDIASSIST,Healthcare,Healthcare Plans,357.45001220703125,False,87.96000000000001,False,False,-41.74,-36.91,False,151.0,EXIT
IMAGICAA,Imagicaaworld Entertainment Limited,Communication Services,Entertainment,45.4900016784668,False,88.78999999999999,False,False,-12.31,-31.14,False,410.0,EXIT
INDNIPPON,India Nippon Electricals Limited,Consumer Cyclical,Auto Parts,1160.5999755859375,False,111.16999999999999,True,True,47.69,48.55,True,845.0,HOLD
CONFIPET,Confidence Petroleum India Limited,Energy,Oil & Gas Refining & Marketing,78.2699966430664,False,92.89,False,True,45.53,48.49,True,3146.0,HOLD
MMFL,M M Forgings Limited,Industrials,Metal Fabrication,535.0,False,98.12,False,True,55.14,50.94,True,1563.0,HOLD
FMGOETZE,Federal-Mogul Goetze (India) Limited,Consumer Cyclical,Auto Parts,473.70001220703125,False,170.65,True,True,-21.72,-20.69,False,1769.0,HOLD
SATIN,Satin Creditcare Network Limited,Financial Services,Credit Services,239.80999755859375,False,401.70000000000005,False,True,63.79,62.71,True,,HOLD
MARATHON,Marathon Nextgen Realty Limited,Real Estate,Real Estate - Development,382.0,False,202.95999999999998,False,False,-32.93,-49.79,False,717.0,EXIT
GKENERGY,GKENERGY,Utilities,Utilities - Renewable,128.50999450683594,False,211.81,False,False,,,False,1095.0,EXIT
RAMKY,Ramky Infrastructure Limited,Industrials,Engineering & Construction,369.1499938964844,False,271.07000000000005,False,False,-35.47,-39.47,False,2402.0,EXIT
ARKADE,ARKADE,Real Estate,Real Estate - Development,140.9499969482422,False,211.76999999999998,False,True,-11.79,-28.92,False,683.0,EXIT
MANGLMCEM,Mangalam Cement Limited,Basic Materials,Building Materials,945.5999755859375,False,128.95,False,True,33.3,28.14,True,,HOLD
PARKHOTELS,PARKHOTELS,Consumer Cyclical,Lodging,121.04000091552734,False,65.67999999999999,False,False,-24.56,-23.52,False,631.0,EXIT
MUFIN,Mufin Green Finance Limited,Financial Services,Credit Services,131.74000549316406,False,27.330000000000002,True,True,50.08,49.06,True,,HOLD
PATELENG,Patel Engineering Limited,Industrials,Engineering & Construction,27.329999923706055,False,269.15999999999997,False,False,-24.85,-28.87,False,5008.0,EXIT
UTKARSHBNK,Utkarsh Small Finance Bank Limited,Financial Services,Banks - Regional,14.3100004196167,False,1150.98,False,False,-37.15,-37.78,False,,EXIT
NITCO,NITCO Limited,Industrials,Building Products & Equipment,100.38999938964844,False,68.16,False,True,-21.24,-25.27,False,885.0,EXIT
PANACEABIO,Panacea Biotec Limited,Healthcare,Biotechnology,414.45001220703125,False,22.470000000000002,False,True,-6.45,-1.86,False,679.0,EXIT
STOVEKRAFT,Stove Kraft Limited,Consumer Cyclical,"Furnishings, Fixtures & Appliances",801.2000122070312,False,41.989999999999995,False,True,31.55,32.46,True,1448.0,HOLD
GLOBUSSPR,Globus Spirits Limited,Consumer Defensive,Beverages - Wineries & Distilleries,883.5,False,100.53,False,False,-25.54,-33.42,False,2537.0,EXIT
SPORTKING,Sportking India Limited,Consumer Cyclical,Textile Manufacturing,196.36000061035156,False,120.78,False,True,58.03,58.87,True,,HOLD
FISCHER,Fischer Medical Ventures Limited,Healthcare,Medical Devices,39.0099983215332,False,32.67,True,False,-66.89,-61.9,False,111.0,EXIT
SILVERTUC,Silver Touch Technologies Limited,Technology,Information Technology Services,201.7899932861328,False,41.68,True,False,-74.36,-76.66,False,288.0,EXIT
ADVAIT,Advait Energy Transitions Limited,Industrials,Specialty Industrial Machinery,2178.300048828125,False,53.17,True,False,,,False,399.0,EXIT
TALBROAUTO,Talbros Automotive Components Limited,Consumer Cyclical,Auto Parts,399.04998779296875,False,104.12,False,True,38.84,39.73,True,827.0,HOLD
ADOR,Ador Welding Limited,Industrials,Specialty Industrial Machinery,1480.199951171875,False,92.47000000000001,False,True,48.13,43.94,True,1117.0,HOLD
RAJRATAN,Rajratan Global Wire Limited,Basic Materials,Steel,495.0,False,72.6,False,True,30.71,25.56,True,935.0,HOLD
BOMDYEING,The Bombay Dyeing and Manufacturing Company Limited,Consumer Cyclical,Textile Manufacturing,119.36000061035156,False,46.620000000000005,False,False,-34.26,-33.19,False,4430.0,EXIT
SUNDROP,Sundrop Brands Limited,Consumer Defensive,Packaged Foods,672.5999755859375,False,24.31,False,False,-13.4,-21.36,False,916.0,EXIT
RAJESHEXPO,Rajesh Exports Limited,Consumer Cyclical,Luxury Goods,85.04000091552734,False,238.56,False,False,-59.35,-58.23,False,423099.0,EXIT
PROTEAN,Protean eGov Technologies Limited,Technology,Information Technology Services,616.1500244140625,False,97.13,False,False,-21.35,-23.97,False,882.0,EXIT
GIPCL,Gujarat Industries Power Company Limited,Utilities,Utilities - Regulated Electric,161.1699981689453,False,408.82000000000005,True,True,-11.43,-22.14,False,1416.0,HOLD
RANEHOLDIN,Rane Holdings Limited,Consumer Cyclical,Auto Parts,1743.5999755859375,False,198.99,False,True,10.51,11.47,True,4382.0,HOLD
VERANDA,Veranda Learning Solutions Limited,Consumer Defensive,Education & Training Services,259.0899963378906,False,24.72,True,True,14.94,6.79,True,471.0,HOLD
SPAL,S.P. Apparels Limited,Consumer Cyclical,Apparel Manufacturing,992.0999755859375,False,100.94,True,True,17.23,18.17,True,1395.0,HOLD
EVEREADY,Eveready Industries India Limited,Industrials,Electrical Equipment & Parts,344.25,False,187.34999999999997,True,True,-14.25,-18.31,False,1458.0,HOLD
AJMERA,Ajmera Realty & Infra India Limited,Real Estate,Real Estate - Development,125.45999908447266,False,149.79000000000002,True,False,-15.41,-32.5,False,738.0,EXIT
SOLARA,Solara Active Pharma Sciences Limited,Healthcare,Drug Manufacturers - Specialty & Generic,508.0,False,53.44,False,False,-29.2,-24.46,False,1617.0,EXIT
INA,Insolation Energy Limited,Technology,Solar,110.05000305175781,False,181.7,True,False,,,False,1334.0,EXIT
CAMLINFINE,Camlin Fine Sciences Limited,Basic Materials,Specialty Chemicals,125.70999908447266,False,112.53999999999999,True,False,-48.11,-53.04,False,1682.0,EXIT
JNKINDIA,JNK India Limited,Industrials,Specialty Industrial Machinery,458.5,False,65.36999999999999,False,True,40.99,36.81,True,480.0,HOLD
RHETAN,Rhetan TMT Limited,Basic Materials,Steel,30.260000228881836,True,10.299999999999999,False,True,,,False,,EXIT
SAIPARENT,SAIPARENT,Healthcare,Drug Manufacturers - General,534.9500122070312,False,0.0,False,False,,,False,163.0,EXIT
REPCOHOME,Repco Home Finance Limited,Financial Services,Mortgage Finance,387.04998779296875,False,475.41999999999996,True,False,-7.67,-8.43,False,,EXIT
EASEMYTRIP,Easy Trip Planners Limited,Consumer Cyclical,Travel Services,6.559999942779541,False,53.45,False,False,-37.59,-36.52,False,1049.0,EXIT
KICL,Kalyani Investment Company Limited,Financial Services,Asset Management,5326.0,False,43.13,False,True,8.16,7.33,True,78.0,HOLD
SIRCA,Sirca Paints India Limited,Basic Materials,Specialty Chemicals,406.95001220703125,False,67.02000000000001,True,False,-2.71,-7.76,False,372.0,EXIT
ORISSAMINE,The Orissa Minerals Development Company Limited,Basic Materials,Steel,3986.39990234375,False,17.88,False,False,-16.38,-21.39,False,,EXIT
VEEDOL,Veedol Corporation Limited,Basic Materials,Specialty Chemicals,1399.5,False,191.62,True,False,-13.12,-18.15,False,1970.0,EXIT
TASTYBITE,Tasty Bite Eatables Limited,Consumer Defensive,Packaged Foods,9052.5,False,35.300000000000004,False,True,-16.87,-24.8,False,,EXIT
GREENPANEL,Greenpanel Industries Limited,Basic Materials,Lumber & Wood Production,192.8800048828125,False,52.349999999999994,False,False,-37.14,-42.1,False,1783.0,EXIT
RISHABH,Rishabh Instruments Limited,Technology,Scientific & Technical Instruments,610.5,False,81.53,False,True,110.24,106.8,True,720.0,HOLD
VINDHYATEL,Vindhya Telelinks Limited,Industrials,Engineering & Construction,1951.199951171875,False,222.25,False,True,25.1,20.96,True,4088.0,HOLD
ORIENTHOT,Oriental Hotels Limited,Consumer Cyclical,Lodging,132.75999450683594,False,65.27999999999999,False,True,-11.34,-10.33,False,440.0,EXIT
ALEMBICLTD,Alembic Limited,Real Estate,Real Estate - Development,89.62999725341797,False,317.39,False,False,-6.73,-23.92,False,1121.0,EXIT
KNACK,KNACK,Consumer Cyclical,Packaging & Containers,190.72000122070312,False,0.0,False,False,,,False,,EXIT
NELCO,Nelco Limited,Technology,Communication Equipment,1015.6500244140625,False,6.419999999999999,False,True,23.75,20.85,True,320.0,HOLD
COSMOFIRST,Cosmo First Limited,Consumer Cyclical,Packaging & Containers,883.0999755859375,False,155.97,False,True,-17.63,-16.61,False,3065.0,EXIT
SPANDANA,Spandana Sphoorty Financial Limited,Financial Services,Credit Services,261.1000061035156,False,472.33,False,True,-4.98,-5.75,False,,EXIT
GNA,G N A Axles Limited,Consumer Cyclical,Auto Parts,530.7999877929688,False,132.23000000000002,True,True,71.04,71.85,True,1583.0,HOLD
THEJO,Thejo Engineering Limited,Industrials,Specialty Industrial Machinery,2108.699951171875,False,49.25,False,True,-8.95,-13.01,False,559.0,EXIT
EMSLIMITED,EMS Limited,Industrials,Engineering & Construction,411.5,False,90.53999999999999,False,True,-30.06,-34.07,False,966.0,EXIT
PIXTRANS,PIX Transmissions Limited,Industrials,Specialty Industrial Machinery,1690.5999755859375,False,106.88,False,True,13.75,9.64,True,589.0,HOLD
SHK,S H Kelkar and Company Limited,Basic Materials,Specialty Chemicals,170.00999450683594,False,89.09,False,True,-30.92,-35.89,False,2123.0,EXIT
TAJGVK,TAJGVK Hotels & Resorts Limited,Consumer Cyclical,Lodging,360.8500061035156,False,425.39000000000004,True,True,-16.61,-15.59,False,450.0,HOLD
SAGCEM,Sagar Cements Limited,Basic Materials,Building Materials,175.63999938964844,False,169.51,False,False,-25.62,-30.61,False,2505.0,EXIT
APOLLOPIPE,Apollo Pipes Limited,Industrials,Building Products & Equipment,495.8500061035156,False,20.96,False,True,25.61,21.47,True,1182.0,HOLD
BRIGHOTEL,BRIGHOTEL,Consumer Cyclical,Lodging,60.040000915527344,False,318.84,False,False,,,False,404.0,EXIT
BETA,BETA,Healthcare,Drug Manufacturers - Specialty & Generic,2203.39990234375,False,35.55,False,True,22.94,27.34,True,362.0,HOLD
HUHTAMAKI,Huhtamaki India Limited,Consumer Cyclical,Packaging & Containers,298.5799865722656,False,124.57,True,True,36.35,37.25,True,2037.0,HOLD
LANDMARK,Landmark Cars Limited,Consumer Cyclical,Auto & Truck Dealerships,539.6500244140625,False,37.31,False,True,7.17,8.13,True,765.0,HOLD
SANSTAR,SANSTAR,Basic Materials,Chemicals,113.01000213623047,False,34.82,False,True,27.41,22.27,True,1110.0,HOLD
PENIND,Pennar Industries Limited,Industrials,Specialty Industrial Machinery,166.6199951171875,False,138.81,True,False,-27.25,-31.27,False,3227.0,EXIT
MOLDTKPAC,Mold-Tek Packaging Limited,Consumer Cyclical,Packaging & Containers,676.3499755859375,False,82.69,True,True,-23.49,-22.45,False,631.0,HOLD
PRAKASH,Prakash Industries Limited,Basic Materials,Steel,123.55000305175781,False,333.14,False,False,-28.46,-33.44,False,2935.0,EXIT
EPACK,EPACK Durable Limited,Consumer Cyclical,"Furnishings, Fixtures & Appliances",231.8000030517578,False,47.75,False,False,-39.54,-38.46,False,2171.0,EXIT
EXICOM,Exicom Tele-Systems Limited,Industrials,Electrical Equipment & Parts,158.3699951171875,False,274.13,True,True,-3.08,-7.16,False,1020.0,HOLD
JISLJALEQS,Jain Irrigation Systems Limited,Industrials,Conglomerates,29.389999389648438,False,96.71,False,False,-41.17,-45.16,False,8536.0,EXIT
GANDHAR,Gandhar Oil Refinery (India) Limited,Energy,Oil & Gas Refining & Marketing,223.25,False,301.42,False,True,30.69,34.05,True,4113.0,HOLD
RAMCOSYS,Ramco Systems Limited,Technology,Software - Application,580.9000244140625,False,41.5,False,True,51.75,48.68,True,626.0,HOLD
JAYKAY,Jaykay Enterprises Limited,Industrials,Specialty Business Services,158.02999877929688,False,232.53,True,False,,,False,81.0,EXIT
VINCOFE,Vintage Coffee and Beverages Limited,Consumer Defensive,Beverages - Non-Alcoholic,149.47999572753906,False,78.74,True,False,2.19,-5.87,False,309.0,EXIT
ESAFSFB,ESAF Small Finance Bank,Financial Services,Banks - Regional,42.04999923706055,False,227.66,False,True,33.56,32.61,True,,HOLD
PRABHA,Prabha Energy Limited,Energy,Oil & Gas E&P,144.17999267578125,False,1.5,True,False,-52.27,-46.61,False,33.45,EXIT
SAKSOFT,Saksoft Limited,Technology,Information Technology Services,169.3000030517578,False,133.27,True,True,-19.18,-21.82,False,883.0,HOLD
SHRINGARMS,Shringar House of Mangalsutra Limited,Consumer Cyclical,Luxury Goods,219.89999389648438,False,102.21000000000001,False,True,,,False,,EXIT
BFUTILITIE,BF Utilities Limited,Industrials,Infrastructure Operations,561.2000122070312,False,158.23000000000002,True,False,-23.0,-27.03,False,969.0,EXIT
NIBE,Nibe Limited,Industrials,Conglomerates,1330.199951171875,False,56.629999999999995,True,True,-20.13,-24.17,False,507.0,HOLD
HPL,HPL Electric & Power Limited,Industrials,Electrical Equipment & Parts,330.8999938964844,False,91.00999999999999,False,False,-38.77,-42.76,False,1700.0,EXIT
HINDOILEXP,Hindustan Oil Exploration Company Limited,Energy,Oil & Gas E&P,161.2899932861328,False,62.74999999999999,False,True,-9.89,-5.4,False,570.0,EXIT
GEOJITFSL,Geojit Financial Services Limited,Financial Services,Capital Markets,75.44000244140625,False,77.85,False,True,1.72,0.92,True,481.0,HOLD
BHARATRAS,Bharat Rasayan Limited,Basic Materials,Agricultural Inputs,1267.0999755859375,False,145.72,False,False,-52.06,-56.98,False,1301.0,EXIT
HONDAPOWER,Honda India Power Products Limited,Industrials,Specialty Industrial Machinery,2114.60009765625,False,65.86,False,False,-23.59,-27.62,False,,EXIT
PARACABLES,Paramount Communications Limited,Technology,Communication Equipment,64.87999725341797,False,59.75,False,True,16.56,13.7,True,1555.0,HOLD
VENUSREM,Venus Remedies Limited,Healthcare,Drug Manufacturers - Specialty & Generic,1539.300048828125,False,116.17,True,True,187.35,190.65,True,640.0,HOLD
VENKEYS,Venky's (India) Limited,Consumer Defensive,Farm Products,1494.199951171875,False,192.31,False,True,5.04,-3.04,False,,EXIT
HESTERBIO,Hester Biosciences Limited,Healthcare,Drug Manufacturers - Specialty & Generic,2478.199951171875,False,136.17000000000002,True,True,24.86,29.24,True,311.0,HOLD
TIRUMALCHM,Thirumalai Chemicals Limited,Basic Materials,Specialty Chemicals,168.8699951171875,False,167.91,False,False,-41.14,-46.08,False,2132.0,EXIT
KCP,The KCP Limited,Basic Materials,Building Materials,161.7100067138672,False,197.11,True,False,-19.45,-24.46,False,2846.0,EXIT
KPEL,K.P. Energy Limited,Industrials,Engineering & Construction,305.95001220703125,False,181.39999999999998,True,False,-37.63,-41.63,False,936.0,EXIT
TCIEXP,TCI Express Limited,Industrials,Integrated Freight & Logistics,535.5999755859375,False,81.44,False,False,-21.04,-25.08,False,1254.0,EXIT
BGRENERGY,BGR Energy Systems Limited,Industrials,Engineering & Construction,301.8999938964844,False,1247.16,True,False,208.18,203.62,True,3441.0,HOLD
AEROPLANE,AEROPLANE,Consumer Defensive,Farm Products,191.52000427246094,True,0.0,False,False,,,False,,EXIT
TEAMLEASE,TeamLease Services Limited,Industrials,Staffing & Employment Services,1266.0999755859375,False,147.04,True,False,-30.96,-34.97,False,11156.0,EXIT
INDIANHUME,The Indian Hume Pipe Company Limited,Industrials,Engineering & Construction,386.6499938964844,False,141.1,False,True,-6.17,-10.23,False,,EXIT
CANTABIL,Cantabil Retail India Limited,Consumer Cyclical,Apparel Manufacturing,240.66000366210938,False,95.74000000000001,False,False,-13.41,-12.4,False,,EXIT
GMBREW,G.M. Breweries Limited,Consumer Defensive,Beverages - Wineries & Distilleries,900.7999877929688,False,159.68,True,False,35.35,27.06,True,748.0,HOLD
UEL,Ujaas Energy Limited,Technology,Solar,128.11000061035156,False,3.93,False,False,37.97,34.98,True,486.0,EXIT
LAOPALA,La Opala RG Limited,Consumer Cyclical,"Furnishings, Fixtures & Appliances",185.0,False,92.30000000000001,False,False,-36.17,-35.1,False,,EXIT
BAJEL,Bajel Projects Limited,Utilities,Utilities - Regulated Electric,176.8000030517578,False,21.12,True,True,-17.17,-27.73,False,2598.0,HOLD
MUKANDLTD,Mukand Limited,Basic Materials,Steel,139.91000366210938,False,604.15,False,True,-2.55,-7.6,False,5568.0,EXIT
ARMANFIN,Arman Financial Services Limited,Financial Services,Credit Services,1896.199951171875,False,85.75999999999999,True,True,14.4,13.54,True,,HOLD
STYLEBAAZA,Baazar Style Retail Limited,Consumer Cyclical,Apparel Retail,264.54998779296875,False,98.15,True,False,-9.29,-8.29,False,1344.0,EXIT
INDOCO,Indoco Remedies Limited,Healthcare,Drug Manufacturers - Specialty & Generic,219.49000549316406,False,124.35,False,False,-38.13,-33.33,False,1817.0,EXIT
NGLFINE,NGL Fine-Chem Limited,Healthcare,Drug Manufacturers - General,3280.0,True,48.050000000000004,False,True,151.53,155.08,True,368.0,HOLD
DCXINDIA,DCX Systems Limited,Industrials,Aerospace & Defense,180.3699951171875,False,15.829999999999998,False,False,-29.52,-33.54,False,1424.0,EXIT
TINNARUBR,Tinna Rubber and Infrastructure Limited,Basic Materials,Specialty Chemicals,1042.1500244140625,False,61.68000000000001,True,True,16.62,11.51,True,530.0,HOLD
SOMANYCERA,Somany Ceramics Limited,Industrials,Building Products & Equipment,489.1000061035156,False,81.19,False,True,-5.52,-9.59,False,2659.0,EXIT
TIL,TIL Limited,Industrials,Farm & Heavy Construction Machinery,252.3800048828125,False,30.77,False,True,-24.16,-28.18,False,1472.0,EXIT
SBC,SBC Exports Limited,Industrials,Conglomerates,42.119998931884766,True,34.26,False,True,137.19,132.79,True,231.0,HOLD
GOCLCORP,GOCL Corporation Limited,Basic Materials,Specialty Chemicals,387.70001220703125,False,1522.0,True,True,8.79,3.71,True,1233.0,HOLD
AWFIS,AWFIS,Industrials,Rental & Leasing Services,276.0,False,70.86,True,False,-51.8,-55.76,False,1208.0,EXIT
JGCHEM,JGCHEM,Basic Materials,Other Industrial Metals & Mining,503.79998779296875,True,65.87,False,True,3.41,-1.66,False,847.0,EXIT
HGS,Hinduja Global Solutions Limited,Industrials,Specialty Business Services,422.8999938964844,False,87.83000000000001,False,False,-24.34,-28.36,False,4986.0,EXIT
NDRAUTO,NDR Auto Components Limited,Consumer Cyclical,Auto Parts,808.9500122070312,False,62.09,True,True,-22.6,-21.56,False,713.0,HOLD
VIDYAWIRES,VIDYAWIRES,Industrials,Electrical Equipment & Parts,89.47000122070312,False,59.77,False,False,,,False,1481.0,EXIT
INDSWFTLAB,Ind-Swift Laboratories Limited,Healthcare,Drug Manufacturers - Specialty & Generic,219.82000732421875,False,254.91000000000003,False,True,102.77,106.63,True,1673.0,HOLD
MSPL,MSP Steel & Power Limited,Basic Materials,Steel,36.04999923706055,False,183.29,True,True,17.54,12.43,True,2905.0,HOLD
SAKAR,Sakar Healthcare Limited,Healthcare,Drug Manufacturers - Specialty & Generic,885.25,True,30.479999999999997,True,True,151.53,155.07,True,178.0,ADD
SERVOTECH,Servotech Renewable Power System Limited,Industrials,Electrical Equipment & Parts,85.87999725341797,False,37.459999999999994,True,False,-35.55,-39.55,False,674.0,EXIT
ASIANENE,Asian Energy Services Limited,Energy,Oil & Gas Equipment & Services,392.25,False,58.75999999999999,True,True,15.67,19.45,True,465.0,HOLD
ALGOQUANT,Algoquant Fintech Limited,Financial Services,Capital Markets,67.61000061035156,True,33.4,True,False,,,False,235.0,EXIT
GOODYEAR,Goodyear India Limited,Consumer Cyclical,Auto Parts,829.2999877929688,False,61.5,False,False,,,False,,EXIT
SCILAL,Shipping Corporation of India Land and Assets Limited,Real Estate,Real Estate Services,41.189998626708984,False,30.5,False,False,-3.6,-20.83,False,18.0,EXIT
RICOAUTO,Rico Auto Industries Limited,Consumer Cyclical,Auto Parts,138.44000244140625,False,50.51,False,True,85.97,86.74,True,2302.0,HOLD
DYCL,Dynamic Cables Limited,Industrials,Electrical Equipment & Parts,384.6499938964844,False,89.75,True,True,-3.58,-7.65,False,1025.0,HOLD
HATHWAY,Hathway Cable and Datacom Limited,Communication Services,Entertainment,10.75,False,88.56,False,False,-11.93,-30.76,False,1307.0,EXIT
MARSONS,Marsons Limited,Industrials,Electrical Equipment & Parts,109.4000015258789,False,46.33,True,False,,,False,168.0,EXIT
EIHAHOTELS,EIH Associated Hotels Limited,Consumer Cyclical,Lodging,313.79998779296875,False,87.16999999999999,True,False,-22.73,-21.69,False,197.0,EXIT
BCG,Brightcom Group Limited,Communication Services,Advertising Agencies,9.279999732971191,False,872.1400000000001,False,False,-16.51,-35.28,False,7397.0,EXIT
SIMPLEXINF,Simplex Infrastructures Limited,Industrials,Engineering & Construction,233.3000030517578,False,40.01,False,False,-24.77,-28.8,False,6202.0,EXIT
INSECTICID,Insecticides (India) Limited,Basic Materials,Agricultural Inputs,622.1500244140625,False,139.42000000000002,False,False,-39.39,-44.34,False,2000.0,EXIT
GRMOVER,GRM Overseas Limited,Consumer Defensive,Packaged Foods,88.08000183105469,False,74.6,False,False,-23.61,-31.5,False,1379.0,EXIT
VIKRAN,VIKRAN,Industrials,Engineering & Construction,72.19000244140625,False,123.81,False,False,,,False,,EXIT
TBZ,Tribhovandas Bhimji Zaveri Limited,Consumer Cyclical,Luxury Goods,276.3399963378906,False,202.29999999999998,True,True,47.46,48.33,True,2620.0,HOLD
HINDWAREAP,Hindware Home Innovation Limited,Consumer Cyclical,"Furnishings, Fixtures & Appliances",218.3000030517578,False,56.620000000000005,False,False,-19.45,-18.42,False,2872.0,EXIT
CAPACITE,Capacit'e Infraprojects Limited,Industrials,Engineering & Construction,214.6999969482422,False,191.54,False,False,-28.35,-32.37,False,2350.0,EXIT
NUCLEUS,Nucleus Software Exports Limited,Technology,Software - Application,738.1500244140625,False,105.41,False,False,-27.04,-29.63,False,832.0,EXIT
KRISHNADEF,KRISHNADEF,Industrials,Specialty Industrial Machinery,1191.0999755859375,False,34.230000000000004,True,True,49.83,45.64,True,194.0,HOLD
JINDRILL,Jindal Drilling & Industries Limited,Energy,Oil & Gas Equipment & Services,616.2000122070312,False,277.40000000000003,True,True,-11.61,-7.08,False,828.0,HOLD
JAICORPLTD,Jai Corp Limited,Basic Materials,Specialty Chemicals,101.47000122070312,False,169.26999999999998,True,False,-2.8,-7.85,False,748.0,EXIT
PFS,PTC India Financial Services Limited,Financial Services,Credit Services,27.440000534057617,False,271.46000000000004,False,False,-34.95,-35.59,False,,EXIT
IPL,India Pesticides Limited,Basic Materials,Agricultural Inputs,152.25,False,119.81,False,False,-30.83,-35.81,False,885.0,EXIT
WINDLAS,Windlas Biotech Limited,Healthcare,Drug Manufacturers - Specialty & Generic,859.9000244140625,False,66.45,False,True,-20.82,-16.13,False,760.0,EXIT
CEINSYS,Ceinsys Tech Limited,Industrials,Engineering & Construction,840.2000122070312,False,133.42,True,False,,,False,418.0,EXIT
NITTAGELA,Nitta Gelatin India Limited,Basic Materials,Specialty Chemicals,1832.5,False,97.25,False,False,,,False,,EXIT
JAYBARMARU,Jay Bharat Maruti Limited,Consumer Cyclical,Auto Parts,152.9499969482422,False,139.68,True,True,97.96,98.71,True,2344.0,HOLD
STUDDS,STUDDS,Consumer Cyclical,Auto Parts,440.1499938964844,False,78.12,False,False,,,False,584.0,EXIT
BLUSPRING,Bluspring Enterprises Limited,Industrials,Specialty Business Services,114.11000061035156,False,34.05,False,True,26.27,22.12,True,3484.0,HOLD
SHALBY,Shalby Limited,Healthcare,Medical Care Facilities,161.0399932861328,False,37.38,False,False,-30.41,-25.66,False,1087.0,EXIT
MCLOUD,Magellanic Cloud Limited,Technology,Information Technology Services,29.290000915527344,False,114.22999999999999,True,False,-65.33,-67.68,False,600.0,EXIT
SURYODAY,Suryoday Small Finance Bank Limited,Financial Services,Banks - Regional,161.64999389648438,False,196.74,False,True,25.66,24.75,True,,HOLD
GOCOLORS,Go Fashion (India) Limited,Consumer Cyclical,Apparel Retail,343.0,False,53.41,False,False,-62.61,-61.48,False,190.0,EXIT
HITECH,Hi-Tech Pipes Limited,Basic Materials,Steel,84.73999786376953,False,76.17,True,False,-4.33,-9.38,False,3068.0,EXIT
BFINVEST,BF Investment Limited,Financial Services,Asset Management,445.6499938964844,False,282.01,False,True,-9.27,-10.02,False,1074.0,EXIT
KRSNAA,Krsnaa Diagnostics Limited,Healthcare,Diagnostics & Research,524.0499877929688,False,101.42999999999999,True,False,-46.39,-41.54,False,717.0,EXIT
ACCELYA,Accelya Solutions India Limited,Technology,Information Technology Services,1142.5,False,107.95,False,False,-18.58,-21.22,False,529.0,EXIT
MTNL,Mahanagar Telephone Nigam Limited,Communication Services,Telecom Services,27.030000686645508,False,3107.2500000000005,False,False,-24.61,-43.27,False,3398.0,EXIT
SMCGLOBAL,SMC Global Securities Limited,Financial Services,Capital Markets,81.54000091552734,False,81.36,False,True,11.94,11.1,True,1778.0,HOLD
AURUM,Aurum PropTech Limited,Real Estate,Real Estate Services,216.82000732421875,False,16.349999999999998,False,True,25.65,8.04,True,988.0,HOLD
DELTACORP,Delta Corp Limited,Consumer Cyclical,Resorts & Casinos,62.970001220703125,False,224.75,False,False,-29.8,-28.75,False,964.0,EXIT
MBEL,MBEL,Industrials,Engineering & Construction,292.8999938964844,False,92.64,False,False,,,False,909.0,EXIT
TARSONS,Tarsons Products Limited,Healthcare,Medical Instruments & Supplies,316.45001220703125,False,14.319999999999999,False,True,-21.32,-16.63,False,392.0,EXIT
YATRA,Yatra Online Limited,Consumer Cyclical,Travel Services,106.12999725341797,False,46.82,True,False,3.55,4.52,True,845.0,HOLD
SUMMITSEC,Summit Securities Limited,Financial Services,Capital Markets,1509.9000244140625,False,65.09,False,False,-28.53,-29.19,False,141.0,EXIT
MAHASTEEL,Mahamaya Steel Industries Limited,Basic Materials,Steel,966.25,False,9.6,True,True,173.99,168.43,True,802.0,HOLD
VIDHIING,Vidhi Specialty Food Ingredients Limited,Basic Materials,Specialty Chemicals,309.8999938964844,False,53.25000000000001,False,False,-22.68,-27.68,False,537.0,EXIT
WENDT,Wendt (India) Limited,Industrials,Tools & Accessories,8104.0,False,18.03,False,True,-16.0,-20.04,False,234.0,EXIT
5PAISA,5paisa Capital Limited,Financial Services,Capital Markets,347.0,False,46.28,False,True,-12.47,-13.21,False,395.0,EXIT
SOLARWORLD,SOLARWORLD,Technology,Solar,189.3300018310547,False,117.00999999999999,False,False,,,False,545.0,EXIT
ASIANTILES,Asian Granito India Limited,Industrials,Building Products & Equipment,60.709999084472656,False,75.72,False,False,4.94,0.85,True,1564.0,EXIT
JISLDVREQS,Jain Irrigation Systems Limited,Industrials,Conglomerates,21.709999084472656,False,96.71,False,False,-24.66,-28.69,False,,EXIT
INFOBEAN,InfoBeans Technologies Limited,Technology,Software - Application,170.10000610351562,False,62.35,True,False,11.74,8.91,True,395.0,HOLD
MOTISONS,MOTISONS,Consumer Cyclical,Luxury Goods,14.220000267028809,False,63.7,False,False,-34.75,-33.69,False,,EXIT
MOBIKWIK,MOBIKWIK,Technology,Software - Infrastructure,198.72999572753906,False,78.97,True,False,-20.03,-22.66,False,1170.0,EXIT
SPMLINFRA,SPML Infra Limited,Industrials,Engineering & Construction,192.32000732421875,False,74.67999999999999,False,False,-30.27,-34.29,False,1701.0,EXIT
GARUDA,GARUDA,Industrials,Engineering & Construction,168.16000366210938,False,113.39,True,False,-11.54,-15.59,False,226.0,EXIT
DLINKINDIA,D-Link (India) Limited,Technology,Communication Equipment,452.0,False,104.05999999999999,False,True,-12.72,-15.39,False,1384.0,EXIT
WEL,Wonder Electricals Limited,Consumer Cyclical,"Furnishings, Fixtures & Appliances",117.75,False,9.12,False,False,-30.17,-29.12,False,894.0,EXIT
OMAXE,Omaxe Limited,Real Estate,Real Estate - Development,85.62999725341797,False,696.86,True,True,1.72,-15.58,False,1839.0,HOLD
GTLINFRA,GTL Infrastructure Limited,Technology,Communication Equipment,1.190000057220459,False,1631.05,True,False,-23.49,-26.1,False,1398.0,EXIT
WALCHANNAG,Walchandnagar Industries Limited,Industrials,Engineering & Construction,230.8000030517578,False,29.89,False,True,15.98,11.86,True,,HOLD
DOLPHIN,Dolphin Offshore Enterprises (India) Limited,Energy,Oil & Gas Equipment & Services,375.8500061035156,False,72.02,True,False,-21.78,-16.96,False,340.0,EXIT
DSSL,Dynacons Systems & Solutions Limited,Technology,Information Technology Services,1208.0,False,84.69000000000001,True,True,18.19,15.32,True,1267.0,HOLD
SHANTIGOLD,SHANTIGOLD,Consumer Cyclical,Luxury Goods,217.41000366210938,False,145.06,False,True,,,False,1106.0,EXIT
VOEPL,Virtuoso Optoelectronics Limited,Technology,Consumer Electronics,469.1499938964844,False,22.79,False,False,,,False,,EXIT
PAUSHAKLTD,Paushak Limited,Basic Materials,Specialty Chemicals,605.0,True,39.32,False,False,,,False,,EXIT
IKIO,IKIO Technologies Limited,Technology,Electronic Components,200.22000122070312,False,38.09,False,True,0.29,-2.46,False,486.0,EXIT
NAVKARCORP,Navkar Corporation Limited,Industrials,Integrated Freight & Logistics,102.72000122070312,False,38.07,False,True,-20.53,-24.57,False,371.0,EXIT
SESHAPAPER,Seshasayee Paper and Boards Limited,Basic Materials,Paper & Paper Products,237.3699951171875,False,92.03,False,False,-10.13,-15.16,False,2083.0,EXIT
ASALCBR,Associated Alcohols & Breweries Limited,Consumer Defensive,Beverages - Wineries & Distilleries,777.0499877929688,False,82.64,False,False,-20.13,-28.04,False,1075.0,EXIT
JAGSNPHARM,Jagsonpal Pharmaceuticals Limited,Healthcare,Drug Manufacturers - Specialty & Generic,230.8000030517578,False,45.47,False,True,-26.13,-21.41,False,269.0,EXIT
PNBGILTS,PNB Gilts Ltd.,Financial Services,Capital Markets,84.5,False,369.7,False,True,-22.86,-23.55,False,,EXIT
SIGNPOST,Signpost India Limited,Communication Services,Advertising Agencies,311.20001220703125,False,70.12,True,True,48.21,28.58,True,453.0,HOLD
ARFIN,Arfin India Limited,Basic Materials,Aluminum,88.5999984741211,False,15.44,False,True,171.74,166.18,True,616.0,HOLD
DIGITIDE,Digitide Solutions Limited,Industrials,Specialty Business Services,100.93000030517578,False,23.97,False,False,-55.89,-59.84,False,3269.0,EXIT
ONEPOINT,One Point One Solutions Limited,Industrials,Specialty Business Services,57.08000183105469,False,37.550000000000004,False,True,17.19,13.07,True,256.0,HOLD
IFGLEXPOR,IFGL Refractories Limited,Basic Materials,Building Materials,194.77000427246094,False,40.86,False,True,-15.72,-20.73,False,1653.0,EXIT
GPTINFRA,GPT Infraprojects Limited,Industrials,Engineering & Construction,119.58000183105469,False,97.31,True,True,-6.63,-10.7,False,1188.0,HOLD
DOLLAR,Dollar Industries Limited,Consumer Cyclical,Apparel Manufacturing,267.5,False,107.43,False,False,-32.26,-31.2,False,1710.0,EXIT
IVALUE,iValue Infosolutions Limited,Technology,Information Technology Services,273.79998779296875,False,103.66,False,True,,,False,1296.0,EXIT
SDBL,Som Distilleries & Breweries Limited,Consumer Defensive,Beverages - Brewers,70.23999786376953,False,121.55,True,False,-48.98,-56.7,False,1443.0,EXIT
CNL,Creative Newtech Limited,Technology,Electronics & Computer Distribution,997.1500244140625,True,69.0,True,True,52.24,49.16,True,1783.0,ADD
RACLGEAR,RACL Geartech Limited,Consumer Cyclical,Auto Parts,1245.199951171875,False,48.949999999999996,True,True,28.91,29.82,True,415.0,HOLD
AMRUTANJAN,Amrutanjan Health Care Limited,Healthcare,Drug Manufacturers - Specialty & Generic,516.0,False,57.910000000000004,False,False,-29.45,-24.71,False,177.0,EXIT
IZMO,IZMO Limited,Technology,Software - Application,1002.7999877929688,False,47.56,False,True,168.01,164.21,True,225.0,HOLD
AYMSYNTEX,AYM Syntex Limited,Consumer Cyclical,Textile Manufacturing,245.4600067138672,False,14.450000000000001,True,True,10.48,11.44,True,1489.0,HOLD
INDORAMA,Indo Rama Synthetics (India) Limited,Consumer Cyclical,Textile Manufacturing,55.02000045776367,False,161.20000000000002,False,True,1.26,2.24,True,4259.0,HOLD
ONIDA,Onida Electronics Limited,Consumer Cyclical,"Furnishings, Fixtures & Appliances",37.65999984741211,False,74.74,False,True,133.67,134.32,True,,HOLD
ASTEC,Astec LifeSciences Limited,Basic Materials,Agricultural Inputs,655.3499755859375,False,72.59,False,False,-25.08,-30.07,False,677.0,EXIT
MACPOWER,Macpower CNC Machines Limited,Industrials,Specialty Industrial Machinery,1458.199951171875,False,33.88,False,True,44.68,40.5,True,,HOLD
UGROCAP,UGRO Capital Limited,Financial Services,Credit Services,95.27999877929688,False,174.82,False,False,-45.73,-46.32,False,,EXIT
NINSYS,NINtec Systems Limited,Technology,Information Technology Services,823.25,False,32.010000000000005,True,True,92.53,89.21,True,140.0,HOLD
TEXINFRA,Texmaco Infrastructure & Holdings Limited,Real Estate,Real Estate Services,114.73999786376953,False,10.940000000000001,False,True,30.12,12.45,True,24.0,HOLD
IGPL,I G Petrochemicals Limited,Basic Materials,Chemicals,468.1499938964844,False,53.92,False,True,-3.0,-8.05,False,2352.0,EXIT
ALLTIME,ALLTIME,Consumer Defensive,Household & Personal Products,224.60000610351562,False,35.41,False,False,,,False,558.0,EXIT
TTKHLTCARE,TTK Healthcare Limited,Healthcare,Drug Manufacturers - General,1000.9500122070312,False,61.44,False,True,-27.38,-22.65,False,,EXIT
KAPSTON,Kapston Services Limited,Industrials,Specialty Business Services,474.8999938964844,True,28.139999999999997,True,True,98.26,93.96,True,689.0,ADD
SULA,Sula Vineyards Limited,Consumer Defensive,Beverages - Wineries & Distilleries,170.7100067138672,False,25.65,False,False,-35.06,-42.87,False,579.0,EXIT
SHRIRAMPPS,Shriram Properties Limited,Real Estate,Real Estate - Development,83.9000015258789,False,114.56,False,True,5.13,-12.22,False,865.0,EXIT
STEELXIND,Steel Exchange India Limited,Basic Materials,Steel,11.229999542236328,False,31.79,False,True,7.26,2.18,True,506.0,HOLD
ATULAUTO,Atul Auto Limited,Consumer Cyclical,Auto Manufacturers,515.4500122070312,False,42.260000000000005,False,True,12.68,13.63,True,667.0,HOLD
DIFFNKG,DIFFNKG,Industrials,Specialty Industrial Machinery,380.54998779296875,False,50.31999999999999,False,True,20.69,16.56,True,335.0,HOLD
IGARASHI,Igarashi Motors India Limited,Consumer Cyclical,Auto Parts,445.0,False,12.139999999999999,False,True,-27.82,-26.77,False,176.0,EXIT
CLSEL,Chaman Lal Setia Exports Ltd.,Consumer Defensive,Packaged Foods,279.95001220703125,False,114.77,False,True,-7.79,-15.79,False,,EXIT
PUNJABCHEM,Punjab Chemicals and Crop Protection Limited,Basic Materials,Chemicals,1205.5999755859375,False,63.959999999999994,False,True,-15.45,-20.47,False,1006.0,EXIT
BOROSCI,Borosil Scientific Limited,Consumer Cyclical,Packaging & Containers,155.41000366210938,False,42.94,True,True,-8.38,-7.38,False,434.0,HOLD
GALAPREC,GALAPREC,Industrials,Specialty Industrial Machinery,1054.0999755859375,False,35.480000000000004,False,True,29.4,25.25,True,238.0,HOLD
GPTHEALTH,GPT Healthcare Limited,Healthcare,Medical Care Facilities,166.0399932861328,False,42.22,False,True,-10.9,-6.28,False,337.0,EXIT
BHARATSE,Bharat Seats Limited,Consumer Cyclical,Auto Parts,221.64999389648438,False,42.23,True,True,88.89,89.66,True,1289.0,HOLD
JAGRAN,Jagran Prakashan Limited,Communication Services,Publishing,63.689998626708984,False,196.96999999999997,False,False,2.67,-16.36,False,2363.0,EXIT
QUADFUTURE,QUADFUTURE,Industrials,Railroads,344.3999938964844,False,45.230000000000004,False,True,-19.0,-23.04,False,,EXIT
KABRAEXTRU,Kabra Extrusiontechnik Limited,Industrials,Specialty Industrial Machinery,365.20001220703125,False,13.950000000000001,False,True,28.66,24.51,True,670.0,HOLD
UDS,Updater Services Limited,Industrials,Specialty Business Services,196.25,False,86.81,False,True,-30.38,-34.39,False,2736.0,EXIT
MOL,Meghmani Organics Limited,Basic Materials,Agricultural Inputs,55.29999923706055,False,71.3,False,False,-42.56,-47.5,False,2557.0,EXIT
DCW,DCW Limited,Basic Materials,Chemicals,46.04999923706055,False,48.18,False,False,-38.84,-43.79,False,1327.0,EXIT
SUMEETINDS,Sumeet Industries Limited,Consumer Cyclical,Textile Manufacturing,23.459999084472656,False,34.379999999999995,False,False,-10.14,-9.14,False,1406.0,EXIT
PNGSREVA,PNGSREVA,Consumer Cyclical,Luxury Goods,432.8999938964844,False,68.75,False,False,,,False,,EXIT
SPIC,Southern Petrochemical Industries Corporation Limited,Basic Materials,Agricultural Inputs,66.36000061035156,False,211.49,False,False,-31.23,-36.21,False,3086.0,EXIT
IMPAL,India Motor Parts & Accessories Limited,Consumer Cyclical,Auto Parts,1085.9000244140625,False,92.75,True,True,-0.88,0.1,False,741.0,HOLD
BHARATWIRE,Bharat Wire Ropes Limited,Basic Materials,Steel,196.74000549316406,False,72.45,False,True,4.59,-0.49,False,622.0,EXIT
AEROENTER,Aeroflex Enterprises Limited,Basic Materials,Steel,118.94999694824219,False,64.23,False,True,18.44,13.33,True,578.0,HOLD
PASHUPATI,Pashupati Cotspin Limited,Consumer Cyclical,Textile Manufacturing,86.23999786376953,False,10.39,False,False,21.48,22.41,True,661.0,EXIT
GODAVARIB,GODAVARIB,Basic Materials,Chemicals,260.8999938964844,False,118.74,True,False,-13.78,-18.8,False,2015.0,EXIT
CENTENKA,Century Enka Limited,Consumer Cyclical,Textile Manufacturing,606.0,False,147.16,True,True,12.98,13.93,True,2072.0,HOLD
PRECAM,Precision Camshafts Limited,Consumer Cyclical,Auto Parts,141.61000061035156,False,51.25000000000001,False,False,-25.55,-24.51,False,1080.0,EXIT
CAPITALSFB,Capital Small Finance Bank Limited,Financial Services,Banks - Regional,296.04998779296875,False,147.79999999999998,False,True,-4.45,-5.22,False,,EXIT
FINOPB,Fino Payments Bank Limited,Financial Services,Banks - Regional,160.74000549316406,False,67.31,False,False,-39.9,-40.51,False,,EXIT
UNIENTER,Uniphos Enterprises Limited,Basic Materials,Chemicals,95.37999725341797,False,25.61,False,False,-38.01,-42.96,False,,EXIT
SKMEGGPROD,SKM Egg Products Export (India) Limited,Consumer Defensive,Packaged Foods,249.85000610351562,False,86.57,True,True,74.01,65.47,True,701.0,HOLD
KALAMANDIR,Sai Silks (Kalamandir) Limited,Consumer Cyclical,Apparel Retail,88.63999938964844,False,126.49000000000001,False,False,-53.67,-52.56,False,1462.0,EXIT
SURAKSHA,SURAKSHA,Healthcare,Diagnostics & Research,247.10000610351562,False,32.19,False,False,-26.71,-21.98,False,252.0,EXIT
ICEMAKE,Ice Make Refrigeration Limited,Industrials,Specialty Industrial Machinery,813.9500122070312,False,15.03,False,True,6.54,2.44,True,480.0,HOLD
NIITLTD,NIIT Limited,Consumer Defensive,Education & Training Services,95.08000183105469,False,20.84,False,True,-12.87,-20.83,False,513.0,EXIT
DEN,DEN Networks Limited,Communication Services,Entertainment,27.420000076293945,False,130.61,False,False,-10.66,-29.51,False,1307.0,EXIT
FAZE3Q,Faze Three Limited,Consumer Cyclical,Textile Manufacturing,544.4000244140625,False,43.97,False,True,-23.85,-22.81,False,690.0,EXIT
RATNAVEER,Ratnaveer Precision Engineering Limited,Basic Materials,Steel,184.74000549316406,False,67.59,False,True,32.97,27.82,True,,HOLD
JYOTISTRUC,Jyoti Structures Limited,Industrials,Specialty Industrial Machinery,10.779999732971191,False,56.03,False,False,-34.74,-38.75,False,3636.0,EXIT
BUTTERFLY,Butterfly Gandhimathi Appliances Limited,Consumer Cyclical,"Furnishings, Fixtures & Appliances",722.2999877929688,False,45.64,False,True,-5.66,-4.67,False,,EXIT
ELECTHERM,Electrotherm (India) Limited,Basic Materials,Steel,1008.0999755859375,False,98.42,False,True,3.16,-1.91,False,4272.0,EXIT
SHREEPUSHK,Shree Pushkar Chemicals & Fertilisers Limited,Basic Materials,Specialty Chemicals,394.04998779296875,False,70.1,True,True,1.83,-3.24,False,806.0,HOLD
RUPA,Rupa & Company Limited,Consumer Cyclical,Apparel Manufacturing,161.14999389648438,False,72.49,False,True,-28.91,-27.86,False,1430.0,EXIT
PLATIND,Platinum Industries Limited,Basic Materials,Specialty Chemicals,225.88999938964844,False,0.0,False,False,-17.77,-22.79,False,392.0,EXIT
ASIANHOTNR,Asian Hotels (North) Limited,Consumer Cyclical,Lodging,305.54998779296875,False,164.85000000000002,True,False,-14.21,-13.2,False,354.0,EXIT
MANAKCOAT,Manaksia Coated Metals & Industries Limited,Industrials,Metal Fabrication,122.08999633789062,False,26.729999999999997,True,False,-23.09,-27.12,False,782.0,EXIT
WAAREEINDO,Indosolar Limited,Technology,Solar,306.70001220703125,False,236.88,False,False,9.08,6.27,True,,EXIT
ROTO,Roto Pumps Limited,Industrials,Specialty Industrial Machinery,68.79000091552734,False,24.770000000000003,False,True,-24.35,-28.37,False,298.0,EXIT
DHANBANK,Dhanlaxmi Bank Limited,Financial Services,Banks - Regional,32.06999969482422,False,104.46000000000001,False,True,17.27,16.4,True,,HOLD
KROSS,KROSS,Consumer Cyclical,Auto Parts,196.1999969482422,False,57.81999999999999,False,True,8.42,9.38,True,,HOLD
RGL,Renaissance Global Limited,Consumer Cyclical,Luxury Goods,117.2699966430664,False,65.47,False,True,-0.21,0.77,False,2591.0,EXIT
RUBYMILLS,The Ruby Mills Limited,Consumer Cyclical,Textile Manufacturing,386.70001220703125,False,43.56,False,True,50.85,51.71,True,260.0,HOLD
EXPLEOSOL,Expleo Solutions Limited,Technology,Information Technology Services,906.5999755859375,False,123.98,False,True,-26.18,-28.77,False,1025.0,EXIT
ARIHANT,Arihant Foundations & Housing Limited,Real Estate,Real Estate - Development,1142.75,True,60.63,False,False,,,False,,EXIT
EXCELINDUS,Excel Industries Limited,Basic Materials,Specialty Chemicals,994.9500122070312,False,75.66999999999999,False,True,-25.92,-30.91,False,1178.0,EXIT
ALLDIGI,Alldigi Tech Limited,Industrials,Specialty Business Services,855.0999755859375,False,82.73,True,True,-16.67,-20.72,False,546.0,HOLD
SYNCOMF,Syncom Formulations (India) Limited,Healthcare,Drug Manufacturers - Specialty & Generic,13.010000228881836,False,76.43,True,False,-35.68,-30.9,False,463.0,EXIT
BLKASHYAP,B.L. Kashyap and Sons Limited,Industrials,Engineering & Construction,53.66999816894531,False,43.82,False,True,-27.31,-31.33,False,1349.0,EXIT
GULPOLY,Gulshan Polyols Limited,Basic Materials,Chemicals,194.0399932861328,False,107.33,True,True,18.84,13.72,True,2020.0,HOLD
OAL,Oriental Aromatics Limited,Basic Materials,Specialty Chemicals,364.5,False,7.15,False,True,0.17,-4.9,False,935.0,EXIT
GYFTR,Gyftr Limited,Industrials,Specialty Business Services,154.97999572753906,False,21.81,False,False,,,False,,EXIT
BHAGYANGR,Bhagyanagar India Limited,Basic Materials,Copper,367.95001220703125,False,59.15,True,True,279.66,273.81,True,1847.0,HOLD
ANDHRAPAP,Andhra Paper Limited,Basic Materials,Paper & Paper Products,61.90999984741211,False,59.14,False,False,-18.61,-23.62,False,,EXIT
AWHCL,Antony Waste Handling Cell Limited,Industrials,Waste Management,425.1000061035156,False,75.45,False,False,-28.16,-32.18,False,934.0,EXIT
HARIOMPIPE,Hariom Pipe Industries Limited,Basic Materials,Steel,387.1000061035156,False,75.69999999999999,True,True,-13.24,-18.27,False,1604.0,HOLD
INDOBORAX,Indo Borax & Chemicals Limited,Basic Materials,Chemicals,374.8999938964844,False,50.260000000000005,False,True,42.25,37.06,True,225.0,HOLD
ALLCARGO,Allcargo Logistics Limited,Industrials,Integrated Freight & Logistics,7.940000057220459,False,123.92,False,False,-75.58,-79.49,False,19062.0,EXIT
AGL,AGL,Industrials,Integrated Freight & Logistics,12.1899995803833,False,0.0,False,False,,,False,,EXIT
DOLATALGO,Dolat Algotech Limited,Financial Services,Capital Markets,68.16999816894531,False,128.93,False,False,-26.37,-27.05,False,530.0,EXIT
EKC,Everest Kanto Cylinder Limited,Industrials,Specialty Industrial Machinery,104.76000213623047,False,146.85000000000002,False,False,-17.37,-21.41,False,1699.0,EXIT
ORIENTTECH,ORIENTTECH,Technology,Information Technology Services,261.32000732421875,False,43.830000000000005,False,False,-9.0,-11.7,False,840.0,EXIT
STLNETWORK,STLNETWORK,Communication Services,Telecom Services,24.290000915527344,False,98.57,False,True,,,False,1180.0,EXIT
MENONBE,Menon Bearings Limited,Consumer Cyclical,Auto Parts,214.97000122070312,False,45.57,True,True,50.69,51.55,True,243.0,HOLD
RSL,RSL,Basic Materials,Steel,142.00999450683594,True,21.369999999999997,False,False,,,False,,EXIT
GCSL,Gretex Corporate Services Limited,Financial Services,Capital Markets,522.2999877929688,True,18.69,False,True,,,False,262.0,EXIT
RAJRILTD,Raj Rayon Industries Limited,Consumer Cyclical,Textile Manufacturing,20.40999984741211,False,33.989999999999995,False,False,-29.22,-28.16,False,,EXIT
LAXMIDENTL,LAXMIDENTL,Healthcare,Medical Instruments & Supplies,211.91000366210938,False,28.98,False,False,-58.17,-53.24,False,239.0,EXIT
GREENPOWER,Orient Green Power Company Limited,Utilities,Utilities - Independent Power Producers,9.949999809265137,False,147.47,True,False,-21.06,-31.51,False,413.0,EXIT
APEX,Apex Frozen Foods Limited,Consumer Defensive,Farm Products,370.6499938964844,False,38.85,False,True,59.57,51.13,True,,HOLD
LINCOLN,Lincoln Pharmaceuticals Limited,Healthcare,Drug Manufacturers - Specialty & Generic,572.1500244140625,False,87.89000000000001,False,True,-1.3,3.26,False,623.0,EXIT
SEPC,SEPC Limited,Industrials,Engineering & Construction,5.849999904632568,False,53.540000000000006,True,False,-48.92,-52.89,False,1208.0,EXIT
SRM,SRM,Industrials,Engineering & Construction,498.20001220703125,False,111.02,False,True,8.04,3.94,True,528.0,HOLD
GENESYS,Genesys International Corporation Limited,Technology,Software - Application,267.45001220703125,False,32.57,False,False,-54.8,-57.22,False,284.0,EXIT
BAJAJHCARE,Bajaj HealthCare Limited,Healthcare,Drug Manufacturers - Specialty & Generic,327.45001220703125,False,64.05,False,False,-41.45,-36.63,False,,EXIT
ARIHANTSUP,Arihant Superstructures Limited,Real Estate,Real Estate - Development,258.6000061035156,False,32.58,False,False,-25.46,-42.42,False,510.0,EXIT
ULTRAMAR,Ultramarine & Pigments Limited,Basic Materials,Specialty Chemicals,373.75,False,80.79,False,False,,,False,,EXIT
CENTRUM,Centrum Capital Limited,Financial Services,Financial Conglomerates,23.040000915527344,False,165.4,True,False,-45.36,-45.95,False,9895.0,EXIT
RIIL,Reliance Industrial Infrastructure Limited,Industrials,Engineering & Construction,727.9000244140625,False,12.17,False,False,-16.15,-20.2,False,102.0,EXIT
UNITECH,Unitech Limited,Real Estate,Real Estate - Diversified,4.190000057220459,False,2455.74,True,False,-28.54,-45.45,False,3431.0,EXIT
GRPLTD,GRP Limited,Consumer Cyclical,Auto Parts,2060.39990234375,False,8.35,False,True,-10.08,-9.07,False,550.0,EXIT
MANALIPETC,Manali Petrochemicals Limited,Basic Materials,Specialty Chemicals,64.5199966430664,False,129.96,False,True,-3.78,-8.83,False,1672.0,EXIT
ANDHRSUGAR,The Andhra Sugars Limited,Basic Materials,Chemicals,82.29000091552734,False,83.22,False,True,8.11,3.02,True,2368.0,HOLD
ALICON,Alicon Castalloy Limited,Industrials,Metal Fabrication,680.5499877929688,False,34.440000000000005,False,False,-24.6,-28.63,False,1526.0,EXIT
AMNPLST,Amines & Plasticizers Limited,Basic Materials,Chemicals,200.50999450683594,False,36.53,False,True,-9.03,-14.07,False,661.0,EXIT
JINDALPHOT,Jindal Photo Limited,Financial Services,Asset Management,1062.4000244140625,False,222.42,False,False,17.94,17.07,True,1412.0,EXIT
ARROWGREEN,Arrow Greentech Limited,Consumer Cyclical,Packaging & Containers,725.2999877929688,False,47.35,False,True,-12.58,-11.57,False,243.0,EXIT
AVTNPL,AVT Natural Products Limited,Basic Materials,Specialty Chemicals,70.41999816894531,False,64.8,False,True,-3.26,-8.31,False,582.0,EXIT
GHCLTEXTIL,GHCL Textiles Limited,Consumer Cyclical,Textile Manufacturing,114.12000274658203,True,70.37,False,True,23.64,24.56,True,,HOLD
VHL,Vardhman Holdings Limited,Financial Services,Credit Services,3347.5,False,216.02999999999997,False,False,-18.21,-18.92,False,70.0,EXIT
BCLIND,BCL Industries Limited,Consumer Defensive,Beverages - Wineries & Distilleries,36.7400016784668,False,114.97999999999999,True,True,-10.87,-18.84,False,2815.0,HOLD
MONTECARLO,Monte Carlo Fashions Limited,Consumer Cyclical,Apparel Manufacturing,526.25,False,144.6,True,False,-13.03,-12.02,False,1118.0,EXIT
DAMCAPITAL,DAMCAPITAL,Financial Services,Capital Markets,150.33999633789062,False,72.69,False,False,-35.34,-35.98,False,250.0,EXIT
HITECHGEAR,The Hi-Tech Gears Limited,Consumer Cyclical,Auto Parts,573.7000122070312,False,20.979999999999997,False,False,-23.17,-22.13,False,1169.0,EXIT
JPOLYINVST,Jindal Poly Investment and Finance Company Limited,Financial Services,Asset Management,1020.7999877929688,False,857.5099999999999,True,False,29.99,29.06,True,3125.0,HOLD
MADRASFERT,Madras Fertilizers Limited,Basic Materials,Agricultural Inputs,66.66000366210938,False,80.42,False,False,-26.83,-31.81,False,,EXIT
SHREDIGCEM,Shree Digvijay Cement Company Limited,Basic Materials,Building Materials,73.19999694824219,False,35.53,False,False,-13.8,-18.82,False,792.0,EXIT
MWL,MWL,Basic Materials,Steel,35.79999923706055,False,51.89,False,True,97.05,91.71,True,1060.0,HOLD
GANDHITUBE,Gandhi Special Tubes Limited,Industrials,Metal Fabrication,874.2000122070312,False,68.36,True,True,16.02,11.9,True,173.0,HOLD
CREST,Crest Ventures Limited,Financial Services,Financial Conglomerates,377.20001220703125,False,48.51,False,True,-1.85,-2.63,False,,EXIT
STEL,STEL Holdings Limited,Financial Services,Asset Management,560.0499877929688,False,11.99,False,True,32.91,31.97,True,22.0,HOLD
NELCAST,Nelcast Limited,Industrials,Metal Fabrication,121.37000274658203,False,48.81,False,False,-21.08,-25.12,False,1267.0,EXIT
IRMENERGY,IRM Energy Limited,Utilities,Utilities - Regulated Gas,257.45001220703125,False,53.220000000000006,False,False,-4.25,-15.15,False,980.0,EXIT
ARIS,Arisinfra Solutions Limited,Industrials,Engineering & Construction,128.02000427246094,False,52.72,True,True,-9.76,-13.82,False,768.0,HOLD
TNPL,Tamil Nadu Newsprint and Papers Limited,Basic Materials,Paper & Paper Products,149.4600067138672,False,276.6,False,True,-3.87,-8.92,False,,EXIT
JARO,JARO,Consumer Defensive,Education & Training Services,466.8999938964844,False,50.44,False,False,,,False,199.0,EXIT
SALZERELEC,Salzer Electronics Limited,Industrials,Electrical Equipment & Parts,570.25,False,52.94,True,False,-30.05,-34.06,False,1418.0,EXIT
LGHL,LGHL,Consumer Cyclical,Luxury Goods,202.5,False,10.83,True,False,-36.42,-35.35,False,202.0,EXIT
HMAAGRO,HMA Agro Industries Limited,Consumer Defensive,Packaged Foods,21.0,False,164.75,False,False,-25.92,-33.8,False,4862.0,EXIT
EIMCOELECO,Eimco Elecon (India) Limited,Industrials,Farm & Heavy Construction Machinery,1748.199951171875,False,48.74000000000001,True,True,-22.26,-26.29,False,228.0,HOLD
WANBURY,Wanbury Limited,Healthcare,Drug Manufacturers - Specialty & Generic,297.6499938964844,False,66.13,False,True,5.49,10.0,True,661.0,HOLD
AFSL,Abans Financial Services Limited,Financial Services,Capital Markets,201.0,False,104.07000000000001,False,False,-11.61,-12.36,False,4377.0,EXIT
SALASAR,Salasar Techno Engineering Limited,Basic Materials,Steel,5.849999904632568,False,42.199999999999996,False,False,-16.45,-21.47,False,1447.0,EXIT
BALAJITELE,Balaji Telefilms Limited,Communication Services,Entertainment,82.2300033569336,False,49.089999999999996,False,False,11.44,-7.7,False,625.0,EXIT
SUYOG,Suyog Telematics Limited,Communication Services,Telecom Services,860.75,False,63.06,False,True,15.23,-3.97,False,193.0,EXIT
NAHARSPING,Nahar Spinning Mills Limited,Consumer Cyclical,Textile Manufacturing,277.75,False,56.940000000000005,False,True,2.23,3.21,True,,HOLD
MUNJALAU,Munjal Auto Industries Limited,Consumer Cyclical,Auto Parts,101.44000244140625,False,40.74,False,True,27.02,27.94,True,2123.0,HOLD
RSWM,RSWM Limited,Consumer Cyclical,Textile Manufacturing,210.5399932861328,False,52.02,False,True,24.66,25.58,True,4826.0,HOLD
MASTERTR,Master Trust Limited,Financial Services,Capital Markets,81.41000366210938,False,126.08999999999999,False,False,-52.82,-53.38,False,584.0,EXIT
AVADHSUGAR,Avadh Sugar & Energy Limited,Consumer Defensive,Confectioners,511.8999938964844,False,87.31,False,True,15.98,7.82,True,,HOLD
KRISHIVAL,KRISHIVAL,Consumer Defensive,Packaged Foods,387.1499938964844,False,21.48,True,True,6.32,-1.77,False,202.0,HOLD
BIRLANU,BirlaNu Limited,Industrials,Building Products & Equipment,1337.0,False,119.52,False,False,-40.14,-44.13,False,3615.0,EXIT
FAIRCHEMOR,Fairchem Organics Limited,Basic Materials,Specialty Chemicals,813.3499755859375,False,14.569999999999999,False,True,-5.31,-10.35,False,,EXIT
GKSL,GKSL,Healthcare,Medical Care Facilities,127.04000091552734,False,17.060000000000002,False,False,,,False,40.24,EXIT
GEMAROMA,GEMAROMA,Basic Materials,Chemicals,183.8699951171875,False,36.18,False,True,,,False,504.0,EXIT
GAUDIUMIVF,GAUDIUMIVF,Healthcare,Medical Care Facilities,140.13999938964844,False,21.849999999999998,False,False,,,False,71.0,EXIT
MAMATA,MAMATA,Industrials,Specialty Industrial Machinery,386.45001220703125,False,15.06,False,False,-24.85,-28.88,False,255.0,EXIT
HIMATSEIDE,Himatsingka Seide Limited,Consumer Cyclical,Textile Manufacturing,79.2300033569336,False,61.97,False,False,-46.63,-45.54,False,3184.0,EXIT
BIL,Bhartiya International Ltd.,Consumer Cyclical,Footwear & Accessories,749.9500122070312,False,30.990000000000002,False,False,-21.12,-20.09,False,1029.0,EXIT
SIGACHI,Sigachi Industries Limited,Healthcare,Drug Manufacturers - Specialty & Generic,26.440000534057617,False,121.52999999999999,False,True,-37.93,-33.13,False,488.0,EXIT
WEALTH,Wealth First Portfolio Managers Limited,Financial Services,Capital Markets,924.75,False,38.67,False,False,-21.7,-22.39,False,331.0,EXIT
ZUARI,Zuari Agro Chemicals Limited,Basic Materials,Agricultural Inputs,238.2100067138672,False,969.86,True,False,-14.63,-19.65,False,8103.0,EXIT
SOLEX,SOLEX,Technology,Solar,910.7999877929688,False,86.16,True,False,-34.46,-37.0,False,662.0,EXIT
AMBIKCO,Ambika Cotton Mills Limited,Consumer Cyclical,Textile Manufacturing,1699.800048828125,False,71.56,False,True,2.7,3.67,True,,HOLD
HEALTHX,Health X Platform Limited,Healthcare,Pharmaceutical Retailers,310.20001220703125,False,48.900000000000006,False,True,0.09,4.64,True,,HOLD
THEMISMED,Themis Medicare Limited,Healthcare,Drug Manufacturers - Specialty & Generic,104.19000244140625,False,36.82,False,True,-12.4,-7.78,False,406.0,EXIT
YUKEN,Yuken India Limited,Industrials,Specialty Industrial Machinery,709.5,False,15.489999999999998,False,False,-30.08,-34.09,False,457.0,EXIT
GKWLIMITED,GKW Limited,Industrials,Specialty Business Services,1610.5999755859375,False,40.09,True,False,-9.21,-13.27,False,117.78,EXIT
PRECOT,Precot Limited,Consumer Cyclical,Textile Manufacturing,771.1500244140625,False,28.29,False,True,22.5,23.43,True,993.0,HOLD
KAMDHENU,Kamdhenu Limited,Basic Materials,Steel,34.060001373291016,False,85.62,True,True,19.06,13.94,True,924.0,HOLD
MAFATIND,Mafatlal Industries Limited,Unknown,Unknown,133.33999633789062,False,89.98,False,False,,,False,,EXIT
CONSOFINVT,Consolidated Finvest & Holdings Limited,Financial Services,Capital Markets,298.3999938964844,False,63.26,False,True,49.87,48.85,True,,HOLD
UNIECOM,UNIECOM,Technology,Software - Application,84.79000091552734,False,20.45,False,False,-30.64,-33.2,False,135.0,EXIT
DENTA,DENTA,Industrials,Engineering & Construction,343.54998779296875,False,60.900000000000006,False,True,7.92,3.82,True,239.0,HOLD
RAJOOENG,Rajoo Engineers Limited,Industrials,Specialty Industrial Machinery,51.75,False,50.84,True,False,-51.88,-55.84,False,254.0,EXIT
PRIMESECU,Prime Securities Limited,Financial Services,Capital Markets,277.20001220703125,False,29.290000000000003,False,False,-4.38,-5.15,False,89.0,EXIT
SURAJEST,SURAJEST,Real Estate,Real Estate - Development,194.85000610351562,False,75.47,False,False,-19.73,-36.75,False,549.0,EXIT
SGIL,Synergy Green Industries Limited,Industrials,Metal Fabrication,596.2000122070312,True,7.64,False,True,16.13,12.01,True,,HOLD
GAYAPROJ,Gayatri Projects Limited,Industrials,Engineering & Construction,19.31999969482422,False,2272.04,False,True,117.84,113.48,True,,HOLD
BHAGERIA,Bhageria Industries Limited,Basic Materials,Specialty Chemicals,202.0800018310547,False,68.44,False,True,2.54,-2.53,False,597.0,EXIT
INDOAMIN,Indo Amines Limited,Basic Materials,Chemicals,127.44999694824219,False,79.33,True,True,-11.76,-16.79,False,1079.0,HOLD
MICEL,MIC Electronics Limited,Technology,Electronic Components,36.58000183105469,False,25.47,False,False,-30.28,-32.85,False,218.0,EXIT
SWELECTES,Swelect Energy Systems Limited,Technology,Solar,601.5499877929688,False,55.17,False,False,-9.92,-12.62,False,622.0,EXIT
KOPRAN,Kopran Limited,Healthcare,Drug Manufacturers - General,188.07000732421875,False,45.580000000000005,False,True,6.58,11.08,True,630.0,HOLD
TVSELECT,TVS Electronics Limited,Technology,Computer Hardware,481.20001220703125,False,8.36,False,True,18.28,15.42,True,4112.0,HOLD
WCIL,WCIL,Industrials,Integrated Freight & Logistics,88.86000061035156,False,38.82,False,False,-16.28,-20.32,False,1726.0,EXIT
ESTER,Ester Industries Limited,Basic Materials,Specialty Chemicals,87.9000015258789,False,43.22,False,False,-20.49,-25.5,False,1282.0,EXIT
IFBAGRO,IFB Agro Industries Limited,Consumer Defensive,Beverages - Wineries & Distilleries,962.25,False,59.650000000000006,True,False,10.45,2.33,True,1246.0,HOLD
STERTOOLS,Sterling Tools Limited,Industrials,Tools & Accessories,246.24000549316406,False,29.330000000000005,False,False,-27.92,-31.94,False,1026.0,EXIT
CONTROLPR,Control Print Limited,Industrials,Business Equipment & Supplies,570.9500122070312,False,38.959999999999994,False,False,-24.68,-28.71,False,425.0,EXIT
KECL,Kirloskar Electric Company Limited,Industrials,Specialty Industrial Machinery,136.1699981689453,False,15.13,False,True,6.75,2.66,True,680.0,HOLD
VHLTD,Viceroy Hotels Limited,Consumer Cyclical,Lodging,130.08999633789062,False,24.36,False,False,21.34,22.27,True,138.0,EXIT
MAXIND,Max India Limited,Healthcare,Medical Care Facilities,170.25,False,121.85000000000001,False,False,-27.0,-22.27,False,233.0,EXIT
DHARMAJ,Dharmaj Crop Guard Limited,Basic Materials,Agricultural Inputs,267.8500061035156,False,54.650000000000006,True,True,-17.18,-22.2,False,951.0,HOLD
IRISDOREME,Iris Clothings Limited,Consumer Cyclical,Apparel Manufacturing,49.630001068115234,False,16.55,False,True,56.05,56.89,True,,HOLD
MATRIMONY,Matrimony.com Limited,Communication Services,Internet Content & Information,437.25,False,34.17,False,False,-1.1,-20.08,False,481.0,EXIT
PDMJEPAPER,Pudumjee Paper Products Limited,Basic Materials,Paper & Paper Products,94.86000061035156,False,93.59,False,True,-17.71,-22.72,False,,EXIT
SICALLOG,Sical Logistics Limited,Industrials,Integrated Freight & Logistics,117.06999969482422,False,72.93,True,True,10.22,6.12,True,1303.0,HOLD
STANLEY,STANLEY,Consumer Cyclical,"Furnishings, Fixtures & Appliances",154.63999938964844,False,14.9,False,False,-56.54,-55.42,False,432.0,EXIT
BSHSL,Bombay Super Hybrid Seeds Limited,Basic Materials,Agricultural Inputs,86.80999755859375,False,23.14,False,False,-35.24,-40.21,False,,EXIT
EXCELSOFT,EXCELSOFT,Technology,Software - Application,77.41000366210938,False,53.39,False,False,,,False,233.0,EXIT
BODALCHEM,Bodal Chemicals Limited,Basic Materials,Specialty Chemicals,69.80999755859375,False,47.82000000000001,False,True,-6.91,-11.95,False,2055.0,EXIT
SEJALLTD,Sejal Glass Limited,Industrials,Building Products & Equipment,757.0999755859375,False,24.490000000000002,False,True,57.58,53.37,True,244.0,HOLD
FINKURVE,Finkurve Financial Services Limited,Financial Services,Credit Services,60.939998626708984,False,26.029999999999998,True,False,,,False,,EXIT
SCODATUBES,Scoda Tubes Limited,Basic Materials,Steel,145.75999450683594,False,38.839999999999996,False,False,-24.13,-29.12,False,,EXIT
LIKHITHA,Likhitha Infrastructure Limited,Energy,Oil & Gas Equipment & Services,219.75,False,39.209999999999994,False,True,-28.7,-23.69,False,520.0,EXIT
DHAMPURSUG,Dhampur Sugar Mills Limited,Consumer Defensive,Confectioners,135.47999572753906,False,80.85999999999999,False,True,2.72,-5.35,False,3484.0,EXIT
MODISONLTD,Modison Limited,Industrials,Electrical Equipment & Parts,263.1499938964844,False,72.53,True,True,55.47,51.26,True,490.0,HOLD
NDTV,New Delhi Television Limited,Communication Services,Broadcasting,76.25,False,330.12,True,False,-28.67,-47.28,False,571.0,EXIT
HEXATRADEX,Hexa Tradex Limited,Financial Services,Credit Services,157.4199981689453,False,8.72,False,False,-15.54,-16.27,False,133.23,EXIT
JITFINFRA,JITF Infralogistics Limited,Industrials,Engineering & Construction,344.95001220703125,False,48.14,False,True,-1.27,-5.35,False,2535.0,EXIT
TNPETRO,Tamilnadu Petroproducts Limited,Basic Materials,Specialty Chemicals,97.97000122070312,False,97.46000000000001,False,True,-0.27,-5.33,False,2150.0,EXIT
COMSYN,Commercial Syn Bags Limited,Consumer Cyclical,Packaging & Containers,213.7100067138672,True,26.31,False,True,55.68,56.52,True,341.0,HOLD
BORANA,BORANA,Consumer Cyclical,Textile Manufacturing,324.25,False,64.61,False,True,42.88,43.76,True,,HOLD
KOKUYOCMLN,Kokuyo Camlin Limited,Industrials,Business Equipment & Supplies,83.69999694824219,False,24.78,True,False,-25.93,-29.95,False,689.0,EXIT
OMINFRAL,Om Infra Limited,Industrials,Engineering & Construction,88.01000213623047,False,22.529999999999998,False,False,-23.53,-27.56,False,1114.0,EXIT
ARIHANTCAP,Arihant Capital Markets Limited,Financial Services,Capital Markets,77.33999633789062,False,40.25,False,False,-25.44,-26.12,False,241.0,EXIT
ROHLTD,Royal Orchid Hotels Limited,Consumer Cyclical,Lodging,311.6000061035156,False,32.18,False,False,-31.2,-30.14,False,319.0,EXIT
TEMBO,Tembo Global Industries Limited,Industrials,Metal Fabrication,565.7999877929688,False,96.35,True,False,12.67,8.56,True,744.0,HOLD
ORICONENT,Oricon Enterprises Limited,Consumer Cyclical,Packaging & Containers,53.790000915527344,False,34.12,False,False,4.16,5.13,True,1167.0,EXIT
UTTAMSUGAR,Uttam Sugar Mills Limited,Consumer Defensive,Confectioners,225.07000732421875,False,100.28,False,False,-9.37,-17.35,False,2047.0,EXIT
RADHIKAJWE,Radhika Jeweltech Limited,Consumer Cyclical,Luxury Goods,71.75,False,74.78999999999999,False,True,-31.67,-30.61,False,,EXIT
REGAAL,REGAAL,Consumer Defensive,Packaged Foods,81.18000030517578,False,55.57,False,True,,,False,915.0,EXIT
DVL,Dhunseri Ventures Limited,Financial Services,Capital Markets,238.66000366210938,False,112.34,False,False,-34.72,-35.36,False,4172.0,EXIT
KRYSTAL,KRYSTAL,Industrials,Specialty Business Services,600.2000122070312,False,55.46,False,True,-5.07,-9.14,False,1113.0,EXIT
SYSTMTXC,Systematix Corporate Services Limited,Financial Services,Capital Markets,60.099998474121094,False,28.640000000000004,False,False,,,False,168.0,EXIT
SUDARCOLOR,Sudarshan Colorants India Limited,Basic Materials,Specialty Chemicals,353.8999938964844,False,48.519999999999996,False,False,-37.5,-42.45,False,973.0,EXIT
SALSTEEL,S.A.L. Steel Limited,Basic Materials,Steel,59.4900016784668,False,21.060000000000002,False,True,282.89,277.02,True,,HOLD
SRHHYPOLTD,Sree Rayalaseema Hi-Strength Hypo Limited,Basic Materials,Chemicals,486.5,False,89.50999999999999,False,False,-22.03,-27.03,False,1650.0,EXIT
RITCO,Ritco Logistics Limited,Industrials,Integrated Freight & Logistics,293.04998779296875,False,36.07,False,True,3.48,-0.61,False,1187.0,EXIT
SVLL,Shree Vasu Logistics Limited,Industrials,Trucking,735.0,False,4.04,False,True,-3.99,-8.06,False,,EXIT
QUICKHEAL,Quick Heal Technologies Limited,Technology,Software - Application,158.8300018310547,False,35.31,False,False,-49.86,-52.31,False,342.0,EXIT
OCCLLTD,OCCL Limited,Basic Materials,Chemicals,158.1199951171875,True,47.71,False,True,12.07,6.97,True,,HOLD
TIRUPATIFL,Tirupati Forge Limited,Industrials,Metal Fabrication,70.41000366210938,False,6.29,False,True,82.75,78.48,True,,HOLD
NCLIND,NCL Industries Limited,Basic Materials,Building Materials,182.47000122070312,False,95.39,False,False,-15.09,-20.11,False,2104.0,EXIT
KOTHARIPET,Kothari Petrochemicals Limited,Basic Materials,Specialty Chemicals,139.86000061035156,False,72.5,True,True,-9.84,-14.87,False,334.0,HOLD
MVGJL,Manoj Vaibhav Gems 'N' Jewellers Limited,Consumer Cyclical,Luxury Goods,167.22999572753906,False,114.98,False,False,-22.13,-21.1,False,,EXIT
SUPREMEINF,Supreme Infrastructure India Limited,Industrials,Engineering & Construction,85.33999633789062,False,6815.37,True,True,-28.26,-32.28,False,2570.0,HOLD
CIFL,Capital India Finance Limited,Financial Services,Credit Services,21.010000228881836,False,50.75,True,False,-42.83,-43.43,False,,EXIT
RMDRIP,RMDRIP,Industrials,Farm & Heavy Construction Machinery,18.459999084472656,False,35.1,True,False,-50.69,-54.66,False,131.0,EXIT
GANESHBE,Ganesh Benzoplast Limited,Basic Materials,Specialty Chemicals,116.01000213623047,False,73.33,False,True,27.38,22.24,True,477.0,HOLD
ECOSMOBLTY,ECOSMOBLTY,Industrials,Rental & Leasing Services,134.89999389648438,False,57.58,False,False,-55.36,-59.32,False,642.0,EXIT
NRAIL,N R Agarwal Industries Limited,Basic Materials,Paper & Paper Products,461.54998779296875,False,46.65,False,True,31.75,26.6,True,,HOLD
ADVANCE,ADVANCE,Basic Materials,Agricultural Inputs,119.4000015258789,False,27.78,False,True,,,False,496.0,EXIT
VLSFINANCE,VLS Finance Limited,Financial Services,Capital Markets,251.85000610351562,False,170.82999999999998,False,False,6.08,5.26,True,4625.0,EXIT
ANUHPHR,Anuh Pharma Limited,Healthcare,Drug Manufacturers - Specialty & Generic,79.72000122070312,False,41.040000000000006,False,True,-26.91,-22.19,False,,EXIT
ADVENTHTL,Advent Hotels International Limited,Consumer Cyclical,Lodging,147.63999938964844,False,56.67,True,False,,,False,0.0,EXIT
GICHSGFIN,GIC Housing Finance Limited,Financial Services,Mortgage Finance,147.67999267578125,False,154.82,False,False,-22.73,-23.42,False,,EXIT
ASAL,Automotive Stampings and Assemblies Limited,Consumer Cyclical,Auto Parts,503.3999938964844,False,29.83,False,True,-2.5,-1.51,False,,EXIT
SADHNANIQ,Sadhana Nitro Chem Limited,Basic Materials,Chemicals,2.609999895095825,False,86.43,True,False,-60.52,-65.41,False,267.0,EXIT
SARLAPOLY,Sarla Performance Fibers Limited,Consumer Cyclical,Textile Manufacturing,97.83999633789062,False,106.14999999999999,True,True,-21.4,-20.36,False,426.0,HOLD
MEIL,MEIL,Industrials,Electrical Equipment & Parts,284.75,False,53.37,False,False,,,False,549.0,EXIT
EIFFL,Euro India Fresh Foods Limited,Consumer Defensive,Packaged Foods,319.8500061035156,False,7.23,False,True,38.95,30.64,True,,HOLD
SOUTHWEST,South West Pinnacle Exploration Limited,Energy,Oil & Gas Equipment & Services,225.9499969482422,False,39.97,True,True,65.7,68.1,True,180.0,HOLD
AHCL,AHCL,Healthcare,Drug Manufacturers - Specialty & Generic,14.520000457763672,False,41.62,False,True,,,False,,EXIT
DECCANCE,Deccan Cements Limited,Basic Materials,Building Materials,549.7999877929688,False,29.7,True,False,-44.73,-49.67,False,527.0,EXIT
INDOFARM,INDOFARM,Industrials,Farm & Heavy Construction Machinery,161.22000122070312,False,74.69,True,False,-20.99,-25.02,False,368.0,EXIT
PVSL,Popular Vehicles and Services Limited,Consumer Cyclical,Auto & Truck Dealerships,108.5999984741211,False,14.96,False,False,-14.9,-13.89,False,5616.0,EXIT
ZUARIIND,Zuari Industries Limited,Industrials,Conglomerates,262.29998779296875,False,221.74,True,False,-11.71,-15.77,False,871.0,EXIT
HARDWYN,Hardwyn India Limited,Industrials,Building Products & Equipment,11.270000457763672,False,13.2,False,False,14.6,10.48,True,184.0,EXIT
MODIS,Modi's Navnirman Limited,Real Estate,Real Estate - Development,393.6499938964844,True,25.700000000000003,True,False,,,False,74.97,EXIT
BIRLAMONEY,Aditya Birla Money Limited,Financial Services,Capital Markets,131.25,False,59.46,True,False,-23.27,-23.96,False,164.0,EXIT
ELDEHSG,Eldeco Housing and Industries Limited,Real Estate,Real Estate Services,771.0,False,24.279999999999998,False,False,17.69,0.19,True,169.0,EXIT
PATELRMART,PATELRMART,Consumer Cyclical,Department Stores,223.82000732421875,False,39.300000000000004,False,True,,,False,,EXIT
KELLTONTEC,Kellton Tech Solutions Limited,Technology,Software - Application,14.180000305175781,False,91.33,True,False,-50.15,-52.59,False,1098.0,EXIT
BAJAJINDEF,BAJAJINDEF,Industrials,Farm & Heavy Construction Machinery,232.75,False,23.619999999999997,False,False,-41.3,-45.29,False,179.0,EXIT
PROSTARM,PROSTARM,Industrials,Electrical Equipment & Parts,127.04000091552734,False,32.96,False,False,-43.84,-47.82,False,351.0,EXIT
VALIANTORG,Valiant Organics Limited,Basic Materials,Chemicals,266.04998779296875,False,33.239999999999995,False,False,-20.44,-25.44,False,1153.0,EXIT
AGARIND,Agarwal Industrial Corporation Limited,Basic Materials,Specialty Chemicals,501.3500061035156,False,43.57,False,False,-45.87,-50.81,False,2399.0,EXIT
MMP,MMP Industries Limited,Basic Materials,Aluminum,280.95001220703125,False,41.83,True,True,4.38,-0.7,False,692.0,HOLD
VASCONEQ,Vascon Engineers Limited,Industrials,Engineering & Construction,31.950000762939453,False,48.9,False,False,-39.13,-43.13,False,1077.0,EXIT
SANDESH,The Sandesh Limited,Communication Services,Publishing,966.3499755859375,False,134.92,False,False,-0.66,-19.65,False,419.0,EXIT
TRANSPEK,Transpek Industry Limited,Basic Materials,Chemicals,1101.0999755859375,False,45.65,False,False,,,False,,EXIT
VISAKAIND,Visaka Industries Limited,Industrials,Building Products & Equipment,81.61000061035156,False,102.80000000000001,False,True,-0.5,-4.59,False,1653.0,EXIT
LOKESHMACH,Lokesh Machines Limited,Industrials,Specialty Industrial Machinery,338.5,False,1.85,False,True,67.24,63.0,True,,HOLD
XCHANGING,Xchanging Solutions Limited,Technology,Information Technology Services,67.08000183105469,False,57.839999999999996,False,False,-25.2,-27.8,False,307.0,EXIT
NRL,Nupur Recyclers Limited,Industrials,Waste Management,104.5,False,14.219999999999999,False,True,46.26,42.08,True,240.0,HOLD
GEECEE,GeeCee Ventures Limited,Real Estate,Real Estate - Development,344.45001220703125,False,42.09,False,True,7.54,-9.84,False,201.0,EXIT
MAANALU,Maan Aluminium Limited,Basic Materials,Aluminum,116.87000274658203,False,13.030000000000001,True,False,-0.55,-5.61,False,42.16,EXIT
PREMIERPOL,Premier Polyfilm Ltd.,Basic Materials,Specialty Chemicals,73.52999877929688,False,34.949999999999996,False,True,45.09,39.9,True,,HOLD
STCINDIA,The State Trading Corporation of India Limited,Industrials,Conglomerates,117.3499984741211,False,641.5699999999999,True,False,-5.19,-9.26,False,15539.0,EXIT
GLOSTERLTD,Gloster Limited,Consumer Cyclical,Textile Manufacturing,653.4000244140625,False,19.62,False,True,-2.38,-1.39,False,735.0,EXIT
VIVIANA,VIVIANA,Industrials,Engineering & Construction,719.25,False,0.0,False,False,-37.47,-41.47,False,,EXIT
GANESHCP,GANESHCP,Consumer Defensive,Packaged Foods,164.0800018310547,False,147.21,False,False,,,False,,EXIT
BLAL,BEML Land Assets Limited,Financial Services,Shell Companies,175.10000610351562,False,4.23,False,False,-17.76,-18.47,False,,EXIT
HERANBA,Heranba Industries Limited,Basic Materials,Agricultural Inputs,174.9600067138672,False,88.61999999999999,False,False,-52.38,-57.29,False,1410.0,EXIT
DPSCLTD,India Power Corporation Limited,Utilities,Utilities - Regulated Electric,7.210000038146973,False,12.82,False,False,-35.51,-45.57,False,833.0,EXIT
EVERESTIND,Everest Industries Limited,Industrials,Building Products & Equipment,473.04998779296875,False,188.86999999999998,True,True,-12.46,-16.51,False,1707.0,HOLD
DMCC,DMCC Speciality Chemicals Limited,Basic Materials,Chemicals,262.79998779296875,False,27.33,False,True,-14.04,-19.06,False,431.0,EXIT
MAGADSUGAR,Magadh Sugar & Energy Limited,Consumer Defensive,Confectioners,500.5,False,84.21,False,True,-4.78,-12.8,False,,EXIT
UNITEDPOLY,United Polyfab Gujarat Limited,Consumer Cyclical,Textile Manufacturing,29.799999237060547,False,25.43,True,False,-0.71,0.27,False,908.0,EXIT
PVP,PVP Ventures Limited,Industrials,Conglomerates,27.280000686645508,False,7.38,False,False,33.18,29.02,True,159.97,EXIT
HMVL,Hindustan Media Ventures Limited,Communication Services,Publishing,95.08000183105469,False,48.690000000000005,False,True,23.36,4.06,True,933.0,HOLD
CCCL,Consolidated Construction Consortium Limited,Industrials,Engineering & Construction,15.489999771118164,False,88.95,False,False,-6.27,-10.34,False,882.0,EXIT
WELINV,Welspun Investments and Commercials Limited,Financial Services,Capital Markets,1879.9000244140625,True,3.95,False,True,81.7,80.54,True,,HOLD
JAYAGROGN,Jayant Agro-Organics Limited,Basic Materials,Specialty Chemicals,220.38999938964844,False,50.41,False,True,-8.39,-13.43,False,2778.0,EXIT
DWARKESH,Dwarikesh Sugar Industries Limited,Consumer Defensive,Confectioners,36.68000030517578,False,131.2,False,False,-8.14,-16.14,False,,EXIT
SUBEXLTD,Subex Limited,Technology,Software - Application,11.75,False,28.53,False,True,-9.93,-12.62,False,372.0,EXIT
KUANTUM,Kuantum Papers Limited,Basic Materials,Paper & Paper Products,78.16999816894531,False,41.949999999999996,False,False,-37.14,-42.1,False,,EXIT
MANBA,MANBA,Financial Services,Credit Services,135.7100067138672,False,48.87,False,True,-2.26,-3.05,False,,EXIT
INNOVISION,INNOVISION,Industrials,Staffing & Employment Services,285.1499938964844,False,22.979999999999997,False,False,,,False,893.0,EXIT
20MICRONS,20 Microns Limited,Basic Materials,Other Industrial Metals & Mining,192.4600067138672,False,66.84,True,True,-15.28,-20.3,False,913.0,HOLD
TVTODAY,T.V. Today Network Limited,Communication Services,Broadcasting,113.68000030517578,False,18.490000000000002,False,False,-9.76,-28.62,False,993.0,EXIT
ATL,Allcargo Terminals Limited,Industrials,Integrated Freight & Logistics,22.950000762939453,False,44.209999999999994,False,False,-25.2,-29.22,False,758.0,EXIT
BESTAGRO,Best Agrolife Limited,Basic Materials,Agricultural Inputs,19.1200008392334,False,108.83,False,False,-38.29,-43.24,False,1873.0,EXIT
INNOVANA,INNOVANA,Technology,Software - Application,321.04998779296875,False,37.55,False,False,-39.05,-41.57,False,103.0,EXIT
MUKKA,Mukka Proteins Limited,Consumer Defensive,Packaged Foods,22.639999389648438,False,51.77000000000001,False,False,-14.57,-22.52,False,1269.0,EXIT
RAMASTEEL,Rama Steel Tubes Limited,Basic Materials,Steel,4.130000114440918,False,13.16,False,False,-59.81,-64.7,False,1337.0,EXIT
ONMOBILE,OnMobile Global Limited,Communication Services,Telecom Services,61.86000061035156,False,61.809999999999995,True,True,31.25,11.84,True,865.0,HOLD
GTPL,GTPL Hathway Limited,Communication Services,Entertainment,59.91999816894531,False,38.910000000000004,False,False,-33.07,-51.62,False,3477.0,EXIT
SAURASHCEM,Saurashtra Cement Limited,Basic Materials,Building Materials,56.77000045776367,False,56.949999999999996,False,False,-49.76,-54.68,False,1765.0,EXIT
PYRAMID,Pyramid Technoplast Limited,Consumer Cyclical,Packaging & Containers,180.85000610351562,False,28.82,False,True,9.68,10.64,True,,HOLD
KSOLVES,Ksolves India Limited,Technology,Software - Application,279.25,False,35.129999999999995,True,False,-15.12,-17.79,False,137.0,EXIT
MERCURYEV,Mercury Ev-Tech Limited,Consumer Cyclical,Auto Manufacturers,35.720001220703125,True,4.4,False,False,,,False,,EXIT
EMKAY,Emkay Global Financial Services Limited,Financial Services,Capital Markets,236.5500030517578,False,19.53,False,False,-3.52,-4.3,False,360.0,EXIT
FABTECH,FABTECH,Healthcare,Health Information Services,150.0800018310547,False,38.08,False,False,,,False,327.0,EXIT
EMAMIPAP,Emami Paper Mills Limited,Basic Materials,Paper & Paper Products,104.37999725341797,False,93.67999999999999,False,True,10.49,5.39,True,,HOLD
LAXMIINDIA,LAXMIINDIA,Financial Services,Credit Services,120.45999908447266,False,54.55,False,True,,,False,,EXIT
NAHARPOLY,Nahar Poly Films Limited,Consumer Cyclical,Packaging & Containers,271.1000061035156,False,78.84,False,True,-15.81,-14.79,False,723.0,EXIT
PANACHE,Panache Digilife Limited,Technology,Communication Equipment,427.45001220703125,False,16.66,True,True,60.24,57.11,True,116.0,HOLD
AMANTA,AMANTA,Healthcare,Drug Manufacturers - Specialty & Generic,165.4199981689453,False,17.330000000000002,False,True,,,False,,EXIT
KILITCH,Kilitch Drugs (India) Limited,Healthcare,Drug Manufacturers - Specialty & Generic,190.5800018310547,False,30.17,False,True,-21.2,-16.52,False,198.0,EXIT
NBIFIN,N.B.I. Industrial Finance Company Limited,Financial Services,Capital Markets,2202.39990234375,False,13.13,True,True,-23.42,-24.1,False,,HOLD
ADSL,Allied Digital Services Limited,Technology,Information Technology Services,113.91000366210938,False,47.169999999999995,True,False,-29.43,-32.01,False,366.0,EXIT
AQYLON,Aqylon Nexus Limited,Communication Services,Broadcasting,25.489999771118164,False,11.45,True,False,-81.89,-99.79,False,180.0,EXIT
VAKRANGEE,Vakrangee Limited,Technology,Information Technology Services,6.0,False,10.95,False,False,-35.47,-38.0,False,6502.0,EXIT
CHEVIOT,Cheviot Company Limited,Consumer Cyclical,Textile Manufacturing,1127.5999755859375,False,69.80000000000001,False,True,-7.54,-6.54,False,122.0,EXIT
SCPL,Sheetal Cool Products Limited,Consumer Defensive,Packaged Foods,551.1500244140625,False,19.11,False,True,91.82,83.16,True,,HOLD
COFFEEDAY,Coffee Day Enterprises Limited,Consumer Cyclical,Restaurants,30.510000228881836,False,228.00000000000003,False,False,-18.06,-17.04,False,4142.0,EXIT
DBOL,Dhampur Bio Organics Limited,Consumer Defensive,Farm Products,98.41999816894531,False,92.91,False,True,27.48,19.24,True,2408.0,HOLD
BIGBLOC,Bigbloc Construction Limited,Industrials,Building Products & Equipment,45.40999984741211,False,7.12,False,False,-21.8,-25.83,False,243.0,EXIT
CHEMCON,Chemcon Speciality Chemicals Limited,Basic Materials,Specialty Chemicals,173.44000244140625,False,23.6,False,False,-22.21,-27.21,False,,EXIT
SPECIALITY,Speciality Restaurants Limited,Consumer Cyclical,Restaurants,133.92999267578125,False,21.55,False,True,-1.18,-0.19,False,436.0,EXIT
ABINFRA,ABINFRA,Industrials,Engineering & Construction,10.09000015258789,False,19.34,False,False,-44.32,-48.3,False,,EXIT
ONWARDTEC,Onward Technologies Limited,Technology,Information Technology Services,293.95001220703125,False,43.55,True,True,-10.34,-13.04,False,491.0,HOLD
SNOWMAN,Snowman Logistics Limited,Industrials,Integrated Freight & Logistics,36.599998474121094,False,13.85,False,False,-31.56,-35.57,False,,EXIT
ORBTEXP,Orbit Exports Limited,Consumer Cyclical,Textile Manufacturing,234.6999969482422,False,29.18,False,True,-2.26,-1.27,False,218.0,EXIT
DCMSIL,DCM Shriram International Limited,Industrials,Industrial Distribution,74.86000061035156,False,27.71,False,False,,,False,574.0,EXIT
PPL,Prakash Pipes Limited,Industrials,Building Products & Equipment,269.20001220703125,False,43.260000000000005,False,True,-24.53,-28.56,False,,EXIT
PROZONER,Prozone Realty Limited,Real Estate,Real Estate - Diversified,41.529998779296875,False,10.7,False,False,12.11,-5.33,False,185.0,EXIT
SUTLEJTEX,Sutlej Textiles and Industries Limited,Consumer Cyclical,Textile Manufacturing,38.029998779296875,False,86.31,False,True,-15.59,-14.57,False,3076.0,EXIT
AHLWEST,Asian Hotels (West) Limited,Consumer Cyclical,Lodging,547.8499755859375,False,57.83,False,True,277.36,277.67,True,432.0,HOLD
HINDCOMPOS,Hindustan Composites Limited,Consumer Cyclical,Auto Parts,426.1499938964844,False,32.43,False,False,-17.87,-16.84,False,325.0,EXIT
KANORICHEM,Kanoria Chemicals & Industries Limited,Basic Materials,Chemicals,143.17999267578125,False,136.44000000000003,True,True,58.55,53.32,True,1578.0,HOLD
BAFNAPH,Bafna Pharmaceuticals Limited,Healthcare,Drug Manufacturers - Specialty & Generic,257.760009765625,True,11.1,True,True,187.02,190.33,True,185.0,ADD
MINDTECK,Mindteck (India) Limited,Technology,Information Technology Services,191.9600067138672,False,31.52,False,False,-7.39,-10.1,False,424.0,EXIT
GLOTTIS,GLOTTIS,Industrials,Integrated Freight & Logistics,67.01000213623047,False,37.08,False,True,,,False,,EXIT
TPLPLASTEH,TPL Plastech Limited,Consumer Cyclical,Packaging & Containers,79.41000366210938,False,29.060000000000002,True,True,-0.75,0.23,False,349.0,HOLD
SATIA,Satia Industries Limited,Basic Materials,Paper & Paper Products,61.779998779296875,False,89.94999999999999,False,False,-23.8,-28.8,False,,EXIT
MALLCOM,Mallcom (India) Limited,Industrials,Security & Protection Services,1031.5,False,30.04,False,False,-18.5,-22.54,False,487.0,EXIT
PRIMO,Primo Chemicals Limited,Basic Materials,Chemicals,25.239999771118164,False,15.360000000000001,False,True,-7.0,-12.05,False,701.0,EXIT
BIRLACABLE,Birla Cable Limited,Technology,Communication Equipment,194.11000061035156,False,16.89,False,True,14.24,11.4,True,792.0,HOLD
CHEMBONDCH,Chembond Chemicals Limited,Basic Materials,Specialty Chemicals,218.61000061035156,False,37.26,False,True,8.78,3.69,True,69.4,HOLD
LINC,Linc Limited,Industrials,Business Equipment & Supplies,100.13999938964844,False,32.74,False,False,-25.76,-29.78,False,543.0,EXIT
ZIMLAB,ZIM Laboratories Limited,Healthcare,Drug Manufacturers - Specialty & Generic,111.5,False,10.43,False,True,-7.15,-2.56,False,397.0,EXIT
ZFSTEERING,ZF Steering Gear (India) Limited,Consumer Cyclical,Auto Parts,663.7999877929688,False,16.23,False,False,,,False,,EXIT
SHIVAUM,SHIVAUM,Basic Materials,Steel,431.0,True,6.08,False,True,45.53,40.33,True,548.0,HOLD
RBZJEWEL,RBZ Jewellers Limited,Consumer Cyclical,Luxury Goods,141.5,False,54.79,False,True,0.35,1.33,True,,HOLD
TREL,Transindia Real Estate Limited,Real Estate,Real Estate Services,23.989999771118164,False,36.95,False,False,-12.3,-29.42,False,136.0,EXIT
CEWATER,CEWATER,Utilities,Utilities - Regulated Water,286.3500061035156,False,30.95,False,False,-47.17,-56.91,False,594.0,EXIT
SOFTTECH,SoftTech Engineers Limited,Technology,Software - Application,413.0,False,4.95,False,True,16.03,13.18,True,95.0,HOLD
HTMEDIA,HT Media Limited,Communication Services,Publishing,24.530000686645508,False,54.27,False,True,19.64,0.38,True,2502.0,HOLD
PANSARI,Pansari Developers Limited,Real Estate,Real Estate - Development,329.8500061035156,False,22.02,False,True,54.25,36.27,True,60.0,HOLD
SIGMA,Sigma Solve Limited,Technology,Information Technology Services,54.97999954223633,False,23.89,False,True,45.32,42.28,True,31.94,HOLD
KRONOX,KRONOX,Basic Materials,Specialty Chemicals,152.08999633789062,False,27.55,False,True,-15.63,-20.65,False,100.0,EXIT
SHALPAINTS,Shalimar Paints Limited,Basic Materials,Specialty Chemicals,67.23999786376953,False,64.85,True,True,-14.59,-19.61,False,599.0,HOLD
VISACHROME,VISA Chrome Limited,Basic Materials,Steel,37.59000015258789,False,1123.6499999999999,False,False,7.15,2.06,True,,EXIT
HITECHCORP,Hitech Corporation Limited,Consumer Cyclical,Packaging & Containers,322.0,True,20.43,True,True,64.27,65.1,True,561.0,ADD
MUNJALSHOW,Munjal Showa Limited,Consumer Cyclical,Auto Parts,136.16000366210938,False,21.97,False,True,-12.69,-11.68,False,1669.0,EXIT
REPRO,Repro India Limited,Industrials,Specialty Business Services,380.6000061035156,False,34.8,True,False,-27.68,-31.7,False,479.0,EXIT
MCLEODRUSS,McLeod Russel India Limited,Consumer Defensive,Packaged Foods,51.709999084472656,False,181.61999999999998,False,False,40.67,32.35,True,1596.0,EXIT
DCI,DC Infotech and Communication Limited,Technology,Electronics & Computer Distribution,276.75,False,21.21,True,True,26.79,23.87,True,556.0,HOLD
CSM,CSM,Technology,Information Technology Services,100.19999694824219,False,0.0,False,False,,,False,,EXIT
OSWALGREEN,Oswal Greentech Limited,Financial Services,Asset Management,21.040000915527344,False,103.89999999999999,True,False,-52.57,-53.13,False,458.0,EXIT
CHEMFAB,Chemfab Alkalis Limited,Basic Materials,Specialty Chemicals,373.54998779296875,False,9.489999999999998,False,False,-49.52,-54.44,False,334.0,EXIT
MUFTI,MUFTI,Consumer Cyclical,Apparel Retail,81.5199966430664,False,47.42,False,False,-54.1,-52.98,False,618.0,EXIT
APTECHT,Aptech Limited,Consumer Defensive,Education & Training Services,90.66000366210938,False,23.53,False,False,-24.86,-32.74,False,460.0,EXIT
GLOBAL,Global Education Limited,Consumer Defensive,Education & Training Services,102.81999969482422,False,26.520000000000003,False,True,57.28,48.85,True,74.0,HOLD
MGEL,Mangalam Global Enterprise Limited,Consumer Defensive,Farm Products,15.550000190734863,False,32.61,False,True,-5.92,-13.93,False,2092.0,EXIT
DISHTV,Dish TV India Limited,Communication Services,Entertainment,2.809999942779541,False,807.36,False,False,-31.97,-50.54,False,6166.0,EXIT
SHREERAMA,Shree Rama Multi-Tech Limited,Consumer Cyclical,Packaging & Containers,39.16999816894531,False,24.770000000000003,False,False,-7.94,-6.94,False,,EXIT
PTL,PTL Enterprises Limited,Real Estate,Real Estate Services,39.310001373291016,False,46.17,True,False,14.17,-3.29,False,450.0,EXIT
KNAGRI,KNAGRI,Consumer Defensive,Farm Products,204.8800048828125,False,0.0,False,True,-12.43,-20.4,False,2224.0,EXIT
PASUPTAC,Pasupati Acrylon Limited,Consumer Cyclical,Textile Manufacturing,58.08000183105469,False,69.92,False,True,17.1,18.04,True,,HOLD
UNIVPHOTO,Universus Photo Imagings Limited,Healthcare,Medical Devices,474.3999938964844,False,79.94,False,True,71.49,75.56,True,62.0,HOLD
MODINATUR,Modi Naturals Limited,Consumer Defensive,Packaged Foods,397.29998779296875,False,50.27,True,False,,,False,474.0,EXIT
MANCREDIT,Mangal Credit and Fincorp Limited,Financial Services,Credit Services,236.02000427246094,True,15.3,True,True,25.91,25.0,True,,ADD
RKSWAMY,RKSWAMY,Communication Services,Advertising Agencies,104.38999938964844,False,22.099999999999998,False,False,-18.38,-37.13,False,332.0,EXIT
DHUNINV,Dhunseri Investments Limited,Financial Services,Capital Markets,853.0,False,59.330000000000005,False,False,-44.9,-45.49,False,,EXIT
ENIL,Entertainment Network (India) Limited,Communication Services,Broadcasting,108.55999755859375,False,24.16,False,False,-8.71,-27.58,False,621.0,EXIT
OSWALAGRO,Oswal Agro Mills Limited,Real Estate,Real Estate - Development,37.970001220703125,False,69.2,False,False,-37.69,-54.49,False,162.0,EXIT
SUKHJITS,The Sukhjit Starch & Chemicals Limited,Basic Materials,Specialty Chemicals,164.60000610351562,False,34.17,False,False,-2.51,-7.57,False,1498.0,EXIT
PENINLAND,Peninsula Land Limited,Real Estate,Real Estate - Development,15.800000190734863,False,153.64,True,False,-42.18,-58.92,False,993.0,EXIT
GFLLIMITED,GFL Limited,Financial Services,Asset Management,46.83000183105469,False,61.35000000000001,False,False,-25.46,-26.14,False,6971.51,EXIT
IRIS,IRIS RegTech Solutions Limited,Technology,Software - Application,241.5500030517578,False,126.49000000000001,True,False,-35.03,-37.57,False,120.0,EXIT
THEINVEST,The Investment Trust of India Limited,Financial Services,Capital Markets,94.7300033569336,False,30.07,False,False,-45.15,-45.74,False,640.0,EXIT
SAYAJIHOTL,Sayaji Hotels Limited,Consumer Cyclical,Lodging,290.3999938964844,False,23.65,False,False,,,False,,EXIT
KANPRPLA,Kanpur Plastipack Limited,Consumer Cyclical,Packaging & Containers,210.83999633789062,False,45.19,True,True,-0.6,0.38,False,627.0,HOLD
URJA,Urja Global Limited,Technology,Solar,9.0,False,1.19,False,False,-37.14,-39.66,False,163.56,EXIT
RUSHIL,Rushil Décor Limited,Consumer Cyclical,"Furnishings, Fixtures & Appliances",17.299999237060547,False,34.78,False,False,-32.48,-31.42,False,898.0,EXIT
SCHAND,S Chand And Company Limited,Communication Services,Publishing,144.5500030517578,False,263.64,False,False,-17.31,-36.08,False,794.0,EXIT
ELIN,Elin Electronics Limited,Industrials,Electrical Equipment & Parts,100.5999984741211,False,24.11,False,False,-42.88,-46.86,False,1180.0,EXIT
BBTCL,B&B Triplewall Containers Limited,Consumer Cyclical,Packaging & Containers,226.52999877929688,False,20.44,False,True,7.35,8.32,True,492.0,HOLD
SREEL,Sreeleathers Limited,Consumer Cyclical,Footwear & Accessories,213.60000610351562,False,28.74,False,True,-14.23,-13.21,False,,EXIT
BMWVENTLTD,BMWVENTLTD,Basic Materials,Steel,56.31999969482422,False,41.34,False,False,,,False,,EXIT
IGCL,IGCL,Basic Materials,Agricultural Inputs,77.9000015258789,False,42.09,False,True,-26.3,-31.29,False,590.0,EXIT
KAMATHOTEL,Kamat Hotels (India) Limited,Consumer Cyclical,Lodging,167.0399932861328,False,40.269999999999996,False,False,-34.39,-33.33,False,264.0,EXIT
UNIVASTU,Univastu India Limited,Industrials,Engineering & Construction,134.9199981689453,True,7.01,False,True,56.61,52.4,True,171.0,HOLD
ZEEMEDIA,Zee Media Corporation Limited,Communication Services,Broadcasting,7.460000038146973,False,103.64000000000001,False,False,-28.67,-47.29,False,867.0,EXIT
ORIENTCER,Orient Ceratech Limited,Basic Materials,Specialty Chemicals,39.75,False,21.860000000000003,False,False,-1.33,-6.39,False,366.0,EXIT
NAHARINDUS,Nahar Industrial Enterprises Limited,Consumer Cyclical,Textile Manufacturing,113.19999694824219,False,51.34,False,True,-12.7,-11.69,False,2006.0,EXIT
IL&FSENGG,IL&FS Engineering and Construction Company Limited,Industrials,Engineering & Construction,35.529998779296875,False,22.419999999999998,True,True,4.46,0.37,True,3267.0,HOLD
PLASTIBLEN,Plastiblends India Limited,Basic Materials,Specialty Chemicals,184.75999450683594,False,44.2,False,True,1.27,-3.8,False,,EXIT
3IINFOLTD,3i Infotech Limited,Technology,Information Technology Services,22.59000015258789,False,34.3,False,True,-5.85,-8.57,False,1344.0,EXIT
DENORA,De Nora India Limited,Industrials,Electrical Equipment & Parts,862.3499755859375,False,10.33,False,True,-9.45,-13.52,False,,EXIT
CSLFINANCE,CSL Finance Limited,Financial Services,Credit Services,212.1300048828125,False,86.12,False,False,-31.36,-32.01,False,,EXIT
INTLCONV,International Conveyors Limited,Industrials,Specialty Industrial Machinery,74.37000274658203,False,103.1,True,False,-14.4,-18.45,False,215.0,EXIT
DICIND,DIC India Limited,Basic Materials,Specialty Chemicals,505.0,False,19.03,False,False,-16.64,-21.66,False,892.0,EXIT
FOCUS,Focus Lighting and Fixtures Limited,Consumer Cyclical,"Furnishings, Fixtures & Appliances",70.37000274658203,False,5.49,False,False,-37.57,-36.5,False,224.0,EXIT
ADVANIHOTR,Advani Hotels & Resorts (India) Limited,Consumer Cyclical,Lodging,51.279998779296875,False,25.820000000000004,True,False,-17.72,-16.7,False,71.0,EXIT
TERASOFT,Tera Software Limited,Technology,Information Technology Services,380.04998779296875,False,24.799999999999997,True,False,23.43,20.53,True,131.0,HOLD
ORIENTBELL,Orient Bell Limited,Industrials,Building Products & Equipment,321.1000061035156,False,13.169999999999998,False,True,5.77,1.67,True,705.0,HOLD
HLVLTD,HLV Limited,Consumer Cyclical,Lodging,7.059999942779541,False,26.17,False,False,-49.34,-48.24,False,718.0,EXIT
NILASPACES,Nila Spaces Limited,Real Estate,Real Estate - Development,11.84000015258789,False,28.56,True,False,0.33,-16.96,False,136.0,EXIT
ASAHISONG,Asahi Songwon Colors Limited,Basic Materials,Specialty Chemicals,394.8999938964844,False,34.83,True,True,9.29,4.2,True,562.0,HOLD
HALEOSLABS,Haleos Labs Limited,Healthcare,Biotechnology,1540.199951171875,False,17.32,False,True,29.37,33.73,True,378.0,HOLD
WSI,W.S. Industries (India) Limited,Industrials,Engineering & Construction,60.22999954223633,False,6.42,False,False,-29.55,-33.56,False,326.0,EXIT
SRGHFL,SRG Housing Finance Limited,Financial Services,Mortgage Finance,292.20001220703125,False,32.49,False,True,-12.83,-13.57,False,,EXIT
MIRZAINT,Mirza International Limited,Consumer Cyclical,Footwear & Accessories,34.40999984741211,False,40.489999999999995,False,False,-2.58,-1.59,False,1399.0,EXIT
UGARSUGAR,The Ugar Sugar Works Limited,Consumer Defensive,Confectioners,40.02000045776367,False,105.42,True,False,-6.21,-14.21,False,1794.0,EXIT
KHAICHEM,Khaitan Chemicals and Fertilizers Limited,Basic Materials,Agricultural Inputs,47.43000030517578,False,54.019999999999996,False,False,-55.12,-60.03,False,,EXIT
DAVANGERE,Davangere Sugar Company Limited,Consumer Defensive,Confectioners,3.1700000762939453,False,8.5,False,False,4.19,-3.88,False,,EXIT
XTGLOBAL,XTGlobal Infotech Limited,Technology,Software - Application,32.029998779296875,False,13.03,False,False,-4.53,-7.25,False,242.0,EXIT
RAMAPHO,Rama Phosphates Limited,Basic Materials,Agricultural Inputs,125.86000061035156,False,52.49,False,False,-19.2,-24.21,False,,EXIT
UNIDT,United Drilling Tools Limited,Energy,Oil & Gas Equipment & Services,222.08999633789062,False,18.97,False,True,-1.24,3.01,False,175.0,EXIT
MAJESAUT,Majestic Auto Limited,Real Estate,Real Estate Services,429.1000061035156,True,96.89999999999999,False,False,,,False,,EXIT
MANAKSTEEL,Manaksia Steels Limited,Basic Materials,Steel,67.04000091552734,False,39.92,True,True,4.63,-0.45,False,742.0,HOLD
GUJAPOLLO,Gujarat Apollo Industries Limited,Industrials,Specialty Industrial Machinery,343.1000061035156,False,5.15,False,False,-25.45,-29.47,False,77.9,EXIT
LIBERTSHOE,Liberty Shoes Ltd.,Consumer Cyclical,Footwear & Accessories,261.54998779296875,False,14.829999999999998,False,False,-26.74,-25.69,False,526.0,EXIT
VINYLINDIA,Vinyl Chemicals (India) Limited,Basic Materials,Specialty Chemicals,238.0500030517578,False,16.5,False,False,-18.14,-23.15,False,,EXIT
SILINV,SIL Investments Limited,Financial Services,Asset Management,427.6000061035156,False,56.02,False,False,-28.35,-29.02,False,178.0,EXIT
SBGLP,Suratwwala Business Group Limited,Real Estate,Real Estate - Development,24.6200008392334,False,37.9,True,False,-26.25,-43.2,False,72.0,EXIT
DONEAR,Donear Industries Limited,Consumer Cyclical,Textile Manufacturing,85.02999877929688,False,27.950000000000003,False,False,-21.89,-20.86,False,914.0,EXIT
MOLDTECH,Mold-Tek Technologies Limited,Industrials,Engineering & Construction,152.99000549316406,False,10.09,False,True,1.38,-2.71,False,161.0,EXIT
ACL,Andhra Cements Limited,Basic Materials,Building Materials,47.52000045776367,False,158.21,False,False,-27.68,-32.66,False,,EXIT
ARIES,Aries Agro Limited,Basic Materials,Agricultural Inputs,338.29998779296875,False,51.7,True,False,-7.53,-12.58,False,622.0,EXIT
THOMASCOTT,Thomas Scott (India) Limited,Consumer Cyclical,Textile Manufacturing,298.45001220703125,False,19.179999999999996,False,False,-15.13,-14.11,False,,EXIT
ABCOTS,ABCOTS,Consumer Cyclical,Textile Manufacturing,199.49000549316406,False,13.030000000000001,False,False,-55.08,-53.96,False,298.0,EXIT
MAZDA,Mazda Limited,Industrials,Specialty Industrial Machinery,214.4199981689453,False,27.500000000000004,False,False,-25.16,-29.19,False,,EXIT
TARACHAND,Tara Chand Infralogistic Solutions Limited,Industrials,Farm & Heavy Construction Machinery,54.59000015258789,False,27.7,False,False,-22.72,-26.75,False,,EXIT
NDLVENTURE,NDL Ventures Limited,Communication Services,Entertainment,127.27999877929688,False,0.76,False,True,109.59,89.13,True,1080.0,HOLD
RAMANEWS,Shree Rama Newsprint Limited,Consumer Defensive,Beverages - Non-Alcoholic,28.81999969482422,False,68.53999999999999,False,False,-7.18,-15.18,False,,EXIT
CYBERTECH,CyberTech Systems and Software Limited,Technology,Information Technology Services,139.3000030517578,False,31.740000000000002,False,True,-9.44,-12.14,False,236.0,EXIT
BANSWRAS,Banswara Syntex Limited,Consumer Cyclical,Textile Manufacturing,126.5999984741211,False,33.94,False,True,-15.24,-14.23,False,1499.0,EXIT
KAYA,Kaya Limited,Consumer Defensive,Household & Personal Products,277.3399963378906,False,96.18,False,False,-29.12,-36.97,False,421.0,EXIT
NAHARCAP,Nahar Capital and Financial Services Limited,Financial Services,Capital Markets,249.4600067138672,False,63.13000000000001,False,False,-20.18,-20.89,False,52.0,EXIT
SARVESHWAR,Sarveshwar Foods Limited,Consumer Defensive,Packaged Foods,3.3499999046325684,False,31.79,True,False,-51.23,-58.93,False,1134.0,EXIT
MANORG,Mangalam Organics Limited,Basic Materials,Specialty Chemicals,498.75,False,20.79,False,True,8.48,3.4,True,530.0,HOLD
ESSARSHPNG,Essar Shipping Limited,Industrials,Marine Shipping,20.030000686645508,False,166.78000000000003,False,False,-25.94,-29.97,False,2194.0,EXIT
DJML,DJ Mediaprint & Logistics Limited,Industrials,Specialty Business Services,115.79000091552734,False,11.379999999999999,True,True,5.47,1.37,True,82.0,HOLD
LORDSCHLO,Lords Chloro Alkali Limited,Basic Materials,Chemicals,141.25999450683594,False,29.529999999999998,False,False,-32.76,-37.73,False,,EXIT
ATALREAL,Atal Realtech Limited,Industrials,Engineering & Construction,33.0,True,6.49,True,True,70.92,66.68,True,96.0,ADD
MAWANASUG,Mawana Sugars Limited,Consumer Defensive,Confectioners,105.11000061035156,False,96.43,False,True,14.86,6.71,True,1485.0,HOLD
AFIL,AFIL,Financial Services,Credit Services,9.210000038146973,False,44.27,False,True,28.26,27.34,True,,HOLD
OMAXAUTO,Omax Autos Limited,Consumer Cyclical,Auto Parts,190.58999633789062,False,40.489999999999995,True,True,14.43,15.38,True,1287.0,HOLD
EMAMIREAL,Emami Realty Limited,Real Estate,Real Estate - Development,77.52999877929688,False,189.46999999999997,True,False,-18.65,-35.69,False,1041.0,EXIT
MONEYBOXX,Moneyboxx Finance Limited,Financial Services,Credit Services,56.97999954223633,False,1.34,False,False,,,False,,EXIT
MEDICO,Medico Remedies Limited,Healthcare,Drug Manufacturers - Specialty & Generic,47.540000915527344,False,13.120000000000001,False,True,8.24,12.73,True,,HOLD
VRAJ,VRAJ,Basic Materials,Steel,122.55000305175781,False,32.010000000000005,False,False,-22.94,-27.94,False,516.0,EXIT
TOLINS,TOLINS,Consumer Cyclical,Auto Parts,101.91000366210938,False,35.68,False,False,-36.14,-35.07,False,292.0,EXIT
SURAJLTD,Suraj Limited,Basic Materials,Steel,223.9499969482422,False,8.319999999999999,False,False,-35.06,-40.03,False,367.0,EXIT
FOODSIN,Foods and Inns Limited,Consumer Defensive,Packaged Foods,54.13999938964844,False,27.689999999999998,False,False,-45.63,-53.37,False,1020.0,EXIT
PPAP,PPAP Automotive Limited,Consumer Cyclical,Auto Parts,281.7699890136719,False,47.84,True,True,4.68,5.65,True,554.0,HOLD
KOTHARIPRO,Kothari Products Limited,Industrials,Conglomerates,66.25,False,37.92,False,False,-16.96,-21.0,False,6866.0,EXIT
AUTOIND,Autoline Industries Limited,Consumer Cyclical,Auto Parts,87.69000244140625,False,38.53,True,True,14.39,15.34,True,677.0,HOLD
HARRMALAYA,Harrisons Malayalam Limited,Consumer Defensive,Farm Products,210.0,False,29.130000000000003,False,True,5.66,-2.43,False,512.0,EXIT
ALBERTDAVD,Albert David Limited,Healthcare,Drug Manufacturers - Specialty & Generic,690.0999755859375,False,47.97,False,False,-30.06,-25.31,False,362.0,EXIT
S&SPOWER,S&S Power Switchgear Limited,Industrials,Electrical Equipment & Parts,317.3500061035156,False,10.11,True,False,-11.22,-15.28,False,186.0,EXIT
INSPIRISYS,Inspirisys Solutions Limited,Technology,Information Technology Services,99.97000122070312,False,40.93,True,True,-3.63,-6.36,False,589.0,HOLD
GINNIFILA,Ginni Filaments Limited,Consumer Cyclical,Textile Manufacturing,45.11000061035156,False,35.48,False,True,-12.79,-11.78,False,1084.0,EXIT
SHIVALIK,Shivalik Rasayan Limited,Basic Materials,Agricultural Inputs,251.0800018310547,False,11.88,False,False,-56.51,-61.42,False,312.0,EXIT
ORIENTPPR,Orient Paper & Industries Limited,Basic Materials,Paper & Paper Products,18.3700008392334,False,96.79,False,False,-31.85,-36.82,False,1615.0,EXIT
KESORAMIND,Kesoram Industries Limited,Basic Materials,Building Materials,11.930000305175781,False,5902.05,True,True,119.14,113.74,True,3882.0,HOLD
MARKOLINES,MARKOLINES,Industrials,Infrastructure Operations,177.9499969482422,False,26.229999999999997,True,False,,,False,347.0,EXIT
RADIANTCMS,Radiant Cash Management Services Limited,Industrials,Specialty Business Services,36.349998474121094,False,32.25,False,False,-34.83,-38.83,False,427.0,EXIT
EUROBOND,EUROBOND,Industrials,Building Products & Equipment,160.3800048828125,False,26.56,True,False,-15.6,-19.65,False,423.0,EXIT
RUBFILA,Rubfila International Limited,Basic Materials,Specialty Chemicals,71.5199966430664,False,26.610000000000003,False,False,-11.15,-16.18,False,550.0,EXIT
BATLIBOI,Batliboi Limited,Industrials,Specialty Industrial Machinery,82.37000274658203,False,15.76,False,False,,,False,,EXIT
GOKUL,Gokul Refoils & Solvent Limited,Consumer Defensive,Packaged Foods,39.18000030517578,False,18.48,False,False,-3.37,-11.39,False,6349.0,EXIT
MBLINFRA,MBL Infrastructures Limited,Industrials,Engineering & Construction,24.989999771118164,False,30.69,False,False,-38.11,-42.11,False,2343.0,EXIT
MUTHOOTCAP,Muthoot Capital Services Limited,Financial Services,Credit Services,228.50999450683594,False,25.810000000000002,False,False,-27.53,-28.2,False,,EXIT
AVG,AVG Logistics Limited,Industrials,Integrated Freight & Logistics,205.0,False,26.159999999999997,False,True,-15.4,-19.45,False,552.0,EXIT
SHAH,Shah Metacorp Limited,Basic Materials,Steel,3.9100000858306885,False,13.53,False,False,5.05,-0.03,False,277.0,EXIT
CPEDU,Career Point Edutech Ltd.,Consumer Defensive,Education & Training Services,206.67999267578125,False,22.95,False,False,,,False,50.0,EXIT
MANOMAY,Manomay Tex India Limited,Consumer Cyclical,Textile Manufacturing,208.9199981689453,False,19.65,False,True,24.7,25.63,True,,HOLD
UYFINCORP,U. Y. Fincorp Limited,Financial Services,Credit Services,19.790000915527344,False,48.28,True,True,10.2,9.36,True,,HOLD
DIGISPICE,DiGiSPICE Technologies Limited,Financial Services,Financial Conglomerates,18.1299991607666,False,18.97,True,False,-16.26,-16.98,False,2111.0,EXIT
GVKPIL,GVK Power & Infrastructure Limited,Utilities,Utilities - Independent Power Producers,2.3499999046325684,False,839.51,False,False,-31.81,-41.97,False,4098.0,EXIT
JKIPL,JKIPL,Industrials,Farm & Heavy Construction Machinery,98.16999816894531,False,106.04000000000002,False,True,,,False,381.0,EXIT
KOTYARK,KOTYARK,Basic Materials,Specialty Chemicals,33.27000045776367,False,10.78,False,True,62.67,57.43,True,288.0,HOLD
HCL-INSYS,HCL Infosystems Limited,Technology,Electronics & Computer Distribution,11.300000190734863,False,32.92,True,False,-25.54,-28.14,False,7848.0,EXIT
MEGASTAR,Megastar Foods Limited,Consumer Defensive,Packaged Foods,340.95001220703125,False,9.3,False,True,31.76,23.5,True,361.0,HOLD
SINCLAIR,Sinclairs Hotels Limited,Consumer Cyclical,Lodging,73.76000213623047,False,14.85,True,False,-29.79,-28.74,False,19.63,EXIT
KRITI,Kriti Industries (India) Limited,Industrials,Building Products & Equipment,69.76000213623047,False,21.42,False,False,-58.35,-62.3,False,867.0,EXIT
MANAKSIA,Manaksia Limited,Industrials,Metal Fabrication,55.630001068115234,False,52.33,False,False,-27.94,-31.96,False,1679.0,EXIT
KCPSUGIND,K.C.P. Sugar and Industries Corporation Limited,Consumer Defensive,Confectioners,31.850000381469727,False,41.519999999999996,False,True,0.77,-7.28,False,442.0,EXIT
KRITINUT,Kriti Nutrients Limited,Consumer Defensive,Packaged Foods,72.23999786376953,False,33.910000000000004,False,False,-27.87,-35.73,False,734.0,EXIT
SHARDUL,Shardul Securities Limited,Financial Services,Capital Markets,43.689998626708984,False,262.16999999999996,False,False,,,False,,EXIT
AEPL,Artemis Electricals and Projects Limited,Industrials,Electrical Equipment & Parts,14.350000381469727,False,8.71,True,False,,,False,72.35,EXIT
VARDHACRLC,Vardhman Acrylics Limited,Consumer Cyclical,Textile Manufacturing,46.33000183105469,False,185.64000000000001,False,True,-7.2,-6.2,False,,EXIT
TRANSWORLD,Transworld Shipping Lines Limited,Industrials,Marine Shipping,162.0,False,71.79,False,False,-37.39,-41.39,False,718.0,EXIT
DREAMFOLKS,Dreamfolks Services Limited,Industrials,Airports & Air Services,66.66000366210938,False,53.46,False,False,-49.86,-53.83,False,1292.0,EXIT
NIMBSPROJ,Nimbus Projects Limited,Unknown,Unknown,183.60000610351562,False,103.12,False,False,,,False,176.0,EXIT
BEDMUTHA,Bedmutha Industries Limited,Basic Materials,Steel,109.69000244140625,False,22.69,False,False,-20.26,-25.27,False,1049.0,EXIT
GOACARBON,Goa Carbon Limited,Basic Materials,Specialty Chemicals,379.04998779296875,False,55.849999999999994,True,False,-16.78,-21.79,False,344.0,EXIT
ASHIMASYN,Ashima Limited,Real Estate,Real Estate - Development,18.329999923706055,False,19.69,False,True,-12.41,-29.53,False,449.0,EXIT
SHANKARA,Shankara Building Products Limited,Consumer Cyclical,Home Improvement Retail,139.30999755859375,False,46.14,False,True,-90.88,-89.68,False,5697.0,EXIT
NURECA,Nureca Limited,Healthcare,Medical Devices,322.2099914550781,False,13.700000000000001,False,True,28.47,32.83,True,256.0,HOLD
KAVDEFENCE,KAVDEFENCE,Technology,Communication Equipment,56.02000045776367,False,2.43,False,False,-4.48,-7.21,False,170.37,EXIT
DBEIL,DBEIL,Industrials,Engineering & Construction,7.400000095367432,False,39.65,False,False,-45.26,-49.24,False,,EXIT
DCMSRIND,DCM Shriram Industries Limited,Consumer Defensive,Confectioners,39.040000915527344,False,47.44,False,False,-71.58,-79.15,False,2351.0,EXIT
NDL,Nandan Denim Limited,Consumer Cyclical,Textile Manufacturing,2.3499999046325684,False,33.129999999999995,False,False,-39.07,-38.0,False,,EXIT
AARTISURF,Aarti Surfactants Limited,Basic Materials,Specialty Chemicals,393.1499938964844,False,12.35,False,False,-26.42,-31.4,False,659.0,EXIT
VPRPL,Vishnu Prakash R Punglia Limited,Industrials,Engineering & Construction,25.780000686645508,False,171.42,False,False,-82.58,-86.48,False,,EXIT
SHEMAROO,Shemaroo Entertainment Limited,Communication Services,Entertainment,117.16000366210938,False,180.85999999999999,True,True,17.2,-2.02,False,707.0,HOLD
PAKKA,Pakka Limited,Basic Materials,Paper & Paper Products,70.83000183105469,False,21.27,False,False,-61.0,-65.89,False,408.0,EXIT
SOMATEX,Soma Textiles & Industries Limited,Consumer Cyclical,Textile Manufacturing,98.66999816894531,False,11.08,False,False,0.83,1.81,True,272.93,EXIT
SAHYADRI,Sahyadri Industries Limited,Industrials,Building Products & Equipment,303.8999938964844,False,29.0,False,True,2.14,-1.95,False,,EXIT
VALIANTLAB,Valiant Laboratories Limited,Healthcare,Drug Manufacturers - Specialty & Generic,60.33000183105469,False,10.84,False,False,-41.64,-36.82,False,334.0,EXIT
HILINFRA,HILINFRA,Industrials,Infrastructure Operations,45.91999816894531,False,32.07,False,False,,,False,573.0,EXIT
COASTCORP,Coastal Corporation Limited,Consumer Defensive,Packaged Foods,49.459999084472656,False,26.42,False,True,40.52,32.2,True,613.0,HOLD
DYNPRO,Dynemic Products Limited,Basic Materials,Specialty Chemicals,251.57000732421875,False,19.94,False,True,-28.8,-33.78,False,368.0,EXIT
TREJHARA,Trejhara Solutions Limited,Technology,Software - Application,134.85000610351562,False,8.67,False,False,-40.29,-42.79,False,116.0,EXIT
TRACXN,Tracxn Technologies Limited,Technology,Software - Application,29.989999771118164,False,10.120000000000001,False,False,-47.84,-50.3,False,,EXIT
RUCHIRA,Ruchira Papers Limited,Basic Materials,Paper & Paper Products,106.95999908447266,False,44.150000000000006,False,False,-19.89,-24.9,False,,EXIT
DEVX,Dev Accelerator Limited,Real Estate,Real Estate Services,34.209999084472656,False,12.75,False,False,,,False,127.0,EXIT
VGL,VGL,Consumer Cyclical,Textile Manufacturing,62.290000915527344,False,69.63,True,False,-28.26,-27.21,False,827.0,EXIT
MEDICAMEQ,Medicamen Biotech Limited,Healthcare,Drug Manufacturers - Specialty & Generic,235.60000610351562,False,10.31,False,False,-47.85,-42.99,False,179.0,EXIT
BELLACASA,Bella Casa Fashion & Retail Limited,Consumer Cyclical,Textile Manufacturing,234.5,False,20.13,False,False,-46.45,-45.36,False,,EXIT
AVONMORE,Avonmore Capital & Management Services Limited,Financial Services,Capital Markets,11.149999618530273,False,26.929999999999996,False,False,-42.18,-42.79,False,,EXIT
OILCOUNTUB,Oil Country Tubular Limited,Energy,Oil & Gas Equipment & Services,56.400001525878906,False,61.49,False,False,-43.94,-38.5,False,,EXIT
TAKE,TAKE LIMITED,Healthcare,Health Information Services,20.56999969482422,False,11.260000000000002,False,False,97.38,101.28,True,2212.9,EXIT
APOLSINHOT,Apollo Sindoori Hotels Limited,Industrials,Specialty Business Services,1222.800048828125,False,10.51,False,False,-11.65,-15.71,False,542.0,EXIT
GENUSPAPER,Genus Paper & Boards Limited,Basic Materials,Paper & Paper Products,12.0600004196167,False,9.459999999999999,False,False,-31.9,-36.87,False,863.0,EXIT
HALDER,Halder Venture Limited,Consumer Defensive,Farm Products,247.1300048828125,False,50.56999999999999,True,False,,,False,884.0,EXIT
CLEDUCATE,CL Educate Limited,Consumer Defensive,Education & Training Services,55.2599983215332,False,36.7,True,False,-33.82,-41.64,False,358.0,EXIT
NATHBIOGEN,Nath Bio-Genes (India) Limited,Basic Materials,Agricultural Inputs,161.38999938964844,False,36.62,False,True,-8.59,-13.63,False,268.0,EXIT
VERTOZ,Vertoz Limited,Technology,Software - Infrastructure,35.70000076293945,False,26.04,False,False,-60.23,-62.61,False,254.0,EXIT
MODIRUBBER,Modi Rubber Limited,Real Estate,Real Estate Services,121.33999633789062,False,24.48,False,False,14.55,-2.91,False,146.0,EXIT
OMFREIGHT,OMFREIGHT,Industrials,Integrated Freight & Logistics,88.87000274658203,False,19.96,False,True,,,False,489.0,EXIT
SUNDRMBRAK,Sundaram Brake Linings Limited,Consumer Cyclical,Auto Parts,780.0,False,12.359999999999998,False,True,-15.0,-13.99,False,,EXIT
CINELINE,Cineline India Limited,Communication Services,Entertainment,81.0,False,14.79,True,False,1.47,-17.55,False,286.0,EXIT
TIGERLOGS,Tiger Logistics (India) Limited,Industrials,Integrated Freight & Logistics,28.979999542236328,False,21.490000000000002,True,False,,,False,330.0,EXIT
HPAL,HP Adhesives Limited,Basic Materials,Specialty Chemicals,32.90999984741211,False,11.71,False,False,-29.91,-34.89,False,251.0,EXIT
ELGIRUBCO,Elgi Rubber Company Limited,Consumer Cyclical,Auto Parts,61.59000015258789,False,240.24,True,True,9.05,10.01,True,489.0,HOLD
RPPINFRA,R.P.P. Infra Projects Limited,Industrials,Engineering & Construction,61.04999923706055,False,38.46,False,False,-49.05,-53.02,False,1439.0,EXIT
MAHEPC,Mahindra EPC Irrigation Limited,Industrials,Farm & Heavy Construction Machinery,105.2699966430664,False,14.4,False,False,-25.39,-29.42,False,284.0,EXIT
SPENCERS,Spencer's Retail Limited,Consumer Cyclical,Department Stores,32.61000061035156,False,249.32999999999998,True,False,-48.95,-47.85,False,2645.0,EXIT
APCL,Anjani Portland Cement Limited,Basic Materials,Building Materials,101.76000213623047,False,28.78,False,False,-30.42,-35.39,False,801.0,EXIT
GOLDTECH,AION-TECH Solutions Limited,Technology,Information Technology Services,56.380001068115234,False,10.07,False,True,-25.85,-28.44,False,93.0,EXIT
REMSONSIND,Remsons Industries Limited,Consumer Cyclical,Auto Parts,83.80000305175781,False,18.04,True,False,-38.02,-36.95,False,377.0,EXIT
RHL,Robust Hotels Limited,Consumer Cyclical,Lodging,169.38999938964844,False,24.700000000000003,False,False,-43.26,-42.18,False,,EXIT
NILAINFRA,Nila Infrastructures Limited,Real Estate,Real Estate - Development,7.239999771118164,False,25.019999999999996,True,False,-23.47,-40.45,False,247.0,EXIT
PRITIKAUTO,Pritika Auto Industries Limited,Industrials,Specialty Industrial Machinery,17.649999618530273,False,19.88,False,True,0.2,-3.89,False,423.0,EXIT
VARDMNPOLY,Vardhman Polytex Limited,Consumer Cyclical,Textile Manufacturing,5.929999828338623,False,7.670000000000001,False,False,-44.35,-43.26,False,1051.0,EXIT
IITL,Industrial Investment Trust Limited,Financial Services,Credit Services,135.8300018310547,False,45.18,False,False,-17.82,-18.54,False,339.07,EXIT
ATLANTAA,Atlantaa Limited,Industrials,Infrastructure Operations,35.41999816894531,False,44.940000000000005,False,False,4.41,0.31,True,541.0,EXIT
AARON,Aaron Industries Limited,Industrials,Specialty Industrial Machinery,131.27999877929688,False,6.789999999999999,False,False,-38.67,-42.66,False,,EXIT
AXITA,Axita Cotton Limited,Consumer Cyclical,Textile Manufacturing,7.349999904632568,False,6.31,True,False,-13.06,-12.05,False,653.0,EXIT
ALPINETEX,ALPINETEX,Consumer Cyclical,Textile Manufacturing,69.69000244140625,False,0.0,False,False,,,False,,EXIT
NDGL,Naga Dhunseri Group Limited,Financial Services,Capital Markets,2783.699951171875,False,64.03999999999999,False,False,-33.1,-33.75,False,,EXIT
PODDARMENT,Poddar Pigments Limited,Basic Materials,Specialty Chemicals,261.1099853515625,False,14.76,False,True,-9.77,-14.8,False,,EXIT
BTTL,Bhilwara Technical Textiles Limited,Consumer Cyclical,Textile Manufacturing,46.77000045776367,False,17.88,False,False,,,False,,EXIT
A2ZINFRA,A2Z Infra Engineering Limited,Industrials,Engineering & Construction,15.550000190734863,False,9.12,False,True,-27.13,-31.15,False,1349.0,EXIT
EXXARO,Exxaro Tiles Limited,Industrials,Building Products & Equipment,6.309999942779541,False,4.1,False,False,-23.85,-27.88,False,325.0,EXIT
AMBALALSA,Ambalal Sarabhai Enterprises Limited,Healthcare,Drug Manufacturers - Specialty & Generic,33.4900016784668,False,18.340000000000003,False,False,,,False,,EXIT
ZEELEARN,Zee Learn Limited,Consumer Defensive,Education & Training Services,8.130000114440918,False,56.11,False,True,-15.43,-23.37,False,517.0,EXIT
RMC,RMC Switchgears Limited,Industrials,Electrical Equipment & Parts,259.8999938964844,False,19.09,False,False,,,False,318.0,EXIT
IVC,IL&FS Investment Managers Limited,Financial Services,Financial Conglomerates,8.279999732971191,False,18.189999999999998,False,True,-7.96,-8.72,False,215.0,EXIT
BPL,BPL Limited,Technology,Consumer Electronics,52.709999084472656,False,14.36,False,False,-36.32,-38.85,False,198.0,EXIT
CORDSCABLE,Cords Cable Industries Limited,Industrials,Electrical Equipment & Parts,203.27000427246094,False,20.650000000000002,False,True,1.0,-3.09,False,,EXIT
PONNIERODE,Ponni Sugars (Erode) Limited,Consumer Defensive,Confectioners,305.3500061035156,False,40.06,False,True,5.64,-2.45,False,,EXIT
RNBDENIMS,R & B Denims Limited,Consumer Cyclical,Textile Manufacturing,9.039999961853027,False,23.22,False,False,,,False,296.0,EXIT
ALMONDZ,Almondz Global Securities Limited,Financial Services,Capital Markets,14.350000381469727,False,33.79,False,False,-35.28,-35.92,False,150.0,EXIT
SAKUMA,Sakuma Exports Limited,Consumer Defensive,Farm Products,1.6200000047683716,False,9.51,False,False,-36.72,-44.52,False,4546.0,EXIT
STARTECK,Starteck Finance Limited,Financial Services,Credit Services,266.70001220703125,False,23.61,False,False,-14.89,-15.62,False,,EXIT
DPWIRES,D.P. Wires Limited,Industrials,Metal Fabrication,165.6999969482422,False,17.580000000000002,False,False,-23.2,-27.23,False,,EXIT
DCMNVL,DCM Nouvelle Limited,Consumer Cyclical,Textile Manufacturing,137.89999389648438,False,8.43,False,False,-28.82,-27.77,False,1081.0,EXIT
FCSSOFT,FCS Software Solutions Limited,Technology,Information Technology Services,1.5,False,9.24,True,False,-41.06,-43.56,False,133.41,EXIT
BIMETAL,Bimetal Bearings Limited,Consumer Cyclical,Auto Parts,670.1500244140625,False,11.73,False,False,,,False,,EXIT
GULFPETRO,GP Petroleums Limited,Energy,Oil & Gas Refining & Marketing,47.59000015258789,False,40.62,True,True,7.15,11.17,True,790.0,HOLD
KMSUGAR,K.M. Sugar Mills Limited,Consumer Defensive,Confectioners,27.34000015258789,False,53.42,True,True,6.04,-2.05,False,659.0,HOLD
UCAL,UCAL Limited,Consumer Cyclical,Auto Parts,115.08999633789062,False,23.630000000000003,False,True,-24.81,-23.77,False,870.0,EXIT
UFO,UFO Moviez India Limited,Communication Services,Entertainment,65.31999969482422,False,24.03,False,False,8.52,-10.59,False,612.0,EXIT
PAVNAIND,Pavna Industries Limited,Consumer Cyclical,Auto Parts,18.0,False,8.809999999999999,False,False,-58.12,-57.0,False,298.0,EXIT
AHLEAST,Asian Hotels (East) Limited,Consumer Cyclical,Lodging,141.74000549316406,False,73.64,True,False,-14.16,-13.15,False,202.0,EXIT
TRF,TRF Limited,Industrials,Specialty Industrial Machinery,225.92999267578125,False,18.04,False,False,-32.32,-36.33,False,1162.56,EXIT
LOTUSEYE,Lotus Eye Hospital and Institute Limited,Healthcare,Medical Care Facilities,118.47000122070312,False,1.2400000000000002,False,True,56.31,60.49,True,,HOLD
DIAMINESQ,Diamines and Chemicals Limited,Basic Materials,Chemicals,239.33999633789062,False,12.780000000000001,False,False,-37.51,-42.46,False,110.34,EXIT
SURANAT&P,Surana Telecom and Power Limited,Utilities,Utilities - Independent Power Producers,17.75,False,24.810000000000002,True,False,5.95,-5.23,False,36.0,EXIT
MARALOVER,Maral Overseas Limited,Consumer Cyclical,Textile Manufacturing,61.43000030517578,False,33.96,False,True,-21.16,-20.12,False,,EXIT
NIPPOBATRY,Indo National Limited,Industrials,Electrical Equipment & Parts,324.29998779296875,False,31.15,False,False,-27.45,-31.47,False,641.0,EXIT
SAHLIBHFI,Shalibhadra Finance Limited,Financial Services,Credit Services,81.4800033569336,True,19.48,False,False,,,False,,EXIT
UNITEDTEA,The United Nilgiri Tea Estates Company Limited,Consumer Defensive,Farm Products,471.3999938964844,False,21.94,True,False,7.65,-0.45,False,62.0,EXIT
SRD,Shankar Lal Rampal Dye-Chem Limited,Basic Materials,Specialty Chemicals,37.720001220703125,False,13.49,False,False,-51.1,-56.01,False,,EXIT
SHIVAMAUTO,Shivam Autotech Limited,Consumer Cyclical,Auto Parts,18.0,False,81.33,True,False,-43.45,-42.36,False,636.0,EXIT
RADIOCITY,Music Broadcast Limited,Communication Services,Broadcasting,6.900000095367432,False,67.74,True,True,-5.5,-24.42,False,201.0,HOLD
STARPAPER,Star Paper Mills Limited,Basic Materials,Paper & Paper Products,148.58999633789062,False,35.34,True,True,-12.87,-17.9,False,360.0,HOLD
VIKASLIFE,Vikas Lifecare Limited,Consumer Defensive,Farm Products,1.2699999809265137,False,167.38000000000002,True,False,-42.14,-49.9,False,480.0,EXIT
SETCO,Setco Automotive Limited,Consumer Cyclical,Auto Parts,17.600000381469727,False,130.54000000000002,True,False,6.04,7.0,True,691.0,HOLD
JAYSREETEA,Jay Shree Tea & Industries Limited,Consumer Defensive,Farm Products,81.95999908447266,False,64.22,False,False,-18.02,-25.95,False,858.0,EXIT
SUMIT,Sumit Woods Limited,Real Estate,Real Estate - Development,52.47999954223633,False,6.050000000000001,False,False,-23.68,-40.66,False,94.0,EXIT
GEEKAYWIRE,Geekay Wires Limited,Industrials,Electrical Equipment & Parts,22.639999389648438,False,30.110000000000003,False,False,-32.42,-36.43,False,,EXIT
BCONCEPTS,Brand Concepts Limited,Consumer Cyclical,Footwear & Accessories,186.3699951171875,False,6.58,False,False,-47.26,-46.16,False,292.0,EXIT
GLOBECIVIL,GLOBECIVIL,Industrials,Engineering & Construction,38.84000015258789,False,23.31,False,False,-51.47,-55.43,False,326.0,EXIT
AARVI,Aarvi Encon Limited,Industrials,Staffing & Employment Services,156.6999969482422,False,17.61,False,True,52.42,48.22,True,510.0,HOLD
VETO,Veto Switchgears and Cables Limited,Industrials,Electrical Equipment & Parts,121.91999816894531,False,25.13,False,True,-4.1,-8.17,False,300.0,EXIT
SIKKO,Sikko Industries Limited,Basic Materials,Agricultural Inputs,5.239999771118164,False,9.12,True,True,46.39,41.2,True,61.3,HOLD
GLOBALVECT,Global Vectra Helicorp Limited,Industrials,Airports & Air Services,167.9199981689453,False,32.29,False,False,-25.06,-29.09,False,,EXIT
MANAKALUCO,Manaksia Aluminium Company Limited,Basic Materials,Aluminum,35.130001068115234,False,7.5600000000000005,False,True,18.91,13.79,True,,HOLD
SINTERCOM,Sintercom India Limited,Consumer Cyclical,Auto Parts,83.62000274658203,False,1.43,False,False,-38.13,-37.06,False,,EXIT
EQUIPPP,Equippp Social Impact Technologies Limited,Technology,Information Technology Services,22.610000610351562,False,1.51,False,True,14.02,11.18,True,560.34,HOLD
GENCON,Generic Engineering Construction and Projects Limited,Industrials,Engineering & Construction,39.54999923706055,False,8.5,False,False,-7.44,-11.5,False,302.0,EXIT
WORTHPERI,Worth Peripherals Limited,Consumer Cyclical,Packaging & Containers,144.64999389648438,False,14.63,False,True,-10.44,-9.43,False,297.0,EXIT
RCOM,Reliance Communications Limited,Communication Services,Telecom Services,0.8199999928474426,False,11125.0,True,False,-18.56,-37.3,False,25594.0,EXIT
SHIVATEX,Shiva Texyarn Limited,Consumer Cyclical,Textile Manufacturing,164.42999267578125,False,10.219999999999999,False,False,-20.94,-19.91,False,553.0,EXIT
CHEMBOND,Chembond Material Technologies Limited,Basic Materials,Specialty Chemicals,167.22000122070312,False,20.86,False,True,-6.84,-11.88,False,440.0,EXIT
DSFCL,DSFCL,Basic Materials,Specialty Chemicals,26.030000686645508,False,8.25,False,False,,,False,429.0,EXIT
BALAJEE,BALAJEE,Consumer Cyclical,Packaging & Containers,27.059999465942383,False,11.01,False,False,-51.2,-50.09,False,579.0,EXIT
AERONEU,Aeroflex Neu Limited,Consumer Cyclical,Packaging & Containers,85.31999969482422,False,3.46,False,True,-32.36,-31.3,False,129.0,EXIT
VMSTMT,VMSTMT,Basic Materials,Steel,43.16999816894531,False,21.04,False,False,,,False,,EXIT
NITIRAJ,Nitiraj Engineers Limited,Technology,Scientific & Technical Instruments,213.4199981689453,False,2.72,False,True,9.07,6.26,True,67.81,HOLD
SONAMLTD,Sonam Limited,Consumer Cyclical,"Furnishings, Fixtures & Appliances",54.38999938964844,False,0.0,False,True,9.97,10.93,True,,HOLD
PIGL,Power & Instrumental (Gujarat) Limited,Industrials,Engineering & Construction,102.2300033569336,False,14.280000000000001,False,False,-18.47,-22.51,False,169.0,EXIT
AAREYDRUGS,Aarey Drugs & Pharmaceuticals Limited,Healthcare,Drug Manufacturers - Specialty & Generic,77.12000274658203,False,4.52,False,False,12.98,17.44,True,,EXIT
LYKALABS,Lyka Labs Limited,Healthcare,Biotechnology,58.88999938964844,False,11.9,False,False,-55.53,-50.62,False,194.0,EXIT
KALYANIFRG,Kalyani Forge Limited,Consumer Cyclical,Auto Parts,608.25,False,9.56,False,False,-20.36,-19.33,False,,EXIT
ROSSELLIND,Rossell India Limited,Industrials,Conglomerates,57.81999969482422,False,63.44,True,True,-10.53,-14.59,False,367.0,HOLD
MAHESHWARI,Maheshwari Logistics Limited,Industrials,Integrated Freight & Logistics,72.98999786376953,False,16.849999999999998,False,True,22.58,18.44,True,1147.0,HOLD
RVTH,Revathi Equipment India Limited,Industrials,Farm & Heavy Construction Machinery,703.6500244140625,False,16.64,False,False,-28.07,-32.09,False,212.0,EXIT
BASML,Bannari Amman Spinning Mills Ltd,Consumer Cyclical,Textile Manufacturing,26.889999389648438,False,13.75,False,True,-15.41,-14.39,False,1560.0,EXIT
AFFORDABLE,Affordable Robotic & Automation Limited,Industrials,Specialty Industrial Machinery,181.60000610351562,False,12.079999999999998,False,False,-54.28,-58.23,False,163.0,EXIT
ASMS,Avio Smart Market Stack Limited,Technology,Information Technology Services,7.099999904632568,False,5.97,False,False,-47.33,-49.79,False,1163.0,EXIT
CCHHL,Country Club Hospitality & Holidays Limited,Consumer Cyclical,Lodging,12.8100004196167,False,18.54,False,False,-32.79,-31.73,False,520.63,EXIT
ALANKIT,Alankit Limited,Technology,Information Technology Services,7.880000114440918,False,19.1,False,False,-48.05,-50.51,False,312.0,EXIT
VSTL,Vibhor Steel Tubes Limited,Basic Materials,Steel,110.62000274658203,False,8.79,False,False,-28.58,-33.56,False,,EXIT
ZODIACLOTH,Zodiac Clothing Company Limited,Consumer Cyclical,Apparel Manufacturing,77.08000183105469,False,35.05,True,False,-32.05,-30.99,False,405.0,EXIT
KOTARISUG,Kothari Sugars and Chemicals Limited,Consumer Defensive,Confectioners,25.18000030517578,False,26.67,True,False,-19.97,-27.88,False,433.0,EXIT
PKTEA,The Peria Karamalai Tea and Produce Company Limited,Consumer Defensive,Farm Products,689.9500122070312,False,23.189999999999998,True,False,19.26,11.09,True,72.79,HOLD
SSDL,SSDL,Consumer Cyclical,Apparel Retail,53.68000030517578,False,23.409999999999997,False,False,-46.34,-45.24,False,604.0,EXIT
NOVAAGRI,Nova Agritech Limited,Basic Materials,Agricultural Inputs,22.93000030517578,False,12.84,False,False,-56.83,-61.73,False,294.0,EXIT
QMSMEDI,QMSMEDI,Healthcare,Medical Instruments & Supplies,113.43000030517578,False,11.239999999999998,False,True,37.63,41.93,True,,HOLD
NECLIFE,Nectar Lifesciences Limited,Healthcare,Drug Manufacturers - Specialty & Generic,10.180000305175781,False,145.75,True,False,-45.98,-41.13,False,2779.0,EXIT
PILITA,Pil Italica Lifestyle Limited,Consumer Cyclical,"Furnishings, Fixtures & Appliances",8.630000114440918,False,3.54,False,False,-45.44,-44.35,False,,EXIT
SAKHTISUG,Sakthi Sugars Limited,Consumer Defensive,Confectioners,16.770000457763672,False,195.89999999999998,False,False,-24.74,-32.62,False,3063.0,EXIT
JMA,Jullundur Motor Agency (Delhi) Limited,Consumer Cyclical,Auto Parts,87.80000305175781,False,29.71,True,True,-8.48,-7.48,False,556.0,HOLD
AKSHARCHEM,AksharChem (India) Limited,Basic Materials,Specialty Chemicals,249.6199951171875,False,11.540000000000003,False,True,-11.01,-16.04,False,380.0,EXIT
CPCAP,CP Capital Limited,Financial Services,Credit Services,112.62000274658203,False,42.58,True,True,-35.03,-35.67,False,,HOLD
SMARTLINK,Smartlink Holdings Limited,Technology,Communication Equipment,204.92999267578125,False,13.149999999999999,False,True,37.48,34.49,True,215.0,HOLD
SHRADHA,Shradha Realty Limited,Real Estate,Real Estate - Development,33.91999816894531,False,26.86,True,False,-31.84,-48.71,False,110.0,EXIT
SICAGEN,Sicagen India Limited,Basic Materials,Steel,49.2599983215332,False,18.07,False,False,,,False,,EXIT
VIJIFIN,Viji Finance Limited,Financial Services,Credit Services,10.010000228881836,False,4.33,True,True,168.25,166.7,True,,HOLD
AUSOMENT,AuSom Enterprise Limited,Financial Services,Capital Markets,138.6699981689453,False,19.48,False,True,32.55,31.61,True,2393.0,HOLD
INTENTECH,Intense Technologies Limited,Technology,Software - Infrastructure,84.69999694824219,False,28.69,True,False,2.56,-0.21,False,127.4,EXIT
SPCENET,Spacenet Enterprises India Limited,Financial Services,Capital Markets,3.259999990463257,False,16.07,False,False,-52.35,-52.91,False,157.0,EXIT
BHARATGEAR,Bharat Gears Limited,Consumer Cyclical,Auto Parts,124.55999755859375,False,16.509999999999998,False,True,29.53,30.44,True,,HOLD
TEAMGTY,Team India Guaranty Limited,Financial Services,Asset Management,219.39999389648438,False,2.09,False,False,-16.4,-17.12,False,,EXIT
ESSENTIA,Integra Essentia Limited,Consumer Defensive,Food Distribution,1.0499999523162842,False,5.41,False,False,-43.15,-50.91,False,442.0,EXIT
SHREYANIND,Shreyans Industries Limited,Basic Materials,Paper & Paper Products,139.08999633789062,False,32.53,False,False,-38.36,-43.32,False,,EXIT
LANCORHOL,Lancor Holdings Limited,Real Estate,Real Estate - Development,26.299999237060547,False,45.879999999999995,True,True,25.36,7.75,True,190.0,HOLD
VIPCLOTHNG,VIP Clothing Limited,Consumer Cyclical,Apparel Manufacturing,21.049999237060547,False,9.81,False,False,-48.65,-47.55,False,,EXIT
GICL,GICL,Industrials,Integrated Freight & Logistics,16.8700008392334,False,10.17,True,False,-84.19,-88.09,False,157.0,EXIT
GILLANDERS,Gillanders Arbuthnot and Company Limited,Consumer Defensive,Farm Products,88.66999816894531,False,28.15,True,False,-32.69,-40.52,False,947.0,EXIT
AIRAN,Airan Limited,Technology,Information Technology Services,15.0600004196167,False,12.110000000000001,False,False,-44.1,-46.58,False,106.0,EXIT
DRCSYSTEMS,DRC Systems India Limited,Technology,Information Technology Services,13.479999542236328,False,19.93,True,False,-25.72,-28.32,False,65.0,EXIT
RACE,Race Eco Chain Limited,Industrials,Waste Management,110.41000366210938,False,6.77,True,False,-50.96,-54.92,False,555.0,EXIT
PLAZACABLE,Plaza Wires Limited,Industrials,Electrical Equipment & Parts,42.33000183105469,False,7.300000000000001,False,False,-26.33,-30.36,False,,EXIT
MURUDCERA,Murudeshwar Ceramics Ltd.,Industrials,Building Products & Equipment,30.600000381469727,False,10.79,True,False,-26.48,-30.5,False,202.0,EXIT
TAINWALCHM,Tainwala Chemicals and Plastics (India) Limited,Basic Materials,Specialty Chemicals,199.7899932861328,False,10.79,False,True,-12.73,-17.75,False,,EXIT
BYKE,The Byke Hospitality Limited,Consumer Cyclical,Lodging,34.4900016784668,False,6.709999999999999,False,False,-58.09,-56.97,False,,EXIT
SILGO,Silgo Retail Limited,Consumer Cyclical,Luxury Goods,70.37000274658203,False,5.27,True,False,22.74,23.66,True,44.37,HOLD
ASPINWALL,Aspinwall and Company Limited,Consumer Defensive,Farm Products,239.8699951171875,False,19.7,False,True,-10.77,-18.74,False,336.0,EXIT
RANASUG,Rana Sugars Limited,Consumer Defensive,Confectioners,11.8100004196167,False,57.13,False,False,-12.46,-20.42,False,1713.0,EXIT
BROOKS,Brooks Laboratories Limited,Healthcare,Drug Manufacturers - Specialty & Generic,59.61000061035156,False,24.58,True,False,-67.89,-62.89,False,91.0,EXIT
KHADIM,Khadim India Limited,Consumer Cyclical,Footwear & Accessories,96.12999725341797,False,3.4499999999999997,False,False,-69.45,-68.3,False,799.0,EXIT
SUPREME,Supreme Holdings & Hospitality (India) Limited,Real Estate,Real Estate - Development,45.29999923706055,False,0.56,False,False,-21.8,-38.8,False,78.33,EXIT
SUPERHOUSE,Superhouse Limited,Consumer Cyclical,Footwear & Accessories,157.11000061035156,False,7.13,False,True,-10.92,-9.92,False,800.0,EXIT
RUDRA,Rudra Global Infra Products Limited,Basic Materials,Steel,17.260000228881836,False,13.52,False,False,,,False,561.0,EXIT
NIRAJ,Niraj Cement Structurals Limited,Industrials,Engineering & Construction,28.8700008392334,False,21.130000000000003,True,False,-42.53,-46.52,False,606.0,EXIT
ARVEE,Arvee Laboratories (India) Ltd.,Basic Materials,Specialty Chemicals,153.61000061035156,False,2.08,False,False,-8.59,-13.63,False,61.35,EXIT
VIRINCHI,Virinchi Limited,Technology,Software - Application,15.489999771118164,False,30.299999999999997,False,False,-42.33,-44.82,False,406.0,EXIT
VASWANI,Vaswani Industries Limited,Basic Materials,Steel,52.27000045776367,False,20.16,True,False,0.04,-5.03,False,389.0,EXIT
VIPULLTD,Vipul Limited,Real Estate,Real Estate - Diversified,12.680000305175781,False,44.839999999999996,False,True,51.17,33.23,True,284.0,HOLD
SANGINITA,Sanginita Chemicals Limited,Basic Materials,Chemicals,66.69000244140625,False,9.899999999999999,True,True,565.24,558.57,True,230.0,HOLD
EMMBI,Emmbi Industries Limited,Consumer Cyclical,Packaging & Containers,87.91999816894531,False,7.890000000000001,True,False,-23.64,-22.6,False,404.0,EXIT
TIPSFILMS,Tips Films Limited,Communication Services,Entertainment,387.29998779296875,False,25.33,False,True,-4.74,-23.67,False,,EXIT
MODTHREAD,Modern Threads (India) Limited,Consumer Cyclical,Textile Manufacturing,48.0,False,12.19,False,True,-10.31,-9.3,False,,EXIT
UMIYA-MRO,Umiya Buildcon Limited,Real Estate,Real Estate - Development,89.55000305175781,False,33.37,False,True,25.34,7.74,True,123.0,HOLD
TTL,T.T. Limited,Consumer Cyclical,Textile Manufacturing,6.230000019073486,False,2.3,False,False,-57.76,-56.64,False,,EXIT
TRIGYN,Trigyn Technologies Limited,Technology,Information Technology Services,53.58000183105469,False,11.2,False,False,-33.51,-36.05,False,1280.0,EXIT
DELPHIFX,Delphi World Money Limited,Financial Services,Capital Markets,6.699999809265137,False,6.97,False,False,-52.5,-53.06,False,9163.53,EXIT
DCM,DCM Limited,Industrials,Metal Fabrication,88.19999694824219,False,6.5,False,True,-14.61,-18.66,False,961.69,EXIT
INDOUS,Indo Us Bio-Tech Limited,Basic Materials,Agricultural Inputs,82.58000183105469,False,13.120000000000001,True,False,-48.97,-53.89,False,49.39,EXIT
KRITIKA,Kritika Wires Limited,Basic Materials,Steel,5.46999979019165,False,6.199999999999999,False,False,-40.51,-45.46,False,,EXIT
METROGLOBL,MetroGlobal Limited,Industrials,Conglomerates,128.4199981689453,False,17.46,False,False,,,False,,EXIT
ARCHIDPLY,Archidply Industries Limited,Basic Materials,Lumber & Wood Production,80.73999786376953,False,7.98,False,False,-26.37,-31.36,False,550.0,EXIT
SRTL,SRTL,Consumer Cyclical,Textile Manufacturing,39.529998779296875,False,4.46,False,False,,,False,,EXIT
AMJLAND,AMJ Land Holdings Limited,Real Estate,Real Estate - Development,39.11000061035156,False,14.790000000000001,False,False,-18.43,-35.47,False,333.0,EXIT
CENTEXT,Century Extrusions Limited,Basic Materials,Aluminum,19.8700008392334,False,8.07,False,False,-13.3,-18.33,False,431.0,EXIT
MKPL,M. K. Proteins Limited,Consumer Defensive,Packaged Foods,4.170000076293945,False,6.83,False,False,-35.25,-43.06,False,,EXIT
IVP,IVP Limited,Basic Materials,Specialty Chemicals,149.99000549316406,False,18.68,False,False,-19.14,-24.15,False,,EXIT
NECCLTD,North Eastern Carrying Corporation Limited,Industrials,Trucking,15.050000190734863,False,7.750000000000001,True,False,-29.49,-33.5,False,572.0,EXIT
SADBHAV,Sadbhav Engineering Limited,Industrials,Engineering & Construction,9.550000190734863,False,171.57,False,True,-18.82,-22.86,False,5240.0,EXIT
INCREDIBLE,Incredible Industries Limited,Basic Materials,Steel,32.61000061035156,False,11.52,False,False,-15.9,-20.92,False,,EXIT
RPPL,Rajshree Polypack Limited,Consumer Cyclical,Packaging & Containers,19.860000610351562,False,17.259999999999998,True,True,-24.42,-23.38,False,330.0,HOLD
SIGIND,Signet Industries Limited,Industrials,Conglomerates,49.38999938964844,False,16.17,False,False,-12.82,-16.87,False,,EXIT
LAGNAM,Lagnam Spintex Limited,Consumer Cyclical,Textile Manufacturing,88.77999877929688,False,14.39,False,True,-14.19,-13.17,False,,EXIT
DEVIT,Dev Information Technology Limited,Technology,Information Technology Services,26.34000015258789,False,90.32,True,False,-41.52,-44.01,False,171.0,EXIT
BAIDFIN,Baid Finserv Limited,Financial Services,Credit Services,9.850000381469727,False,14.98,False,False,-19.04,-19.75,False,,EXIT
VIKASECO,Vikas Ecotech Limited,Basic Materials,Specialty Chemicals,1.090000033378601,False,6.58,False,False,-48.8,-53.72,False,397.0,EXIT
KAMOPAINTS,Kamdhenu Ventures Limited,Basic Materials,Steel,4.550000190734863,False,5.54,False,False,-49.72,-54.64,False,292.0,EXIT
MHLXMIRU,Mahalaxmi Rubtech Limited,Consumer Cyclical,Textile Manufacturing,140.57000732421875,False,21.79,True,False,-39.71,-38.64,False,267.0,EXIT
FILATFASH,Filatex Fashions Limited,Consumer Cyclical,Apparel Manufacturing,0.18000000715255737,False,2.83,False,False,-74.97,-73.81,False,186.0,EXIT
NATCAPSUQ,Natural Capsules Limited,Healthcare,Drug Manufacturers - Specialty & Generic,144.2100067138672,False,24.67,True,False,-40.4,-35.59,False,170.0,EXIT
TICL,Twamev Construction and Infrastructure Limited,Industrials,Engineering & Construction,9.359999656677246,False,7.630000000000001,False,False,-68.95,-72.87,False,708.0,EXIT
INDOWIND,Indowind Energy Limited,Utilities,Utilities - Renewable,9.130000114440918,False,14.91,True,False,-42.6,-52.46,False,38.81,EXIT
AARTECH,Aartech Solonics Limited,Industrials,Electrical Equipment & Parts,45.15999984741211,False,4.4,True,False,-30.86,-34.87,False,36.35,EXIT
LAL,Lorenzini Apparels Limited,Consumer Cyclical,Apparel Manufacturing,8.550000190734863,False,4.35,False,True,-30.11,-29.05,False,,EXIT
BRNL,Bharat Road Network Limited,Industrials,Infrastructure Operations,17.530000686645508,False,96.43,False,False,-13.97,-18.02,False,401.0,EXIT
MCL,M Tek Copper Limited,Basic Materials,Copper,53.29999923706055,False,3.67,False,False,9.29,4.2,True,,EXIT
RELIABLE,Reliable Data Services Limited,Technology,Information Technology Services,140.07000732421875,False,8.35,False,False,78.61,75.37,True,131.0,EXIT
HPIL,Hindprakash Industries Limited,Basic Materials,Specialty Chemicals,129.85000610351562,False,2.74,False,False,-8.75,-13.79,False,103.61,EXIT
WIPL,The Western India Plywoods Limited,Basic Materials,Lumber & Wood Production,168.5500030517578,False,2.7,False,True,14.78,9.67,True,116.0,HOLD
INDBANK,Indbank Merchant Banking Services Limited,Financial Services,Capital Markets,31.850000381469727,False,7.65,False,False,-5.59,-6.36,False,,EXIT
ISHANCH,Ishan Dyes and Chemicals Limited,Basic Materials,Chemicals,52.220001220703125,False,10.63,False,False,-6.22,-11.26,False,101.43,EXIT
HECPROJECT,HEC Infra Projects Limited,Industrials,Engineering & Construction,128.74000549316406,False,12.58,False,True,-20.57,-24.6,False,,EXIT
KEYFINSERV,Keynote Financial Services Limited,Financial Services,Capital Markets,256.8699951171875,False,27.44,True,False,-2.15,-2.94,False,25.32,EXIT
PRAENG,Prajay Engineers Syndicate Limited,Real Estate,Real Estate - Development,20.139999389648438,False,18.64,True,False,18.31,0.79,True,109.0,HOLD
INDTERRAIN,Indian Terrain Fashions Limited,Consumer Cyclical,Apparel Retail,28.049999237060547,False,10.030000000000001,False,False,-31.57,-30.51,False,,EXIT
ALPA,Alpa Laboratories Limited,Healthcare,Drug Manufacturers - Specialty & Generic,67.4800033569336,False,15.16,False,False,-42.15,-37.33,False,112.0,EXIT
BALPHARMA,Bal Pharma Limited,Healthcare,Drug Manufacturers - Specialty & Generic,87.9000015258789,False,6.28,False,True,-16.52,-11.87,False,339.0,EXIT
ALPHAGEO,Alphageo (India) Limited,Energy,Oil & Gas Equipment & Services,220.1300048828125,False,15.520000000000001,False,True,-22.73,-17.88,False,429.0,EXIT
SECMARK,SecMark Consultancy Limited,Industrials,Consulting Services,124.0199966430664,False,8.13,True,True,-9.74,-13.8,False,35.11,HOLD
DGCONTENT,Digicontent Limited,Communication Services,Internet Content & Information,24.350000381469727,False,20.03,True,False,-19.67,-38.4,False,20.0,EXIT
RUCHINFRA,Ruchi Infrastructure Limited,Industrials,Specialty Business Services,5.789999961853027,False,10.93,False,False,-19.78,-23.82,False,2636.0,EXIT
DTIL,Dhunseri Tea & Industries Limited,Consumer Defensive,Packaged Foods,127.12999725341797,False,73.52999999999999,False,False,-27.08,-34.94,False,456.0,EXIT
CORALFINAC,Coral India Finance and Housing Limited,Real Estate,Real Estate Services,32.83000183105469,False,14.779999999999998,False,False,-12.01,-29.13,False,,EXIT
ONELIFECAP,Onelife Capital Advisors Limited,Financial Services,Capital Markets,36.02000045776367,False,18.82,True,True,162.25,160.73,True,6.41,HOLD
MAGNUM,Magnum Ventures Limited,Basic Materials,Paper & Paper Products,19.18000030517578,False,24.94,True,False,-18.38,-23.39,False,396.0,EXIT
INDIANCARD,The Indian Card Clothing Company Limited,Consumer Cyclical,Textile Manufacturing,223.25,False,11.690000000000001,False,False,-27.51,-26.46,False,85.0,EXIT
ISFT,IntraSoft Technologies Limited,Consumer Cyclical,Internet Retail,79.69999694824219,False,13.28,False,False,-25.38,-24.34,False,1170.0,EXIT
BALAXI,Balaxi Pharmaceuticals Limited,Healthcare,Drug Manufacturers - Specialty & Generic,24.510000228881836,False,1.41,False,False,-56.17,-51.26,False,336.0,EXIT
CALSOFT,California Software Company Limited,Technology,Software - Application,21.079999923706055,False,14.63,True,True,42.68,39.67,True,10.86,HOLD
SHAHALLOYS,Shah Alloys Limited,Basic Materials,Steel,66.55999755859375,False,65.04,False,False,13.84,8.74,True,880.0,EXIT
MITCON,MITCON Consultancy & Engineering Services Limited,Industrials,Engineering & Construction,74.80000305175781,False,8.09,True,True,-0.64,-4.72,False,129.0,HOLD
SAMPANN,Sampann Utpadan India Limited,Basic Materials,Specialty Chemicals,27.190000534057617,False,6.98,True,False,-8.92,-13.96,False,93.0,EXIT
NARMADA,Narmada Agrobase Limited,Basic Materials,Agricultural Inputs,17.020000457763672,False,3.86,False,True,80.02,74.73,True,,HOLD
AIROLAM,Airo Lam Limited,Consumer Cyclical,"Furnishings, Fixtures & Appliances",86.05999755859375,False,3.87,False,False,-24.52,-23.48,False,211.0,EXIT
BTML,Bodhi Tree Multimedia Limited,Communication Services,Entertainment,6.159999847412109,False,6.91,False,False,-7.63,-26.52,False,89.0,EXIT
URAVIDEF,Uravi Defence and Technology Limited,Consumer Cyclical,Auto Parts,112.94999694824219,False,1.43,False,False,-81.45,-80.28,False,41.99,EXIT
CROWN,Crown Lifters Limited,Industrials,Rental & Leasing Services,110.68000030517578,False,8.9,False,False,-28.14,-32.16,False,,EXIT
BSL,BSL Limited,Consumer Cyclical,Textile Manufacturing,124.69999694824219,False,4.359999999999999,False,False,-22.97,-21.93,False,,EXIT
SALONA,Salona Cotspin Limited,Consumer Cyclical,Textile Manufacturing,242.3000030517578,False,4.300000000000001,False,False,-8.34,-7.34,False,,EXIT
MUKTAARTS,Mukta Arts Limited,Communication Services,Entertainment,57.20000076293945,False,11.81,True,False,-15.23,-34.02,False,308.0,EXIT
JOCIL,Jocil Limited,Basic Materials,Specialty Chemicals,143.75,False,8.290000000000001,False,True,-6.96,-12.0,False,919.0,EXIT
SURANASOL,Surana Solar Limited,Technology,Solar,26.270000457763672,False,6.760000000000001,True,False,-19.66,-22.29,False,92.55,EXIT
MAHAPEXLTD,Maha Rashtra Apex Corporation Limited,Financial Services,Credit Services,44.0099983215332,False,64.42,False,False,-61.24,-61.76,False,10.0,EXIT
TEXMOPIPES,Texmo Pipes and Products Limited,Industrials,Building Products & Equipment,42.54999923706055,False,14.059999999999999,False,False,-28.76,-32.78,False,635.0,EXIT
TARMAT,Tarmat Limited,Industrials,Engineering & Construction,49.5,False,6.24,False,False,-8.98,-13.05,False,276.0,EXIT
USK,Udayshivakumar Infra Limited,Industrials,Engineering & Construction,22.469999313354492,False,26.69,False,False,-36.1,-40.1,False,577.0,EXIT
HINDCON,Hindcon Chemicals Limited,Basic Materials,Specialty Chemicals,23.15999984741211,False,3.2199999999999998,False,False,-31.05,-36.02,False,85.59,EXIT
PAR,Par Drugs and Chemicals Limited,Healthcare,Drug Manufacturers - Specialty & Generic,99.30000305175781,False,13.11,False,True,-11.24,-6.62,False,,EXIT
SAMBHAAV,Sambhaav Media Limited,Communication Services,Publishing,6.239999771118164,False,1.18,False,False,5.06,-14.0,False,48.33,EXIT
DBSTOCKBRO,DB (International) Stock Brokers Limited,Financial Services,Capital Markets,33.7400016784668,False,3.4699999999999998,False,True,19.65,18.77,True,48.25,HOLD
XELPMOC,Xelpmoc Design and Tech Limited,Technology,Information Technology Services,80.13999938964844,False,7.59,True,False,-10.81,-13.5,False,14.74,EXIT
WEIZMANIND,Weizmann Limited,Consumer Cyclical,Textile Manufacturing,76.87000274658203,False,5.92,False,False,-38.21,-37.14,False,135.0,EXIT
GSLSU,Global Surfaces Limited,Basic Materials,Building Materials,26.709999084472656,False,30.419999999999998,False,False,-74.21,-79.07,False,225.0,EXIT
FELDVR,Future Enterprises Limited,Consumer Cyclical,Department Stores,2.309999942779541,False,0.0,False,False,-40.0,-38.92,False,,EXIT
LAMBODHARA,Lambodhara Textiles Limited,Consumer Cyclical,Textile Manufacturing,112.33000183105469,False,11.01,False,False,-18.28,-17.26,False,,EXIT
AVROIND,Avro India Limited,Consumer Cyclical,"Furnishings, Fixtures & Appliances",8.5600004196167,False,4.31,False,False,-48.48,-47.38,False,67.48,EXIT
GVPTECH,GVP Infotech Limited,Technology,Information Technology Services,7.0,False,95.72,True,False,-28.88,-31.46,False,1491.0,EXIT
REPL,Rudrabhishek Enterprises Limited,Industrials,Consulting Services,65.58000183105469,False,18.200000000000003,False,False,-59.81,-63.75,False,107.97,EXIT
KREBSBIO,Krebs Biochemicals & Industries Limited,Healthcare,Drug Manufacturers - Specialty & Generic,53.86000061035156,False,16.93,False,False,-37.94,-33.14,False,,EXIT
NAVKARURB,Navkar Urbanstructure Limited,Basic Materials,Building Materials,1.0199999809265137,False,3.2,False,False,-53.12,-58.03,False,,EXIT
BCPL,BCPL Railway Infrastructure Limited,Industrials,Infrastructure Operations,69.06999969482422,False,6.450000000000001,False,False,,,False,161.0,EXIT
LATTEYS,Latteys Industries Limited,Industrials,Specialty Industrial Machinery,20.010000228881836,False,3.5700000000000003,True,False,-3.88,-7.95,False,80.0,EXIT
ANIKINDS,Anik Industries Limited,Consumer Defensive,Food Distribution,41.939998626708984,False,3.3400000000000003,False,False,-51.17,-58.88,False,610.0,EXIT
GTL,GTL Limited,Communication Services,Telecom Services,7.239999771118164,False,666.75,True,False,-6.7,-25.61,False,3942.0,EXIT
AAATECH,AAA Technologies Limited,Technology,Information Technology Services,88.5999984741211,False,2.6,False,False,3.22,0.45,True,,EXIT
SURYALAXMI,Suryalakshmi Cotton Mills Limited,Consumer Cyclical,Textile Manufacturing,59.130001068115234,False,3.12,False,True,-21.55,-20.52,False,727.0,EXIT
LANDSMILL,Landsmill Green Limited,Industrials,Conglomerates,0.8100000023841858,False,1.6600000000000001,False,False,-27.93,-31.95,False,39.65,EXIT
PRAXIS,Praxis Home Retail Limited,Consumer Cyclical,Specialty Retail,6.440000057220459,False,228.70000000000002,False,False,-47.72,-46.62,False,,EXIT
VITAL,VITAL,Basic Materials,Specialty Chemicals,46.54999923706055,False,0.0,False,False,-15.7,-20.71,False,134.0,EXIT
STEELCITY,Steel City Securities Limited,Financial Services,Capital Markets,75.33999633789062,False,14.290000000000001,False,False,-32.38,-33.03,False,70.0,EXIT
GANGESSECU,Ganges Securities Limited,Consumer Defensive,Packaged Foods,114.19999694824219,False,8.11,False,False,-21.59,-29.49,False,41.93,EXIT
SOMICONVEY,Somi Conveyor Beltings Limited,Industrials,Specialty Industrial Machinery,95.01000213623047,False,5.029999999999999,False,False,-35.1,-39.1,False,,EXIT
VLEGOV,VL E-Governance & IT Solutions Limited,Technology,Information Technology Services,10.479999542236328,False,2.51,False,False,-77.05,-79.33,False,,EXIT
VISHWARAJ,Vishwaraj Sugar Industries Limited,Consumer Defensive,Confectioners,5.179999828338623,False,48.4,False,False,-38.89,-46.68,False,,EXIT
OBCL,OBCL Limited,Industrials,Trucking,52.43000030517578,False,10.91,False,False,-2.98,-7.05,False,488.0,EXIT
HILTON,Hilton Metal Forging Limited,Industrials,Metal Fabrication,21.739999771118164,False,3.4499999999999997,False,False,-61.88,-65.83,False,,EXIT
SHYAMCENT,Shyam Century Ferrous Limited,Basic Materials,Steel,5.110000133514404,False,11.17,False,False,-31.04,-36.02,False,133.0,EXIT
CUBEXTUB,Cubex Tubings Limited,Basic Materials,Copper,75.94999694824219,False,7.450000000000001,True,False,-8.09,-13.13,False,267.0,EXIT
ZENITHEXPO,Zenith Exports Limited,Consumer Cyclical,Textile Manufacturing,196.52999877929688,False,2.53,False,False,-15.99,-14.97,False,,EXIT
SIL,Standard Industries Limited,Consumer Cyclical,Textile Manufacturing,16.770000457763672,False,19.5,False,True,-18.19,-17.17,False,437.0,EXIT
GROBTEA,The Grob Tea Company Limited,Consumer Defensive,Farm Products,900.0,False,43.77,False,False,-13.39,-21.35,False,,EXIT
NORBTEAEXP,Norben Tea & Exports Limited,Consumer Defensive,Farm Products,68.31999969482422,False,1.27,False,False,114.72,105.91,True,,EXIT
COMPUSOFT,Compucom Software Limited,Consumer Defensive,Education & Training Services,13.050000190734863,False,3.3600000000000003,False,False,-33.26,-41.09,False,75.0,EXIT
BEARDSELL,Beardsell Limited,Industrials,Building Products & Equipment,26.6299991607666,False,11.430000000000001,True,False,-18.68,-22.72,False,268.0,EXIT
LOVABLE,Lovable Lingerie Limited,Consumer Cyclical,Apparel Manufacturing,70.45999908447266,False,10.82,False,False,-29.24,-28.19,False,,EXIT
JETFREIGHT,Jet Freight Logistics Limited,Industrials,Integrated Freight & Logistics,22.700000762939453,False,6.8100000000000005,False,True,67.07,62.83,True,461.0,HOLD
MOTOGENFIN,The Motor & General Finance Limited,Real Estate,Real Estate Services,26.760000228881836,False,146.85,True,True,17.85,0.34,True,15.16,HOLD
OSWALSEEDS,ShreeOswal Seeds and Chemicals Limited,Basic Materials,Agricultural Inputs,10.710000038146973,False,13.620000000000001,True,False,-10.98,-16.01,False,272.0,EXIT
LOYALTEX,Loyal Textile Mills Limited,Consumer Cyclical,Textile Manufacturing,207.0,False,64.68,False,False,-47.44,-46.34,False,1763.0,EXIT
DIGJAMLMTD,Digjam Limited,Consumer Cyclical,Textile Manufacturing,48.95000076293945,False,3.94,False,True,-15.38,-14.36,False,,EXIT
SEMAC,Semac Construction Limited,Industrials,Engineering & Construction,307.79998779296875,False,7.19,False,False,-43.54,-47.52,False,325.0,EXIT
RAJSREESUG,Rajshree Sugars & Chemicals Limited,Consumer Defensive,Confectioners,29.229999542236328,False,71.34,True,False,-29.34,-37.19,False,830.0,EXIT
BAGFILMS,B.A.G. Films and Media Limited,Communication Services,Broadcasting,4.429999828338623,False,3.74,False,False,-20.1,-38.82,False,145.0,EXIT
VAISHALI,Vaishali Pharma Limited,Healthcare,Drug Manufacturers - Specialty & Generic,7.349999904632568,False,5.73,False,False,-48.12,-43.25,False,,EXIT
DUCON,Ducon Infratechnologies Limited,Industrials,Specialty Industrial Machinery,2.950000047683716,False,10.98,False,False,-47.55,-51.52,False,451.0,EXIT
BHANDARI,Bhandari Hosiery Exports Limited,Consumer Cyclical,Apparel Manufacturing,2.8399999141693115,False,7.7700000000000005,False,False,-50.4,-49.3,False,21.03,EXIT
KAKATCEM,Kakatiya Cement Sugar and Industries Limited,Basic Materials,Building Materials,119.55999755859375,False,24.060000000000002,False,False,-22.59,-27.59,False,,EXIT
RHFL,Reliance Home Finance Limited,Financial Services,Mortgage Finance,1.940000057220459,False,2.61,False,False,-60.05,-60.57,False,,EXIT
INVENTURE,Inventure Growth & Securities Limited,Financial Services,Capital Markets,0.8999999761581421,False,14.530000000000001,True,False,-44.46,-45.06,False,311.87,EXIT
GLOBE,Globe Enterprises (India) Limited,Consumer Cyclical,Textile Manufacturing,2.119999885559082,False,5.93,False,False,-9.99,-8.99,False,524.0,EXIT
BANKA,Banka BioLoo Limited,Industrials,Pollution & Treatment Controls,86.01000213623047,False,2.84,False,True,2.92,-1.17,False,54.18,EXIT
GOYALALUM,Goyal Aluminiums Limited,Basic Materials,Aluminum,6.420000076293945,False,3.5,True,False,-12.21,-17.24,False,82.41,EXIT
SADBHIN,Sadbhav Infrastructure Project Limited,Industrials,Engineering & Construction,2.5199999809265137,False,198.38,False,False,-40.06,-44.05,False,3548.0,EXIT
RELCHEMQ,Reliance Chemotex Industries Limited,Consumer Cyclical,Textile Manufacturing,124.56999969482422,False,5.26,False,False,-33.85,-32.79,False,366.0,EXIT
ARTNIRMAN,Art Nirman Limited,Real Estate,Real Estate - Development,38.79999923706055,False,1.34,False,False,-16.89,-33.95,False,,EXIT
ABAN,Aban Offshore Limited,Energy,Oil & Gas Drilling,15.039999961853027,False,849.68,False,False,-74.99,-68.69,False,,EXIT
SELMC,SEL Manufacturing Company Limited,Consumer Cyclical,Textile Manufacturing,27.59000015258789,False,167.88,False,False,-14.51,-13.5,False,3774.0,EXIT
SMLT,Sarthak Metals Limited,Industrials,Metal Fabrication,66.80000305175781,False,4.609999999999999,False,False,-42.44,-46.43,False,,EXIT
BVCL,Barak Valley Cements Limited,Basic Materials,Building Materials,42.099998474121094,False,5.27,False,False,-1.66,-6.72,False,234.0,EXIT
GRADIENTE,Gradiente Infotainment Limited,Communication Services,Entertainment,2.7699999809265137,False,0.0,False,False,,,False,,EXIT
AAKASH,Aakash Exploration Services Limited,Energy,Oil & Gas Equipment & Services,8.920000076293945,False,3.24,False,True,-16.12,-11.45,False,93.0,EXIT
RAJMET,Rajnandini Metal Limited,Basic Materials,Copper,3.2100000381469727,False,0.0,False,False,-32.03,-37.0,False,,EXIT
GATECH,GACM Technologies Limited,Financial Services,Asset Management,0.6899999976158142,False,7.1,False,True,36.58,35.62,True,385.56,HOLD
AMDIND,AMD Industries Limited,Consumer Cyclical,Packaging & Containers,46.84000015258789,False,9.889999999999999,True,False,-11.8,-10.79,False,190.0,EXIT
AKSHOPTFBR,Aksh Optifibre Limited,Technology,Communication Equipment,5.340000152587891,False,17.560000000000002,False,False,-34.64,-37.18,False,618.0,EXIT
SPLIL,SPL Industries Limited,Consumer Cyclical,Apparel Manufacturing,30.75,False,7.45,False,False,-28.25,-27.2,False,340.0,EXIT
PALASHSECU,Palash Securities Limited,Consumer Defensive,Packaged Foods,86.29000091552734,False,28.8,True,False,-24.01,-31.9,False,6.04,EXIT
REGENCERAM,Regency Ceramics Limited,Industrials,Building Products & Equipment,31.510000228881836,False,23.84,False,False,-35.92,-39.92,False,,EXIT
CINEVISTA,Cinevista Limited,Communication Services,Entertainment,15.0,False,6.1,True,False,-0.66,-19.65,False,59.0,EXIT
KOHINOOR,Kohinoor Foods Limited,Consumer Defensive,Packaged Foods,22.959999084472656,False,94.61999999999999,False,False,-29.36,-37.21,False,1420.0,EXIT
FIBERWEB,Fiberweb (India) Limited,Consumer Cyclical,Textile Manufacturing,29.510000228881836,False,13.059999999999999,False,False,-43.16,-42.07,False,286.13,EXIT
MOKSH,Moksh Ornaments Limited,Consumer Cyclical,Luxury Goods,10.130000114440918,False,0.0,False,False,-29.65,-28.6,False,,EXIT
PARASPETRO,Paras Petrofils Limited,Consumer Cyclical,Textile Manufacturing,2.450000047683716,False,2.22,False,True,-2.96,-1.97,False,,EXIT
NIBL,NRB Industrial Bearings Limited,Industrials,Tools & Accessories,33.869998931884766,False,29.460000000000004,True,True,53.16,48.96,True,81.0,HOLD
BLBLIMITED,BLB Limited,Financial Services,Capital Markets,15.529999732971191,False,33.32,False,False,-0.61,-1.41,False,2522.0,EXIT
PATINTLOG,Patel Integrated Logistics Limited,Industrials,Integrated Freight & Logistics,13.960000038146973,False,9.59,True,True,-15.49,-19.53,False,454.0,HOLD
NOIDATOLL,Noida Toll Bridge Company Limited,Industrials,Infrastructure Operations,4.309999942779541,False,27.199999999999996,False,True,17.29,13.17,True,130.0,HOLD
LPDC,Landmark Property Development Company Limited,Real Estate,Real Estate Services,6.130000114440918,False,1.57,False,False,-9.54,-26.7,False,,EXIT
ORIENTLTD,Orient Press Limited,Consumer Cyclical,Packaging & Containers,79.41999816894531,False,1.9300000000000002,False,True,-10.39,-9.38,False,,EXIT
HISARMETAL,Hisar Metal Industries Limited,Basic Materials,Steel,147.3800048828125,False,3.3800000000000003,False,False,-25.48,-30.47,False,,EXIT
TOTAL,Total Transport Systems Limited,Industrials,Integrated Freight & Logistics,49.20000076293945,False,7.79,False,False,-32.9,-36.9,False,665.0,EXIT
ENERGYDEV,Energy Development Company Limited,Utilities,Utilities - Regulated Electric,16.799999237060547,False,27.28,True,False,-11.05,-21.77,False,150.0,EXIT
HDIL,Housing Development and Infrastructure Limited,Real Estate,Real Estate - Diversified,1.6299999952316284,False,11.67,False,False,-26.16,-43.11,False,2380.0,EXIT
ZENITHSTL,Zenith Steel Pipes & Industries Limited,Basic Materials,Steel,5.539999961853027,False,4.54,False,False,-33.22,-38.19,False,229.36,EXIT
DHARAN,Dharan Infra-EPC Limited,Real Estate,Real Estate - Development,0.14000000059604645,False,35.050000000000004,False,False,-50.75,-67.38,False,129.0,EXIT
PARSVNATH,Parsvnath Developers Limited,Real Estate,Real Estate - Development,1.8300000429153442,False,419.7099999999999,True,False,-74.72,-91.04,False,1189.0,EXIT
RSSOFTWARE,R S Software (India) Limited,Technology,Information Technology Services,30.829999923706055,False,33.0,False,False,-61.24,-63.61,False,352.0,EXIT
PIONEEREMB,Pioneer Embroideries Limited,Consumer Cyclical,Textile Manufacturing,25.700000762939453,False,9.84,False,False,-40.36,-39.28,False,375.0,EXIT
VINEETLAB,Vineet Laboratories Limited,Basic Materials,Chemicals,38.86000061035156,False,12.64,False,True,27.95,22.81,True,,HOLD
BANARBEADS,Banaras Beads Limited,Consumer Cyclical,Footwear & Accessories,115.88999938964844,False,1.8900000000000001,False,False,-4.9,-3.9,False,,EXIT
ATAM,Atam Valves Limited,Industrials,Specialty Industrial Machinery,65.05999755859375,False,3.58,False,False,-32.27,-36.28,False,,EXIT
TOUCHWOOD,Touchwood Entertainment Limited,Communication Services,Advertising Agencies,66.51000213623047,False,4.0600000000000005,False,False,-14.94,-33.74,False,68.85,EXIT
NGIL,Nakoda Group of Industries Limited,Consumer Defensive,Packaged Foods,40.09000015258789,False,1.63,True,True,45.22,36.87,True,59.62,HOLD
TOKYOPLAST,Tokyo Plast International Limited,Consumer Cyclical,Packaging & Containers,76.9000015258789,False,0.45,False,False,-40.51,-39.43,False,79.93,EXIT
CURAA,CURAA,Technology,Software - Application,71.79000091552734,False,1.52,False,False,-70.55,-72.87,False,52.97,EXIT
ACCURACY,Accuracy Shipping Limited,Industrials,Integrated Freight & Logistics,4.829999923706055,False,3.7800000000000002,False,False,-33.72,-37.72,False,945.0,EXIT
ALKALI,Alkali Metals Limited,Basic Materials,Specialty Chemicals,71.25,False,6.959999999999999,False,False,-20.1,-25.1,False,,EXIT
ODIGMA,Odigma Consultancy Solutions Limited,Communication Services,Advertising Agencies,22.479999542236328,False,1.8,False,False,-21.19,-39.9,False,,EXIT
PRAKASHSTL,Prakash Steelage Limited,Basic Materials,Steel,4.010000228881836,False,0.84,False,False,-28.02,-33.0,False,1123.0,EXIT
AJOONI,Ajooni Biotech Limited,Consumer Defensive,Packaged Foods,4.019999980926514,False,2.27,False,False,-22.05,-29.95,False,,EXIT
GATECHDVR,GACM Technologies Limited,Financial Services,Asset Management,0.49000000953674316,False,7.1,False,True,-9.18,-9.93,False,233.33,EXIT
IL&FSTRANS,IL&FS Transportation Networks Limited,Industrials,Infrastructure Operations,2.1500000953674316,False,0.0,False,False,-31.18,-35.19,False,8717.0,EXIT
DIGIDRIVE,Digidrive Distributors Limited,Consumer Cyclical,Internet Retail,17.8700008392334,False,9.56,True,False,-45.02,-43.93,False,50.0,EXIT
UMAEXPORTS,Uma Exports Limited,Consumer Defensive,Farm Products,19.90999984741211,False,3.3000000000000003,False,False,-53.69,-61.38,False,1731.0,EXIT
NAGREEKEXP,Nagreeka Exports Limited,Consumer Cyclical,Textile Manufacturing,21.3799991607666,False,3.06,False,False,-22.31,-21.27,False,630.0,EXIT
CTE,Cambridge Technology Enterprises Limited,Technology,Information Technology Services,33.959999084472656,False,10.89,False,False,-20.8,-23.42,False,206.0,EXIT
ROML,Raj Oil Mills Limited,Consumer Defensive,Packaged Foods,45.189998626708984,False,4.67,True,False,-6.99,-14.99,False,341.0,EXIT
DAMODARIND,Damodar Industries Limited,Consumer Cyclical,Textile Manufacturing,28.549999237060547,False,7.44,False,False,-26.95,-25.9,False,,EXIT
JHS,JHS Svendgaard Laboratories Limited,Consumer Defensive,Household & Personal Products,7.28000020980835,False,5.619999999999999,False,False,-37.98,-45.77,False,140.29,EXIT
BONLON,Bonlon Industries Limited,Basic Materials,Other Industrial Metals & Mining,40.220001220703125,False,7.02,False,False,,,False,623.0,EXIT
AGRITECH,Agri-tech (India) Limited,Consumer Defensive,Farm Products,111.05000305175781,False,0.91,True,False,-17.69,-25.62,False,0.38,EXIT
KHAITANLTD,Khaitan (India) Limited,Industrials,Industrial Distribution,126.45999908447266,False,6.039999999999999,False,True,3.88,-0.22,False,77.61,EXIT
ATLASCYCLE,Atlas Cycles (Haryana) Limited,Consumer Cyclical,Leisure,97.62999725341797,False,8.030000000000001,True,False,-28.3,-27.25,False,684.28,EXIT
HGM,Handson Global Management (HGM) Limited,Technology,Information Technology Services,50.310001373291016,False,7.5,False,False,-7.67,-10.37,False,22.47,EXIT
FMNL,Future Market Networks Limited,Real Estate,Real Estate Services,9.210000038146973,False,7.93,False,False,-14.33,-31.43,False,161.0,EXIT
RKEC,RKEC Projects Limited,Industrials,Engineering & Construction,26.31999969482422,False,10.98,False,False,-59.23,-63.17,False,399.0,EXIT
DELTAMAGNT,Delta Manufacturing Limited,Consumer Cyclical,Textile Manufacturing,57.40999984741211,False,12.41,False,False,-39.66,-38.59,False,124.0,EXIT
CAPTRUST,Capital Trust Limited,Financial Services,Credit Services,17.309999465942383,False,46.82,True,True,-72.66,-73.13,False,,HOLD
ROLLT,Rollatainers Limited,Real Estate,Real Estate Services,2.3499999046325684,False,18.549999999999997,False,True,74.64,56.4,True,560.0,HOLD
TFL,Transwarranty Finance Limited,Financial Services,Mortgage Finance,11.380000114440918,False,4.430000000000001,True,False,-36.5,-37.13,False,,EXIT
SECURKLOUD,SecureKloud Technologies Limited,Technology,Software - Application,17.5,False,157.37,False,False,-26.23,-28.82,False,849.0,EXIT
AGROPHOS,Agro Phos (India) Limited,Basic Materials,Agricultural Inputs,28.670000076293945,False,2.7600000000000002,False,False,-30.59,-35.57,False,131.0,EXIT
RAJTV,Raj Television Network Limited,Communication Services,Broadcasting,11.90999984741211,False,0.79,False,False,-56.89,-75.13,False,,EXIT
SUNDARAM,Sundaram Multi Pap Limited,Basic Materials,Paper & Paper Products,1.2400000095367432,False,4.0600000000000005,False,False,-38.1,-43.05,False,194.34,EXIT
ANMOL,Anmol India Limited,Energy,Thermal Coal,9.859999656677246,False,11.239999999999998,False,False,-45.29,-39.82,False,,EXIT
ADROITINFO,Adroit Infotech Limited,Technology,Information Technology Services,9.710000038146973,False,3.81,False,False,-10.61,-13.3,False,52.95,EXIT
LEMERITE,LEMERITE,Consumer Cyclical,Textile Manufacturing,23.360000610351562,False,5.52,False,False,-67.73,-66.59,False,525.0,EXIT
ORCHASP,Orchasp Limited,Technology,Software - Application,1.5099999904632568,False,1.05,False,False,-47.12,-49.58,False,104.67,EXIT
MALUPAPER,Malu Paper Mills Limited,Basic Materials,Paper & Paper Products,32.2599983215332,False,14.66,False,False,-15.17,-20.19,False,,EXIT
BALKRISHNA,Balkrishna Paper Mills Limited,Consumer Cyclical,Packaging & Containers,17.40999984741211,False,6.51,False,False,-18.73,-17.7,False,198.0,EXIT
TRU,TruCap Finance Limited,Financial Services,Credit Services,4.599999904632568,False,103.62,True,False,-71.2,-71.67,False,,EXIT
KSR,KSR Footwear Limited,Consumer Cyclical,Footwear & Accessories,29.209999084472656,False,18.62,False,False,,,False,,EXIT
HYBRIDFIN,Hybrid Financial Services Limited,Financial Services,Capital Markets,18.530000686645508,False,2.71,False,False,19.06,18.18,True,7.07,EXIT
SUVIDHAA,Suvidhaa Infoserve Limited,Technology,Information Technology Services,2.549999952316284,False,9.309999999999999,True,False,-45.42,-47.89,False,285.0,EXIT
PALREDTEC,Palred Technologies Limited,Technology,Consumer Electronics,46.0,False,5.26,False,True,-17.87,-20.52,False,148.0,EXIT
LCCINFOTEC,LCC Infotech Limited,Consumer Defensive,Education & Training Services,4.239999771118164,False,1.34,True,False,6.66,-1.43,False,11.0,EXIT
SHIVAMILLS,Shiva Mills Limited,Consumer Cyclical,Textile Manufacturing,62.90999984741211,False,2.9000000000000004,False,True,-20.15,-19.12,False,,EXIT
ICDSLTD,ICDS Limited,Real Estate,Real Estate Services,40.9900016784668,False,2.58,False,False,10.67,-6.74,False,6.45,EXIT
ANSALAPI,Ansal Properties & Infrastructure Limited,Real Estate,Real Estate - Development,3.2699999809265137,False,165.47,True,False,-24.75,-41.71,False,1406.0,EXIT
SUPREMEENG,Supreme Engineering Limited,Basic Materials,Steel,2.049999952316284,False,9.649999999999999,False,True,47.18,41.98,True,,HOLD
BIOFILCHEM,Biofil Chemicals and Pharmaceuticals Limited,Healthcare,Drug Manufacturers - Specialty & Generic,32.04999923706055,False,2.7800000000000002,False,False,-34.41,-29.64,False,,EXIT
PRITI,Priti International Limited,Consumer Cyclical,"Furnishings, Fixtures & Appliances",36.7599983215332,False,0.8999999999999999,False,False,-61.16,-60.04,False,,EXIT
VINNY,Vinny Overseas Limited,Consumer Cyclical,Textile Manufacturing,1.059999942779541,False,0.9299999999999999,False,False,-21.88,-20.84,False,,EXIT
BLUECOAST,Blue Coast Hotels Limited,Consumer Cyclical,Lodging,24.75,False,2.1,False,False,-49.44,-48.34,False,134.89,EXIT
GAYAHWS,Gayatri Highways Limited,Industrials,Infrastructure Operations,2.0,False,15.02,False,False,1.21,-2.88,False,86.0,EXIT
SVPGLOB,SVP Global Textiles Limited,Consumer Cyclical,Textile Manufacturing,3.7799999713897705,False,376.41999999999996,True,True,0.77,1.75,True,2489.0,HOLD
AHLADA,Ahlada Engineers Limited,Industrials,Building Products & Equipment,36.400001525878906,False,0.44,False,False,-41.25,-45.24,False,259.0,EXIT
OSIAHYPER,Osia Hyper Retail Limited,Consumer Cyclical,Department Stores,2.880000114440918,False,5.1,False,False,-82.71,-81.53,False,,EXIT
RKDL,Ravi Kumar Distilleries Limited,Consumer Defensive,Beverages - Wineries & Distilleries,19.260000228881836,False,0.14,False,False,-27.78,-35.65,False,,EXIT
DHRUV,Dhruv Consultancy Services Limited,Industrials,Engineering & Construction,24.670000076293945,False,33.690000000000005,True,False,-62.59,-66.53,False,102.0,EXIT
ARCHIES,Archies Limited,Consumer Cyclical,Specialty Retail,13.829999923706055,False,4.89,False,False,-32.99,-31.93,False,194.95,EXIT
COUNCODOS,Country Condo's Limited,Real Estate,Real Estate - Development,6.170000076293945,False,0.6,False,True,6.25,-11.11,False,,EXIT
TPHQ,Teamo Productions HQ Limited,Industrials,Engineering & Construction,0.41999998688697815,False,12.200000000000001,True,False,-42.4,-46.38,False,2.6,EXIT
JAIPURKURT,Nandani Creation Limited,Consumer Cyclical,Apparel Manufacturing,26.940000534057617,False,1.57,False,False,-40.96,-39.88,False,70.0,EXIT
MASKINVEST,Mask Investments Limited,Financial Services,Capital Markets,151.75,False,0.1,False,False,-4.63,-5.4,False,,EXIT
WEWIN,We Win Limited,Technology,Information Technology Services,45.88999938964844,False,4.5,False,False,-2.83,-5.57,False,78.49,EXIT
MANUGRAPH,Manugraph India Limited,Industrials,Specialty Industrial Machinery,15.140000343322754,False,9.58,False,False,-19.74,-23.77,False,446.0,EXIT
DANGEE,Dangee Dums Limited,Consumer Cyclical,Restaurants,2.9600000381469727,False,1.86,False,False,-38.69,-37.61,False,19.89,EXIT
AKASH,Akash Infra-Projects Limited,Industrials,Engineering & Construction,26.809999465942383,False,2.8200000000000003,False,True,-1.23,-5.31,False,140.82,EXIT
CELEBRITY,Celebrity Fashions Limited,Consumer Cyclical,Apparel Manufacturing,6.96999979019165,False,15.72,False,False,-51.74,-50.64,False,,EXIT
KARMAENG,Karma Energy Limited,Utilities,Utilities - Renewable,37.45000076293945,False,2.6999999999999997,True,False,-31.94,-42.1,False,41.88,EXIT
GOLDENTOBC,Golden Tobacco Limited,Consumer Defensive,Tobacco,24.25,False,0.0,False,False,-26.83,-34.7,False,96.08,EXIT
SHEKHAWATI,Shekhawati Industries Limited,Consumer Cyclical,Textile Manufacturing,12.1899995803833,False,8.11,False,False,-49.97,-48.87,False,363.26,EXIT
PRUDMOULI,Prudential Sugar Corporation Ltd.,Consumer Defensive,Confectioners,12.899999618530273,False,6.16,False,False,-62.89,-70.51,False,104.84,EXIT
LFIC,Lakshmi Finance & Industrial Corporation Limited,Financial Services,Asset Management,141.02999877929688,False,9.09,False,False,-33.38,-34.03,False,,EXIT
AMBICAAGAR,Ambica Agarbathies Aroma & Industries Limited,Consumer Defensive,Household & Personal Products,24.420000076293945,False,3.45,True,False,-5.15,-13.16,False,98.07,EXIT
MANGALAM,Mangalam Drugs & Organics Limited,Healthcare,Drug Manufacturers - Specialty & Generic,27.06999969482422,False,44.41,True,False,-76.99,-71.93,False,369.0,EXIT
AKI,AKI India Limited,Consumer Cyclical,Footwear & Accessories,4.159999847412109,False,4.19,True,False,-65.87,-64.73,False,80.96,EXIT
21STCENMGM,Twentyfirst Century Management Services Limited,Financial Services,Capital Markets,39.38999938964844,False,28.68,False,True,-36.25,-36.88,False,260.0,EXIT
VIVIMEDLAB,Vivimed Labs Limited,Healthcare,Drug Manufacturers - Specialty & Generic,5.139999866485596,False,176.46000000000004,False,False,-3.11,1.46,False,1462.0,EXIT
TNTELE,Tamilnadu Telecommunications Limited,Technology,Communication Equipment,9.010000228881836,False,14.889999999999999,False,False,-54.16,-56.58,False,,EXIT
SAGARDEEP,Sagardeep Alloys Limited,Basic Materials,Copper,24.0,False,2.13,True,False,-14.46,-19.48,False,142.0,EXIT
ABMINTLLTD,ABM International Limited,Basic Materials,Specialty Chemicals,44.5099983215332,False,4.21,False,True,-22.45,-27.45,False,155.95,EXIT
MITTAL,Mittal Life Style Limited,Consumer Cyclical,Textile Manufacturing,0.8999999761581421,False,2.3299999999999996,True,False,-50.54,-49.44,False,72.02,EXIT
BANG,Bang Overseas Limited,Consumer Cyclical,Apparel Manufacturing,30.5,False,5.949999999999999,False,False,-45.92,-44.82,False,194.0,EXIT
ADL,Archidply Decor Limited,Consumer Cyclical,"Furnishings, Fixtures & Appliances",68.61000061035156,False,0.32000000000000006,False,False,-25.18,-24.14,False,54.28,EXIT
AROGRANITE,Aro Granite Industries Limited,Industrials,Building Products & Equipment,25.079999923706055,False,11.930000000000001,False,False,-31.15,-35.16,False,252.55,EXIT
MADHUCON,Madhucon Projects Limited,Industrials,Engineering & Construction,5.019999980926514,False,444.52,True,False,-27.66,-31.68,False,2599.0,EXIT
ORIENTALTL,Oriental Trimex Limited,Industrials,Building Products & Equipment,5.230000019073486,False,2.2600000000000002,False,False,-47.18,-51.16,False,,EXIT
SEYAIND,Seya Industries Limited,Basic Materials,Specialty Chemicals,12.180000305175781,False,2.8800000000000003,False,False,-31.75,-36.72,False,,EXIT
CEREBRAINT,Cerebra Integrated Technologies Limited,Industrials,Waste Management,2.950000047683716,False,71.64999999999999,True,False,-63.2,-67.14,False,261.0,EXIT
ASHOKAMET,Ashoka Metcast Limited,Basic Materials,Steel,14.300000190734863,False,10.8,True,False,-20.41,-25.42,False,67.03,EXIT
SITINET,SITI Networks Limited,Communication Services,Entertainment,0.30000001192092896,False,196.85,True,False,-29.23,-47.84,False,1608.0,EXIT
NKIND,N.K Industries Limited,Consumer Defensive,Household & Personal Products,58.619998931884766,False,3.6199999999999997,True,False,-6.98,-14.98,False,493.13,EXIT
LASA,Lasa Supergenerics Limited,Healthcare,Drug Manufacturers - Specialty & Generic,6.980000019073486,False,34.08,False,False,-40.72,-35.91,False,,EXIT
HBSL,HB Stockholdings Limited,Financial Services,Capital Markets,48.0,False,25.740000000000002,False,False,-42.13,-42.74,False,,EXIT
SUPERSPIN,Super Spinning Mills Limited,Consumer Cyclical,Textile Manufacturing,5.909999847412109,False,8.57,True,False,-42.91,-41.83,False,521.0,EXIT
DNAMEDIA,Diligent Media Corporation Limited,Communication Services,Publishing,2.859999895095825,False,8.879999999999999,False,False,-25.12,-43.78,False,127.76,EXIT
CYBERMEDIA,Cyber Media (India) Limited,Communication Services,Publishing,16.059999465942383,False,3.52,False,False,5.86,-13.21,False,101.8,EXIT
GSS,GSS Infotech Limited,Technology,Information Technology Services,12.670000076293945,False,51.120000000000005,True,False,-59.21,-61.6,False,46.14,EXIT
TARAPUR,Tarapur Transformers Limited,Industrials,Specialty Industrial Machinery,15.819999694824219,False,2.04,False,False,-36.29,-40.29,False,,EXIT
MOHITIND,Mohit Industries Limited,Consumer Cyclical,Textile Manufacturing,22.6200008392334,False,0.92,False,False,-31.74,-30.69,False,191.0,EXIT
KAUSHALYA,Kaushalya Infrastructure Development Corporation Limited,Industrials,Engineering & Construction,913.0,False,1.5599999999999998,False,True,5.73,1.63,True,14.56,HOLD
AKG,AKG Exim Limited,Industrials,Industrial Distribution,10.020000457763672,False,0.26,False,False,-22.78,-26.82,False,123.67,EXIT
MADHAV,Madhav Marbles and Granites Limited,Industrials,Building Products & Equipment,33.7599983215332,False,2.6,False,False,-25.09,-29.12,False,76.96,EXIT
AKSHAR,Akshar Spintex Limited,Consumer Cyclical,Textile Manufacturing,0.38999998569488525,False,7.3999999999999995,False,False,-29.85,-28.8,False,,EXIT
GANGAFORGE,Ganga Forging Limited,Industrials,Metal Fabrication,1.7899999618530273,False,3.73,False,False,-49.77,-53.74,False,,EXIT
EASTSILK,Eastern Silk Industries Limited,Consumer Cyclical,Textile Manufacturing,56.810001373291016,False,14.35,True,False,3060.12,3053.73,True,434.0,HOLD
KEEPLEARN,DSJ Keep Learning Limited,Consumer Defensive,Education & Training Services,1.940000057220459,False,1.6300000000000001,False,False,-31.56,-39.39,False,,EXIT
LEXUS,Lexus Granito (India) Limited,Industrials,Building Products & Equipment,15.020000457763672,False,2.22,False,False,-51.92,-55.88,False,,EXIT
KANANIIND,Kanani Industries Limited,Consumer Cyclical,Luxury Goods,1.4900000095367432,False,2.58,False,False,-29.3,-28.25,False,496.0,EXIT
NAGREEKCAP,Nagreeka Capital & Infrastructure Ltd.,Financial Services,Asset Management,22.760000228881836,False,12.1,False,False,-15.35,-16.07,False,,EXIT
PEARLPOLY,Pearl Polymers Limited,Consumer Cyclical,Packaging & Containers,17.200000762939453,False,10.55,False,False,-57.33,-56.21,False,,EXIT
GTECJAINX,G-Tec Jainx Education Limited,Consumer Defensive,Education & Training Services,28.520000457763672,False,4.04,True,True,13.54,5.4,True,6.5,HOLD
SIMBHALS,Simbhaoli Sugars Limited,Consumer Defensive,Confectioners,6.699999809265137,False,32.809999999999995,True,False,-52.06,-59.76,False,1263.0,EXIT
PNC,Pritish Nandy Communications Ltd,Communication Services,Entertainment,20.469999313354492,False,13.77,True,False,-4.72,-23.65,False,58.0,EXIT
SANWARIA,Sanwaria Consumer Limited,Consumer Defensive,Farm Products,0.20000000298023224,False,4.21,False,False,-37.44,-45.24,False,,EXIT
WILLAMAGOR,Williamson Magor & Co. Limited,Financial Services,Credit Services,25.299999237060547,False,50.220000000000006,False,False,-28.78,-29.45,False,51.0,EXIT
TGBHOTELS,TGB Banquets and Hotels Limited,Consumer Cyclical,Lodging,9.630000114440918,False,1.44,False,True,-21.18,-20.14,False,164.01,EXIT
KHANDSE,Khandwala Securities Limited,Financial Services,Capital Markets,17.459999084472656,False,1.7599999999999998,True,False,-31.07,-31.72,False,10.29,EXIT
INFOMEDIA,Infomedia Press Limited,Financial Services,Shell Companies,5.480000019073486,False,3.6800000000000006,False,False,-18.77,-19.48,False,186.0,EXIT
TREEHOUSE,Tree House Education & Accessories Limited,Consumer Defensive,Education & Training Services,6.210000038146973,False,10.32,False,False,0.92,-7.14,False,209.0,EXIT
SGL,STL Global Limited,Consumer Cyclical,Textile Manufacturing,9.829999923706055,False,1.3900000000000001,False,False,-33.18,-32.12,False,,EXIT
LIBAS,Libas Consumer Products Limited,Consumer Cyclical,Apparel Manufacturing,9.84000015258789,False,0.0,False,False,-28.6,-27.55,False,91.91,EXIT
KSHITIJPOL,Kshitij Polyline Limited,Industrials,Business Equipment & Supplies,2.8299999237060547,False,3.6900000000000004,True,False,-14.85,-18.9,False,59.36,EXIT
NEXTMEDIA,Next Mediaworks Limited,Communication Services,Broadcasting,3.9200000762939453,False,5.279999999999999,True,False,-22.34,-41.04,False,1.45,EXIT
FLFL,Future Lifestyle Fashions Limited,Consumer Cyclical,Apparel Manufacturing,1.2699999809265137,False,0.0,False,False,-34.05,-32.98,False,6297.0,EXIT
ARSHIYA,Arshiya Limited,Industrials,Integrated Freight & Logistics,0.9700000286102295,False,98.67,False,False,-66.65,-70.58,False,1140.0,EXIT
LAXMICOT,Laxmi Cotspin Limited,Consumer Cyclical,Textile Manufacturing,13.789999961853027,False,10.64,True,False,-53.35,-52.24,False,216.0,EXIT
KRIDHANINF,Kridhan Infra Limited,Basic Materials,Steel,2.319999933242798,False,2.6900000000000004,False,False,-42.72,-47.66,False,726.75,EXIT
ANKITMETAL,Ankit Metal & Power Limited,Basic Materials,Steel,1.5299999713897705,False,0.0,True,False,-19.71,-24.72,False,1148.0,EXIT
SHRENIK,Shrenik Limited,Basic Materials,Paper & Paper Products,0.33000001311302185,False,1.4400000000000002,False,False,-39.54,-44.49,False,,EXIT
MFML,Mahalaxmi Fabric Mills Limited,Consumer Cyclical,Textile Manufacturing,18.540000915527344,False,8.3,True,False,-40.95,-39.87,False,166.0,EXIT
VCL,Vaxtex Cotfab Limited,Consumer Cyclical,Textile Manufacturing,1.0199999809265137,False,6.28,False,False,-19.11,-18.08,False,,EXIT
HAVISHA,Sri Havisha Hospitality and Infrastructure Limited,Consumer Cyclical,Lodging,1.2699999809265137,False,5.03,True,False,-42.11,-41.03,False,2.89,EXIT
ACEINTEG,Ace Integrated Solutions Limited,Industrials,Staffing & Employment Services,19.149999618530273,False,0.9500000000000002,True,False,-20.75,-24.79,False,9.14,EXIT
TCIFINANCE,TCI Finance Limited,Financial Services,Credit Services,14.989999771118164,False,1.9900000000000002,False,False,8.35,7.52,True,,EXIT
FEL,Future Enterprises Limited,Consumer Cyclical,Department Stores,0.3799999952316284,False,0.0,False,False,-37.94,-36.86,False,20186.0,EXIT
SHYAMTEL,Shyam Telecom Limited,Technology,Communication Equipment,16.0,False,5.03,True,True,5.12,2.33,True,799.0,HOLD
TECILCHEM,Tecil Chemicals and Hydro Power Ltd.,Financial Services,Shell Companies,9.649999618530273,False,0.42000000000000004,False,False,-54.48,-55.03,False,0.0,EXIT
ASTRON,Astron Paper & Board Mill Limited,Basic Materials,Paper & Paper Products,3.8499999046325684,False,21.18,False,False,-71.86,-76.71,False,512.0,EXIT
TVVISION,TV Vision Limited,Communication Services,Broadcasting,4.789999961853027,False,34.48,True,False,-22.91,-41.59,False,176.0,EXIT
RADAAN,Radaan Mediaworks India Limited,Communication Services,Entertainment,3.240000009536743,False,4.79,True,True,-2.42,-21.38,False,35.54,HOLD
GLFL,Gujarat Lease Financing Limited,Financial Services,Shell Companies,5.75,False,0.2,False,False,-12.08,-12.82,False,0.69,EXIT
SILLYMONKS,Silly Monks Entertainment Limited,Communication Services,Entertainment,15.739999771118164,False,2.35,True,False,6.33,-12.75,False,22.22,EXIT
VIVIDHA,Visagar Polytex Limited,Consumer Cyclical,Textile Manufacturing,0.5099999904632568,False,1.54,False,False,-39.71,-38.63,False,,EXIT
EUROTEXIND,Eurotex Industries and Exports Limited,Real Estate,Real Estate - Development,12.850000381469727,False,4.87,False,False,7.98,-9.4,False,,EXIT
BOHRAIND,Bohra Industries Limited,Basic Materials,Agricultural Inputs,14.1899995803833,False,4.25,False,False,-54.3,-59.21,False,,EXIT
UMESLTD,Usha Martin Education & Solutions Limited,Consumer Defensive,Education & Training Services,5.5,False,0.39,True,True,0.01,-8.04,False,6.19,HOLD
TIJARIA,Tijaria Polypipes Limited,Industrials,Building Products & Equipment,4.579999923706055,False,1.3,False,False,-34.05,-38.06,False,,EXIT
MTEDUCARE,MT Educare Limited,Consumer Defensive,Education & Training Services,1.940000057220459,False,11.29,False,True,-6.6,-14.6,False,305.0,EXIT
HEADSUP,Heads UP Ventures Limited,Consumer Cyclical,Apparel Retail,6.570000171661377,False,7.42,True,False,-33.25,-32.19,False,1.42,EXIT
FLEXITUFF,Flexituff Ventures International Limited,Consumer Cyclical,Textile Manufacturing,4.5,False,134.89,False,False,-89.87,-88.67,False,1457.0,EXIT
KALYANI,Kalyani Commercials Limited,Consumer Cyclical,Auto & Truck Dealerships,138.08999633789062,True,2.74,True,False,-3.37,-2.38,False,901.0,EXIT
RETAIL,JHS Svendgaard Retail Ventures Limited,Consumer Defensive,Grocery Stores,17.280000686645508,False,0.42000000000000004,False,False,-44.73,-52.48,False,,EXIT
ARENTERP,Rajdarshan Industries Limited,Basic Materials,Other Industrial Metals & Mining,40.5,False,0.8400000000000001,True,False,-12.57,-17.6,False,1.9,EXIT
AURUS,Aurus Gem Corporation Limited,Consumer Cyclical,Luxury Goods,4.550000190734863,False,16.91,False,False,-41.13,-40.05,False,,EXIT
NIRAJISPAT,Niraj Ispat Industries Limited,Consumer Cyclical,Apparel Manufacturing,204.08999633789062,False,1.21,False,False,-60.21,-59.09,False,,EXIT
UNIINFO,Uniinfo Telecom Services Limited,Communication Services,Telecom Services,12.289999961853027,False,1.5300000000000002,False,False,-20.9,-39.61,False,50.1,EXIT
BILVYAPAR,BIL Vyapar Limited,Basic Materials,Specialty Chemicals,3.990000009536743,False,2.9800000000000004,False,False,-64.77,-69.65,False,4735.57,EXIT
CREATIVEYE,Creative Eye Limited,Communication Services,Entertainment,5.989999771118164,False,5.180000000000001,False,False,-1.35,-20.33,False,,EXIT
ORTINGLOBE,Ortin Global Limited,Healthcare,Drug Manufacturers - Specialty & Generic,15.350000381469727,False,0.74,False,True,-3.65,0.92,False,,EXIT
ANTGRAPHIC,Antarctica Limited,Consumer Cyclical,Packaging & Containers,0.7300000190734863,False,0.0,False,False,-39.42,-38.35,False,,EXIT
GLOBALE,Globale Tessile Limited,Consumer Cyclical,Textile Manufacturing,10.800000190734863,False,1.4,False,False,-22.64,-21.6,False,,EXIT
DCMFINSERV,DCM Financial Services Limited,Financial Services,Credit Services,5.190000057220459,False,1.03,False,False,-18.5,-19.21,False,3.96,EXIT
LAKPRE,Lakshmi Precision Screws Limited,Industrials,Tools & Accessories,4.929999828338623,False,0.0,False,False,-11.07,-15.13,False,425.0,EXIT
COMPINFO,Compuage Infocom Limited,Technology,Electronics & Computer Distribution,1.149999976158142,False,0.0,False,False,-59.07,-61.46,False,4515.0,EXIT
BLUECHIP,Blue Chip India Limited,Financial Services,Capital Markets,1.7899999618530273,False,0.44999999999999996,False,False,-64.59,-65.09,False,,EXIT
MEP,MEP Infrastructure Developers Limited,Industrials,Infrastructure Operations,0.5099999904632568,False,0.0,False,False,-68.8,-72.73,False,2815.0,EXIT
PREMIER,Premier Limited,Industrials,Specialty Industrial Machinery,2.7799999713897705,False,5.869999999999999,True,False,-25.2,-29.22,False,99.96,EXIT
SHANTI,Shanti Overseas (India) Limited,Consumer Defensive,Farm Products,6.630000114440918,False,2.87,False,False,-41.01,-48.78,False,210.44,EXIT
SABEVENTS,SAB Events & Governance Now Media Limited,Communication Services,Publishing,6.269999980926514,False,0.68,False,False,9.63,-9.49,False,,EXIT
ORTEL,Ortel Communications Limited,Communication Services,Entertainment,1.7100000381469727,False,0.0,False,True,3.46,-15.58,False,203.0,EXIT
SETUINFRA,Setubandhan Infrastructure Limited,Industrials,Engineering & Construction,0.4300000071525574,False,0.0,False,False,-18.71,-22.75,False,283.49,EXIT
BNAGROCHEM,BN Agrochem Limited,,,279.0,False,0.0,False,False,,,False,,EXIT
RAMBHAJO,RAMBHAJO,Consumer Cyclical,Luxury Goods,177.97999572753906,False,0.0,False,False,,,False,,EXIT
BLIL,Balmer Lawrie Investments Limited,,,70.37000274658203,False,0.0,False,False,,,False,,EXIT
RSDFIN,RSD Finance Limited,,,110.73999786376953,True,0.0,False,False,,,False,,EXIT
BNALTD,B & A Limited,,,393.0,False,0.0,False,False,,,False,,EXIT
AASTHA,AASTHA,Consumer Cyclical,Textile Manufacturing,76.25,False,0.0,False,False,,,False,,EXIT
SHRIKRISH,Shri Krishna Devcon Limited,Unknown,Unknown,40.0,False,0.0,False,False,,,False,,EXIT
ACSTECH,ACS Technologies Limited,,,39.970001220703125,False,0.0,False,False,,,False,,EXIT
3BBLACKBIO,3B Blackbio Dx Limited,,,1247.0999755859375,False,0.0,False,False,,,False,,EXIT
ZSARACOM,Saraswati Commercial (India) Limited,,,12200.5,False,0.0,False,False,,,False,,EXIT
ZODIAC,Zodiac Energy Limited,,,251.64999389648438,False,0.0,False,False,,-46.38,False,408.0,EXIT
ABMKNO,ABM Knowledgeware Limited,,,190.0500030517578,False,0.0,False,False,,,False,,EXIT
KPL,Kwality Pharmaceuticals Limited,,,2578.89990234375,False,0.0,False,False,,,False,,EXIT
RAJPALAYAM,Rajapalayam Mills Limited,Unknown,Unknown,813.9500122070312,True,114.35000000000001,False,False,,,False,,EXIT
RRIL,RRIL Limited,,,17.350000381469727,False,0.0,False,False,,,False,,EXIT
MADHAVIPL,Madhav Infra Projects Limited,,,7.820000171661377,False,0.0,False,False,,,False,,EXIT
LCL,LCL,Industrials,Specialty Industrial Machinery,535.1500244140625,True,0.0,False,False,,,False,,EXIT
RIR,Rir Power Electronics Limited,Technology,Semiconductors,156.91000366210938,True,7.930000000000001,False,False,,,False,,EXIT
CPL,Captain Polyplast Limited,Industrials,Farm & Heavy Construction Machinery,72.45999908447266,True,27.780000000000005,False,False,,,False,,EXIT
DAICHI,Dai-ichi Karkaria Limited,,,315.79998779296875,False,0.0,False,False,,,False,,EXIT
SINGERIND,Singer India Limited,,,64.77999877929688,False,0.0,False,False,,,False,483.0,EXIT
LAHOTIOV,Lahoti Overseas Limited,,,41.0099983215332,False,0.0,False,False,,,False,,EXIT
CORONA,CORONA,Healthcare,Drug Manufacturers - General,2091.10009765625,True,164.35000000000002,False,False,,,False,1196.0,EXIT
HBESD,HB Estate Developers Limited,Unknown,Unknown,75.02999877929688,False,0.0,False,False,,,False,,EXIT
CMPDI,CMPDI,Basic Materials,Other Industrial Metals & Mining,239.8300018310547,False,656.6099999999999,False,False,,,False,,EXIT
CMRGREEN,CMRGREEN,Basic Materials,Aluminum,213.89999389648438,False,0.0,False,False,,,False,,EXIT
TENNIND,TENNIND,Consumer Cyclical,Auto Parts,538.9000244140625,False,593.23,False,False,,,False,5468.0,EXIT
TECHNVISN,TechNVision Ventures Limited,,,4470.2001953125,False,0.0,False,False,,,False,,EXIT
COMFINTE,Comfort Intech Limited,,,6.909999847412109,False,0.0,False,False,,,False,,EXIT
HALDYNGL,Haldyn Glass Limited,,,120.25,False,0.0,False,False,,,False,,EXIT
COCKERILL,John Cockerill India Limited,Industrials,Metal Fabrication,8509.0,False,18.419999999999998,False,False,,,False,,EXIT
THACKER,Thacker and Company Limited,,,1010.0,False,0.0,False,False,,,False,,EXIT
TIMEX,Timex Group India Limited,Consumer Cyclical,Luxury Goods,530.5,False,85.79,False,False,,,False,,EXIT
CMLL,CMLL,Energy,Thermal Coal,556.0999755859375,True,0.0,False,False,,,False,,EXIT
THAKDEV,Thakkers Developers Limited,,,141.17999267578125,False,0.0,False,False,,,False,,EXIT
TCC,TCC Concept Limited,,,289.6499938964844,False,0.0,False,False,,,False,83.0,EXIT
ABANSENT,ABans Enterprises Limited,,,26.790000915527344,False,0.0,False,False,,,False,,EXIT
DISAQ,DISA India Limited,,,12225.0,True,0.0,False,False,,,False,,EXIT
BI,Bilcare Limited,,,58.88999938964844,False,0.0,False,False,,,False,,EXIT
PRAVEG,Praveg Limited,,,295.9100036621094,False,0.0,False,False,,,False,,EXIT
KIRANVYPAR,Kiran Vyapar Limited,,,197.50999450683594,True,0.0,False,False,,,False,,EXIT
KLBRENG-B,Kilburn Engineering Limited,,,435.5,False,0.0,False,False,,,False,,EXIT
RVHL,RVHL,Unknown,Unknown,44.27000045776367,False,55.81,False,False,30.81,3.2,True,12.0,EXIT
FERMENTA,Fermenta Biotech Limited,,,501.3500061035156,True,0.0,False,False,,,False,,EXIT
FEDDERSHOL,Fedders Holding Limited,,,42.16999816894531,False,0.0,False,False,,,False,,EXIT
INDPRUD,Industrial And Prudential Investment Company Limited,,,6598.5,False,0.0,False,False,,,False,,EXIT
PRADPME,Pradeep Metals Limited,,,511.54998779296875,False,0.0,False,False,,,False,,EXIT
MMWL,Media Matrix Worldwide Limited,Communication Services,Entertainment,14.239999771118164,False,5.85,False,False,,,False,,EXIT
BAJAJST,Bajaj Steel Industries Limited,,,396.3999938964844,False,0.0,False,False,,,False,,EXIT
SHBAJRG,Shri Bajrang Alliance Limited,,,181.1999969482422,False,0.0,False,False,,,False,,EXIT
GUJRAFFIA,Gujarat Raffia Industries Limited,,,39.650001525878906,False,0.0,False,False,,-1.23,False,47.56,EXIT
SIKA,Sika Interplant Systems Limited,,,1115.699951171875,False,0.0,False,False,,,False,,EXIT
BIRLAPREC,Birla Precision Technologies Limited,,,34.06999969482422,False,0.0,False,False,,,False,,EXIT
BHARATCOAL,BHARATCOAL,Basic Materials,Coking Coal,33.970001220703125,False,325.23,False,False,,,False,14246.0,EXIT
BLACKROSE,Black Rose Industries Limited,,,110.76000213623047,False,0.0,False,False,,,False,,EXIT
MCCHRLS-B,Mac Charles (India) Limited,,,671.2999877929688,False,0.0,False,False,,,False,,EXIT
QUINT,Quint Digital Limited,,,39.29999923706055,False,0.0,False,False,,,False,,EXIT
TAALTECH,TAAL Tech Limited,,,3930.800048828125,True,0.0,False,False,,,False,,EXIT
TAMBOLIIN,Tamboli Industries Limited,,,208.7899932861328,False,0.0,False,False,,,False,,EXIT
DECNGOLD,Deccan Gold Mines Limited,,,197.72999572753906,False,0.0,False,False,,,False,,EXIT
TURTLEMINT,TURTLEMINT,Financial Services,Insurance Brokers,115.70999908447266,False,47.9,False,False,,,False,,EXIT
MERCANTILE,Mercantile Ventures Limited,,,24.0,False,0.0,False,False,,,False,,EXIT
MENNPIS,Menon Pistons Limited,,,70.62000274658203,False,0.0,False,False,,,False,,EXIT
SURYALA,Suryalata Spinning Mills Limited,,,405.95001220703125,False,0.0,False,False,,,False,,EXIT
BENGALASM,Bengal & Assam Company Limited,,,6218.5,False,0.0,False,False,,,False,,EXIT
BEEKAY,Beekay Steel Industries Limited,,,394.3999938964844,False,0.0,False,False,,,False,,EXIT
GRANDOAK,Grand Oak Canyons Distillery Limited,,,34.849998474121094,False,0.0,False,False,,,False,,EXIT
GNRL,Gujarat Natural Resources Limited,,,93.45999908447266,False,0.0,False,False,,,False,,EXIT
GRAVISSHO,Graviss Hospitality Limited,,,30.829999923706055,True,0.0,False,False,,,False,,EXIT
SONAL,Sonal Mercantile Limited,,,89.44999694824219,False,0.0,False,False,,,False,,EXIT
INVPRECQ,Investment & Precision Castings Limited,,,1097.6500244140625,True,0.0,False,False,,,False,,EXIT
KOTIC,Kothari Industrial Corporation Limited,,,158.82000732421875,False,0.0,False,False,,,False,,EXIT
EMPOWER,Empower India Limited,,,2.569999933242798,False,0.0,False,False,,,False,,EXIT
ELCIDIN,Elcid Investments Limited,,,111000.0,False,0.0,False,False,,,False,,EXIT
KAMAHOLD,KAMA Holdings Limited,,,2511.10009765625,False,0.0,False,False,,,False,,EXIT
NEAGI,Neelamalai Agro Industries Limited,,,3172.0,False,0.0,False,False,,,False,,EXIT
ASHIKAG,ASHIKAG,,,498.54998779296875,True,0.0,False,False,,,False,,EXIT
SCANSTL,Scan Steels Limited,,,62.720001220703125,True,0.0,False,False,,,False,,EXIT
NATIONSTD,National Standard (India) Limited,,,247.89999389648438,False,0.0,False,False,,,False,,EXIT
AKCAPIT,A. K. Capital Services Limited,,,1693.300048828125,False,0.0,False,False,,,False,,EXIT
ELITECON,Elitecon International Limited,,,15.640000343322754,False,0.0,False,False,,,False,,EXIT
PREMCO,Premco Global Limited,,,372.54998779296875,False,0.0,False,False,,,False,,EXIT
ASTAR,Asian Star Company Limited,,,594.9500122070312,False,0.0,False,False,,,False,,EXIT
DRAGARWQ,Dr. Agarwal's Eye Hospital Limited,,,5022.5,True,0.0,False,False,,,False,,EXIT
FRONTSP,Frontier Springs Limited,,,1349.300048828125,False,0.0,False,False,,,False,,EXIT
VELJAN,Veljan Denison Limited,,,1757.300048828125,False,0.0,False,False,,,False,,EXIT
NILE,Nile Limited,,,1873.300048828125,False,0.0,False,False,,,False,,EXIT
XTRANET,XTRANET,Technology,Information Technology Services,129.1999969482422,True,0.0,False,False,,,False,,EXIT
3PLAND,3P Land Holdings Ltd,Unknown,Unknown,31.790000915527344,False,1.65,False,False,-19.29,-30.2,False,205.25,EXIT
WELSPLSOL,Welspun Specialty Solutions Limited,,,51.06999969482422,False,0.0,False,False,,,False,,EXIT
PML,Paul Merchants Limited,,,504.5,False,0.0,False,False,,,False,,EXIT
ARTEMISMED,Artemis Medicare Services Limited,,,298.5,False,0.0,False,True,,22.49,False,937.0,EXIT
KANCHI,Kanchi Karpooram Limited,,,365.95001220703125,False,0.0,False,False,,,False,,EXIT
IWP,The Indian Wood Products Company Limited,,,33.4900016784668,False,0.0,False,False,,,False,,EXIT
INDOMIM,INDOMIM,Industrials,Metal Fabrication,776.1500244140625,True,0.0,False,False,,,False,,EXIT
PIONRINV,Pioneer Investcorp Limited,,,83.58000183105469,False,0.0,False,False,,,False,,EXIT
SEIL,Shanti Educational Initiatives Limited,,,205.08999633789062,False,0.0,False,False,,,False,,EXIT
SAPPL,Shree Ajit Pulp and Paper Limited,,,289.6499938964844,False,0.0,False,False,,,False,,EXIT
WPIL,WPIL Limited,,,464.29998779296875,False,0.0,False,False,,,False,,EXIT
HEXAGON,HEXAGON,Consumer Defensive,Packaged Foods,62.790000915527344,False,0.0,False,False,,,False,,EXIT
SHINDL,Sharat Industries Limited,,,162.02000427246094,True,0.0,False,False,,,False,,EXIT
OMPOWER,OMPOWER,Industrials,Engineering & Construction,159.16000366210938,False,0.0,False,False,,,False,,EXIT
AARNAV,Aarnav Fashions Limited,,,31.360000610351562,True,0.0,False,False,,,False,,EXIT
