Symbol,Company,Sector,Industry,Current_Price,ATH_Price_Flag,TTM_Net_Profit,ATH_Profit_Flag,Above_MA212_Flag,RS_Peer_Group,RS_vs_Sector,RS_vs_Benchmark,Outperformance_Flag,TTM_Net_Sales,ATH_Sales,ATH_Sales_Flag,Signal
RELIANCE,Reliance Industries Limited,Energy,Oil & Gas Refining & Marketing,1322.0,False,39219.0,False,False,NIFTY ENERGY,-18.77,-8.64,False,552939.0,537909.0,True,EXIT
BHARTIARTL,Bharti Airtel Limited,Communication Services,Telecom Services,1934.199951171875,False,15408.0,False,False,Sector: Communication Services,13.76,0.44,True,124600.0,121493.0,True,EXIT
HDFCBANK,HDFC Bank Limited,Financial Services,Banks - Regional,723.0,False,75576.0,True,False,NIFTY BANK,-49.22,-28.65,False,309415.0,307522.0,True,EXIT
ICICIBANK,ICICI Bank Limited,Financial Services,Banks - Regional,1412.0,False,52183.0,True,True,NIFTY BANK,-22.18,-3.55,False,172670.0,169946.0,True,HOLD
SBIN,State Bank of India,Financial Services,Banks - Regional,1053.0,False,81993.0,True,True,NIFTY BANK,10.04,26.37,True,493000.0,482797.0,True,HOLD
TCS,Tata Consultancy Services Limited,Technology,Information Technology Services,2280.0,False,50186.0,True,False,NIFTY IT,-21.25,-26.87,False,227703.0,220938.0,True,EXIT
BAJFINANCE,Bajaj Finance Limited,Financial Services,Credit Services,1094.300048828125,False,19016.0,True,True,Sector: Financial Services,16.27,19.47,True,73287.0,71267.0,True,HOLD
LT,Larsen & Toubro Limited,Industrials,Engineering & Construction,4064.300048828125,False,7257.0,False,True,Sector: Industrials,1.13,11.0,True,156234.0,153680.0,True,HOLD
HINDUNILVR,Hindustan Unilever Limited,Consumer Defensive,Household & Personal Products,2035.0,False,15326.0,False,False,NIFTY FMCG,-15.09,-24.45,False,63458.0,61975.0,True,EXIT
INFY,Infosys Limited,Technology,Information Technology Services,1115.0,False,30346.0,True,False,NIFTY IT,-19.45,-25.25,False,153501.0,148819.0,True,EXIT
SUNPHARMA,Sun Pharmaceutical Industries Limited,Healthcare,Drug Manufacturers - Specialty & Generic,1875.0999755859375,False,2994.0,False,True,NIFTY PHARMA,-7.56,13.21,False,20901.0,22977.0,False,EXIT
TITAN,Titan Company Limited,Consumer Cyclical,Luxury Goods,5048.60009765625,True,5299.0,True,True,Sector: Consumer Cyclical,30.39,38.55,True,81091.0,77554.0,True,ADD
MARUTI,Maruti Suzuki India Limited,Consumer Cyclical,Auto Manufacturers,13691.0,False,14039.0,False,False,NIFTY AUTO,-29.52,-5.53,False,197129.0,183266.0,True,EXIT
ADANIENT,Adani Enterprises Limited,Energy,Thermal Coal,3002.5,False,9984.0,False,True,NIFTY METAL,-13.61,24.49,False,23138.0,57844.0,False,EXIT
M&M,Mahindra & Mahindra Limited,Consumer Cyclical,Auto Manufacturers,3421.5,False,15874.0,True,True,NIFTY AUTO,-24.54,-0.88,False,155581.0,147765.0,True,HOLD
ADANIPOWER,Adani Power Limited,Utilities,Utilities - Independent Power Producers,205.5800018310547,False,11974.0,False,True,NIFTY ENERGY,60.09,68.2,True,48589.0,49711.0,False,HOLD
ADANIPORTS,Adani Ports and Special Economic Zone Limited,Industrials,Marine Shipping,1682.4000244140625,False,2631.0,False,True,Sector: Industrials,12.12,21.95,True,8937.0,8535.0,True,HOLD
KOTAKBANK,Kotak Mahindra Bank Limited,Financial Services,Banks - Regional,387.6499938964844,False,14849.0,False,False,NIFTY BANK,-23.42,-4.69,False,56205.0,55564.0,True,EXIT
AXISBANK,Axis Bank Limited,Financial Services,Banks - Regional,1243.0,False,25764.0,False,False,NIFTY BANK,-4.01,13.33,False,129954.0,127032.0,True,EXIT
HCLTECH,HCL Technologies Limited,Technology,Information Technology Services,1298.0,False,11764.0,False,False,NIFTY IT,-5.68,-12.85,False,56295.0,55031.0,True,EXIT
ITC,ITC Limited,Consumer Defensive,Tobacco,270.0,False,18959.0,False,False,NIFTY FMCG,-26.05,-34.68,False,69071.0,71984.0,False,EXIT
ULTRACEMCO,UltraTech Cement Limited,Basic Materials,Building Materials,11499.0,False,7571.0,True,False,Sector: Basic Materials,-14.81,-10.69,False,86070.0,82170.0,True,EXIT
HAL,Hindustan Aeronautics Limited,Industrials,Aerospace & Defense,5099.0,True,9279.0,True,True,Sector: Industrials,1.66,11.53,True,33786.0,33090.0,True,ADD
NTPC,NTPC Limited,Utilities,Utilities - Regulated Electric,337.1000061035156,False,23730.0,True,False,NIFTY ENERGY,-12.83,-2.86,False,166752.0,170037.0,False,EXIT
BAJAJFINSV,Bajaj Finserv Ltd.,Financial Services,Financial Conglomerates,2011.199951171875,False,2219.0,True,True,Sector: Financial Services,-3.86,-0.53,False,3115.0,2299.0,True,HOLD
BAJAJ-AUTO,Bajaj Auto Limited,Consumer Cyclical,Auto Manufacturers,11607.0,False,10712.0,True,True,NIFTY AUTO,9.29,30.7,True,63392.0,58732.0,True,HOLD
JSWSTEEL,JSW Steel Limited,Basic Materials,Steel,1267.5999755859375,True,7232.0,False,True,NIFTY METAL,-22.06,16.61,False,136770.0,135180.0,True,EXIT
BEL,Bharat Electronics Limited,Industrials,Aerospace & Defense,412.0,False,6128.0,True,False,Sector: Industrials,-3.48,6.41,False,28596.0,27480.0,True,EXIT
ONGC,Oil and Natural Gas Corporation Limited,Energy,Oil & Gas Integrated,239.5,False,41904.0,True,False,NIFTY ENERGY,-10.84,-0.91,False,146966.0,144513.0,True,EXIT
ETERNAL,Eternal Limited,Consumer Cyclical,Internet Retail,315.8999938964844,False,2638.0,False,True,Sector: Consumer Cyclical,-12.37,-4.04,False,11835.0,10899.0,True,EXIT
NESTLEIND,Nestlé India Limited,Consumer Defensive,Packaged Foods,1462.5,False,3860.0,False,True,NIFTY FMCG,34.76,22.08,True,24437.0,24394.0,True,HOLD
DMART,Avenue Supermarts Limited,Consumer Defensive,Discount Stores,3981.0,False,3330.0,True,False,Sector: Consumer Defensive,-29.1,-17.1,False,69379.0,66968.0,True,EXIT
SHRIRAMFIN,Shriram Finance Limited,Financial Services,Credit Services,1108.4000244140625,True,11287.0,True,True,Sector: Financial Services,74.75,77.58,True,49976.0,48120.0,True,ADD
LICI,Life Insurance Corporation of India,Financial Services,Insurance - Life,410.0,False,59924.0,True,False,Sector: Financial Services,-13.63,-10.25,False,991507.0,976280.0,True,EXIT
ASIANPAINT,Asian Paints Limited,Basic Materials,Specialty Chemicals,2628.39990234375,False,4621.0,False,True,Sector: Basic Materials,-1.62,2.45,False,32084.0,31227.0,True,EXIT
COALINDIA,Coal India Limited,Energy,Thermal Coal,406.8999938964844,False,18901.0,True,False,NIFTY ENERGY,-5.9,3.9,False,1549.0,1951.0,False,EXIT
POWERGRID,Power Grid Corporation of India Limited,Utilities,Utilities - Regulated Electric,268.0,False,15679.0,False,False,NIFTY ENERGY,-19.26,-9.12,False,40771.0,43343.0,False,EXIT
HINDZINC,Hindustan Zinc Limited,Basic Materials,Other Industrial Metals & Mining,558.0,False,16933.0,True,False,NIFTY METAL,-7.4,30.29,False,46622.0,40658.0,True,EXIT
TATASTEEL,Tata Steel Limited,Basic Materials,Steel,185.5,False,17077.0,False,False,NIFTY METAL,-25.44,13.45,False,145602.0,142913.0,True,EXIT
HINDALCO,Hindalco Industries Limited,Basic Materials,Aluminum,1041.5999755859375,False,13001.0,True,True,NIFTY METAL,8.99,45.59,True,118803.0,112553.0,True,HOLD
DIVISLAB,Divi's Laboratories Limited,Healthcare,Drug Manufacturers - Specialty & Generic,8588.0,True,2941.0,False,True,NIFTY PHARMA,18.5,37.89,True,11005.0,10388.0,True,HOLD
ADANIGREEN,Adani Green Energy Limited,Utilities,Utilities - Renewable,1308.0,False,519.0,False,True,NIFTY ENERGY,25.62,34.61,True,19757.0,19613.0,True,HOLD
EICHERMOT,Eicher Motors Limited,Consumer Cyclical,Auto Manufacturers,8018.5,True,5241.0,True,True,NIFTY AUTO,12.08,33.31,True,24005.0,22700.0,True,ADD
GRASIM,Grasim Industries Limited,Basic Materials,Building Materials,3278.699951171875,True,713.0,False,True,Sector: Basic Materials,8.35,12.37,True,43611.0,41039.0,True,HOLD
TENNIND,TENNIND,Consumer Cyclical,Auto Parts,550.2999877929688,False,1181.0,False,False,Sector: Consumer Cyclical,,,False,2369.0,3057.0,False,EXIT
INDIGO,InterGlobe Aviation Limited,Industrials,Airlines,5220.0,False,-5045.0,False,True,Sector: Industrials,-25.68,-15.72,False,89050.0,84962.0,True,EXIT
TVSMOTOR,TVS Motor Company Limited,Consumer Cyclical,Auto Manufacturers,4356.7998046875,True,4016.0,True,True,NIFTY AUTO,10.36,31.7,True,51085.0,47270.0,True,ADD
ADANIENSOL,Adani Energy Solutions Limited,Utilities,Utilities - Independent Power Producers,1603.0,False,464.0,False,True,NIFTY ENERGY,84.65,92.13,True,3476.0,3383.0,True,HOLD
IOC,Indian Oil Corporation Limited,Energy,Oil & Gas Refining & Marketing,137.8000030517578,False,28452.0,False,False,NIFTY ENERGY,-13.82,-3.82,False,853623.0,839472.0,True,EXIT
TORNTPHARM,Torrent Pharmaceuticals Limited,Healthcare,Drug Manufacturers - Specialty & Generic,4971.0,True,1975.0,False,True,NIFTY PHARMA,13.82,33.46,True,12964.0,10712.0,True,HOLD
WIPRO,Wipro Limited,Technology,Information Technology Services,178.05999755859375,False,11299.0,False,False,NIFTY IT,-23.51,-28.91,False,72568.0,71345.0,True,EXIT
SOLARINDS,Solar Industries India Limited,Basic Materials,Specialty Chemicals,20100.0,True,1301.0,True,True,Sector: Basic Materials,29.02,32.96,True,5848.0,5579.0,True,ADD
SBILIFE,SBI Life Insurance Company Limited,Financial Services,Insurance - Life,1778.0,False,2601.0,True,False,Sector: Financial Services,-9.41,-6.05,False,119656.0,131988.0,False,EXIT
HYUNDAI,HYUNDAI,Consumer Cyclical,Auto Manufacturers,2186.0,False,4870.0,False,True,Sector: Consumer Cyclical,-24.96,-16.58,False,68831.0,68991.0,False,EXIT
MOTHERSON,Samvardhana Motherson International Limited,Consumer Cyclical,Auto Parts,170.39999389648438,True,1789.0,False,True,NIFTY AUTO,51.4,70.01,True,13247.0,12374.0,True,HOLD
TMCV,TMCV,Consumer Cyclical,Auto Manufacturers,471.6499938964844,False,3474.0,False,False,Sector: Consumer Cyclical,,,False,81046.0,77399.0,True,EXIT
VAML,Vedanta Aluminium Metal Limited,Basic Materials,Aluminum,445.95001220703125,False,,False,False,Sector: Basic Materials,,,False,,0.0,False,EXIT
PIDILITIND,Pidilite Industries Limited,Basic Materials,Specialty Chemicals,1674.0,True,2564.0,True,True,Sector: Basic Materials,2.7,6.74,True,14258.0,13488.0,True,ADD
DLF,DLF Limited,Real Estate,Real Estate - Development,665.75,False,3775.0,True,True,NIFTY REALTY,-12.54,-14.96,False,3774.0,4482.0,False,HOLD
JIOFIN,Jio Financial Services Limited,Financial Services,Asset Management,245.8000030517578,False,715.0,True,False,Sector: Financial Services,-29.52,-26.04,False,1034.0,949.0,True,EXIT
ABB,ABB India Limited,Industrials,Specialty Industrial Machinery,7546.0,False,2988.0,True,True,NIFTY ENERGY,38.91,47.56,True,13477.0,13203.0,True,HOLD
CHOLAFIN,Cholamandalam Investment and Finance Company Limited,Financial Services,Credit Services,1868.0,True,5737.0,True,True,Sector: Financial Services,18.75,21.93,True,32570.0,31025.0,True,ADD
POWERINDIA,Hitachi Energy India Limited,Industrials,Electrical Equipment & Parts,35275.0,False,1150.0,True,True,NIFTY ENERGY,67.1,75.03,True,9162.0,8148.0,True,HOLD
TRENT,Trent Limited,Consumer Cyclical,Apparel Retail,2942.10009765625,False,2077.0,True,False,Sector: Consumer Cyclical,-56.54,-48.04,False,20586.0,19701.0,True,EXIT
TATACAP,TATACAP,Financial Services,Credit Services,363.1499938964844,False,3633.0,True,True,Sector: Financial Services,,,False,23811.0,23076.0,True,HOLD
ICICIAMC,ICICIAMC,Financial Services,Asset Management,3106.0,False,3486.0,True,False,Sector: Financial Services,,,False,6040.0,5999.0,True,EXIT
IDEA,Vodafone Idea Limited,Communication Services,Telecom Services,14.119999885559082,False,37402.0,True,True,Sector: Communication Services,114.0,98.29,True,45018.0,44715.0,True,HOLD
CUMMINSIND,Cummins India Limited,Industrials,Specialty Industrial Machinery,5350.0,False,2284.0,False,True,Sector: Industrials,27.97,37.75,True,12662.0,12143.0,True,HOLD
VBL,Varun Beverages Limited,Consumer Defensive,Beverages - Non-Alcoholic,439.29998779296875,False,2951.0,True,False,NIFTY FMCG,-6.64,-16.56,False,15696.0,14557.0,True,EXIT
BHEL,Bharat Heavy Electricals Limited,Industrials,Specialty Industrial Machinery,425.0,True,2415.0,True,True,NIFTY ENERGY,88.76,96.13,True,35993.0,33782.0,True,ADD
TECHM,Tech Mahindra Limited,Technology,Information Technology Services,1592.0,False,3819.0,False,True,NIFTY IT,13.29,4.21,True,50551.0,48927.0,True,HOLD
UNIONBANK,Union Bank of India,Financial Services,Banks - Regional,185.5,False,19914.0,True,True,NIFTY BANK,20.33,35.93,True,106276.0,105992.0,True,HOLD
SIEMENS,Siemens Limited,Industrials,Specialty Industrial Machinery,3957.0,False,3062.0,True,True,NIFTY ENERGY,13.03,22.34,True,16065.0,22025.0,False,HOLD
CGPOWER,CG Power and Industrial Solutions Limited,Industrials,Electrical Equipment & Parts,894.2000122070312,False,1394.0,True,True,NIFTY ENERGY,21.69,30.78,True,11748.0,11331.0,True,HOLD
BSE,BSE Limited,Financial Services,Financial Data & Stock Exchanges,3308.0,False,2667.0,True,True,Sector: Financial Services,27.52,30.64,True,5070.0,4801.0,True,HOLD
LTM,LTM Limited,Technology,Information Technology Services,4562.2001953125,False,4877.0,False,False,NIFTY IT,-4.33,-11.64,False,42049.0,40482.0,True,EXIT
POLYCAB,Polycab India Limited,Industrials,Electrical Equipment & Parts,9139.0,False,2806.0,True,True,Sector: Industrials,19.67,29.48,True,30479.0,28185.0,True,HOLD
BOSCHLTD,Bosch Limited,Consumer Cyclical,Auto Parts,48730.0,True,2357.0,False,True,NIFTY AUTO,-1.53,20.6,False,21088.0,20035.0,True,EXIT
BPCL,Bharat Petroleum Corporation Limited,Energy,Oil & Gas Refining & Marketing,310.29998779296875,False,13217.0,False,False,NIFTY ENERGY,-12.9,-2.92,False,493790.0,473125.0,True,EXIT
PNB,Punjab National Bank,Financial Services,Banks - Regional,116.5,False,20482.0,True,True,NIFTY BANK,-10.49,7.31,False,129157.0,128223.0,True,HOLD
BRITANNIA,Britannia Industries Limited,Consumer Defensive,Packaged Foods,5495.0,False,2640.0,True,False,NIFTY FMCG,6.2,-4.58,False,18827.0,18446.0,True,EXIT
BANKBARODA,Bank of Baroda Limited,Financial Services,Banks - Regional,244.0,False,16758.0,False,False,NIFTY BANK,-20.11,-1.63,False,129113.0,126994.0,True,EXIT
APOLLOHOSP,Apollo Hospitals Enterprise Limited,Healthcare,Medical Care Facilities,8817.0,True,1571.0,True,True,Sector: Healthcare,-3.15,9.92,False,9814.0,9794.0,True,HOLD
BAJAJHLDNG,Bajaj Holdings & Investment Limited,Financial Services,Asset Management,11254.0,False,3016.0,False,True,Sector: Financial Services,-26.54,-23.07,False,3222.0,3184.0,True,EXIT
ENRIN,Siemens Energy India Limited,Utilities,Utilities - Renewable,3593.199951171875,False,1488.0,True,True,NIFTY ENERGY,-4.32,5.44,False,9436.0,7827.0,True,HOLD
LODHA,Lodha Developers Limited,Real Estate,Real Estate - Development,1211.0999755859375,False,3325.0,True,True,NIFTY REALTY,-1.42,-4.96,False,15570.0,14542.0,True,HOLD
PFC,Power Finance Corporation Limited,Financial Services,Credit Services,374.45001220703125,False,20295.0,True,False,Sector: Financial Services,-13.48,-10.09,False,58723.0,58504.0,True,EXIT
TMPV,Tata Motors Passenger Vehicles Limited,Consumer Cyclical,Auto Manufacturers,322.79998779296875,False,82378.0,False,False,NIFTY AUTO,-81.75,-54.27,False,64356.0,73303.0,False,EXIT
TATAPOWER,The Tata Power Company Limited,Utilities,Utilities - Independent Power Producers,381.0,False,882.0,False,False,NIFTY ENERGY,-13.74,-3.74,False,13629.0,22359.0,False,EXIT
GROWW,GROWW,Financial Services,Capital Markets,193.80999755859375,False,1879.0,True,False,Sector: Financial Services,,,False,3389.0,3331.0,True,EXIT
INDIANB,Indian Bank,Financial Services,Banks - Regional,875.0,False,12456.0,True,True,Sector: Financial Services,25.74,28.87,True,69258.0,67451.0,True,HOLD
CANBK,Canara Bank,Financial Services,Banks - Regional,129.10000610351562,False,19290.0,True,False,NIFTY BANK,-1.84,15.34,False,128320.0,126366.0,True,EXIT
LGEINDIA,LGEINDIA,Technology,Consumer Electronics,1649.4000244140625,True,1825.0,False,True,Sector: Technology,,,False,25575.0,24605.0,True,EXIT
CIPLA,Cipla Limited,Healthcare,Drug Manufacturers - Specialty & Generic,1431.0999755859375,False,3074.0,False,True,NIFTY PHARMA,-33.69,-11.55,False,19011.0,19045.0,False,EXIT
HDFCLIFE,HDFC Life Insurance Company Limited,Financial Services,Insurance - Life,538.25,False,1975.0,True,False,Sector: Financial Services,-36.79,-33.25,False,103132.0,101316.0,True,EXIT
HEROMOTOCO,Hero MotoCorp Limited,Consumer Cyclical,Auto Manufacturers,5745.5,False,5597.0,True,True,NIFTY AUTO,-12.41,10.44,False,50250.0,46830.0,True,HOLD
GAIL,GAIL (India) Limited,Utilities,Utilities - Regulated Gas,173.5,False,9374.0,False,True,NIFTY ENERGY,-14.03,-4.02,False,142785.0,144250.0,False,EXIT
IRFC,Indian Railway Finance Corporation Limited,Financial Services,Credit Services,86.11000061035156,False,7191.0,True,False,Sector: Financial Services,-36.3,-32.77,False,28630.0,27285.0,True,EXIT
MUTHOOTFIN,Muthoot Finance Limited,Financial Services,Credit Services,2894.10009765625,False,10638.0,True,False,Sector: Financial Services,-0.18,3.12,False,29444.0,27558.0,True,EXIT
SBIFUNDS,SBIFUNDS,Financial Services,Asset Management,554.8499755859375,False,,False,False,Sector: Financial Services,,,False,,4970.0,False,EXIT
ZYDUSLIFE,Zydus Lifesciences Limited,Healthcare,Drug Manufacturers - Specialty & Generic,1115.5999755859375,False,3515.0,False,True,NIFTY PHARMA,-7.85,12.93,False,11768.0,15116.0,False,EXIT
MARICO,Marico Limited,Consumer Defensive,Household & Personal Products,841.5499877929688,True,1640.0,False,True,NIFTY FMCG,23.86,11.9,True,9966.0,9402.0,True,HOLD
GVT&D,GE Vernova T&D India Limited,Industrials,Specialty Industrial Machinery,4195.0,False,1305.0,True,True,NIFTY ENERGY,41.54,50.12,True,6712.0,6206.0,True,HOLD
JINDALSTEL,Jindal Steel Limited,Basic Materials,Steel,1101.5,False,2536.0,False,False,NIFTY METAL,-30.85,8.4,False,56878.0,54215.0,True,EXIT
ABCAPITAL,Aditya Birla Capital Limited,Financial Services,Financial Conglomerates,402.0,False,3327.0,True,True,Sector: Financial Services,33.49,36.58,True,18453.0,17473.0,True,HOLD
UNITDSPR,UNITDSPR,Consumer Defensive,Beverages - Wineries & Distilleries,1520.9000244140625,False,1963.0,True,True,NIFTY FMCG,26.25,14.13,True,12602.0,12448.0,True,HOLD
LLOYDSME,Lloyds Metals and Energy Limited,Basic Materials,Steel,1938.5999755859375,False,4087.0,True,True,NIFTY METAL,-1.68,35.63,False,16714.0,13681.0,True,HOLD
INDIAMART,IndiaMART InterMESH Limited,Communication Services,Internet Content & Information,1753.0999755859375,False,535.0,False,False,Sector: Communication Services,-22.69,-35.14,False,1472.0,1443.0,True,EXIT
GMRAIRPORT,GMR Airports Limited,Industrials,Airports & Air Services,101.38999938964844,False,378.0,True,True,Sector: Industrials,0.11,9.98,True,4991.0,4242.0,True,HOLD
TATACONSUM,Tata Consumer Products Limited,Consumer Defensive,Packaged Foods,1061.5999755859375,False,1635.0,True,False,NIFTY FMCG,6.41,-4.38,False,15199.0,14700.0,True,EXIT
HDFCAMC,HDFC Asset Management Company Limited,Financial Services,Asset Management,2525.0,False,2950.0,True,False,Sector: Financial Services,-18.19,-14.77,False,4249.0,4611.0,False,EXIT
LENSKART,LENSKART,Healthcare,Medical Instruments & Supplies,628.4000244140625,True,523.0,True,False,Sector: Healthcare,,,False,5605.0,5248.0,True,EXIT
VEDL,Vedanta Limited,Basic Materials,Other Industrial Metals & Mining,264.0,False,16333.0,False,False,NIFTY METAL,-84.33,-41.52,False,27299.0,70757.0,False,EXIT
MAZDOCK,Mazagon Dock Shipbuilders Limited,Industrials,Aerospace & Defense,2587.0,False,2526.0,True,True,Sector: Industrials,-18.06,-8.13,False,12985.0,12840.0,True,HOLD
AMBUJACEM,Ambuja Cements Limited,Basic Materials,Building Materials,412.3999938964844,False,3495.0,False,False,Sector: Basic Materials,-35.53,-31.33,False,24803.0,25062.0,False,EXIT
OFSS,Oracle Financial Services Software Limited,Technology,Software - Infrastructure,11623.0,False,3551.0,True,True,NIFTY IT,45.39,33.11,True,6887.0,5717.0,True,HOLD
PAYTM,One97 Communications Limited,Technology,Software - Infrastructure,1546.300048828125,False,185.0,True,True,Sector: Technology,14.6,23.53,True,5308.0,7661.0,False,HOLD
JSWENERGY,JSW Energy Limited,Utilities,Utilities - Independent Power Producers,548.0999755859375,False,885.0,False,True,NIFTY ENERGY,-7.15,2.68,False,3215.0,6302.0,False,EXIT
INDHOTEL,The Indian Hotels Company Limited,Consumer Cyclical,Lodging,719.0,False,2105.0,True,True,Sector: Consumer Cyclical,-20.54,-12.18,False,5567.0,5380.0,True,HOLD
LUPIN,Lupin Limited,Healthcare,Drug Manufacturers - Specialty & Generic,2232.0,False,6953.0,True,True,NIFTY PHARMA,-7.81,12.97,False,20976.0,19513.0,True,HOLD
INDUSTOWER,Indus Towers Limited,Communication Services,Telecom Services,372.3999938964844,False,7146.0,False,False,Sector: Communication Services,19.52,6.06,True,32867.0,32493.0,True,EXIT
ASHOKLEY,Ashok Leyland Limited,Industrials,Farm & Heavy Construction Machinery,176.35000610351562,False,3581.0,True,True,NIFTY AUTO,10.1,31.46,True,44917.0,44007.0,True,HOLD
MANKIND,Mankind Pharma Limited,Healthcare,Drug Manufacturers - Specialty & Generic,2380.0,False,2180.0,True,True,NIFTY PHARMA,-32.15,-10.09,False,10787.0,10421.0,True,HOLD
DRREDDY,Dr. Reddy's Laboratories Limited,Healthcare,Drug Manufacturers - Specialty & Generic,1178.800048828125,False,663.0,False,False,NIFTY PHARMA,-30.07,-8.12,False,17860.0,23115.0,False,EXIT
BHARATFORG,Bharat Forge Limited,Consumer Cyclical,Auto Parts,2098.89990234375,False,802.0,False,True,NIFTY AUTO,56.95,75.18,True,8638.0,8969.0,False,HOLD
MAXHEALTH,Max Healthcare Institute Limited,Healthcare,Medical Care Facilities,1014.4000244140625,False,718.0,True,False,Sector: Healthcare,-33.63,-20.28,False,2963.0,2874.0,True,EXIT
LAURUSLABS,Laurus Labs Limited,Healthcare,Drug Manufacturers - Specialty & Generic,1814.0,True,872.0,False,True,NIFTY PHARMA,86.61,102.42,True,6413.0,6089.0,True,HOLD
GODREJCP,Godrej Consumer Products Limited,Consumer Defensive,Household & Personal Products,931.0,False,1524.0,False,False,NIFTY FMCG,-18.22,-27.37,False,9773.0,9474.0,True,EXIT
NYKAA,FSN E-Commerce Ventures Limited,Consumer Cyclical,Internet Retail,320.6000061035156,False,85.0,False,True,Sector: Consumer Cyclical,34.62,42.76,True,350.0,420.0,False,HOLD
AUROPHARMA,Aurobindo Pharma Limited,Healthcare,Drug Manufacturers - Specialty & Generic,1645.0,True,2593.0,False,True,NIFTY PHARMA,30.79,49.54,True,11123.0,15824.0,False,HOLD
SHREECEM,Shree Cement Limited,Basic Materials,Building Materials,24725.0,False,1526.0,False,False,Sector: Basic Materials,-26.7,-22.53,False,19985.0,19477.0,True,EXIT
IDBI,IDBI Bank Limited,Financial Services,Banks - Regional,81.11000061035156,False,9621.0,True,False,Sector: Financial Services,-20.63,-17.2,False,29518.0,28997.0,True,EXIT
MEESHO,MEESHO,Consumer Cyclical,Internet Retail,192.9499969482422,False,1429.0,False,False,Sector: Consumer Cyclical,,,False,6442.0,9388.0,False,EXIT
RECLTD,REC Limited,Financial Services,Credit Services,338.5,False,15981.0,False,False,Sector: Financial Services,-15.89,-12.49,False,58710.0,59142.0,False,EXIT
PERSISTENT,Persistent Systems Limited,Technology,Information Technology Services,5442.5,False,1669.0,True,False,NIFTY IT,11.18,2.32,True,15288.0,14428.0,True,HOLD
NAUKRI,Info Edge (India) Limited,Communication Services,Internet Content & Information,1354.9000244140625,False,5522.0,False,True,Sector: Communication Services,7.72,-5.46,False,3140.0,3052.0,True,EXIT
FEDERALBNK,The Federal Bank Limited,Financial Services,Banks - Regional,357.79998779296875,True,4432.0,True,True,NIFTY BANK,65.03,77.43,True,28247.0,27695.0,True,ADD
DIXON,Dixon Technologies (India) Limited,Technology,Consumer Electronics,14150.0,False,1242.0,True,True,Sector: Technology,-27.05,-17.72,False,4119.0,7484.0,False,HOLD
HAVELLS,Havells India Limited,Industrials,Electrical Equipment & Parts,1299.699951171875,False,1652.0,False,False,Sector: Industrials,-28.61,-18.64,False,23538.0,22466.0,True,EXIT
ICICIGI,ICICI Lombard General Insurance Company Limited,Financial Services,Insurance - Diversified,1623.800048828125,False,2428.0,False,False,Sector: Financial Services,-22.25,-18.81,False,27687.0,26994.0,True,EXIT
BHARTIHEXA,BHARTIHEXA,Communication Services,Telecom Services,1600.4000244140625,False,1824.0,True,False,Sector: Communication Services,-0.19,-13.18,False,9601.0,9354.0,True,EXIT
AUBANK,AU Small Finance Bank Limited,Financial Services,Banks - Regional,1075.699951171875,True,2856.0,True,True,NIFTY BANK,24.53,39.83,True,19561.0,18636.0,True,ADD
POLICYBZR,PB Fintech Limited,Financial Services,Insurance Brokers,1747.0,False,442.0,True,True,Sector: Financial Services,-13.91,-10.52,False,566.0,208.0,True,HOLD
COFORGE,Coforge Limited,Technology,Information Technology Services,1773.0,False,1208.0,False,True,NIFTY IT,10.73,1.91,True,10205.0,9572.0,True,HOLD
INDUSINDBK,IndusInd Bank Limited,Financial Services,Banks - Regional,1015.0,False,1252.0,False,True,NIFTY BANK,11.01,27.28,True,45297.0,48668.0,False,HOLD
HINDPETRO,Hindustan Petroleum Corporation Limited,Energy,Oil & Gas Refining & Marketing,366.0,False,1278.0,False,False,NIFTY ENERGY,-17.75,-7.64,False,471166.0,441448.0,True,EXIT
JSWINFRA,JSW Infrastructure Limited,Industrials,Marine Shipping,328.6499938964844,False,170.0,False,True,Sector: Industrials,-4.03,5.85,False,624.0,601.0,True,EXIT
NTPCGREEN,NTPCGREEN,Utilities,Utilities - Renewable,92.16999816894531,False,394.0,False,False,NIFTY ENERGY,-24.06,-13.79,False,1977.0,2023.0,False,EXIT
NHPC,NHPC Limited,Utilities,Utilities - Renewable,76.7300033569336,False,3659.0,False,False,NIFTY ENERGY,-18.86,-8.73,False,10888.0,10328.0,True,EXIT
SRF,SRF Limited,Industrials,Conglomerates,2630.0,False,1894.0,False,False,Sector: Industrials,-21.6,-11.65,False,13182.0,12421.0,True,EXIT
WAAREEENER,WAAREEENER,Technology,Solar,2709.10009765625,False,3842.0,True,False,Sector: Technology,-26.71,-17.38,False,23842.0,20991.0,True,EXIT
LTF,L&T Finance Limited,Financial Services,Credit Services,325.1000061035156,True,3302.0,True,True,Sector: Financial Services,41.52,44.56,True,19045.0,18050.0,True,ADD
OIL,Oil India Limited,Energy,Oil & Gas Integrated,480.5,False,6512.0,False,True,NIFTY ENERGY,6.05,15.54,True,24291.0,21372.0,True,HOLD
NAM-INDIA,Nippon Life India Asset Management Limited,Financial Services,Asset Management,1170.5999755859375,True,1599.0,True,True,Sector: Financial Services,34.35,37.43,True,2685.0,2730.0,False,ADD
NMDC,NMDC Limited,Basic Materials,Steel,84.19000244140625,False,7460.0,False,True,NIFTY METAL,-20.97,17.62,False,31715.0,31554.0,True,EXIT
MCX,Multi Commodity Exchange of India Limited,Financial Services,Financial Data & Stock Exchanges,3040.0,False,1199.0,True,True,Sector: Financial Services,78.71,81.51,True,2471.0,2154.0,True,HOLD
IDFCFIRSTB,IDFC First Bank Limited,Financial Services,Banks - Regional,84.76000213623047,False,2249.0,False,True,NIFTY BANK,0.89,17.88,True,41958.0,40549.0,True,HOLD
ICICIPRULI,ICICI Prudential Life Insurance Company Limited,Financial Services,Insurance - Life,498.20001220703125,False,1684.0,True,False,Sector: Financial Services,-25.21,-21.76,False,66579.0,89679.0,False,EXIT
SWIGGY,SWIGGY,Consumer Cyclical,Internet Retail,274.0,False,-2078.0,False,False,Sector: Consumer Cyclical,-45.89,-37.43,False,9809.0,8258.0,True,EXIT
ATGL,Adani Total Gas Limited,Utilities,Utilities - Regulated Gas,647.2999877929688,False,608.0,False,True,NIFTY ENERGY,-8.61,1.26,False,6235.0,5864.0,True,EXIT
DABUR,Dabur India Limited,Consumer Defensive,Household & Personal Products,403.5,False,1536.0,True,False,NIFTY FMCG,-16.09,-25.39,False,9601.0,9383.0,True,EXIT
ASTERDM,Aster DM Quality Care Limited,Healthcare,Medical Care Facilities,818.0,False,173.0,False,True,Sector: Healthcare,16.96,29.84,True,2728.0,2616.0,True,HOLD
UNOMINDA,Uno Minda Limited,Consumer Cyclical,Auto Parts,1273.0,False,942.0,False,True,NIFTY AUTO,-24.52,-0.85,False,15339.0,14700.0,True,EXIT
YESBANK,Yes Bank Limited,Financial Services,Banks - Regional,22.459999084472656,False,3746.0,False,True,NIFTY BANK,-0.55,16.54,False,30617.0,30895.0,False,EXIT
BAJAJHFL,BAJAJHFL,Financial Services,Mortgage Finance,84.36000061035156,False,2692.0,True,False,Sector: Financial Services,-31.42,-27.92,False,11604.0,11150.0,True,EXIT
FORTIS,Fortis Healthcare Limited,Healthcare,Medical Care Facilities,916.7000122070312,False,226.0,False,False,Sector: Healthcare,-19.55,-6.32,False,1849.0,1792.0,True,EXIT
SAIL,Steel Authority of India Limited,Basic Materials,Steel,170.1999969482422,False,4184.0,False,True,NIFTY METAL,1.37,38.48,True,111134.0,110810.0,True,HOLD
APARINDS,APAR Industries Limited,Industrials,Electrical Equipment & Parts,17214.0,True,1169.0,True,True,Sector: Industrials,92.08,101.66,True,23593.0,21997.0,True,ADD
NATIONALUM,National Aluminium Company Limited,Basic Materials,Aluminum,388.0,False,6754.0,True,True,NIFTY METAL,67.75,100.43,True,19338.0,17843.0,True,HOLD
PRESTIGE,Prestige Estates Projects Limited,Real Estate,Real Estate - Diversified,1590.0,False,182.0,False,True,NIFTY REALTY,-0.51,-4.14,False,4373.0,4559.0,False,EXIT
BIOCON,Biocon Limited,Healthcare,Biotechnology,417.5,False,98.0,False,True,NIFTY PHARMA,-7.59,13.18,False,2434.0,2588.0,False,EXIT
PHOENIXLTD,The Phoenix Mills Limited,Real Estate,Real Estate - Diversified,1940.0,False,292.0,False,True,NIFTY REALTY,28.0,21.52,True,566.0,544.0,True,HOLD
OBEROIRLTY,Oberoi Realty Limited,Real Estate,Real Estate - Development,1858.0,False,2167.0,False,True,NIFTY REALTY,20.67,14.92,True,5178.0,4916.0,True,HOLD
TORNTPOWER,Torrent Power Limited,Utilities,Utilities - Independent Power Producers,1264.0999755859375,False,2477.0,False,False,NIFTY ENERGY,-10.48,-0.56,False,21732.0,21913.0,False,EXIT
BANKINDIA,Bank of India Limited,Financial Services,Banks - Regional,142.10000610351562,False,11343.0,True,False,Sector: Financial Services,18.8,21.98,True,76758.0,75161.0,True,HOLD
GLENMARK,Glenmark Pharmaceuticals Limited,Healthcare,Drug Manufacturers - Specialty & Generic,2305.0,True,205.0,False,True,NIFTY PHARMA,-4.01,16.57,False,8480.0,9226.0,False,EXIT
SUZLON,Suzlon Energy Limited,Industrials,Specialty Industrial Machinery,47.779998779296875,False,4070.0,False,False,NIFTY ENERGY,-29.97,-19.55,False,15541.0,15092.0,True,EXIT
IOB,Indian Overseas Bank,Financial Services,Banks - Regional,33.27000045776367,False,5756.0,True,False,Sector: Financial Services,-17.22,-13.81,False,33288.0,31896.0,True,EXIT
ALKEM,Alkem Laboratories Limited,Healthcare,Drug Manufacturers - Specialty & Generic,5475.0,False,2196.0,False,False,NIFTY PHARMA,-22.05,-0.52,False,9959.0,9664.0,True,EXIT
BERGEPAINT,Berger Paints India Limited,Basic Materials,Specialty Chemicals,541.2000122070312,False,1171.0,True,True,Sector: Basic Materials,-5.87,-1.79,False,10784.0,10420.0,True,HOLD
SCHAEFFLER,Schaeffler India Limited,Consumer Cyclical,Auto Parts,4073.300048828125,False,1291.0,True,True,Sector: Consumer Cyclical,-8.3,0.01,False,10192.0,9395.0,True,HOLD
KALYANKJIL,Kalyan Jewellers India Limited,Consumer Cyclical,Luxury Goods,601.5999755859375,False,1350.0,True,True,Sector: Consumer Cyclical,7.59,15.84,True,33910.0,31027.0,True,HOLD
RADICO,Radico Khaitan Limited,Consumer Defensive,Beverages - Wineries & Distilleries,4732.89990234375,True,695.0,True,True,NIFTY FMCG,77.61,62.07,True,6228.0,6037.0,True,ADD
GICRE,General Insurance Corporation of India,Financial Services,Insurance - Reinsurance,359.8999938964844,False,8562.0,True,False,Sector: Financial Services,-12.51,-9.13,False,52413.0,52468.0,False,EXIT
COROMANDEL,Coromandel International Limited,Basic Materials,Agricultural Inputs,2062.699951171875,False,1877.0,False,False,Sector: Basic Materials,-19.19,-15.05,False,31273.0,30531.0,True,EXIT
MAHABANK,Bank of Maharashtra,Financial Services,Banks - Regional,80.48999786376953,False,7447.0,True,True,Sector: Financial Services,41.85,44.89,True,30262.0,29282.0,True,HOLD
JSL,Jindal Stainless Limited,Basic Materials,Steel,732.4000244140625,False,2807.0,False,False,NIFTY METAL,-46.0,-5.74,False,43016.0,42680.0,True,EXIT
ATHERENERG,Ather Energy Limited,Consumer Cyclical,Auto Manufacturers,1465.800048828125,False,-390.0,False,True,Sector: Consumer Cyclical,231.88,239.26,True,4244.0,3672.0,True,HOLD
SBICARD,SBI Cards and Payment Services Limited,Financial Services,Credit Services,615.0,False,2275.0,False,False,Sector: Financial Services,-27.12,-23.65,False,20063.0,19901.0,True,EXIT
GODREJPROP,Godrej Properties Limited,Real Estate,Real Estate - Development,1997.4000244140625,False,353.0,False,True,NIFTY REALTY,2.53,-1.4,False,1410.0,2085.0,False,EXIT
RBLBANK,RBL Bank Limited,Financial Services,Banks - Regional,383.0,False,876.0,False,True,Sector: Financial Services,41.86,44.9,True,14735.0,14336.0,True,HOLD
APLAPOLLO,APL Apollo Tubes Limited,Basic Materials,Steel,2115.0,False,578.0,True,True,NIFTY METAL,-11.45,26.51,False,15214.0,15110.0,True,HOLD
ABBOTINDIA,Abbott India Limited,Healthcare,Drug Manufacturers - Specialty & Generic,26580.0,False,1615.0,True,False,NIFTY PHARMA,-42.67,-20.05,False,7004.0,6929.0,True,EXIT
LINDEINDIA,Linde India Limited,Basic Materials,Specialty Chemicals,6725.5,False,549.0,False,True,Sector: Basic Materials,-0.58,3.48,False,2654.0,3136.0,False,EXIT
HDBFS,HDBFS,Financial Services,Credit Services,698.1500244140625,False,2761.0,True,False,Sector: Financial Services,-17.18,-13.78,False,18902.0,18431.0,True,EXIT
MRF,MRF Limited,Consumer Cyclical,Auto Parts,133505.0,False,2346.0,False,False,Sector: Consumer Cyclical,-20.05,-11.7,False,31383.0,30652.0,True,EXIT
KEI,KEI Industries Limited,Industrials,Electrical Equipment & Parts,5790.0,True,997.0,True,True,Sector: Industrials,36.14,45.9,True,12343.0,11748.0,True,ADD
MOTILALOFS,Motilal Oswal Financial Services Limited,Financial Services,Capital Markets,938.0,False,1055.0,False,True,Sector: Financial Services,-5.3,-1.97,False,5030.0,5359.0,False,EXIT
M&MFIN,Mahindra & Mahindra Financial Services Limited,Financial Services,Credit Services,386.20001220703125,False,3151.0,True,True,Sector: Financial Services,41.05,44.1,True,18998.0,18458.0,True,HOLD
COLPAL,Colgate-Palmolive (India) Limited,Consumer Defensive,Household & Personal Products,1903.0,False,1348.0,False,False,NIFTY FMCG,-8.27,-18.08,False,6204.0,6040.0,True,EXIT
TIINDIA,Tube Investments of India Limited,Industrials,Conglomerates,2959.0,False,818.0,False,True,NIFTY AUTO,-32.57,-8.37,False,8916.0,8556.0,True,EXIT
MFSL,Max Financial Services Limited,Financial Services,Insurance - Life,1584.5,False,9.15,False,False,Sector: Financial Services,-9.28,-5.92,False,25.85,581.83,False,EXIT
FACT,The Fertilisers and Chemicals Travancore Limited,Basic Materials,Agricultural Inputs,794.8499755859375,False,-106.0,False,False,Sector: Basic Materials,-27.24,-23.07,False,5934.0,6198.0,False,EXIT
FLUOROCHEM,Gujarat Fluorochemicals Limited,Basic Materials,Specialty Chemicals,4674.7998046875,True,694.0,False,True,Sector: Basic Materials,32.13,36.05,True,4670.0,5622.0,False,HOLD
BDL,Bharat Dynamics Limited,Industrials,Aerospace & Defense,1393.0,False,521.0,False,True,Sector: Industrials,-24.62,-14.66,False,2766.0,4887.0,False,EXIT
HINDCOPPER,Hindustan Copper Limited,Basic Materials,Copper,566.3499755859375,False,1139.0,True,True,NIFTY METAL,104.74,134.96,True,3498.0,3078.0,True,HOLD
ANTHEM,ANTHEM,Healthcare,Biotechnology,891.0499877929688,True,624.0,False,True,Sector: Healthcare,-8.44,4.68,False,1935.0,2089.0,False,EXIT
SONACOMS,Sona BLW Precision Forgings Limited,Consumer Cyclical,Auto Parts,824.0,True,746.0,True,True,NIFTY AUTO,61.66,79.58,True,4514.0,4124.0,True,ADD
WELCORP,Welspun Corp Limited,Basic Materials,Steel,1917.0999755859375,True,875.0,False,True,NIFTY METAL,80.94,112.74,True,8038.0,9082.0,False,HOLD
VMM,VMM,Consumer Cyclical,Department Stores,103.70999908447266,False,653.0,False,False,Sector: Consumer Cyclical,-39.83,-31.4,False,6849.0,6631.0,True,EXIT
SUNDARMFIN,Sundaram Finance Limited,Financial Services,Credit Services,4619.60009765625,False,1927.0,True,False,Sector: Financial Services,-17.15,-13.74,False,7876.0,7722.0,True,EXIT
GLAND,Gland Pharma Limited,Healthcare,Drug Manufacturers - Specialty & Generic,2858.60009765625,False,1395.0,True,True,NIFTY PHARMA,27.14,46.08,True,4800.0,4552.0,True,HOLD
TATACOMM,Tata Communications Limited,Communication Services,Telecom Services,1689.800048828125,False,762.0,False,False,Sector: Communication Services,14.21,0.88,True,7391.0,7992.0,False,EXIT
MPHASIS,Mphasis Limited,Technology,Information Technology Services,2432.0,False,1563.0,True,False,NIFTY IT,-6.38,-13.49,False,9931.0,9467.0,True,EXIT
360ONE,360 One Wam Limited,Financial Services,Asset Management,1163.5999755859375,False,367.0,False,True,Sector: Financial Services,1.64,4.93,True,256.0,934.0,False,HOLD
AIIL,Authum Investment & Infrastructure Limited,Financial Services,Capital Markets,553.25,False,2093.0,False,True,Sector: Financial Services,-12.07,-8.69,False,2758.0,4568.0,False,EXIT
UPL,UPL Limited,Basic Materials,Agricultural Inputs,560.0499877929688,False,752.0,False,False,Sector: Basic Materials,-26.43,-22.27,False,5485.0,16449.0,False,EXIT
RVNL,Rail Vikas Nigam Limited,Industrials,Engineering & Construction,225.0,False,828.0,False,False,Sector: Industrials,-42.36,-32.35,False,20390.0,21733.0,False,EXIT
PIRAMALFIN,Piramal Finance Limited,Financial Services,Credit Services,2060.5,False,1717.0,False,False,Sector: Financial Services,,,False,13909.0,13207.0,True,EXIT
PREMIERENE,PREMIERENE,Technology,Solar,1014.7000122070312,False,148.0,True,True,Sector: Technology,-12.74,-3.54,False,783.0,1050.0,False,HOLD
AJANTPHARM,Ajanta Pharma Limited,Healthcare,Drug Manufacturers - Specialty & Generic,3706.39990234375,True,1007.0,True,True,NIFTY PHARMA,16.63,36.12,True,5126.0,4846.0,True,ADD
BALKRISIND,Balkrishna Industries Limited,Consumer Cyclical,Auto Parts,2376.699951171875,False,1367.0,False,True,Sector: Consumer Cyclical,-10.95,-2.63,False,11504.0,10820.0,True,EXIT
THERMAX,Thermax Limited,Industrials,Conglomerates,4079.89990234375,False,584.0,False,True,NIFTY ENERGY,14.6,23.88,True,6639.0,6518.0,True,HOLD
GLAXO,GlaxoSmithKline Pharmaceuticals Limited,Healthcare,Drug Manufacturers - General,2877.39990234375,False,1060.0,False,True,Sector: Healthcare,-12.08,1.08,False,3910.0,3790.0,True,EXIT
SUPREMEIND,The Supreme Industries Limited,Industrials,Building Products & Equipment,3604.0,False,942.0,False,False,Sector: Industrials,-33.7,-23.71,False,11326.0,11218.0,True,EXIT
AEGISLOG,AEGISLOG,Energy,Oil & Gas Refining & Marketing,1367.699951171875,True,1269.0,True,True,NIFTY ENERGY,75.4,83.11,True,4724.0,4492.0,True,ADD
IPCALAB,Ipca Laboratories Limited,Healthcare,Drug Manufacturers - Specialty & Generic,1882.0999755859375,True,1244.0,True,True,NIFTY PHARMA,11.69,31.45,True,7709.0,7289.0,True,ADD
VOLTAS,Voltas Limited,Consumer Cyclical,"Furnishings, Fixtures & Appliances",1252.9000244140625,False,418.0,False,False,Sector: Consumer Cyclical,-17.89,-9.54,False,11457.0,11296.0,True,EXIT
POONAWALLA,Poonawalla Fincorp Limited,Financial Services,Credit Services,497.8999938964844,False,787.0,False,True,Sector: Financial Services,1.28,4.57,True,7806.0,6790.0,True,HOLD
PETRONET,Petronet LNG Limited,Energy,Oil & Gas Refining & Marketing,286.25,False,4125.0,True,True,NIFTY ENERGY,-10.15,-0.24,False,37169.0,59899.0,False,HOLD
NAVINFLUOR,Navin Fluorine International Limited,Basic Materials,Chemicals,8255.0,True,566.0,True,True,Sector: Basic Materials,58.47,62.29,True,2454.0,2302.0,True,ADD
GODREJIND,Godrej Industries Limited,Industrials,Conglomerates,1229.9000244140625,False,86.0,False,True,Sector: Industrials,-15.87,-5.95,False,5080.0,4809.0,True,EXIT
INDOMIM,INDOMIM,Industrials,Metal Fabrication,952.75,True,,False,False,Sector: Industrials,,,False,,2795.0,False,EXIT
AIAENG,AIA Engineering Limited,Industrials,Specialty Industrial Machinery,4447.60009765625,False,1296.0,True,True,Sector: Industrials,31.02,40.79,True,3820.0,4144.0,False,HOLD
ASTRAL,Astral Limited,Industrials,Building Products & Equipment,1520.0,False,650.0,True,True,Sector: Industrials,-3.36,6.52,False,6068.0,5908.0,True,HOLD
CPPLUS,CPPLUS,Industrials,Building Products & Equipment,3342.0,False,450.0,True,True,Sector: Industrials,134.87,144.31,True,4847.0,4179.0,True,HOLD
JKCEMENT,J.K. Cement Limited,Basic Materials,Building Materials,5375.5,False,992.0,False,False,Sector: Basic Materials,-34.32,-30.12,False,13621.0,12945.0,True,EXIT
PAGEIND,Page Industries Limited,Consumer Cyclical,Apparel Manufacturing,36425.0,False,756.0,False,False,Sector: Consumer Cyclical,-28.4,-20.01,False,5351.0,5247.0,True,EXIT
ENDURANCE,Endurance Technologies Limited,Consumer Cyclical,Auto Parts,3018.300048828125,True,763.0,True,True,Sector: Consumer Cyclical,-5.02,3.27,False,11488.0,10640.0,True,HOLD
EXIDEIND,Exide Industries Limited,Consumer Cyclical,Auto Parts,465.25,False,1198.0,False,True,NIFTY AUTO,-4.99,17.37,False,18064.0,17269.0,True,EXIT
CONCOR,Container Corporation of India Limited,Industrials,Railroads,518.25,False,1242.0,False,True,Sector: Industrials,-17.27,-7.34,False,9064.0,9059.0,True,EXIT
3MINDIA,3M India Limited,Industrials,Conglomerates,34945.0,False,578.0,False,True,Sector: Industrials,0.85,10.72,True,5317.0,5090.0,True,HOLD
IRCTC,Indian Railway Catering & Tourism Corporation Limited,Consumer Cyclical,Travel Services,493.04998779296875,False,1393.0,True,False,Sector: Consumer Cyclical,-41.49,-33.05,False,5425.0,5215.0,True,EXIT
CUPID,Cupid Limited,Consumer Defensive,Household & Personal Products,284.0299987792969,True,137.0,True,True,Sector: Consumer Defensive,722.99,724.53,True,484.0,391.0,True,ADD
HSCL,Himadri Speciality Chemical Limited,Basic Materials,Specialty Chemicals,781.7999877929688,True,791.0,True,True,Sector: Basic Materials,58.77,62.58,True,4579.0,4596.0,False,ADD
COCHINSHIP,Cochin Shipyard Limited,Industrials,Aerospace & Defense,1485.0999755859375,False,591.0,False,False,Sector: Industrials,-25.12,-15.16,False,4240.0,4528.0,False,EXIT
PATANJALI,Patanjali Foods Limited,Consumer Defensive,Packaged Foods,351.6499938964844,False,1970.0,False,False,NIFTY FMCG,-34.85,-42.89,False,42754.0,40170.0,True,EXIT
MEDANTA,Global Health Limited,Healthcare,Medical Care Facilities,1442.699951171875,True,482.0,False,True,Sector: Healthcare,-10.74,2.4,False,3906.0,3709.0,True,EXIT
NLCINDIA,NLC India Limited,Utilities,Utilities - Regulated Electric,276.6499938964844,False,2531.0,True,False,NIFTY ENERGY,5.99,15.49,True,11240.0,12955.0,False,HOLD
HUDCO,Housing and Urban Development Corporation Limited,Financial Services,Credit Services,188.00999450683594,False,4255.0,True,False,Sector: Financial Services,-16.67,-13.26,False,13930.0,13294.0,True,EXIT
KPRMILL,K.P.R. Mill Limited,Consumer Cyclical,Textile Manufacturing,1123.5,False,650.0,False,True,Sector: Consumer Cyclical,0.87,9.14,True,4411.0,4740.0,False,HOLD
PIIND,PI Industries Limited,Basic Materials,Agricultural Inputs,2515.0,False,1312.0,False,False,Sector: Basic Materials,-40.66,-36.43,False,6012.0,7571.0,False,EXIT
NH,Narayana Hrudayalaya Limited,Healthcare,Medical Care Facilities,1803.0,False,554.0,True,False,Sector: Healthcare,-15.66,-2.47,False,4129.0,3975.0,True,EXIT
LTTS,L&T Technology Services Limited,Technology,Information Technology Services,3509.89990234375,False,1231.0,False,False,Sector: Technology,-28.51,-19.16,False,9747.0,9207.0,True,EXIT
EMCURE,EMCURE,Healthcare,Drug Manufacturers - Specialty & Generic,1874.5,False,810.0,True,True,Sector: Healthcare,10.23,23.17,True,5598.0,5243.0,True,HOLD
UBL,United Breweries Limited,Consumer Defensive,Beverages - Brewers,1355.5,False,396.0,False,False,NIFTY FMCG,-21.48,-30.41,False,9435.0,9233.0,True,EXIT
ANANDRATHI,Anand Rathi Wealth Limited,Financial Services,Asset Management,2194.800048828125,True,462.0,True,True,Sector: Financial Services,51.1,54.08,True,1156.0,1208.0,False,ADD
TATATECH,Tata Technologies Limited,Technology,Information Technology Services,835.7999877929688,False,540.0,False,True,Sector: Technology,11.77,20.73,True,3267.0,3126.0,True,HOLD
HEXT,Hexaware Technologies Limited,Technology,Information Technology Services,552.75,False,785.0,True,False,Sector: Technology,-41.53,-32.06,False,7870.0,7389.0,True,EXIT
DALBHARAT,Dalmia Bharat Limited,Basic Materials,Building Materials,1837.0999755859375,False,130.0,False,False,Sector: Basic Materials,-27.09,-22.92,False,394.0,361.0,True,EXIT
DELHIVERY,Delhivery Limited,Industrials,Integrated Freight & Logistics,451.79998779296875,False,293.0,False,True,Sector: Industrials,-15.06,-5.14,False,10416.0,9847.0,True,EXIT
STARHEALTH,Star Health and Allied Insurance Company Limited,Financial Services,Insurance - Life,583.9000244140625,False,844.0,False,True,Sector: Financial Services,26.25,29.38,True,19114.0,17825.0,True,HOLD
ITCHOTELS,ITCHOTELS,Consumer Cyclical,Resorts & Casinos,164.42999267578125,False,857.0,True,False,Sector: Consumer Cyclical,-43.28,-34.84,False,3648.0,3583.0,True,EXIT
ESCORTS,Escorts Kubota Limited,Industrials,Farm & Heavy Construction Machinery,3062.10009765625,False,1396.0,False,False,Sector: Industrials,-24.92,-14.97,False,12168.0,11473.0,True,EXIT
HFCL,HFCL Limited,Technology,Communication Equipment,230.02999877929688,True,474.0,True,True,Sector: Technology,197.0,204.18,True,5346.0,4528.0,True,ADD
TATAINVEST,Tata Investment Corporation Limited,Financial Services,Asset Management,647.2000122070312,False,375.0,True,False,Sector: Financial Services,-10.66,-7.3,False,459.0,426.0,True,EXIT
GODFRYPHLP,Godfrey Phillips India Limited,Consumer Defensive,Tobacco,2102.300048828125,False,1320.0,False,False,Sector: Consumer Defensive,-56.4,-44.03,False,6110.0,6389.0,False,EXIT
PWL,Physicswallah Limited,Consumer Defensive,Education & Training Services,122.05000305175781,False,31.0,False,False,Sector: Consumer Defensive,,,False,3478.0,3245.0,True,EXIT
STLTECH,Sterlite Technologies Limited,Technology,Communication Equipment,646.0,True,125.0,False,True,Sector: Technology,362.53,368.12,True,2832.0,5356.0,False,HOLD
JUBLFOOD,Jubilant FoodWorks Limited,Consumer Cyclical,Restaurants,500.54998779296875,False,230.0,False,True,Sector: Consumer Cyclical,-29.29,-20.9,False,7021.0,6856.0,True,EXIT
HONAUT,Honeywell Automation India Limited,Industrials,Electrical Equipment & Parts,36400.0,False,551.0,True,True,Sector: Industrials,-16.02,-6.1,False,4703.0,4682.0,True,HOLD
MANAPPURAM,Manappuram Finance Limited,Financial Services,Credit Services,346.6000061035156,False,1684.0,False,True,Sector: Financial Services,24.76,27.9,True,8439.0,7643.0,True,HOLD
SCHNEIDER,Schneider Electric Infrastructure Limited,Industrials,Electrical Equipment & Parts,1274.4000244140625,False,184.0,False,True,Sector: Industrials,34.68,44.44,True,2920.0,2891.0,True,HOLD
CRISIL,CRISIL Limited,Financial Services,Financial Data & Stock Exchanges,4442.5,False,571.0,False,True,Sector: Financial Services,-22.22,-18.78,False,1959.0,1796.0,True,EXIT
IREDA,Indian Renewable Energy Development Agency Limited,Financial Services,Credit Services,115.2699966430664,False,1964.0,True,False,Sector: Financial Services,-26.42,-22.95,False,8610.0,8309.0,True,EXIT
UCOBANK,UCO Bank,Financial Services,Banks - Regional,25.899999618530273,False,2817.0,True,False,Sector: Financial Services,-15.62,-12.22,False,26841.0,26281.0,True,EXIT
KIMS,Krishna Institute of Medical Sciences Limited,Healthcare,Medical Care Facilities,805.5,False,268.0,False,True,Sector: Healthcare,-9.83,3.3,False,1812.0,1702.0,True,EXIT
KARURVYSYA,The Karur Vysya Bank Limited,Financial Services,Banks - Regional,333.8999938964844,True,2745.0,True,True,Sector: Financial Services,47.42,50.42,True,11555.0,11074.0,True,ADD
LALPATHLAB,Dr. Lal PathLabs Limited,Healthcare,Diagnostics & Research,1901.4000244140625,False,545.0,True,True,Sector: Healthcare,-4.31,8.77,False,2771.0,2648.0,True,HOLD
RRKABEL,R R Kabel Limited,Industrials,Electrical Equipment & Parts,2784.89990234375,True,601.0,True,True,Sector: Industrials,117.59,127.09,True,10832.0,9722.0,True,ADD
WOCKPHARMA,Wockhardt Limited,Healthcare,Drug Manufacturers - Specialty & Generic,1859.9000244140625,False,356.0,False,True,NIFTY PHARMA,4.41,24.54,True,1887.0,2477.0,False,HOLD
BLUESTARCO,Blue Star Limited,Industrials,Building Products & Equipment,1493.0,False,346.0,False,False,Sector: Industrials,-33.21,-23.23,False,12131.0,11779.0,True,EXIT
IKS,IKS,Healthcare,Health Information Services,1861.5999755859375,False,616.0,True,True,Sector: Healthcare,2.9,15.91,True,1647.0,1491.0,True,HOLD
SAILIFE,SAILIFE,Healthcare,Diagnostics & Research,1440.0999755859375,True,354.0,True,True,Sector: Healthcare,41.46,54.11,True,2217.0,2153.0,True,ADD
KIRLOSENG,Kirloskar Oil Engines Limited,Industrials,Specialty Industrial Machinery,2125.699951171875,False,437.0,False,True,Sector: Industrials,110.18,119.7,True,5991.0,5647.0,True,HOLD
NUVAMA,Nuvama Wealth Management Limited,Financial Services,Asset Management,1746.800048828125,False,600.0,True,True,Sector: Financial Services,20.53,23.7,True,1188.0,1354.0,False,HOLD
ZFCVINDIA,ZF Commercial Vehicle Control Systems India Limited,Consumer Cyclical,Auto Parts,2672.699951171875,False,486.0,False,True,Sector: Consumer Cyclical,-0.01,8.26,False,4134.0,4055.0,True,EXIT
GRSE,Garden Reach Shipbuilders & Engineers Limited,Industrials,Aerospace & Defense,2677.0,False,801.0,True,True,Sector: Industrials,-11.16,-1.25,False,7507.0,7002.0,True,HOLD
CHOLAHLDNG,Cholamandalam Financial Holdings Limited,Financial Services,Credit Services,1563.300048828125,False,73.0,False,False,Sector: Financial Services,-23.42,-19.98,False,90.0,4769.0,False,EXIT
PNBHOUSING,PNB Housing Finance Limited,Financial Services,Mortgage Finance,1145.800048828125,False,2351.0,True,True,Sector: Financial Services,36.24,39.31,True,8700.0,8500.0,True,HOLD
NEULANDLAB,Neuland Laboratories Limited,Healthcare,Drug Manufacturers - Specialty & Generic,23370.0,True,497.0,True,True,Sector: Healthcare,56.44,68.95,True,2372.0,2023.0,True,ADD
MRPL,Mangalore Refinery and Petrochemicals Limited,Energy,Oil & Gas Refining & Marketing,177.44000244140625,False,3118.0,False,True,Sector: Energy,14.51,38.7,True,109564.0,109026.0,True,HOLD
AEGISVOPAK,AEGISVOPAK,Energy,Oil & Gas Equipment & Services,274.79998779296875,False,281.0,True,True,Sector: Energy,-19.11,6.95,False,682.0,642.0,True,HOLD
NIACL,The New India Assurance Company Limited,Financial Services,Insurance - Diversified,184.0800018310547,False,736.0,False,True,Sector: Financial Services,-12.24,-8.86,False,49759.0,49561.0,True,EXIT
ABSLAMC,Aditya Birla Sun Life AMC Limited,Financial Services,Asset Management,1013.2999877929688,False,1020.0,True,True,Sector: Financial Services,9.09,12.33,True,1844.0,2041.0,False,HOLD
PTCIL,PTC Industries Limited,Industrials,Metal Fabrication,19791.0,True,30.0,False,True,Sector: Industrials,38.38,48.13,True,352.0,290.0,True,HOLD
NETWEB,Netweb Technologies India Limited,Technology,Computer Hardware,5354.5,True,261.0,True,True,Sector: Technology,121.23,129.14,True,2702.0,2184.0,True,ADD
CENTRALBK,Central Bank of India,Financial Services,Banks - Regional,31.020000457763672,False,4524.0,True,False,Sector: Financial Services,-19.5,-16.08,False,37128.0,36026.0,True,EXIT
TVSHLTD,TVS Holdings Limited,Consumer Cyclical,Auto Parts,14096.0,False,319.0,False,False,Sector: Consumer Cyclical,4.1,12.36,True,554.0,2198.0,False,EXIT
SYRMA,Syrma SGS Technology Limited,Technology,Electronic Components,1500.0999755859375,True,334.0,True,True,Sector: Technology,91.48,99.68,True,4902.0,4367.0,True,ADD
SUMICHEM,Sumitomo Chemical India Limited,Basic Materials,Agricultural Inputs,563.0999755859375,False,580.0,True,True,Sector: Basic Materials,-11.37,-7.27,False,3192.0,3511.0,False,HOLD
BANDHANBNK,Bandhan Bank Limited,Financial Services,Banks - Regional,170.5,False,1353.0,False,False,Sector: Financial Services,-6.78,-3.44,False,21844.0,21948.0,False,EXIT
CDSL,Central Depository Services (India) Limited,Financial Services,Capital Markets,1340.5999755859375,False,461.0,False,False,Sector: Financial Services,-19.17,-15.74,False,985.0,960.0,True,EXIT
APOLLOTYRE,Apollo Tyres Limited,Consumer Cyclical,Auto Parts,436.0,False,1934.0,True,False,Sector: Consumer Cyclical,-16.31,-7.97,False,20553.0,19816.0,True,EXIT
SHYAMMETL,Shyam Metalics and Energy Limited,Basic Materials,Steel,990.5999755859375,False,524.0,False,True,Sector: Basic Materials,-3.19,0.88,False,6829.0,6993.0,False,EXIT
LICHSGFIN,LIC Housing Finance Limited,Financial Services,Mortgage Finance,498.79998779296875,False,5724.0,True,False,Sector: Financial Services,-18.86,-15.44,False,28486.0,28771.0,False,EXIT
PPLPHARMA,Piramal Pharma Limited,Healthcare,Drug Manufacturers - Specialty & Generic,210.52999877929688,False,700.0,True,True,NIFTY PHARMA,-14.13,6.98,False,4937.0,5286.0,False,HOLD
PGHH,Procter & Gamble Hygiene and Health Care Limited,Consumer Defensive,Household & Personal Products,8317.0,False,791.0,False,False,Sector: Consumer Defensive,-51.48,-39.17,False,4245.0,4290.0,False,EXIT
IIFL,IIFL Finance Limited,Financial Services,Credit Services,622.3499755859375,False,1488.0,True,True,Sector: Financial Services,28.97,32.09,True,8342.0,7464.0,True,HOLD
CRAFTSMAN,Craftsman Automation Limited,Consumer Cyclical,Auto Parts,10890.5,True,276.0,True,True,Sector: Consumer Cyclical,48.35,56.44,True,5258.0,4818.0,True,ADD
MSUMI,Motherson Sumi Wiring India Limited,Consumer Cyclical,Auto Parts,40.31999969482422,False,627.0,False,False,Sector: Consumer Cyclical,-15.71,-7.37,False,12391.0,11478.0,True,EXIT
RUBICON,RUBICON,Healthcare,Drug Manufacturers - General,1804.0999755859375,True,235.0,True,True,Sector: Healthcare,,,False,1456.0,1306.0,True,HOLD
ITI,ITI Limited,Technology,Communication Equipment,280.3500061035156,False,324.0,True,False,Sector: Technology,-16.45,-7.22,False,2111.0,3616.0,False,EXIT
GUJENERGY,Gujarat Energy Limited,Utilities,Utilities - Regulated Gas,269.3999938964844,False,2065.0,False,False,Sector: Utilities,-16.24,-37.88,False,22648.0,23388.0,False,EXIT
ACUTAAS,Acutaas Chemicals Limited,Basic Materials,Specialty Chemicals,3391.39990234375,False,397.0,True,True,Sector: Basic Materials,133.24,136.75,True,1440.0,1324.0,True,HOLD
ACMESOLAR,ACME Solar Holdings Limited,Utilities,Utilities - Renewable,371.75,False,461.0,True,True,Sector: Utilities,53.9,26.41,True,5895.0,3911.0,True,HOLD
SJVN,SJVN Limited,Utilities,Utilities - Renewable,66.29000091552734,False,996.0,False,False,NIFTY ENERGY,-45.37,-34.56,False,3481.0,3545.0,False,EXIT
ANGELONE,Angel One Limited,Financial Services,Capital Markets,291.75,False,1160.0,False,True,Sector: Financial Services,3.17,6.45,True,5347.0,5175.0,True,HOLD
REDINGTON,Redington Limited,Technology,Information Technology Services,326.29998779296875,False,1365.0,False,True,Sector: Technology,24.78,33.61,True,71797.0,63801.0,True,HOLD
GABRIEL,Gabriel India Limited,Consumer Cyclical,Auto Parts,1467.5999755859375,False,268.0,True,True,Sector: Consumer Cyclical,12.65,20.88,True,4622.0,4233.0,True,HOLD
METROBRAND,Metro Brands Limited,Consumer Cyclical,Apparel Retail,928.5999755859375,False,395.0,False,False,Sector: Consumer Cyclical,-28.5,-20.11,False,2884.0,2797.0,True,EXIT
SUNDRMFAST,Sundram Fasteners Limited,Consumer Cyclical,Auto Parts,1228.300048828125,False,593.0,True,True,Sector: Consumer Cyclical,11.92,20.15,True,5807.0,5542.0,True,HOLD
AMBER,Amber Enterprises India Limited,Consumer Cyclical,"Furnishings, Fixtures & Appliances",7350.0,False,144.0,False,True,Sector: Consumer Cyclical,-10.93,-2.61,False,8163.0,7967.0,True,EXIT
DATAPATTNS,Data Patterns (India) Limited,Industrials,Aerospace & Defense,4737.2001953125,True,268.0,False,True,Sector: Industrials,71.14,80.78,True,941.0,925.0,True,HOLD
CREDITACC,CreditAccess Grameen Limited,Financial Services,Credit Services,1524.5999755859375,False,1211.0,False,True,Sector: Financial Services,5.32,8.59,True,6380.0,6059.0,True,HOLD
AWL,AWL Agri Business Limited,Consumer Defensive,Packaged Foods,190.0399932861328,False,1089.0,False,False,Sector: Consumer Defensive,-39.47,-27.33,False,74732.0,72308.0,True,EXIT
ACC,ACC Limited,Basic Materials,Building Materials,1303.800048828125,False,2050.0,False,False,Sector: Basic Materials,-34.96,-30.76,False,25226.0,25766.0,False,EXIT
GILLETTE,Gillette India Limited,Consumer Defensive,Household & Personal Products,7517.5,False,668.0,True,False,Sector: Consumer Defensive,-41.64,-29.47,False,3176.0,3100.0,True,EXIT
BELRISE,BELRISE,Consumer Cyclical,Auto Parts,236.72999572753906,False,490.0,True,True,Sector: Consumer Cyclical,43.72,51.83,True,7819.0,7528.0,True,HOLD
TIMKEN,Timken India Limited,Industrials,Tools & Accessories,3299.5,False,409.0,False,True,Sector: Industrials,-1.38,8.5,False,3540.0,3419.0,True,EXIT
KAYNES,Kaynes Technology India Limited,Technology,Electronic Components,3644.10009765625,False,277.0,True,False,Sector: Technology,-52.86,-43.28,False,2230.0,2128.0,True,EXIT
SANSERA,Sansera Engineering Limited,Consumer Cyclical,Auto Parts,4003.199951171875,True,324.0,True,True,Sector: Consumer Cyclical,188.57,196.12,True,3341.0,3098.0,True,ADD
FORCEMOT,Force Motors Limited,Consumer Cyclical,Auto Manufacturers,18200.0,False,1238.0,True,False,Sector: Consumer Cyclical,-24.83,-16.46,False,9199.0,9057.0,True,EXIT
NBCC,NBCC (India) Limited,Industrials,Engineering & Construction,88.0,False,740.0,True,False,Sector: Industrials,-27.18,-17.21,False,9922.0,9755.0,True,EXIT
GODIGIT,GODIGIT,Financial Services,Insurance - Property & Casualty,255.75,False,492.0,False,False,Sector: Financial Services,-36.27,-32.74,False,10196.0,10005.0,True,EXIT
GRINDWELL,Grindwell Norton Limited,Industrials,Building Products & Equipment,2101.300048828125,False,434.0,True,True,Sector: Industrials,26.52,36.31,True,3126.0,3026.0,True,HOLD
ASAHIINDIA,Asahi India Glass Limited,Consumer Cyclical,Auto Parts,962.7999877929688,False,428.0,True,True,Sector: Consumer Cyclical,-0.65,7.63,False,4853.0,4676.0,True,HOLD
KIOCL,KIOCL Limited,Basic Materials,Steel,384.0,False,39.0,False,True,Sector: Basic Materials,-18.18,-14.05,False,681.0,3006.0,False,EXIT
TATAELXSI,Tata Elxsi Limited,Technology,Software - Application,3662.0,False,655.0,False,False,Sector: Technology,-45.49,-35.98,False,3886.0,3757.0,True,EXIT
DEEPAKNTR,Deepak Nitrite Limited,Basic Materials,Chemicals,1771.0,False,223.0,False,True,Sector: Basic Materials,-7.4,-3.31,False,2834.0,3034.0,False,EXIT
AFFLE,Affle 3i Limited,Communication Services,Advertising Agencies,1711.300048828125,False,145.0,True,True,Sector: Communication Services,-1.07,-14.04,False,905.0,864.0,True,HOLD
IRB,IRB Infrastructure Developers Limited,Industrials,Infrastructure Operations,19.030000686645508,False,1126.0,False,False,Sector: Industrials,-26.41,-16.45,False,4563.0,5063.0,False,EXIT
TDPOWERSYS,TD Power Systems Limited,Industrials,Specialty Industrial Machinery,1586.5999755859375,True,255.0,True,True,Sector: Industrials,194.0,203.25,True,1987.0,1717.0,True,ADD
KPIL,Kalpataru Projects International Limited,Industrials,Engineering & Construction,1403.5,True,896.0,True,True,Sector: Industrials,-3.3,6.58,False,23652.0,23210.0,True,HOLD
ANANTRAJ,Anant Raj Limited,Real Estate,Real Estate - Development,627.0499877929688,False,308.0,True,True,NIFTY REALTY,17.55,12.11,True,1535.0,1492.0,True,HOLD
CEMPRO,Cemindia Projects Limited,Industrials,Engineering & Construction,1324.0,False,594.0,True,True,Sector: Industrials,55.64,65.34,True,10060.0,9983.0,True,HOLD
PFIZER,Pfizer Limited,Healthcare,Drug Manufacturers - General,4799.2998046875,False,735.0,False,False,Sector: Healthcare,-31.01,-17.68,False,2570.0,2611.0,False,EXIT
EMMVEE,EMMVEE,Technology,Solar,317.70001220703125,False,102.0,False,False,Sector: Technology,,,False,846.0,1763.0,False,EXIT
CESC,CESC Limited,Utilities,Utilities - Regulated Electric,167.97999572753906,False,861.0,False,True,NIFTY ENERGY,-9.27,0.62,False,9853.0,9732.0,True,EXIT
DIACABS,Diamond Power Infrastructure Limited,Industrials,Specialty Industrial Machinery,367.95001220703125,False,182.0,True,True,Sector: Industrials,131.36,140.81,True,2348.0,2674.0,False,HOLD
CARBORUNIV,Carborundum Universal Limited,Industrials,Conglomerates,1126.0,False,359.0,False,True,Sector: Industrials,2.42,12.29,True,3211.0,3063.0,True,HOLD
HATSUN,Hatsun Agro Product Limited,Consumer Defensive,Packaged Foods,985.3499755859375,False,365.0,True,True,Sector: Consumer Defensive,-5.31,6.35,False,10413.0,9959.0,True,HOLD
AADHARHFC,AADHARHFC,Financial Services,Mortgage Finance,487.3999938964844,False,1140.0,True,False,Sector: Financial Services,-11.35,-7.98,False,3817.0,3683.0,True,EXIT
CGCL,Capri Global Capital Limited,Financial Services,Credit Services,225.5399932861328,False,989.0,True,True,Sector: Financial Services,13.86,17.07,True,4114.0,3645.0,True,HOLD
MTARTECH,MTAR Technologies Limited,Industrials,Specialty Industrial Machinery,7132.0,False,135.0,True,True,Sector: Industrials,352.92,361.66,True,1080.0,876.0,True,HOLD
AETHER,Aether Industries Limited,Basic Materials,Specialty Chemicals,1633.5999755859375,True,182.0,True,True,Sector: Basic Materials,106.75,110.38,True,981.0,940.0,True,ADD
RAMCOCEM,The Ramco Cements Limited,Basic Materials,Building Materials,909.7999877929688,False,639.0,False,False,Sector: Basic Materials,-22.8,-18.65,False,9211.0,9350.0,False,EXIT
GRANULES,Granules India Limited,Healthcare,Drug Manufacturers - Specialty & Generic,851.2000122070312,False,403.0,False,True,Sector: Healthcare,72.71,85.06,True,3466.0,3931.0,False,HOLD
URBANCO,Urban Company Limited,Technology,Software - Application,144.97000122070312,False,-305.0,False,True,Sector: Technology,,,False,1188.0,1081.0,True,EXIT
IGL,Indraprastha Gas Limited,Utilities,Utilities - Regulated Gas,149.38999938964844,False,1194.0,False,False,NIFTY ENERGY,-39.21,-28.55,False,16837.0,16167.0,True,EXIT
PFOCUS,Prime Focus Limited,Communication Services,Entertainment,286.25,False,-77.0,False,True,Sector: Communication Services,85.82,70.78,True,29.0,161.0,False,HOLD
IFCI,IFCI Limited,Financial Services,Credit Services,81.36000061035156,False,53.0,False,True,Sector: Financial Services,43.97,46.99,True,844.0,3839.0,False,HOLD
CUB,City Union Bank Limited,Financial Services,Banks - Regional,222.17999267578125,False,1403.0,True,True,Sector: Financial Services,32.51,35.6,True,7249.0,6870.0,True,HOLD
LMW,LMW Limited,Industrials,Specialty Industrial Machinery,19748.0,True,195.0,False,True,Sector: Industrials,18.56,28.37,True,3250.0,4597.0,False,HOLD
ATUL,Atul Ltd,Basic Materials,Specialty Chemicals,6608.5,False,698.0,True,True,Sector: Basic Materials,-2.05,2.02,False,5848.0,5564.0,True,HOLD
SAGILITY,Sagility Limited,Healthcare,Health Information Services,42.15999984741211,False,330.0,False,False,Sector: Healthcare,-22.62,-9.37,False,2037.0,1971.0,True,EXIT
SHRIPISTON,SPR Auto Technologies Limited,Consumer Cyclical,Auto Parts,4509.10009765625,True,496.0,False,True,Sector: Consumer Cyclical,62.51,70.55,True,3632.0,3527.0,True,HOLD
HAPPYFORGE,HAPPYFORGE,Industrials,Metal Fabrication,2260.60009765625,True,327.0,True,True,Sector: Industrials,125.91,135.38,True,1642.0,1546.0,True,ADD
KAJARIACER,Kajaria Ceramics Limited,Industrials,Building Products & Equipment,1225.800048828125,False,513.0,True,True,Sector: Industrials,-14.49,-4.56,False,4557.0,4374.0,True,HOLD
CHENNPETRO,Chennai Petroleum Corporation Limited,Energy,Oil & Gas Refining & Marketing,1404.0,True,4135.0,True,True,Sector: Energy,90.16,110.15,True,76197.0,76271.0,False,ADD
ASTRAZEN,AstraZeneca Pharma India Limited,Healthcare,Drug Manufacturers - Specialty & Generic,7645.0,False,170.0,False,False,Sector: Healthcare,-24.34,-11.07,False,2432.0,2276.0,True,EXIT
AARTIIND,Aarti Industries Limited,Basic Materials,Specialty Chemicals,530.0999755859375,False,524.0,False,True,Sector: Basic Materials,29.22,33.15,True,9040.0,8423.0,True,HOLD
BRIGADE,Brigade Enterprises Limited,Real Estate,Real Estate - Development,588.9000244140625,False,342.0,False,True,NIFTY REALTY,-17.7,-19.61,False,2802.0,2624.0,True,EXIT
ELGIEQUIP,Elgi Equipments Limited,Industrials,Specialty Industrial Machinery,614.2000122070312,False,354.0,True,True,Sector: Industrials,11.69,21.52,True,2485.0,2343.0,True,HOLD
SUNTV,Sun TV Network Limited,Communication Services,Broadcasting,482.79998779296875,False,1477.0,False,False,Sector: Communication Services,-4.72,-17.6,False,4269.0,4148.0,True,EXIT
FINCABLES,Finolex Cables Limited,Industrials,Electrical Equipment & Parts,1329.3499755859375,False,705.0,True,True,Sector: Industrials,45.08,54.81,True,6939.0,6321.0,True,HOLD
PINELABS,PINELABS,Technology,Software - Infrastructure,160.32000732421875,False,165.0,True,False,Sector: Technology,,,False,2034.0,1926.0,True,EXIT
CAMS,Computer Age Management Services Limited,Technology,Information Technology Services,762.0,False,454.0,True,True,Sector: Technology,-11.21,-2.03,False,1431.0,1412.0,True,HOLD
DEEPAKFERT,Deepak Fertilisers And Petrochemicals Corporation Limited,Basic Materials,Chemicals,1472.0,False,251.0,False,True,Sector: Basic Materials,-7.24,-3.15,False,1897.0,4243.0,False,EXIT
CAPLIPOINT,Caplin Point Laboratories Limited,Healthcare,Drug Manufacturers - Specialty & Generic,2529.699951171875,False,420.0,True,True,Sector: Healthcare,-0.05,12.99,False,759.0,752.0,True,HOLD
TRITURBINE,Triveni Turbine Limited,Industrials,Specialty Industrial Machinery,581.9000244140625,False,320.0,False,True,Sector: Industrials,0.36,10.23,True,2062.0,2010.0,True,HOLD
ERIS,Eris Lifesciences Limited,Healthcare,Drug Manufacturers - Specialty & Generic,1350.0999755859375,False,192.0,False,False,Sector: Healthcare,-38.49,-25.09,False,1687.0,1822.0,False,EXIT
HBLENGINE,HBLENGINE,Industrials,Electrical Equipment & Parts,670.0499877929688,False,763.0,False,False,Sector: Industrials,-27.13,-17.17,False,3284.0,3252.0,True,EXIT
JYOTICNC,Jyoti CNC Automation Limited,Industrials,Specialty Industrial Machinery,929.2000122070312,False,407.0,True,True,Sector: Industrials,-14.69,-4.77,False,2086.0,1949.0,True,HOLD
EIHOTEL,EIH Limited,Consumer Cyclical,Lodging,296.70001220703125,False,629.0,False,False,Sector: Consumer Cyclical,-36.8,-28.38,False,2718.0,2637.0,True,EXIT
SARDAEN,Sarda Energy & Minerals Limited,Basic Materials,Steel,518.1500244140625,False,881.0,False,False,Sector: Basic Materials,-18.63,-14.5,False,4189.0,4334.0,False,EXIT
CASTROLIND,Castrol India Limited,Energy,Oil & Gas Refining & Marketing,186.85000610351562,False,1062.0,True,True,NIFTY ENERGY,-21.84,-11.63,False,6219.0,5722.0,True,HOLD
GMDCLTD,Gujarat Mineral Development Corporation Limited,Energy,Thermal Coal,570.7000122070312,False,990.0,False,False,Sector: Energy,5.52,30.21,True,2827.0,3498.0,False,EXIT
FSL,Firstsource Solutions Limited,Technology,Information Technology Services,263.8500061035156,False,504.0,True,False,Sector: Technology,-38.75,-29.3,False,3080.0,2883.0,True,EXIT
GESHIP,The Great Eastern Shipping Company Limited,Industrials,Marine Shipping,1302.9000244140625,False,3125.0,True,False,Sector: Industrials,21.38,31.19,True,4410.0,4835.0,False,HOLD
BAYERCROP,Bayer CropScience Limited,Basic Materials,Agricultural Inputs,4105.7001953125,False,732.0,False,False,Sector: Basic Materials,-32.22,-28.03,False,5595.0,5675.0,False,EXIT
POLYMED,Poly Medicure Limited,Healthcare,Medical Instruments & Supplies,1784.699951171875,False,336.0,True,True,Sector: Healthcare,-28.54,-15.23,False,1710.0,1662.0,True,HOLD
CHALET,Chalet Hotels Limited,Consumer Cyclical,Lodging,834.4500122070312,False,548.0,False,True,Sector: Consumer Cyclical,-27.28,-18.9,False,2168.0,2570.0,False,EXIT
TRAVELFOOD,TRAVELFOOD,Consumer Cyclical,Restaurants,1346.4000244140625,False,398.0,True,True,Sector: Consumer Cyclical,0.56,8.84,True,1337.0,1302.0,True,HOLD
CHOICEIN,Choice International Limited,Financial Services,Capital Markets,803.5999755859375,False,,False,True,Sector: Financial Services,-6.63,-3.29,False,,77.86,False,EXIT
ONESOURCE,ONESOURCE,Healthcare,Biotechnology,1542.300048828125,False,48.0,True,False,Sector: Healthcare,-30.96,-17.63,False,1531.0,1405.0,True,EXIT
CHAMBLFERT,Chambal Fertilisers and Chemicals Limited,Basic Materials,Agricultural Inputs,434.3999938964844,False,2015.0,True,False,Sector: Basic Materials,-27.6,-23.43,False,20123.0,27773.0,False,EXIT
DEVYANI,Devyani International Limited,Consumer Cyclical,Restaurants,142.08999633789062,False,-31.0,False,True,Sector: Consumer Cyclical,-27.3,-18.92,False,3654.0,3573.0,True,EXIT
BASF,BASF India Limited,Basic Materials,Specialty Chemicals,3979.800048828125,False,632.0,True,True,Sector: Basic Materials,-17.74,-13.6,False,16071.0,14985.0,True,HOLD
INOXINDIA,INOX India Limited,Industrials,Specialty Industrial Machinery,1958.0999755859375,False,248.0,False,True,Sector: Industrials,58.87,68.55,True,1587.0,1557.0,True,HOLD
EMAMILTD,Emami Limited,Consumer Defensive,Household & Personal Products,400.1000061035156,False,861.0,True,False,NIFTY FMCG,-28.39,-36.86,False,3072.0,3124.0,False,EXIT
JSWCEMENT,JSWCEMENT,Basic Materials,Building Materials,127.30999755859375,False,745.0,True,True,Sector: Basic Materials,-24.07,-19.92,False,6288.0,5984.0,True,HOLD
AZAD,AZAD,Industrials,Specialty Industrial Machinery,2858.89990234375,True,139.0,True,True,Sector: Industrials,68.64,78.29,True,626.0,590.0,True,ADD
SAMMAANCAP,Sammaan Capital Limited,Financial Services,Mortgage Finance,150.22999572753906,False,-7669.0,False,False,Sector: Financial Services,19.57,22.75,True,6818.0,15407.0,False,EXIT
ECLERX,eClerx Services Limited,Technology,Information Technology Services,1805.199951171875,False,498.0,True,False,Sector: Technology,-19.18,-9.92,False,2975.0,2858.0,True,EXIT
INDIACEM,The India Cements Limited,Basic Materials,Building Materials,374.5,False,78.0,False,False,Sector: Basic Materials,-9.3,-5.21,False,4479.0,5628.0,False,EXIT
TBOTEK,TBOTEK,Consumer Cyclical,Travel Services,1708.199951171875,False,60.0,True,True,Sector: Consumer Cyclical,6.69,14.94,True,592.0,584.0,True,HOLD
ARE&M,Amara Raja Energy & Mobility Limited,Industrials,Electrical Equipment & Parts,935.7999877929688,False,979.0,True,True,Sector: Industrials,-15.87,-5.95,False,14240.0,13549.0,True,HOLD
PGEL,PG Electroplast Limited,Technology,Electronic Components,597.0,False,110.0,False,True,Sector: Technology,-1.59,7.5,False,1531.0,1487.0,True,EXIT
J&KBANK,Jammu and Kashmir Bank Limited,Financial Services,Banks - Regional,150.24000549316406,False,2303.0,False,True,Sector: Financial Services,37.31,40.38,True,13423.0,13145.0,True,HOLD
OLAELEC,OLAELEC,Consumer Cyclical,Auto Manufacturers,38.61000061035156,False,-107.0,False,True,Sector: Consumer Cyclical,-36.13,-27.71,False,2.0,170.0,False,EXIT
VTL,Vardhman Textiles Limited,Consumer Cyclical,Textile Manufacturing,598.9000244140625,False,823.0,False,True,Sector: Consumer Cyclical,29.52,37.68,True,9958.0,9841.0,True,HOLD
TATACHEM,Tata Chemicals Limited,Basic Materials,Chemicals,653.0,False,642.0,False,False,Sector: Basic Materials,-35.67,-31.47,False,4943.0,10084.0,False,EXIT
THELEELA,Leela Palaces Hotels & Resorts Limited,Consumer Cyclical,Lodging,519.1500244140625,True,302.0,True,True,Sector: Consumer Cyclical,7.65,15.9,True,447.0,437.0,True,ADD
JINDALSAW,Jindal Saw Limited,Basic Materials,Steel,268.6499938964844,False,530.0,False,True,Sector: Basic Materials,26.0,29.95,True,15041.0,17962.0,False,HOLD
ALIVUS,Alivus Life Sciences Limited,Healthcare,Drug Manufacturers - Specialty & Generic,1398.699951171875,True,603.0,True,True,Sector: Healthcare,29.97,42.73,True,2590.0,2552.0,True,ADD
MINDACORP,Minda Corporation Limited,Consumer Cyclical,Auto Parts,745.25,True,261.0,True,True,Sector: Consumer Cyclical,34.62,42.77,True,5283.0,5017.0,True,ADD
THANGAMAYL,Thangamayil Jewellery Limited,Consumer Cyclical,Luxury Goods,5481.5,False,391.0,True,True,Sector: Consumer Cyclical,148.5,156.2,True,9622.0,8499.0,True,HOLD
COHANCE,COHANCE,Healthcare,Drug Manufacturers - Specialty & Generic,455.20001220703125,False,178.0,False,False,Sector: Healthcare,-65.62,-51.97,False,1907.0,2030.0,False,EXIT
CENTURYPLY,Century Plyboards (India) Limited,Basic Materials,Lumber & Wood Production,748.25,False,303.0,False,False,Sector: Basic Materials,-6.8,-2.71,False,4977.0,4646.0,True,EXIT
ABDL,ABDL,Consumer Defensive,Beverages - Wineries & Distilleries,612.5999755859375,False,276.0,True,True,Sector: Consumer Defensive,3.21,14.75,True,3931.0,8115.0,False,HOLD
PSB,Punjab & Sind Bank,Financial Services,Banks - Regional,23.219999313354492,False,1384.0,True,False,Sector: Financial Services,-24.63,-21.18,False,12284.0,11982.0,True,EXIT
KPITTECH,KPIT Technologies Limited,Technology,Software - Infrastructure,596.6500244140625,False,413.0,False,False,Sector: Technology,-60.94,-51.28,False,2633.0,2608.0,True,EXIT
ZENTEC,Zen Technologies Limited,Industrials,Aerospace & Defense,1982.4000244140625,False,138.0,False,True,Sector: Industrials,21.59,31.39,True,416.0,931.0,False,HOLD
KANSAINER,Kansai Nerolac Paints Limited,Basic Materials,Specialty Chemicals,201.0500030517578,False,631.0,False,False,Sector: Basic Materials,-21.3,-17.15,False,7951.0,7739.0,True,EXIT
ASTRAMICRO,Astra Microwave Products Limited,Technology,Communication Equipment,1767.4000244140625,False,175.0,False,True,Sector: Technology,65.15,73.6,True,1135.0,1156.0,False,HOLD
RATNAMANI,Ratnamani Metals & Tubes Limited,Basic Materials,Steel,2368.60009765625,False,343.0,False,False,Sector: Basic Materials,-8.64,-4.55,False,3368.0,4876.0,False,EXIT
GRWRHITECH,Garware Hi-Tech Films Limited,Basic Materials,Specialty Chemicals,7101.0,True,387.0,True,True,Sector: Basic Materials,131.09,134.61,True,2079.0,1995.0,True,ADD
HONASA,Honasa Consumer Limited,Consumer Defensive,Household & Personal Products,474.6000061035156,False,235.0,True,True,Sector: Consumer Defensive,48.18,59.1,True,2418.0,2305.0,True,HOLD
AEQUS,AEQUS,Industrials,Aerospace & Defense,259.8500061035156,True,50.0,True,False,Sector: Industrials,,,False,134.0,124.0,True,EXIT
APLLTD,Alembic Pharmaceuticals Limited,Healthcare,Drug Manufacturers - Specialty & Generic,824.5499877929688,False,734.0,False,True,Sector: Healthcare,-31.72,-18.38,False,7025.0,6651.0,True,EXIT
KFINTECH,KFin Technologies Limited,Technology,Software - Application,957.5999755859375,False,350.0,True,False,Sector: Technology,-24.45,-15.14,False,1181.0,1159.0,True,EXIT
FIVESTAR,Five-Star Business Finance Limited,Financial Services,Credit Services,535.3499755859375,False,1104.0,True,True,Sector: Financial Services,-14.76,-11.36,False,3260.0,3218.0,True,HOLD
ZYDUSWELL,Zydus Wellness Limited,Consumer Defensive,Packaged Foods,496.6499938964844,False,38.0,False,True,Sector: Consumer Defensive,13.55,24.95,True,594.0,582.0,True,HOLD
NAVA,Nava Limited,Industrials,Conglomerates,558.9000244140625,False,1036.0,True,False,Sector: Industrials,-28.51,-18.54,False,1917.0,1925.0,False,EXIT
NATCOPHARM,NATCO Pharma Limited,Healthcare,Drug Manufacturers - Specialty & Generic,898.3499755859375,False,892.0,False,False,Sector: Healthcare,-13.96,-0.79,False,2998.0,4094.0,False,EXIT
SYNGENE,Syngene International Limited,Healthcare,Diagnostics & Research,404.1000061035156,False,229.0,False,False,Sector: Healthcare,-55.83,-42.26,False,3288.0,3424.0,False,EXIT
SHILPAMED,Shilpa Medicare Limited,Healthcare,Drug Manufacturers - Specialty & Generic,809.7999877929688,True,183.0,False,True,Sector: Healthcare,69.58,81.97,True,691.0,806.0,False,HOLD
MEDPLUS,MedPlus Health Services Limited,Healthcare,Pharmaceutical Retailers,664.8499755859375,False,66.0,True,False,Sector: Healthcare,-35.17,-21.8,False,899.0,861.0,True,EXIT
AGARWALEYE,AGARWALEYE,Healthcare,Medical Instruments & Supplies,502.6000061035156,False,46.0,True,True,Sector: Healthcare,-4.2,8.88,False,1374.0,1293.0,True,HOLD
CROMPTON,Crompton Greaves Consumer Electricals Limited,Consumer Cyclical,"Furnishings, Fixtures & Appliances",244.8000030517578,False,-228.0,False,False,Sector: Consumer Cyclical,-35.03,-26.61,False,7397.0,7193.0,True,EXIT
DCMSHRIRAM,DCM Shriram Limited,Industrials,Conglomerates,1026.4000244140625,False,1452.0,True,False,Sector: Industrials,-30.56,-20.59,False,13355.0,13071.0,True,EXIT
FINEORG,Fine Organic Industries Limited,Basic Materials,Specialty Chemicals,5093.10009765625,False,389.0,False,True,Sector: Basic Materials,-0.31,3.75,False,2385.0,3029.0,False,EXIT
BEML,BEML Limited,Industrials,Conglomerates,1965.5,False,184.0,False,True,Sector: Industrials,-15.96,-6.03,False,4536.0,4351.0,True,EXIT
ARVIND,Arvind Limited,Consumer Cyclical,Textile Manufacturing,526.5,False,277.0,False,True,Sector: Consumer Cyclical,71.45,79.45,True,7465.0,7723.0,False,HOLD
ABREL,Aditya Birla Real Estate Limited,Real Estate,Real Estate Services,1390.800048828125,False,368.0,False,False,NIFTY REALTY,-24.6,-25.82,False,257.0,7967.0,False,EXIT
WELSPUNLIV,Welspun Living Limited,Consumer Cyclical,Textile Manufacturing,177.7899932861328,False,320.0,False,True,Sector: Consumer Cyclical,36.22,44.35,True,7793.0,8622.0,False,HOLD
SHAILY,Shaily Engineering Plastics Limited,Basic Materials,Specialty Chemicals,3373.699951171875,True,178.0,True,True,Sector: Basic Materials,56.22,60.04,True,971.0,921.0,True,ADD
CIEINDIA,CIE Automotive India Limited,Consumer Cyclical,Auto Parts,409.70001220703125,False,654.0,True,False,Sector: Consumer Cyclical,-8.09,0.22,False,5185.0,4896.0,True,EXIT
BIKAJI,Bikaji Foods International Limited,Consumer Defensive,Packaged Foods,608.6500244140625,False,270.0,True,False,Sector: Consumer Defensive,-36.56,-24.47,False,2872.0,2817.0,True,EXIT
PARADEEP,Paradeep Phosphates Limited,Basic Materials,Agricultural Inputs,147.82000732421875,False,1072.0,True,True,Sector: Basic Materials,-38.48,-34.27,False,23447.0,21826.0,True,HOLD
GPIL,Godawari Power & Ispat Limited,Basic Materials,Steel,255.22000122070312,False,918.0,False,False,Sector: Basic Materials,1.49,5.54,True,5067.0,5278.0,False,EXIT
NIVABUPA,Niva Bupa Health Insurance Company Limited,Financial Services,Insurance - Life,83.73999786376953,False,174.0,False,True,Sector: Financial Services,-7.73,-4.38,False,7907.0,6695.0,True,EXIT
MAHSCOOTER,Maharashtra Scooters Ltd.,Financial Services,Asset Management,13226.0,False,279.0,False,False,Sector: Financial Services,-21.49,-18.05,False,289.0,313.0,False,EXIT
CONCORDBIO,Concord Biotech Limited,Healthcare,Biotechnology,1565.699951171875,False,282.0,False,True,Sector: Healthcare,-26.13,-12.84,False,1112.0,1200.0,False,EXIT
VIJAYA,Vijaya Diagnostic Centre Limited,Healthcare,Diagnostics & Research,1497.300048828125,True,193.0,True,True,Sector: Healthcare,28.11,40.88,True,808.0,768.0,True,ADD
KIRLOSBROS,Kirloskar Brothers Limited,Industrials,Specialty Industrial Machinery,1910.0,False,246.0,False,True,Sector: Industrials,-13.57,-3.65,False,2881.0,2901.0,False,EXIT
CCL,CCL Products (India) Limited,Consumer Defensive,Packaged Foods,1132.0999755859375,False,278.0,False,True,Sector: Consumer Defensive,10.12,21.56,True,2258.0,2216.0,True,HOLD
MARKSANS,Marksans Pharma Limited,Healthcare,Drug Manufacturers - General,326.5,False,322.0,True,True,Sector: Healthcare,66.02,78.44,True,1343.0,1341.0,True,HOLD
IGIL,International Gemological Institute Limited,Basic Materials,Other Precious Metals & Mining,349.70001220703125,False,599.0,False,True,Sector: Basic Materials,-5.21,-1.13,False,1070.0,1252.0,False,EXIT
CEATLTD,CEAT Limited,Consumer Cyclical,Auto Parts,3605.39990234375,False,775.0,False,False,Sector: Consumer Cyclical,1.94,10.21,True,15857.0,15215.0,True,EXIT
USHAMART,Usha Martin Limited,Basic Materials,Steel,498.79998779296875,True,380.0,False,True,Sector: Basic Materials,26.94,30.89,True,2414.0,3746.0,False,HOLD
RAINBOW,Rainbow Children's Medicare Limited,Healthcare,Medical Care Facilities,1458.699951171875,False,251.0,True,True,Sector: Healthcare,-21.48,-8.24,False,1621.0,1546.0,True,HOLD
SHADOWFAX,SHADOWFAX,Industrials,Integrated Freight & Logistics,257.3800048828125,True,172.0,True,False,Sector: Industrials,,,False,4608.0,4080.0,True,EXIT
JBMA,JBM Auto Limited,Consumer Cyclical,Auto Parts,619.8499755859375,False,148.0,False,False,Sector: Consumer Cyclical,-13.1,-4.77,False,5523.0,5402.0,True,EXIT
CLEANMAX,CLEANMAX,Utilities,Utilities - Renewable,1244.699951171875,False,984.0,True,False,Sector: Utilities,,,False,7001.0,6003.0,True,EXIT
APOLLO,Apollo Micro Systems Limited,Industrials,Aerospace & Defense,387.8500061035156,False,129.0,True,True,Sector: Industrials,53.81,63.51,True,787.0,765.0,True,HOLD
LTFOODS,LT Foods Limited,Consumer Defensive,Packaged Foods,426.29998779296875,False,277.0,True,True,Sector: Consumer Defensive,-19.49,-7.63,False,4162.0,4085.0,True,HOLD
INGERRAND,Ingersoll-Rand (India) Limited,Industrials,Specialty Industrial Machinery,4691.0,True,268.0,True,True,Sector: Industrials,12.9,22.73,True,1457.0,1392.0,True,ADD
VOGL,Vedanta Oil and Gas Limited,Basic Materials,Other Industrial Metals & Mining,37.13999938964844,False,,False,False,Sector: Basic Materials,,,False,,888.0,False,EXIT
JSWDULUX,JSW Dulux Limited,Unknown,Unknown,3110.39990234375,False,1962.0,True,True,Sector: Unknown,,-10.36,False,3578.0,4069.0,False,HOLD
VISL,VISL,Basic Materials,Steel,37.40999984741211,False,,False,False,Sector: Basic Materials,,,False,,6088.0,False,EXIT
FRACTAL,FRACTAL,Technology,Software - Infrastructure,825.5,False,221.0,True,False,Sector: Technology,,,False,1950.0,1866.0,True,EXIT
JNPR,JNPR,Utilities,Utilities - Renewable,240.58999633789062,False,,False,False,Sector: Utilities,,,False,,324.0,False,EXIT
VGUARD,V-Guard Industries Limited,Industrials,Electrical Equipment & Parts,333.3999938964844,False,311.0,True,True,Sector: Industrials,-19.25,-9.31,False,6022.0,5692.0,True,HOLD
VEDPOWER,Vedanta Power Limited,Utilities,Utilities - Independent Power Producers,36.18000030517578,False,,False,False,Sector: Utilities,,,False,,5486.0,False,EXIT
SOBHA,Sobha Limited,Real Estate,Real Estate - Development,1308.300048828125,False,314.0,True,False,NIFTY REALTY,-11.97,-14.46,False,5706.0,5368.0,True,EXIT
BBOX,Black Box Limited,Technology,Software - Application,777.4000244140625,False,15.0,False,True,Sector: Technology,47.65,56.26,True,426.0,406.0,True,HOLD
UJJIVANSFB,Ujjivan Small Finance Bank Limited,Financial Services,Banks - Regional,72.33000183105469,True,906.0,False,True,Sector: Financial Services,60.72,63.64,True,7338.0,6931.0,True,HOLD
GRAPHITE,Graphite India Limited,Industrials,Electrical Equipment & Parts,737.1500244140625,False,276.0,False,True,Sector: Industrials,21.95,31.76,True,2934.0,6737.0,False,HOLD
CANHLIFE,CANHLIFE,Financial Services,Insurance - Life,149.27000427246094,True,131.0,True,True,Sector: Financial Services,,,False,12275.0,11841.0,True,HOLD
TI,Tilaknagar Industries Ltd.,Consumer Defensive,Beverages - Wineries & Distilleries,582.7999877929688,True,-35.0,False,True,Sector: Consumer Defensive,-2.53,9.09,False,3016.0,2346.0,True,EXIT
GALLANTT,Gallantt Ispat Limited,Basic Materials,Steel,576.2999877929688,False,434.0,False,False,Sector: Basic Materials,-14.71,-10.59,False,4437.0,4419.0,True,EXIT
KSB,KSB Limited,Industrials,Specialty Industrial Machinery,794.5,False,240.0,False,False,Sector: Industrials,-13.96,-4.04,False,2726.0,2696.0,True,EXIT
SEDEMAC,SEDEMAC,Consumer Cyclical,Auto Parts,3244.699951171875,True,,False,False,Sector: Consumer Cyclical,,,False,,1058.0,False,EXIT
VINATIORGA,Vinati Organics Limited,Basic Materials,Specialty Chemicals,1338.5,False,499.0,True,False,Sector: Basic Materials,-28.84,-24.66,False,2384.0,2248.0,True,EXIT
LLOYDSENGG,Lloyds Engineering Works Limited,Industrials,Specialty Industrial Machinery,93.66000366210938,True,144.0,True,True,Sector: Industrials,22.35,32.15,True,1234.0,1052.0,True,ADD
LUMAXTECH,Lumax Auto Technologies Limited,Consumer Cyclical,Auto Parts,2014.699951171875,True,200.0,False,True,Sector: Consumer Cyclical,66.85,74.87,True,3437.0,3605.0,False,HOLD
EIDPARRY,E.I.D.- Parry (India) Limited,Basic Materials,Agricultural Inputs,780.5999755859375,False,-770.0,False,False,Sector: Basic Materials,-38.4,-34.19,False,3102.0,3168.0,False,EXIT
ANURAS,Anupam Rasayan India Ltd,Basic Materials,Specialty Chemicals,1210.5,False,164.0,False,False,Sector: Basic Materials,-0.06,3.99,False,1689.0,1676.0,True,EXIT
JUBLPHARMA,Jubilant Pharmova Limited,Healthcare,Drug Manufacturers - Specialty & Generic,866.0,False,65.0,False,False,Sector: Healthcare,-34.82,-21.45,False,271.0,3439.0,False,EXIT
E2E,E2E Networks Limited,Technology,Software - Infrastructure,664.5499877929688,True,31.0,False,True,Sector: Technology,184.02,191.33,True,366.0,246.0,True,HOLD
ENGINERSIN,Engineers India Limited,Industrials,Engineering & Construction,244.77999877929688,False,677.0,True,True,Sector: Industrials,13.65,23.48,True,3794.0,3850.0,False,HOLD
NAZARA,Nazara Technologies Limited,Communication Services,Electronic Gaming & Multimedia,355.54998779296875,True,-1026.0,False,True,Sector: Communication Services,13.5,0.18,True,71.0,117.0,False,HOLD
SPLPETRO,Supreme Petrochem Limited,Basic Materials,Specialty Chemicals,707.0,False,483.0,False,True,Sector: Basic Materials,-18.33,-14.2,False,5645.0,6023.0,False,EXIT
VENTIVE,VENTIVE,Consumer Cyclical,Lodging,585.7000122070312,False,239.0,True,False,Sector: Consumer Cyclical,-30.86,-22.46,False,650.0,638.0,True,EXIT
SCI,The Shipping Corporation of India Limited,Industrials,Marine Shipping,295.75,False,1647.0,True,True,Sector: Industrials,25.41,35.2,True,6307.0,5794.0,True,HOLD
PRIVISCL,Privi Speciality Chemicals Limited,Basic Materials,Specialty Chemicals,3454.60009765625,False,373.0,True,True,Sector: Basic Materials,35.62,39.54,True,2490.0,2456.0,True,HOLD
CARTRADE,CarTrade Tech Limited,Consumer Cyclical,Auto & Truck Dealerships,2802.60009765625,False,118.0,True,True,Sector: Consumer Cyclical,3.19,11.46,True,320.0,308.0,True,HOLD
HEG,HEG Limited,Industrials,Electrical Equipment & Parts,739.25,False,218.0,False,True,Sector: Industrials,32.66,42.43,True,2637.0,6591.0,False,HOLD
PRUDENT,Prudent Corporate Advisory Services Limited,Financial Services,Asset Management,3354.10009765625,True,236.0,True,True,Sector: Financial Services,11.33,14.56,True,1327.0,1284.0,True,ADD
TMB,Tamilnad Mercantile Bank Limited,Financial Services,Banks - Regional,847.0999755859375,False,1444.0,True,True,Sector: Financial Services,93.37,96.08,True,6096.0,5819.0,True,HOLD
DOMS,DOMS Industries Limited,Industrials,Business Equipment & Supplies,2218.60009765625,False,207.0,False,False,Sector: Industrials,-22.75,-12.8,False,2145.0,2050.0,True,EXIT
INDGN,INDGN,Healthcare,Health Information Services,567.7000122070312,False,227.0,True,True,Sector: Healthcare,-18.34,-5.13,False,1306.0,1221.0,True,HOLD
RKFORGE,Ramkrishna Forgings Limited,Industrials,Metal Fabrication,754.3499755859375,False,117.0,False,True,Sector: Industrials,17.89,27.7,True,3915.0,3755.0,True,HOLD
SKFINDUS,SKFINDUS,Industrials,Tools & Accessories,2667.60009765625,False,208.0,False,False,Sector: Industrials,,,False,3590.0,3440.0,True,EXIT
BALRAMCHIN,Balrampur Chini Mills Limited,Consumer Defensive,Confectioners,653.25,True,343.0,False,True,Sector: Consumer Defensive,-0.9,10.7,False,6366.0,6271.0,True,EXIT
JSWHL,JSW Holdings Limited,Financial Services,Asset Management,11489.0,False,123.0,False,False,Sector: Financial Services,-40.4,-36.85,False,184.0,407.0,False,EXIT
AMAGI,AMAGI,Technology,Software - Application,579.1500244140625,False,55.0,True,False,Sector: Technology,,,False,1018.0,949.0,True,EXIT
GRAVITA,Gravita India Limited,Industrials,Metal Fabrication,1814.0999755859375,False,297.0,True,True,Sector: Industrials,-7.23,2.67,False,3491.0,3481.0,True,HOLD
NSLNISP,NMDC Steel Limited,Basic Materials,Steel,40.4900016784668,False,84.0,True,False,Sector: Basic Materials,-1.24,2.82,False,13938.0,13642.0,True,EXIT
UTLSOLAR,UTLSOLAR,Technology,Solar,468.29998779296875,True,294.0,False,False,Sector: Technology,,,False,3403.0,2655.0,True,EXIT
AVALON,Avalon Technologies Limited,Technology,Electronic Components,2197.300048828125,True,95.0,True,True,Sector: Technology,144.98,152.66,True,865.0,821.0,True,ADD
VARROC,Varroc Engineering Limited,Consumer Cyclical,Auto Parts,843.9000244140625,False,300.0,False,True,Sector: Consumer Cyclical,43.71,51.82,True,8666.0,8146.0,True,HOLD
ATLANTAELE,ATLANTAELE,Industrials,Electrical Equipment & Parts,1774.4000244140625,False,239.0,True,True,Sector: Industrials,,,False,2003.0,1851.0,True,HOLD
ACE,Action Construction Equipment Limited,Industrials,Farm & Heavy Construction Machinery,1184.800048828125,False,447.0,True,True,Sector: Industrials,7.23,17.08,True,3403.0,3320.0,True,HOLD
BLUESTONE,BLUESTONE,Consumer Cyclical,Luxury Goods,820.4000244140625,False,70.0,True,True,Sector: Consumer Cyclical,36.34,44.48,True,2682.0,2441.0,True,HOLD
MANYAVAR,Vedant Fashions Limited,Consumer Cyclical,Apparel Manufacturing,536.9000244140625,False,386.0,False,True,Sector: Consumer Cyclical,-40.23,-31.8,False,1456.0,1435.0,True,EXIT
TEGA,Tega Industries Limited,Industrials,Specialty Industrial Machinery,1735.4000244140625,False,162.0,False,False,Sector: Industrials,-18.32,-8.38,False,890.0,895.0,False,EXIT
SWANDEF,SWANDEF,Industrials,Aerospace & Defense,2379.199951171875,False,-238.0,False,True,Sector: Industrials,532.67,540.84,True,312.0,831.0,False,HOLD
INOXWIND,Inox Wind Limited,Industrials,Specialty Industrial Machinery,74.94999694824219,False,532.0,False,False,NIFTY ENERGY,-58.5,-47.35,False,3924.0,3896.0,True,EXIT
ASKAUTOLTD,ASKAUTOLTD,Consumer Cyclical,Auto Parts,638.25,False,237.0,True,True,Sector: Consumer Cyclical,15.99,24.21,True,3565.0,3305.0,True,HOLD
APTUS,Aptus Value Housing Finance India Limited,Financial Services,Mortgage Finance,257.0,False,731.0,True,False,Sector: Financial Services,-33.42,-29.91,False,1547.0,1510.0,True,EXIT
SUDEEPPHRM,SUDEEPPHRM,Healthcare,Drug Manufacturers - Specialty & Generic,1104.0999755859375,True,116.0,True,False,Sector: Healthcare,,,False,364.0,404.0,False,EXIT
TRIDENT,Trident Limited,Consumer Cyclical,Textile Manufacturing,24.469999313354492,False,390.0,False,False,Sector: Consumer Cyclical,-24.87,-16.49,False,6763.0,6966.0,False,EXIT
HOMEFIRST,Home First Finance Company India Limited,Financial Services,Mortgage Finance,1177.0999755859375,False,581.0,True,True,Sector: Financial Services,-14.57,-11.17,False,1999.0,1921.0,True,HOLD
BLUEDART,Blue Dart Express Limited,Industrials,Integrated Freight & Logistics,5085.5,False,279.0,False,False,Sector: Industrials,-23.8,-13.85,False,6357.0,6141.0,True,EXIT
PCBL,PCBL Chemical Limited,Basic Materials,Specialty Chemicals,326.54998779296875,False,250.0,False,True,Sector: Basic Materials,-22.52,-18.37,False,5777.0,5905.0,False,EXIT
PARKHOSPS,PARKHOSPS,Healthcare,Medical Care Facilities,276.8500061035156,False,33.0,False,False,Sector: Healthcare,,,False,140.0,129.0,True,EXIT
JMFINANCIL,JM Financial Limited,Financial Services,Capital Markets,125.4000015258789,False,562.0,False,False,Sector: Financial Services,-38.7,-35.15,False,672.0,1200.0,False,EXIT
SKYGOLD,Sky Gold and Diamonds Limited,Consumer Cyclical,Luxury Goods,795.0499877929688,True,241.0,True,True,Sector: Consumer Cyclical,144.46,152.18,True,5338.0,4708.0,True,ADD
SOUTHBANK,The South Indian Bank Limited,Financial Services,Banks - Regional,45.09000015258789,False,1511.0,True,True,Sector: Financial Services,45.7,48.71,True,10112.0,9846.0,True,HOLD
JPPOWER,Jaiprakash Power Ventures Limited,Utilities,Utilities - Independent Power Producers,17.31999969482422,False,633.0,False,False,NIFTY ENERGY,-20.85,-10.66,False,5756.0,6763.0,False,EXIT
WABAG,VA Tech Wabag Limited,Industrials,Engineering & Construction,1980.5999755859375,False,353.0,True,True,Sector: Industrials,11.13,20.97,True,3384.0,3284.0,True,HOLD
NUVOCO,Nuvoco Vistas Corporation Limited,Basic Materials,Building Materials,326.45001220703125,False,267.0,False,False,Sector: Basic Materials,-34.62,-30.42,False,10050.0,9762.0,True,EXIT
IRCON,Ircon International Limited,Industrials,Engineering & Construction,123.62000274658203,False,631.0,False,False,Sector: Industrials,-39.01,-29.01,False,8615.0,11950.0,False,EXIT
AVANTIFEED,Avanti Feeds Limited,Consumer Defensive,Packaged Foods,866.1500244140625,False,455.0,False,False,Sector: Consumer Defensive,19.6,30.91,True,4705.0,4419.0,True,EXIT
KTKBANK,The Karnataka Bank Limited,Financial Services,Banks - Regional,310.75,True,1437.0,True,True,Sector: Financial Services,75.94,78.76,True,9039.0,9014.0,True,ADD
KEC,KEC International Limited,Industrials,Engineering & Construction,428.6000061035156,False,392.0,False,False,Sector: Industrials,-59.01,-48.95,False,18915.0,19178.0,False,EXIT
LLOYDSENT,Lloyds Enterprises Limited,Basic Materials,Steel,79.02999877929688,False,49.0,False,True,Sector: Basic Materials,-3.15,0.92,False,408.0,593.0,False,EXIT
UTIAMC,UTI Asset Management Company Limited,Financial Services,Asset Management,894.5999755859375,False,541.0,False,False,Sector: Financial Services,-40.54,-36.99,False,1568.0,1482.0,True,EXIT
SIGMAADV,Sigma Advanced Systems Limited,Industrials,Aerospace & Defense,658.4500122070312,False,73.0,False,True,Sector: Industrials,386.02,394.66,True,194.0,158.0,True,HOLD
JUBLINGREA,Jubilant Ingrevia Limited,Basic Materials,Specialty Chemicals,726.7000122070312,False,335.0,False,True,Sector: Basic Materials,-3.3,0.77,False,4418.0,4860.0,False,EXIT
EDELWEISS,Edelweiss Financial Services Limited,Financial Services,Financial Conglomerates,121.4000015258789,False,452.0,False,True,Sector: Financial Services,20.22,23.39,True,626.0,3089.0,False,HOLD
PVRINOX,PVR INOX Limited,Communication Services,Entertainment,1205.0,False,371.0,True,True,Sector: Communication Services,18.54,5.1,True,6601.0,6391.0,True,HOLD
BLS,BLS International Services Limited,Industrials,Specialty Business Services,267.739990234375,False,147.0,True,False,Sector: Industrials,-38.29,-28.29,False,235.0,210.0,True,EXIT
PGIL,Pearl Global Industries Limited,Consumer Cyclical,Apparel Manufacturing,2360.800048828125,True,55.0,False,True,Sector: Consumer Cyclical,65.24,73.26,True,1154.0,1196.0,False,HOLD
SIGNATURE,Signatureglobal (India) Limited,Real Estate,Real Estate - Development,800.9500122070312,False,-22.0,False,False,Sector: Real Estate,-16.58,-30.25,False,1240.0,1825.0,False,EXIT
METROPOLIS,Metropolis Healthcare Limited,Healthcare,Diagnostics & Research,551.9500122070312,False,172.0,False,True,Sector: Healthcare,-13.09,0.08,False,1415.0,1365.0,True,EXIT
TECHNOE,Techno Electric & Engineering Company Limited,Industrials,Engineering & Construction,1002.4500122070312,False,515.0,False,False,Sector: Industrials,-46.56,-36.54,False,3380.0,3252.0,True,EXIT
MGL,Mahanagar Gas Limited,Utilities,Utilities - Regulated Gas,1111.4000244140625,False,721.0,False,False,NIFTY ENERGY,-27.51,-17.16,False,8531.0,8240.0,True,EXIT
VIYASH,Viyash Scientific Limited,Healthcare,Drug Manufacturers - Specialty & Generic,254.9499969482422,False,79.0,False,True,Sector: Healthcare,29.83,42.58,True,1408.0,1382.0,True,HOLD
TITAGARH,Titagarh Rail Systems Limited,Industrials,Railroads,841.4000244140625,False,214.0,False,True,Sector: Industrials,-13.37,-3.45,False,3205.0,3866.0,False,EXIT
GODREJAGRO,Godrej Agrovet Limited,Consumer Defensive,Packaged Foods,588.7000122070312,False,541.0,True,True,Sector: Consumer Defensive,-35.11,-23.04,False,7943.0,7744.0,True,HOLD
RATEGAIN,RateGain Travel Technologies Limited,Technology,Software - Application,935.9500122070312,True,36.0,False,True,Sector: Technology,80.92,89.22,True,258.0,249.0,True,HOLD
ZENSARTECH,Zensar Technologies Limited,Technology,Information Technology Services,484.8999938964844,False,698.0,True,False,Sector: Technology,-50.79,-41.22,False,2880.0,2739.0,True,EXIT
AKUMS,AKUMS,Healthcare,Drug Manufacturers - Specialty & Generic,744.1500244140625,False,112.0,False,True,Sector: Healthcare,40.37,53.03,True,1409.0,1444.0,False,HOLD
PARAS,Paras Defence and Space Technologies Limited,Industrials,Aerospace & Defense,1527.300048828125,True,89.0,True,True,Sector: Industrials,112.4,121.92,True,447.0,417.0,True,ADD
IEX,Indian Energy Exchange Limited,Financial Services,Capital Markets,124.4000015258789,False,487.0,True,False,Sector: Financial Services,-18.2,-14.78,False,624.0,608.0,True,EXIT
AAVAS,Aavas Financiers Limited,Financial Services,Mortgage Finance,1388.300048828125,False,687.0,True,False,Sector: Financial Services,-22.28,-18.84,False,2765.0,2683.0,True,EXIT
JKTYRE,JK Tyre & Industries Limited,Consumer Cyclical,Auto Parts,383.1499938964844,False,666.0,False,False,Sector: Consumer Cyclical,6.48,14.74,True,15083.0,14613.0,True,EXIT
MANORAMA,Manorama Industries Limited,Consumer Defensive,Packaged Foods,1901.0,True,264.0,True,True,Sector: Consumer Defensive,24.77,36.02,True,1472.0,1358.0,True,ADD
JWL,Jupiter Wagons Limited,Industrials,Railroads,250.6999969482422,False,188.0,False,False,Sector: Industrials,-37.81,-27.82,False,2747.0,3871.0,False,EXIT
CANFINHOME,Can Fin Homes Limited,Financial Services,Mortgage Finance,824.1500244140625,False,1130.0,True,False,Sector: Financial Services,0.66,3.95,True,4292.0,4217.0,True,HOLD
OLECTRA,Olectra Greentech Limited,Industrials,Farm & Heavy Construction Machinery,1324.0999755859375,False,174.0,True,True,Sector: Industrials,-26.15,-16.19,False,2503.0,2274.0,True,HOLD
ABLBL,ABLBL,Consumer Cyclical,Apparel Retail,88.72000122070312,False,144.0,True,False,Sector: Consumer Cyclical,-46.92,-38.46,False,8582.0,8373.0,True,EXIT
HCG,HealthCare Global Enterprises Limited,Healthcare,Medical Care Facilities,713.6500244140625,False,17.0,False,True,Sector: Healthcare,-9.97,3.16,False,1415.0,1365.0,True,EXIT
SHREEJISPG,SHREEJISPG,Industrials,Marine Shipping,625.8499755859375,False,164.0,True,True,Sector: Industrials,,,False,743.0,731.0,True,HOLD
RITES,RITES Limited,Industrials,Engineering & Construction,218.49000549316406,False,406.0,False,False,Sector: Industrials,-25.89,-15.93,False,2318.0,2575.0,False,EXIT
IIFLCAPS,IIFL Capital Services Limited,Financial Services,Capital Markets,335.04998779296875,False,561.0,False,True,Sector: Financial Services,-3.6,-0.28,False,2123.0,2156.0,False,EXIT
SBFC,SBFC Finance Limited,Financial Services,Credit Services,93.66999816894531,False,480.0,True,False,Sector: Financial Services,-22.15,-18.71,False,1782.0,1679.0,True,EXIT
BLACKBUCK,BlackBuck Limited,Technology,Software - Application,588.7999877929688,False,171.0,True,False,Sector: Technology,-19.28,-10.02,False,701.0,2230.0,False,EXIT
JLHL,Jupiter Life Line Hospitals Limited,Healthcare,Medical Care Facilities,318.20001220703125,False,185.0,False,True,Sector: Healthcare,-2.52,10.54,False,1248.0,1198.0,True,EXIT
VOLTAMP,Voltamp Transformers Limited,Industrials,Electrical Equipment & Parts,10093.5,False,317.0,False,True,Sector: Industrials,11.48,21.32,True,2274.0,2154.0,True,HOLD
SANOFICONR,SANOFICONR,Healthcare,Drug Manufacturers - General,4336.60009765625,False,266.0,True,False,Sector: Healthcare,-32.12,-18.78,False,950.0,878.0,True,EXIT
BBTC,The Bombay Burmah Trading Corporation Limited,Consumer Defensive,Packaged Foods,1473.199951171875,False,185.0,False,False,Sector: Consumer Defensive,-34.55,-22.48,False,293.0,302.0,False,EXIT
BLUEJET,Blue Jet Healthcare Limited,Healthcare,Biotechnology,607.25,False,235.0,False,True,Sector: Healthcare,-37.12,-23.73,False,886.0,1030.0,False,EXIT
JAINREC,JAINREC,Basic Materials,Other Industrial Metals & Mining,296.20001220703125,False,360.0,True,False,Sector: Basic Materials,,,False,10403.0,9231.0,True,EXIT
SAREGAMA,Saregama India Limited,Communication Services,Entertainment,513.9500122070312,False,227.0,True,True,Sector: Communication Services,18.99,5.55,True,852.0,1009.0,False,HOLD
FIRSTCRY,FIRSTCRY,Consumer Cyclical,Internet Retail,204.64999389648438,False,127.0,False,False,Sector: Consumer Cyclical,-56.36,-47.86,False,2820.0,2732.0,True,EXIT
THYROCARE,Thyrocare Technologies Limited,Healthcare,Diagnostics & Research,608.25,False,163.0,True,True,Sector: Healthcare,18.28,31.14,True,821.0,774.0,True,HOLD
KIRLPNU,Kirloskar Pneumatic Company Limited,Industrials,Specialty Industrial Machinery,760.2000122070312,False,264.0,True,True,Sector: Industrials,6.77,16.62,True,1788.0,1759.0,True,HOLD
AFCONS,AFCONS,Industrials,Engineering & Construction,280.25,False,191.0,False,False,Sector: Industrials,-47.04,-37.01,False,11246.0,12907.0,False,EXIT
WHIRLPOOL,Whirlpool of India Limited,Consumer Cyclical,"Furnishings, Fixtures & Appliances",769.0,False,196.0,False,False,Sector: Consumer Cyclical,-50.83,-42.36,False,7739.0,7474.0,True,EXIT
RELAXO,Relaxo Footwears Limited,Consumer Cyclical,Footwear & Accessories,383.95001220703125,False,185.0,False,True,Sector: Consumer Cyclical,-28.83,-20.44,False,2753.0,2914.0,False,EXIT
PGHL,Procter & Gamble Health Limited,Healthcare,Drug Manufacturers - Specialty & Generic,5838.0,False,357.0,False,True,Sector: Healthcare,-26.0,-12.72,False,1433.0,1408.0,True,EXIT
FINPIPE,Finolex Industries Limited,Industrials,Building Products & Equipment,158.33999633789062,False,591.0,False,False,Sector: Industrials,-36.14,-26.15,False,3954.0,4647.0,False,EXIT
ZEEL,Zee Entertainment Enterprises Limited,Communication Services,Broadcasting,105.31999969482422,False,56.0,False,True,Sector: Communication Services,-3.28,-16.2,False,7664.0,8075.0,False,EXIT
WEWORK,WEWORK,Real Estate,Real Estate Services,696.0499877929688,False,82.0,False,True,Sector: Real Estate,,,False,2578.0,2432.0,True,EXIT
ALKYLAMINE,Alkyl Amines Chemicals Limited,Basic Materials,Specialty Chemicals,1894.5999755859375,False,225.0,False,True,Sector: Basic Materials,-16.66,-12.54,False,1658.0,1683.0,False,EXIT
INTELLECT,Intellect Design Arena Limited,Technology,Software - Application,695.9500122070312,False,198.0,False,False,Sector: Technology,-40.42,-30.96,False,1739.0,1679.0,True,EXIT
BATAINDIA,Bata India Limited,Consumer Cyclical,Footwear & Accessories,753.0999755859375,False,146.0,False,False,Sector: Consumer Cyclical,-43.47,-35.03,False,3553.0,3515.0,True,EXIT
ELECON,Elecon Engineering Company Limited,Industrials,Specialty Industrial Machinery,433.95001220703125,False,296.0,False,False,Sector: Industrials,-35.5,-25.51,False,2004.0,2016.0,False,EXIT
QPOWER,QPOWER,Industrials,Electrical Equipment & Parts,1325.0999755859375,False,69.0,True,True,Sector: Industrials,56.79,66.48,True,247.0,222.0,True,HOLD
SUVEN,Suven Life Sciences Limited,Healthcare,Drug Manufacturers - Specialty & Generic,339.8999938964844,False,-56.0,False,True,Sector: Healthcare,29.48,42.24,True,9.0,625.0,False,HOLD
PRICOLLTD,Pricol Limited,Consumer Cyclical,Auto Parts,800.0499877929688,True,218.0,True,True,Sector: Consumer Cyclical,69.24,77.25,True,3265.0,3096.0,True,ADD
MMTC,MMTC Limited,Industrials,Conglomerates,63.540000915527344,False,269.0,False,False,Sector: Industrials,-13.91,-3.99,False,3.0,28979.0,False,EXIT
SANDUMA,The Sandur Manganese & Iron Ores Limited,Basic Materials,Steel,200.0,False,576.0,False,False,Sector: Basic Materials,23.31,27.27,True,2128.0,2249.0,False,EXIT
KRN,KRN,Technology,Electronic Components,1522.0999755859375,True,74.0,True,True,Sector: Technology,51.17,59.75,True,744.0,676.0,True,ADD
ESABINDIA,ESAB India Limited,Industrials,Tools & Accessories,6177.5,False,222.0,True,True,Sector: Industrials,3.36,13.23,True,1577.0,1508.0,True,HOLD
TEJASNET,Tejas Networks Limited,Technology,Communication Equipment,519.2999877929688,False,-925.0,False,True,Sector: Technology,-26.58,-17.25,False,1301.0,8916.0,False,EXIT
SWANCORP,Swan Corp Limited,Industrials,Conglomerates,304.54998779296875,False,20.0,False,False,Sector: Industrials,-47.24,-37.21,False,221.0,860.0,False,EXIT
TIMETECHNO,Time Technoplast Limited,Consumer Cyclical,Packaging & Containers,185.6699981689453,False,229.0,True,False,Sector: Consumer Cyclical,-31.39,-22.99,False,3105.0,2880.0,True,EXIT
RPOWER,Reliance Power Limited,Utilities,Utilities - Independent Power Producers,22.450000762939453,False,15.0,False,False,NIFTY ENERGY,-67.44,-56.06,False,1.0,136.0,False,EXIT
PCJEWELLER,PC Jeweller Limited,Consumer Cyclical,Luxury Goods,9.619999885559082,False,718.0,True,False,Sector: Consumer Cyclical,-39.12,-30.69,False,3432.0,9486.0,False,EXIT
ELANTAS,ELANTAS Beck India Limited,Basic Materials,Specialty Chemicals,11701.5,False,178.0,True,False,Sector: Basic Materials,,,False,937.0,848.0,True,EXIT
WAAREERTL,Waaree Renewable Technologies Limited,Industrials,Engineering & Construction,890.0999755859375,False,510.0,True,False,Sector: Industrials,-27.23,-17.27,False,3539.0,3331.0,True,EXIT
SGMART,SG Mart Limited,Industrials,Industrial Distribution,804.9500122070312,True,91.0,False,True,Sector: Industrials,,,False,5659.0,5540.0,True,EXIT
TSFINV,TSF Investments Limited,Financial Services,Asset Management,416.70001220703125,False,314.0,False,False,Sector: Financial Services,-22.02,-18.58,False,352.0,388.0,False,EXIT
RAILTEL,RailTel Corporation of India Limited,Communication Services,Telecom Services,277.1499938964844,False,346.0,True,False,Sector: Communication Services,-11.4,-24.12,False,4427.0,4277.0,True,EXIT
WESTLIFE,Westlife Foodworld Limited,Consumer Cyclical,Restaurants,587.75,False,5.94,False,True,Sector: Consumer Cyclical,-27.81,-19.42,False,7.26,62.53,False,EXIT
CYIENT,Cyient Limited,Industrials,Conglomerates,858.5499877929688,False,180.0,False,False,Sector: Industrials,-41.09,-31.08,False,2494.0,2461.0,True,EXIT
SONATSOFTW,Sonata Software Limited,Technology,Information Technology Services,309.45001220703125,False,297.0,False,True,Sector: Technology,-25.79,-16.47,False,1532.0,1367.0,True,EXIT
PNGJL,PNGJL,Consumer Cyclical,Luxury Goods,607.8499755859375,False,436.0,True,True,Sector: Consumer Cyclical,-4.89,3.41,False,11319.0,10641.0,True,HOLD
TARIL,TARIL,Industrials,Electrical Equipment & Parts,297.5,False,215.0,False,False,Sector: Industrials,-52.3,-42.26,False,2444.0,2395.0,True,EXIT
STAR,Strides Pharma Science Limited,Healthcare,Drug Manufacturers - Specialty & Generic,949.0999755859375,False,243.0,False,False,Sector: Healthcare,-5.02,8.07,False,2264.0,2180.0,True,EXIT
SUDARSCHEM,Sudarshan Chemical Industries Limited,Basic Materials,Specialty Chemicals,1130.5999755859375,False,275.0,False,True,Sector: Basic Materials,-28.16,-23.98,False,2543.0,2534.0,True,EXIT
GALAXYSURF,Galaxy Surfactants Limited,Basic Materials,Specialty Chemicals,2438.39990234375,False,216.0,True,True,Sector: Basic Materials,3.52,7.57,True,3981.0,3586.0,True,HOLD
KRBL,KRBL Limited,Consumer Defensive,Packaged Foods,393.6000061035156,False,758.0,True,True,Sector: Consumer Defensive,-30.61,-18.6,False,6009.0,6098.0,False,HOLD
BANCOINDIA,Banco Products (India) Limited,Consumer Cyclical,Auto Parts,628.5499877929688,False,415.0,False,False,Sector: Consumer Cyclical,-3.32,4.98,False,1286.0,1245.0,True,EXIT
NCC,NCC Limited,Industrials,Engineering & Construction,140.3800048828125,False,574.0,False,False,Sector: Industrials,-48.29,-38.26,False,17997.0,19206.0,False,EXIT
VESUVIUS,Vesuvius India Limited,Industrials,Specialty Industrial Machinery,434.8999938964844,False,256.0,False,False,Sector: Industrials,-29.37,-19.4,False,2134.0,2104.0,True,EXIT
CLEAN,Clean Science and Technology Limited,Basic Materials,Specialty Chemicals,831.9000244140625,False,248.0,False,True,Sector: Basic Materials,-35.03,-30.83,False,803.0,936.0,False,EXIT
BSOFT,Birlasoft Limited,Technology,Information Technology Services,305.54998779296875,False,412.0,True,False,Sector: Technology,-29.77,-20.41,False,3025.0,2822.0,True,EXIT
JAYNECOIND,Jayaswal Neco Industries Limited,Basic Materials,Steel,90.2300033569336,False,564.0,False,True,Sector: Basic Materials,37.01,40.92,True,7589.0,7132.0,True,HOLD
LEMONTREE,Lemon Tree Hotels Limited,Consumer Cyclical,Lodging,109.0199966430664,False,114.0,True,False,Sector: Consumer Cyclical,-45.23,-36.77,False,454.0,442.0,True,EXIT
TIPSMUSIC,Tips Music Limited,Communication Services,Entertainment,655.7000122070312,False,215.0,False,True,Sector: Communication Services,22.93,9.39,True,394.0,376.0,True,HOLD
EUREKAFORB,Eureka Forbes Limited,Consumer Cyclical,"Furnishings, Fixtures & Appliances",431.95001220703125,False,177.0,True,False,Sector: Consumer Cyclical,-32.13,-23.73,False,2804.0,2710.0,True,EXIT
EMBDL,Embassy Developments Limited,Real Estate,Real Estate - Diversified,63.040000915527344,False,-285.0,False,False,Sector: Real Estate,-25.7,-39.13,False,316.0,2111.0,False,EXIT
GENUSPOWER,Genus Power Infrastructures Limited,Industrials,Electrical Equipment & Parts,314.54998779296875,False,639.0,True,True,Sector: Industrials,-22.66,-12.71,False,5160.0,4737.0,True,HOLD
EQUITASBNK,Equitas Small Finance Bank Limited,Financial Services,Banks - Regional,76.12000274658203,False,510.0,False,True,Sector: Financial Services,34.04,37.13,True,7106.0,6794.0,True,HOLD
KWIL,KWIL,Consumer Defensive,Packaged Foods,38.099998474121094,True,-335.0,False,False,Sector: Consumer Defensive,,,False,1909.0,0.0,True,EXIT
GRINFRA,G R Infraprojects Limited,Industrials,Engineering & Construction,868.7999877929688,False,984.0,False,False,Sector: Industrials,-43.06,-33.05,False,8218.0,8148.0,True,EXIT
LOTUSDEV,LOTUSDEV,Industrials,Engineering & Construction,169.83999633789062,False,84.0,False,True,Sector: Industrials,-22.89,-12.94,False,116.0,387.0,False,EXIT
PRECWIRE,Precision Wires India Limited,Industrials,Electrical Equipment & Parts,458.20001220703125,True,175.0,True,True,Sector: Industrials,141.65,151.07,True,6127.0,5410.0,True,ADD
GNFC,Gujarat Narmada Valley Fertilizers & Chemicals Limited,Basic Materials,Chemicals,609.75,False,1029.0,False,True,Sector: Basic Materials,9.05,13.07,True,8410.0,10227.0,False,HOLD
CELLO,Cello World Limited,Consumer Cyclical,"Furnishings, Fixtures & Appliances",362.6000061035156,False,77.0,False,False,Sector: Consumer Cyclical,-42.58,-34.14,False,1091.0,1116.0,False,EXIT
MAHLIFE,Mahindra Lifespace Developers Limited,Real Estate,Real Estate - Development,384.1499938964844,False,196.0,False,True,Sector: Real Estate,22.36,7.66,True,1166.0,860.0,True,HOLD
MAHSEAMLES,Maharashtra Seamless Limited,Basic Materials,Steel,620.9000244140625,False,755.0,False,True,Sector: Basic Materials,-14.27,-10.15,False,4620.0,5707.0,False,EXIT
BORORENEW,Borosil Renewables Limited,Technology,Solar,563.6500244140625,False,381.0,True,True,Sector: Technology,-11.68,-2.49,False,1608.0,1530.0,True,HOLD
TTKPRESTIG,TTK Prestige Limited,Consumer Cyclical,"Furnishings, Fixtures & Appliances",594.5999755859375,False,217.0,False,True,Sector: Consumer Cyclical,-20.18,-11.83,False,2969.0,2773.0,True,EXIT
YATHARTH,Yatharth Hospital & Trauma Care Services Limited,Healthcare,Medical Care Facilities,854.0,True,96.0,True,True,Sector: Healthcare,2.49,15.51,True,636.0,592.0,True,ADD
SJS,S.J.S. Enterprises Limited,Consumer Cyclical,Auto Parts,2500.199951171875,True,164.0,True,True,Sector: Consumer Cyclical,74.39,82.38,True,587.0,565.0,True,ADD
STARCEMENT,Star Cement Limited,Basic Materials,Building Materials,199.02000427246094,False,130.0,False,False,Sector: Basic Materials,-37.83,-33.61,False,2415.0,2894.0,False,EXIT
AVL,Aditya Vision Limited,Consumer Cyclical,Specialty Retail,614.1500244140625,False,139.0,True,True,Sector: Consumer Cyclical,9.81,18.05,True,2924.0,2672.0,True,HOLD
RELIGARE,Religare Enterprises Limited,Financial Services,Insurance - Life,231.5500030517578,False,-37.0,False,False,Sector: Financial Services,-14.06,-10.67,False,6.0,497.0,False,EXIT
KINGFA,Kingfa Science & Technology (India) Limited,Basic Materials,Specialty Chemicals,5974.5,True,226.0,True,True,Sector: Basic Materials,27.83,31.78,True,2222.0,1996.0,True,ADD
GAEL,Gujarat Ambuja Exports Limited,Consumer Defensive,Packaged Foods,177.75999450683594,False,417.0,False,True,Sector: Consumer Defensive,56.26,67.07,True,6032.0,5729.0,True,HOLD
V2RETAIL,V2 Retail Limited,Consumer Cyclical,Apparel Retail,219.5800018310547,False,177.0,True,True,Sector: Consumer Cyclical,10.95,19.19,True,3428.0,3060.0,True,HOLD
RHIM,RHI Magnesita India Limited,Industrials,Metal Fabrication,380.0,False,-436.0,False,False,Sector: Industrials,-36.38,-26.39,False,3415.0,3357.0,True,EXIT
EPL,EPL Limited,Consumer Cyclical,Packaging & Containers,246.0,False,285.0,False,True,Sector: Consumer Cyclical,-6.22,2.09,False,1449.0,1383.0,True,EXIT
MIDHANI,Mishra Dhatu Nigam Limited,Basic Materials,Steel,437.5,False,134.0,False,True,Sector: Basic Materials,4.74,8.78,True,1278.0,1209.0,True,HOLD
SKFINDIA,SKF India Limited,Industrials,Tools & Accessories,1621.4000244140625,False,209.0,False,False,Sector: Industrials,-75.22,-65.1,False,2255.0,4570.0,False,EXIT
POWERMECH,Power Mech Projects Limited,Industrials,Engineering & Construction,2443.800048828125,False,344.0,True,True,Sector: Industrials,-34.83,-24.85,False,4970.0,4728.0,True,HOLD
UNIMECH,UNIMECH,Industrials,Aerospace & Defense,1517.4000244140625,True,16.0,False,True,Sector: Industrials,27.79,37.57,True,37.0,44.0,False,HOLD
KENNAMET,Kennametal India Limited,Industrials,Tools & Accessories,3502.199951171875,True,,False,False,Sector: Industrials,,,False,,1511.0,False,EXIT
TANLA,Tanla Platforms Limited,Technology,Software - Application,576.75,False,167.0,False,True,Sector: Technology,-19.51,-10.25,False,792.0,1247.0,False,EXIT
AARTIPHARM,Aarti Pharmalabs Limited,Healthcare,Drug Manufacturers - Specialty & Generic,874.5499877929688,False,208.0,False,True,Sector: Healthcare,-13.28,-0.11,False,1957.0,1798.0,True,EXIT
IXIGO,IXIGO,Consumer Cyclical,Travel Services,172.25999450683594,False,108.0,True,False,Sector: Consumer Cyclical,-48.42,-39.96,False,1229.0,1208.0,True,EXIT
GPPL,Gujarat Pipavav Port Limited,Industrials,Marine Shipping,160.47999572753906,False,547.0,True,False,Sector: Industrials,-8.96,0.94,False,1240.0,1158.0,True,EXIT
SFL,Sheela Foam Limited,Consumer Cyclical,"Furnishings, Fixtures & Appliances",668.7999877929688,False,164.0,False,True,Sector: Consumer Cyclical,-13.54,-5.21,False,3089.0,2962.0,True,EXIT
WELENT,Welspun Enterprises Limited,Industrials,Engineering & Construction,575.8499755859375,False,282.0,False,True,Sector: Industrials,10.84,20.68,True,2535.0,2827.0,False,HOLD
DYNAMATECH,Dynamatic Technologies Limited,Consumer Cyclical,Auto Parts,11770.0,False,39.0,False,True,Sector: Consumer Cyclical,68.18,76.2,True,807.0,784.0,True,HOLD
GMRP&UI,GMR Power And Urban Infra Limited,Energy,Thermal Coal,96.30000305175781,False,-270.0,False,False,Sector: Energy,-48.21,-20.54,False,336.0,1568.0,False,EXIT
IMFA,Indian Metals and Ferro Alloys Limited,Basic Materials,Other Industrial Metals & Mining,1418.4000244140625,False,524.0,True,True,Sector: Basic Materials,58.59,62.41,True,3145.0,2826.0,True,HOLD
CERA,Cera Sanitaryware Limited,Industrials,Building Products & Equipment,5792.0,False,203.0,False,True,Sector: Industrials,-22.65,-12.7,False,2097.0,2050.0,True,EXIT
NEWGEN,Newgen Software Technologies Limited,Technology,Software - Infrastructure,528.4500122070312,False,296.0,True,False,Sector: Technology,-50.65,-41.09,False,1444.0,1420.0,True,EXIT
SAPPHIRE,Sapphire Foods India Limited,Consumer Cyclical,Restaurants,231.99000549316406,False,-32.0,False,True,Sector: Consumer Cyclical,-38.4,-29.97,False,2720.0,2625.0,True,EXIT
TTML,Tata Teleservices (Maharashtra) Limited,Communication Services,Telecom Services,37.849998474121094,False,38.0,True,False,Sector: Communication Services,-24.57,-36.98,False,1178.0,2972.0,False,EXIT
ORKLAINDIA,ORKLAINDIA,Consumer Defensive,Packaged Foods,545.5499877929688,False,290.0,False,False,Sector: Consumer Defensive,,,False,2521.0,2464.0,True,EXIT
ICIL,Indo Count Industries Limited,Consumer Cyclical,Textile Manufacturing,437.70001220703125,True,171.0,False,True,Sector: Consumer Cyclical,64.0,72.03,True,3185.0,3772.0,False,HOLD
INOXGREEN,Inox Green Energy Services Limited,Utilities,Utilities - Renewable,179.66000366210938,False,59.0,True,False,Sector: Utilities,40.93,14.52,True,228.0,592.0,False,HOLD
SANOFI,Sanofi India Limited,Healthcare,Drug Manufacturers - General,3242.10009765625,False,324.0,False,False,Sector: Healthcare,-53.46,-39.91,False,1805.0,3071.0,False,EXIT
SMLMAH,SMLMAH,Consumer Cyclical,Auto Manufacturers,5309.5,False,156.0,False,True,Sector: Consumer Cyclical,7.57,15.82,True,2950.0,2838.0,True,HOLD
MBAPL,Madhya Bharat Agro Products Limited,Basic Materials,Agricultural Inputs,162.47000122070312,True,155.0,True,True,Sector: Basic Materials,80.14,83.88,True,1874.0,1866.0,True,ADD
BECTORFOOD,Mrs. Bectors Food Specialities Limited,Consumer Defensive,Packaged Foods,260.9200134277344,False,129.0,True,True,Sector: Consumer Defensive,-20.13,-8.26,False,1968.0,1899.0,True,HOLD
GARFIBRES,Garware Technical Fibres Limited,Consumer Cyclical,Textile Manufacturing,775.7000122070312,False,205.0,False,True,Sector: Consumer Cyclical,-14.98,-6.65,False,1472.0,1481.0,False,EXIT
ETHOSLTD,Ethos Limited,Consumer Cyclical,Luxury Goods,2892.199951171875,False,103.0,True,True,Sector: Consumer Cyclical,-0.51,7.77,False,1717.0,1613.0,True,HOLD
SAFARI,Safari Industries (India) Limited,Consumer Cyclical,Footwear & Accessories,1482.800048828125,False,114.0,False,False,Sector: Consumer Cyclical,-37.32,-28.9,False,2102.0,2043.0,True,EXIT
JYOTHYLAB,Jyothy Labs Limited,Consumer Defensive,Household & Personal Products,210.67999267578125,False,284.0,False,False,Sector: Consumer Defensive,-52.17,-39.86,False,2966.0,2944.0,True,EXIT
NESCO,Nesco Limited,Industrials,Conglomerates,1034.699951171875,False,417.0,True,False,Sector: Industrials,-39.81,-29.81,False,951.0,932.0,True,EXIT
INDIASHLTR,India Shelter Finance Corporation Limited,Financial Services,Mortgage Finance,669.0499877929688,False,529.0,True,False,Sector: Financial Services,-31.43,-27.94,False,1601.0,1530.0,True,EXIT
EMIL,Electronics Mart India Limited,Consumer Cyclical,Specialty Retail,191.35000610351562,False,206.0,True,True,Sector: Consumer Cyclical,36.47,44.6,True,7863.0,7183.0,True,HOLD
MAXESTATES,MAXESTATES,Real Estate,Real Estate - Development,477.8500061035156,False,46.0,False,True,Sector: Real Estate,16.52,1.97,True,61.0,55.0,True,HOLD
SUPRAJIT,Suprajit Engineering Limited,Consumer Cyclical,Auto Parts,527.7999877929688,False,273.0,False,True,Sector: Consumer Cyclical,4.15,12.41,True,1920.0,1840.0,True,HOLD
HNDFDS,Hindustan Foods Limited,Industrials,Conglomerates,635.5999755859375,False,128.0,True,True,Sector: Industrials,7.99,17.84,True,3420.0,3276.0,True,HOLD
OMNI,OMNI,Industrials,Specialty Industrial Machinery,581.5999755859375,False,101.0,True,False,Sector: Industrials,,,False,575.0,512.0,True,EXIT
KIRLFER,Kirloskar Ferrous Industries Limited,Industrials,Metal Fabrication,435.8500061035156,False,355.0,False,False,Sector: Industrials,,,False,6935.0,6889.0,True,EXIT
INDIAGLYCO,India Glycols Limited,Basic Materials,Chemicals,1139.199951171875,True,306.0,True,True,Sector: Basic Materials,22.12,26.09,True,4299.0,4211.0,True,ADD
SHARDACROP,Sharda Cropchem Limited,Basic Materials,Agricultural Inputs,771.0999755859375,False,704.0,True,False,Sector: Basic Materials,-26.47,-22.3,False,4774.0,4631.0,True,EXIT
HMT,HMT Limited,Industrials,Farm & Heavy Construction Machinery,60.959999084472656,False,16.0,False,True,Sector: Industrials,-4.4,5.49,False,25.0,59.0,False,EXIT
RBA,Restaurant Brands Asia Limited,Consumer Cyclical,Restaurants,106.33999633789062,False,-151.0,False,True,Sector: Consumer Cyclical,20.36,28.56,True,2402.0,2272.0,True,HOLD
TCI,Transport Corporation of India Limited,Industrials,Integrated Freight & Logistics,910.2999877929688,False,440.0,False,False,Sector: Industrials,-33.67,-23.69,False,4311.0,4225.0,True,EXIT
RAIN,Rain Industries Limited,Basic Materials,Specialty Chemicals,203.74000549316406,False,14.0,False,True,Sector: Basic Materials,26.36,30.31,True,137.0,141.0,False,HOLD
NEPHROPLUS,NEPHROPLUS,Healthcare,Medical Care Facilities,699.0999755859375,False,-1.0,False,False,Sector: Healthcare,,,False,651.0,630.0,True,EXIT
TIIL,Technocraft Industries (India) Limited,Industrials,Tools & Accessories,3280.199951171875,False,272.0,True,True,Sector: Industrials,5.43,15.29,True,2094.0,2091.0,True,HOLD
KSHINTL,KSHINTL,Industrials,Electrical Equipment & Parts,999.4500122070312,True,130.0,True,False,Sector: Industrials,,,False,3712.0,3107.0,True,EXIT
BIRLACORPN,Birla Corporation Limited,Basic Materials,Building Materials,895.5499877929688,False,213.0,False,False,Sector: Basic Materials,-36.76,-32.55,False,5514.0,5697.0,False,EXIT
GANESHHOU,Ganesh Housing Limited,Real Estate,Real Estate - Development,847.0,False,92.0,False,True,Sector: Real Estate,6.73,-7.55,False,395.0,675.0,False,EXIT
POWERICA,POWERICA,Industrials,Specialty Industrial Machinery,560.6500244140625,False,220.0,True,False,Sector: Industrials,,,False,2760.0,2594.0,True,EXIT
BALAMINES,Balaji Amines Limited,Basic Materials,Specialty Chemicals,2103.699951171875,False,198.0,False,True,Sector: Basic Materials,30.71,34.64,True,1395.0,1914.0,False,HOLD
JKPAPER,JK Paper Limited,Basic Materials,Paper & Paper Products,385.45001220703125,False,267.0,False,True,Sector: Basic Materials,2.45,6.5,True,6488.0,6632.0,False,HOLD
RCF,Rashtriya Chemicals and Fertilizers Limited,Basic Materials,Agricultural Inputs,121.19000244140625,False,450.0,False,False,Sector: Basic Materials,-28.02,-23.85,False,18695.0,21452.0,False,EXIT
GOKULAGRO,Gokul Agro Resources Limited,Consumer Defensive,Packaged Foods,236.9199981689453,True,356.0,True,True,Sector: Consumer Defensive,29.65,40.83,True,22571.0,22121.0,True,ADD
JKLAKSHMI,JK Lakshmi Cement Limited,Basic Materials,Building Materials,556.0,False,385.0,False,False,Sector: Basic Materials,-46.77,-42.52,False,6926.0,6788.0,True,EXIT
ABFRL,Aditya Birla Fashion and Retail Limited,Consumer Cyclical,Apparel Manufacturing,54.970001220703125,False,-409.0,False,False,Sector: Consumer Cyclical,-41.81,-33.37,False,6101.0,11737.0,False,EXIT
SENORES,SENORES,Healthcare,Drug Manufacturers - General,1537.5,True,19.0,False,True,Sector: Healthcare,99.9,112.0,True,124.0,106.0,True,HOLD
REDTAPE,REDTAPE Limited,Consumer Cyclical,Footwear & Accessories,124.70999908447266,False,252.0,True,False,Sector: Consumer Cyclical,-9.72,-1.41,False,2432.0,2415.0,True,EXIT
KMEW,Knowledge Marine & Engineering Works Limited,Industrials,Marine Shipping,2706.199951171875,True,132.0,True,True,Sector: Industrials,172.6,181.92,True,307.0,225.0,True,ADD
DBL,Dilip Buildcon Limited,Industrials,Engineering & Construction,421.20001220703125,False,758.0,False,False,Sector: Industrials,-25.73,-15.77,False,6925.0,10537.0,False,EXIT
DODLA,Dodla Dairy Limited,Consumer Defensive,Food Distribution,1094.699951171875,False,188.0,False,False,Sector: Consumer Defensive,-32.19,-20.15,False,3477.0,3422.0,True,EXIT
CAMPUS,Campus Activewear Limited,Consumer Cyclical,Footwear & Accessories,216.6300048828125,False,154.0,True,False,Sector: Consumer Cyclical,-28.92,-20.53,False,1816.0,1774.0,True,EXIT
AJAXENGG,AJAXENGG,Industrials,Farm & Heavy Construction Machinery,558.4000244140625,False,228.0,False,True,Sector: Industrials,-30.22,-20.25,False,2111.0,2103.0,True,EXIT
KOVAI,Kovai Medical Center and Hospital Limited,Healthcare,Medical Care Facilities,6013.0,True,256.0,True,False,Sector: Healthcare,,,False,1644.0,1586.0,True,EXIT
STYL,STYL,Technology,Software - Infrastructure,393.95001220703125,False,269.0,True,True,Sector: Technology,,,False,1506.0,1558.0,False,HOLD
RPEL,Raghav Productivity Enhancers Limited,Basic Materials,Chemicals,1495.199951171875,True,35.0,True,True,Sector: Basic Materials,142.3,145.78,True,118.0,138.0,False,ADD
BAJAJCON,Bajaj Consumer Care Limited,Consumer Defensive,Household & Personal Products,484.04998779296875,False,225.0,False,True,Sector: Consumer Defensive,97.99,108.21,True,1188.0,1092.0,True,HOLD
JSLL,JSLL,Healthcare,Medical Care Facilities,507.95001220703125,False,237.0,True,False,Sector: Healthcare,-43.46,-30.01,False,851.0,801.0,True,EXIT
EBGNG,EBGNG,Technology,Computer Hardware,570.7000122070312,False,46.0,True,True,Sector: Technology,62.06,70.54,True,985.0,918.0,True,HOLD
JAIBALAJI,Jai Balaji Industries Limited,Basic Materials,Steel,67.81999969482422,False,145.0,False,False,Sector: Basic Materials,-39.13,-34.91,False,6110.0,6414.0,False,EXIT
VMART,V-Mart Retail Limited,Consumer Cyclical,Department Stores,809.4000244140625,False,138.0,True,True,Sector: Consumer Cyclical,-5.33,2.97,False,3993.0,3789.0,True,HOLD
SPARC,Sun Pharma Advanced Research Company Limited,Healthcare,Drug Manufacturers - Specialty & Generic,192.92999267578125,False,1583.0,True,True,Sector: Healthcare,19.94,32.79,True,1909.0,1879.0,True,HOLD
GREENLAM,Greenlam Industries Limited,Consumer Cyclical,"Furnishings, Fixtures & Appliances",255.64999389648438,False,136.0,False,True,Sector: Consumer Cyclical,0.12,8.4,True,2442.0,2415.0,True,HOLD
SUNFLAG,Sunflag Iron and Steel Company Limited,Basic Materials,Steel,357.3999938964844,False,203.0,False,True,Sector: Basic Materials,11.26,15.27,True,3995.0,3939.0,True,HOLD
GSFC,Gujarat State Fertilizers & Chemicals Limited,Basic Materials,Agricultural Inputs,160.42999267578125,False,673.0,False,False,Sector: Basic Materials,-30.96,-26.78,False,12237.0,11298.0,True,EXIT
LEAPIND,LEAP India Limited,Industrials,Integrated Freight & Logistics,160.3000030517578,True,,False,False,Sector: Industrials,,,False,,,False,EXIT
SUPRIYA,Supriya Lifescience Limited,Healthcare,Biotechnology,801.6500244140625,False,198.0,False,True,Sector: Healthcare,0.87,13.91,True,873.0,828.0,True,HOLD
PICCADIL,Piccadily Agro Industries Limited,Consumer Defensive,Beverages - Wineries & Distilleries,692.8499755859375,False,142.0,True,True,Sector: Consumer Defensive,1.53,13.1,True,1075.0,1038.0,True,HOLD
KUSUMGAR,KUSUMGAR,Consumer Cyclical,Textile Manufacturing,595.0,False,,False,False,Sector: Consumer Cyclical,,,False,,806.0,False,EXIT
AXISCADES,AXISCADES Technologies Limited,Industrials,Engineering & Construction,1607.0999755859375,False,-9.0,False,True,Sector: Industrials,20.97,30.77,True,234.0,398.0,False,HOLD
HAPPSTMNDS,Happiest Minds Technologies Limited,Technology,Information Technology Services,419.95001220703125,False,177.0,False,True,Sector: Technology,-39.42,-29.96,False,1967.0,1726.0,True,EXIT
KPIGREEN,KPI Green Energy Limited,Utilities,Utilities - Renewable,308.8999938964844,False,387.0,False,False,Sector: Utilities,-22.4,-43.53,False,2106.0,1990.0,True,EXIT
TRANSRAILL,TRANSRAILL,Industrials,Engineering & Construction,459.0,False,413.0,True,False,Sector: Industrials,-53.74,-43.69,False,6957.0,6879.0,True,EXIT
PAISALO,Paisalo Digital Limited,Financial Services,Credit Services,67.56999969482422,False,249.0,True,True,Sector: Financial Services,116.17,118.74,True,962.0,917.0,True,HOLD
ACI,Archean Chemical Industries Limited,Basic Materials,Chemicals,512.9000244140625,False,143.0,False,False,Sector: Basic Materials,-31.82,-27.63,False,1079.0,1441.0,False,EXIT
FIEMIND,Fiem Industries Limited,Consumer Cyclical,Auto Parts,2219.10009765625,False,263.0,True,False,Sector: Consumer Cyclical,-0.64,7.65,False,2931.0,2814.0,True,EXIT
STYLAMIND,Stylam Industries Limited,Consumer Cyclical,"Furnishings, Fixtures & Appliances",3736.39990234375,True,169.0,True,True,Sector: Consumer Cyclical,114.5,122.34,True,1173.0,1129.0,True,ADD
SHAKTIPUMP,Shakti Pumps (India) Limited,Industrials,Specialty Industrial Machinery,498.3500061035156,False,192.0,False,False,Sector: Industrials,-54.16,-44.11,False,2854.0,2643.0,True,EXIT
ENTERO,Entero Healthcare Solutions Limited,Healthcare,Medical Distribution,1408.199951171875,False,23.0,False,True,Sector: Healthcare,-4.05,9.02,False,352.0,409.0,False,EXIT
PRAJIND,Praj Industries Limited,Industrials,Engineering & Construction,336.5,False,126.0,False,True,Sector: Industrials,-30.21,-20.24,False,2615.0,3153.0,False,EXIT
JSFB,Jana Small Finance Bank Limited,Financial Services,Banks - Regional,575.0,False,380.0,False,True,Sector: Financial Services,11.21,14.43,True,5637.0,5353.0,True,HOLD
AEROFLEX,Aeroflex Industries Limited,Industrials,Metal Fabrication,485.8500061035156,True,67.0,True,True,Sector: Industrials,149.22,158.61,True,472.0,412.0,True,ADD
SIS,SIS Limited,Industrials,Security & Protection Services,413.6000061035156,False,64.0,False,True,Sector: Industrials,2.57,12.44,True,5635.0,5456.0,True,HOLD
DBREALTY,Valor Estate Limited,Real Estate,Real Estate - Development,106.4800033569336,False,72.0,False,False,Sector: Real Estate,-28.82,-42.17,False,529.0,529.0,True,EXIT
CORDELIA,CORDELIA,Industrials,Marine Shipping,830.0,False,,False,False,Sector: Industrials,,,False,,583.0,False,EXIT
IBULLSLTD,IBULLSLTD,Real Estate,Real Estate - Development,26.979999542236328,False,-13.0,False,True,Sector: Real Estate,80.46,64.23,True,136.0,116.0,True,HOLD
NEOGEN,Neogen Chemicals Limited,Basic Materials,Specialty Chemicals,2328.5,True,52.0,True,True,Sector: Basic Materials,55.36,59.2,True,923.0,855.0,True,ADD
SETL,Standard Engineering Technology Limited,Industrials,Specialty Industrial Machinery,308.8500061035156,True,43.0,True,True,Sector: Industrials,55.33,65.03,True,293.0,259.0,True,ADD
SBCL,Shivalik Bimetal Controls Limited,Industrials,Metal Fabrication,1026.8499755859375,False,87.0,True,True,Sector: Industrials,82.13,91.74,True,477.0,462.0,True,HOLD
ARVINDFASN,Arvind Fashions Limited,Consumer Cyclical,Apparel Retail,438.04998779296875,False,9.0,False,False,Sector: Consumer Cyclical,-24.61,-16.24,False,728.0,1010.0,False,EXIT
ITDC,India Tourism Development Corporation Limited,Consumer Cyclical,Lodging,692.9500122070312,False,84.0,True,True,Sector: Consumer Cyclical,14.34,22.57,True,530.0,565.0,False,HOLD
SKIPPER,Skipper Limited,Industrials,Engineering & Construction,538.9500122070312,False,219.0,True,True,Sector: Industrials,-13.04,-3.13,False,5609.0,5553.0,True,HOLD
INNOVACAP,Innova Captab Limited,Healthcare,Drug Manufacturers - Specialty & Generic,1043.0,False,95.0,True,True,Sector: Healthcare,-0.02,13.02,False,1412.0,1299.0,True,HOLD
LATENTVIEW,Latent View Analytics Limited,Industrials,Consulting Services,281.6000061035156,False,130.0,True,False,Sector: Industrials,-44.63,-34.62,False,405.0,398.0,True,EXIT
KRISHANA,Krishana Phoschem Limited,Basic Materials,Agricultural Inputs,190.0399932861328,True,197.0,True,True,Sector: Basic Materials,52.59,56.43,True,2555.0,2418.0,True,ADD
KALPATARU,KALPATARU,Real Estate,Real Estate - Development,280.6499938964844,False,-5.0,False,False,Sector: Real Estate,-15.68,-29.38,False,209.0,678.0,False,EXIT
TRIVENI,Triveni Engineering & Industries Limited,Consumer Defensive,Confectioners,276.5199890136719,False,274.0,False,False,Sector: Consumer Defensive,-31.58,-19.55,False,6089.0,5951.0,True,EXIT
DCBBANK,DCB Bank Limited,Financial Services,Banks - Regional,183.0800018310547,False,788.0,True,True,Sector: Financial Services,44.87,47.89,True,7575.0,7404.0,True,HOLD
VIKRAMSOLR,VIKRAMSOLR,Technology,Solar,177.11000061035156,False,353.0,False,False,Sector: Technology,,,False,5204.0,4803.0,True,EXIT
JUSTDIAL,Just Dial Limited,Communication Services,Internet Content & Information,661.2999877929688,False,504.0,False,True,Sector: Communication Services,-7.75,-20.56,False,1243.0,1214.0,True,EXIT
ALOKINDS,Alok Industries Limited,Consumer Cyclical,Textile Manufacturing,11.479999542236328,False,-740.0,False,False,Sector: Consumer Cyclical,-48.3,-39.83,False,3577.0,22131.0,False,EXIT
FDC,FDC Limited,Healthcare,Drug Manufacturers - Specialty & Generic,351.54998779296875,False,296.0,False,False,Sector: Healthcare,-40.91,-27.49,False,2139.0,2126.0,True,EXIT
ASHAPURMIN,Ashapura Minechem Limited,Basic Materials,Other Industrial Metals & Mining,596.2999877929688,False,150.0,False,False,Sector: Basic Materials,11.86,15.87,True,437.0,749.0,False,EXIT
GULFOILLUB,Gulf Oil Lubricants India Limited,Basic Materials,Specialty Chemicals,1173.199951171875,False,382.0,True,True,Sector: Basic Materials,-11.81,-7.7,False,4315.0,3991.0,True,HOLD
GOKEX,Gokaldas Exports Limited,Consumer Cyclical,Apparel Manufacturing,812.4000244140625,False,225.0,True,True,Sector: Consumer Cyclical,-6.39,1.91,False,2806.0,2693.0,True,HOLD
UNIVCABLES,Universal Cables Limited,Industrials,Electrical Equipment & Parts,1745.0,True,114.0,True,True,Sector: Industrials,128.6,138.06,True,3368.0,3022.0,True,ADD
MASTEK,Mastek Limited,Technology,Information Technology Services,1717.5,False,181.0,False,False,Sector: Technology,-39.74,-30.29,False,910.0,918.0,False,EXIT
BALUFORGE,Balu Forge Industries Limited,Industrials,Metal Fabrication,542.5499877929688,False,157.0,True,True,Sector: Industrials,-25.76,-15.81,False,672.0,647.0,True,HOLD
FEDFINA,Fedbank Financial Services Limited,Financial Services,Credit Services,150.86000061035156,False,383.0,True,True,Sector: Financial Services,2.31,5.6,True,2377.0,2224.0,True,HOLD
NIRLON,Nirlon Limited,Real Estate,Real Estate Services,621.9000244140625,True,357.0,True,False,Sector: Real Estate,,,False,674.0,669.0,True,EXIT
AHLUCONT,Ahluwalia Contracts (India) Limited,Industrials,Engineering & Construction,707.7000122070312,False,225.0,False,False,Sector: Industrials,-28.09,-18.12,False,4686.0,4565.0,True,EXIT
IFBIND,IFB Industries Limited,Consumer Cyclical,"Furnishings, Fixtures & Appliances",1416.4000244140625,False,146.0,True,True,Sector: Consumer Cyclical,-17.75,-9.41,False,5666.0,5443.0,True,HOLD
SENCO,Senco Gold Limited,Consumer Cyclical,Luxury Goods,336.75,False,592.0,True,True,Sector: Consumer Cyclical,-21.09,-12.73,False,9556.0,8374.0,True,HOLD
PNCINFRA,PNC Infratech Limited,Industrials,Engineering & Construction,213.9600067138672,False,534.0,False,False,Sector: Industrials,-42.71,-32.7,False,5015.0,7699.0,False,EXIT
SMARTWORKS,SMARTWORKS,Real Estate,Real Estate Services,508.5,False,22.0,True,True,Sector: Real Estate,16.67,2.12,True,1909.0,1746.0,True,HOLD
MOIL,MOIL Limited,Basic Materials,Other Industrial Metals & Mining,257.25,False,304.0,False,False,Sector: Basic Materials,-24.17,-20.01,False,1511.0,1582.0,False,EXIT
VADILALIND,Vadilal Industries Limited,Consumer Defensive,Packaged Foods,7429.5,True,151.0,True,True,Sector: Consumer Defensive,35.31,46.41,True,1268.0,1110.0,True,ADD
CEIGALL,CEIGALL,Industrials,Engineering & Construction,309.1499938964844,False,325.0,True,True,Sector: Industrials,10.46,20.3,True,3953.0,3869.0,True,HOLD
CYIENTDLM,Cyient DLM Limited,Industrials,Aerospace & Defense,736.0999755859375,False,62.0,False,True,Sector: Industrials,54.43,64.13,True,1019.0,1345.0,False,HOLD
BLISSGVS,Bliss GVS Pharma Limited,Healthcare,Drug Manufacturers - Specialty & Generic,546.5,True,114.0,True,True,Sector: Healthcare,200.38,211.52,True,788.0,730.0,True,ADD
GOLDIAM,Goldiam International Limited,Consumer Cyclical,Luxury Goods,361.75,False,47.0,False,True,Sector: Consumer Cyclical,27.91,36.08,True,546.0,611.0,False,HOLD
RPTECH,Rashi Peripherals Limited,Technology,Electronics & Computer Distribution,861.0999755859375,True,300.0,True,True,Sector: Technology,198.51,205.67,True,16952.0,15173.0,True,ADD
INDIGOPNTS,Indigo Paints Limited,Basic Materials,Specialty Chemicals,1150.800048828125,False,161.0,True,True,Sector: Basic Materials,-6.39,-2.31,False,1385.0,1330.0,True,HOLD
MASFIN,MAS Financial Services Limited,Financial Services,Credit Services,302.95001220703125,False,384.0,True,False,Sector: Financial Services,-7.56,-4.21,False,1983.0,1898.0,True,EXIT
TVSSCS,TVS Supply Chain Solutions Limited,Industrials,Integrated Freight & Logistics,122.16999816894531,False,25.0,False,True,Sector: Industrials,-20.09,-10.15,False,2110.0,1991.0,True,EXIT
TFCILTD,Tourism Finance Corporation of India Limited,Financial Services,Credit Services,123.69999694824219,True,154.0,True,True,Sector: Financial Services,93.72,96.43,True,291.0,277.0,True,ADD
SAATVIKGL,Saatvik Green Energy Limited,Technology,Solar,401.45001220703125,False,61.0,False,False,Sector: Technology,,,False,2218.0,2262.0,False,EXIT
CSBBANK,CSB Bank Limited,Financial Services,Banks - Regional,317.45001220703125,False,665.0,True,False,Sector: Financial Services,-27.91,-24.44,False,4752.0,4505.0,True,EXIT
MAPMYINDIA,C. E. Info Systems Limited,Technology,Software - Infrastructure,1012.5999755859375,False,143.0,False,False,Sector: Technology,-54.21,-44.62,False,423.0,401.0,True,EXIT
LUMAXIND,Lumax Industries Limited,Consumer Cyclical,Auto Parts,5726.0,False,173.0,True,True,Sector: Consumer Cyclical,39.25,47.38,True,4485.0,4184.0,True,HOLD
ISGEC,Isgec Heavy Engineering Limited,Industrials,Specialty Industrial Machinery,782.2000122070312,False,352.0,True,False,Sector: Industrials,-36.55,-26.56,False,5798.0,5229.0,True,EXIT
CCAVENUE,AvenuesAI Limited,Technology,Software - Infrastructure,15.079999923706055,False,135.0,False,False,Sector: Technology,-19.17,-9.91,False,8962.0,7585.0,True,EXIT
ORCHPHARMA,Orchid Pharma Limited,Healthcare,Drug Manufacturers - Specialty & Generic,969.2000122070312,False,41.0,False,True,Sector: Healthcare,12.76,25.68,True,1073.0,1736.0,False,HOLD
PRSMJOHNSN,Prism Johnson Limited,Basic Materials,Building Materials,104.98999786376953,False,142.0,False,False,Sector: Basic Materials,-35.13,-30.93,False,7354.0,7307.0,True,EXIT
PDSL,PDS Limited,Industrials,Specialty Business Services,363.0,False,29.0,False,True,Sector: Industrials,1.0,10.87,True,249.0,625.0,False,HOLD
CENTUM,Centum Electronics Limited,Technology,Electronic Components,3430.199951171875,False,-119.0,False,True,Sector: Technology,10.05,19.03,True,993.0,973.0,True,HOLD
KISSHT,KISSHT,Financial Services,Credit Services,302.54998779296875,False,,False,False,Sector: Financial Services,,,False,,698.0,False,EXIT
HCC,Hindustan Construction Company Limited,Industrials,Engineering & Construction,20.040000915527344,False,204.0,False,False,Sector: Industrials,-38.05,-28.06,False,3850.0,5222.0,False,EXIT
VRLLOG,VRL Logistics Limited,Industrials,Trucking,297.5,False,267.0,False,True,Sector: Industrials,-5.84,4.06,False,3356.0,3221.0,True,EXIT
PURVA,Puravankara Limited,Real Estate,Real Estate - Development,224.36000061035156,False,156.0,False,False,Sector: Real Estate,-9.25,-23.11,False,2688.0,2303.0,True,EXIT
GVPIL,GE Power India Limited,Industrials,Engineering & Construction,705.0499877929688,False,257.0,True,True,Sector: Industrials,77.0,86.63,True,1291.0,3343.0,False,HOLD
CARERATING,CARE Ratings Limited,Financial Services,Financial Data & Stock Exchanges,1725.0999755859375,False,179.0,True,True,Sector: Financial Services,1.56,4.85,True,400.0,388.0,True,HOLD
SHARDAMOTR,Sharda Motor Industries Limited,Consumer Cyclical,Auto Parts,936.2000122070312,False,328.0,False,True,Sector: Consumer Cyclical,-23.21,-14.84,False,3652.0,3397.0,True,EXIT
GUJALKALI,Gujarat Alkalies and Chemicals Limited,Basic Materials,Chemicals,678.5499877929688,False,66.0,False,True,Sector: Basic Materials,13.0,17.01,True,4498.0,4516.0,False,HOLD
DATAMATICS,Datamatics Global Services Limited,Technology,Information Technology Services,833.9500122070312,False,102.0,False,True,Sector: Technology,-23.77,-14.47,False,664.0,735.0,False,EXIT
CRAMC,CRAMC,Financial Services,Asset Management,254.39999389648438,False,218.0,True,False,Sector: Financial Services,,,False,478.0,454.0,True,EXIT
LGBBROSLTD,L.G. Balakrishnan & Bros Limited,Consumer Cyclical,Auto Parts,1603.0999755859375,False,305.0,False,False,Sector: Consumer Cyclical,11.89,20.13,True,2888.0,2773.0,True,EXIT
YASHO,Yasho Industries Limited,Basic Materials,Specialty Chemicals,4915.7998046875,True,52.0,False,True,Sector: Basic Materials,176.79,180.12,True,934.0,817.0,True,HOLD
ICRA,ICRA Limited,Financial Services,Financial Data & Stock Exchanges,4975.60009765625,False,132.0,False,False,Sector: Financial Services,-25.0,-21.54,False,338.0,328.0,True,EXIT
FCL,Fineotex Chemical Limited,Basic Materials,Specialty Chemicals,43.810001373291016,True,93.0,False,True,Sector: Basic Materials,65.02,68.81,True,384.0,439.0,False,HOLD
QUESS,Quess Corp Limited,Industrials,Staffing & Employment Services,336.8999938964844,False,215.0,False,True,Sector: Industrials,15.0,24.83,True,14587.0,14105.0,True,HOLD
PILANIINVS,Pilani Investment and Industries Corporation Limited,Financial Services,Asset Management,4385.7001953125,False,33.0,False,False,Sector: Financial Services,-18.16,-14.75,False,253.0,321.0,False,EXIT
OPTIEMUS,Optiemus Infracom Limited,Technology,Electronics & Computer Distribution,551.1500244140625,False,19.0,False,True,Sector: Technology,-19.61,-10.34,False,639.0,2559.0,False,EXIT
THOMASCOOK,Thomas Cook (India) Limited,Consumer Cyclical,Travel Services,102.4000015258789,False,123.0,False,False,Sector: Consumer Cyclical,-50.27,-41.8,False,2144.0,2273.0,False,EXIT
BANSALWIRE,BANSALWIRE,Basic Materials,Steel,321.0,False,116.0,False,True,Sector: Basic Materials,-19.64,-15.5,False,4238.0,4011.0,True,EXIT
SUBROS,Subros Limited,Consumer Cyclical,Auto Parts,746.25,False,166.0,True,False,Sector: Consumer Cyclical,-22.16,-13.8,False,3909.0,3756.0,True,EXIT
JAMNAAUTO,Jamna Auto Industries Limited,Consumer Cyclical,Auto Parts,122.58000183105469,False,246.0,False,False,Sector: Consumer Cyclical,6.08,14.34,True,2581.0,2539.0,True,EXIT
SSWL,Steel Strips Wheels Limited,Consumer Cyclical,Auto Parts,315.25,True,224.0,True,True,Sector: Consumer Cyclical,38.41,46.54,True,5506.0,5183.0,True,ADD
MARINE,Marine Electricals (India) Limited,Industrials,Electrical Equipment & Parts,376.79998779296875,True,59.0,True,True,Sector: Industrials,104.91,114.45,True,834.0,747.0,True,ADD
LXCHEM,Laxmi Organic Industries Limited,Basic Materials,Specialty Chemicals,174.19000244140625,False,120.0,False,True,Sector: Basic Materials,-26.18,-22.02,False,3094.0,2945.0,True,EXIT
IOLCP,IOL Chemicals and Pharmaceuticals Limited,Healthcare,Drug Manufacturers - Specialty & Generic,159.19000244140625,False,168.0,False,True,Sector: Healthcare,50.16,62.73,True,2524.0,2319.0,True,HOLD
SURYAROSNI,Surya Roshni Limited,Basic Materials,Steel,223.44000244140625,False,311.0,False,False,Sector: Basic Materials,-30.92,-26.73,False,7982.0,7996.0,False,EXIT
KDDL,KDDL Limited,Consumer Cyclical,Luxury Goods,4093.5,True,84.0,False,True,Sector: Consumer Cyclical,50.4,58.49,True,540.0,496.0,True,HOLD
SOTL,Savita Oil Technologies Limited,Basic Materials,Specialty Chemicals,718.4000244140625,False,427.0,True,True,Sector: Basic Materials,70.5,74.27,True,4853.0,4360.0,True,HOLD
PTC,PTC India Limited,Utilities,Utilities - Independent Power Producers,158.88999938964844,False,363.0,False,False,Sector: Utilities,5.7,-17.77,False,17059.0,16963.0,True,EXIT
MPSLTD,MPS Limited,Communication Services,Publishing,2830.300048828125,True,139.0,True,True,Sector: Communication Services,40.79,26.82,True,463.0,438.0,True,ADD
DEEDEV,DEEDEV,Industrials,Metal Fabrication,657.25,False,60.0,True,True,Sector: Industrials,120.11,129.6,True,987.0,919.0,True,HOLD
EPIGRAL,Epigral Limited,Basic Materials,Chemicals,1079.5999755859375,False,272.0,False,False,Sector: Basic Materials,-47.74,-43.48,False,2626.0,2550.0,True,EXIT
SWSOLAR,Sterling and Wilson Renewable Energy Limited,Technology,Solar,199.58999633789062,False,-2521.0,False,False,Sector: Technology,-37.84,-28.4,False,6288.0,8210.0,False,EXIT
GMMPFAUDLR,GMM Pfaudler Limited,Industrials,Specialty Industrial Machinery,1031.25,False,54.0,False,True,Sector: Industrials,-30.23,-20.26,False,1039.0,1075.0,False,EXIT
RUSTOMJEE,Keystone Realtors Limited,Real Estate,Real Estate - Development,371.8999938964844,False,34.0,False,False,Sector: Real Estate,-30.49,-43.79,False,689.0,1414.0,False,EXIT
ELLEN,ELLEN,Basic Materials,Chemicals,324.75,False,121.0,True,True,Sector: Basic Materials,-43.41,-39.17,False,357.0,342.0,True,HOLD
SHOPERSTOP,Shoppers Stop Limited,Consumer Cyclical,Department Stores,429.54998779296875,False,-45.0,False,True,Sector: Consumer Cyclical,-30.41,-22.01,False,4799.0,4708.0,True,EXIT
RENUKA,Shree Renuka Sugars Limited,Consumer Defensive,Confectioners,23.299999237060547,False,-699.0,False,False,Sector: Consumer Defensive,-35.55,-23.47,False,8674.0,10833.0,False,EXIT
ROLEXRINGS,Rolex Rings Limited,Industrials,Metal Fabrication,177.05999755859375,False,152.0,False,True,Sector: Industrials,13.25,23.08,True,1156.0,1222.0,False,HOLD
MOREPENLAB,Morepen Laboratories Limited,Healthcare,Drug Manufacturers - Specialty & Generic,88.44000244140625,False,112.0,True,True,Sector: Healthcare,66.67,79.08,True,1831.0,1681.0,True,HOLD
RPGLIFE,RPG Life Sciences Limited,Healthcare,Drug Manufacturers - Specialty & Generic,2702.699951171875,False,119.0,False,True,Sector: Healthcare,1.8,14.82,True,734.0,708.0,True,HOLD
IONEXCHANG,Ion Exchange (India) Limited,Industrials,Pollution & Treatment Controls,370.29998779296875,False,103.0,False,False,Sector: Industrials,-28.5,-18.53,False,2797.0,2679.0,True,EXIT
MHRIL,Mahindra Holidays & Resorts India Limited,Consumer Cyclical,Resorts & Casinos,221.38999938964844,False,-17.0,False,False,Sector: Consumer Cyclical,-48.02,-39.55,False,1480.0,1469.0,True,EXIT
AGI,AGI Greenpac Limited,Consumer Cyclical,Packaging & Containers,711.7000122070312,False,363.0,True,True,Sector: Consumer Cyclical,-34.06,-25.65,False,2763.0,2665.0,True,HOLD
NORTHARC,Northern Arc Capital Limited,Financial Services,Credit Services,289.20001220703125,False,447.0,True,True,Sector: Financial Services,9.24,12.48,True,2817.0,2635.0,True,HOLD
RTNPOWER,RattanIndia Power Limited,Utilities,Utilities - Independent Power Producers,8.119999885559082,False,106.0,False,False,Sector: Utilities,-13.6,-35.47,False,2968.0,3364.0,False,EXIT
GREAVESCOT,Greaves Cotton Limited,Industrials,Specialty Industrial Machinery,198.58999633789062,False,193.0,False,True,Sector: Industrials,-19.32,-9.38,False,2453.0,2365.0,True,EXIT
RAYMONDLSL,Raymond Lifestyle Limited,Consumer Cyclical,Apparel Manufacturing,748.4000244140625,False,19.0,False,False,Sector: Consumer Cyclical,-48.43,-39.96,False,5362.0,5356.0,True,EXIT
DHANUKA,Dhanuka Agritech Limited,Basic Materials,Agricultural Inputs,996.4000244140625,False,268.0,False,False,Sector: Basic Materials,-44.27,-40.03,False,1953.0,2035.0,False,EXIT
BOSCH-HCIL,Bosch Home Comfort India Limited,Consumer Cyclical,"Furnishings, Fixtures & Appliances",1732.0999755859375,False,5.0,False,True,Sector: Consumer Cyclical,-11.04,-2.72,False,2942.0,2756.0,True,EXIT
MANINDS,Man Industries (India) Limited,Basic Materials,Steel,645.1500244140625,True,245.0,True,True,Sector: Basic Materials,50.69,54.54,True,3752.0,3455.0,True,ADD
NETWORK18,Network18 Media & Investments Limited,Communication Services,Entertainment,28.510000228881836,False,-328.0,False,False,Sector: Communication Services,-39.37,-51.42,False,2000.0,1955.0,True,EXIT
SHILCTECH,Shilchar Technologies Limited,Industrials,Electrical Equipment & Parts,3944.0,False,138.0,False,False,Sector: Industrials,,,False,628.0,652.0,False,EXIT
NRBBEARING,NRB Bearings Limited,Consumer Cyclical,Auto Parts,485.6000061035156,True,130.0,False,True,Sector: Consumer Cyclical,52.07,60.15,True,1227.0,1186.0,True,HOLD
RAMRAT,Ram Ratna Wires Limited,Industrials,Electrical Equipment & Parts,472.6499938964844,True,131.0,True,True,Sector: Industrials,22.47,32.27,True,5948.0,5076.0,True,ADD
RESPONIND,Responsive Industries Limited,Basic Materials,Specialty Chemicals,158.08999633789062,False,11.0,False,False,Sector: Basic Materials,-30.16,-25.98,False,540.0,1835.0,False,EXIT
SWARAJENG,Swaraj Engines Limited,Consumer Cyclical,Auto Parts,3594.0,False,202.0,True,False,Sector: Consumer Cyclical,-21.96,-13.59,False,2111.0,2007.0,True,EXIT
HAWKINCOOK,Hawkins Cookers Limited,Consumer Cyclical,"Furnishings, Fixtures & Appliances",8235.0,False,136.0,True,False,Sector: Consumer Cyclical,,,False,1332.0,1253.0,True,EXIT
GOODLUCK,Goodluck India Limited,Basic Materials,Steel,1330.0,False,183.0,True,True,Sector: Basic Materials,12.85,16.85,True,4290.0,4068.0,True,HOLD
SUNTECK,Sunteck Realty Limited,Real Estate,Real Estate - Development,298.79998779296875,False,17.0,False,False,Sector: Real Estate,-11.61,-25.41,False,295.0,808.0,False,EXIT
MSTCLTD,MSTC Limited,Industrials,Conglomerates,701.5499877929688,False,235.0,False,True,Sector: Industrials,37.05,46.8,True,386.0,5425.0,False,HOLD
ELECTCAST,Electrosteel Castings Limited,Industrials,Building Products & Equipment,71.25,False,51.0,False,False,Sector: Industrials,-43.2,-33.18,False,4722.0,6938.0,False,EXIT
SGFIN,SG Finserve Limited,Financial Services,Capital Markets,668.4500122070312,False,157.0,True,True,Sector: Financial Services,65.89,68.77,True,402.0,334.0,True,HOLD
BANARISUG,Bannari Amman Sugars Limited,Consumer Defensive,Confectioners,3543.89990234375,False,122.0,False,False,Sector: Consumer Defensive,-19.1,-7.25,False,1670.0,2526.0,False,EXIT
HIRECT,Hind Rectifiers Limited,Industrials,Electrical Equipment & Parts,1261.0,False,60.0,True,True,Sector: Industrials,12.65,22.48,True,971.0,949.0,True,HOLD
JUNIPER,Juniper Hotels Limited,Consumer Cyclical,Lodging,197.2899932861328,False,171.0,True,False,Sector: Consumer Cyclical,-43.75,-35.31,False,945.0,916.0,True,EXIT
MANINFRA,Man Infraconstruction Limited,Industrials,Engineering & Construction,106.0199966430664,False,153.0,False,False,Sector: Industrials,-48.27,-38.24,False,289.0,798.0,False,EXIT
FOSECOIND,Foseco India Limited,Basic Materials,Chemicals,5511.5,False,79.0,True,True,Sector: Basic Materials,-18.36,-14.22,False,643.0,604.0,True,HOLD
DEEPINDS,Deep Industries Limited,Energy,Oil & Gas E&P,717.9500122070312,True,106.0,True,True,Sector: Energy,-0.47,24.56,False,702.0,703.0,False,HOLD
CAPILLARY,CAPILLARY,Technology,Software - Infrastructure,513.4500122070312,False,16.0,False,False,Sector: Technology,,,False,234.0,212.0,True,EXIT
SYMPHONY,Symphony Limited,Consumer Cyclical,"Furnishings, Fixtures & Appliances",615.6500244140625,False,-175.0,False,False,Sector: Consumer Cyclical,-46.4,-37.95,False,777.0,1182.0,False,EXIT
TEXRAIL,Texmaco Rail & Engineering Limited,Industrials,Railroads,104.72000122070312,False,211.0,True,False,Sector: Industrials,-37.09,-27.1,False,4214.0,4371.0,False,EXIT
VIPIND,V.I.P. Industries Limited,Consumer Cyclical,Footwear & Accessories,309.3999938964844,False,-379.0,False,False,Sector: Consumer Cyclical,-37.9,-29.48,False,1857.0,2216.0,False,EXIT
EMUDHRA,eMudhra Limited,Technology,Software - Application,562.0499877929688,False,39.0,True,True,Sector: Technology,-37.2,-27.76,False,279.0,269.0,True,HOLD
LASERPOWER,LASERPOWER,Industrials,Electrical Equipment & Parts,327.6000061035156,True,,False,False,Sector: Industrials,,,False,,2438.0,False,EXIT
KOLTEPATIL,Kolte-Patil Developers Limited,Real Estate,Real Estate - Development,473.95001220703125,False,171.0,True,True,Sector: Real Estate,27.01,12.19,True,1484.0,1539.0,False,HOLD
SANGHVIMOV,Sanghvi Movers Limited,Industrials,Rental & Leasing Services,520.75,False,158.0,False,True,Sector: Industrials,38.6,48.35,True,717.0,674.0,True,HOLD
GUFICBIO,Gufic Biosciences Limited,Healthcare,Drug Manufacturers - Specialty & Generic,421.3999938964844,False,74.0,False,True,Sector: Healthcare,-2.31,10.76,False,974.0,940.0,True,EXIT
RAYMOND,Raymond Limited,Industrials,Specialty Industrial Machinery,625.0,False,-23.0,False,True,Sector: Industrials,-12.39,-2.48,False,4.0,5780.0,False,EXIT
AYE,AYE,Financial Services,Credit Services,171.8000030517578,False,238.0,True,False,Sector: Financial Services,,,False,1872.0,1815.0,True,EXIT
CMSINFO,CMS Info Systems Limited,Industrials,Specialty Business Services,249.5,False,318.0,False,False,Sector: Industrials,-54.73,-44.68,False,2277.0,2272.0,True,EXIT
AVANTEL,Avantel Limited,Technology,Communication Equipment,162.27000427246094,False,26.0,False,True,Sector: Technology,-1.6,7.49,False,240.0,248.0,False,EXIT
BAJAJELEC,Bajaj Electricals Limited,Consumer Cyclical,"Furnishings, Fixtures & Appliances",355.54998779296875,False,-31.0,False,False,Sector: Consumer Cyclical,-49.89,-41.42,False,4487.0,6656.0,False,EXIT
RTNINDIA,RattanIndia Enterprises Limited,Consumer Cyclical,Internet Retail,30.670000076293945,False,-705.0,False,False,Sector: Consumer Cyclical,-53.12,-44.64,False,19.0,582.0,False,EXIT
RALLIS,Rallis India Limited,Basic Materials,Agricultural Inputs,213.27000427246094,False,214.0,False,False,Sector: Basic Materials,-49.45,-45.19,False,2962.0,2967.0,False,EXIT
TRUALT,TRUALT,Energy,Oil & Gas Refining & Marketing,474.5,False,143.0,True,True,Sector: Energy,,,False,2027.0,1880.0,True,HOLD
VISHNU,Vishnu Chemicals Limited,Basic Materials,Specialty Chemicals,637.5,True,103.0,False,True,Sector: Basic Materials,17.61,21.6,True,1257.0,1222.0,True,HOLD
IDEAFORGE,ideaForge Technology Limited,Technology,Computer Hardware,834.8499755859375,False,12.0,False,True,Sector: Technology,57.34,65.87,True,282.0,317.0,False,HOLD
BAJAJHIND,Bajaj Hindusthan Sugar Limited,Consumer Defensive,Confectioners,18.600000381469727,False,129.0,False,True,Sector: Consumer Defensive,-27.48,-15.51,False,5294.0,6804.0,False,EXIT
REFEX,Refex Industries Limited,Energy,Thermal Coal,299.45001220703125,False,286.0,True,True,Sector: Energy,-50.08,-22.3,False,2307.0,2259.0,True,HOLD
MIDWESTLTD,MIDWESTLTD,Basic Materials,Building Materials,1159.4000244140625,False,105.0,True,False,Sector: Basic Materials,,,False,442.0,422.0,True,EXIT
ROSSTECH,Rossell Techsys Limited,Industrials,Aerospace & Defense,1103.550048828125,True,25.0,True,True,Sector: Industrials,44.46,54.19,True,553.0,485.0,True,ADD
AURIONPRO,Aurionpro Solutions Limited,Technology,Software - Application,712.5499877929688,False,104.0,True,False,Sector: Technology,-60.32,-50.66,False,872.0,888.0,False,EXIT
MOSCHIP,MOSCHIP,Technology,Semiconductor Equipment & Materials,209.0,False,16.0,False,True,Sector: Technology,11.31,20.28,True,500.0,521.0,False,HOLD
WSTCSTPAPR,West Coast Paper Mills Limited,Basic Materials,Paper & Paper Products,619.2000122070312,False,221.0,False,True,Sector: Basic Materials,18.63,22.62,True,2581.0,2810.0,False,HOLD
MAHLOG,Mahindra Logistics Limited,Industrials,Integrated Freight & Logistics,404.54998779296875,False,66.0,False,True,Sector: Industrials,12.16,22.0,True,5981.0,5672.0,True,HOLD
WAKEFIT,WAKEFIT,Consumer Cyclical,"Furnishings, Fixtures & Appliances",131.52000427246094,False,193.0,True,False,Sector: Consumer Cyclical,,,False,1547.0,1489.0,True,EXIT
TATVA,Tatva Chintan Pharma Chem Limited,Basic Materials,Specialty Chemicals,1669.5999755859375,False,44.0,False,True,Sector: Basic Materials,46.97,50.84,True,534.0,496.0,True,HOLD
ORIENTELEC,Orient Electric Limited,Consumer Cyclical,"Furnishings, Fixtures & Appliances",184.22000122070312,False,110.0,False,True,Sector: Consumer Cyclical,-22.28,-13.92,False,3507.0,3326.0,True,EXIT
KSCL,Kaveri Seed Company Limited,Basic Materials,Agricultural Inputs,772.75,False,238.0,False,False,Sector: Basic Materials,-39.31,-35.09,False,1173.0,1304.0,False,EXIT
DIVGIITTS,Divgi TorqTransfer Systems Limited,Consumer Cyclical,Auto Parts,1259.0,True,63.0,True,True,Sector: Consumer Cyclical,79.48,87.45,True,418.0,353.0,True,ADD
SANATHAN,SANATHAN,Consumer Cyclical,Textile Manufacturing,454.6000061035156,False,210.0,False,True,Sector: Consumer Cyclical,-18.5,-10.15,False,3101.0,3329.0,False,EXIT
KIRLOSIND,Kirloskar Industries Limited,Industrials,Metal Fabrication,3753.300048828125,False,254.0,True,True,Sector: Industrials,-12.54,-2.63,False,3648.0,124.0,True,HOLD
SEAMECLTD,Seamec Limited,Industrials,Marine Shipping,1574.699951171875,True,244.0,True,True,Sector: Industrials,64.3,73.97,True,984.0,902.0,True,ADD
GHCL,GHCL Limited,Basic Materials,Chemicals,439.54998779296875,False,525.0,False,False,Sector: Basic Materials,-30.51,-26.32,False,3043.0,4551.0,False,EXIT
PITTIENG,Pitti Engineering Limited,Industrials,Metal Fabrication,1035.800048828125,False,101.0,False,True,Sector: Industrials,-4.5,5.38,False,1649.0,1590.0,True,EXIT
NOVARTIND,Novartis India Limited,Healthcare,Drug Manufacturers - Specialty & Generic,1596.5,False,98.0,False,False,Sector: Healthcare,,,False,371.0,870.0,False,EXIT
PACEDIGITK,Pace Digitek Limited,Technology,Communication Equipment,176.66000366210938,False,238.0,False,False,Sector: Technology,,,False,1635.0,2321.0,False,EXIT
VSTTILLERS,V.S.T. Tillers Tractors Limited,Industrials,Farm & Heavy Construction Machinery,4473.2998046875,False,110.0,False,False,Sector: Industrials,-26.23,-16.27,False,1271.0,1240.0,True,EXIT
NACLIND,NACL Industries Limited,Basic Materials,Agricultural Inputs,172.39999389648438,False,32.0,False,True,Sector: Basic Materials,-44.56,-40.32,False,1451.0,2116.0,False,EXIT
INDOSTAR,IndoStar Capital Finance Limited,Financial Services,Credit Services,251.39999389648438,False,-394.0,False,True,Sector: Financial Services,-13.89,-10.5,False,1413.0,1540.0,False,EXIT
SANDHAR,Sandhar Technologies Limited,Consumer Cyclical,Auto Parts,631.7999877929688,False,184.0,True,True,Sector: Consumer Cyclical,30.24,38.4,True,2982.0,3044.0,False,HOLD
RAYMONDREL,Raymond Realty Limited,Real Estate,Real Estate - Development,578.0,False,262.0,False,True,Sector: Real Estate,1.61,-12.54,False,1543.0,1616.0,False,EXIT
STYRENIX,Styrenix Performance Materials Limited,Basic Materials,Chemicals,2157.300048828125,False,317.0,False,True,Sector: Basic Materials,-25.19,-21.03,False,2687.0,2744.0,False,EXIT
VAIBHAVGBL,Vaibhav Global Limited,Consumer Cyclical,Luxury Goods,223.5,False,261.0,True,False,Sector: Consumer Cyclical,-8.87,-0.55,False,579.0,674.0,False,EXIT
SHAREINDIA,Share India Securities Limited,Financial Services,Capital Markets,178.0800018310547,False,320.0,True,True,Sector: Financial Services,6.65,9.91,True,1304.0,1227.0,True,HOLD
INDIQUBE,INDIQUBE,Real Estate,Real Estate Services,187.1199951171875,False,-93.0,False,True,Sector: Real Estate,-5.1,-19.07,False,1564.0,1451.0,True,EXIT
GUJTHEM,Gujarat Themis Biosyn Limited,Healthcare,Drug Manufacturers - Specialty & Generic,371.29998779296875,False,49.0,False,True,Sector: Healthcare,-21.98,-8.74,False,174.0,170.0,True,EXIT
UNICHEMLAB,Unichem Laboratories Limited,Healthcare,Drug Manufacturers - Specialty & Generic,529.5999755859375,False,166.0,False,True,Sector: Healthcare,-8.44,4.68,False,1394.0,1736.0,False,EXIT
AARTIDRUGS,Aarti Drugs Limited,Healthcare,Drug Manufacturers - Specialty & Generic,412.79998779296875,False,171.0,False,True,Sector: Healthcare,-32.84,-19.49,False,2367.0,2498.0,False,EXIT
INDOTECH,Indo Tech Transformers Limited,Industrials,Electrical Equipment & Parts,3788.800048828125,True,99.0,True,True,Sector: Industrials,83.96,93.56,True,846.0,782.0,True,ADD
AGIIL,AGI Infra Limited,Real Estate,Real Estate - Development,292.8500061035156,False,102.0,True,False,Sector: Real Estate,40.67,25.49,True,357.0,353.0,True,HOLD
HEMIPROP,Hemisphere Properties India Limited,Real Estate,Real Estate - Diversified,132.3300018310547,False,-12.0,False,False,Sector: Real Estate,9.58,-4.78,False,1.0,2.0,False,EXIT
DBCORP,D. B. Corp Limited,Communication Services,Publishing,209.85000610351562,False,352.0,False,False,Sector: Communication Services,-9.49,-22.25,False,2399.0,2463.0,False,EXIT
JKIL,J. Kumar Infraprojects Limited,Industrials,Engineering & Construction,502.8999938964844,False,379.0,False,False,Sector: Industrials,-35.35,-25.37,False,5723.0,5694.0,True,EXIT
BHAGCHEM,Bhagiradha Chemicals & Industries Limited,Basic Materials,Agricultural Inputs,287.3500061035156,False,29.0,False,True,Sector: Basic Materials,-3.66,0.41,False,571.0,521.0,True,EXIT
HARSHA,Harsha Engineers International Limited,Industrials,Tools & Accessories,436.3999938964844,False,180.0,True,True,Sector: Industrials,-6.22,3.67,False,1273.0,1228.0,True,HOLD
POCL,Pondy Oxides And Chemicals Limited,Basic Materials,Specialty Chemicals,500.8500061035156,False,147.0,True,False,Sector: Basic Materials,7.22,11.25,True,3273.0,2939.0,True,HOLD
KNRCON,KNR Constructions Limited,Industrials,Engineering & Construction,130.36000061035156,False,347.0,False,False,Sector: Industrials,-45.4,-35.38,False,2050.0,4091.0,False,EXIT
TCPLPACK,TCPL Packaging Limited,Consumer Cyclical,Packaging & Containers,4234.7998046875,False,112.0,False,True,Sector: Consumer Cyclical,12.13,20.36,True,1801.0,1736.0,True,HOLD
ANUP,The Anup Engineering Limited,Industrials,Specialty Industrial Machinery,1825.199951171875,False,83.0,False,False,Sector: Industrials,-33.3,-23.32,False,738.0,789.0,False,EXIT
POLYPLEX,Polyplex Corporation Limited,Basic Materials,Specialty Chemicals,1182.0,False,50.0,False,True,Sector: Basic Materials,8.58,12.6,True,1545.0,1785.0,False,HOLD
WEBELSOLAR,Websol Energy System Limited,Technology,Solar,86.93000030517578,False,314.0,True,False,Sector: Technology,-46.5,-36.98,False,1203.0,1049.0,True,EXIT
TARC,TARC Limited,Real Estate,Real Estate - Development,120.80999755859375,False,-53.0,False,False,Sector: Real Estate,-12.14,-25.92,False,46.0,436.0,False,EXIT
UNIPARTS,Uniparts India Limited,Industrials,Farm & Heavy Construction Machinery,825.8499755859375,True,159.0,True,True,Sector: Industrials,84.12,93.72,True,747.0,929.0,False,ADD
KSL,Kalyani Steels Limited,Basic Materials,Steel,821.3499755859375,False,262.0,True,True,Sector: Basic Materials,-10.75,-6.65,False,1867.0,1982.0,False,HOLD
PSPPROJECT,PSP Projects Limited,Industrials,Engineering & Construction,942.3499755859375,False,67.0,False,True,Sector: Industrials,29.89,39.67,True,3262.0,2989.0,True,HOLD
JTEKTINDIA,JTEKT India Limited,Consumer Cyclical,Auto Parts,130.0399932861328,False,72.0,False,False,Sector: Consumer Cyclical,-11.06,-2.73,False,2818.0,2666.0,True,EXIT
VSTIND,VST Industries Limited,Consumer Defensive,Tobacco,214.8800048828125,False,279.0,False,False,Sector: Consumer Defensive,-37.26,-25.16,False,1423.0,1465.0,False,EXIT
JUBLCPL,Jubilant Agri and Consumer Products Limited,Basic Materials,Specialty Chemicals,2199.10009765625,False,131.0,True,True,Sector: Basic Materials,-22.5,-18.35,False,1942.0,1795.0,True,HOLD
SINDHUTRAD,Sindhu Trade Links Limited,Industrials,Conglomerates,24.989999771118164,False,27.0,False,True,Sector: Industrials,-9.62,0.29,False,417.0,1140.0,False,EXIT
ASHIANA,Ashiana Housing Limited,Real Estate,Real Estate - Development,365.75,False,124.0,True,True,Sector: Real Estate,30.3,15.39,True,872.0,1063.0,False,HOLD
SAMHI,SAMHI Hotels Limited,Consumer Cyclical,Lodging,160.02999877929688,False,340.0,False,False,Sector: Consumer Cyclical,-34.71,-26.3,False,135.0,151.0,False,EXIT
63MOONS,63 moons technologies limited,Technology,Software - Application,757.6500244140625,False,160.0,False,True,Sector: Technology,-32.61,-23.22,False,119.0,352.0,False,EXIT
FILATEX,Filatex India Limited,Consumer Cyclical,Textile Manufacturing,86.75,True,192.0,False,True,Sector: Consumer Cyclical,49.43,57.52,True,4256.0,4304.0,False,HOLD
HEIDELBERG,HeidelbergCement India Limited,Basic Materials,Building Materials,160.05999755859375,False,116.0,False,False,Sector: Basic Materials,-32.79,-28.6,False,2360.0,2366.0,False,EXIT
LUXIND,Lux Industries Limited,Consumer Cyclical,Apparel Manufacturing,1228.9000244140625,False,100.0,False,True,Sector: Consumer Cyclical,-18.51,-10.16,False,2948.0,2937.0,True,EXIT
SAMBHV,SAMBHV,Basic Materials,Steel,124.33999633789062,False,166.0,True,True,Sector: Basic Materials,-9.55,-5.45,False,2587.0,2413.0,True,HOLD
STEELCAS,Steelcast Limited,Basic Materials,Steel,357.75,True,91.0,True,True,Sector: Basic Materials,55.33,59.16,True,441.0,477.0,False,ADD
JINDWORLD,Jindal Worldwide Limited,Consumer Cyclical,Textile Manufacturing,36.189998626708984,False,68.0,False,True,Sector: Consumer Cyclical,-11.35,-3.03,False,2310.0,2584.0,False,EXIT
UFLEX,Uflex Limited,Consumer Cyclical,Packaging & Containers,613.2999877929688,False,155.0,False,True,Sector: Consumer Cyclical,-4.77,3.53,False,8065.0,7778.0,True,EXIT
NFL,National Fertilizers Limited,Basic Materials,Agricultural Inputs,70.2300033569336,False,273.0,False,False,Sector: Basic Materials,-32.76,-28.56,False,22480.0,29587.0,False,EXIT
SPECTRUM,SPECTRUM,Industrials,Electrical Equipment & Parts,2231.300048828125,False,50.0,True,True,Sector: Industrials,33.47,43.23,True,576.0,505.0,True,HOLD
GREENPLY,Greenply Industries Limited,Basic Materials,Lumber & Wood Production,287.54998779296875,False,76.0,False,True,Sector: Basic Materials,-14.15,-10.04,False,2081.0,2022.0,True,EXIT
WHEELS,Wheels India Limited,Consumer Cyclical,Auto Parts,1442.5999755859375,False,149.0,True,True,Sector: Consumer Cyclical,79.34,87.31,True,5296.0,5098.0,True,HOLD
PREMEXPLN,Premier Explosives Limited,Basic Materials,Specialty Chemicals,668.25,False,34.0,False,True,Sector: Basic Materials,19.76,23.73,True,349.0,417.0,False,HOLD
MUTHOOTMF,MUTHOOTMF,Financial Services,Credit Services,210.2899932861328,False,245.0,False,True,Sector: Financial Services,27.0,30.13,True,2480.0,2563.0,False,HOLD
EIEL,EIEL,Industrials,Engineering & Construction,197.17999267578125,False,166.0,False,False,Sector: Industrials,-36.8,-26.81,False,1029.0,1046.0,False,EXIT
CMLL,CMLL,Energy,Thermal Coal,532.6500244140625,False,,False,False,Sector: Energy,,,False,,1677.0,False,EXIT
ZOTA,Zota Health Care Limited,Healthcare,Biotechnology,1085.4000244140625,False,24.0,False,False,Sector: Healthcare,-32.99,-19.64,False,456.0,407.0,True,EXIT
TVSSRICHAK,TVS Srichakra Limited,Consumer Cyclical,Auto Parts,4746.7998046875,True,94.0,False,True,Sector: Consumer Cyclical,55.22,63.28,True,3625.0,3390.0,True,HOLD
OSWALPUMPS,OSWALPUMPS,Industrials,Electrical Equipment & Parts,297.95001220703125,False,229.0,False,False,Sector: Industrials,-76.75,-66.63,False,1697.0,1796.0,False,EXIT
INDRAMEDCO,Indraprastha Medical Corporation Limited,Healthcare,Medical Care Facilities,368.95001220703125,False,188.0,True,False,Sector: Healthcare,-36.04,-22.66,False,1524.0,1483.0,True,EXIT
DALMIASUG,Dalmia Bharat Sugar and Industries Limited,Consumer Defensive,Confectioners,452.70001220703125,False,207.0,False,True,Sector: Consumer Defensive,7.58,19.06,True,3525.0,3725.0,False,HOLD
VSSL,Vardhman Special Steels Limited,Basic Materials,Steel,359.20001220703125,True,143.0,True,True,Sector: Basic Materials,34.88,38.79,True,1807.0,1764.0,True,ADD
HGINFRA,H.G. Infra Engineering Limited,Industrials,Engineering & Construction,507.70001220703125,False,292.0,False,False,Sector: Industrials,-60.39,-50.32,False,4865.0,6052.0,False,EXIT
ADVENZYMES,Advanced Enzyme Technologies Limited,Basic Materials,Specialty Chemicals,303.0,False,80.0,False,False,Sector: Basic Materials,-9.01,-4.91,False,444.0,453.0,False,EXIT
KERNEX,Kernex Microsystems (India) Limited,Technology,Software - Application,1901.800048828125,False,183.0,True,True,Sector: Technology,62.34,70.81,True,874.0,426.0,True,HOLD
GOPAL,Gopal Snacks Limited,Consumer Defensive,Packaged Foods,274.1499938964844,False,84.0,False,False,Sector: Consumer Defensive,-39.0,-26.86,False,1608.0,1508.0,True,EXIT
SMSPHARMA,SMS Pharmaceuticals Limited,Healthcare,Drug Manufacturers - General,359.3500061035156,False,91.0,True,True,Sector: Healthcare,35.08,47.78,True,898.0,887.0,True,HOLD
CARYSIL,Carysil Limited,Consumer Cyclical,"Furnishings, Fixtures & Appliances",1181.0999755859375,False,67.0,True,True,Sector: Consumer Cyclical,19.55,27.75,True,517.0,505.0,True,HOLD
HERITGFOOD,Heritage Foods Limited,Consumer Defensive,Packaged Foods,359.6000061035156,False,127.0,False,False,Sector: Consumer Defensive,-39.05,-26.92,False,4588.0,4415.0,True,EXIT
NIITMTS,NIIT Learning Systems Limited,Consumer Defensive,Education & Training Services,235.52999877929688,False,113.0,False,False,Sector: Consumer Defensive,-42.19,-30.01,False,539.0,532.0,True,EXIT
NPST,NPST,Technology,Software - Application,1591.0,False,44.0,False,True,Sector: Technology,-41.63,-32.16,False,210.0,194.0,True,EXIT
RELTD,Ravindra Energy Limited,Technology,Solar,158.85000610351562,False,81.0,False,True,Sector: Technology,-0.01,9.07,False,393.0,444.0,False,EXIT
VENUSPIPES,Venus Pipes and Tubes Limited,Basic Materials,Steel,1572.199951171875,False,104.0,True,True,Sector: Basic Materials,14.2,18.2,True,1211.0,1167.0,True,HOLD
DREDGECORP,Dredging Corporation of India Limited,Industrials,Engineering & Construction,1160.800048828125,False,39.0,False,True,Sector: Industrials,72.0,81.64,True,1322.0,1208.0,True,HOLD
DPABHUSHAN,D. P. Abhushan Limited,Consumer Cyclical,Luxury Goods,1457.199951171875,False,240.0,True,True,Sector: Consumer Cyclical,-22.0,-13.63,False,4377.0,4065.0,True,HOLD
MAYURUNIQ,Mayur Uniquoters Limited,Consumer Cyclical,Textile Manufacturing,726.0999755859375,False,221.0,True,True,Sector: Consumer Cyclical,23.5,31.69,True,982.0,942.0,True,HOLD
FUSION,Fusion Finance Limited,Financial Services,Credit Services,189.8699951171875,False,169.0,False,True,Sector: Financial Services,12.34,15.56,True,1699.0,2344.0,False,HOLD
ARSSBL,ARSSBL,Financial Services,Financial Conglomerates,512.0,False,132.0,True,False,Sector: Financial Services,,,False,976.0,931.0,True,EXIT
ROUTE,Route Mobile Limited,Communication Services,Telecom Services,499.45001220703125,False,121.0,False,False,Sector: Communication Services,-33.02,-45.22,False,785.0,832.0,False,EXIT
KKCL,Kewal Kiran Clothing Limited,Consumer Cyclical,Apparel Manufacturing,515.0499877929688,False,136.0,False,True,Sector: Consumer Cyclical,-8.83,-0.52,False,972.0,950.0,True,EXIT
ASHOKA,Ashoka Buildcon Limited,Industrials,Engineering & Construction,111.83000183105469,False,321.0,False,False,Sector: Industrials,-50.25,-40.21,False,5789.0,7727.0,False,EXIT
PRINCEPIPE,Prince Pipes and Fittings Limited,Industrials,Building Products & Equipment,289.75,False,102.0,False,True,Sector: Industrials,-27.51,-17.55,False,2627.0,2711.0,False,EXIT
CRIZAC,CRIZAC,Consumer Defensive,Education & Training Services,174.5800018310547,False,179.0,False,False,Sector: Consumer Defensive,-63.79,-51.31,False,282.0,344.0,False,EXIT
WINDMACHIN,Windsor Machines Limited,Industrials,Specialty Industrial Machinery,318.8999938964844,False,-5.0,False,True,Sector: Industrials,-16.78,-6.85,False,550.0,567.0,False,EXIT
UEL,Ujaas Energy Limited,Technology,Solar,211.36000061035156,False,3.93,False,True,Sector: Technology,81.89,90.18,True,17.02,486.35,False,HOLD
NITINSPIN,Nitin Spinners Limited,Consumer Cyclical,Textile Manufacturing,606.9000244140625,True,212.0,False,True,Sector: Consumer Cyclical,61.08,69.13,True,3296.0,3300.0,False,HOLD
APCOTEXIND,Apcotex Industries Limited,Basic Materials,Specialty Chemicals,632.5499877929688,False,161.0,True,True,Sector: Basic Materials,48.28,52.15,True,1591.0,1442.0,True,HOLD
RAMCOIND,Ramco Industries Limited,Industrials,Building Products & Equipment,344.75,False,139.0,True,True,Sector: Industrials,3.77,13.63,True,1510.0,1444.0,True,HOLD
MONARCH,Monarch Networth Capital Limited,Financial Services,Capital Markets,387.1000061035156,False,176.0,False,True,Sector: Financial Services,8.53,11.77,True,357.0,368.0,False,HOLD
JASH,Jash Engineering Limited,Industrials,Specialty Industrial Machinery,476.6000061035156,False,77.0,True,True,Sector: Industrials,-22.84,-12.89,False,505.0,494.0,True,HOLD
BEPL,Bhansali Engineering Polymers Limited,Basic Materials,Chemicals,122.16999816894531,False,199.0,False,True,Sector: Basic Materials,7.09,11.12,True,1440.0,1398.0,True,HOLD
RML,Rane (Madras) Limited,Consumer Cyclical,Auto Parts,1100.0999755859375,False,125.0,True,True,Sector: Consumer Cyclical,13.95,22.17,True,4024.0,3863.0,True,HOLD
GRAUWEIL,Grauer & Weil (India) Limited,Basic Materials,Specialty Chemicals,66.43000030517578,False,165.0,False,False,Sector: Basic Materials,,,False,1224.0,1178.0,True,EXIT
SHANTIGEAR,Shanthi Gears Limited,Industrials,Specialty Industrial Machinery,388.95001220703125,False,64.0,False,False,Sector: Industrials,-45.03,-35.01,False,499.0,605.0,False,EXIT
BUILDPRO,Shankara Buildpro Limited,Consumer Cyclical,Home Improvement Retail,1270.0999755859375,False,131.0,True,False,Sector: Consumer Cyclical,,,False,7145.0,6825.0,True,EXIT
ARVSMART,Arvind SmartSpaces Limited,Real Estate,Real Estate - Development,665.5499877929688,False,68.0,True,True,Sector: Real Estate,19.04,4.43,True,310.0,238.0,True,HOLD
SASKEN,Sasken Technologies Limited,Technology,Information Technology Services,1943.0,False,84.0,False,True,Sector: Technology,17.72,26.63,True,570.0,533.0,True,HOLD
DCAL,Dishman Carbogen Amcis Limited,Healthcare,Biotechnology,169.13999938964844,False,-65.0,False,False,Sector: Healthcare,-50.28,-36.77,False,226.0,581.0,False,EXIT
WONDERLA,Wonderla Holidays Limited,Consumer Cyclical,Leisure,476.0,False,102.0,False,False,Sector: Consumer Cyclical,-35.5,-27.09,False,593.0,519.0,True,EXIT
BALMLAWRIE,Balmer Lawrie & Co. Ltd.,Industrials,Conglomerates,174.72000122070312,False,247.0,True,False,Sector: Industrials,-34.41,-24.43,False,2766.0,2736.0,True,EXIT
NAVNETEDUL,Navneet Education Limited,Communication Services,Publishing,134.08999633789062,False,284.0,False,False,Sector: Communication Services,-2.86,-15.78,False,1676.0,1728.0,False,EXIT
SANGAMIND,Sangam (India) Limited,Consumer Cyclical,Textile Manufacturing,588.75,False,121.0,False,True,Sector: Consumer Cyclical,51.03,59.11,True,3249.0,3190.0,True,HOLD
ELPROINTL,Elpro International Limited,Unknown,Unknown,175.5800018310547,True,21.0,False,False,Sector: Unknown,,,False,165.0,209.0,False,EXIT
JTLIND,JTL Industries Limited,Basic Materials,Steel,74.80000305175781,False,101.0,False,True,Sector: Basic Materials,-6.35,-2.27,False,1830.0,2039.0,False,EXIT
UFBL,UFBL,Consumer Cyclical,Restaurants,780.3499755859375,False,-35.0,False,True,Sector: Consumer Cyclical,177.72,185.31,True,1125.0,1074.0,True,HOLD
POKARNA,Pokarna Limited,Industrials,Building Products & Equipment,923.7000122070312,False,-6.53,False,True,Sector: Industrials,-12.55,-2.64,False,30.55,190.48,False,EXIT
RPSGVENT,RPSG Ventures Limited,Technology,Information Technology Services,875.25,False,175.0,False,True,Sector: Technology,-14.37,-5.16,False,279.0,263.0,True,EXIT
EUROPRATIK,EUROPRATIK,Basic Materials,Building Materials,274.29998779296875,False,57.0,False,False,Sector: Basic Materials,,,False,211.0,263.0,False,EXIT
ORISSAMINE,The Orissa Minerals Development Company Limited,Basic Materials,Steel,4747.5,False,,False,True,Sector: Basic Materials,-8.57,-4.48,False,,94.1,False,EXIT
CARRARO,CARRARO,Consumer Cyclical,Auto Parts,512.7999877929688,False,130.0,True,False,Sector: Consumer Cyclical,10.76,18.99,True,2290.0,2239.0,True,HOLD
PANAMAPET,Panama Petrochem Limited,Energy,Oil & Gas Refining & Marketing,502.6499938964844,False,332.0,True,True,Sector: Energy,22.95,46.68,True,2786.0,1962.0,True,HOLD
INTERARCH,Interarch Building Solutions Limited,Industrials,Engineering & Construction,1725.0999755859375,False,134.0,False,False,Sector: Industrials,-28.71,-18.74,False,1977.0,1898.0,True,EXIT
CHEMPLASTS,Chemplast Sanmar Limited,Basic Materials,Chemicals,177.69000244140625,False,-1024.0,False,False,Sector: Basic Materials,-65.81,-61.49,False,2267.0,2903.0,False,EXIT
SIYSIL,Siyaram Silk Mills Limited,Consumer Cyclical,Textile Manufacturing,643.75,False,235.0,False,True,Sector: Consumer Cyclical,-7.66,0.65,False,2625.0,2569.0,True,EXIT
ADFFOODS,ADF Foods Limited,Consumer Defensive,Packaged Foods,269.6000061035156,False,98.0,True,True,Sector: Consumer Defensive,3.63,15.17,True,549.0,528.0,True,HOLD
DDEVPLSTIK,Ddev Plastiks Industries Limited,Basic Materials,Specialty Chemicals,272.75,False,213.0,True,True,Sector: Basic Materials,-22.76,-18.61,False,3168.0,2948.0,True,HOLD
RSYSTEMS,R Systems International Limited,Technology,Information Technology Services,242.3000030517578,False,216.0,False,False,Sector: Technology,-56.74,-47.12,False,1289.0,1101.0,True,EXIT
BOROLTD,Borosil Limited,Consumer Cyclical,"Furnishings, Fixtures & Appliances",250.33999633789062,False,72.0,False,False,Sector: Consumer Cyclical,-37.03,-28.61,False,1222.0,1198.0,True,EXIT
BLSE,BLSE,Industrials,Specialty Business Services,310.6000061035156,False,17.0,False,True,Sector: Industrials,61.68,71.36,True,91.0,87.0,True,HOLD
DIAMONDYD,Prataap Snacks Limited,Consumer Defensive,Packaged Foods,1193.800048828125,False,12.0,False,True,Sector: Consumer Defensive,16.67,28.03,True,1806.0,1725.0,True,HOLD
MMFL,M M Forgings Limited,Industrials,Metal Fabrication,680.2000122070312,True,127.0,False,True,Sector: Industrials,102.46,112.01,True,1616.0,1545.0,True,HOLD
VINDHYATEL,Vindhya Telelinks Limited,Industrials,Engineering & Construction,2485.699951171875,False,60.0,False,True,Sector: Industrials,47.12,56.84,True,3380.0,4088.0,False,HOLD
GANECOS,Ganesha Ecosphere Limited,Consumer Cyclical,Textile Manufacturing,1101.699951171875,False,54.0,False,True,Sector: Consumer Cyclical,-30.7,-22.3,False,1055.0,1133.0,False,EXIT
MAITHANALL,Maithan Alloys Limited,Basic Materials,Steel,987.6500244140625,False,281.0,False,False,Sector: Basic Materials,-16.58,-12.45,False,2168.0,3054.0,False,EXIT
NSIL,Nalwa Sons Investments Limited,Financial Services,Asset Management,5558.5,False,47.0,False,False,Sector: Financial Services,-23.49,-20.05,False,68.0,112.0,False,EXIT
ROSSARI,Rossari Biotech Limited,Basic Materials,Specialty Chemicals,495.8999938964844,False,151.0,True,False,Sector: Basic Materials,-28.63,-24.45,False,1869.0,1752.0,True,EXIT
JINDALPOLY,Jindal Poly Films Limited,Consumer Cyclical,Packaging & Containers,646.6500244140625,False,,False,True,Sector: Consumer Cyclical,16.95,25.16,True,,5869.0,False,HOLD
NILKAMAL,Nilkamal Limited,Consumer Cyclical,"Furnishings, Fixtures & Appliances",1846.699951171875,False,119.0,False,True,Sector: Consumer Cyclical,7.03,15.28,True,3621.0,3686.0,False,HOLD
GSPCROP,GSPCROP,Basic Materials,Agricultural Inputs,590.9000244140625,True,97.0,True,False,Sector: Basic Materials,,,False,1630.0,1606.0,True,EXIT
LCL,LCL,Industrials,Specialty Industrial Machinery,573.0,True,,False,False,Sector: Industrials,,,False,,2005.0,False,EXIT
VIMTALABS,Vimta Labs Limited,Healthcare,Diagnostics & Research,621.2000122070312,False,80.0,True,True,Sector: Healthcare,-27.18,-13.88,False,419.0,407.0,True,HOLD
SUNCLAY,Sundaram-Clayton Limited,Industrials,Metal Fabrication,1292.0999755859375,False,552.0,True,False,Sector: Industrials,-35.72,-25.73,False,1871.0,2109.0,False,EXIT
ANTELOPUS,ANTELOPUS,Energy,Oil & Gas E&P,856.5499877929688,False,133.0,True,True,Sector: Energy,27.25,50.73,True,359.0,279.0,True,HOLD
GATEWAY,Gateway Distriparks Limited,Industrials,Integrated Freight & Logistics,54.5099983215332,False,253.0,False,False,Sector: Industrials,-31.76,-21.78,False,1565.0,1578.0,False,EXIT
RELINFRA,Reliance Infrastructure Limited,Utilities,Utilities - Independent Power Producers,64.47000122070312,False,-768.0,False,False,Sector: Utilities,-61.85,-79.7,False,231.0,10595.0,False,EXIT
GIPCL,Gujarat Industries Power Company Limited,Utilities,Utilities - Regulated Electric,171.6300048828125,False,503.0,True,True,Sector: Utilities,13.49,-10.63,False,1619.0,1491.0,True,HOLD
STYLEBAAZA,Baazar Style Retail Limited,Consumer Cyclical,Apparel Retail,402.6499938964844,True,47.0,True,True,Sector: Consumer Cyclical,16.98,25.2,True,1950.0,1841.0,True,ADD
ORIENTCEM,Orient Cement Limited,Basic Materials,Building Materials,130.5399932861328,False,209.0,False,False,Sector: Basic Materials,-51.38,-47.11,False,2531.0,3185.0,False,EXIT
PATELENG,Patel Engineering Limited,Industrials,Engineering & Construction,27.84000015258789,False,301.0,True,False,Sector: Industrials,-40.15,-30.15,False,5116.0,5067.0,True,EXIT
ZAGGLE,Zaggle Prepaid Ocean Services Limited,Technology,Software - Infrastructure,165.8800048828125,False,124.0,False,False,Sector: Technology,-70.75,-61.0,False,1911.0,1853.0,True,EXIT
RAMKY,Ramky Infrastructure Limited,Industrials,Engineering & Construction,391.6000061035156,False,350.0,False,False,Sector: Industrials,-46.62,-36.59,False,1776.0,2033.0,False,EXIT
IMAGICAA,Imagicaaworld Entertainment Limited,Communication Services,Entertainment,46.13999938964844,False,30.0,False,False,Sector: Communication Services,-9.0,-21.78,False,384.0,410.0,False,EXIT
NOCIL,NOCIL Limited,Basic Materials,Specialty Chemicals,162.92999267578125,False,75.0,False,True,Sector: Basic Materials,-17.09,-12.96,False,1370.0,1617.0,False,EXIT
AUTOAXLES,Automotive Axles Limited,Consumer Cyclical,Auto Parts,1789.0,False,174.0,True,False,Sector: Consumer Cyclical,-8.62,-0.3,False,2205.0,2324.0,False,EXIT
HIKAL,Hikal Limited,Healthcare,Drug Manufacturers - Specialty & Generic,217.17999267578125,False,-34.0,False,True,Sector: Healthcare,-32.3,-18.95,False,1735.0,2023.0,False,EXIT
MUFIN,Mufin Green Finance Limited,Financial Services,Credit Services,135.82000732421875,False,38.0,True,True,Sector: Financial Services,44.23,47.25,True,246.0,210.0,True,HOLD
KIRIINDUS,Kiri Industries Limited,Basic Materials,Specialty Chemicals,408.95001220703125,False,5844.0,True,False,Sector: Basic Materials,-29.62,-25.44,False,892.0,1137.0,False,EXIT
KITEX,Kitex Garments Limited,Consumer Cyclical,Apparel Manufacturing,128.97999572753906,False,42.0,False,False,Sector: Consumer Cyclical,-47.93,-39.47,False,516.0,983.0,False,EXIT
ADOR,Ador Welding Limited,Industrials,Specialty Industrial Machinery,1562.300048828125,True,114.0,True,True,Sector: Industrials,57.4,67.09,True,1194.0,1135.0,True,ADD
FLAIR,FLAIR,Industrials,Business Equipment & Supplies,252.0500030517578,False,116.0,False,False,Sector: Industrials,-30.03,-20.06,False,1029.0,1013.0,True,EXIT
STALLION,STALLION,Basic Materials,Specialty Chemicals,234.0,False,52.0,True,True,Sector: Basic Materials,50.94,54.79,True,442.0,431.0,True,HOLD
PARAGMILK,Parag Milk Foods Limited,Consumer Defensive,Packaged Foods,211.02999877929688,False,144.0,False,False,Sector: Consumer Defensive,-26.91,-14.95,False,3832.0,3742.0,True,EXIT
EFCIL,EFC (I) Limited,Real Estate,Real Estate Services,184.63999938964844,False,69.0,False,False,Sector: Real Estate,-34.69,-47.88,False,463.0,459.0,True,EXIT
SILVERTUC,Silver Touch Technologies Limited,Technology,Information Technology Services,195.47000122070312,False,44.0,True,False,Sector: Technology,-84.3,-74.41,False,332.0,315.0,True,EXIT
HUBTOWN,Hubtown Limited,Real Estate,Real Estate - Development,180.52000427246094,False,60.0,False,False,Sector: Real Estate,-35.33,-48.5,False,231.0,604.0,False,EXIT
INDSWFTLAB,Ind-Swift Laboratories Limited,Healthcare,Drug Manufacturers - Specialty & Generic,346.8699951171875,True,59.0,False,True,Sector: Healthcare,232.91,243.76,True,662.0,1673.0,False,HOLD
RAJRATAN,Rajratan Global Wire Limited,Basic Materials,Steel,512.0,False,48.0,False,True,Sector: Basic Materials,52.51,56.35,True,758.0,722.0,True,HOLD
MEDIASSIST,MEDIASSIST,Healthcare,Healthcare Plans,346.79998779296875,False,57.0,True,False,Sector: Healthcare,-53.32,-39.77,False,241.0,225.0,True,EXIT
EVEREADY,Eveready Industries India Limited,Industrials,Electrical Equipment & Parts,354.29998779296875,False,178.0,False,True,Sector: Industrials,-31.38,-21.41,False,1488.0,1458.0,True,EXIT
TALBROAUTO,Talbros Automotive Components Limited,Consumer Cyclical,Auto Parts,426.95001220703125,True,90.0,False,True,Sector: Consumer Cyclical,44.1,52.21,True,902.0,870.0,True,HOLD
GKENERGY,GKENERGY,Utilities,Utilities - Renewable,123.72000122070312,False,224.0,True,False,Sector: Utilities,,,False,1742.0,1533.0,True,EXIT
PIXTRANS,PIX Transmissions Limited,Industrials,Specialty Industrial Machinery,1884.800048828125,False,116.0,True,True,Sector: Industrials,28.73,38.51,True,554.0,556.0,False,HOLD
BBL,Bharat Bijlee Limited,Industrials,Electrical Equipment & Parts,2339.800048828125,False,112.0,False,False,Sector: Industrials,-28.56,-18.59,False,2356.0,2274.0,True,EXIT
BETA,BETA,Healthcare,Drug Manufacturers - Specialty & Generic,2355.0,False,16.0,False,True,Sector: Healthcare,9.85,22.79,True,215.0,225.0,False,HOLD
XPROINDIA,Xpro India Limited,Basic Materials,Specialty Chemicals,1088.5999755859375,False,36.0,False,True,Sector: Basic Materials,-7.49,-3.4,False,535.0,535.0,True,EXIT
VEEDOL,Veedol Corporation Limited,Basic Materials,Specialty Chemicals,1511.300048828125,False,145.0,False,True,Sector: Basic Materials,-13.35,-9.23,False,1566.0,1557.0,True,EXIT
TASTYBITE,Tasty Bite Eatables Limited,Consumer Defensive,Packaged Foods,10142.5,False,36.0,False,True,Sector: Consumer Defensive,-11.51,0.24,False,583.0,554.0,True,EXIT
JNKINDIA,JNK India Limited,Industrials,Specialty Industrial Machinery,463.95001220703125,False,77.0,True,True,Sector: Industrials,43.96,53.69,True,820.0,756.0,True,HOLD
KNACK,KNACK,Consumer Cyclical,Packaging & Containers,204.19000244140625,False,,False,False,Sector: Consumer Cyclical,,,False,,810.0,False,EXIT
SPORTKING,Sportking India Limited,Consumer Cyclical,Textile Manufacturing,214.33999633789062,False,162.0,False,True,Sector: Consumer Cyclical,76.18,84.17,True,2614.0,2524.0,True,HOLD
FMGOETZE,Federal-Mogul Goetze (India) Limited,Consumer Cyclical,Auto Parts,462.6499938964844,False,169.0,True,True,Sector: Consumer Cyclical,-24.28,-15.91,False,1965.0,1924.0,True,HOLD
INDNIPPON,India Nippon Electricals Limited,Consumer Cyclical,Auto Parts,1120.300048828125,False,115.0,True,True,Sector: Consumer Cyclical,28.96,37.12,True,1148.0,1068.0,True,HOLD
GLOBUSSPR,Globus Spirits Limited,Consumer Defensive,Beverages - Wineries & Distilleries,899.5,False,104.0,False,False,Sector: Consumer Defensive,-41.56,-29.39,False,2798.0,2708.0,True,EXIT
FISCHER,Fischer Medical Ventures Limited,Healthcare,Medical Devices,38.130001068115234,False,-13.0,False,False,Sector: Healthcare,-78.66,-64.88,False,14.0,17.0,False,EXIT
PARKHOTELS,PARKHOTELS,Consumer Cyclical,Lodging,116.4000015258789,False,68.0,False,False,Sector: Consumer Cyclical,-33.85,-25.44,False,677.0,669.0,True,EXIT
RISHABH,Rishabh Instruments Limited,Technology,Scientific & Technical Instruments,665.75,True,44.0,True,True,Sector: Technology,51.27,59.85,True,283.0,268.0,True,ADD
UTKARSHBNK,Utkarsh Small Finance Bank Limited,Financial Services,Banks - Regional,14.050000190734863,False,-945.0,False,False,Sector: Financial Services,-39.38,-35.83,False,3381.0,3765.0,False,EXIT
SUNDROP,Sundrop Brands Limited,Consumer Defensive,Packaged Foods,649.5499877929688,False,26.0,False,False,Sector: Consumer Defensive,-38.75,-26.62,False,916.0,916.0,True,EXIT
STOVEKRAFT,Stove Kraft Limited,Consumer Cyclical,"Furnishings, Fixtures & Appliances",774.25,False,49.0,False,True,Sector: Consumer Cyclical,6.41,14.67,True,1748.0,1607.0,True,HOLD
SATIN,Satin Creditcare Network Limited,Financial Services,Credit Services,228.7899932861328,False,380.0,False,True,Sector: Financial Services,58.15,61.08,True,2862.0,2825.0,True,HOLD
ARKADE,ARKADE,Real Estate,Real Estate - Development,130.02000427246094,False,-4.0,False,False,Sector: Real Estate,-19.64,-33.23,False,804.0,816.0,False,EXIT
SOLARA,Solara Active Pharma Sciences Limited,Healthcare,Drug Manufacturers - Specialty & Generic,549.0499877929688,False,-1.0,False,True,Sector: Healthcare,-29.66,-16.34,False,1431.0,1617.0,False,EXIT
PRAKASH,Prakash Industries Limited,Basic Materials,Steel,134.97000122070312,False,313.0,False,False,Sector: Basic Materials,-23.68,-19.52,False,3474.0,4014.0,False,EXIT
MANGLMCEM,Mangalam Cement Limited,Basic Materials,Building Materials,870.0499877929688,False,115.0,False,True,Sector: Basic Materials,12.0,16.01,True,1762.0,1802.0,False,HOLD
MARATHON,Marathon Nextgen Realty Limited,Real Estate,Real Estate - Development,346.8500061035156,False,184.0,False,False,Sector: Real Estate,-33.23,-46.46,False,192.0,445.0,False,EXIT
SAIPARENT,SAIPARENT,Healthcare,Drug Manufacturers - General,542.0499877929688,False,,False,False,Sector: Healthcare,,,False,,162.0,False,EXIT
COSMOFIRST,Cosmo First Limited,Consumer Cyclical,Packaging & Containers,961.2000122070312,False,106.0,False,True,Sector: Consumer Cyclical,-17.7,-9.36,False,3663.0,3356.0,True,EXIT
SIRCA,Sirca Paints India Limited,Basic Materials,Specialty Chemicals,442.70001220703125,False,67.0,True,False,Sector: Basic Materials,-11.2,-7.1,False,508.0,492.0,True,EXIT
PANACEABIO,Panacea Biotec Limited,Healthcare,Biotechnology,405.8500061035156,False,-22.0,False,True,Sector: Healthcare,-14.18,-1.01,False,436.0,679.0,False,EXIT
RAJESHEXPO,Rajesh Exports Limited,Consumer Cyclical,Luxury Goods,81.98999786376953,False,,False,False,Sector: Consumer Cyclical,-66.38,-57.85,False,,46899.0,False,EXIT
GANDHAR,Gandhar Oil Refinery (India) Limited,Energy,Oil & Gas Refining & Marketing,255.10000610351562,False,291.0,True,True,Sector: Energy,42.77,65.4,True,4250.0,3423.0,True,HOLD
CONFIPET,Confidence Petroleum India Limited,Energy,Oil & Gas Refining & Marketing,69.9000015258789,False,128.0,True,True,Sector: Energy,17.96,41.96,True,5815.0,4530.0,True,HOLD
RANEHOLDIN,Rane Holdings Limited,Consumer Cyclical,Auto Parts,1567.9000244140625,False,87.0,True,True,Sector: Consumer Cyclical,-3.64,4.65,False,168.0,171.0,False,HOLD
VENUSREM,Venus Remedies Limited,Healthcare,Drug Manufacturers - Specialty & Generic,1819.5,False,113.0,True,True,Sector: Healthcare,244.61,255.34,True,810.0,769.0,True,HOLD
JGCHEM,JGCHEM,Basic Materials,Other Industrial Metals & Mining,645.8499755859375,True,24.0,False,True,Sector: Basic Materials,17.94,21.93,True,314.0,335.0,False,HOLD
VERANDA,Veranda Learning Solutions Limited,Consumer Defensive,Education & Training Services,240.0,False,-1.04,False,True,Sector: Consumer Defensive,-8.59,3.12,False,23.41,41.08,False,EXIT
SHK,S H Kelkar and Company Limited,Basic Materials,Specialty Chemicals,159.47999572753906,False,44.0,False,True,Sector: Basic Materials,-33.5,-29.3,False,1278.0,1280.0,False,EXIT
BOMDYEING,The Bombay Dyeing and Manufacturing Company Limited,Consumer Cyclical,Textile Manufacturing,114.83000183105469,False,20.0,False,False,Sector: Consumer Cyclical,-45.43,-36.98,False,1493.0,4430.0,False,EXIT
SPAL,S.P. Apparels Limited,Consumer Cyclical,Apparel Manufacturing,952.4500122070312,False,94.0,False,True,Sector: Consumer Cyclical,8.83,17.07,True,1099.0,1113.0,False,HOLD
NELCO,Nelco Limited,Technology,Communication Equipment,948.7999877929688,False,9.0,False,True,Sector: Technology,18.26,27.16,True,206.0,223.0,False,HOLD
GNA,G N A Axles Limited,Consumer Cyclical,Auto Parts,581.5,True,132.0,True,True,Sector: Consumer Cyclical,69.43,77.45,True,1605.0,1583.0,True,ADD
EASEMYTRIP,Easy Trip Planners Limited,Consumer Cyclical,Travel Services,6.159999847412109,False,-57.0,False,False,Sector: Consumer Cyclical,-46.11,-37.65,False,309.0,1049.0,False,EXIT
AJMERA,Ajmera Realty & Infra India Limited,Real Estate,Real Estate - Development,116.58000183105469,False,116.0,False,False,Sector: Real Estate,-24.1,-37.57,False,656.0,699.0,False,EXIT
KICL,Kalyani Investment Company Limited,Financial Services,Asset Management,5309.5,False,51.0,False,True,Sector: Financial Services,4.63,7.9,True,82.0,83.0,False,HOLD
EPACKPEB,EPACKPEB,Industrials,Engineering & Construction,223.85000610351562,False,95.0,True,False,Sector: Industrials,,,False,1596.0,1525.0,True,EXIT
NIBE,Nibe Limited,Industrials,Conglomerates,1444.4000244140625,False,4.0,False,True,Sector: Industrials,5.62,15.48,True,393.0,481.0,False,HOLD
MOLDTKPAC,Mold-Tek Packaging Limited,Consumer Cyclical,Packaging & Containers,678.6500244140625,False,76.0,False,True,Sector: Consumer Cyclical,-25.59,-17.21,False,947.0,887.0,True,EXIT
ADVAIT,Advait Energy Transitions Limited,Industrials,Specialty Industrial Machinery,2126.10009765625,False,51.0,True,False,Sector: Industrials,,,False,504.0,448.0,True,EXIT
PRABHA,Prabha Energy Limited,Energy,Oil & Gas E&P,192.1999969482422,False,1.04,False,True,Sector: Energy,-58.12,-29.89,False,5.64,31.02,False,EXIT
THEJO,Thejo Engineering Limited,Industrials,Specialty Industrial Machinery,2051.39990234375,False,61.0,True,True,Sector: Industrials,-3.57,6.31,False,548.0,514.0,True,HOLD
HLEGLAS,HLE Glascoat Limited,Industrials,Specialty Industrial Machinery,306.20001220703125,False,34.0,False,False,Sector: Industrials,-52.68,-42.64,False,710.0,723.0,False,EXIT
SAGCEM,Sagar Cements Limited,Basic Materials,Building Materials,168.2899932861328,False,19.0,False,False,Sector: Basic Materials,-36.71,-32.5,False,1804.0,1964.0,False,EXIT
BRIGHOTEL,BRIGHOTEL,Consumer Cyclical,Lodging,60.709999084472656,False,92.0,True,False,Sector: Consumer Cyclical,-42.63,-34.19,False,456.0,454.0,True,EXIT
APOLLOPIPE,Apollo Pipes Limited,Industrials,Building Products & Equipment,551.2999877929688,False,-0.0,False,True,Sector: Industrials,24.42,34.22,True,912.0,977.0,False,HOLD
NITCO,NITCO Limited,Industrials,Building Products & Equipment,91.80999755859375,False,-24.0,False,False,Sector: Industrials,-42.18,-32.17,False,506.0,874.0,False,EXIT
GEOJITFSL,Geojit Financial Services Limited,Financial Services,Capital Markets,80.23999786376953,False,66.0,False,True,Sector: Financial Services,1.57,4.86,True,310.0,512.0,False,HOLD
PROTEAN,Protean eGov Technologies Limited,Technology,Information Technology Services,551.75,False,74.0,False,False,Sector: Technology,-47.99,-38.45,False,1037.0,996.0,True,EXIT
RAMCOSYS,Ramco Systems Limited,Technology,Software - Application,564.5,False,9.0,False,True,Sector: Technology,24.03,32.87,True,361.0,363.0,False,HOLD
REPCOHOME,Repco Home Finance Limited,Financial Services,Mortgage Finance,350.1000061035156,False,459.0,True,False,Sector: Financial Services,-11.57,-8.2,False,1823.0,1796.0,True,EXIT
SANSTAR,SANSTAR,Basic Materials,Chemicals,107.29000091552734,False,44.0,False,True,Sector: Basic Materials,23.06,27.02,True,821.0,1110.0,False,HOLD
ALEMBICLTD,Alembic Limited,Real Estate,Real Estate - Development,89.87000274658203,False,122.0,False,False,Sector: Real Estate,-4.0,-18.0,False,230.0,232.0,False,EXIT
ORIENTHOT,Oriental Hotels Limited,Consumer Cyclical,Lodging,121.20999908447266,False,73.0,False,True,Sector: Consumer Cyclical,-22.2,-13.84,False,495.0,491.0,True,EXIT
INA,Insolation Energy Limited,Technology,Solar,94.86000061035156,False,3.78,False,False,Sector: Technology,,,False,79.82,258.66,False,EXIT
DYCL,Dynamic Cables Limited,Industrials,Electrical Equipment & Parts,452.8999938964844,False,91.0,True,True,Sector: Industrials,-14.4,-4.47,False,1285.0,1198.0,True,HOLD
HONDAPOWER,Honda India Power Products Limited,Industrials,Specialty Industrial Machinery,2111.199951171875,False,66.0,False,False,Sector: Industrials,-44.34,-34.33,False,900.0,1246.0,False,EXIT
BAJEL,Bajel Projects Limited,Utilities,Utilities - Regulated Electric,183.22000122070312,False,28.0,True,True,Sector: Utilities,8.68,-15.04,False,2751.0,2792.0,False,HOLD
SPANDANA,Spandana Sphoorty Financial Limited,Financial Services,Credit Services,240.35000610351562,False,-279.0,False,False,Sector: Financial Services,-5.18,-1.85,False,906.0,2280.0,False,EXIT
BHARATRAS,Bharat Rasayan Limited,Basic Materials,Agricultural Inputs,1277.800048828125,False,136.0,False,False,Sector: Basic Materials,-58.0,-53.7,False,1203.0,1301.0,False,EXIT
VINCOFE,Vintage Coffee and Beverages Limited,Consumer Defensive,Beverages - Non-Alcoholic,148.16000366210938,False,14.0,True,False,Sector: Consumer Defensive,-18.84,-6.99,False,310.0,317.0,False,EXIT
SHRINGARMS,Shringar House of Mangalsutra Limited,Consumer Cyclical,Luxury Goods,224.92999267578125,False,121.0,True,True,Sector: Consumer Cyclical,,,False,2462.0,2246.0,True,HOLD
VENKEYS,Venky's (India) Limited,Consumer Defensive,Farm Products,1514.800048828125,False,173.0,False,True,Sector: Consumer Defensive,-11.55,0.2,False,3980.0,4400.0,False,EXIT
TCIEXP,TCI Express Limited,Industrials,Integrated Freight & Logistics,555.2000122070312,False,91.0,False,False,Sector: Industrials,-30.48,-20.51,False,1261.0,1254.0,True,EXIT
SOMANYCERA,Somany Ceramics Limited,Industrials,Building Products & Equipment,512.3499755859375,False,117.0,True,True,Sector: Industrials,-10.53,-0.63,False,2750.0,2640.0,True,HOLD
TAJGVK,TAJGVK Hotels & Resorts Limited,Consumer Cyclical,Lodging,345.1499938964844,False,99.0,False,False,Sector: Consumer Cyclical,-33.42,-25.01,False,477.0,474.0,True,EXIT
GREENPANEL,Greenpanel Industries Limited,Basic Materials,Lumber & Wood Production,166.14999389648438,False,7.0,False,False,Sector: Basic Materials,-43.18,-38.95,False,1561.0,1783.0,False,EXIT
LAOPALA,La Opala RG Limited,Consumer Cyclical,"Furnishings, Fixtures & Appliances",189.30999755859375,False,93.0,False,False,Sector: Consumer Cyclical,-36.11,-27.69,False,315.0,452.0,False,EXIT
PARACABLES,Paramount Communications Limited,Technology,Communication Equipment,63.63999938964844,False,61.0,False,True,Sector: Technology,19.49,28.38,True,1991.0,1912.0,True,HOLD
NGLFINE,NGL Fine-Chem Limited,Healthcare,Drug Manufacturers - General,3023.5,False,50.0,False,True,Sector: Healthcare,91.71,103.88,True,525.0,489.0,True,HOLD
LANDMARK,Landmark Cars Limited,Consumer Cyclical,Auto & Truck Dealerships,513.2999877929688,False,44.0,False,True,Sector: Consumer Cyclical,-20.17,-11.82,False,854.0,800.0,True,EXIT
SAKSOFT,Saksoft Limited,Technology,Information Technology Services,166.36000061035156,False,81.0,True,True,Sector: Technology,-34.67,-25.26,False,489.0,493.0,False,HOLD
EXICOM,Exicom Tele-Systems Limited,Industrials,Electrical Equipment & Parts,158.0500030517578,False,26.0,False,True,Sector: Industrials,-4.02,5.87,False,981.0,895.0,True,EXIT
HUHTAMAKI,Huhtamaki India Limited,Consumer Cyclical,Packaging & Containers,276.0,False,136.0,False,True,Sector: Consumer Cyclical,17.44,25.65,True,2610.0,2983.0,False,HOLD
EPACK,EPACK Durable Limited,Consumer Cyclical,"Furnishings, Fixtures & Appliances",210.8699951171875,False,16.0,False,False,Sector: Consumer Cyclical,-55.65,-47.15,False,2117.0,2171.0,False,EXIT
ARMANFIN,Arman Financial Services Limited,Financial Services,Credit Services,1936.800048828125,False,43.0,True,True,Sector: Financial Services,23.86,27.01,True,231.0,216.0,True,HOLD
PENIND,Pennar Industries Limited,Industrials,Specialty Industrial Machinery,152.49000549316406,False,100.0,False,False,Sector: Industrials,-53.49,-43.45,False,2662.0,2748.0,False,EXIT
HESTERBIO,Hester Biosciences Limited,Healthcare,Drug Manufacturers - Specialty & Generic,2413.5,False,59.0,True,True,Sector: Healthcare,3.79,16.79,True,301.0,292.0,True,HOLD
GMBREW,G.M. Breweries Limited,Consumer Defensive,Beverages - Wineries & Distilleries,880.2999877929688,False,169.0,True,False,Sector: Consumer Defensive,16.95,28.3,True,785.0,748.0,True,HOLD
HPL,HPL Electric & Power Limited,Industrials,Electrical Equipment & Parts,314.3999938964844,False,84.0,False,False,Sector: Industrials,-50.07,-40.03,False,1974.0,1858.0,True,EXIT
DOLPHIN,Dolphin Offshore Enterprises (India) Limited,Energy,Oil & Gas Equipment & Services,619.4000244140625,False,37.0,False,True,Sector: Energy,15.21,39.37,True,14.0,340.0,False,HOLD
JAYKAY,Jaykay Enterprises Limited,Industrials,Specialty Business Services,154.52999877929688,False,263.0,False,False,Sector: Industrials,,,False,7.0,6.0,True,EXIT
INDOCO,Indoco Remedies Limited,Healthcare,Drug Manufacturers - Specialty & Generic,221.16000366210938,False,105.0,False,False,Sector: Healthcare,-39.46,-26.04,False,1701.0,1791.0,False,EXIT
EMSLIMITED,EMS Limited,Industrials,Engineering & Construction,375.75,False,66.0,False,False,Sector: Industrials,-44.33,-34.32,False,523.0,941.0,False,EXIT
KCP,The KCP Limited,Basic Materials,Building Materials,151.22000122070312,False,118.0,False,False,Sector: Basic Materials,-31.72,-27.54,False,1555.0,1695.0,False,EXIT
HINDOILEXP,Hindustan Oil Exploration Company Limited,Energy,Oil & Gas E&P,156.49000549316406,False,74.0,False,True,Sector: Energy,-36.9,-9.85,False,281.0,570.0,False,EXIT
BFUTILITIE,BF Utilities Limited,Industrials,Infrastructure Operations,533.2000122070312,False,-9.21,False,False,Sector: Industrials,-45.8,-35.78,False,18.98,21.25,False,EXIT
BCG,Brightcom Group Limited,Communication Services,Advertising Agencies,9.289999961853027,False,0.0,False,False,Sector: Communication Services,-33.75,-45.94,False,436.0,492.0,False,EXIT
CAMLINFINE,Camlin Fine Sciences Limited,Basic Materials,Specialty Chemicals,109.5999984741211,False,-35.0,False,False,Sector: Basic Materials,-52.43,-48.16,False,869.0,886.0,False,EXIT
ESAFSFB,ESAF Small Finance Bank,Financial Services,Banks - Regional,40.40999984741211,False,-5.0,False,True,Sector: Financial Services,29.67,32.79,True,3807.0,3858.0,False,HOLD
AEROPLANE,AEROPLANE,Consumer Defensive,Farm Products,181.19000244140625,False,89.0,True,False,Sector: Consumer Defensive,,,False,2218.0,2030.0,True,EXIT
CANTABIL,Cantabil Retail India Limited,Consumer Cyclical,Apparel Manufacturing,228.5800018310547,False,97.0,True,False,Sector: Consumer Cyclical,-17.97,-9.62,False,873.0,853.0,True,EXIT
SIMPLEXINF,Simplex Infrastructures Limited,Industrials,Engineering & Construction,259.6499938964844,False,45.0,False,True,Sector: Industrials,-27.84,-17.88,False,667.0,6041.0,False,EXIT
TIL,TIL Limited,Industrials,Farm & Heavy Construction Machinery,226.89999389648438,False,-32.0,False,False,Sector: Industrials,-32.05,-22.07,False,339.0,471.0,False,EXIT
GOCLCORP,GOCL Corporation Limited,Basic Materials,Specialty Chemicals,401.6499938964844,False,271.0,False,True,Sector: Basic Materials,-2.79,1.28,False,11.0,175.0,False,EXIT
TINNARUBR,Tinna Rubber and Infrastructure Limited,Basic Materials,Specialty Chemicals,1065.0999755859375,False,62.0,True,True,Sector: Basic Materials,20.64,24.62,True,557.0,533.0,True,HOLD
DCXINDIA,DCX Systems Limited,Industrials,Aerospace & Defense,179.1199951171875,False,27.0,False,False,Sector: Industrials,-44.37,-34.35,False,621.0,1423.0,False,EXIT
WINDLAS,Windlas Biotech Limited,Healthcare,Drug Manufacturers - Specialty & Generic,917.9500122070312,False,66.0,True,True,Sector: Healthcare,-27.55,-14.25,False,942.0,904.0,True,HOLD
NDRAUTO,NDR Auto Components Limited,Consumer Cyclical,Auto Parts,794.25,False,57.0,True,False,Sector: Consumer Cyclical,-33.96,-25.55,False,861.0,823.0,True,EXIT
INDIANHUME,The Indian Hume Pipe Company Limited,Industrials,Engineering & Construction,360.1499938964844,False,143.0,False,True,Sector: Industrials,-19.07,-9.14,False,1301.0,1792.0,False,EXIT
WEL,Wonder Electricals Limited,Consumer Cyclical,"Furnishings, Fixtures & Appliances",146.24000549316406,False,12.0,False,True,Sector: Consumer Cyclical,-18.54,-10.19,False,734.0,894.0,False,EXIT
JISLJALEQS,Jain Irrigation Systems Limited,Industrials,Conglomerates,27.530000686645508,False,3.0,False,False,Sector: Industrials,-58.41,-48.35,False,3313.0,4402.0,False,EXIT
MUKANDLTD,Mukand Limited,Basic Materials,Steel,135.69000244140625,False,662.0,True,True,Sector: Basic Materials,-7.11,-3.02,False,4986.0,5618.0,False,HOLD
TIRUMALCHM,Thirumalai Chemicals Limited,Basic Materials,Specialty Chemicals,151.33999633789062,False,-37.0,False,False,Sector: Basic Materials,-53.69,-49.41,False,1245.0,2152.0,False,EXIT
SAKAR,Sakar Healthcare Limited,Healthcare,Drug Manufacturers - Specialty & Generic,893.7000122070312,False,36.0,True,True,Sector: Healthcare,157.97,169.52,True,272.0,252.0,True,HOLD
TEAMLEASE,TeamLease Services Limited,Industrials,Staffing & Employment Services,1246.5,False,97.0,False,False,Sector: Industrials,-44.09,-34.07,False,10835.0,10736.0,True,EXIT
TARSONS,Tarsons Products Limited,Healthcare,Medical Instruments & Supplies,336.6499938964844,False,20.0,False,True,Sector: Healthcare,-8.26,4.85,False,348.0,333.0,True,EXIT
AWFIS,AWFIS,Industrials,Rental & Leasing Services,265.6000061035156,False,80.0,True,False,Sector: Industrials,-65.61,-55.53,False,1305.0,1229.0,True,EXIT
MOTISONS,MOTISONS,Consumer Cyclical,Luxury Goods,16.780000686645508,False,67.0,True,True,Sector: Consumer Cyclical,-28.04,-19.65,False,510.0,490.0,True,HOLD
VIDYAWIRES,VIDYAWIRES,Industrials,Electrical Equipment & Parts,88.06999969482422,False,64.0,True,False,Sector: Industrials,,,False,1911.0,1830.0,True,EXIT
HGS,Hinduja Global Solutions Limited,Industrials,Specialty Business Services,406.95001220703125,False,-160.0,False,False,Sector: Industrials,-35.91,-25.92,False,1813.0,2142.0,False,EXIT
MSPL,MSP Steel & Power Limited,Basic Materials,Steel,34.5099983215332,False,38.0,True,False,Sector: Basic Materials,1.67,5.72,True,2959.0,2905.0,True,HOLD
SCILAL,Shipping Corporation of India Land and Assets Limited,Real Estate,Real Estate Services,40.52000045776367,False,28.0,False,False,Sector: Real Estate,-6.59,-20.53,False,25.0,23.0,True,EXIT
HATHWAY,Hathway Cable and Datacom Limited,Communication Services,Entertainment,10.510000228881836,False,62.0,False,False,Sector: Communication Services,-18.17,-30.73,False,577.0,1307.0,False,EXIT
SERVOTECH,Servotech Renewable Power System Limited,Industrials,Electrical Equipment & Parts,82.19000244140625,False,40.0,True,False,Sector: Industrials,-47.59,-37.56,False,721.0,637.0,True,EXIT
CNL,Creative Newtech Limited,Technology,Electronics & Computer Distribution,1264.1500244140625,True,38.0,True,True,Sector: Technology,80.89,89.19,True,2650.0,2556.0,True,ADD
KRSNAA,Krsnaa Diagnostics Limited,Healthcare,Diagnostics & Research,540.2000122070312,False,,False,False,Sector: Healthcare,-47.49,-34.01,False,,691.0,False,EXIT
GRMOVER,GRM Overseas Limited,Consumer Defensive,Packaged Foods,87.51000213623047,False,55.0,False,False,Sector: Consumer Defensive,-42.94,-30.75,False,1244.0,1262.0,False,EXIT
BGRENERGY,BGR Energy Systems Limited,Industrials,Engineering & Construction,244.14999389648438,False,-1243.0,False,False,Sector: Industrials,34.27,44.03,True,226.0,3438.0,False,EXIT
ALGOQUANT,Algoquant Fintech Limited,Financial Services,Capital Markets,66.2699966430664,True,45.0,False,False,Sector: Financial Services,,,False,259.0,235.0,True,EXIT
NUCLEUS,Nucleus Software Exports Limited,Technology,Software - Application,711.8499755859375,False,102.0,False,False,Sector: Technology,-43.18,-33.69,False,799.0,806.0,False,EXIT
SBC,SBC Exports Limited,Industrials,Conglomerates,38.65999984741211,False,34.0,True,True,Sector: Industrials,91.77,101.35,True,346.0,301.0,True,HOLD
INSECTICID,Insecticides (India) Limited,Basic Materials,Agricultural Inputs,619.5,False,120.0,False,False,Sector: Basic Materials,-33.82,-29.62,False,2069.0,2144.0,False,EXIT
PAUSHAKLTD,Paushak Limited,Basic Materials,Specialty Chemicals,752.3499755859375,True,42.0,False,False,Sector: Basic Materials,,,False,246.0,219.0,True,EXIT
EIHAHOTELS,EIH Associated Hotels Limited,Consumer Cyclical,Lodging,293.5,False,88.0,False,False,Sector: Consumer Cyclical,-38.65,-30.22,False,381.0,408.0,False,EXIT
PFS,PTC India Financial Services Limited,Financial Services,Credit Services,28.200000762939453,False,223.0,False,False,Sector: Financial Services,-34.67,-31.15,False,476.0,1364.0,False,EXIT
OMAXE,Omaxe Limited,Real Estate,Real Estate - Development,101.93000030517578,False,-192.0,False,True,Sector: Real Estate,22.22,7.52,True,410.0,1268.0,False,HOLD
ASIANENE,Asian Energy Services Limited,Energy,Oil & Gas Equipment & Services,463.04998779296875,True,48.0,False,True,Sector: Energy,7.05,31.66,True,526.0,492.0,True,HOLD
CAPACITE,Capacit'e Infraprojects Limited,Industrials,Engineering & Construction,209.11000061035156,False,171.0,False,False,Sector: Industrials,-40.69,-30.69,False,2250.0,2236.0,True,EXIT
PNGSREVA,PNGSREVA,Consumer Cyclical,Luxury Goods,574.2000122070312,False,84.0,True,False,Sector: Consumer Cyclical,,,False,503.0,439.0,True,EXIT
KABRAEXTRU,Kabra Extrusiontechnik Limited,Industrials,Specialty Industrial Machinery,512.5999755859375,False,3.0,False,True,Sector: Industrials,93.52,103.1,True,490.0,670.0,False,HOLD
5PAISA,5paisa Capital Limited,Financial Services,Capital Markets,388.29998779296875,False,44.0,False,True,Sector: Financial Services,-1.39,1.92,False,330.0,395.0,False,EXIT
MARSONS,Marsons Limited,Industrials,Electrical Equipment & Parts,102.30999755859375,False,44.0,False,False,Sector: Industrials,,,False,247.0,245.0,True,EXIT
GOODYEAR,Goodyear India Limited,Consumer Cyclical,Auto Parts,763.5,False,54.0,False,False,Sector: Consumer Cyclical,,,False,2594.0,2928.0,False,EXIT
KAPSTON,Kapston Services Limited,Industrials,Specialty Business Services,528.4000244140625,False,30.0,True,True,Sector: Industrials,102.16,111.71,True,860.0,830.0,True,HOLD
YATRA,Yatra Online Limited,Consumer Cyclical,Travel Services,115.5,False,32.0,False,False,Sector: Consumer Cyclical,-36.84,-28.42,False,653.0,843.0,False,EXIT
SHANTIGOLD,SHANTIGOLD,Consumer Cyclical,Luxury Goods,253.85000610351562,True,186.0,True,True,Sector: Consumer Cyclical,-4.25,4.05,False,2442.0,2019.0,True,HOLD
RICOAUTO,Rico Auto Industries Limited,Consumer Cyclical,Auto Parts,133.32000732421875,False,23.0,False,True,Sector: Consumer Cyclical,25.54,33.72,True,2030.0,1873.0,True,HOLD
JAICORPLTD,Jai Corp Limited,Basic Materials,Specialty Chemicals,100.08000183105469,False,86.0,False,False,Sector: Basic Materials,-29.37,-25.19,False,528.0,716.0,False,EXIT
MAHASTEEL,Mahamaya Steel Industries Limited,Basic Materials,Steel,1123.699951171875,True,9.0,True,True,Sector: Basic Materials,210.89,214.09,True,943.0,883.0,True,ADD
MACPOWER,Macpower CNC Machines Limited,Industrials,Specialty Industrial Machinery,1983.5999755859375,True,39.0,True,True,Sector: Industrials,126.21,135.68,True,367.0,333.0,True,ADD
BFINVEST,BF Investment Limited,Financial Services,Asset Management,460.70001220703125,False,147.0,True,True,Sector: Financial Services,-8.65,-5.29,False,208.0,206.0,True,HOLD
GOCOLORS,Go Fashion (India) Limited,Consumer Cyclical,Apparel Retail,346.8500061035156,False,53.0,False,False,Sector: Consumer Cyclical,-60.47,-51.96,False,838.0,848.0,False,EXIT
CEINSYS,Ceinsys Tech Limited,Industrials,Engineering & Construction,784.2999877929688,False,149.0,False,False,Sector: Industrials,,,False,633.0,635.0,False,EXIT
KPEL,K.P. Energy Limited,Industrials,Engineering & Construction,262.29998779296875,False,180.0,True,False,Sector: Industrials,-51.08,-41.04,False,1786.0,1488.0,True,EXIT
JINDRILL,Jindal Drilling & Industries Limited,Energy,Oil & Gas Equipment & Services,651.1500244140625,False,169.0,False,True,Sector: Energy,-26.53,-0.06,False,1018.0,997.0,True,EXIT
GARUDA,GARUDA,Industrials,Engineering & Construction,182.8800048828125,False,136.0,True,False,Sector: Industrials,-20.35,-10.41,False,581.0,531.0,True,EXIT
ACCELYA,Accelya Solutions India Limited,Technology,Information Technology Services,1130.800048828125,False,,False,False,Sector: Technology,-31.16,-21.79,False,,527.0,False,EXIT
AURUM,Aurum PropTech Limited,Real Estate,Real Estate Services,226.63999938964844,False,65.0,False,True,Sector: Real Estate,42.55,27.33,True,3.0,16.0,False,HOLD
MCLOUD,Magellanic Cloud Limited,Technology,Information Technology Services,28.850000381469727,False,21.0,True,False,Sector: Technology,-78.16,-68.33,False,96.0,102.0,False,EXIT
RHETAN,Rhetan TMT Limited,Basic Materials,Steel,21.43000030517578,False,13.0,True,False,Sector: Basic Materials,,,False,23.0,86.0,False,EXIT
TBZ,Tribhovandas Bhimji Zaveri Limited,Consumer Cyclical,Luxury Goods,251.0500030517578,False,212.0,True,True,Sector: Consumer Cyclical,20.41,28.61,True,3420.0,3203.0,True,HOLD
STUDDS,STUDDS,Consumer Cyclical,Auto Parts,449.0,False,77.0,False,False,Sector: Consumer Cyclical,,,False,649.0,630.0,True,EXIT
SMCGLOBAL,SMC Global Securities Limited,Financial Services,Capital Markets,80.69000244140625,False,84.0,False,True,Sector: Financial Services,11.79,15.01,True,995.0,993.0,True,HOLD
BLUSPRING,Bluspring Enterprises Limited,Industrials,Specialty Business Services,111.20999908447266,False,19.0,True,True,Sector: Industrials,19.59,29.4,True,2369.0,2322.0,True,HOLD
MTNL,Mahanagar Telephone Nigam Limited,Communication Services,Telecom Services,27.079999923706055,False,-3003.0,False,False,Sector: Communication Services,-30.4,-42.67,False,916.0,3398.0,False,EXIT
VOEPL,Virtuoso Optoelectronics Limited,Technology,Consumer Electronics,477.8500061035156,False,18.0,True,False,Sector: Technology,,,False,1008.0,835.0,True,EXIT
RATNAVEER,Ratnaveer Precision Engineering Limited,Basic Materials,Steel,252.19000244140625,True,68.0,True,True,Sector: Basic Materials,62.59,66.39,True,1119.0,1069.0,True,ADD
SHALBY,Shalby Limited,Healthcare,Medical Care Facilities,152.6999969482422,False,112.0,False,False,Sector: Healthcare,-39.04,-25.63,False,916.0,899.0,True,EXIT
RACLGEAR,RACL Geartech Limited,Consumer Cyclical,Auto Parts,1399.0999755859375,False,47.0,True,True,Sector: Consumer Cyclical,40.22,48.34,True,505.0,478.0,True,HOLD
TTKHLTCARE,TTK Healthcare Limited,Healthcare,Drug Manufacturers - General,1114.0999755859375,False,74.0,False,True,Sector: Healthcare,-16.35,-3.16,False,888.0,857.0,True,EXIT
HINDWAREAP,Hindware Home Innovation Limited,Consumer Cyclical,"Furnishings, Fixtures & Appliances",199.88999938964844,False,-41.0,False,False,Sector: Consumer Cyclical,-45.88,-37.43,False,328.0,557.0,False,EXIT
IFGLEXPOR,IFGL Refractories Limited,Basic Materials,Building Materials,222.8300018310547,False,40.0,False,True,Sector: Basic Materials,-24.71,-20.55,False,1131.0,1109.0,True,EXIT
DELTACORP,Delta Corp Limited,Consumer Cyclical,Resorts & Casinos,60.709999084472656,False,-17.0,False,False,Sector: Consumer Cyclical,-45.22,-36.77,False,502.0,636.0,False,EXIT
IPL,India Pesticides Limited,Basic Materials,Agricultural Inputs,138.19000244140625,False,110.0,False,False,Sector: Basic Materials,-44.22,-39.98,False,1034.0,1057.0,False,EXIT
SURYODAY,Suryoday Small Finance Bank Limited,Financial Services,Banks - Regional,151.9199981689453,False,192.0,False,True,Sector: Financial Services,12.77,15.99,True,2287.0,2160.0,True,HOLD
KRISHNADEF,KRISHNADEF,Industrials,Specialty Industrial Machinery,1125.0,False,41.0,True,True,Sector: Industrials,29.06,38.84,True,234.0,245.0,False,HOLD
MOL,Meghmani Organics Limited,Basic Materials,Agricultural Inputs,61.939998626708984,False,142.0,False,True,Sector: Basic Materials,-33.42,-29.23,False,2022.0,2557.0,False,EXIT
MVELECTRO,MVELECTRO,Industrials,Electrical Equipment & Parts,574.0999755859375,False,,False,False,Sector: Industrials,,,False,,68.0,False,EXIT
VIKRAN,VIKRAN,Industrials,Engineering & Construction,61.09000015258789,False,104.0,True,False,Sector: Industrials,,,False,1294.0,1249.0,True,EXIT
SPMLINFRA,SPML Infra Limited,Industrials,Engineering & Construction,194.47000122070312,False,87.0,True,True,Sector: Industrials,-45.32,-35.3,False,995.0,1701.0,False,HOLD
MOBIKWIK,MOBIKWIK,Technology,Software - Infrastructure,198.99000549316406,False,-6.0,False,False,Sector: Technology,-22.48,-13.19,False,1110.0,1164.0,False,EXIT
SURAKSHA,SURAKSHA,Healthcare,Diagnostics & Research,318.29998779296875,False,37.0,True,True,Sector: Healthcare,-14.76,-1.58,False,314.0,301.0,True,HOLD
WENDT,Wendt (India) Limited,Industrials,Tools & Accessories,8055.0,False,26.0,False,True,Sector: Industrials,-32.39,-22.41,False,223.0,215.0,True,EXIT
HITECH,Hi-Tech Pipes Limited,Basic Materials,Steel,77.9800033569336,False,61.0,False,False,Sector: Basic Materials,-17.89,-13.76,False,3924.0,3443.0,True,EXIT
IKIO,IKIO Technologies Limited,Technology,Electronic Components,196.99000549316406,False,16.0,False,True,Sector: Technology,-24.57,-15.26,False,176.0,241.0,False,EXIT
SUMMITSEC,Summit Securities Limited,Financial Services,Capital Markets,1428.800048828125,False,46.0,False,False,Sector: Financial Services,-36.17,-32.64,False,80.0,86.0,False,EXIT
INFOBEAN,InfoBeans Technologies Limited,Technology,Software - Application,158.02999877929688,False,67.0,True,False,Sector: Technology,-16.04,-6.81,False,413.0,381.0,True,EXIT
AYMSYNTEX,AYM Syntex Limited,Consumer Cyclical,Textile Manufacturing,270.8999938964844,False,19.0,False,True,Sector: Consumer Cyclical,28.48,36.65,True,1390.0,1491.0,False,HOLD
BHARATSE,Bharat Seats Limited,Consumer Cyclical,Auto Parts,240.91000366210938,False,46.0,True,True,Sector: Consumer Cyclical,65.8,73.82,True,2102.0,1951.0,True,HOLD
DOLLAR,Dollar Industries Limited,Consumer Cyclical,Apparel Manufacturing,268.54998779296875,False,111.0,False,False,Sector: Consumer Cyclical,-37.02,-28.6,False,1850.0,1845.0,True,EXIT
GTLINFRA,GTL Infrastructure Limited,Technology,Communication Equipment,1.2100000381469727,False,1081.0,True,False,Sector: Technology,-32.24,-22.85,False,1365.0,2333.0,False,EXIT
VIDHIING,Vidhi Specialty Food Ingredients Limited,Basic Materials,Specialty Chemicals,325.8999938964844,False,54.0,False,True,Sector: Basic Materials,-19.43,-15.3,False,438.0,537.0,False,EXIT
MBEL,MBEL,Industrials,Engineering & Construction,284.3500061035156,False,78.0,False,False,Sector: Industrials,-50.33,-40.3,False,1121.0,1085.0,True,EXIT
SDBL,Som Distilleries & Breweries Limited,Consumer Defensive,Beverages - Brewers,74.0,False,-12.0,False,False,Sector: Consumer Defensive,-62.05,-49.6,False,368.0,794.0,False,EXIT
JISLDVREQS,Jain Irrigation Systems Limited,Industrials,Conglomerates,21.010000228881836,False,,False,False,Sector: Industrials,-43.34,-33.33,False,,,False,EXIT
ONEPOINT,One Point One Solutions Limited,Industrials,Specialty Business Services,56.25,False,31.0,True,True,Sector: Industrials,10.2,20.04,True,234.0,228.0,True,HOLD
WALCHANNAG,Walchandnagar Industries Limited,Industrials,Engineering & Construction,222.60000610351562,False,-3.0,False,True,Sector: Industrials,8.62,18.46,True,317.0,802.0,False,HOLD
DSSL,Dynacons Systems & Solutions Limited,Technology,Information Technology Services,1147.199951171875,False,85.0,True,True,Sector: Technology,5.14,14.17,True,1405.0,1423.0,False,HOLD
IVALUE,iValue Infosolutions Limited,Technology,Information Technology Services,280.29998779296875,False,98.0,True,True,Sector: Technology,,,False,926.0,1279.0,False,HOLD
ASIANTILES,Asian Granito India Limited,Industrials,Building Products & Equipment,45.810001373291016,False,0.0,False,False,Sector: Industrials,-36.86,-26.87,False,1113.0,1354.0,False,EXIT
ALLCARGO,Allcargo Logistics Limited,Industrials,Integrated Freight & Logistics,9.970000267028809,False,40.0,False,False,Sector: Industrials,-82.57,-72.43,False,2113.0,2879.0,False,EXIT
NAVKARCORP,Navkar Corporation Limited,Industrials,Integrated Freight & Logistics,97.91999816894531,False,40.0,False,False,Sector: Industrials,-31.82,-21.85,False,740.0,687.0,True,EXIT
JAGSNPHARM,Jagsonpal Pharmaceuticals Limited,Healthcare,Drug Manufacturers - Specialty & Generic,230.88999938964844,False,45.0,False,True,Sector: Healthcare,-21.63,-8.38,False,294.0,287.0,True,EXIT
DLINKINDIA,D-Link (India) Limited,Technology,Communication Equipment,418.8500061035156,False,106.0,True,False,Sector: Technology,-27.56,-18.22,False,1666.0,1559.0,True,EXIT
DIGITIDE,Digitide Solutions Limited,Industrials,Specialty Business Services,98.08000183105469,False,7.0,False,False,Sector: Industrials,-66.24,-56.15,False,1946.0,2067.0,False,EXIT
AGL,AGL,Industrials,Integrated Freight & Logistics,13.25,False,,False,False,Sector: Industrials,,,False,,2034.0,False,EXIT
INDORAMA,Indo Rama Synthetics (India) Limited,Consumer Cyclical,Textile Manufacturing,56.810001373291016,False,111.0,False,True,Sector: Consumer Cyclical,-9.56,-1.25,False,4152.0,4519.0,False,EXIT
SESHAPAPER,Seshasayee Paper and Boards Limited,Basic Materials,Paper & Paper Products,228.8699951171875,False,84.0,False,False,Sector: Basic Materials,-21.89,-17.74,False,1817.0,2083.0,False,EXIT
GPTINFRA,GPT Infraprojects Limited,Industrials,Engineering & Construction,115.12000274658203,False,96.0,True,True,Sector: Industrials,-16.51,-6.58,False,1199.0,1226.0,False,HOLD
NITTAGELA,Nitta Gelatin India Limited,Basic Materials,Specialty Chemicals,1599.800048828125,False,116.0,True,False,Sector: Basic Materials,,,False,590.0,588.0,True,EXIT
DIFFNKG,DIFFNKG,Industrials,Specialty Industrial Machinery,408.5,False,40.0,False,True,Sector: Industrials,3.67,13.53,True,377.0,354.0,True,HOLD
AEROENTER,Aeroflex Enterprises Limited,Basic Materials,Steel,130.88999938964844,False,99.0,False,True,Sector: Basic Materials,32.11,36.04,True,10.0,107.0,False,HOLD
QUADFUTURE,QUADFUTURE,Industrials,Railroads,341.0,False,-39.0,False,True,Sector: Industrials,-26.31,-16.35,False,165.0,153.0,True,EXIT
IGARASHI,Igarashi Motors India Limited,Consumer Cyclical,Auto Parts,450.3999938964844,False,16.0,False,True,Sector: Consumer Cyclical,-20.0,-11.65,False,912.0,866.0,True,EXIT
AMRUTANJAN,Amrutanjan Health Care Limited,Healthcare,Drug Manufacturers - Specialty & Generic,488.25,False,54.0,False,False,Sector: Healthcare,-46.84,-33.36,False,511.0,503.0,True,EXIT
ASALCBR,Associated Alcohols & Breweries Limited,Consumer Defensive,Beverages - Wineries & Distilleries,721.9000244140625,False,83.0,False,False,Sector: Consumer Defensive,-45.02,-32.8,False,1034.0,1075.0,False,EXIT
PNBGILTS,PNB Gilts Ltd.,Financial Services,Capital Markets,79.5,False,102.0,False,False,Sector: Financial Services,-30.36,-26.87,False,1747.0,1699.0,True,EXIT
SIGNPOST,Signpost India Limited,Communication Services,Advertising Agencies,273.3999938964844,False,73.0,True,True,Sector: Communication Services,8.21,-4.98,False,591.0,576.0,True,HOLD
UDS,Updater Services Limited,Industrials,Specialty Business Services,210.7899932861328,False,54.0,False,True,Sector: Industrials,-28.9,-18.93,False,1810.0,1762.0,True,EXIT
UGROCAP,UGRO Capital Limited,Financial Services,Credit Services,90.80000305175781,False,140.0,False,False,Sector: Financial Services,-50.04,-46.42,False,1770.0,1785.0,False,EXIT
ARFIN,Arfin India Limited,Basic Materials,Aluminum,82.5,False,16.0,False,True,Sector: Basic Materials,138.09,141.58,True,724.0,625.0,True,HOLD
ALLTIME,ALLTIME,Consumer Defensive,Household & Personal Products,213.99000549316406,False,35.0,False,False,Sector: Consumer Defensive,-45.77,-33.54,False,614.0,610.0,True,EXIT
IGPL,I G Petrochemicals Limited,Basic Materials,Chemicals,479.95001220703125,False,102.0,False,True,Sector: Basic Materials,-1.95,2.12,False,2073.0,2352.0,False,EXIT
IZMO,IZMO Limited,Technology,Software - Application,903.9000244140625,False,-0.08,False,True,Sector: Technology,45.89,54.52,True,40.61,46.86,False,HOLD
SYNCOMF,Syncom Formulations (India) Limited,Healthcare,Drug Manufacturers - Specialty & Generic,15.569999694824219,False,85.0,True,True,Sector: Healthcare,-25.53,-12.25,False,495.0,487.0,True,HOLD
STEELXIND,Steel Exchange India Limited,Basic Materials,Steel,10.710000038146973,False,32.0,False,True,Sector: Basic Materials,1.8,5.85,True,1029.0,1658.0,False,HOLD
CLSEL,Chaman Lal Setia Exports Ltd.,Consumer Defensive,Packaged Foods,279.04998779296875,False,125.0,True,True,Sector: Consumer Defensive,-15.67,-3.87,False,1478.0,1495.0,False,HOLD
JAYBARMARU,Jay Bharat Maruti Limited,Consumer Cyclical,Auto Parts,130.4199981689453,False,136.0,False,True,Sector: Consumer Cyclical,44.81,52.92,True,2621.0,2551.0,True,HOLD
RSL,RSL,Basic Materials,Steel,164.9499969482422,True,59.0,True,False,Sector: Basic Materials,,,False,1082.0,1007.0,True,EXIT
ANDHRSUGAR,The Andhra Sugars Limited,Basic Materials,Chemicals,100.45999908447266,False,104.0,False,True,Sector: Basic Materials,21.75,25.72,True,1479.0,1453.0,True,HOLD
SPIC,Southern Petrochemical Industries Corporation Limited,Basic Materials,Agricultural Inputs,66.7300033569336,False,,False,False,Sector: Basic Materials,-46.45,-42.2,False,,3086.0,False,EXIT
TEXINFRA,Texmaco Infrastructure & Holdings Limited,Real Estate,Real Estate Services,107.05000305175781,False,8.09,False,True,Sector: Real Estate,22.72,8.01,True,11.2,14.58,False,HOLD
NINSYS,NINtec Systems Limited,Technology,Information Technology Services,729.0,False,29.0,True,True,Sector: Technology,58.08,66.59,True,104.0,102.0,True,HOLD
ATULAUTO,Atul Auto Limited,Consumer Cyclical,Auto Manufacturers,493.29998779296875,False,54.0,True,True,Sector: Consumer Cyclical,-0.77,7.51,False,832.0,786.0,True,HOLD
SOLARWORLD,SOLARWORLD,Technology,Solar,157.66000366210938,False,132.0,False,False,Sector: Technology,,,False,1278.0,1202.0,True,EXIT
SKMEGGPROD,SKM Egg Products Export (India) Limited,Consumer Defensive,Packaged Foods,258.6000061035156,False,110.0,True,True,Sector: Consumer Defensive,43.21,54.2,True,772.0,767.0,True,HOLD
INDOBORAX,Indo Borax & Chemicals Limited,Basic Materials,Chemicals,433.1499938964844,False,56.0,True,True,Sector: Basic Materials,54.16,58.0,True,232.0,215.0,True,HOLD
JAGRAN,Jagran Prakashan Limited,Communication Services,Publishing,61.560001373291016,False,220.0,False,False,Sector: Communication Services,-3.74,-16.65,False,1691.0,1940.0,False,EXIT
KROSS,KROSS,Consumer Cyclical,Auto Parts,202.5,False,58.0,True,True,Sector: Consumer Cyclical,-1.2,7.09,False,718.0,673.0,True,HOLD
PUNJABCHEM,Punjab Chemicals and Crop Protection Limited,Basic Materials,Chemicals,1133.5999755859375,False,64.0,False,False,Sector: Basic Materials,-12.72,-8.61,False,1053.0,1025.0,True,EXIT
PASHUPATI,Pashupati Cotspin Limited,Consumer Cyclical,Textile Manufacturing,85.31999969482422,False,16.0,False,False,Sector: Consumer Cyclical,14.0,22.23,True,672.0,661.0,True,EXIT
IMPAL,India Motor Parts & Accessories Limited,Consumer Cyclical,Auto Parts,1109.4000244140625,False,98.0,True,True,Sector: Consumer Cyclical,-4.79,3.5,False,875.0,837.0,True,HOLD
SHRIRAMPPS,Shriram Properties Limited,Real Estate,Real Estate - Development,77.9800033569336,False,29.0,False,False,Sector: Real Estate,-1.72,-15.78,False,209.0,452.0,False,EXIT
APEX,Apex Frozen Foods Limited,Consumer Defensive,Farm Products,398.5,False,51.0,False,True,Sector: Consumer Defensive,62.39,73.11,True,927.0,1070.0,False,HOLD
UNIENTER,Uniphos Enterprises Limited,Basic Materials,Chemicals,97.8499984741211,False,20.0,False,False,Sector: Basic Materials,-43.04,-38.81,False,26.0,112.0,False,EXIT
ASTEC,Astec LifeSciences Limited,Basic Materials,Agricultural Inputs,585.5499877929688,False,-67.0,False,False,Sector: Basic Materials,-40.77,-36.54,False,441.0,677.0,False,EXIT
ONIDA,Onida Electronics Limited,Consumer Cyclical,"Furnishings, Fixtures & Appliances",35.68000030517578,False,-76.0,False,True,Sector: Consumer Cyclical,19.94,28.15,True,702.0,1192.0,False,HOLD
RGL,Renaissance Global Limited,Consumer Cyclical,Luxury Goods,124.9000015258789,False,29.0,False,True,Sector: Consumer Cyclical,-3.81,4.48,False,1543.0,1517.0,True,EXIT
DEN,DEN Networks Limited,Communication Services,Entertainment,27.40999984741211,False,105.0,False,False,Sector: Communication Services,-14.31,-26.97,False,1012.0,1240.0,False,EXIT
NIITLTD,NIIT Limited,Consumer Defensive,Education & Training Services,93.08000183105469,False,1.0,False,True,Sector: Consumer Defensive,-29.65,-17.65,False,221.0,401.0,False,EXIT
AVADHSUGAR,Avadh Sugar & Energy Limited,Consumer Defensive,Confectioners,711.2999877929688,False,66.0,False,True,Sector: Consumer Defensive,46.89,57.83,True,2756.0,2798.0,False,HOLD
DCW,DCW Limited,Basic Materials,Chemicals,43.689998626708984,False,71.0,False,False,Sector: Basic Materials,-50.77,-46.5,False,2210.0,2634.0,False,EXIT
CAPITALSFB,Capital Small Finance Bank Limited,Financial Services,Banks - Regional,287.75,False,151.0,True,True,Sector: Financial Services,-9.49,-6.13,False,1090.0,1049.0,True,HOLD
BHARATWIRE,Bharat Wire Ropes Limited,Basic Materials,Steel,189.25999450683594,False,69.0,False,False,Sector: Basic Materials,-4.4,-0.32,False,579.0,622.0,False,EXIT
MENONBE,Menon Bearings Limited,Consumer Cyclical,Auto Parts,253.2100067138672,True,34.0,True,True,Sector: Consumer Cyclical,83.53,91.48,True,232.0,219.0,True,ADD
ASIANHOTNR,Asian Hotels (North) Limited,Consumer Cyclical,Lodging,302.0,False,-92.0,False,False,Sector: Consumer Cyclical,-22.14,-13.77,False,348.0,341.0,True,EXIT
KALAMANDIR,Sai Silks (Kalamandir) Limited,Consumer Cyclical,Apparel Retail,85.72000122070312,False,137.0,False,False,Sector: Consumer Cyclical,-63.69,-55.16,False,1650.0,1654.0,False,EXIT
GALAPREC,GALAPREC,Industrials,Specialty Industrial Machinery,1059.5999755859375,False,37.0,True,True,Sector: Industrials,15.31,25.13,True,327.0,314.0,True,HOLD
PRECAM,Precision Camshafts Limited,Consumer Cyclical,Auto Parts,133.16000366210938,False,-5.0,False,False,Sector: Consumer Cyclical,-37.11,-28.69,False,601.0,675.0,False,EXIT
GPTHEALTH,GPT Healthcare Limited,Healthcare,Medical Care Facilities,153.1300048828125,False,47.0,False,True,Sector: Healthcare,-19.33,-6.1,False,492.0,473.0,True,EXIT
ELECTHERM,Electrotherm (India) Limited,Basic Materials,Steel,1024.0999755859375,False,-37.0,False,True,Sector: Basic Materials,24.35,28.31,True,3771.0,4272.0,False,HOLD
DHANBANK,Dhanlaxmi Bank Limited,Financial Services,Banks - Regional,32.2400016784668,False,115.0,True,True,Sector: Financial Services,13.75,16.96,True,1683.0,1601.0,True,HOLD
EXCELINDUS,Excel Industries Limited,Basic Materials,Specialty Chemicals,985.2000122070312,False,69.0,False,True,Sector: Basic Materials,-29.52,-25.34,False,1078.0,1178.0,False,EXIT
JYOTISTRUC,Jyoti Structures Limited,Industrials,Specialty Industrial Machinery,10.729999542236328,False,64.0,True,False,Sector: Industrials,-45.0,-34.98,False,846.0,2782.0,False,EXIT
EXPLEOSOL,Expleo Solutions Limited,Technology,Information Technology Services,897.7000122070312,False,115.0,False,True,Sector: Technology,-24.5,-15.19,False,973.0,1025.0,False,EXIT
SULA,Sula Vineyards Limited,Consumer Defensive,Beverages - Wineries & Distilleries,146.85000610351562,False,8.0,False,False,Sector: Consumer Defensive,-58.03,-45.63,False,470.0,548.0,False,EXIT
GODAVARIB,GODAVARIB,Basic Materials,Chemicals,250.3000030517578,False,-3.0,False,False,Sector: Basic Materials,-12.08,-7.97,False,1983.0,2000.0,False,EXIT
STLNETWORK,STLNETWORK,Communication Services,Telecom Services,25.68000030517578,False,-40.0,False,True,Sector: Communication Services,,,False,831.0,1303.0,False,EXIT
FINOPB,Fino Payments Bank Limited,Financial Services,Banks - Regional,151.74000549316406,False,21.0,False,False,Sector: Financial Services,-49.65,-46.03,False,259.0,248.0,True,EXIT
ROTO,Roto Pumps Limited,Industrials,Specialty Industrial Machinery,66.33999633789062,False,24.0,False,True,Sector: Industrials,-36.56,-26.57,False,229.0,240.0,False,EXIT
CENTENKA,Century Enka Limited,Consumer Cyclical,Textile Manufacturing,576.5499877929688,False,148.0,False,True,Sector: Consumer Cyclical,4.56,12.82,True,1858.0,2098.0,False,HOLD
GYFTR,Gyftr Limited,Industrials,Specialty Business Services,157.94000244140625,False,17.0,False,False,Sector: Industrials,,,False,537.0,380.0,True,EXIT
SHREEPUSHK,Shree Pushkar Chemicals & Fertilisers Limited,Basic Materials,Specialty Chemicals,376.8999938964844,False,46.0,True,True,Sector: Basic Materials,1.25,5.3,True,581.0,567.0,True,HOLD
MANAKCOAT,Manaksia Coated Metals & Industries Limited,Industrials,Metal Fabrication,125.36000061035156,False,41.0,True,True,Sector: Industrials,-29.74,-19.77,False,897.0,884.0,True,HOLD
ALLDIGI,Alldigi Tech Limited,Industrials,Specialty Business Services,814.75,False,82.0,False,False,Sector: Industrials,-30.59,-20.62,False,347.0,346.0,True,EXIT
EKC,Everest Kanto Cylinder Limited,Industrials,Specialty Industrial Machinery,108.58999633789062,False,77.0,False,False,Sector: Industrials,-35.55,-25.57,False,932.0,1268.0,False,EXIT
AVTNPL,AVT Natural Products Limited,Basic Materials,Specialty Chemicals,87.44999694824219,False,68.0,False,True,Sector: Basic Materials,14.77,18.77,True,790.0,684.0,True,HOLD
WAAREEINDO,Indosolar Limited,Technology,Solar,297.54998779296875,False,166.0,False,False,Sector: Technology,-35.2,-25.79,False,554.0,680.0,False,EXIT
LINCOLN,Lincoln Pharmaceuticals Limited,Healthcare,Drug Manufacturers - Specialty & Generic,619.0999755859375,False,96.0,True,True,Sector: Healthcare,-3.37,9.7,False,694.0,671.0,True,HOLD
MWL,MWL,Basic Materials,Steel,40.720001220703125,False,52.0,True,True,Sector: Basic Materials,109.15,112.77,True,1248.0,1207.0,True,HOLD
CENTRUM,Centrum Capital Limited,Financial Services,Financial Conglomerates,24.200000762939453,False,137.0,False,False,Sector: Financial Services,-43.59,-40.01,False,58.0,556.0,False,EXIT
RAJRILTD,Raj Rayon Industries Limited,Consumer Cyclical,Textile Manufacturing,22.020000457763672,False,35.0,False,False,Sector: Consumer Cyclical,-25.88,-17.5,False,1124.0,1180.0,False,EXIT
DOLATALGO,Dolat Algotech Limited,Financial Services,Capital Markets,71.13999938964844,False,144.0,False,False,Sector: Financial Services,-18.56,-15.14,False,334.0,424.0,False,EXIT
ARROWGREEN,Arrow Greentech Limited,Consumer Cyclical,Packaging & Containers,730.25,False,59.0,False,True,Sector: Consumer Cyclical,18.74,26.94,True,201.0,201.0,True,HOLD
PLATIND,Platinum Industries Limited,Basic Materials,Specialty Chemicals,209.69000244140625,False,51.0,False,False,Sector: Basic Materials,-28.98,-24.8,False,442.0,434.0,True,EXIT
RUBYMILLS,The Ruby Mills Limited,Consumer Cyclical,Textile Manufacturing,401.54998779296875,True,43.0,False,True,Sector: Consumer Cyclical,61.88,69.92,True,380.0,359.0,True,HOLD
HMAAGRO,HMA Agro Industries Limited,Consumer Defensive,Packaged Foods,22.020000457763672,False,152.0,True,False,Sector: Consumer Defensive,-40.98,-28.82,False,7753.0,6769.0,True,EXIT
BUTTERFLY,Butterfly Gandhimathi Appliances Limited,Consumer Cyclical,"Furnishings, Fixtures & Appliances",656.4000244140625,False,48.0,False,False,Sector: Consumer Cyclical,-21.71,-13.34,False,970.0,1057.0,False,EXIT
IRMENERGY,IRM Energy Limited,Utilities,Utilities - Regulated Gas,290.25,False,77.0,False,True,Sector: Utilities,28.52,3.14,True,1130.0,1067.0,True,HOLD
MUNJALAU,Munjal Auto Industries Limited,Consumer Cyclical,Auto Parts,118.38999938964844,False,39.0,False,True,Sector: Consumer Cyclical,29.23,37.4,True,1557.0,1982.0,False,HOLD
RUPA,Rupa & Company Limited,Consumer Cyclical,Apparel Manufacturing,149.97000122070312,False,76.0,False,False,Sector: Consumer Cyclical,-34.67,-26.25,False,1278.0,1430.0,False,EXIT
MANALIPETC,Manali Petrochemicals Limited,Basic Materials,Specialty Chemicals,71.05999755859375,False,87.0,False,True,Sector: Basic Materials,-1.34,2.73,False,852.0,1444.0,False,EXIT
BOROSCI,Borosil Scientific Limited,Consumer Cyclical,Packaging & Containers,130.4600067138672,False,46.0,True,True,Sector: Consumer Cyclical,-17.23,-8.88,False,438.0,428.0,True,HOLD
ANDHRAPAP,Andhra Paper Limited,Basic Materials,Paper & Paper Products,61.93000030517578,False,28.0,False,False,Sector: Basic Materials,-24.1,-19.95,False,1702.0,2098.0,False,EXIT
ICEMAKE,Ice Make Refrigeration Limited,Industrials,Specialty Industrial Machinery,728.25,False,11.0,False,False,Sector: Industrials,-13.21,-3.3,False,732.0,667.0,True,EXIT
ORIENTTECH,ORIENTTECH,Technology,Information Technology Services,249.60000610351562,False,-3.0,False,False,Sector: Technology,-20.54,-11.27,False,852.0,865.0,False,EXIT
FAZE3Q,Faze Three Limited,Consumer Cyclical,Textile Manufacturing,483.70001220703125,False,24.0,False,False,Sector: Consumer Cyclical,-13.51,-5.18,False,868.0,860.0,True,EXIT
ALICON,Alicon Castalloy Limited,Industrials,Metal Fabrication,756.9500122070312,False,42.0,False,True,Sector: Industrials,-23.51,-13.56,False,1830.0,1661.0,True,EXIT
BIRLANU,BirlaNu Limited,Industrials,Building Products & Equipment,1588.800048828125,False,25.0,False,True,Sector: Industrials,-29.98,-20.01,False,2479.0,2427.0,True,EXIT
GCSL,Gretex Corporate Services Limited,Financial Services,Capital Markets,512.2999877929688,True,15.0,True,True,Sector: Financial Services,,,False,33.0,34.0,False,HOLD
OAL,Oriental Aromatics Limited,Basic Materials,Specialty Chemicals,341.95001220703125,False,28.0,False,True,Sector: Basic Materials,-3.82,0.25,False,1057.0,1026.0,True,EXIT
GULPOLY,Gulshan Polyols Limited,Basic Materials,Chemicals,187.75,False,147.0,True,True,Sector: Basic Materials,8.48,12.5,True,2359.0,2312.0,True,HOLD
BHAGYANGR,Bhagyanagar India Limited,Basic Materials,Copper,401.04998779296875,False,1.53,False,True,Sector: Basic Materials,322.48,325.23,True,5.58,1387.01,False,HOLD
BLKASHYAP,B.L. Kashyap and Sons Limited,Industrials,Engineering & Construction,52.36000061035156,False,19.0,False,False,Sector: Industrials,-37.62,-27.63,False,1357.0,1348.0,True,EXIT
COMSYN,Commercial Syn Bags Limited,Consumer Cyclical,Packaging & Containers,279.79998779296875,True,32.0,True,True,Sector: Consumer Cyclical,91.16,99.08,True,403.0,384.0,True,ADD
ULTRAMAR,Ultramarine & Pigments Limited,Basic Materials,Specialty Chemicals,401.0,False,84.0,True,False,Sector: Basic Materials,,,False,757.0,707.0,True,EXIT
YUKEN,Yuken India Limited,Industrials,Specialty Industrial Machinery,881.9500122070312,False,14.0,False,True,Sector: Industrials,-25.22,-15.27,False,425.0,397.0,True,EXIT
EIMCOELECO,Eimco Elecon (India) Limited,Industrials,Farm & Heavy Construction Machinery,2153.699951171875,False,40.0,False,True,Sector: Industrials,-16.44,-6.51,False,241.0,246.0,False,EXIT
ARIHANT,Arihant Foundations & Housing Limited,Real Estate,Real Estate - Development,1021.5,False,29.0,False,False,Sector: Real Estate,,,False,299.0,307.0,False,EXIT
GHCLTEXTIL,GHCL Textiles Limited,Consumer Cyclical,Textile Manufacturing,127.94000244140625,True,96.0,True,True,Sector: Consumer Cyclical,44.73,52.83,True,1460.0,1319.0,True,ADD
BALAJITELE,Balaji Telefilms Limited,Communication Services,Entertainment,92.79000091552734,False,-24.0,False,False,Sector: Communication Services,10.95,-2.31,False,378.0,621.0,False,EXIT
BIL,Bhartiya International Ltd.,Consumer Cyclical,Footwear & Accessories,831.25,False,39.0,True,True,Sector: Consumer Cyclical,-11.02,-2.7,False,1192.0,1131.0,True,HOLD
RIIL,Reliance Industrial Infrastructure Limited,Industrials,Engineering & Construction,738.6500244140625,False,10.0,False,False,Sector: Industrials,-30.53,-20.56,False,42.0,93.0,False,EXIT
SEPC,SEPC Limited,Industrials,Engineering & Construction,5.769999980926514,False,-4.0,False,False,Sector: Industrials,-63.55,-53.47,False,588.0,741.0,False,EXIT
GREENPOWER,Orient Green Power Company Limited,Utilities,Utilities - Independent Power Producers,9.420000076293945,False,-3.76,False,False,Sector: Utilities,-14.34,-36.15,False,25.51,74.17,False,EXIT
MATRIMONY,Matrimony.com Limited,Communication Services,Internet Content & Information,538.4500122070312,False,44.0,False,True,Sector: Communication Services,18.07,4.64,True,467.0,473.0,False,HOLD
SRM,SRM,Industrials,Engineering & Construction,485.45001220703125,False,88.0,True,False,Sector: Industrials,-13.21,-3.29,False,857.0,850.0,True,EXIT
GENESYS,Genesys International Corporation Limited,Technology,Software - Application,182.3000030517578,False,14.0,False,False,Sector: Technology,-80.91,-71.05,False,281.0,284.0,False,EXIT
LAXMIDENTL,LAXMIDENTL,Healthcare,Medical Instruments & Supplies,198.38999938964844,False,18.0,False,False,Sector: Healthcare,-57.66,-44.07,False,214.0,209.0,True,EXIT
BAJAJHCARE,Bajaj HealthCare Limited,Healthcare,Drug Manufacturers - Specialty & Generic,322.25,False,18.0,False,False,Sector: Healthcare,-42.97,-29.53,False,628.0,680.0,False,EXIT
AWHCL,Antony Waste Handling Cell Limited,Industrials,Waste Management,378.3999938964844,False,11.0,False,False,Sector: Industrials,-47.79,-37.76,False,652.0,640.0,True,EXIT
MODISONLTD,Modison Limited,Industrials,Electrical Equipment & Parts,373.8999938964844,True,102.0,True,True,Sector: Industrials,113.28,122.79,True,847.0,710.0,True,ADD
VHL,Vardhman Holdings Limited,Financial Services,Credit Services,3439.5,False,46.0,False,False,Sector: Financial Services,-16.0,-12.6,False,61.0,189.0,False,EXIT
ARIS,Arisinfra Solutions Limited,Industrials,Engineering & Construction,135.97000122070312,False,42.0,True,True,Sector: Industrials,-16.67,-6.75,False,658.0,656.0,True,HOLD
HARIOMPIPE,Hariom Pipe Industries Limited,Basic Materials,Steel,352.95001220703125,False,70.0,False,False,Sector: Basic Materials,-35.67,-31.47,False,1635.0,1667.0,False,EXIT
NAHARSPING,Nahar Spinning Mills Limited,Consumer Cyclical,Textile Manufacturing,303.3999938964844,False,76.0,False,True,Sector: Consumer Cyclical,28.7,36.86,True,3365.0,3594.0,False,HOLD
JINDALPHOT,Jindal Photo Limited,Financial Services,Asset Management,1065.9000244140625,False,11.0,False,False,Sector: Financial Services,19.94,23.11,True,20.0,161.0,False,EXIT
GKSL,GKSL,Healthcare,Medical Care Facilities,153.4600067138672,True,8.04,False,False,Sector: Healthcare,,,False,37.88,40.1,False,EXIT
GANDHITUBE,Gandhi Special Tubes Limited,Industrials,Metal Fabrication,887.2999877929688,False,75.0,True,True,Sector: Industrials,1.94,11.8,True,201.0,192.0,True,HOLD
STEL,STEL Holdings Limited,Financial Services,Asset Management,586.0999755859375,False,20.0,True,True,Sector: Financial Services,29.28,32.39,True,27.0,27.0,True,HOLD
GRPLTD,GRP Limited,Consumer Cyclical,Auto Parts,2001.800048828125,False,10.0,False,True,Sector: Consumer Cyclical,-20.17,-11.81,False,562.0,534.0,True,EXIT
ARIHANTSUP,Arihant Superstructures Limited,Real Estate,Real Estate - Development,251.4499969482422,False,2.0,False,False,Sector: Real Estate,-26.0,-39.43,False,105.0,151.0,False,EXIT
SHREDIGCEM,Shree Digvijay Cement Company Limited,Basic Materials,Building Materials,70.30000305175781,False,18.0,False,False,Sector: Basic Materials,-32.94,-28.75,False,890.0,792.0,True,EXIT
JPOLYINVST,Jindal Poly Investment and Finance Company Limited,Financial Services,Asset Management,1004.5999755859375,False,886.0,True,False,Sector: Financial Services,31.35,34.46,True,1037.0,1037.0,True,HOLD
AMNPLST,Amines & Plasticizers Limited,Basic Materials,Chemicals,185.8300018310547,False,39.0,False,True,Sector: Basic Materials,-24.85,-20.69,False,581.0,656.0,False,EXIT
MADRASFERT,Madras Fertilizers Limited,Basic Materials,Agricultural Inputs,64.36000061035156,False,71.0,False,False,Sector: Basic Materials,-36.42,-32.21,False,2442.0,3447.0,False,EXIT
MONTECARLO,Monte Carlo Fashions Limited,Consumer Cyclical,Apparel Manufacturing,544.0499877929688,False,105.0,False,False,Sector: Consumer Cyclical,-18.27,-9.92,False,1286.0,1276.0,True,EXIT
ESTER,Ester Industries Limited,Basic Materials,Specialty Chemicals,97.55000305175781,False,9.0,False,True,Sector: Basic Materials,-15.84,-11.72,False,1105.0,1110.0,False,EXIT
BCLIND,BCL Industries Limited,Consumer Defensive,Beverages - Wineries & Distilleries,36.27000045776367,False,82.0,False,True,Sector: Consumer Defensive,-26.5,-14.54,False,1723.0,1988.0,False,EXIT
MAMATA,MAMATA,Industrials,Specialty Industrial Machinery,411.1499938964844,False,8.0,False,True,Sector: Industrials,-13.69,-3.77,False,193.0,223.0,False,EXIT
SIGACHI,Sigachi Industries Limited,Healthcare,Drug Manufacturers - Specialty & Generic,29.610000610351562,False,26.0,False,True,Sector: Healthcare,-20.39,-7.15,False,366.0,408.0,False,EXIT
KRISHIVAL,KRISHIVAL,Consumer Defensive,Packaged Foods,355.75,False,21.0,True,False,Sector: Consumer Defensive,-13.64,-1.86,False,206.0,203.0,True,EXIT
SALASAR,Salasar Techno Engineering Limited,Basic Materials,Steel,6.070000171661377,False,40.0,False,False,Sector: Basic Materials,-29.34,-25.17,False,1457.0,1459.0,False,EXIT
AFSL,Abans Financial Services Limited,Financial Services,Capital Markets,205.5500030517578,False,17.0,True,True,Sector: Financial Services,-12.24,-8.86,False,22.0,31.0,False,HOLD
UNITECH,Unitech Limited,Real Estate,Real Estate - Diversified,4.010000228881836,False,-1770.0,False,False,Sector: Real Estate,-33.95,-47.16,False,354.0,1240.0,False,EXIT
HITECHGEAR,The Hi-Tech Gears Limited,Consumer Cyclical,Auto Parts,534.5499877929688,False,30.0,False,False,Sector: Consumer Cyclical,-28.82,-20.43,False,678.0,782.0,False,EXIT
DHAMPURSUG,Dhampur Sugar Mills Limited,Consumer Defensive,Confectioners,168.64999389648438,False,69.0,False,True,Sector: Consumer Defensive,15.73,27.1,True,1997.0,3353.0,False,HOLD
SURAJEST,SURAJEST,Real Estate,Real Estate - Development,208.19000244140625,False,74.0,False,False,Sector: Real Estate,-24.53,-38.0,False,364.0,507.0,False,EXIT
NELCAST,Nelcast Limited,Industrials,Metal Fabrication,118.3499984741211,False,41.0,False,False,Sector: Industrials,-40.75,-30.75,False,1338.0,1328.0,True,EXIT
DAMCAPITAL,DAMCAPITAL,Financial Services,Capital Markets,147.0500030517578,False,72.0,False,False,Sector: Financial Services,-40.02,-36.47,False,236.0,250.0,False,EXIT
SUMEETINDS,Sumeet Industries Limited,Consumer Cyclical,Textile Manufacturing,13.420000076293945,False,25.0,False,False,Sector: Consumer Cyclical,-48.97,-40.5,False,1074.0,1198.0,False,EXIT
CREST,Crest Ventures Limited,Financial Services,Financial Conglomerates,352.04998779296875,False,21.0,False,False,Sector: Financial Services,-11.99,-8.62,False,87.0,816.0,False,EXIT
FINKURVE,Finkurve Financial Services Limited,Financial Services,Credit Services,78.19000244140625,False,29.0,True,False,Sector: Financial Services,,,False,242.0,207.0,True,EXIT
JARO,JARO,Consumer Defensive,Education & Training Services,445.5,False,57.0,True,False,Sector: Consumer Defensive,,,False,284.0,274.0,True,EXIT
SALZERELEC,Salzer Electronics Limited,Industrials,Electrical Equipment & Parts,568.0999755859375,False,45.0,False,False,Sector: Industrials,-45.17,-35.15,False,1769.0,1715.0,True,EXIT
UTTAMSUGAR,Uttam Sugar Mills Limited,Consumer Defensive,Confectioners,290.32000732421875,False,84.0,False,True,Sector: Consumer Defensive,-4.44,7.21,False,2093.0,2110.0,False,EXIT
TNPETRO,Tamilnadu Petroproducts Limited,Basic Materials,Specialty Chemicals,112.44999694824219,False,133.0,False,True,Sector: Basic Materials,-4.63,-0.56,False,1783.0,2150.0,False,EXIT
INDOTHAI,Indo Thai Securities Limited,Financial Services,Capital Markets,69.56999969482422,False,70.0,True,False,Sector: Financial Services,-62.21,-58.52,False,110.0,103.0,True,EXIT
IRISDOREME,Iris Clothings Limited,Consumer Cyclical,Apparel Manufacturing,59.0,False,18.0,True,True,Sector: Consumer Cyclical,67.31,75.33,True,201.0,191.0,True,HOLD
GAYAPROJ,Gayatri Projects Limited,Industrials,Engineering & Construction,21.75,False,2087.0,True,True,Sector: Industrials,139.15,148.58,True,999.0,3901.0,False,HOLD
KAMDHENU,Kamdhenu Limited,Basic Materials,Steel,33.369998931884766,False,86.0,True,True,Sector: Basic Materials,8.76,12.78,True,781.0,1232.0,False,HOLD
TNPL,Tamil Nadu Newsprint and Papers Limited,Basic Materials,Paper & Paper Products,138.07000732421875,False,261.0,False,False,Sector: Basic Materials,-15.82,-11.7,False,4649.0,5180.0,False,EXIT
SUYOG,Suyog Telematics Limited,Communication Services,Telecom Services,801.2000122070312,False,59.0,False,True,Sector: Communication Services,4.76,-8.35,False,235.0,263.0,False,EXIT
THEMISMED,Themis Medicare Limited,Healthcare,Drug Manufacturers - Specialty & Generic,106.81999969482422,False,30.0,False,True,Sector: Healthcare,-13.4,-0.24,False,332.0,406.0,False,EXIT
UNIECOM,UNIECOM,Technology,Software - Application,87.9000015258789,False,29.0,True,False,Sector: Technology,-50.02,-40.47,False,123.0,120.0,True,EXIT
MASTERTR,Master Trust Limited,Financial Services,Capital Markets,77.41999816894531,False,14.0,True,False,Sector: Financial Services,-57.41,-53.75,False,31.0,29.0,True,EXIT
IFBAGRO,IFB Agro Industries Limited,Consumer Defensive,Beverages - Wineries & Distilleries,1027.449951171875,False,64.0,True,False,Sector: Consumer Defensive,13.75,25.15,True,1509.0,1404.0,True,HOLD
SALSTEEL,S.A.L. Steel Limited,Basic Materials,Steel,72.0199966430664,True,12.0,False,True,Sector: Basic Materials,299.9,302.73,True,167.0,577.0,False,HOLD
WEALTH,Wealth First Portfolio Managers Limited,Financial Services,Capital Markets,862.4500122070312,False,34.0,False,False,Sector: Financial Services,-35.08,-31.56,False,53.0,331.0,False,EXIT
GKWLIMITED,GKW Limited,Industrials,Specialty Business Services,1609.199951171875,False,-5.34,False,False,Sector: Industrials,-23.7,-13.75,False,32.41,39.1,False,EXIT
NEUEON,Neueon Corporation Limited,Basic Materials,Steel,16.799999237060547,False,,False,True,Sector: Basic Materials,231.67,234.78,True,,,False,HOLD
SWELECTES,Swelect Energy Systems Limited,Technology,Solar,623.8499755859375,False,34.0,False,False,Sector: Technology,-28.03,-18.69,False,430.0,431.0,False,EXIT
PRIMESECU,Prime Securities Limited,Financial Services,Capital Markets,282.20001220703125,False,26.0,False,False,Sector: Financial Services,0.58,3.87,True,56.0,56.0,True,EXIT
SUDARCOLOR,Sudarshan Colorants India Limited,Basic Materials,Specialty Chemicals,400.29998779296875,False,48.0,False,True,Sector: Basic Materials,-36.55,-32.34,False,792.0,1140.0,False,EXIT
KECL,Kirloskar Electric Company Limited,Industrials,Specialty Industrial Machinery,135.36000061035156,False,4.0,False,True,Sector: Industrials,0.58,10.46,True,561.0,589.0,False,HOLD
SOLEX,SOLEX,Technology,Solar,809.0499877929688,False,74.0,False,False,Sector: Technology,-54.44,-44.85,False,1566.0,1555.0,True,EXIT
INDOAMIN,Indo Amines Limited,Basic Materials,Chemicals,121.11000061035156,False,85.0,True,False,Sector: Basic Materials,-28.32,-24.15,False,1214.0,1118.0,True,EXIT
RSWM,RSWM Limited,Consumer Cyclical,Textile Manufacturing,200.25,False,62.0,False,True,Sector: Consumer Cyclical,16.59,24.81,True,4546.0,4825.0,False,HOLD
DVL,Dhunseri Ventures Limited,Financial Services,Capital Markets,265.80999755859375,False,12.0,False,True,Sector: Financial Services,-30.48,-26.99,False,291.0,947.0,False,EXIT
CONTROLPR,Control Print Limited,Industrials,Business Equipment & Supplies,575.2999877929688,False,71.0,False,False,Sector: Industrials,-38.13,-28.13,False,450.0,446.0,True,EXIT
BSHSL,Bombay Super Hybrid Seeds Limited,Basic Materials,Agricultural Inputs,87.94999694824219,False,29.0,True,False,Sector: Basic Materials,-41.75,-37.52,False,374.0,358.0,True,EXIT
SADHNANIQ,Sadhana Nitro Chem Limited,Basic Materials,Chemicals,3.0299999713897705,False,-86.0,False,False,Sector: Basic Materials,-61.08,-56.77,False,39.0,267.0,False,EXIT
ZUARI,Zuari Agro Chemicals Limited,Basic Materials,Agricultural Inputs,225.6999969482422,False,957.0,True,False,Sector: Basic Materials,-46.02,-41.78,False,0.0,5504.0,False,EXIT
SICALLOG,Sical Logistics Limited,Industrials,Integrated Freight & Logistics,111.6500015258789,False,64.0,True,True,Sector: Industrials,-2.8,7.08,False,192.0,1303.0,False,HOLD
HEALTHX,Health X Platform Limited,Healthcare,Pharmaceutical Retailers,288.5,False,-1.35,False,False,Sector: Healthcare,-9.01,4.12,False,0.36,2.47,False,EXIT
PVP,PVP Ventures Limited,Industrials,Conglomerates,40.20000076293945,False,15.0,False,True,Sector: Industrials,78.76,88.38,True,37.0,160.0,False,HOLD
KOPRAN,Kopran Limited,Healthcare,Drug Manufacturers - General,201.50999450683594,False,34.0,False,True,Sector: Healthcare,10.75,23.69,True,317.0,337.0,False,HOLD
HIMATSEIDE,Himatsingka Seide Limited,Consumer Cyclical,Textile Manufacturing,71.16999816894531,False,60.0,False,False,Sector: Consumer Cyclical,-56.25,-47.75,False,1839.0,2859.0,False,EXIT
AMBIKCO,Ambika Cotton Mills Limited,Consumer Cyclical,Textile Manufacturing,1610.699951171875,False,81.0,False,True,Sector: Consumer Cyclical,-3.29,5.01,False,847.0,921.0,False,EXIT
WANBURY,Wanbury Limited,Healthcare,Drug Manufacturers - Specialty & Generic,254.25,False,56.0,False,False,Sector: Healthcare,-30.38,-17.05,False,653.0,650.0,True,EXIT
DHARMAJ,Dharmaj Crop Guard Limited,Basic Materials,Agricultural Inputs,270.0,False,60.0,True,True,Sector: Basic Materials,-32.26,-28.07,False,1155.0,1138.0,True,HOLD
LGHL,LGHL,Consumer Cyclical,Luxury Goods,180.83999633789062,False,2.0,False,False,Sector: Consumer Cyclical,-48.17,-39.7,False,113.0,202.0,False,EXIT
RAJOOENG,Rajoo Engineers Limited,Industrials,Specialty Industrial Machinery,50.869998931884766,False,42.0,False,False,Sector: Industrials,-64.4,-54.32,False,290.0,298.0,False,EXIT
VALIANTORG,Valiant Organics Limited,Basic Materials,Chemicals,309.3999938964844,False,49.0,False,True,Sector: Basic Materials,-21.99,-17.85,False,766.0,948.0,False,EXIT
XTRANET,XTRANET,Technology,Information Technology Services,168.97000122070312,True,,False,False,Sector: Technology,,,False,,254.0,False,EXIT
GAUDIUMIVF,GAUDIUMIVF,Healthcare,Medical Care Facilities,118.36000061035156,False,22.0,True,False,Sector: Healthcare,,,False,73.0,72.0,True,EXIT
NRAIL,N R Agarwal Industries Limited,Basic Materials,Paper & Paper Products,503.95001220703125,False,62.0,False,True,Sector: Basic Materials,32.26,36.18,True,2340.0,2145.0,True,HOLD
SUPREMEINF,Supreme Infrastructure India Limited,Industrials,Engineering & Construction,87.05999755859375,False,6137.0,True,True,Sector: Industrials,-35.14,-25.15,False,81.0,1517.0,False,HOLD
REGAAL,REGAAL,Consumer Defensive,Packaged Foods,99.52999877929688,False,60.0,True,True,Sector: Consumer Defensive,-37.9,-25.78,False,1090.0,1134.0,False,HOLD
MAFATIND,Mafatlal Industries Limited,Unknown,Unknown,122.52999877929688,False,60.0,False,False,Sector: Unknown,,,False,3573.0,3870.0,False,EXIT
FAIRCHEMOR,Fairchem Organics Limited,Basic Materials,Specialty Chemicals,673.7000122070312,False,14.0,False,True,Sector: Basic Materials,-24.16,-20.0,False,505.0,648.0,False,EXIT
WCIL,WCIL,Industrials,Integrated Freight & Logistics,86.2699966430664,False,37.0,False,False,Sector: Industrials,-45.05,-35.03,False,1878.0,1829.0,True,EXIT
MICEL,MIC Electronics Limited,Technology,Electronic Components,36.2599983215332,False,-13.0,False,False,Sector: Technology,-38.5,-29.05,False,88.0,218.0,False,EXIT
GEMAROMA,GEMAROMA,Basic Materials,Chemicals,170.10000610351562,False,27.0,False,False,Sector: Basic Materials,,,False,378.0,497.0,False,EXIT
CONSOFINVT,Consolidated Finvest & Holdings Limited,Financial Services,Capital Markets,272.0,False,54.0,False,True,Sector: Financial Services,37.71,40.78,True,61.0,417.0,False,HOLD
SGIL,Synergy Green Industries Limited,Industrials,Metal Fabrication,551.2000122070312,False,-9.0,False,True,Sector: Industrials,-13.69,-3.77,False,358.0,366.0,False,EXIT
BHAGERIA,Bhageria Industries Limited,Basic Materials,Specialty Chemicals,203.25999450683594,False,74.0,True,True,Sector: Basic Materials,8.33,12.35,True,997.0,871.0,True,HOLD
SVLL,Shree Vasu Logistics Limited,Industrials,Trucking,771.0,False,7.0,True,True,Sector: Industrials,-13.72,-3.8,False,239.0,224.0,True,HOLD
HEXATRADEX,Hexa Tradex Limited,Financial Services,Credit Services,158.67999267578125,False,-2.74,False,False,Sector: Financial Services,-16.47,-13.07,False,0.02,35.62,False,EXIT
KRYSTAL,KRYSTAL,Industrials,Specialty Business Services,620.0,False,59.0,False,True,Sector: Industrials,-12.68,-2.77,False,1129.0,1113.0,True,EXIT
BIRLACABLE,Birla Cable Limited,Technology,Communication Equipment,293.0899963378906,False,46.0,False,True,Sector: Technology,71.52,79.91,True,861.0,792.0,True,HOLD
NDTV,New Delhi Television Limited,Communication Services,Broadcasting,75.69999694824219,False,-315.0,False,False,Sector: Communication Services,-38.75,-50.82,False,358.0,429.0,False,EXIT
BODALCHEM,Bodal Chemicals Limited,Basic Materials,Specialty Chemicals,68.80000305175781,False,65.0,False,True,Sector: Basic Materials,-4.15,-0.08,False,2228.0,2011.0,True,EXIT
PRECOT,Precot Limited,Consumer Cyclical,Textile Manufacturing,741.1500244140625,False,51.0,False,True,Sector: Consumer Cyclical,40.81,48.93,True,925.0,993.0,False,HOLD
MMP,MMP Industries Limited,Basic Materials,Aluminum,377.04998779296875,False,46.0,True,True,Sector: Basic Materials,27.65,31.6,True,871.0,822.0,True,HOLD
LIKHITHA,Likhitha Infrastructure Limited,Energy,Oil & Gas Equipment & Services,208.57000732421875,False,33.0,False,True,Sector: Energy,-48.8,-21.1,False,419.0,512.0,False,EXIT
ROHLTD,Royal Orchid Hotels Limited,Consumer Cyclical,Lodging,304.54998779296875,False,33.0,False,False,Sector: Consumer Cyclical,-46.13,-37.68,False,213.0,208.0,True,EXIT
BORANA,BORANA,Consumer Cyclical,Textile Manufacturing,315.20001220703125,False,69.0,True,False,Sector: Consumer Cyclical,34.55,42.69,True,408.0,389.0,True,HOLD
SRHHYPOLTD,Sree Rayalaseema Hi-Strength Hypo Limited,Basic Materials,Chemicals,487.1499938964844,False,94.0,False,False,Sector: Basic Materials,-26.01,-21.84,False,698.0,1650.0,False,EXIT
MAXIND,Max India Limited,Healthcare,Medical Care Facilities,151.1300048828125,False,-11.0,False,False,Sector: Healthcare,-46.04,-32.57,False,10.0,74.0,False,EXIT
EXCELSOFT,EXCELSOFT,Technology,Software - Application,72.58999633789062,False,45.0,True,False,Sector: Technology,,,False,298.0,273.0,True,EXIT
TVSELECT,TVS Electronics Limited,Technology,Computer Hardware,450.45001220703125,False,-2.0,False,False,Sector: Technology,-2.6,6.5,False,464.0,4107.0,False,EXIT
VHLTD,Viceroy Hotels Limited,Consumer Cyclical,Lodging,129.74000549316406,False,22.0,False,False,Sector: Consumer Cyclical,-0.54,7.74,False,137.0,132.0,True,EXIT
GANESHBE,Ganesh Benzoplast Limited,Basic Materials,Specialty Chemicals,115.45999908447266,False,61.0,False,True,Sector: Basic Materials,16.71,20.7,True,273.0,291.0,False,HOLD
KOTHARIPET,Kothari Petrochemicals Limited,Basic Materials,Specialty Chemicals,134.99000549316406,False,72.0,True,True,Sector: Basic Materials,-26.92,-22.75,False,577.0,596.0,False,HOLD
RITCO,Ritco Logistics Limited,Industrials,Integrated Freight & Logistics,313.0,False,49.0,False,True,Sector: Industrials,-2.34,7.54,False,1489.0,1484.0,True,EXIT
ORICONENT,Oricon Enterprises Limited,Consumer Cyclical,Packaging & Containers,56.029998779296875,False,11.0,False,False,Sector: Consumer Cyclical,-4.26,4.04,False,24.0,631.0,False,EXIT
PDMJEPAPER,Pudumjee Paper Products Limited,Basic Materials,Paper & Paper Products,88.94000244140625,False,91.0,False,False,Sector: Basic Materials,-38.74,-34.52,False,814.0,809.0,True,EXIT
PVSL,Popular Vehicles and Services Limited,Consumer Cyclical,Auto & Truck Dealerships,118.25,False,-43.0,False,True,Sector: Consumer Cyclical,-11.52,-3.2,False,3235.0,2849.0,True,EXIT
CIFL,Capital India Finance Limited,Financial Services,Credit Services,20.93000030517578,False,44.0,True,False,Sector: Financial Services,-45.82,-42.24,False,243.0,227.0,True,EXIT
VISAKAIND,Visaka Industries Limited,Industrials,Building Products & Equipment,95.5,False,85.0,False,True,Sector: Industrials,-0.57,9.3,False,1759.0,1676.0,True,EXIT
OMINFRAL,Om Infra Limited,Industrials,Engineering & Construction,86.75,False,33.0,False,False,Sector: Industrials,-32.99,-23.01,False,489.0,1060.0,False,EXIT
RADHIKAJWE,Radhika Jeweltech Limited,Consumer Cyclical,Luxury Goods,66.38999938964844,False,79.0,True,False,Sector: Consumer Cyclical,-41.82,-33.38,False,693.0,639.0,True,EXIT
KOKUYOCMLN,Kokuyo Camlin Limited,Industrials,Business Equipment & Supplies,84.7699966430664,False,22.0,False,False,Sector: Industrials,-38.65,-28.65,False,808.0,816.0,False,EXIT
SANDESH,The Sandesh Limited,Communication Services,Publishing,1060.5,False,109.0,False,True,Sector: Communication Services,-3.99,-16.89,False,822.0,438.0,True,EXIT
SYSTMTXC,Systematix Corporate Services Limited,Financial Services,Capital Markets,58.099998474121094,False,13.0,False,False,Sector: Financial Services,,,False,63.0,77.0,False,EXIT
SWARAJ,SWARAJ,Consumer Cyclical,Textile Manufacturing,376.1499938964844,True,,False,True,Sector: Consumer Cyclical,89.14,97.07,True,,,False,HOLD
STERTOOLS,Sterling Tools Limited,Industrials,Tools & Accessories,217.5,False,70.0,True,False,Sector: Industrials,-42.77,-32.75,False,755.0,717.0,True,EXIT
VLSFINANCE,VLS Finance Limited,Financial Services,Capital Markets,252.75,False,43.0,False,True,Sector: Financial Services,5.02,8.29,True,58.0,4623.0,False,HOLD
ARIHANTCAP,Arihant Capital Markets Limited,Financial Services,Capital Markets,73.7699966430664,False,39.0,False,False,Sector: Financial Services,-39.13,-35.58,False,229.0,241.0,False,EXIT
QUICKHEAL,Quick Heal Technologies Limited,Technology,Software - Application,143.88999938964844,False,-10.0,False,False,Sector: Technology,-62.62,-52.94,False,249.0,342.0,False,EXIT
JITFINFRA,JITF Infralogistics Limited,Industrials,Engineering & Construction,305.04998779296875,False,0.21,False,False,Sector: Industrials,-8.8,1.11,False,3.64,3.64,True,EXIT
NRL,Nupur Recyclers Limited,Industrials,Waste Management,115.0,False,9.0,False,True,Sector: Industrials,53.44,63.14,True,147.0,181.0,False,HOLD
SARLAPOLY,Sarla Performance Fibers Limited,Consumer Cyclical,Textile Manufacturing,101.22000122070312,False,35.0,False,True,Sector: Consumer Cyclical,-19.64,-11.29,False,399.0,429.0,False,EXIT
PANACHE,Panache Digilife Limited,Technology,Communication Equipment,538.1500244140625,True,19.0,True,True,Sector: Technology,106.4,114.45,True,251.0,233.0,True,ADD
SCODATUBES,Scoda Tubes Limited,Basic Materials,Steel,128.91000366210938,False,37.0,False,False,Sector: Basic Materials,-32.15,-27.96,False,546.0,519.0,True,EXIT
SEJALLTD,Sejal Glass Limited,Industrials,Building Products & Equipment,679.25,False,-2.0,False,False,Sector: Industrials,8.2,18.05,True,125.0,111.0,True,EXIT
DWARKESH,Dwarikesh Sugar Industries Limited,Consumer Defensive,Confectioners,44.63999938964844,False,14.0,False,True,Sector: Consumer Defensive,-4.02,7.63,False,1355.0,2103.0,False,EXIT
MUKKA,Mukka Proteins Limited,Consumer Defensive,Packaged Foods,27.040000915527344,False,61.0,False,True,Sector: Consumer Defensive,-14.65,-2.85,False,1499.0,1269.0,True,EXIT
ASAL,Automotive Stampings and Assemblies Limited,Consumer Cyclical,Auto Parts,499.54998779296875,False,30.0,False,True,Sector: Consumer Cyclical,-9.92,-1.6,False,971.0,891.0,True,EXIT
PROSTARM,PROSTARM,Industrials,Electrical Equipment & Parts,132.22000122070312,False,38.0,True,False,Sector: Industrials,-46.38,-36.35,False,403.0,378.0,True,EXIT
DENTA,DENTA,Industrials,Engineering & Construction,286.0,False,53.0,False,False,Sector: Industrials,-43.64,-33.63,False,242.0,250.0,False,EXIT
DBOL,Dhampur Bio Organics Limited,Consumer Defensive,Farm Products,121.98999786376953,False,83.0,False,True,Sector: Consumer Defensive,19.79,31.1,True,1993.0,2402.0,False,HOLD
MODIS,Modi's Navnirman Limited,Real Estate,Real Estate - Development,408.79998779296875,True,31.0,True,False,Sector: Real Estate,,,False,202.0,189.0,True,EXIT
NCLIND,NCL Industries Limited,Basic Materials,Building Materials,171.77999877929688,False,92.0,False,False,Sector: Basic Materials,-27.41,-23.24,False,1431.0,2104.0,False,EXIT
TIRUPATIFL,Tirupati Forge Limited,Industrials,Metal Fabrication,64.08000183105469,False,6.0,False,True,Sector: Industrials,36.09,45.85,True,168.0,162.0,True,HOLD
STANLEY,STANLEY,Consumer Cyclical,"Furnishings, Fixtures & Appliances",135.0,False,8.0,False,False,Sector: Consumer Cyclical,-65.81,-57.28,False,203.0,231.0,False,EXIT
GEECEE,GeeCee Ventures Limited,Real Estate,Real Estate - Development,365.04998779296875,False,43.0,True,True,Sector: Real Estate,15.12,0.61,True,78.0,185.0,False,HOLD
HARDWYN,Hardwyn India Limited,Industrials,Building Products & Equipment,9.420000076293945,False,12.0,False,False,Sector: Industrials,-4.11,5.78,False,158.0,160.0,False,EXIT
RAJPALAYAM,Rajapalayam Mills Limited,Unknown,Unknown,843.4000244140625,True,-2.0,False,False,Sector: Unknown,,,False,1015.0,942.0,True,EXIT
PREMIERPOL,Premier Polyfilm Ltd.,Basic Materials,Specialty Chemicals,86.37000274658203,True,35.0,True,True,Sector: Basic Materials,67.71,71.49,True,322.0,299.0,True,ADD
SUBEXLTD,Subex Limited,Technology,Software - Application,16.489999771118164,False,8.0,False,True,Sector: Technology,13.06,22.01,True,266.0,324.0,False,HOLD
ZUARIIND,Zuari Industries Limited,Industrials,Conglomerates,260.45001220703125,False,7.0,False,False,Sector: Industrials,-36.77,-26.77,False,931.0,874.0,True,EXIT
MVGJL,Manoj Vaibhav Gems 'N' Jewellers Limited,Consumer Cyclical,Luxury Goods,150.47999572753906,False,122.0,True,False,Sector: Consumer Cyclical,-35.68,-27.26,False,2909.0,2744.0,True,EXIT
AHCL,AHCL,Healthcare,Drug Manufacturers - Specialty & Generic,14.630000114440918,False,29.0,True,True,Sector: Healthcare,,,False,174.0,176.0,False,HOLD
MAGADSUGAR,Magadh Sugar & Energy Limited,Consumer Defensive,Confectioners,565.5,False,51.0,False,True,Sector: Consumer Defensive,-11.44,0.31,False,1222.0,1322.0,False,EXIT
SHALPAINTS,Shalimar Paints Limited,Basic Materials,Specialty Chemicals,86.87999725341797,False,-67.0,False,True,Sector: Basic Materials,19.27,23.25,True,552.0,599.0,False,HOLD
UNITEDPOLY,United Polyfab Gujarat Limited,Consumer Cyclical,Textile Manufacturing,34.529998779296875,False,27.0,True,True,Sector: Consumer Cyclical,-17.89,-9.54,False,712.0,908.0,False,HOLD
DECCANCE,Deccan Cements Limited,Basic Materials,Building Materials,545.5499877929688,False,6.0,False,False,Sector: Basic Materials,-54.34,-50.06,False,704.0,799.0,False,EXIT
ANUHPHR,Anuh Pharma Limited,Healthcare,Drug Manufacturers - Specialty & Generic,75.80000305175781,False,44.0,False,False,Sector: Healthcare,-32.5,-19.16,False,779.0,772.0,True,EXIT
ADVENTHTL,Advent Hotels International Limited,Consumer Cyclical,Lodging,135.63999938964844,False,85.0,True,False,Sector: Consumer Cyclical,,,False,5.0,0.0,True,EXIT
ADVANCE,ADVANCE,Basic Materials,Agricultural Inputs,117.95999908447266,False,49.0,True,True,Sector: Basic Materials,,,False,800.0,638.0,True,HOLD
OCCLLTD,OCCL Limited,Basic Materials,Chemicals,164.80999755859375,False,75.0,True,True,Sector: Basic Materials,13.93,17.93,True,602.0,506.0,True,HOLD
GICHSGFIN,GIC Housing Finance Limited,Financial Services,Mortgage Finance,138.16000366210938,False,157.0,False,False,Sector: Financial Services,-28.02,-24.54,False,1084.0,1252.0,False,EXIT
LOKESHMACH,Lokesh Machines Limited,Industrials,Specialty Industrial Machinery,331.3500061035156,False,4.0,False,True,Sector: Industrials,36.97,46.73,True,216.0,293.0,False,HOLD
RMDRIP,RMDRIP,Industrials,Farm & Heavy Construction Machinery,17.270000457763672,False,35.0,True,False,Sector: Industrials,-69.43,-59.33,False,207.0,197.0,True,EXIT
MEIL,MEIL,Industrials,Electrical Equipment & Parts,268.70001220703125,False,47.0,True,False,Sector: Industrials,,,False,616.0,580.0,True,EXIT
ELDEHSG,Eldeco Housing and Industries Limited,Real Estate,Real Estate Services,817.5,False,43.0,False,False,Sector: Real Estate,21.6,6.92,True,170.0,154.0,True,EXIT
BIRLAMONEY,Aditya Birla Money Limited,Financial Services,Capital Markets,129.4199981689453,False,54.0,False,False,Sector: Financial Services,-30.61,-27.11,False,487.0,469.0,True,EXIT
VASCONEQ,Vascon Engineers Limited,Industrials,Engineering & Construction,30.670000076293945,False,29.0,False,False,Sector: Industrials,-52.82,-42.78,False,880.0,1075.0,False,EXIT
DMCC,DMCC Speciality Chemicals Limited,Basic Materials,Chemicals,287.75,False,40.0,False,True,Sector: Basic Materials,-20.13,-15.98,False,707.0,582.0,True,EXIT
PATELRMART,PATELRMART,Consumer Cyclical,Department Stores,228.5,False,42.0,True,True,Sector: Consumer Cyclical,,,False,1175.0,1048.0,True,HOLD
KELLTONTEC,Kellton Tech Solutions Limited,Technology,Software - Application,13.680000305175781,False,14.0,False,False,Sector: Technology,-58.51,-48.87,False,214.0,209.0,True,EXIT
AGARIND,Agarwal Industrial Corporation Limited,Basic Materials,Specialty Chemicals,501.1000061035156,False,34.0,False,False,Sector: Basic Materials,-45.41,-41.17,False,1158.0,2003.0,False,EXIT
EVERESTIND,Everest Industries Limited,Industrials,Building Products & Equipment,442.3999938964844,False,0.0,False,False,Sector: Industrials,-41.08,-31.08,False,1286.0,1707.0,False,EXIT
CHEMBONDCH,Chembond Chemicals Limited,Basic Materials,Specialty Chemicals,266.2300109863281,True,12.0,True,True,Sector: Basic Materials,17.17,21.16,True,74.0,74.0,True,ADD
ECOSMOBLTY,ECOSMOBLTY,Industrials,Rental & Leasing Services,112.58000183105469,False,58.0,False,False,Sector: Industrials,-72.5,-62.39,False,809.0,781.0,True,EXIT
RAMASTEEL,Rama Steel Tubes Limited,Basic Materials,Steel,4.25,False,12.0,False,False,Sector: Basic Materials,-65.62,-61.29,False,886.0,1010.0,False,EXIT
MAANALU,Maan Aluminium Limited,Basic Materials,Aluminum,119.3499984741211,False,13.0,False,False,Sector: Basic Materials,4.43,8.47,True,829.0,953.0,False,EXIT
SOUTHWEST,South West Pinnacle Exploration Limited,Energy,Oil & Gas Equipment & Services,221.35000610351562,False,36.0,True,True,Sector: Energy,44.85,67.35,True,265.0,243.0,True,HOLD
DCMSIL,DCM Shriram International Limited,Industrials,Industrial Distribution,68.94000244140625,False,-15.0,False,False,Sector: Industrials,,,False,446.0,574.0,False,EXIT
CCCL,Consolidated Construction Consortium Limited,Industrials,Engineering & Construction,15.520000457763672,False,-4.0,False,False,Sector: Industrials,-24.18,-14.23,False,364.0,648.0,False,EXIT
BLAL,BEML Land Assets Limited,Financial Services,Shell Companies,170.7100067138672,False,2.29,True,False,Sector: Financial Services,-23.0,-19.56,False,1.96,0.98,True,EXIT
DPSCLTD,India Power Corporation Limited,Utilities,Utilities - Regulated Electric,7.050000190734863,False,,False,False,Sector: Utilities,-22.78,-43.88,False,,647.0,False,EXIT
XCHANGING,Xchanging Solutions Limited,Technology,Information Technology Services,62.2400016784668,False,36.0,False,False,Sector: Technology,-41.24,-31.76,False,40.0,150.0,False,EXIT
KUANTUM,Kuantum Papers Limited,Basic Materials,Paper & Paper Products,79.79000091552734,False,36.0,False,False,Sector: Basic Materials,-38.08,-33.87,False,1174.0,1310.0,False,EXIT
VIVIANA,VIVIANA,Industrials,Engineering & Construction,700.0,False,55.0,True,False,Sector: Industrials,-55.38,-45.33,False,553.0,502.0,True,EXIT
INDOFARM,INDOFARM,Industrials,Farm & Heavy Construction Machinery,143.3300018310547,False,22.0,False,False,Sector: Industrials,-50.51,-40.47,False,433.0,420.0,True,EXIT
STCINDIA,The State Trading Corporation of India Limited,Industrials,Conglomerates,116.68000030517578,False,639.0,True,False,Sector: Industrials,-17.91,-7.97,False,0.0,15449.0,False,EXIT
CHEMCON,Chemcon Speciality Chemicals Limited,Basic Materials,Specialty Chemicals,189.36000061035156,False,28.0,False,False,Sector: Basic Materials,-23.47,-19.31,False,253.0,303.0,False,EXIT
BAJAJINDEF,BAJAJINDEF,Industrials,Farm & Heavy Construction Machinery,213.1300048828125,False,26.0,False,False,Sector: Industrials,-55.38,-45.33,False,186.0,196.0,False,EXIT
GLOSTERLTD,Gloster Limited,Consumer Cyclical,Textile Manufacturing,604.7000122070312,False,43.0,False,False,Sector: Consumer Cyclical,-17.5,-9.15,False,1029.0,907.0,True,EXIT
ATL,Allcargo Terminals Limited,Industrials,Integrated Freight & Logistics,23.68000030517578,False,48.0,False,False,Sector: Industrials,-26.44,-16.48,False,581.0,564.0,True,EXIT
ABINFRA,ABINFRA,Industrials,Engineering & Construction,12.569999694824219,False,20.0,True,False,Sector: Industrials,-46.87,-36.85,False,272.0,256.0,True,EXIT
SCPL,Sheetal Cool Products Limited,Consumer Defensive,Packaged Foods,662.6500244140625,True,21.0,True,True,Sector: Consumer Defensive,151.69,161.17,True,386.0,366.0,True,ADD
MERCURYEV,Mercury Ev-Tech Limited,Consumer Cyclical,Auto Manufacturers,35.130001068115234,False,3.91,False,False,Sector: Consumer Cyclical,,,False,61.04,67.64,False,EXIT
EIFFL,Euro India Fresh Foods Limited,Consumer Defensive,Packaged Foods,259.54998779296875,False,5.0,False,True,Sector: Consumer Defensive,-4.4,7.25,False,157.0,152.0,True,EXIT
HERANBA,Heranba Industries Limited,Basic Materials,Agricultural Inputs,161.8300018310547,False,,False,False,Sector: Basic Materials,-60.94,-56.63,False,,1756.0,False,EXIT
WELINV,Welspun Investments and Commercials Limited,Financial Services,Capital Markets,1843.199951171875,True,3.08,False,True,Sector: Financial Services,92.44,95.16,True,5.29,8.3,False,HOLD
CHEVIOT,Cheviot Company Limited,Consumer Cyclical,Textile Manufacturing,1165.5999755859375,False,68.0,False,True,Sector: Consumer Cyclical,-13.44,-5.11,False,598.0,571.0,True,EXIT
SPECIALITY,Speciality Restaurants Limited,Consumer Cyclical,Restaurants,140.94000244140625,False,24.0,False,True,Sector: Consumer Cyclical,2.69,10.96,True,472.0,454.0,True,HOLD
20MICRONS,20 Microns Limited,Basic Materials,Other Industrial Metals & Mining,197.16000366210938,False,61.0,True,True,Sector: Basic Materials,-23.66,-19.5,False,819.0,824.0,False,HOLD
SAURASHCEM,Saurashtra Cement Limited,Basic Materials,Building Materials,58.720001220703125,False,7.0,False,False,Sector: Basic Materials,-56.61,-52.32,False,1699.0,1765.0,False,EXIT
INNOVISION,INNOVISION,Industrials,Staffing & Employment Services,274.1000061035156,False,18.0,False,False,Sector: Industrials,,,False,1020.0,979.0,True,EXIT
TVTODAY,T.V. Today Network Limited,Communication Services,Broadcasting,113.45999908447266,False,17.0,False,False,Sector: Communication Services,-12.23,-24.94,False,818.0,993.0,False,EXIT
ONMOBILE,OnMobile Global Limited,Communication Services,Telecom Services,60.540000915527344,False,-33.0,False,True,Sector: Communication Services,24.01,10.44,True,173.0,415.0,False,HOLD
BESTAGRO,Best Agrolife Limited,Basic Materials,Agricultural Inputs,18.469999313354492,False,42.0,False,False,Sector: Basic Materials,-33.21,-29.01,False,856.0,1798.0,False,EXIT
JAYAGROGN,Jayant Agro-Organics Limited,Basic Materials,Specialty Chemicals,220.41000366210938,False,61.0,False,True,Sector: Basic Materials,-16.24,-12.12,False,1166.0,1208.0,False,EXIT
KANORICHEM,Kanoria Chemicals & Industries Limited,Basic Materials,Chemicals,149.50999450683594,False,65.0,True,True,Sector: Basic Materials,67.91,71.69,True,1119.0,875.0,True,HOLD
EMAMIPAP,Emami Paper Mills Limited,Basic Materials,Paper & Paper Products,114.98999786376953,False,94.0,False,True,Sector: Basic Materials,13.0,17.0,True,2008.0,2381.0,False,HOLD
INNOVANA,INNOVANA,Technology,Software - Application,305.25,False,29.0,False,False,Sector: Technology,-53.05,-43.47,False,44.0,49.0,False,EXIT
KSOLVES,Ksolves India Limited,Technology,Software - Application,270.3500061035156,False,35.0,True,False,Sector: Technology,-27.59,-18.25,False,163.0,161.0,True,EXIT
FABTECH,FABTECH,Healthcare,Health Information Services,145.72999572753906,False,34.0,False,False,Sector: Healthcare,,,False,287.0,268.0,True,EXIT
PPL,Prakash Pipes Limited,Industrials,Building Products & Equipment,271.29998779296875,False,49.0,False,True,Sector: Industrials,-32.25,-22.27,False,827.0,789.0,True,EXIT
EMKAY,Emkay Global Financial Services Limited,Financial Services,Capital Markets,236.8000030517578,False,16.0,False,False,Sector: Financial Services,1.06,4.35,True,370.0,367.0,True,EXIT
MANBA,MANBA,Financial Services,Credit Services,130.11000061035156,False,49.0,True,True,Sector: Financial Services,-11.67,-8.3,False,354.0,328.0,True,HOLD
LAXMIINDIA,LAXMIINDIA,Financial Services,Credit Services,131.3800048828125,False,57.0,True,True,Sector: Financial Services,-10.53,-7.16,False,341.0,317.0,True,HOLD
GANESHCP,GANESHCP,Consumer Defensive,Packaged Foods,165.3800048828125,False,45.0,True,False,Sector: Consumer Defensive,,,False,857.0,871.0,False,EXIT
DHUNINV,Dhunseri Investments Limited,Financial Services,Capital Markets,976.9500122070312,False,-1.4,False,False,Sector: Financial Services,-35.26,-31.74,False,3.93,46.88,False,EXIT
VAKRANGEE,Vakrangee Limited,Technology,Information Technology Services,5.78000020980835,False,13.0,False,False,Sector: Technology,-48.8,-39.25,False,179.0,6379.0,False,EXIT
PROZONER,Prozone Realty Limited,Real Estate,Real Estate - Diversified,42.31999969482422,False,8.27,True,False,Sector: Real Estate,10.9,-3.49,False,16.68,10.84,True,EXIT
AHLWEST,Asian Hotels (West) Limited,Consumer Cyclical,Lodging,536.0,False,-7.97,False,True,Sector: Consumer Cyclical,282.61,289.8,True,0.0,148.84,False,HOLD
ADSL,Allied Digital Services Limited,Technology,Information Technology Services,110.37999725341797,False,-2.0,False,False,Sector: Technology,-41.5,-32.03,False,384.0,388.0,False,EXIT
TREL,Transindia Real Estate Limited,Real Estate,Real Estate Services,26.790000915527344,False,29.0,False,True,Sector: Real Estate,-6.88,-20.8,False,46.0,82.0,False,EXIT
HMVL,Hindustan Media Ventures Limited,Communication Services,Publishing,94.48999786376953,False,91.0,False,True,Sector: Communication Services,18.99,5.54,True,793.0,933.0,False,HOLD
BIGBLOC,Bigbloc Construction Limited,Industrials,Building Products & Equipment,44.02000045776367,False,-3.98,False,False,Sector: Industrials,-36.49,-26.5,False,91.29,113.82,False,EXIT
KILITCH,Kilitch Drugs (India) Limited,Healthcare,Drug Manufacturers - Specialty & Generic,163.9600067138672,False,33.0,True,False,Sector: Healthcare,-31.98,-18.64,False,195.0,189.0,True,EXIT
SNOWMAN,Snowman Logistics Limited,Industrials,Integrated Freight & Logistics,38.13999938964844,False,5.0,False,False,Sector: Industrials,-40.31,-30.31,False,619.0,604.0,True,EXIT
SUTLEJTEX,Sutlej Textiles and Industries Limited,Consumer Cyclical,Textile Manufacturing,38.04999923706055,False,-51.0,False,True,Sector: Consumer Cyclical,-12.98,-4.65,False,2664.0,3042.0,False,EXIT
ZEEMEDIA,Zee Media Corporation Limited,Communication Services,Broadcasting,9.380000114440918,False,15.0,False,True,Sector: Communication Services,-13.85,-26.52,False,562.0,655.0,False,EXIT
TRANSPEK,Transpek Industry Limited,Basic Materials,Chemicals,1132.800048828125,False,39.0,False,False,Sector: Basic Materials,,,False,618.0,827.0,False,EXIT
ONWARDTEC,Onward Technologies Limited,Technology,Information Technology Services,283.6499938964844,False,32.0,True,True,Sector: Technology,-25.91,-16.59,False,426.0,417.0,True,HOLD
PRIMO,Primo Chemicals Limited,Basic Materials,Chemicals,22.979999542236328,False,11.0,False,True,Sector: Basic Materials,-19.59,-15.46,False,560.0,701.0,False,EXIT
NBIFIN,N.B.I. Industrial Finance Company Limited,Financial Services,Capital Markets,2010.4000244140625,False,14.0,False,False,Sector: Financial Services,-22.75,-19.31,False,22.0,101.0,False,EXIT
KANPRPLA,Kanpur Plastipack Limited,Consumer Cyclical,Packaging & Containers,244.25,False,43.0,True,True,Sector: Consumer Cyclical,10.16,18.4,True,739.0,716.0,True,HOLD
HTMEDIA,HT Media Limited,Communication Services,Publishing,26.780000686645508,False,-117.0,False,True,Sector: Communication Services,16.45,3.06,True,1045.0,1499.0,False,HOLD
BAFNAPH,Bafna Pharmaceuticals Limited,Healthcare,Drug Manufacturers - Specialty & Generic,247.5,False,8.0,False,True,Sector: Healthcare,106.36,118.4,True,143.0,152.0,False,HOLD
COFFEEDAY,Coffee Day Enterprises Limited,Consumer Cyclical,Restaurants,29.639999389648438,False,168.0,False,False,Sector: Consumer Cyclical,-45.63,-37.17,False,20.0,144.0,False,EXIT
SHIVAUM,SHIVAUM,Basic Materials,Steel,442.0,True,10.0,False,True,Sector: Basic Materials,38.26,42.16,True,560.0,548.0,True,HOLD
AMANTA,AMANTA,Healthcare,Drug Manufacturers - Specialty & Generic,172.2899932861328,False,15.0,False,True,Sector: Healthcare,,,False,291.0,288.0,True,EXIT
HINDCOMPOS,Hindustan Composites Limited,Consumer Cyclical,Auto Parts,409.04998779296875,False,32.0,False,False,Sector: Consumer Cyclical,-24.93,-16.55,False,221.0,325.0,False,EXIT
MALLCOM,Mallcom (India) Limited,Industrials,Security & Protection Services,958.6500244140625,False,28.0,False,False,Sector: Industrials,-34.37,-24.39,False,510.0,521.0,False,EXIT
ORBTEXP,Orbit Exports Limited,Consumer Cyclical,Textile Manufacturing,235.47000122070312,False,42.0,True,True,Sector: Consumer Cyclical,8.38,16.63,True,231.0,219.0,True,HOLD
TPLPLASTEH,TPL Plastech Limited,Consumer Cyclical,Packaging & Containers,78.76000213623047,False,30.0,True,True,Sector: Consumer Cyclical,-11.73,-3.4,False,457.0,423.0,True,HOLD
ZFSTEERING,ZF Steering Gear (India) Limited,Consumer Cyclical,Auto Parts,679.7999877929688,False,38.0,False,False,Sector: Consumer Cyclical,,,False,564.0,557.0,True,EXIT
PYRAMID,Pyramid Technoplast Limited,Consumer Cyclical,Packaging & Containers,163.5500030517578,False,31.0,False,True,Sector: Consumer Cyclical,-5.96,2.34,False,740.0,681.0,True,EXIT
GLOTTIS,GLOTTIS,Industrials,Integrated Freight & Logistics,64.98999786376953,False,36.0,False,True,Sector: Industrials,,,False,789.0,941.0,False,EXIT
SATIA,Satia Industries Limited,Basic Materials,Paper & Paper Products,58.560001373291016,False,-8.0,False,False,Sector: Basic Materials,-36.29,-32.09,False,1443.0,1880.0,False,EXIT
DCI,DC Infotech and Communication Limited,Technology,Electronics & Computer Distribution,373.0,False,22.0,True,True,Sector: Technology,53.19,61.75,True,756.0,737.0,True,HOLD
NAHARPOLY,Nahar Poly Films Limited,Consumer Cyclical,Packaging & Containers,236.3000030517578,False,60.0,False,False,Sector: Consumer Cyclical,-31.08,-22.68,False,667.0,723.0,False,EXIT
GTPL,GTPL Hathway Limited,Communication Services,Entertainment,53.5,False,2.0,False,False,Sector: Communication Services,-43.97,-55.92,False,2544.0,2451.0,True,EXIT
SOFTTECH,SoftTech Engineers Limited,Technology,Software - Application,413.3999938964844,False,10.0,True,True,Sector: Technology,-2.24,6.86,False,135.0,128.0,True,HOLD
SHREERAMA,Shree Rama Multi-Tech Limited,Consumer Cyclical,Packaging & Containers,46.34000015258789,False,25.0,False,False,Sector: Consumer Cyclical,-3.11,5.18,False,265.0,240.0,True,EXIT
LINC,Linc Limited,Industrials,Business Equipment & Supplies,95.44999694824219,False,34.0,False,False,Sector: Industrials,-38.62,-28.62,False,533.0,532.0,True,EXIT
AQYLON,Aqylon Nexus Limited,Communication Services,Broadcasting,22.860000610351562,False,12.0,True,False,Sector: Communication Services,-88.66,-99.54,False,22.0,138.0,False,EXIT
UNIVASTU,Univastu India Limited,Industrials,Engineering & Construction,176.88999938964844,True,31.0,True,True,Sector: Industrials,81.1,90.71,True,300.0,225.0,True,ADD
KAMATHOTEL,Kamat Hotels (India) Limited,Consumer Cyclical,Lodging,194.10000610351562,False,42.0,False,False,Sector: Consumer Cyclical,-46.24,-37.78,False,266.0,264.0,True,EXIT
ZIMLAB,ZIM Laboratories Limited,Healthcare,Drug Manufacturers - Specialty & Generic,114.51000213623047,False,4.0,False,True,Sector: Healthcare,35.48,48.19,True,392.0,397.0,False,HOLD
SAYAJIHOTL,Sayaji Hotels Limited,Consumer Cyclical,Lodging,315.3999938964844,True,11.0,False,False,Sector: Consumer Cyclical,,,False,133.0,218.0,False,EXIT
HITECHCORP,Hitech Corporation Limited,Consumer Cyclical,Packaging & Containers,331.0,True,11.0,False,True,Sector: Consumer Cyclical,50.17,58.26,True,642.0,588.0,True,HOLD
MINDTECK,Mindteck (India) Limited,Technology,Information Technology Services,174.82000732421875,False,17.0,False,False,Sector: Technology,-27.52,-18.18,False,148.0,155.0,False,EXIT
KNAGRI,KNAGRI,Consumer Defensive,Farm Products,212.8000030517578,False,36.0,False,True,Sector: Consumer Defensive,-24.01,-12.09,False,1940.0,2224.0,False,EXIT
MANAKSTEEL,Manaksia Steels Limited,Basic Materials,Steel,86.25,False,54.0,True,True,Sector: Basic Materials,37.97,41.87,True,1154.0,1053.0,True,HOLD
RBZJEWEL,RBZ Jewellers Limited,Consumer Cyclical,Luxury Goods,134.5800018310547,False,57.0,True,False,Sector: Consumer Cyclical,-12.39,-4.07,False,682.0,636.0,True,EXIT
3IINFOLTD,3i Infotech Limited,Technology,Information Technology Services,24.360000610351562,False,26.0,False,True,Sector: Technology,-2.24,6.85,False,314.0,401.0,False,EXIT
KRONOX,KRONOX,Basic Materials,Specialty Chemicals,151.6999969482422,False,29.0,True,True,Sector: Basic Materials,-16.1,-11.97,False,105.0,101.0,True,HOLD
GFLLIMITED,GFL Limited,Financial Services,Asset Management,51.220001220703125,False,1.49,False,True,Sector: Financial Services,-22.7,-19.26,False,3.79,2469.96,False,EXIT
AARTISURF,Aarti Surfactants Limited,Basic Materials,Specialty Chemicals,594.4000244140625,False,19.0,False,True,Sector: Basic Materials,23.52,27.48,True,916.0,859.0,True,HOLD
