Symbol,Company,Sector,Industry,Current_Price,ATH_Price_Flag,TTM_Net_Profit,ATH_Profit_Flag,Above_MA212_Flag,RS_vs_Sector,RS_vs_Benchmark,Outperformance_Flag,ATH_Sales,ATH_Sales_Flag,Signal
BHARTIARTL,Bharti Airtel Limited,Communication Services,Telecom Services,1959.9000244140625,False,28070.9,False,True,16.38,-2.55,False,172985.0,True,EXIT
HDFCBANK,HDFC Bank Limited,Financial Services,Banks - Regional,731.0,False,49307.979999999996,False,False,-31.57,-31.22,False,,False,EXIT
ICICIBANK,ICICI Bank Limited,Financial Services,Banks - Regional,1421.0,True,56090.159999999996,True,True,-6.06,-5.83,False,,False,HOLD
SBIN,State Bank of India,Financial Services,Banks - Regional,1097.199951171875,False,62161.45,False,True,31.72,31.79,True,,False,HOLD
BAJFINANCE,Bajaj Finance Limited,Financial Services,Credit Services,1078.0,False,20303.53,True,True,18.01,18.14,True,,False,HOLD
LT,Larsen & Toubro Limited,Industrials,Engineering & Construction,4056.0,False,16280.750000000002,True,True,6.62,6.89,True,255734.0,True,HOLD
LICI,Life Insurance Corporation of India,Financial Services,Insurance - Life,394.0,False,47354.67,False,False,-15.72,-15.45,False,889970.0,True,EXIT
HINDUNILVR,Hindustan Unilever Limited,Consumer Defensive,Household & Personal Products,2096.0,False,15028.0,True,False,-16.13,-21.23,False,63121.0,True,EXIT
INFY,Infosys Limited,Technology,Information Technology Services,1175.0999755859375,False,332.4,False,False,-22.34,-22.71,False,162990.0,True,EXIT
SUNPHARMA,Sun Pharmaceutical Industries Limited,Healthcare,Drug Manufacturers - Specialty & Generic,1945.0,True,11256.259999999998,True,True,7.23,17.2,True,52578.0,True,ADD
MARUTI,Maruti Suzuki India Limited,Consumer Cyclical,Auto Manufacturers,14037.0,False,14777.4,True,False,0.62,6.64,True,152913.0,True,HOLD
TITAN,Titan Company Limited,Consumer Cyclical,Luxury Goods,4941.0,True,4825.0,True,True,34.24,40.17,True,60456.0,True,ADD
ADANIENT,Adani Enterprises Limited,Energy,Thermal Coal,3020.0,False,7007.960000000001,False,True,22.44,29.75,True,127540.0,False,HOLD
M&M,Mahindra & Mahindra Limited,Consumer Cyclical,Auto Manufacturers,3502.0,False,18880.07,True,True,-1.45,4.57,False,159211.0,True,HOLD
ADANIPOWER,Adani Power Limited,Utilities,Utilities - Independent Power Producers,209.0,False,14687.210000000001,False,True,88.56,76.01,True,56203.0,True,HOLD
ADANIPORTS,Adani Ports and Special Economic Zone Limited,Industrials,Marine Shipping,1693.5,False,13317.560000000001,True,True,21.15,21.39,True,30475.0,True,HOLD
KOTAKBANK,Kotak Mahindra Bank Limited,Financial Services,Banks - Regional,390.75,False,15827.900000000001,False,False,-6.65,-6.41,False,,False,EXIT
AXISBANK,AXISBANK,Financial Services,Banks - Regional,1238.0,False,28489.31,True,False,10.39,10.55,True,,False,HOLD
HCLTECH,HCL Technologies Limited,Technology,Information Technology Services,1356.5999755859375,False,13188.0,False,False,-12.12,-12.54,False,117055.0,True,EXIT
ITC,ITC Limited,Consumer Defensive,Tobacco,286.1000061035156,False,19957.49,False,False,-30.31,-35.31,False,75323.0,True,EXIT
ULTRACEMCO,UltraTech Cement Limited,Basic Materials,Building Materials,12105.0,False,9533.34,True,True,-5.43,-5.85,False,75955.0,True,HOLD
NTPC,NTPC Limited,Utilities,Utilities - Regulated Electric,342.5,False,28706.79,True,False,9.86,-0.62,False,188138.0,True,EXIT
HAL,Hindustan Aeronautics Limited,Industrials,Aerospace & Defense,4910.0,False,9115.6,True,True,3.13,3.41,True,30981.0,True,HOLD
BAJAJFINSV,Bajaj Finserv Ltd.,Financial Services,Financial Conglomerates,2008.9000244140625,False,10144.27,True,True,0.27,0.47,True,133822.0,True,HOLD
BAJAJ-AUTO,Bajaj Auto Limited,Consumer Cyclical,Auto Manufacturers,11662.0,False,11759.400000000001,True,True,31.29,37.23,True,50995.0,True,HOLD
JSWSTEEL,JSWSTEEL,Basic Materials,Steel,1299.5,True,25344.0,True,True,18.05,17.56,True,175006.0,False,ADD
ONGC,Oil and Natural Gas Corporation Limited,Energy,Oil & Gas Integrated,238.85000610351562,False,41424.38,False,False,-10.61,-2.38,False,632291.0,False,EXIT
NESTLEIND,Nestlé India Limited,Consumer Defensive,Packaged Foods,1540.0,True,3477.1800000000003,False,True,38.81,33.35,True,24394.0,False,HOLD
BEL,Bharat Electronics Limited,Industrials,Aerospace & Defense,401.0,False,5828.57,True,False,-1.36,-1.07,False,23769.0,True,EXIT
ETERNAL,Eternal Limited,Consumer Cyclical,Internet Retail,315.0,False,393.0,False,True,-6.13,-0.09,False,20243.0,True,EXIT
SHRIRAMFIN,Shriram Finance Limited,Financial Services,Credit Services,1115.0,True,11162.76,False,True,73.36,73.25,True,,False,HOLD
ASIANPAINT,Asian Paints Limited,Basic Materials,Specialty Chemicals,2735.0,False,4764.83,False,True,5.08,4.63,True,35495.0,False,HOLD
COALINDIA,Coal India Limited,Energy,Thermal Coal,415.25,False,35645.79,False,False,-3.09,4.92,False,144762.0,False,EXIT
HINDZINC,Hindustan Zinc Limited,Basic Materials,Other Industrial Metals & Mining,603.0,False,16652.0,True,True,38.06,37.51,True,34098.0,False,HOLD
DMART,Avenue Supermarts Limited,Consumer Defensive,Discount Stores,3900.0,False,3146.09,True,False,-7.86,-13.01,False,59358.0,True,EXIT
POWERGRID,Power Grid Corporation of India Limited,Utilities,Utilities - Regulated Electric,271.6000061035156,False,16504.74,False,False,0.87,-9.37,False,45843.0,False,EXIT
HINDALCO,Hindalco Industries Limited,Basic Materials,Aluminum,1059.5999755859375,False,13391.0,False,True,50.38,49.79,True,238496.0,True,HOLD
TATASTEEL,Tata Steel Limited,Basic Materials,Steel,187.5500030517578,False,11034.54,False,False,13.45,12.98,True,243959.0,False,EXIT
ADANIGREEN,Adani Green Energy Limited,Utilities,Utilities - Renewable,1372.4000244140625,False,1283.0,False,True,53.66,42.03,True,11212.0,True,HOLD
GRASIM,Grasim Industries Limited,Basic Materials,Building Materials,3323.0,True,5908.91,False,True,17.11,16.63,True,148478.0,True,HOLD
EICHERMOT,Eicher Motors Limited,Consumer Cyclical,Auto Manufacturers,8020.0,True,5772.5199999999995,True,True,30.73,36.67,True,18451.0,True,ADD
DIVISLAB,Divi's Laboratories Limited,Healthcare,Drug Manufacturers - Specialty & Generic,8275.0,True,2541.0,False,True,20.6,30.47,True,9360.0,True,HOLD
INDIGO,InterGlobe Aviation Limited,Industrials,Airlines,5333.0,False,5500.0,False,True,-13.78,-13.46,False,80803.0,True,EXIT
ADANIENSOL,Adani Energy Solutions Limited,Utilities,Utilities - Independent Power Producers,1630.0999755859375,False,2897.6299999999997,True,True,113.88,100.66,True,23767.0,True,HOLD
TORNTPHARM,Torrent Pharmaceuticals Limited,Healthcare,Drug Manufacturers - Specialty & Generic,4924.0,True,2181.0,True,True,22.55,32.42,True,11516.0,True,ADD
SBILIFE,SBI Life Insurance Company Limited,Financial Services,Insurance - Life,1855.5,False,2700.68,False,False,-5.02,-4.79,False,,False,EXIT
WIPRO,Wipro Limited,Technology,Information Technology Services,187.52999877929688,False,13219.0,True,False,-26.76,-27.1,False,90488.0,False,EXIT
VAML,Vedanta Aluminium Metal Limited,Basic Materials,Aluminum,470.04998779296875,False,7410.0,False,False,,,False,,False,EXIT
HYUNDAI,HYUNDAI,Consumer Cyclical,Auto Manufacturers,2200.5,False,4747.88,False,True,-7.7,-1.67,False,69829.0,False,EXIT
MOTHERSON,Samvardhana Motherson International Limited,Consumer Cyclical,Auto Parts,168.5,True,3859.6800000000003,True,True,68.69,74.54,True,113663.0,True,ADD
JIOFIN,Jio Financial Services Limited,Financial Services,Asset Management,256.79998779296875,False,1696.1100000000001,True,False,-25.92,-25.59,False,2043.0,True,EXIT
PIDILITIND,Pidilite Industries Limited,Basic Materials,Specialty Chemicals,1660.0,True,2742.0999999999995,True,True,4.79,4.34,True,13140.0,True,ADD
SOLARINDS,Solar Industries India Limited,Basic Materials,Specialty Chemicals,18650.0,True,1677.55,True,True,21.21,20.72,True,7540.0,True,ADD
TMCV,TMCV,Consumer Cyclical,Auto Manufacturers,453.1000061035156,False,5193.0,False,False,,,False,,False,EXIT
ABB,ABB India Limited,Industrials,Specialty Industrial Machinery,7600.0,False,2930.54,True,True,43.81,44.0,True,13203.0,True,HOLD
TRENT,Trent Limited,Consumer Cyclical,Apparel Retail,2997.0,False,1719.65,False,False,-54.12,-47.98,False,17135.0,True,EXIT
CHOLAFIN,Cholamandalam Investment and Finance Company Limited,Financial Services,Credit Services,1866.199951171875,True,5729.22,True,True,20.81,20.93,True,,False,ADD
DLF,DLF Limited,Real Estate,Real Estate - Development,642.0,False,4028.49,False,False,-3.95,-19.97,False,9926.0,False,EXIT
TATACAP,TATACAP,Financial Services,Credit Services,370.29998779296875,True,4306.27,True,True,,,False,,False,HOLD
ICICIAMC,ICICIAMC,Financial Services,Asset Management,3072.800048828125,False,3479.24,False,False,,,False,4977.0,True,EXIT
CUMMINSIND,Cummins India Limited,Industrials,Specialty Industrial Machinery,5426.0,False,2268.92,True,True,43.01,43.2,True,10391.0,True,HOLD
VBL,Varun Beverages Limited,Consumer Defensive,Beverages - Non-Alcoholic,442.0,False,3961.97,True,False,-11.43,-16.56,False,21685.0,True,EXIT
POWERINDIA,Hitachi Energy India Limited,Industrials,Electrical Equipment & Parts,32600.0,False,907.37,False,True,52.76,52.93,True,,False,HOLD
TECHM,Tech Mahindra Limited,Technology,Information Technology Services,1635.0,False,5081.5,True,True,6.38,5.84,True,53290.0,False,HOLD
BHEL,Bharat Heavy Electricals Limited,Industrials,Specialty Industrial Machinery,405.20001220703125,False,2513.08,False,True,73.14,73.26,True,39561.0,False,HOLD
BSE,BSE Limited,Financial Services,Financial Data & Stock Exchanges,3457.10009765625,False,2831.5899999999997,True,True,37.03,37.07,True,3212.0,True,HOLD
SIEMENS,Siemens Limited,Industrials,Specialty Industrial Machinery,3940.10009765625,False,1555.2000000000003,False,True,21.68,21.92,True,22240.0,False,HOLD
UNIONBANK,Union Bank of India,Financial Services,Banks - Regional,183.60000610351562,False,20645.76,False,True,34.08,34.13,True,,False,HOLD
POLYCAB,Polycab India Limited,Industrials,Electrical Equipment & Parts,9218.0,False,2770.92,True,True,29.26,29.48,True,22408.0,True,HOLD
PFC,Power Finance Corporation Limited,Financial Services,Credit Services,420.0,False,25900.96,True,True,-2.0,-1.78,False,,False,HOLD
CGPOWER,CG Power and Industrial Solutions Limited,Industrials,Electrical Equipment & Parts,879.0,False,1232.56,False,True,24.25,24.48,True,13632.0,False,HOLD
LTM,LTM Limited,Technology,Information Technology Services,4658.10009765625,False,5083.299999999999,False,False,-11.59,-12.02,False,38008.0,True,EXIT
IDEA,Vodafone Idea Limited,Communication Services,Telecom Services,12.729999542236328,False,69388.3,True,True,105.07,84.95,True,44958.0,False,HOLD
BPCL,Bharat Petroleum Corporation Limited,Energy,Oil & Gas Refining & Marketing,321.0,False,21524.66,False,False,-9.24,-1.05,False,473187.0,False,EXIT
BRITANNIA,Britannia Industries Limited,Consumer Defensive,Packaged Foods,5510.0,False,2438.9700000000003,True,False,1.34,-3.87,False,17943.0,True,EXIT
PNB,Punjab National Bank,Financial Services,Banks - Regional,114.80999755859375,False,19082.13,False,False,4.99,5.18,True,,False,EXIT
ENRIN,Siemens Energy India Limited,Utilities,Utilities - Renewable,3648.800048828125,False,1309.8,False,True,21.2,10.43,True,,False,HOLD
BANKBARODA,Bank of Baroda Limited,Financial Services,Banks - Regional,250.6999969482422,False,16496.15,False,False,-1.13,-0.91,False,,False,EXIT
APOLLOHOSP,Apollo Hospitals Enterprise Limited,Healthcare,Medical Care Facilities,8945.0,True,1854.0,True,True,10.33,20.27,True,21794.0,True,ADD
TMPV,Tata Motors Passenger Vehicles Limited,Consumer Cyclical,Auto Manufacturers,347.0,False,89363.0,True,False,-56.96,-50.81,False,439695.0,True,EXIT
BAJAJHLDNG,Bajaj Holdings & Investment Limited,Financial Services,Asset Management,11263.0,False,8856.69,True,True,-23.06,-22.75,False,1702.0,False,HOLD
LODHA,Lodha Developers Limited,Real Estate,Real Estate - Development,1218.699951171875,False,4011.6000000000004,True,True,11.42,-4.79,False,13780.0,True,HOLD
TATAPOWER,The Tata Power Company Limited,Utilities,Utilities - Independent Power Producers,380.54998779296875,False,3863.26,False,False,4.56,-5.78,False,65478.0,True,EXIT
INDIANB,Indian Bank,Financial Services,Banks - Regional,889.5,False,11952.93,True,True,32.79,32.86,True,,False,HOLD
CANBK,Canara Bank,Financial Services,Banks - Regional,131.9499969482422,False,18203.559999999998,True,False,16.66,16.79,True,,False,HOLD
CIPLA,Cipla Limited,Healthcare,Drug Manufacturers - Specialty & Generic,1463.800048828125,False,3317.1099999999997,False,True,-16.43,-6.31,False,27548.0,True,EXIT
LLOYDSME,Lloyds Metals and Energy Limited,Basic Materials,Steel,2101.199951171875,True,3680.8400000000006,True,True,42.94,42.38,True,6721.0,True,ADD
GROWW,GROWW,Financial Services,Capital Markets,190.5,False,2346.6699999999996,False,False,,,False,4061.0,True,EXIT
HDFCLIFE,HDFC Life Insurance Company Limited,Financial Services,Insurance - Life,540.0,False,2075.2200000000003,True,False,-33.39,-33.03,False,101482.0,False,EXIT
SBIFUNDS,SBIFUNDS,Financial Services,Asset Management,571.75,False,1241.6,False,False,,,False,,False,EXIT
MUTHOOTFIN,Muthoot Finance Limited,Financial Services,Credit Services,2890.0,False,11373.2,True,False,5.02,5.21,True,,False,HOLD
IRFC,Indian Railway Finance Corporation Limited,Financial Services,Credit Services,88.75,False,7159.4,False,False,-35.11,-34.74,False,,False,EXIT
HEROMOTOCO,Hero MotoCorp Limited,Consumer Cyclical,Auto Manufacturers,5725.0,False,5741.7300000000005,True,True,12.36,18.35,True,40923.0,True,HOLD
GAIL,GAIL (India) Limited,Utilities,Utilities - Regulated Gas,173.6300048828125,False,10275.45,False,True,8.4,-2.04,False,145668.0,False,EXIT
GMRAIRPORT,GMR Airports Limited,Industrials,Airports & Air Services,107.19999694824219,False,672.86,True,True,13.54,13.8,True,11088.0,False,HOLD
JINDALSTEL,Jindal Steel Limited,Basic Materials,Steel,1103.0,False,3573.9399999999996,False,False,6.33,5.87,True,53212.0,False,EXIT
MARICO,Marico Limited,Consumer Defensive,Household & Personal Products,862.0,True,1888.0,True,True,20.82,15.48,True,10831.0,True,ADD
ABCAPITAL,Aditya Birla Capital Limited,Financial Services,Financial Conglomerates,408.04998779296875,True,4087.51,False,True,42.19,42.22,True,,False,HOLD
ZYDUSLIFE,Zydus Lifesciences Limited,Healthcare,Drug Manufacturers - Specialty & Generic,1114.199951171875,False,4952.299999999999,True,True,3.5,13.49,True,23242.0,True,HOLD
GVT&D,GE Vernova T&D India Ltd,Industrials,Specialty Industrial Machinery,4299.0,False,1120.26,True,True,49.5,49.68,True,4020.0,True,HOLD
HDFCAMC,HDFC Asset Management Company Limited,Financial Services,Asset Management,2545.0,False,2229.21,False,False,-14.9,-14.63,False,4051.0,True,EXIT
VEDL,Vedanta Limited,Basic Materials,Other Industrial Metals & Mining,278.8500061035156,False,21066.0,True,False,-40.47,-40.79,False,152968.0,True,EXIT
BHARATFORG,Bharat Forge Limited,Consumer Cyclical,Auto Parts,2265.199951171875,True,1079.65,False,True,84.71,90.52,True,15682.0,False,HOLD
LUPIN,Lupin Limited,Healthcare,Drug Manufacturers - Specialty & Generic,2363.5,False,4627.4400000000005,True,True,7.12,17.08,True,22708.0,True,HOLD
AMBUJACEM,Ambuja Cements Limited,Basic Materials,Building Materials,434.0,False,2610.85,False,False,-30.87,-31.22,False,19985.0,False,EXIT
LGEINDIA,LGEINDIA,Technology,Consumer Electronics,1586.5,False,1770.3999999999999,False,True,,,False,,False,EXIT
GODREJCP,Godrej Consumer Products Limited,Consumer Defensive,Household & Personal Products,1050.0,False,1814.0300000000002,False,False,-13.3,-18.42,False,14364.0,True,EXIT
UNITDSPR,UNITDSPR,Consumer Defensive,Beverages - Wineries & Distilleries,1512.4000244140625,False,1837.0,True,True,18.08,12.75,True,12069.0,True,HOLD
TATACONSUM,Tata Consumer Products Limited,Consumer Defensive,Packaged Foods,1082.300048828125,False,1564.8200000000002,True,False,3.54,-1.68,False,17618.0,True,EXIT
INDIAMART,IndiaMART InterMESH Limited,Communication Services,Internet Content & Information,1755.0,False,410.75,False,False,-17.47,-35.94,False,1388.0,True,EXIT
MAXHEALTH,Max Healthcare Institute Limited,Healthcare,Medical Care Facilities,1070.0,False,1442.41,True,True,-30.17,-19.96,False,7028.0,True,HOLD
INDHOTEL,The Indian Hotels Company Limited,Consumer Cyclical,Lodging,731.0,False,2157.36,True,True,-12.05,-6.01,False,8335.0,True,HOLD
JSWENERGY,JSW Energy Limited,Utilities,Utilities - Independent Power Producers,564.4000244140625,False,2005.6,False,True,11.96,1.43,True,11745.0,True,HOLD
OFSS,Oracle Financial Services Software Limited,Technology,Software - Infrastructure,11805.0,False,3508.7,True,True,33.95,33.24,True,6847.0,True,HOLD
INDUSTOWER,Indus Towers Limited,Communication Services,Telecom Services,386.0,False,7051.400000000001,False,False,29.97,10.86,True,30123.0,True,EXIT
MAZDOCK,Mazagon Dock Shipbuilders Limited,Industrials,Aerospace & Defense,2514.89990234375,False,2560.52,False,True,-14.5,-14.18,False,11432.0,True,EXIT
MANKIND,Mankind Pharma Limited,Healthcare,Drug Manufacturers - Specialty & Generic,2456.0,False,1969.4799999999998,False,True,-17.84,-7.71,False,12207.0,True,EXIT
LAURUSLABS,Laurus Labs Limited,Healthcare,Drug Manufacturers - Specialty & Generic,1844.300048828125,True,1061.42,True,True,106.22,115.53,True,6041.0,False,ADD
LENSKART,LENSKART,Healthcare,Medical Instruments & Supplies,569.7000122070312,True,552.0400000000001,False,False,,,False,6653.0,True,EXIT
DRREDDY,Dr. Reddy's Laboratories Limited,Healthcare,Drug Manufacturers - Specialty & Generic,1172.0,False,3311.3999999999996,False,False,-17.01,-6.88,False,32644.0,True,EXIT
AUROPHARMA,Aurobindo Pharma Limited,Healthcare,Drug Manufacturers - Specialty & Generic,1658.0,True,3559.7700000000004,False,True,40.78,50.53,True,31724.0,True,HOLD
NYKAA,FSN E-Commerce Ventures Limited,Consumer Cyclical,Internet Retail,332.0,False,256.16,False,True,47.78,53.68,True,7950.0,True,HOLD
SHREECEM,Shree Cement Limited,Basic Materials,Building Materials,26010.0,False,1964.2400000000002,False,False,-19.26,-19.64,False,20404.0,False,EXIT
PAYTM,One97 Communications Limited,Technology,Software - Infrastructure,1441.5999755859375,False,752.0,True,True,31.53,30.84,True,9978.0,False,HOLD
IDBI,IDBI Bank Limited,Financial Services,Banks - Regional,84.22000122070312,False,8107.52,True,False,-10.63,-10.37,False,,False,EXIT
MEESHO,MEESHO,Consumer Cyclical,Internet Retail,191.35000610351562,False,1201.22,True,False,,,False,9390.0,True,EXIT
FEDERALBNK,The Federal Bank Limited,Financial Services,Banks - Regional,356.25,True,4609.45,True,True,74.99,74.87,True,,False,ADD
DIXON,Dixon Technologies (India) Limited,Technology,Consumer Electronics,14200.0,False,1432.06,True,True,-18.88,-19.27,False,38860.0,True,HOLD
PERSISTENT,Persistent Systems Limited,Technology,Information Technology Services,5475.0,False,1876.69,True,True,1.67,1.16,True,11939.0,True,HOLD
HINDPETRO,Hindustan Petroleum Corporation Limited,Energy,Oil & Gas Refining & Marketing,393.04998779296875,False,26452.260000000002,True,False,-15.16,-6.81,False,440403.0,False,EXIT
ICICIGI,ICICI Lombard General Insurance Company Limited,Financial Services,Insurance - Diversified,1639.0,False,2355.57,False,False,-18.67,-18.38,False,,False,EXIT
HAVELLS,Havells India Limited,Industrials,Electrical Equipment & Parts,1288.0,False,1661.9399999999998,True,False,-18.64,-18.31,False,21778.0,True,EXIT
AUBANK,AUBANK,Financial Services,Banks - Regional,1067.0,True,2876.34,True,True,39.04,39.07,True,,False,ADD
INDUSINDBK,IndusInd Bank Limited,Financial Services,Banks - Regional,1022.0,False,2363.27,False,True,21.99,22.1,True,,False,HOLD
NAUKRI,Info Edge (India) Limited,Communication Services,Internet Content & Information,1225.300048828125,False,1449.8200000000002,False,True,4.26,-14.5,False,2850.0,True,EXIT
COFORGE,Coforge Limited,Technology,Information Technology Services,1776.0,False,1698.5,True,True,0.24,-0.27,False,5557.0,True,HOLD
WAAREEENER,WAAREEENER,Technology,Solar,2717.0,False,3718.9799999999996,True,False,-18.19,-18.58,False,14444.0,True,EXIT
JSWINFRA,JSW Infrastructure Limited,Industrials,Marine Shipping,335.75,True,1508.7,False,True,6.2,6.47,True,4476.0,True,HOLD
SRF,SRF Limited,Industrials,Conglomerates,2615.0,False,2205.87,True,False,-14.76,-14.44,False,14870.0,False,EXIT
NHPC,NHPC Limited,Utilities,Utilities - Renewable,76.91999816894531,False,3597.94,False,False,-2.1,-12.27,False,10607.0,False,EXIT
LTF,L&T Finance Limited,Financial Services,Credit Services,308.0,False,3148.81,True,True,49.31,49.3,True,,False,HOLD
NTPCGREEN,NTPCGREEN,Utilities,Utilities - Renewable,91.5,False,668.23,True,False,-5.09,-15.17,False,2210.0,True,EXIT
BHARTIHEXA,BHARTIHEXA,Communication Services,Telecom Services,1538.800048828125,False,1794.4,False,False,2.63,-16.11,False,,False,EXIT
ASTERDM,Aster DM Quality Care Limited,Healthcare,Medical Care Facilities,869.7000122070312,True,294.2,False,True,31.98,41.78,True,10253.0,False,HOLD
NAM-INDIA,Nippon Life India Asset Management Limited,Financial Services,Asset Management,1176.0,True,1688.44,False,True,40.68,40.71,True,2344.0,True,HOLD
NMDC,NMDC Limited,Basic Materials,Steel,84.91999816894531,False,7229.24,False,True,14.76,14.28,True,25965.0,False,HOLD
UNOMINDA,Uno Minda Limited,Consumer Cyclical,Auto Parts,1285.0,False,1197.13,True,True,5.58,11.58,True,16775.0,True,HOLD
POLICYBZR,PB Fintech Limited,Financial Services,Insurance Brokers,1604.5,False,697.97,True,False,-14.31,-14.04,False,4977.0,True,EXIT
SWIGGY,SWIGGY,Consumer Cyclical,Internet Retail,280.75,False,2656.0,True,False,-40.15,-34.03,False,15227.0,True,EXIT
IDFCFIRSTB,IDFC First Bank Limited,Financial Services,Banks - Regional,84.62000274658203,False,2410.58,False,True,17.61,17.74,True,,False,HOLD
SAIL,Steel Authority of India Limited,Basic Materials,Steel,176.5800018310547,False,4598.13,False,True,39.21,38.66,True,105378.0,False,HOLD
DABUR,Dabur India Limited,Consumer Defensive,Household & Personal Products,410.0,False,2033.3600000000001,True,False,-20.14,-25.21,False,12563.0,True,EXIT
ICICIPRULI,ICICI Prudential Life Insurance Company Limited,Financial Services,Insurance - Life,501.04998779296875,False,1699.3199999999997,True,False,-23.82,-23.5,False,89683.0,False,EXIT
ATGL,Adani Total Gas Limited,Utilities,Utilities - Regulated Gas,657.5499877929688,False,633.95,False,True,17.29,6.62,True,5000.0,True,HOLD
FORTIS,Fortis Healthcare Limited,Healthcare,Medical Care Facilities,955.1500244140625,False,1041.78,True,True,-6.49,3.56,False,7783.0,True,HOLD
OIL,Oil India Limited,Energy,Oil & Gas Integrated,442.79998779296875,False,6619.9400000000005,False,False,-10.23,-2.02,False,36084.0,False,EXIT
BAJAJHFL,BAJAJHFL,Financial Services,Mortgage Finance,85.79000091552734,False,2632.66,False,False,-28.92,-28.59,False,,False,EXIT
YESBANK,YESBANK,Financial Services,Banks - Regional,22.690000534057617,False,3919.19,False,True,16.26,16.4,True,,False,HOLD
NATIONALUM,National Aluminium Company Limited,Basic Materials,Aluminum,381.0,False,6077.709999999999,True,True,97.01,96.29,True,16788.0,True,HOLD
PRESTIGE,Prestige Estates Projects Limited,Real Estate,Real Estate - Diversified,1584.800048828125,False,1138.9,False,True,8.95,-7.23,False,8315.0,False,EXIT
TORNTPOWER,Torrent Power Limited,Utilities,Utilities - Independent Power Producers,1350.800048828125,False,2323.84,False,False,5.38,-4.98,False,29165.0,True,EXIT
PHOENIXLTD,The Phoenix Mills Limited,Real Estate,Real Estate - Diversified,1895.5,False,1216.69,False,True,42.23,25.63,True,3972.0,False,HOLD
ALKEM,Alkem Laboratories Limited,Healthcare,Drug Manufacturers - Specialty & Generic,5620.0,False,2301.8,False,True,0.86,10.87,True,12965.0,True,HOLD
APARINDS,APAR Industries Limited,Industrials,Electrical Equipment & Parts,16631.0,True,1192.73,True,True,86.83,86.92,True,18581.0,True,ADD
BANKINDIA,Bank of India Limited,Financial Services,Banks - Regional,145.0,False,11032.19,False,False,24.99,25.08,True,,False,EXIT
IOB,Indian Overseas Bank,Financial Services,Banks - Regional,34.2599983215332,False,5878.05,True,False,-9.94,-9.69,False,,False,EXIT
OBEROIRLTY,Oberoi Realty Limited,Real Estate,Real Estate - Development,1775.0,False,2290.68,True,True,22.07,5.73,True,5286.0,True,HOLD
GLENMARK,Glenmark Pharmaceuticals Limited,Healthcare,Drug Manufacturers - Specialty & Generic,2279.10009765625,False,1797.8899999999999,True,True,-4.04,6.0,False,13322.0,True,HOLD
SCHAEFFLER,Schaeffler India Limited,Consumer Cyclical,Auto Parts,4035.199951171875,False,1251.32,True,True,-9.73,-3.69,False,9686.0,True,HOLD
SBICARD,SBI Cards and Payment Services Limited,Financial Services,Credit Services,659.0,False,2386.34,False,False,-22.06,-21.75,False,,False,EXIT
GICRE,General Insurance Corporation of India,Financial Services,Insurance - Reinsurance,357.20001220703125,False,9662.380000000001,False,False,-10.14,-9.89,False,50345.0,False,EXIT
KALYANKJIL,Kalyan Jewellers India Limited,Consumer Cyclical,Luxury Goods,606.2999877929688,False,1434.96,True,True,-7.92,-1.89,False,25045.0,True,HOLD
GODREJPROP,Godrej Properties Limited,Real Estate,Real Estate - Development,2070.0,False,1827.1499999999999,True,True,13.03,-3.2,False,4923.0,True,HOLD
BERGEPAINT,Berger Paints India Limited,Basic Materials,Specialty Chemicals,530.5499877929688,False,1182.6100000000001,True,True,-6.89,-7.31,False,11545.0,True,HOLD
COROMANDEL,Coromandel International Limited,Basic Materials,Agricultural Inputs,2069.300048828125,False,1531.64,False,False,-19.52,-19.91,False,29628.0,False,EXIT
LINDEINDIA,Linde India Limited,Basic Materials,Specialty Chemicals,7112.5,False,496.37,False,True,4.84,4.38,True,3136.0,False,HOLD
JSL,Jindal Stainless Limited,Basic Materials,Steel,734.6500244140625,False,3248.65,False,False,-2.67,-3.1,False,39312.0,True,EXIT
RBLBANK,RBL Bank Limited,Financial Services,Banks - Regional,389.79998779296875,False,920.8199999999999,False,True,41.43,41.45,True,,False,HOLD
RADICO,Radico Khaitan Limited,Consumer Defensive,Beverages - Wineries & Distilleries,4499.0,True,694.51,True,True,59.7,54.1,True,4843.0,True,ADD
MAHABANK,Bank of Maharashtra,Financial Services,Banks - Regional,78.27999877929688,False,7371.5599999999995,True,True,41.62,41.64,True,,False,HOLD
ABBOTINDIA,Abbott India Limited,Healthcare,Drug Manufacturers - Specialty & Generic,27835.0,False,1552.02,False,True,-29.62,-19.42,False,,False,EXIT
ATHERENERG,Ather Energy Limited,Consumer Cyclical,Auto Manufacturers,1481.5,True,390.02,False,True,262.31,267.7,True,,False,HOLD
MRF,MRF Limited,Consumer Cyclical,Auto Parts,134190.0,False,2420.1899999999996,False,False,-17.53,-11.47,False,28152.0,True,EXIT
M&MFIN,Mahindra & Mahindra Financial Services Limited,Financial Services,Credit Services,408.45001220703125,True,3216.08,True,True,56.62,56.57,True,,False,ADD
COLPAL,Colgate-Palmolive (India) Limited,Consumer Defensive,Household & Personal Products,2030.0,False,1340.88,True,False,-8.73,-13.87,False,1960.0,True,EXIT
HDBFS,HDBFS,Financial Services,Credit Services,665.6500244140625,False,2179.7000000000003,False,False,-16.21,-15.93,False,,False,EXIT
APLAPOLLO,APL Apollo Tubes Limited,Basic Materials,Steel,1970.0,False,1164.67,True,True,19.5,19.01,True,20690.0,True,HOLD
FACT,The Fertilisers and Chemicals Travancore Limited,Basic Materials,Agricultural Inputs,839.4000244140625,False,146.06,False,False,-14.08,-14.48,False,6198.0,False,EXIT
TIINDIA,Tube Investments of India Limited,Industrials,Conglomerates,2772.0,False,496.71000000000004,False,False,-10.6,-10.29,False,19465.0,True,EXIT
KEI,KEI Industries Limited,Industrials,Electrical Equipment & Parts,5600.0,True,989.0600000000001,True,True,41.06,41.26,True,9736.0,True,ADD
MOTILALOFS,Motilal Oswal Financial Services Limited,Financial Services,Capital Markets,870.0,False,3222.4199999999996,True,True,-9.95,-9.69,False,8340.0,True,HOLD
HINDCOPPER,Hindustan Copper Limited,Basic Materials,Copper,536.0999755859375,False,918.54,True,True,118.49,117.71,True,2071.0,True,HOLD
MFSL,Max Financial Services Limited,Financial Services,Insurance - Life,1497.4000244140625,False,136.67000000000002,False,False,-5.22,-4.98,False,46576.0,False,EXIT
SONACOMS,Sona BLW Precision Forgings Limited,Consumer Cyclical,Auto Parts,818.0499877929688,True,647.88,False,True,71.92,77.77,True,3226.0,True,HOLD
VMM,VMM,Consumer Cyclical,Department Stores,108.72000122070312,False,891.9199999999998,True,False,-35.37,-29.27,False,10716.0,True,EXIT
SUNDARMFIN,Sundaram Finance Limited,Financial Services,Credit Services,4604.2001953125,False,2206.9300000000003,True,False,-5.75,-5.51,False,,False,EXIT
AIIL,Authum Investment & Infrastructure Limited,Financial Services,Capital Markets,596.5999755859375,False,2098.14,False,True,-0.7,-0.49,False,,False,EXIT
TATACOMM,Tata Communications Limited,Communication Services,Telecom Services,1755.199951171875,False,952.74,False,True,19.43,0.46,True,23109.0,True,HOLD
FLUOROCHEM,Gujarat Fluorochemicals Limited,Basic Materials,Specialty Chemicals,4518.10009765625,False,578.0,False,True,21.8,21.3,True,5685.0,False,HOLD
RVNL,Rail Vikas Nigam Limited,Industrials,Engineering & Construction,233.3800048828125,False,874.7199999999999,False,False,-37.5,-37.13,False,21879.0,False,EXIT
WELCORP,Welspun Corp Limited,Basic Materials,Steel,1839.800048828125,True,2219.8599999999997,True,True,107.05,106.31,True,17340.0,False,ADD
UPL,UPL Limited,Basic Materials,Agricultural Inputs,573.0,False,1555.0,False,False,-22.89,-23.26,False,53576.0,False,EXIT
AEGISLOG,AEGISLOG,Energy,Oil & Gas Refining & Marketing,1371.0,True,898.1500000000001,True,True,79.86,85.57,True,8627.0,False,ADD
PIRAMALFIN,PIRAMALFIN,Financial Services,Credit Services,2109.699951171875,True,1636.6,False,False,,,False,12882.0,False,EXIT
BALKRISIND,Balkrishna Industries Limited,Consumer Cyclical,Auto Parts,2466.300048828125,False,1420.68,False,True,-8.82,-2.78,False,10447.0,True,EXIT
360ONE,360 One Wam Limited,Financial Services,Asset Management,1168.0999755859375,False,1231.22,True,True,4.97,5.15,True,3684.0,True,HOLD
BDL,Bharat Dynamics Limited,Industrials,Aerospace & Defense,1294.0,False,420.33000000000004,False,False,-22.3,-21.96,False,,False,EXIT
PREMIERENE,PREMIERENE,Technology,Solar,1047.199951171875,False,1434.12,True,True,1.74,1.23,True,6519.0,True,HOLD
ANTHEM,ANTHEM,Healthcare,Biotechnology,841.0,True,575.95,False,True,-2.33,7.7,False,1845.0,True,EXIT
MPHASIS,Mphasis Limited,Technology,Information Technology Services,2475.0,False,1883.03,True,False,-12.49,-12.91,False,14230.0,True,EXIT
THERMAX,Thermax Limited,Industrials,Conglomerates,4059.89990234375,False,593.36,False,True,17.25,17.5,True,10389.0,True,HOLD
PAGEIND,Page Industries Limited,Consumer Cyclical,Apparel Manufacturing,39900.0,False,763.8299999999999,False,True,-23.36,-17.29,False,,False,EXIT
GODREJIND,Godrej Industries Limited,Industrials,Conglomerates,1311.5,False,1240.52,True,True,13.56,13.82,True,19657.0,True,HOLD
GLAXO,GlaxoSmithKline Pharmaceuticals Limited,Healthcare,Drug Manufacturers - General,2599.699951171875,False,1015.67,False,True,-17.52,-7.39,False,3749.0,True,EXIT
IPCALAB,Ipca Laboratories Limited,Healthcare,Drug Manufacturers - Specialty & Generic,1735.800048828125,False,1141.12,True,True,10.31,20.26,True,8897.0,True,HOLD
SUPREMEIND,The Supreme Industries Limited,Industrials,Building Products & Equipment,3442.0,False,1069.96,False,False,-22.42,-22.08,False,10446.0,True,EXIT
CPPLUS,CPPLUS,Industrials,Building Products & Equipment,3708.699951171875,True,390.04,False,True,222.69,222.47,True,3112.0,True,HOLD
AJANTPHARM,Ajanta Pharma Limited,Healthcare,Drug Manufacturers - Specialty & Generic,3489.199951171875,True,1130.03,True,True,18.85,28.74,True,4648.0,True,ADD
GLAND,Gland Pharma Limited,Healthcare,Drug Manufacturers - Specialty & Generic,2601.0,False,1030.18,False,True,18.48,28.37,True,5665.0,False,HOLD
INDOMIM,INDOMIM,Industrials,Metal Fabrication,867.3499755859375,True,0.0,False,False,,,False,,False,EXIT
VOLTAS,Voltas Limited,Consumer Cyclical,"Furnishings, Fixtures & Appliances",1285.0,False,375.88,False,False,-12.38,-6.33,False,15413.0,True,EXIT
NAVINFLUOR,Navin Fluorine International Limited,Basic Materials,Chemicals,8271.0,True,610.14,True,True,63.17,62.55,True,1687.0,True,ADD
NLCINDIA,NLC India Limited,Utilities,Utilities - Regulated Electric,304.3999938964844,False,3339.04,True,True,37.16,25.97,True,16165.0,False,HOLD
PIIND,PI Industries Limited,Basic Materials,Agricultural Inputs,2774.60009765625,False,1320.8,False,False,-35.19,-35.53,False,7978.0,True,EXIT
PETRONET,Petronet LNG Limited,Energy,Oil & Gas Refining & Marketing,280.6000061035156,False,3912.5299999999997,False,True,-11.81,-3.55,False,59899.0,False,EXIT
POONAWALLA,Poonawalla Fincorp Limited,Financial Services,Credit Services,480.04998779296875,False,775.32,False,True,3.32,3.51,True,,False,HOLD
EXIDEIND,Exide Industries Limited,Consumer Cyclical,Auto Parts,490.0,False,931.6700000000001,False,True,18.52,24.5,True,17238.0,True,HOLD
IRCTC,Indian Railway Catering & Tourism Corporation Limited,Consumer Cyclical,Travel Services,519.9500122070312,False,1393.45,True,False,-39.09,-32.98,False,4675.0,True,EXIT
JKCEMENT,J.K. Cement Limited,Basic Materials,Building Materials,5379.5,False,1109.43,True,False,-26.03,-26.39,False,11879.0,True,EXIT
ENDURANCE,Endurance Technologies Limited,Consumer Cyclical,Auto Parts,2904.5,True,951.71,True,True,4.89,10.9,True,8846.0,True,ADD
3MINDIA,3M India Limited,Industrials,Conglomerates,36035.0,False,526.45,False,True,7.85,8.12,True,4189.0,True,HOLD
HUDCO,Housing and Urban Development Corporation Limited,Financial Services,Credit Services,201.0399932861328,False,4255.25,False,False,-9.3,-9.05,False,,False,EXIT
COCHINSHIP,Cochin Shipyard Limited,Industrials,Aerospace & Defense,1519.699951171875,False,716.51,False,False,-15.03,-14.71,False,4820.0,True,EXIT
MEDANTA,Global Health Limited,Healthcare,Medical Care Facilities,1455.5999755859375,True,556.1800000000001,False,True,-4.84,5.21,False,3692.0,True,EXIT
PATANJALI,Patanjali Foods Limited,Consumer Defensive,Packaged Foods,357.5,False,1656.3000000000002,True,False,-40.64,-45.57,False,34157.0,True,EXIT
ASTRAL,Astral Limited,Industrials,Building Products & Equipment,1444.0,False,581.0999999999999,True,False,-2.79,-2.5,False,5832.0,True,EXIT
CONCOR,Container Corporation of India Limited,Industrials,Railroads,505.20001220703125,False,1242.0,False,True,-13.55,-13.23,False,8887.0,True,EXIT
NH,Narayana Hrudayalaya Limited,Healthcare,Medical Care Facilities,1885.0999755859375,False,816.13,False,True,-8.52,1.55,False,3590.0,True,EXIT
LTTS,L&T Technology Services Limited,Technology,Information Technology Services,3598.699951171875,False,1307.0,False,False,-18.55,-18.94,False,10670.0,True,EXIT
HSCL,Himadri Speciality Chemical Limited,Basic Materials,Specialty Chemicals,752.6500244140625,False,804.2,True,True,63.02,62.4,True,4613.0,True,HOLD
PWL,Physicswallah Limited,Consumer Defensive,Education & Training Services,131.58999633789062,False,588.95,False,False,,,False,2887.0,True,EXIT
EMCURE,EMCURE,Healthcare,Drug Manufacturers - Specialty & Generic,1978.4000244140625,True,924.3499999999999,True,True,26.92,36.76,True,7896.0,True,ADD
UBL,United Breweries Limited,Consumer Defensive,Beverages - Brewers,1400.300048828125,False,464.21999999999997,False,False,-27.03,-32.06,False,8915.0,True,EXIT
KPRMILL,K.P.R. Mill Limited,Consumer Cyclical,Textile Manufacturing,1076.699951171875,False,853.02,True,True,-4.58,1.45,False,6388.0,True,HOLD
GODFRYPHLP,Godfrey Phillips India Limited,Consumer Defensive,Tobacco,2286.0,False,1419.4199999999998,True,False,-30.9,-35.9,False,5611.0,True,EXIT
ITCHOTELS,ITCHOTELS,Consumer Cyclical,Resorts & Casinos,170.64999389648438,False,731.27,True,False,-37.89,-31.78,False,3560.0,True,EXIT
DELHIVERY,Delhivery Limited,Industrials,Integrated Freight & Logistics,473.29998779296875,False,275.6,True,True,-3.16,-2.86,False,8932.0,True,HOLD
TATATECH,Tata Technologies Limited,Technology,Information Technology Services,872.7999877929688,False,561.8399999999999,False,True,26.8,26.13,True,5168.0,True,HOLD
CUPID,Cupid Limited,Consumer Defensive,Household & Personal Products,262.1300048828125,True,108.23,True,True,685.67,675.9,True,183.0,True,ADD
TATAINVEST,Tata Investment Corporation Limited,Financial Services,Asset Management,693.6500244140625,False,323.24,False,False,-4.22,-3.99,False,385.0,False,EXIT
ANANDRATHI,Anand Rathi Wealth Limited,Financial Services,Asset Management,2101.5,True,365.66999999999996,False,True,57.27,57.22,True,1107.0,True,HOLD
MANAPPURAM,Manappuram Finance Limited,Financial Services,Credit Services,366.75,True,974.5699999999999,False,True,36.04,36.09,True,,False,HOLD
HEXT,Hexaware Technologies Limited,Technology,Information Technology Services,564.5999755859375,False,1353.3,False,False,-26.28,-26.62,False,13430.0,True,EXIT
DALBHARAT,Dalmia Bharat Limited,Basic Materials,Building Materials,1827.4000244140625,False,697.0,False,False,-23.51,-23.88,False,14691.0,False,EXIT
ESCORTS,Escorts Kubota Limited,Industrials,Farm & Heavy Construction Machinery,3080.0,False,2461.87,True,False,-12.94,-12.63,False,10244.0,True,EXIT
CRISIL,CRISIL Limited,Financial Services,Financial Data & Stock Exchanges,4607.0,False,862.79,True,True,-15.88,-15.6,False,3649.0,True,HOLD
IREDA,Indian Renewable Energy Development Agency Limited,Financial Services,Credit Services,119.80000305175781,False,1663.1999999999998,False,False,-21.93,-21.62,False,,False,EXIT
HONAUT,Honeywell Automation India Limited,Industrials,Electrical Equipment & Parts,37900.0,False,556.1999999999999,False,True,-1.91,-1.62,False,,False,EXIT
STARHEALTH,Star Health and Allied Insurance Company Limited,Financial Services,Insurance - Life,569.8499755859375,False,1227.47,False,True,27.12,27.21,True,,False,HOLD
UCOBANK,UCO Bank,Financial Services,Banks - Regional,26.399999618530273,False,2816.74,False,False,-10.93,-10.67,False,,False,EXIT
WOCKPHARMA,Wockhardt Limited,Healthcare,Drug Manufacturers - Specialty & Generic,2021.0,False,340.0,False,True,18.44,28.33,True,4830.0,False,HOLD
STLTECH,Sterlite Technologies Limited,Technology,Communication Equipment,638.9000244140625,True,283.0,False,True,397.23,394.3,True,6925.0,False,HOLD
KIMS,Krishna Institute of Medical Sciences Limited,Healthcare,Medical Care Facilities,811.0999755859375,True,204.3,False,True,-5.38,4.67,False,3035.0,True,EXIT
KARURVYSYA,The Karur Vysya Bank Limited,Financial Services,Banks - Regional,335.54998779296875,True,2692.0699999999997,False,True,49.48,49.47,True,,False,HOLD
SCHNEIDER,Schneider Electric Infrastructure Limited,Industrials,Electrical Equipment & Parts,1354.800048828125,False,212.56,False,True,33.01,33.23,True,,False,HOLD
LALPATHLAB,Dr. Lal PathLabs Limited,Healthcare,Diagnostics & Research,1931.5999755859375,True,391.3,False,True,5.77,15.75,True,2461.0,True,HOLD
HFCL,HFCL Limited,Technology,Communication Equipment,207.97999572753906,False,536.96,False,True,178.31,176.72,True,4743.0,False,HOLD
AEGISVOPAK,AEGISVOPAK,Energy,Oil & Gas Equipment & Services,285.29998779296875,False,250.17,False,True,6.25,14.0,True,621.0,True,HOLD
KIRLOSENG,Kirloskar Oil Engines Limited,Industrials,Specialty Industrial Machinery,2161.699951171875,False,574.32,True,True,132.87,132.86,True,6349.0,True,HOLD
RRKABEL,R R Kabel Limited,Industrials,Electrical Equipment & Parts,2759.5,True,581.1,False,True,111.25,111.29,True,7618.0,True,HOLD
BLUESTARCO,Blue Star Limited,Industrials,Building Products & Equipment,1514.0,False,622.31,True,False,-21.98,-21.64,False,11968.0,True,EXIT
CHOLAHLDNG,Cholamandalam Financial Holdings Limited,Financial Services,Credit Services,1628.0,False,2441.29,True,False,-16.73,-16.44,False,,False,EXIT
TVSHLTD,TVS Holdings Limited,Consumer Cyclical,Auto Parts,14848.0,False,1863.0700000000002,True,True,20.19,26.16,True,44993.0,True,HOLD
ZFCVINDIA,ZF Commercial Vehicle Control Systems India Limited,Consumer Cyclical,Auto Parts,2637.199951171875,False,390.97,False,True,8.09,14.08,True,3831.0,True,HOLD
NUVAMA,Nuvama Wealth Management Limited,Financial Services,Asset Management,1642.699951171875,False,828.74,False,True,13.61,13.75,True,4162.0,True,HOLD
PNBHOUSING,PNB Housing Finance Limited,Financial Services,Mortgage Finance,1143.0,False,2266.99,True,True,46.16,46.17,True,,False,HOLD
GRSE,Garden Reach Shipbuilders & Engineers Limited,Industrials,Aerospace & Defense,2599.0,False,766.99,False,True,-2.74,-2.45,False,,False,EXIT
NEULANDLAB,Neuland Laboratories Limited,Healthcare,Drug Manufacturers - Specialty & Generic,22855.0,True,363.98999999999995,True,True,64.05,73.64,True,1559.0,False,ADD
MRPL,Mangalore Refinery and Petrochemicals Limited,Energy,Oil & Gas Refining & Marketing,167.00999450683594,False,2784.1899999999996,False,True,23.29,30.57,True,109026.0,False,HOLD
NIACL,The New India Assurance Company Limited,Financial Services,Insurance - Diversified,177.11000061035156,False,1254.58,False,True,-13.47,-13.21,False,43354.0,True,EXIT
IKS,IKS,Healthcare,Health Information Services,1737.699951171875,False,734.58,False,True,-7.49,2.57,False,973.0,True,EXIT
SAILIFE,SAILIFE,Healthcare,Diagnostics & Research,1365.199951171875,True,353.34999999999997,True,True,58.36,67.99,True,1642.0,True,ADD
PTCIL,PTC Industries Limited,Industrials,Metal Fabrication,19076.0,True,101.55999999999999,True,True,22.83,23.07,True,308.0,True,ADD
CENTRALBK,Central Bank of India,Financial Services,Banks - Regional,31.360000610351562,False,4615.120000000001,True,False,-16.0,-15.72,False,,False,EXIT
BANDHANBNK,Bandhan Bank Limited,Financial Services,Banks - Regional,176.02000427246094,False,1613.36,False,True,1.26,1.47,True,,False,HOLD
APOLLOTYRE,Apollo Tyres Limited,Consumer Cyclical,Auto Parts,445.0,False,1372.42,False,False,-8.52,-2.48,False,26123.0,True,EXIT
NETWEB,Netweb Technologies India Limited,Technology,Computer Hardware,4939.2001953125,True,229.22,False,True,126.86,125.59,True,,False,HOLD
SHYAMMETL,Shyam Metalics and Energy Limited,Basic Materials,Steel,1006.9000244140625,False,1123.1599999999999,False,True,-0.08,-0.52,False,15138.0,True,EXIT
PPLPHARMA,Piramal Pharma Limited,Healthcare,Drug Manufacturers - Specialty & Generic,209.5500030517578,False,296.1,True,True,-5.31,4.74,False,9151.0,True,HOLD
CDSL,Central Depository Services (India) Limited,Financial Services,Capital Markets,1328.0,False,433.4200000000001,False,False,-19.9,-19.6,False,1082.0,True,EXIT
REDINGTON,Redington Limited,Technology,Information Technology Services,354.8500061035156,True,1588.37,False,True,42.39,41.63,True,99334.0,True,HOLD
LICHSGFIN,LIC Housing Finance Limited,Financial Services,Mortgage Finance,504.25,False,5753.3,True,False,-17.59,-17.31,False,,False,EXIT
PGHH,Procter & Gamble Hygiene and Health Care Limited,Consumer Defensive,Household & Personal Products,8497.0,False,790.7199999999999,False,False,-35.23,-40.2,False,,False,EXIT
SYRMA,Syrma SGS Technology Limited,Technology,Electronic Components,1424.699951171875,True,368.11,False,True,97.16,96.06,True,3787.0,True,HOLD
CRAFTSMAN,Craftsman Automation Limited,Consumer Cyclical,Auto Parts,10483.0,True,464.94000000000005,False,True,53.45,59.34,True,5690.0,True,HOLD
MSUMI,Motherson Sumi Wiring India Limited,Consumer Cyclical,Auto Parts,41.15999984741211,False,605.16,False,False,-2.99,3.04,False,9319.0,True,EXIT
ITI,ITI Limited,Technology,Communication Equipment,282.3999938964844,False,518.4399999999999,False,False,-15.91,-16.32,False,3616.0,True,EXIT
ACUTAAS,Acutaas Chemicals Limited,Basic Materials,Specialty Chemicals,3297.89990234375,False,288.99,False,True,151.08,150.22,True,990.0,True,HOLD
SJVN,SJVN Limited,Utilities,Utilities - Renewable,67.95999908447266,False,875.2,False,False,-22.01,-31.65,False,3072.0,True,EXIT
ANGELONE,Angel One Limited,Financial Services,Capital Markets,292.0,False,820.3,False,True,5.85,6.04,True,5239.0,True,HOLD
SUMICHEM,Sumitomo Chemical India Limited,Basic Materials,Agricultural Inputs,532.9500122070312,False,580.03,True,True,-13.62,-14.02,False,3511.0,False,HOLD
GABRIEL,Gabriel India Limited,Consumer Cyclical,Auto Parts,1499.800048828125,False,297.65999999999997,False,True,37.35,43.28,True,4063.0,True,HOLD
METROBRAND,Metro Brands Limited,Consumer Cyclical,Apparel Retail,972.5,False,437.33000000000004,False,False,-24.68,-18.61,False,2450.0,True,EXIT
AMBER,Amber Enterprises India Limited,Consumer Cyclical,"Furnishings, Fixtures & Appliances",7435.0,False,381.06,True,True,-14.35,-8.3,False,6744.0,True,HOLD
ACMESOLAR,ACMESOLAR,Utilities,Utilities - Renewable,368.6000061035156,False,619.1899999999999,False,True,39.95,28.68,True,1777.0,False,HOLD
IIFL,IIFL Finance Limited,Financial Services,Credit Services,611.75,False,1959.56,True,True,30.05,30.13,True,,False,HOLD
KAYNES,Kaynes Technology India Limited,Technology,Electronic Components,3856.300048828125,False,358.67,True,False,-40.9,-41.15,False,2722.0,True,EXIT
NBCC,NBCC (India) Limited,Industrials,Engineering & Construction,95.33000183105469,False,720.04,True,False,-17.87,-17.54,False,12039.0,True,EXIT
RUBICON,RUBICON,Healthcare,Drug Manufacturers - General,1553.199951171875,True,223.89,False,True,,,False,1284.0,True,EXIT
ACC,ACC Limited,Basic Materials,Building Materials,1362.800048828125,False,1164.46,False,False,-29.16,-29.52,False,22210.0,False,EXIT
AWL,AWL Agri Business Limited,Consumer Defensive,Packaged Foods,197.5,False,1147.61,False,False,-20.64,-25.71,False,63672.0,True,EXIT
TIMKEN,Timken India Limited,Industrials,Tools & Accessories,3351.0,False,507.39000000000004,True,True,10.88,11.15,True,3194.0,True,HOLD
GODIGIT,GODIGIT,Financial Services,Insurance - Property & Casualty,272.25,False,514.23,False,False,-30.3,-29.96,False,,False,EXIT
GILLETTE,Gillette India Limited,Consumer Defensive,Household & Personal Products,7683.5,False,430.34000000000003,False,False,-27.31,-32.33,False,,False,EXIT
GUJENERGY,Gujarat Energy Limited,Utilities,Utilities - Regulated Gas,265.29998779296875,False,1225.5299999999997,False,False,-32.65,-42.01,False,,False,EXIT
DATAPATTNS,Data Patterns (India) Limited,Industrials,Aerospace & Defense,4380.7001953125,False,267.93,False,True,65.86,66.0,True,,False,HOLD
DEEPAKNTR,Deepak Nitrite Limited,Basic Materials,Chemicals,1796.5,False,550.44,False,True,-5.58,-6.0,False,8282.0,True,EXIT
CREDITACC,CreditAccess Grameen Limited,Financial Services,Credit Services,1523.5999755859375,False,1145.22,False,True,17.8,17.93,True,,False,HOLD
FORCEMOT,Force Motors Limited,Consumer Cyclical,Auto Manufacturers,18500.0,False,1251.8600000000001,True,False,-8.28,-2.25,False,8072.0,True,EXIT
SANSERA,Sansera Engineering Limited,Consumer Cyclical,Auto Parts,3863.800048828125,True,324.09000000000003,True,True,193.74,199.3,True,3017.0,True,ADD
BELRISE,BELRISE,Consumer Cyclical,Auto Parts,248.2100067138672,True,496.84999999999997,False,True,70.82,76.66,True,8291.0,True,HOLD
KIOCL,KIOCL Limited,Basic Materials,Steel,391.75,False,126.47,False,True,2.02,1.58,True,3006.0,False,HOLD
IRB,IRB Infrastructure Developers Limited,Industrials,Infrastructure Operations,19.68000030517578,False,954.1399999999999,False,False,-16.95,-16.63,False,7613.0,True,EXIT
GRINDWELL,Grindwell Norton Limited,Industrials,Building Products & Equipment,2133.800048828125,False,423.87,True,True,38.03,38.23,True,2737.0,True,HOLD
TATAELXSI,Tata Elxsi Limited,Technology,Software - Application,3781.0,False,644.21,True,False,-39.76,-40.02,False,849.0,True,EXIT
AFFLE,Affle 3i Limited,Communication Services,Advertising Agencies,1645.5999755859375,False,447.39,True,True,-1.4,-20.09,False,2266.0,True,HOLD
SUNDRMFAST,Sundram Fasteners Limited,Consumer Cyclical,Auto Parts,1090.550048828125,False,608.7099999999999,True,True,4.67,10.67,True,5955.0,True,HOLD
ASAHIINDIA,Asahi India Glass Limited,Consumer Cyclical,Auto Parts,898.7000122070312,False,380.55999999999995,False,False,-2.99,3.03,False,4594.0,True,EXIT
KPIL,Kalpataru Projects International Limited,Industrials,Engineering & Construction,1317.199951171875,False,1025.41,True,True,13.62,13.87,True,22316.0,True,HOLD
PFOCUS,Prime Focus Limited,Communication Services,Entertainment,287.6000061035156,False,218.75,False,True,98.95,78.91,True,4644.0,False,HOLD
PFIZER,Pfizer Limited,Healthcare,Drug Manufacturers - General,4880.60009765625,False,735.15,True,True,-17.39,-7.26,False,678.0,True,HOLD
ANANTRAJ,Anant Raj Limited,Real Estate,Real Estate - Development,615.9000244140625,False,554.85,True,True,24.57,8.19,True,2060.0,True,HOLD
CGCL,Capri Global Capital Limited,Financial Services,Credit Services,230.25,False,1066.5400000000002,True,True,17.94,18.07,True,,False,HOLD
AADHARHFC,AADHARHFC,Financial Services,Mortgage Finance,506.3999938964844,False,1140.96,False,True,-4.5,-4.27,False,,False,EXIT
EMMVEE,EMMVEE,Technology,Solar,318.8999938964844,False,1274.17,False,False,,,False,2336.0,True,EXIT
RAMCOCEM,The Ramco Cements Limited,Basic Materials,Building Materials,933.7999877929688,False,648.7199999999999,False,False,-21.97,-22.35,False,9376.0,False,EXIT
MTARTECH,MTAR Technologies Limited,Industrials,Specialty Industrial Machinery,7085.5,False,140.01,True,True,372.05,371.5,True,676.0,True,HOLD
CESC,CESC Limited,Utilities,Utilities - Regulated Electric,163.94000244140625,False,1485.0,True,False,4.71,-5.63,False,9584.0,True,EXIT
GRANULES,Granules India Limited,Healthcare,Drug Manufacturers - Specialty & Generic,873.8499755859375,True,662.35,True,True,80.22,89.7,True,4512.0,False,ADD
IGL,Indraprastha Gas Limited,Utilities,Utilities - Regulated Gas,151.94000244140625,False,1549.6299999999999,False,False,-20.86,-30.53,False,14928.0,True,EXIT
URBANCO,Urban Company Limited,Technology,Software - Application,143.74000549316406,False,274.54,False,True,,,False,1144.0,True,EXIT
AETHER,Aether Industries Limited,Basic Materials,Specialty Chemicals,1591.5999755859375,True,235.20000000000002,True,True,108.94,108.2,True,839.0,True,ADD
CUB,City Union Bank Limited,Financial Services,Banks - Regional,212.0,False,1074.29,False,True,26.54,26.63,True,,False,HOLD
HATSUN,Hatsun Agro Product Limited,Consumer Defensive,Packaged Foods,941.0999755859375,False,380.34999999999997,True,False,5.91,0.67,True,8700.0,True,HOLD
CARBORUNIV,Carborundum Universal Limited,Industrials,Conglomerates,1097.0,False,184.54000000000002,False,True,23.46,23.7,True,2828.0,True,HOLD
CEMPRO,Cemindia Projects Limited,Industrials,Engineering & Construction,1208.0999755859375,False,631.12,True,True,60.9,61.05,True,9097.0,True,HOLD
ASTRAZEN,AstraZeneca Pharma India Limited,Healthcare,Drug Manufacturers - Specialty & Generic,8191.0,False,187.51999999999998,False,False,-20.74,-10.59,False,,False,EXIT
SAGILITY,Sagility Limited,Healthcare,Health Information Services,43.66999816894531,False,890.76,True,False,-20.42,-10.27,False,5570.0,True,EXIT
TRITURBINE,Triveni Turbine Limited,Industrials,Specialty Industrial Machinery,636.4500122070312,False,349.7,False,True,17.76,18.0,True,2006.0,True,HOLD
HBLENGINE,HBLENGINE,Industrials,Electrical Equipment & Parts,727.0999755859375,False,814.89,True,False,17.52,17.77,True,2209.0,False,HOLD
ATUL,Atul Ltd,Basic Materials,Specialty Chemicals,6774.0,False,743.96,True,True,-1.89,-2.32,False,5075.0,True,HOLD
IFCI,IFCI Limited,Financial Services,Credit Services,73.9800033569336,False,211.35000000000002,False,True,31.09,31.16,True,,False,HOLD
TDPOWERSYS,TD Power Systems Limited,Industrials,Specialty Industrial Machinery,1260.9000244140625,False,231.6,True,True,143.76,143.72,True,1279.0,True,HOLD
CAPLIPOINT,Caplin Point Laboratories Limited,Healthcare,Drug Manufacturers - Specialty & Generic,2574.10009765625,True,629.36,True,True,10.63,20.57,True,1937.0,True,ADD
CAMS,Computer Age Management Services Limited,Technology,Information Technology Services,787.5,False,379.99,False,True,-0.88,-1.38,False,1334.0,True,EXIT
DEEPAKFERT,Deepak Fertilisers And Petrochemicals Corporation Limited,Basic Materials,Chemicals,1537.800048828125,False,1014.09,True,True,-1.9,-2.33,False,4243.0,False,HOLD
SHRIPISTON,SPR Auto Technologies Limited,Consumer Cyclical,Auto Parts,4392.7998046875,True,557.4000000000001,True,True,69.08,74.93,True,3550.0,True,ADD
FSL,Firstsource Solutions Limited,Technology,Information Technology Services,279.8500061035156,False,655.5799999999999,True,False,-28.49,-28.82,False,7980.0,True,EXIT
DIACABS,Diamond Power Infrastructure Limited,Industrials,Specialty Industrial Machinery,364.04998779296875,False,158.17000000000002,True,True,128.97,128.97,True,3153.0,False,HOLD
SUNTV,Sun TV Network Limited,Communication Services,Broadcasting,486.6499938964844,False,1439.5100000000002,False,False,1.04,-17.68,False,4282.0,False,EXIT
EIHOTEL,EIH Limited,Consumer Cyclical,Lodging,306.54998779296875,False,628.28,False,False,-25.27,-19.19,False,2743.0,True,EXIT
ERIS,Eris Lifesciences Limited,Healthcare,Drug Manufacturers - Specialty & Generic,1382.4000244140625,False,643.9100000000001,False,False,-33.14,-22.91,False,2894.0,True,EXIT
GESHIP,The Great Eastern Shipping Company Limited,Industrials,Marine Shipping,1341.800048828125,False,3746.8599999999997,True,True,38.07,38.27,True,4835.0,False,HOLD
CASTROLIND,Castrol India Limited,Energy,Oil & Gas Refining & Marketing,192.0800018310547,False,1078.55,False,True,-23.61,-15.02,False,,False,EXIT
CHENNPETRO,Chennai Petroleum Corporation Limited,Energy,Oil & Gas Refining & Marketing,1275.4000244140625,True,3494.89,False,True,88.98,94.44,True,76271.0,False,HOLD
BRIGADE,Brigade Enterprises Limited,Real Estate,Real Estate - Development,581.9500122070312,False,481.89,False,False,-7.18,-23.16,False,5074.0,True,EXIT
TRAVELFOOD,TRAVELFOOD,Consumer Cyclical,Restaurants,1428.5999755859375,True,452.1,False,True,20.02,25.99,True,1688.0,True,HOLD
BAYERCROP,Bayer CropScience Limited,Basic Materials,Agricultural Inputs,4177.2001953125,False,689.2,True,False,-30.56,-30.91,False,727.0,True,EXIT
SAMMAANCAP,Sammaan Capital Limited,Financial Services,Mortgage Finance,163.1699981689453,False,9073.83,True,True,29.98,30.05,True,,False,HOLD
CHOICEIN,Choice International Limited,Financial Services,Capital Markets,841.1500244140625,True,225.57000000000002,True,True,9.1,9.27,True,921.0,True,ADD
ELGIEQUIP,Elgi Equipments Limited,Industrials,Specialty Industrial Machinery,588.4500122070312,False,430.20000000000005,True,True,5.73,6.0,True,3510.0,True,HOLD
GMDCLTD,Gujarat Mineral Development Corporation Limited,Energy,Thermal Coal,582.7999877929688,False,956.3299999999999,False,False,29.19,36.3,True,3498.0,False,EXIT
INDIACEM,The India Cements Limited,Basic Materials,Building Materials,398.1499938964844,False,221.93,False,False,7.2,6.74,True,5628.0,False,EXIT
KAJARIACER,Kajaria Ceramics Limited,Industrials,Building Products & Equipment,1167.300048828125,False,521.9100000000001,True,True,-12.47,-12.15,False,4635.0,True,HOLD
AARTIIND,Aarti Industries Limited,Basic Materials,Specialty Chemicals,502.1000061035156,False,468.0,False,True,28.71,28.19,True,7271.0,True,HOLD
OLAELEC,OLAELEC,Consumer Cyclical,Auto Manufacturers,41.06999969482422,False,2285.0,True,True,-8.51,-2.47,False,5010.0,False,HOLD
JSWCEMENT,JSWCEMENT,Basic Materials,Building Materials,134.2899932861328,False,634.0699999999999,True,True,,,False,6002.0,False,HOLD
ONESOURCE,ONESOURCE,Healthcare,Biotechnology,1576.0,False,128.78,True,False,-30.61,-20.4,False,1445.0,True,EXIT
PGEL,PG Electroplast Limited,Technology,Electronic Components,630.6500244140625,False,196.56,False,True,-18.51,-18.9,False,4870.0,True,EXIT
CHAMBLFERT,Chambal Fertilisers and Chemicals Limited,Basic Materials,Agricultural Inputs,450.70001220703125,False,1828.24,True,False,-23.87,-24.24,False,27773.0,False,EXIT
EMAMILTD,Emami Limited,Consumer Defensive,Household & Personal Products,412.54998779296875,False,748.36,False,False,-28.61,-33.63,False,3809.0,True,EXIT
HAPPYFORGE,HAPPYFORGE,Industrials,Metal Fabrication,1906.199951171875,True,319.64,False,True,90.89,90.97,True,1409.0,True,HOLD
JYOTICNC,Jyoti CNC Automation Limited,Industrials,Specialty Industrial Machinery,784.2999877929688,False,336.0,True,False,-23.87,-23.53,False,1818.0,True,EXIT
PINELABS,PINELABS,Technology,Software - Infrastructure,154.44000244140625,False,126.11000000000001,True,False,,,False,2274.0,True,EXIT
LMW,LMW Limited,Industrials,Specialty Industrial Machinery,16629.0,False,145.34,False,True,2.02,2.3,True,4719.0,False,HOLD
INOXINDIA,INOX India Limited,Industrials,Specialty Industrial Machinery,1954.699951171875,False,255.13,False,True,68.06,68.19,True,1296.0,True,HOLD
BASF,BASF India Limited,Basic Materials,Specialty Chemicals,4091.0,False,642.99,True,True,-14.64,-15.04,False,15260.0,True,HOLD
VTL,Vardhman Textiles Limited,Consumer Cyclical,Textile Manufacturing,606.75,False,868.05,False,True,42.51,48.43,True,10137.0,False,HOLD
J&KBANK,Jammu and Kashmir Bank Limited,Financial Services,Banks - Regional,159.24000549316406,False,2293.38,False,True,50.74,50.72,True,,False,HOLD
SARDAEN,Sarda Energy & Minerals Limited,Basic Materials,Steel,497.6000061035156,False,1129.79,True,False,-14.68,-15.08,False,4643.0,True,EXIT
ASTRAMICRO,Astra Microwave Products Limited,Technology,Communication Equipment,1840.0,True,192.96000000000004,True,True,86.07,85.05,True,1044.0,True,ADD
CENTURYPLY,Century Plyboards (India) Limited,Basic Materials,Lumber & Wood Production,781.9500122070312,False,291.15,False,True,1.88,1.43,True,4528.0,True,HOLD
AGARWALEYE,AGARWALEYE,Healthcare,Medical Instruments & Supplies,546.25,True,118.68,True,True,11.68,21.61,True,1711.0,True,ADD
JINDALSAW,Jindal Saw Limited,Basic Materials,Steel,271.3999938964844,False,925.6300000000001,False,True,25.36,24.85,True,20958.0,False,HOLD
THELEELA,Leela Palaces Hotels & Resorts Limited,Consumer Cyclical,Lodging,518.0,True,377.21999999999997,True,True,10.21,16.2,True,1301.0,True,ADD
TBOTEK,TBOTEK,Consumer Cyclical,Travel Services,1610.9000244140625,False,260.12,False,True,7.61,13.61,True,1737.0,True,HOLD
KANSAINER,Kansai Nerolac Paints Limited,Basic Materials,Specialty Chemicals,212.35000610351562,False,686.12,False,False,-13.09,-13.49,False,7823.0,True,EXIT
POLYMED,Poly Medicure Limited,Healthcare,Medical Instruments & Supplies,1693.800048828125,False,320.89000000000004,False,True,-27.2,-17.01,False,1669.0,True,EXIT
TATACHEM,Tata Chemicals Limited,Basic Materials,Chemicals,673.5499877929688,False,2494.0,False,False,-33.91,-34.25,False,17204.0,False,EXIT
KPITTECH,KPIT Technologies Limited,Technology,Software - Infrastructure,629.9000244140625,False,582.62,False,False,-52.22,-52.41,False,5842.0,True,EXIT
COHANCE,COHANCE,Healthcare,Drug Manufacturers - Specialty & Generic,445.75,False,154.47,False,False,-67.16,-56.7,False,1340.0,False,EXIT
ARE&M,Amara Raja Energy & Mobility Limited,Industrials,Electrical Equipment & Parts,931.7000122070312,False,780.8499999999999,False,True,-5.38,-5.08,False,12846.0,True,EXIT
ZYDUSWELL,Zydus Wellness Limited,Consumer Defensive,Packaged Foods,533.8499755859375,False,501.70000000000005,True,True,39.16,33.7,True,2709.0,True,HOLD
MINDACORP,Minda Corporation Limited,Consumer Cyclical,Auto Parts,721.6500244140625,True,327.65,True,True,45.93,51.83,True,5056.0,True,ADD
PSB,Punjab & Sind Bank,Financial Services,Banks - Regional,23.790000915527344,False,1358.92,False,False,-21.23,-20.92,False,,False,EXIT
MEDPLUS,MedPlus Health Services Limited,Healthcare,Pharmaceutical Retailers,700.25,False,197.32999999999998,False,False,-31.26,-21.04,False,6136.0,True,EXIT
ABDL,ABDL,Consumer Defensive,Beverages - Wineries & Distilleries,599.25,False,213.23000000000002,True,True,19.69,14.35,True,3520.0,True,HOLD
DEVYANI,Devyani International Limited,Consumer Cyclical,Restaurants,134.72999572753906,False,38.769999999999996,False,True,-26.35,-20.27,False,3349.0,True,EXIT
NAVA,Nava Limited,Industrials,Conglomerates,581.8499755859375,False,786.66,False,False,-8.98,-8.68,False,3984.0,True,EXIT
NATCOPHARM,NATCO Pharma Limited,Healthcare,Drug Manufacturers - Specialty & Generic,916.6500244140625,False,1418.5,False,False,-17.61,-7.49,False,4430.0,True,EXIT
THANGAMAYL,Thangamayil Jewellery Limited,Consumer Cyclical,Luxury Goods,5275.0,False,378.23999999999995,False,True,158.79,164.43,True,,False,HOLD
ALIVUS,Alivus Life Sciences Limited,Healthcare,Drug Manufacturers - Specialty & Generic,1329.800048828125,True,594.54,False,True,27.7,37.53,True,1885.0,True,HOLD
APLLTD,Alembic Pharmaceuticals Limited,Healthcare,Drug Manufacturers - Specialty & Generic,830.0999755859375,False,663.12,False,True,-27.33,-17.14,False,6672.0,True,EXIT
ECLERX,eClerx Services Limited,Technology,Information Technology Services,1769.0999755859375,False,545.6800000000001,True,False,-18.1,-18.49,False,3366.0,True,EXIT
AEQUS,AEQUS,Industrials,Aerospace & Defense,248.30999755859375,True,170.22,True,False,,,False,965.0,False,EXIT
SYNGENE,Syngene International Limited,Healthcare,Diagnostics & Research,403.70001220703125,False,258.6,False,False,-54.89,-44.52,False,3373.0,True,EXIT
GRWRHITECH,Garware Hi-Tech Films Limited,Basic Materials,Specialty Chemicals,6973.0,False,338.22999999999996,True,True,109.17,108.42,True,2109.0,True,HOLD
KFINTECH,KFin Technologies Limited,Technology,Software - Application,936.0,False,325.61,False,False,-18.2,-18.59,False,1056.0,True,EXIT
CROMPTON,Crompton Greaves Consumer Electricals Limited,Consumer Cyclical,"Furnishings, Fixtures & Appliances",249.9499969482422,False,924.01,True,False,-32.31,-26.22,False,7028.0,True,EXIT
AZAD,AZAD,Industrials,Specialty Industrial Machinery,2489.0,True,125.47999999999999,False,True,54.54,54.71,True,457.0,True,HOLD
FIVESTAR,Five-Star Business Finance Limited,Financial Services,Credit Services,543.25,False,1084.02,False,True,-11.8,-11.54,False,,False,EXIT
NIVABUPA,Niva Bupa Health Insurance Company Limited,Financial Services,Insurance - Life,86.19000244140625,False,642.01,False,True,2.56,2.76,True,,False,HOLD
FINEORG,Fine Organic Industries Limited,Basic Materials,Specialty Chemicals,5162.10009765625,False,417.07000000000005,False,True,-0.85,-1.29,False,3023.0,False,EXIT
RAINBOW,Rainbow Children's Medicare Limited,Healthcare,Medical Care Facilities,1556.699951171875,False,285.39,False,True,-9.6,0.48,False,1516.0,True,EXIT
MAHSCOOTER,Maharashtra Scooters Ltd.,Financial Services,Asset Management,13818.0,False,11.45,False,True,-10.11,-9.86,False,,False,EXIT
DCMSHRIRAM,DCM Shriram Limited,Industrials,Conglomerates,1016.7999877929688,False,1388.1600000000003,True,False,-29.2,-28.85,False,12077.0,True,EXIT
USHAMART,Usha Martin Limited,Basic Materials,Steel,515.0499877929688,True,498.26,True,True,42.87,42.31,True,3746.0,False,ADD
FINCABLES,Finolex Cables Limited,Industrials,Electrical Equipment & Parts,1024.6500244140625,False,713.72,True,True,14.71,14.97,True,5319.0,True,HOLD
GPIL,Godawari Power & Ispat Limited,Basic Materials,Steel,240.61000061035156,False,800.74,False,False,21.95,21.45,True,5745.0,False,EXIT
BIKAJI,Bikaji Foods International Limited,Consumer Defensive,Packaged Foods,623.5,False,258.51,False,False,-13.94,-19.05,False,2622.0,True,EXIT
CIEINDIA,CIE Automotive India Limited,Consumer Cyclical,Auto Parts,410.5,False,892.8199999999999,False,False,-7.79,-1.76,False,9406.0,True,EXIT
HONASA,Honasa Consumer Limited,Consumer Defensive,Household & Personal Products,477.6000061035156,False,199.94,False,True,82.76,77.01,True,2067.0,True,HOLD
CLEANMAX,CLEANMAX,Utilities,Utilities - Renewable,1323.800048828125,False,143.39999999999998,False,False,,,False,2776.0,False,EXIT
PARADEEP,Paradeep Phosphates Limited,Basic Materials,Agricultural Inputs,149.4499969482422,False,1046.95,False,True,-37.55,-37.88,False,13820.0,True,EXIT
WELSPUNLIV,Welspun Living Limited,Consumer Cyclical,Textile Manufacturing,164.08999633789062,False,204.44,False,True,27.72,33.67,True,10545.0,True,HOLD
ZENTEC,Zen Technologies Limited,Industrials,Aerospace & Defense,1721.0999755859375,False,168.51000000000002,False,True,15.22,15.48,True,974.0,True,HOLD
RATNAMANI,Ratnamani Metals & Tubes Limited,Basic Materials,Steel,2197.60009765625,False,482.54,False,False,-9.74,-10.15,False,5186.0,True,EXIT
IGIL,International Gemological Institute Limited,Basic Materials,Other Precious Metals & Mining,355.79998779296875,False,615.86,True,True,-4.42,-4.85,False,1229.0,True,HOLD
JBMA,JBM Auto Limited,Consumer Cyclical,Auto Parts,648.6500244140625,False,208.35000000000002,True,True,-4.59,1.43,False,5472.0,True,HOLD
ABREL,Aditya Birla Real Estate Limited,Real Estate,Real Estate Services,1382.800048828125,False,240.17,False,False,-14.81,-30.69,False,7645.0,False,EXIT
KIRLOSBROS,Kirloskar Brothers Limited,Industrials,Specialty Industrial Machinery,1901.699951171875,False,369.09999999999997,False,True,-8.03,-7.72,False,4492.0,True,EXIT
CCL,CCL Products (India) Limited,Consumer Defensive,Packaged Foods,1130.0,False,404.11999999999995,True,True,31.92,26.51,True,3106.0,True,HOLD
CEATLTD,CEAT Limited,Consumer Cyclical,Auto Parts,3723.10009765625,False,515.62,False,True,5.5,11.5,True,13172.0,True,HOLD
APOLLO,Apollo Micro Systems Limited,Industrials,Aerospace & Defense,403.8500061035156,False,95.81,True,True,120.88,120.89,True,562.0,True,HOLD
BEML,BEML Limited,Industrials,Conglomerates,1787.800048828125,False,553.86,True,False,-12.91,-12.59,False,4337.0,False,EXIT
SHILPAMED,Shilpa Medicare Limited,Healthcare,Drug Manufacturers - Specialty & Generic,759.75,True,243.32999999999998,True,True,70.78,80.32,True,1281.0,True,ADD
LTFOODS,LT Foods Limited,Consumer Defensive,Packaged Foods,427.54998779296875,False,644.97,True,True,-6.62,-11.78,False,8681.0,True,HOLD
JUBLPHARMA,Jubilant Pharmova Limited,Healthcare,Drug Manufacturers - Specialty & Generic,932.0,False,431.80000000000007,False,False,-30.22,-20.01,False,9111.0,False,EXIT
ARVIND,Arvind Limited,Consumer Cyclical,Textile Manufacturing,560.5499877929688,True,413.94000000000005,True,True,75.6,81.43,True,7723.0,False,ADD
GALLANTT,Gallantt Ispat Limited,Basic Materials,Steel,605.5,False,513.3399999999999,False,False,-25.7,-26.07,False,4293.0,True,EXIT
SHAILY,Shaily Engineering Plastics Limited,Basic Materials,Specialty Chemicals,3162.300048828125,False,169.92,True,True,95.71,95.0,True,787.0,True,HOLD
CANHLIFE,CANHLIFE,Financial Services,Insurance - Life,152.19000244140625,True,113.94,False,True,,,False,,False,EXIT
EIDPARRY,E.I.D.- Parry (India) Limited,Basic Materials,Agricultural Inputs,805.0999755859375,False,1236.14,True,False,-33.72,-34.06,False,3168.0,True,EXIT
LLOYDSENGG,Lloyds Engineering Works Limited,Industrials,Specialty Industrial Machinery,96.87999725341797,True,189.88,True,True,35.84,36.04,True,846.0,True,ADD
SOBHA,Sobha Limited,Real Estate,Real Estate - Development,1339.0,False,171.74,False,False,-2.61,-18.65,False,4039.0,True,EXIT
CONCORDBIO,Concord Biotech Limited,Healthcare,Biotechnology,1365.0,False,273.19,False,True,-31.02,-20.8,False,1200.0,True,EXIT
JNPR,JNPR,Utilities,Utilities - Renewable,250.22000122070312,True,0.0,False,False,,,False,,False,EXIT
PRIVISCL,Privi Speciality Chemicals Limited,Basic Materials,Specialty Chemicals,3644.10009765625,True,255.89999999999998,True,True,43.36,42.8,True,2101.0,True,ADD
SWANDEF,SWANDEF,Industrials,Aerospace & Defense,2694.89990234375,False,226.29000000000002,False,True,694.94,693.65,True,2534.0,False,HOLD
SCI,The Shipping Corporation of India Limited,Industrials,Marine Shipping,304.75,False,1352.9,True,True,42.42,42.61,True,5794.0,False,HOLD
SHADOWFAX,SHADOWFAX,Industrials,Integrated Freight & Logistics,241.24000549316406,True,142.27,True,False,,,False,2485.0,True,EXIT
FRACTAL,FRACTAL,Technology,Software - Infrastructure,817.7000122070312,False,263.8,False,False,,,False,2765.0,True,EXIT
VENTIVE,VENTIVE,Consumer Cyclical,Lodging,599.9000244140625,False,479.46,False,False,-30.26,-24.17,False,1605.0,True,EXIT
AMAGI,AMAGI,Technology,Software - Application,646.9500122070312,True,44.86,False,False,,,False,1163.0,True,EXIT
VGUARD,V-Guard Industries Limited,Industrials,Electrical Equipment & Parts,319.6499938964844,False,373.28999999999996,True,False,-15.82,-15.5,False,5578.0,True,EXIT
PRUDENT,Prudent Corporate Advisory Services Limited,Financial Services,Asset Management,3371.800048828125,True,243.28,False,True,19.27,19.39,True,1133.0,True,HOLD
VIJAYA,Vijaya Diagnostic Centre Limited,Healthcare,Diagnostics & Research,1351.0999755859375,True,164.31,False,True,13.28,23.21,True,681.0,True,HOLD
TMB,Tamilnad Mercantile Bank Limited,Financial Services,Banks - Regional,875.9500122070312,True,1431.5499999999997,False,True,98.89,98.66,True,,False,HOLD
GRAPHITE,Graphite India Limited,Industrials,Electrical Equipment & Parts,709.9500122070312,False,421.0,False,True,29.01,29.23,True,6737.0,False,HOLD
VEDPOWER,Vedanta Power Limited,Utilities,Utilities - Independent Power Producers,35.459999084472656,False,511.0,False,False,,,False,,False,EXIT
ANURAS,Anupam Rasayan India Ltd,Basic Materials,Specialty Chemicals,1214.5999755859375,False,155.84,False,False,3.71,3.26,True,1602.0,False,EXIT
VISL,VISL,Basic Materials,Steel,35.209999084472656,False,264.0,False,False,,,False,,False,EXIT
VINATIORGA,Vinati Organics Limited,Basic Materials,Specialty Chemicals,1324.9000244140625,False,437.74,True,False,-26.52,-26.88,False,2248.0,True,EXIT
DOMS,DOMS Industries Limited,Industrials,Business Equipment & Supplies,2260.60009765625,False,217.4,False,False,-7.99,-7.69,False,1913.0,True,EXIT
JSWDULUX,JSW Dulux Limited,Unknown,Unknown,3011.699951171875,False,399.4,False,False,3.53,-21.4,False,,False,EXIT
UJJIVANSFB,Ujjivan Small Finance Bank Limited,Financial Services,Banks - Regional,70.11000061035156,True,887.45,False,True,57.7,57.66,True,,False,HOLD
KSB,KSB Limited,Industrials,Specialty Industrial Machinery,784.25,False,245.5,False,False,-10.43,-10.12,False,2696.0,True,EXIT
INGERRAND,Ingersoll-Rand (India) Limited,Industrials,Specialty Industrial Machinery,4322.39990234375,False,256.03,False,True,14.06,14.32,True,,False,HOLD
VOGL,Vedanta Oil and Gas Limited,Basic Materials,Other Industrial Metals & Mining,34.90999984741211,False,1048.0,False,False,,,False,,False,EXIT
SKFINDUS,SKFINDUS,Industrials,Tools & Accessories,2737.89990234375,False,290.37,False,False,,,False,,False,EXIT
NAZARA,Nazara Technologies Limited,Communication Services,Electronic Gaming & Multimedia,352.3500061035156,True,166.07,False,True,16.04,-2.89,False,1624.0,True,EXIT
ENGINERSIN,Engineers India Limited,Industrials,Engineering & Construction,240.60000610351562,False,691.59,True,True,13.64,13.9,True,3330.0,False,HOLD
CARTRADE,CarTrade Tech Limited,Consumer Cyclical,Auto & Truck Dealerships,2793.0,False,214.57999999999998,False,True,22.27,28.24,True,641.0,True,HOLD
INOXWIND,Inox Wind Limited,Industrials,Specialty Industrial Machinery,78.0,False,406.25,False,False,-51.33,-50.93,False,4445.0,False,EXIT
BALRAMCHIN,Balrampur Chini Mills Limited,Consumer Defensive,Confectioners,633.4500122070312,False,378.46,False,True,15.97,10.66,True,5594.0,False,HOLD
JSWHL,JSW Holdings Limited,Financial Services,Asset Management,12025.0,False,79.47,False,False,-38.81,-38.43,False,407.0,False,EXIT
INDGN,INDGN,Healthcare,Health Information Services,554.4500122070312,False,415.20000000000005,False,True,-18.33,-8.19,False,2839.0,True,EXIT
RKFORGE,Ramkrishna Forgings Limited,Industrials,Metal Fabrication,726.5499877929688,False,125.88,False,True,21.0,21.24,True,4034.0,True,HOLD
BBOX,Black Box Limited,Technology,Software - Application,744.4500122070312,False,217.52,True,True,43.1,42.33,True,6288.0,False,HOLD
SPLPETRO,Supreme Petrochem Limited,Basic Materials,Specialty Chemicals,701.4500122070312,False,518.26,True,True,-12.35,-12.76,False,1613.0,True,HOLD
AVALON,Avalon Technologies Limited,Technology,Electronic Components,1965.300048828125,True,112.94,False,True,102.14,101.01,True,1098.0,True,HOLD
APTUS,Aptus Value Housing Finance India Limited,Financial Services,Mortgage Finance,260.6499938964844,False,977.3299999999999,False,False,-28.09,-27.76,False,,False,EXIT
ACE,Action Construction Equipment Limited,Industrials,Farm & Heavy Construction Machinery,1094.300048828125,False,444.53,True,True,-5.75,-5.45,False,3327.0,True,HOLD
HEG,HEG Limited,Industrials,Electrical Equipment & Parts,674.0,False,586.4100000000001,False,True,24.96,25.19,True,6591.0,False,HOLD
NSLNISP,NMDC Steel Limited,Basic Materials,Steel,43.84000015258789,False,776.2199999999999,False,True,18.19,17.7,True,,False,HOLD
TRIDENT,Trident Limited,Consumer Cyclical,Textile Manufacturing,25.18000030517578,False,395.24,False,False,-20.75,-14.69,False,6998.0,False,EXIT
KEC,KEC International Limited,Industrials,Engineering & Construction,478.8500061035156,False,605.6,True,False,-46.32,-45.93,False,21847.0,True,EXIT
LLOYDSENT,Lloyds Enterprises Limited,Basic Materials,Steel,83.5,False,299.15999999999997,True,True,3.46,3.01,True,1488.0,True,HOLD
PCBL,PCBL Chemical Limited,Basic Materials,Specialty Chemicals,321.8999938964844,False,291.3,False,True,-20.36,-20.74,False,8404.0,True,EXIT
PARKHOSPS,PARKHOSPS,Healthcare,Medical Care Facilities,292.25,True,212.07000000000002,True,False,,,False,109.93,False,EXIT
GRAVITA,Gravita India Limited,Industrials,Metal Fabrication,1732.0999755859375,False,389.2,True,True,-10.63,-10.32,False,3869.0,True,HOLD
MANYAVAR,Vedant Fashions Limited,Consumer Cyclical,Apparel Manufacturing,516.9000244140625,False,400.07,False,True,-39.99,-33.88,False,1368.0,True,EXIT
ASKAUTOLTD,ASKAUTOLTD,Consumer Cyclical,Auto Parts,634.9500122070312,False,302.65000000000003,False,True,24.98,30.94,True,3601.0,True,HOLD
HOMEFIRST,Home First Finance Company India Limited,Financial Services,Mortgage Finance,1193.800048828125,False,568.38,False,True,-6.81,-6.57,False,,False,EXIT
BLUESTONE,BLUESTONE,Consumer Cyclical,Luxury Goods,814.5,True,144.12,True,True,,,False,1770.0,False,HOLD
SEDEMAC,SEDEMAC,Consumer Cyclical,Auto Parts,2810.39990234375,True,91.07000000000001,False,False,,,False,,False,EXIT
MARKSANS,Marksans Pharma Limited,Healthcare,Drug Manufacturers - General,273.8500061035156,False,417.9,True,True,13.35,23.27,True,2623.0,True,HOLD
TECHNOE,Techno Electric & Engineering Company Limited,Industrials,Engineering & Construction,1066.25,False,473.86,True,False,-28.45,-28.1,False,2269.0,True,EXIT
VARROC,Varroc Engineering Limited,Consumer Cyclical,Auto Parts,811.2000122070312,False,245.63,False,True,36.0,41.93,True,12036.0,False,HOLD
ATLANTAELE,ATLANTAELE,Industrials,Electrical Equipment & Parts,1607.4000244140625,False,217.47,False,True,,,False,1244.0,True,EXIT
SIGMAADV,Sigma Advanced Systems Limited,Industrials,Aerospace & Defense,700.9500122070312,True,266.27,True,True,477.87,477.07,True,103.0,False,ADD
AVANTIFEED,Avanti Feeds Limited,Consumer Defensive,Packaged Foods,906.5499877929688,False,604.55,True,False,40.4,34.93,True,5612.0,True,HOLD
NUVOCO,Nuvoco Vistas Corporation Limited,Basic Materials,Building Materials,345.79998779296875,False,482.78,True,True,-23.68,-24.05,False,10733.0,False,HOLD
SOUTHBANK,The South Indian Bank Limited,Financial Services,Banks - Regional,47.16999816894531,True,1481.71,True,True,57.16,57.11,True,,False,ADD
IRCON,Ircon International Limited,Industrials,Engineering & Construction,131.25,False,595.47,False,False,-26.57,-26.23,False,12514.0,False,EXIT
JPPOWER,Jaiprakash Power Ventures Limited,Utilities,Utilities - Independent Power Producers,17.940000534057617,False,764.1099999999999,False,True,0.47,-9.77,False,6763.0,False,EXIT
WABAG,VA Tech Wabag Limited,Industrials,Engineering & Construction,1957.699951171875,False,370.6,True,True,24.84,25.07,True,3457.0,False,HOLD
TEGA,Tega Industries Limited,Industrials,Specialty Industrial Machinery,1625.699951171875,False,142.66,False,False,-16.17,-15.84,False,1639.0,True,EXIT
JMFINANCIL,JM Financial Limited,Financial Services,Capital Markets,127.45999908447266,False,1223.89,True,False,-22.57,-22.26,False,4786.0,False,EXIT
TI,Tilaknagar Industries Ltd.,Consumer Defensive,Beverages - Wineries & Distilleries,490.75,False,204.59,False,True,2.51,-2.71,False,1434.0,True,EXIT
VIYASH,Viyash Scientific Limited,Healthcare,Drug Manufacturers - Specialty & Generic,277.0,False,119.6,False,True,44.1,53.82,True,1551.0,True,HOLD
BLUEDART,Blue Dart Express Limited,Industrials,Integrated Freight & Logistics,5089.5,False,254.5,False,False,-17.18,-16.86,False,5720.0,True,EXIT
UTLSOLAR,UTLSOLAR,Technology,Solar,389.95001220703125,True,292.41,False,False,,,False,1541.0,True,EXIT
E2E,E2E Networks Limited,Technology,Software - Infrastructure,575.4500122070312,True,69.48,False,True,173.07,171.51,True,,False,HOLD
LUMAXTECH,Lumax Auto Technologies Limited,Consumer Cyclical,Auto Parts,1722.4000244140625,False,278.86,True,True,55.39,61.27,True,3637.0,True,HOLD
KTKBANK,The Karnataka Bank Limited,Financial Services,Banks - Regional,310.0,True,1437.3700000000001,True,True,74.16,74.03,True,,False,ADD
METROPOLIS,Metropolis Healthcare Limited,Healthcare,Diagnostics & Research,563.2000122070312,False,148.95999999999998,False,True,-1.56,8.46,False,1331.0,True,EXIT
JUBLINGREA,Jubilant Ingrevia Limited,Basic Materials,Specialty Chemicals,740.25,False,314.26,False,True,0.46,0.03,True,4949.0,False,HOLD
UTIAMC,UTI Asset Management Company Limited,Financial Services,Asset Management,896.6500244140625,False,718.39,False,False,-37.99,-37.62,False,1851.0,True,EXIT
TITAGARH,Titagarh Rail Systems Limited,Industrials,Railroads,847.4500122070312,False,169.75,False,True,-5.55,-5.25,False,3868.0,True,EXIT
ABLBL,ABLBL,Consumer Cyclical,Apparel Retail,93.86000061035156,False,176.61,False,False,-41.3,-35.18,False,7830.0,True,EXIT
JKTYRE,JK Tyre & Industries Limited,Consumer Cyclical,Auto Parts,394.8999938964844,False,649.87,False,False,11.26,17.25,True,10313.0,False,EXIT
PGIL,Pearl Global Industries Limited,Consumer Cyclical,Apparel Manufacturing,2464.10009765625,True,277.65999999999997,True,True,79.03,84.86,True,4699.0,False,ADD
OLECTRA,Olectra Greentech Limited,Industrials,Farm & Heavy Construction Machinery,1385.0,False,177.5,True,True,-9.14,-8.83,False,1802.0,True,HOLD
PVRINOX,PVR INOX Limited,Communication Services,Entertainment,1156.0,False,392.9,True,True,22.82,3.81,True,6107.0,False,HOLD
ZENSARTECH,Zensar Technologies Limited,Technology,Information Technology Services,499.0,False,776.2,True,False,-41.07,-41.32,False,5281.0,True,EXIT
IEX,Indian Energy Exchange Limited,Financial Services,Capital Markets,127.0999984741211,False,504.34,True,False,-9.5,-9.25,False,535.0,True,EXIT
SIGNATURE,Signatureglobal (India) Limited,Real Estate,Real Estate - Development,802.2999877929688,False,1279.03,True,False,-16.2,-32.07,False,2498.0,True,EXIT
RITES,RITES Limited,Industrials,Engineering & Construction,234.24000549316406,False,417.38,False,True,-11.44,-11.13,False,2662.0,False,EXIT
MGL,Mahanagar Gas Limited,Utilities,Utilities - Regulated Gas,1139.5999755859375,False,842.77,False,True,-6.17,-16.23,False,7264.0,True,EXIT
RATEGAIN,RateGain Travel Technologies Limited,Technology,Software - Application,949.1500244140625,True,194.38,False,True,112.79,111.6,True,1077.0,True,HOLD
EDELWEISS,Edelweiss Financial Services Limited,Financial Services,Financial Conglomerates,118.54000091552734,False,546.63,False,True,17.68,17.81,True,11078.0,False,HOLD
SKYGOLD,Sky Gold and Diamonds Limited,Consumer Cyclical,Luxury Goods,719.4000244140625,True,275.4,True,True,142.7,148.38,True,3548.0,True,ADD
JWL,Jupiter Wagons Limited,Industrials,Railroads,260.0,False,171.07999999999998,False,False,-28.08,-27.73,False,3871.0,True,EXIT
SHREEJISPG,SHREEJISPG,Industrials,Marine Shipping,672.7999877929688,True,164.72,True,True,,,False,731.0,False,HOLD
AAVAS,Aavas Financiers Limited,Financial Services,Mortgage Finance,1371.5,False,686.9200000000001,True,False,-23.29,-22.97,False,,False,EXIT
SUDEEPPHRM,SUDEEPPHRM,Healthcare,Drug Manufacturers - Specialty & Generic,957.5499877929688,True,151.13,False,False,,,False,502.0,True,EXIT
CANFINHOME,Can Fin Homes Limited,Financial Services,Mortgage Finance,811.2999877929688,False,1102.1399999999999,False,False,4.67,4.86,True,,False,EXIT
AKUMS,AKUMS,Healthcare,Drug Manufacturers - Specialty & Generic,697.4500122070312,False,255.19,False,True,27.79,37.62,True,4178.0,False,HOLD
JAINREC,JAINREC,Basic Materials,Other Industrial Metals & Mining,308.3999938964844,False,303.45,False,False,,,False,7126.0,True,EXIT
RELAXO,Relaxo Footwears Limited,Consumer Cyclical,Footwear & Accessories,423.45001220703125,False,179.27,False,True,-16.51,-10.46,False,,False,EXIT
BLACKBUCK,BlackBuck Limited,Technology,Software - Application,577.6500244140625,False,168.82,True,False,7.78,7.23,True,867.0,False,HOLD
IIFLCAPS,IIFL Capital Services Limited,Financial Services,Capital Markets,334.1499938964844,False,570.11,False,True,6.13,6.31,True,2520.0,True,HOLD
JLHL,Jupiter Life Line Hospitals Limited,Healthcare,Medical Care Facilities,320.20001220703125,False,188.14,False,True,0.53,10.54,True,1262.0,True,HOLD
BBTC,The Bombay Burmah Trading Corporation Limited,Consumer Defensive,Packaged Foods,1504.0999755859375,False,1242.67,True,False,-19.15,-24.22,False,18298.0,True,EXIT
WEWORK,WEWORK,Real Estate,Real Estate Services,755.4000244140625,True,86.56,False,True,,,False,1949.0,True,EXIT
BLS,BLS International Services Limited,Industrials,Specialty Business Services,254.3300018310547,False,686.7,True,False,-40.95,-40.57,False,2193.0,True,EXIT
GODREJAGRO,Godrej Agrovet Limited,Consumer Defensive,Packaged Foods,542.8499755859375,False,514.6899999999999,False,False,-32.64,-37.63,False,9561.0,False,EXIT
SBFC,SBFC Finance Limited,Financial Services,Credit Services,94.25,False,471.82,True,False,-12.93,-12.66,False,,False,EXIT
SANOFICONR,SANOFICONR,Healthcare,Drug Manufacturers - General,4514.2001953125,False,266.0,False,False,-27.54,-17.35,False,,False,EXIT
FIRSTCRY,FIRSTCRY,Consumer Cyclical,Internet Retail,214.1999969482422,False,140.22,True,False,-52.22,-46.08,False,7660.0,True,EXIT
MANORAMA,Manorama Industries Limited,Consumer Defensive,Packaged Foods,1636.199951171875,True,201.73,True,True,15.08,9.77,True,771.0,True,ADD
WHIRLPOOL,Whirlpool of India Limited,Consumer Cyclical,"Furnishings, Fixtures & Appliances",813.1500244140625,False,371.62,False,False,-47.81,-41.68,False,7919.0,True,EXIT
BLUEJET,Blue Jet Healthcare Limited,Healthcare,Biotechnology,593.9000244140625,False,273.94000000000005,False,True,-38.51,-28.25,False,538.0,False,EXIT
PARAS,Paras Defence and Space Technologies Limited,Industrials,Aerospace & Defense,1277.0999755859375,False,88.10000000000001,False,True,92.02,92.1,True,365.0,True,HOLD
PGHL,Procter & Gamble Health Limited,Healthcare,Drug Manufacturers - Specialty & Generic,6144.5,False,326.91,False,True,-17.28,-7.15,False,,False,EXIT
FINPIPE,Finolex Industries Limited,Industrials,Building Products & Equipment,164.42999267578125,False,599.05,False,False,-17.85,-17.53,False,4647.0,False,EXIT
TIMETECHNO,Time Technoplast Limited,Consumer Cyclical,Packaging & Containers,204.8800048828125,False,468.72,True,True,-19.44,-13.38,False,5457.0,True,HOLD
HCG,HealthCare Global Enterprises Limited,Healthcare,Medical Care Facilities,675.8499755859375,False,32.62,False,True,-4.21,5.83,False,2218.0,True,EXIT
AFCONS,AFCONS,Industrials,Engineering & Construction,274.25,False,428.29999999999995,False,False,-37.65,-37.28,False,13268.0,False,EXIT
VOLTAMP,Voltamp Transformers Limited,Industrials,Electrical Equipment & Parts,9965.0,False,317.04999999999995,False,True,19.32,19.57,True,,False,HOLD
INTELLECT,Intellect Design Arena Limited,Technology,Software - Application,721.3499755859375,False,345.24,False,False,-27.98,-28.31,False,2506.0,False,EXIT
SANDUMA,The Sandur Manganese & Iron Ores Limited,Basic Materials,Steel,205.3699951171875,False,657.11,False,False,23.18,22.68,True,3135.0,True,EXIT
SAREGAMA,Saregama India Limited,Communication Services,Entertainment,519.2000122070312,False,223.44,True,True,22.02,3.02,True,1171.0,True,HOLD
BANCOINDIA,Banco Products (India) Limited,Consumer Cyclical,Auto Parts,686.9500122070312,False,481.67999999999995,True,True,5.93,11.94,True,1105.0,True,HOLD
ELECON,Elecon Engineering Company Limited,Industrials,Specialty Industrial Machinery,437.8500061035156,False,323.78,False,False,-25.73,-25.38,False,2227.0,True,EXIT
ELANTAS,ELANTAS Beck India Limited,Basic Materials,Specialty Chemicals,12312.0,True,141.31,False,False,,,False,,False,EXIT
TSFINV,TSF Investments Limited,Financial Services,Asset Management,441.95001220703125,False,521.78,False,False,-8.61,-8.37,False,291.0,False,EXIT
ALKYLAMINE,Alkyl Amines Chemicals Limited,Basic Materials,Specialty Chemicals,1893.9000244140625,False,231.7,True,True,-14.26,-14.66,False,993.0,True,HOLD
SWANCORP,Swan Corp Limited,Industrials,Conglomerates,308.04998779296875,False,301.5,False,False,-32.32,-31.96,False,5017.0,False,EXIT
THYROCARE,Thyrocare Technologies Limited,Healthcare,Diagnostics & Research,603.25,True,128.32,False,True,19.96,29.84,True,687.0,True,HOLD
MMTC,MMTC Limited,Industrials,Conglomerates,63.97999954223633,False,387.38,False,True,-5.47,-5.17,False,30000.0,False,EXIT
PCJEWELLER,PC Jeweller Limited,Consumer Cyclical,Luxury Goods,9.770000457763672,False,714.46,False,False,-40.61,-34.5,False,9610.0,False,EXIT
WAAREERTL,Waaree Renewable Technologies Limited,Industrials,Engineering & Construction,908.6500244140625,False,478.3,True,False,-16.33,-16.0,False,1598.0,True,EXIT
KIRLPNU,Kirloskar Pneumatic Company Limited,Industrials,Specialty Industrial Machinery,1439.9000244140625,False,245.9,True,True,4.05,4.33,True,1640.0,True,HOLD
RAILTEL,RailTel Corporation of India Limited,Communication Services,Telecom Services,288.54998779296875,False,336.03,True,False,-5.22,-23.85,False,1964.0,True,EXIT
BATAINDIA,Bata India Limited,Consumer Cyclical,Footwear & Accessories,720.5,False,166.23,False,False,-49.68,-43.54,False,3489.0,True,EXIT
STAR,Strides Pharma Science Limited,Healthcare,Drug Manufacturers - Specialty & Generic,1003.7999877929688,False,585.57,False,True,11.32,21.26,True,4565.0,True,HOLD
WESTLIFE,Westlife Foodworld Limited,Consumer Cyclical,Restaurants,594.8499755859375,False,5.22,False,True,-23.59,-17.51,False,2491.0,True,EXIT
NCC,NCC Limited,Industrials,Engineering & Construction,145.58999633789062,False,774.4300000000001,False,False,-39.4,-39.02,False,22199.0,True,EXIT
TEJASNET,Tejas Networks Limited,Technology,Communication Equipment,513.4500122070312,False,804.0000000000001,True,True,-14.04,-14.45,False,8923.0,True,HOLD
VESUVIUS,Vesuvius India Limited,Industrials,Specialty Industrial Machinery,449.1000061035156,False,260.62,False,False,-21.17,-20.83,False,,False,EXIT
LOTUSDEV,LOTUSDEV,Industrials,Engineering & Construction,185.8300018310547,False,256.94,True,True,-10.85,-10.54,False,548.0,True,HOLD
SUDARSCHEM,Sudarshan Chemical Industries Limited,Basic Materials,Specialty Chemicals,1139.5999755859375,False,252.89999999999998,False,True,-25.99,-26.35,False,3346.0,True,EXIT
ZEEL,Zee Entertainment Enterprises Limited,Communication Services,Broadcasting,94.19000244140625,False,589.8000000000001,False,False,-3.69,-22.35,False,8637.0,False,EXIT
SGMART,SG Mart Limited,Industrials,Industrial Distribution,716.3499755859375,True,130.1,True,True,,,False,5856.0,True,HOLD
SUVEN,Suven Life Sciences Limited,Healthcare,Drug Manufacturers - Specialty & Generic,318.3999938964844,False,276.35,True,True,6.15,16.12,True,625.0,False,HOLD
JAYNECOIND,Jayaswal Neco Industries Limited,Basic Materials,Steel,92.37000274658203,False,551.9,False,True,71.4,70.76,True,6297.0,False,HOLD
TARIL,TARIL,Industrials,Electrical Equipment & Parts,297.79998779296875,False,258.56,True,False,-46.05,-45.66,False,2017.0,True,EXIT
CYIENT,Cyient Limited,Industrials,Conglomerates,857.5,False,404.5,False,False,-32.61,-32.24,False,7360.0,True,EXIT
BSOFT,Birlasoft Limited,Technology,Information Technology Services,318.5,False,563.25,False,False,-20.72,-21.1,False,5375.0,True,EXIT
SONATSOFTW,Sonata Software Limited,Technology,Information Technology Services,318.04998779296875,False,464.39,True,True,-13.09,-13.51,False,991.0,True,HOLD
LEMONTREE,Lemon Tree Hotels Limited,Consumer Cyclical,Lodging,111.01000213623047,False,227.08999999999997,True,False,-33.54,-27.44,False,1286.0,True,EXIT
PNGJL,PNGJL,Consumer Cyclical,Luxury Goods,642.8499755859375,False,445.82,True,True,6.13,12.13,True,7586.0,True,HOLD
EUREKAFORB,Eureka Forbes Limited,Consumer Cyclical,"Furnishings, Fixtures & Appliances",450.54998779296875,False,162.63,False,False,-30.69,-24.6,False,2437.0,True,EXIT
QPOWER,QPOWER,Industrials,Electrical Equipment & Parts,1124.0999755859375,False,121.33,False,True,39.89,40.08,True,337.0,True,HOLD
ESABINDIA,ESAB India Limited,Industrials,Tools & Accessories,5631.5,False,206.69,True,False,4.65,4.93,True,339.0,True,HOLD
KRBL,KRBL Limited,Consumer Defensive,Packaged Foods,378.6499938964844,False,648.0400000000001,False,True,2.56,-2.66,False,5594.0,True,EXIT
EQUITASBNK,Equitas Small Finance Bank Limited,Financial Services,Banks - Regional,75.22000122070312,False,710.08,False,True,27.58,27.66,True,,False,HOLD
RHIM,RHI Magnesita India Limited,Industrials,Metal Fabrication,412.79998779296875,False,653.2900000000001,True,False,-22.34,-22.0,False,2892.0,True,EXIT
GENUSPOWER,Genus Power Infrastructures Limited,Industrials,Electrical Equipment & Parts,306.6499938964844,False,572.63,True,True,-25.29,-24.95,False,2442.0,True,HOLD
CLEAN,Clean Science and Technology Limited,Basic Materials,Specialty Chemicals,795.1500244140625,False,247.56,False,False,-37.7,-38.03,False,936.0,False,EXIT
ICIL,Indo Count Industries Limited,Consumer Cyclical,Textile Manufacturing,426.6000061035156,True,125.44999999999999,False,True,66.45,72.31,True,3772.0,True,HOLD
TTKPRESTIG,TTK Prestige Limited,Consumer Cyclical,"Furnishings, Fixtures & Appliances",615.9500122070312,False,155.68,False,True,-13.39,-7.34,False,2626.0,False,EXIT
GRINFRA,G R Infraprojects Limited,Industrials,Engineering & Construction,870.7000122070312,False,902.8399999999999,False,False,-33.69,-33.33,False,9482.0,False,EXIT
YATHARTH,Yatharth Hospital & Trauma Care Services Limited,Healthcare,Medical Care Facilities,870.5,True,176.15,True,True,11.61,21.55,True,860.0,True,ADD
POWERMECH,Power Mech Projects Limited,Industrials,Engineering & Construction,2616.699951171875,False,363.89,True,True,-22.12,-21.78,False,5234.0,True,HOLD
MAHLIFE,Mahindra Lifespace Developers Limited,Real Estate,Real Estate - Development,386.54998779296875,False,335.76,True,True,23.32,6.96,True,1086.0,False,HOLD
TIPSMUSIC,Tips Music Limited,Communication Services,Entertainment,645.3499755859375,False,207.26000000000002,False,True,25.03,5.98,True,,False,HOLD
CELLO,Cello World Limited,Consumer Cyclical,"Furnishings, Fixtures & Appliances",373.1499938964844,False,312.44,False,False,-46.06,-39.93,False,2136.0,True,EXIT
KWIL,KWIL,Consumer Defensive,Packaged Foods,34.86000061035156,False,285.5,False,False,,,False,,False,EXIT
STARCEMENT,Star Cement Limited,Basic Materials,Building Materials,201.9600067138672,False,444.64,False,False,-27.11,-27.47,False,3163.0,True,EXIT
MIDHANI,Mishra Dhatu Nigam Limited,Basic Materials,Steel,435.1499938964844,False,131.47,False,True,7.08,6.62,True,1074.0,True,HOLD
TANLA,Tanla Platforms Limited,Technology,Software - Application,613.5499877929688,False,526.27,False,True,-8.46,-8.91,False,4028.0,True,EXIT
SMLMAH,SMLMAH,Consumer Cyclical,Auto Manufacturers,5554.0,False,201.07,False,True,40.94,46.86,True,,False,HOLD
V2RETAIL,V2 Retail Limited,Consumer Cyclical,Apparel Retail,219.44000244140625,False,161.47,True,True,19.09,25.06,True,1884.0,True,HOLD
AVL,Aditya Vision Limited,Consumer Cyclical,Specialty Retail,618.4500122070312,False,138.98000000000002,False,True,38.47,44.39,True,2260.0,True,HOLD
WELENT,Welspun Enterprises Limited,Industrials,Engineering & Construction,588.9000244140625,False,305.64,False,True,24.33,24.56,True,3584.0,True,HOLD
IMFA,Indian Metals and Ferro Alloys Limited,Basic Materials,Other Industrial Metals & Mining,1472.199951171875,False,374.12,False,True,100.09,99.36,True,2780.0,False,HOLD
RELIGARE,Religare Enterprises Limited,Financial Services,Insurance - Life,232.35000610351562,False,176.62,False,False,-13.55,-13.28,False,7385.0,True,EXIT
GARFIBRES,Garware Technical Fibres Limited,Consumer Cyclical,Textile Manufacturing,811.8499755859375,False,198.56,False,True,-16.49,-10.43,False,1540.0,True,EXIT
KRN,KRN,Technology,Electronic Components,1208.4000244140625,False,73.31,True,True,32.96,32.26,True,430.0,True,HOLD
MAHSEAMLES,Maharashtra Seamless Limited,Basic Materials,Steel,589.7000122070312,False,818.05,False,True,-15.44,-15.84,False,5716.0,False,EXIT
GNFC,Gujarat Narmada Valley Fertilizers & Chemicals Limited,Basic Materials,Chemicals,535.5,False,808.0,False,True,2.37,1.92,True,10227.0,False,HOLD
SJS,S.J.S. Enterprises Limited,Consumer Cyclical,Auto Parts,2446.10009765625,True,161.07,False,True,98.18,103.96,True,398.0,True,HOLD
CERA,Cera Sanitaryware Limited,Industrials,Building Products & Equipment,6062.0,False,204.22,False,True,-7.7,-7.39,False,1926.0,True,EXIT
NEWGEN,Newgen Software Technologies Limited,Technology,Software - Infrastructure,551.0,False,281.65999999999997,False,False,-43.25,-43.49,False,1487.0,True,EXIT
BORORENEW,Borosil Renewables Limited,Technology,Solar,548.6500244140625,False,382.49,True,True,-12.53,-12.95,False,1476.0,True,HOLD
IXIGO,IXIGO,Consumer Cyclical,Travel Services,176.25,False,92.02,False,False,-37.3,-31.19,False,914.0,True,EXIT
ORKLAINDIA,ORKLAINDIA,Consumer Defensive,Packaged Foods,566.8499755859375,False,231.16,False,False,,,False,2395.0,True,EXIT
GAEL,Gujarat Ambuja Exports Limited,Consumer Defensive,Packaged Foods,169.22000122070312,False,416.03000000000003,False,True,62.65,57.03,True,4927.0,False,HOLD
DYNAMATECH,Dynamatic Technologies Limited,Consumer Cyclical,Auto Parts,11401.0,False,32.41,False,True,64.97,70.83,True,1626.0,False,HOLD
REDTAPE,REDTAPE Limited,Consumer Cyclical,Footwear & Accessories,139.97000122070312,False,240.54999999999998,True,True,2.45,8.46,True,2021.0,True,HOLD
SANOFI,Sanofi India Limited,Healthcare,Drug Manufacturers - General,3349.39990234375,False,353.3,False,False,-50.16,-39.82,False,2013.0,True,EXIT
ABFRL,Aditya Birla Fashion and Retail Limited,Consumer Cyclical,Apparel Manufacturing,63.33000183105469,False,551.23,True,False,-27.37,-21.29,False,12418.0,False,EXIT
TTML,Tata Teleservices (Maharashtra) Limited,Communication Services,Telecom Services,39.369998931884766,False,1128.49,True,False,-17.1,-35.57,False,2972.0,False,EXIT
INDIAGLYCO,India Glycols Limited,Basic Materials,Chemicals,1143.5999755859375,True,292.76,False,True,25.38,24.87,True,3768.0,True,HOLD
GMRP&UI,GMR Power And Urban Infra Limited,Energy,Thermal Coal,97.48999786376953,False,1176.4399999999998,False,False,-28.03,-19.33,False,6344.0,True,EXIT
SKFINDIA,SKF India Limited,Industrials,Tools & Accessories,1534.300048828125,False,305.46,False,False,-71.34,-70.89,False,4920.0,True,EXIT
JYOTHYLAB,Jyothy Labs Limited,Consumer Defensive,Household & Personal Products,206.47000122070312,False,333.19,False,False,-36.47,-41.43,False,2847.0,True,EXIT
PRECWIRE,Precision Wires India Limited,Industrials,Electrical Equipment & Parts,413.79998779296875,False,155.27,True,True,133.56,133.55,True,881.0,False,HOLD
INDIASHLTR,India Shelter Finance Corporation Limited,Financial Services,Mortgage Finance,691.9000244140625,False,383.58,False,False,-25.14,-24.82,False,,False,EXIT
KINGFA,Kingfa Science & Technology (India) Limited,Basic Materials,Specialty Chemicals,5549.5,True,185.24999999999997,True,True,54.74,54.14,True,1745.0,True,ADD
RAIN,Rain Industries Limited,Basic Materials,Specialty Chemicals,222.8800048828125,False,333.34999999999997,False,True,32.5,31.97,True,21011.0,False,HOLD
ETHOSLTD,Ethos Limited,Consumer Cyclical,Luxury Goods,2782.10009765625,False,103.88,True,True,-11.77,-5.72,False,1252.0,True,HOLD
JSLL,JSLL,Healthcare,Medical Care Facilities,598.0999755859375,False,221.81,False,False,-11.63,-1.54,False,469.0,True,EXIT
SUPRIYA,Supriya Lifescience Limited,Healthcare,Biotechnology,923.4500122070312,False,209.13,False,True,25.22,35.06,True,696.0,True,HOLD
SFL,Sheela Foam Limited,Consumer Cyclical,"Furnishings, Fixtures & Appliances",677.4000244140625,False,163.92000000000002,False,True,-9.92,-3.88,False,3439.0,True,EXIT
NESCO,Nesco Limited,Industrials,Conglomerates,1047.0999755859375,False,416.55999999999995,True,False,-28.75,-28.4,False,732.0,True,EXIT
UNIMECH,UNIMECH,Industrials,Aerospace & Defense,1446.699951171875,True,63.28,False,True,25.54,25.77,True,243.0,True,HOLD
SHARDACROP,Sharda Cropchem Limited,Basic Materials,Agricultural Inputs,814.0499877929688,False,694.5799999999999,True,False,-22.25,-22.62,False,4320.0,True,EXIT
KIRLFER,Kirloskar Ferrous Industries Limited,Industrials,Metal Fabrication,445.1000061035156,False,271.53999999999996,False,False,,,False,,False,EXIT
GPPL,Gujarat Pipavav Port Limited,Industrials,Marine Shipping,151.6300048828125,False,466.78999999999996,True,False,-5.49,-5.19,False,988.0,True,EXIT
KPIGREEN,KPI Green Energy Limited,Utilities,Utilities - Renewable,370.70001220703125,False,491.67999999999995,True,False,-22.56,-32.19,False,1735.0,True,EXIT
GALAXYSURF,Galaxy Surfactants Limited,Basic Materials,Specialty Chemicals,2066.699951171875,False,267.38,False,True,-19.63,-20.02,False,4462.0,False,EXIT
PICCADIL,Piccadily Agro Industries Limited,Consumer Defensive,Beverages - Wineries & Distilleries,743.1500244140625,False,138.07,True,True,16.91,11.6,True,797.0,True,HOLD
DBL,Dilip Buildcon Limited,Industrials,Engineering & Construction,448.95001220703125,False,1302.36,True,False,-9.67,-9.36,False,10537.0,False,EXIT
SAFARI,Safari Industries (India) Limited,Consumer Cyclical,Footwear & Accessories,1486.5999755859375,False,165.05,False,False,-38.27,-32.16,False,1772.0,True,EXIT
KENNAMET,Kennametal India Limited,Industrials,Tools & Accessories,3309.89990234375,True,138.5,False,False,,,False,,False,EXIT
HMT,HMT Limited,Industrials,Farm & Heavy Construction Machinery,60.310001373291016,False,131.54,False,True,4.16,4.44,True,275.0,False,HOLD
SAPPHIRE,Sapphire Foods India Limited,Consumer Cyclical,Restaurants,224.22000122070312,False,33.23,False,True,-39.96,-33.84,False,2451.0,True,EXIT
INOXGREEN,Inox Green Energy Services Limited,Utilities,Utilities - Renewable,179.42999267578125,False,102.41,True,False,20.89,10.12,True,368.0,False,HOLD
EPL,EPL Limited,Consumer Cyclical,Packaging & Containers,224.72000122070312,False,388.90000000000003,True,True,-10.04,-4.0,False,4213.0,True,HOLD
SUPRAJIT,Suprajit Engineering Limited,Consumer Cyclical,Auto Parts,521.7999877929688,False,182.67000000000002,True,True,8.45,14.44,True,3277.0,True,HOLD
OMNI,OMNI,Industrials,Specialty Industrial Machinery,578.3499755859375,False,49.769999999999996,False,False,,,False,343.0,True,EXIT
ASHAPURMIN,Ashapura Minechem Limited,Basic Materials,Other Industrial Metals & Mining,738.3499755859375,False,401.41,False,True,38.09,37.55,True,2739.0,True,HOLD
BIRLACORPN,Birla Corporation Limited,Basic Materials,Building Materials,914.3499755859375,False,553.75,False,False,-31.07,-31.42,False,9656.0,False,EXIT
TCI,Transport Corporation of India Limited,Industrials,Integrated Freight & Logistics,916.3499755859375,False,450.5,True,False,-24.78,-24.44,False,4492.0,True,EXIT
BAJAJCON,Bajaj Consumer Care Limited,Consumer Defensive,Household & Personal Products,537.4500122070312,False,223.01,True,True,140.59,134.44,True,984.0,False,HOLD
JKPAPER,JK Paper Limited,Basic Materials,Paper & Paper Products,387.04998779296875,False,328.62,False,True,5.55,5.1,True,6718.0,True,HOLD
SUNFLAG,Sunflag Iron and Steel Company Limited,Basic Materials,Steel,389.3999938964844,False,202.35000000000002,False,True,30.11,29.58,True,3536.0,True,HOLD
JKLAKSHMI,JK Lakshmi Cement Limited,Basic Materials,Building Materials,565.0,False,331.15,False,False,-42.61,-42.93,False,6788.0,False,EXIT
RCF,Rashtriya Chemicals and Fertilizers Limited,Basic Materials,Agricultural Inputs,126.91999816894531,False,427.45,False,False,-16.5,-16.89,False,21452.0,False,EXIT
GREENLAM,Greenlam Industries Limited,Consumer Cyclical,"Furnishings, Fixtures & Appliances",273.70001220703125,False,87.32000000000001,False,True,11.95,17.94,True,2569.0,True,HOLD
HNDFDS,Hindustan Foods Limited,Industrials,Conglomerates,576.2000122070312,False,144.62999999999997,True,True,1.89,2.17,True,3564.0,True,HOLD
NEPHROPLUS,NEPHROPLUS,Healthcare,Medical Care Facilities,694.1500244140625,False,107.59,False,False,,,False,756.0,True,EXIT
MBAPL,Madhya Bharat Agro Products Limited,Basic Materials,Agricultural Inputs,158.08999633789062,True,119.72999999999999,False,True,83.97,83.29,True,,False,HOLD
SPARC,Sun Pharma Advanced Research Company Limited,Healthcare,Drug Manufacturers - Specialty & Generic,213.2100067138672,False,1969.4799999999998,True,True,31.79,41.59,True,239.0,False,HOLD
BECTORFOOD,Mrs. Bectors Food Specialities Limited,Consumer Defensive,Packaged Foods,224.39999389648438,False,140.88,True,True,-24.66,-29.7,False,1742.0,True,HOLD
CAMPUS,Campus Activewear Limited,Consumer Cyclical,Footwear & Accessories,224.3699951171875,False,150.08999999999997,False,False,-25.01,-18.93,False,1194.0,True,EXIT
AXISCADES,AXISCADES Technologies Limited,Industrials,Engineering & Construction,1598.5,False,71.92,False,True,12.52,12.78,True,1031.0,True,HOLD
FIEMIND,Fiem Industries Limited,Consumer Cyclical,Auto Parts,2580.300048828125,True,255.59,True,True,29.07,35.01,True,2423.0,True,ADD
RBA,Restaurant Brands Asia Limited,Consumer Cyclical,Restaurants,94.91999816894531,False,156.84,True,True,5.64,11.64,True,2551.0,True,HOLD
GOKULAGRO,Gokul Agro Resources Limited,Consumer Defensive,Packaged Foods,228.8000030517578,False,421.34,True,True,56.08,50.5,True,19551.0,True,HOLD
POWERICA,POWERICA,Industrials,Specialty Industrial Machinery,533.2000122070312,False,0.0,False,False,,,False,2653.0,True,EXIT
STYL,STYL,Technology,Software - Infrastructure,407.75,False,263.76,False,True,,,False,1558.0,False,EXIT
IBULLSLTD,IBULLSLTD,Real Estate,Real Estate - Development,29.43000030517578,False,419.07,False,True,97.2,79.91,True,310.0,False,HOLD
BALAMINES,Balaji Amines Limited,Basic Materials,Specialty Chemicals,2029.5999755859375,False,204.14000000000001,False,True,28.03,27.51,True,2346.0,False,HOLD
MAXESTATES,MAXESTATES,Real Estate,Real Estate - Development,397.1000061035156,False,29.549999999999997,False,False,-0.02,-16.09,False,160.0,True,EXIT
AJAXENGG,AJAXENGG,Industrials,Farm & Heavy Construction Machinery,565.4000244140625,False,225.14999999999998,False,True,-21.51,-21.17,False,,False,EXIT
GSFC,Gujarat State Fertilizers & Chemicals Limited,Basic Materials,Agricultural Inputs,161.22000122070312,False,672.78,False,False,-23.07,-23.45,False,11369.0,False,EXIT
KOVAI,Kovai Medical Center and Hospital Limited,Healthcare,Medical Care Facilities,5843.5,False,240.79999999999998,False,False,,,False,,False,EXIT
EMIL,Electronics Mart India Limited,Consumer Cyclical,Specialty Retail,165.8300018310547,False,107.13000000000001,False,True,28.36,34.31,True,6965.0,True,HOLD
SENCO,Senco Gold Limited,Consumer Cyclical,Luxury Goods,388.79998779296875,False,574.31,True,True,3.49,9.5,True,6328.0,True,HOLD
SHAKTIPUMP,Shakti Pumps (India) Limited,Industrials,Specialty Industrial Machinery,516.2999877929688,False,212.32999999999998,False,False,-45.63,-45.24,False,2516.0,True,EXIT
DBREALTY,Valor Estate Limited,Real Estate,Real Estate - Development,117.31999969482422,False,143.98,False,False,-24.04,-39.81,False,1133.0,True,EXIT
VMART,V-Mart Retail Limited,Consumer Cyclical,Department Stores,799.3499755859375,False,155.35,False,True,-6.75,-0.71,False,,False,EXIT
TRANSRAILL,TRANSRAILL,Industrials,Engineering & Construction,473.3999938964844,False,403.04,False,False,-44.53,-44.14,False,5308.0,True,EXIT
GANESHHOU,Ganesh Housing Limited,Real Estate,Real Estate - Development,760.75,False,250.12,False,True,-2.05,-18.1,False,959.0,True,EXIT
DODLA,Dodla Dairy Limited,Consumer Defensive,Food Distribution,1041.5999755859375,False,241.98000000000002,False,False,-20.39,-25.46,False,3720.0,True,EXIT
ACI,Archean Chemical Industries Limited,Basic Materials,Chemicals,506.6499938964844,False,96.83000000000001,False,False,-23.35,-23.72,False,1441.0,False,EXIT
PAISALO,Paisalo Digital Limited,Financial Services,Credit Services,68.68000030517578,False,237.2,True,True,119.62,119.3,True,,False,HOLD
KMEW,Knowledge Marine & Engineering Works Limited,Industrials,Marine Shipping,2528.39990234375,False,82.08,True,True,198.57,198.41,True,195.0,False,HOLD
AARTIPHARM,Aarti Pharmalabs Limited,Healthcare,Drug Manufacturers - Specialty & Generic,685.8499755859375,False,186.5,False,False,-32.82,-22.59,False,2115.0,True,EXIT
DCBBANK,DCB Bank Limited,Financial Services,Banks - Regional,192.6199951171875,False,760.85,True,True,45.91,45.92,True,,False,HOLD
SENORES,SENORES,Healthcare,Drug Manufacturers - General,1342.5999755859375,False,126.37,True,True,87.2,96.64,True,398.0,True,HOLD
LATENTVIEW,Latent View Analytics Limited,Industrials,Consulting Services,297.20001220703125,False,151.01,False,False,-30.25,-29.9,False,848.0,True,EXIT
SIS,SIS Limited,Industrials,Security & Protection Services,434.95001220703125,False,414.55,True,True,12.33,12.59,True,4931.0,True,HOLD
ARVINDFASN,Arvind Fashions Limited,Consumer Cyclical,Apparel Retail,458.79998779296875,False,94.68,True,False,-22.82,-16.74,False,4644.0,False,EXIT
HAPPSTMNDS,Happiest Minds Technologies Limited,Technology,Information Technology Services,407.70001220703125,False,226.2,False,False,-35.57,-35.85,False,2061.0,True,EXIT
TIIL,Technocraft Industries (India) Limited,Industrials,Tools & Accessories,2693.5,False,285.30999999999995,True,True,-17.16,-16.83,False,2596.0,True,HOLD
KSHINTL,KSHINTL,Industrials,Electrical Equipment & Parts,899.9000244140625,True,99.0,False,False,,,False,1928.0,True,EXIT
CORDELIA,CORDELIA,Industrials,Marine Shipping,841.1500244140625,False,28.93,False,False,,,False,,False,EXIT
FDC,FDC Limited,Healthcare,Drug Manufacturers - Specialty & Generic,369.79998779296875,False,281.42,False,False,-37.21,-26.95,False,2108.0,True,EXIT
ITDC,India Tourism Development Corporation Limited,Consumer Cyclical,Lodging,701.75,False,82.69999999999999,True,True,15.72,21.69,True,570.0,True,HOLD
PTC,PTC India Limited,Utilities,Utilities - Independent Power Producers,203.3000030517578,False,605.63,False,True,18.68,7.97,True,18346.0,False,HOLD
STYLAMIND,Stylam Industries Limited,Consumer Cyclical,"Furnishings, Fixtures & Appliances",3536.5,True,169.77,True,True,93.78,99.57,True,1025.0,True,ADD
EBGNG,EBGNG,Technology,Computer Hardware,525.6500244140625,False,142.43,False,True,65.19,64.29,True,1411.0,True,HOLD
ISGEC,Isgec Heavy Engineering Limited,Industrials,Specialty Industrial Machinery,814.7000122070312,False,239.20999999999998,False,False,-28.2,-27.84,False,6422.0,True,EXIT
JAIBALAJI,Jai Balaji Industries Limited,Basic Materials,Steel,65.61000061035156,False,129.95,False,False,-45.34,-45.65,False,6414.0,False,EXIT
CCAVENUE,AvenuesAI Limited,Technology,Software - Infrastructure,17.170000076293945,False,279.03,True,True,8.36,7.81,True,3993.0,True,HOLD
PRAJIND,Praj Industries Limited,Industrials,Engineering & Construction,325.04998779296875,False,69.15,False,False,-33.06,-32.7,False,3528.0,False,EXIT
VIKRAMSOLR,VIKRAMSOLR,Technology,Solar,164.33999633789062,False,318.2,False,False,,,False,3423.0,True,EXIT
ALOKINDS,Alok Industries Limited,Consumer Cyclical,Textile Manufacturing,11.970000267028809,False,719.98,False,False,-44.37,-38.24,False,24153.0,False,EXIT
KALPATARU,KALPATARU,Real Estate,Real Estate - Development,287.1000061035156,False,282.26,True,False,-9.8,-25.75,False,3633.0,False,EXIT
TVSSCS,TVS Supply Chain Solutions Limited,Industrials,Integrated Freight & Logistics,133.7899932861328,False,114.28,True,True,2.46,2.74,True,9996.0,True,HOLD
GOKEX,Gokaldas Exports Limited,Consumer Cyclical,Apparel Manufacturing,805.5,False,100.12,False,True,0.98,6.99,True,3864.0,True,HOLD
RPTECH,Rashi Peripherals Limited,Technology,Electronics & Computer Distribution,894.6500244140625,True,277.58,True,True,209.95,208.16,True,13258.0,True,ADD
GULFOILLUB,Gulf Oil Lubricants India Limited,Basic Materials,Specialty Chemicals,1189.5,False,374.91,True,True,-1.69,-2.12,False,3554.0,True,HOLD
SKIPPER,Skipper Limited,Industrials,Engineering & Construction,517.8499755859375,False,213.14,True,True,-4.11,-3.82,False,4624.0,True,HOLD
JUSTDIAL,Just Dial Limited,Communication Services,Internet Content & Information,683.2999877929688,False,543.8000000000001,True,True,-4.04,-22.69,False,1043.0,True,HOLD
JSFB,Jana Small Finance Bank Limited,Financial Services,Banks - Regional,549.4000244140625,False,406.65999999999997,False,True,11.66,11.81,True,,False,HOLD
CEIGALL,CEIGALL,Industrials,Engineering & Construction,333.3500061035156,False,311.88,False,True,25.96,26.19,True,3437.0,True,HOLD
JAMNAAUTO,Jamna Auto Industries Limited,Consumer Cyclical,Auto Parts,144.6999969482422,True,230.98000000000002,False,True,51.68,57.57,True,2361.0,False,HOLD
RPEL,Raghav Productivity Enhancers Limited,Basic Materials,Chemicals,1256.5,True,60.53,True,True,100.95,100.22,True,200.0,True,ADD
PNCINFRA,PNC Infratech Limited,Industrials,Engineering & Construction,224.3800048828125,False,831.6600000000001,False,False,-31.86,-31.5,False,8650.0,False,EXIT
IFBIND,IFB Industries Limited,Consumer Cyclical,"Furnishings, Fixtures & Appliances",1404.4000244140625,False,111.64,False,True,-5.26,0.77,False,5092.0,True,EXIT
MASTEK,Mastek Limited,Technology,Information Technology Services,1832.0,False,412.43,True,False,-31.59,-31.9,False,3455.0,True,EXIT
CENTUM,Centum Electronics Limited,Technology,Electronic Components,3851.800048828125,True,72.10000000000001,True,True,56.46,55.61,True,750.0,True,ADD
SETL,Standard Engineering Technology Limited,Industrials,Specialty Industrial Machinery,281.0,False,80.05000000000001,False,True,64.34,64.49,True,614.0,True,HOLD
MOIL,MOIL Limited,Basic Materials,Other Industrial Metals & Mining,278.1499938964844,False,303.59000000000003,False,False,-17.76,-18.14,False,1438.0,False,EXIT
AEROFLEX,Aeroflex Industries Limited,Industrials,Metal Fabrication,426.1000061035156,False,60.09,False,True,135.24,135.22,True,373.0,True,HOLD
TIMEX,Timex Group India Limited,Consumer Cyclical,Luxury Goods,556.2999877929688,True,85.79,False,False,,,False,,False,EXIT
PRSMJOHNSN,Prism Johnson Limited,Basic Materials,Building Materials,111.55999755859375,False,88.85000000000001,False,False,-29.04,-29.39,False,7427.0,False,EXIT
GOLDIAM,Goldiam International Limited,Consumer Cyclical,Luxury Goods,372.8999938964844,False,170.60000000000002,True,True,27.04,33.0,True,781.0,True,HOLD
FEDFINA,Fedbank Financial Services Limited,Financial Services,Credit Services,149.58999633789062,False,302.82,True,True,12.76,12.91,True,,False,HOLD
NIRLON,Nirlon Limited,Real Estate,Real Estate Services,620.0,True,345.98,False,False,,,False,,False,EXIT
NEOGEN,Neogen Chemicals Limited,Basic Materials,Specialty Chemicals,2031.9000244140625,False,35.559999999999995,False,True,39.58,39.03,True,778.0,True,HOLD
SMARTWORKS,SMARTWORKS,Real Estate,Real Estate Services,486.79998779296875,False,22.39,True,True,22.95,6.59,True,1374.0,True,HOLD
MAPMYINDIA,C. E. Info Systems Limited,Technology,Software - Infrastructure,1014.2999877929688,False,137.82,False,False,-46.37,-46.59,False,463.0,True,EXIT
KRISHANA,Krishana Phoschem Limited,Basic Materials,Agricultural Inputs,178.6699981689453,True,146.98000000000002,False,True,70.48,69.84,True,,False,HOLD
AHLUCONT,Ahluwalia Contracts (India) Limited,Industrials,Engineering & Construction,822.2999877929688,False,265.85999999999996,False,False,-19.6,-19.26,False,4099.0,True,EXIT
SURYAROSNI,Surya Roshni Limited,Basic Materials,Steel,252.35000610351562,False,285.81,False,True,-24.4,-24.77,False,7997.0,False,EXIT
MASFIN,MAS Financial Services Limited,Financial Services,Credit Services,302.1499938964844,False,389.33,True,False,-4.98,-4.75,False,,False,EXIT
CYIENTDLM,Cyient DLM Limited,Industrials,Aerospace & Defense,685.5499877929688,False,57.410000000000004,False,True,53.6,53.77,True,1520.0,True,HOLD
TFCILTD,Tourism Finance Corporation of India Limited,Financial Services,Credit Services,117.4800033569336,True,154.12,True,True,103.66,103.41,True,,False,ADD
LUMAXIND,Lumax Industries Limited,Consumer Cyclical,Auto Parts,5791.5,False,172.48000000000002,True,True,60.69,66.56,True,3400.0,True,HOLD
ENTERO,Entero Healthcare Solutions Limited,Healthcare,Medical Distribution,1242.699951171875,False,115.04,True,True,-15.83,-5.71,False,409.0,True,HOLD
SUBROS,Subros Limited,Consumer Cyclical,Auto Parts,828.7000122070312,False,165.64999999999998,True,True,-15.32,-9.27,False,3368.0,True,HOLD
INNOVACAP,Innova Captab Limited,Healthcare,Drug Manufacturers - Specialty & Generic,944.5,False,140.92,False,True,-10.73,-0.64,False,1244.0,True,EXIT
SHARDAMOTR,Sharda Motor Industries Limited,Consumer Cyclical,Auto Parts,941.2999877929688,False,339.93,True,True,-19.94,-13.87,False,2837.0,True,HOLD
BALUFORGE,Balu Forge Industries Limited,Industrials,Metal Fabrication,469.04998779296875,False,258.9,True,False,-28.64,-28.29,False,924.0,True,EXIT
SAATVIKGL,Saatvik Green Energy Limited,Technology,Solar,423.6499938964844,False,337.28,False,False,,,False,2158.0,True,EXIT
HCC,Hindustan Construction Company Limited,Industrials,Engineering & Construction,20.520000457763672,False,117.73999999999998,False,False,-25.88,-25.53,False,10668.0,False,EXIT
CSBBANK,CSB Bank Limited,Financial Services,Banks - Regional,316.95001220703125,False,664.62,False,False,-31.86,-31.51,False,,False,EXIT
INDIGOPNTS,Indigo Paints Limited,Basic Materials,Specialty Chemicals,1120.5,False,177.63,True,True,-11.48,-11.89,False,1277.0,True,HOLD
SBCL,Shivalik Bimetal Controls Limited,Industrials,Metal Fabrication,920.9000244140625,True,95.86000000000001,True,True,72.13,72.25,True,509.0,False,ADD
SHILCTECH,Shilchar Technologies Limited,Industrials,Electrical Equipment & Parts,4620.10009765625,False,112.22,False,False,,,False,623.0,True,EXIT
CARERATING,CARE Ratings Limited,Financial Services,Financial Data & Stock Exchanges,1749.199951171875,False,171.17999999999998,True,True,2.76,2.96,True,402.0,True,HOLD
CRAMC,CRAMC,Financial Services,Asset Management,262.1000061035156,False,230.68999999999997,False,False,,,False,,False,EXIT
BANSALWIRE,BANSALWIRE,Basic Materials,Steel,332.20001220703125,False,143.08,False,True,-14.07,-14.47,False,3507.0,True,EXIT
SOTL,Savita Oil Technologies Limited,Basic Materials,Specialty Chemicals,756.4500122070312,True,181.83,False,True,72.96,72.32,True,3813.0,True,HOLD
VADILALIND,Vadilal Industries Limited,Consumer Defensive,Packaged Foods,7207.5,True,155.42000000000002,True,True,44.75,39.25,True,1238.0,True,ADD
TRIVENI,Triveni Engineering & Industries Limited,Consumer Defensive,Confectioners,233.22000122070312,False,257.32,False,False,-28.93,-33.94,False,5689.0,True,EXIT
PDSL,PDS Limited,Industrials,Specialty Business Services,361.8500061035156,False,127.16999999999999,False,True,4.82,5.1,True,12578.0,True,HOLD
GVPIL,GE Power India Limited,Industrials,Engineering & Construction,762.9000244140625,False,252.60999999999999,True,True,137.54,137.51,True,3343.0,False,HOLD
DATAMATICS,Datamatics Global Services Limited,Technology,Information Technology Services,865.1500244140625,False,175.82999999999998,False,True,-24.31,-24.66,False,1723.0,True,EXIT
ORCHPHARMA,Orchid Pharma Limited,Healthcare,Drug Manufacturers - Specialty & Generic,1001.8499755859375,False,57.019999999999996,False,True,17.72,27.61,True,1948.0,False,HOLD
BLISSGVS,Bliss GVS Pharma Limited,Healthcare,Drug Manufacturers - Specialty & Generic,477.54998779296875,False,129.14,True,True,156.51,165.48,True,899.0,False,HOLD
KISSHT,KISSHT,Financial Services,Credit Services,299.95001220703125,False,154.82,False,False,,,False,,False,EXIT
PURVA,Puravankara Limited,Real Estate,Real Estate - Development,212.3699951171875,False,283.39,True,False,-10.48,-26.42,False,2185.0,False,EXIT
OPTIEMUS,Optiemus Infracom Limited,Technology,Electronics & Computer Distribution,562.0999755859375,False,66.01,False,True,-8.01,-8.46,False,4106.0,False,EXIT
GOODLUCK,Goodluck India Limited,Basic Materials,Steel,1508.800048828125,False,180.43,True,True,42.87,42.31,True,3936.0,True,HOLD
YASHO,Yasho Industries Limited,Basic Materials,Specialty Chemicals,4152.7001953125,True,57.669999999999995,False,True,127.51,126.71,True,672.0,False,HOLD
MPSLTD,MPS Limited,Communication Services,Publishing,2931.199951171875,True,188.37,True,True,42.08,22.8,True,727.0,True,ADD
GUJALKALI,Gujarat Alkalies and Chemicals Limited,Basic Materials,Chemicals,674.0,False,106.25,False,True,13.22,12.74,True,4516.0,False,HOLD
IOLCP,IOL Chemicals and Pharmaceuticals Limited,Healthcare,Drug Manufacturers - Specialty & Generic,167.85000610351562,True,137.64,False,True,57.17,66.81,True,2217.0,False,HOLD
VRLLOG,VRL Logistics Limited,Industrials,Trucking,281.3500061035156,False,267.46000000000004,False,True,-4.97,-4.67,False,,False,EXIT
THOMASCOOK,Thomas Cook (India) Limited,Consumer Cyclical,Travel Services,104.12999725341797,False,218.7,False,False,-43.0,-36.88,False,11248.0,False,EXIT
ICRA,ICRA Limited,Financial Services,Financial Data & Stock Exchanges,5092.39990234375,False,189.87,True,False,-22.11,-21.8,False,498.0,True,EXIT
UNIVCABLES,Universal Cables Limited,Industrials,Electrical Equipment & Parts,1411.199951171875,True,163.1,True,True,94.92,94.99,True,2407.0,True,ADD
LXCHEM,Laxmi Organic Industries Limited,Basic Materials,Specialty Chemicals,175.63999938964844,False,136.06,False,True,-9.07,-9.48,False,3084.0,False,EXIT
LGBBROSLTD,L.G. Balakrishnan & Bros Limited,Consumer Cyclical,Auto Parts,1523.5,False,309.17,True,False,11.54,17.53,True,2578.0,True,HOLD
SSWL,Steel Strips Wheels Limited,Consumer Cyclical,Auto Parts,308.5,True,212.43000000000004,False,True,30.74,36.68,True,4429.0,True,HOLD
FCL,Fineotex Chemical Limited,Basic Materials,Specialty Chemicals,41.63999938964844,False,122.34999999999998,False,True,71.19,70.55,True,569.0,False,HOLD
PILANIINVS,Pilani Investment and Industries Corporation Limited,Financial Services,Asset Management,4370.7001953125,False,67.87,False,False,-17.4,-17.12,False,305.0,True,EXIT
RUSTOMJEE,Keystone Realtors Limited,Real Estate,Real Estate - Development,380.0,False,117.49,False,False,-24.27,-40.04,False,2222.0,False,EXIT
SWSOLAR,Sterling and Wilson Renewable Energy Limited,Technology,Solar,204.92999267578125,False,223.53,False,False,-26.86,-27.2,False,8210.0,False,EXIT
EPIGRAL,Epigral Limited,Basic Materials,Chemicals,1101.199951171875,False,271.02,False,False,-44.86,-45.17,False,2550.0,True,EXIT
DEEDEV,DEEDEV,Industrials,Metal Fabrication,629.7000122070312,False,195.54,True,True,122.3,122.31,True,827.0,True,HOLD
KDDL,KDDL Limited,Consumer Cyclical,Luxury Goods,3843.89990234375,True,88.10999999999999,False,True,38.57,44.5,True,1648.0,True,HOLD
RENUKA,Shree Renuka Sugars Limited,Consumer Defensive,Confectioners,22.170000076293945,False,515.1,False,False,-22.88,-27.93,False,11844.0,False,EXIT
RTNPOWER,RattanIndia Power Limited,Utilities,Utilities - Independent Power Producers,8.680000305175781,False,156.06,False,False,-23.08,-32.69,False,3364.0,False,EXIT
QUESS,Quess Corp Limited,Industrials,Staffing & Employment Services,311.04998779296875,False,251.93,False,True,7.66,7.93,True,19100.0,False,HOLD
GREAVESCOT,Greaves Cotton Limited,Industrials,Specialty Industrial Machinery,198.85000610351562,False,106.9,False,True,-9.89,-9.58,False,2918.0,True,EXIT
MHRIL,Mahindra Holidays & Resorts India Limited,Consumer Cyclical,Resorts & Casinos,229.66000366210938,False,60.31999999999999,False,False,-45.07,-38.94,False,1400.0,True,EXIT
SHOPERSTOP,Shoppers Stop Limited,Consumer Cyclical,Department Stores,420.04998779296875,False,62.46,False,True,-28.83,-22.75,False,4436.0,True,EXIT
MANINFRA,Man Infraconstruction Limited,Industrials,Engineering & Construction,113.8499984741211,False,200.57999999999998,False,False,-36.68,-36.31,False,1890.0,False,EXIT
AGI,AGI Greenpac Limited,Consumer Cyclical,Packaging & Containers,709.7999877929688,False,375.03,True,True,-33.99,-27.89,False,2712.0,False,HOLD
RAYMONDREL,Raymond Realty Limited,Real Estate,Real Estate - Development,690.0,False,230.31000000000003,False,True,18.89,2.58,True,565.0,True,HOLD
SGFIN,SG Finserve Limited,Financial Services,Capital Markets,694.4500122070312,True,152.94000000000003,False,True,72.99,72.87,True,,False,HOLD
BOSCH-HCIL,Bosch Home Comfort India Limited,Consumer Cyclical,"Furnishings, Fixtures & Appliances",1682.4000244140625,False,115.11,False,True,-14.81,-8.75,False,,False,EXIT
NETWORK18,Network18 Media & Investments Limited,Communication Services,Entertainment,29.559999465942383,False,223.24,False,False,-33.72,-51.97,False,9297.0,False,EXIT
DHANUKA,Dhanuka Agritech Limited,Basic Materials,Agricultural Inputs,1020.5999755859375,False,229.57,False,False,-39.7,-40.02,False,2035.0,True,EXIT
IDEAFORGE,ideaForge Technology Limited,Technology,Computer Hardware,911.6500244140625,False,143.11,False,True,107.38,106.23,True,317.0,False,HOLD
RESPONIND,Responsive Industries Limited,Basic Materials,Specialty Chemicals,169.44000244140625,False,148.42000000000002,False,False,-21.2,-21.58,False,2515.0,False,EXIT
HIRECT,Hind Rectifiers Limited,Industrials,Electrical Equipment & Parts,1310.199951171875,True,44.68,True,True,37.07,37.27,True,655.0,True,ADD
SYMPHONY,Symphony Limited,Consumer Cyclical,"Furnishings, Fixtures & Appliances",654.0499877929688,False,320.0,True,False,-43.46,-37.34,False,1576.0,True,EXIT
VIPIND,V.I.P. Industries Limited,Consumer Cyclical,Footwear & Accessories,315.0,False,338.01,True,False,-40.62,-34.5,False,2245.0,False,EXIT
NRBBEARING,NRB Bearings Limited,Consumer Cyclical,Auto Parts,461.5,True,142.75,False,True,52.87,58.76,True,1078.0,True,HOLD
MARINE,Marine Electricals (India) Limited,Industrials,Electrical Equipment & Parts,336.8999938964844,True,60.13,True,True,88.86,88.95,True,767.0,True,ADD
NORTHARC,Northern Arc Capital Limited,Financial Services,Credit Services,276.25,False,428.64,False,True,16.76,16.89,True,,False,HOLD
RAYMONDLSL,Raymond Lifestyle Limited,Consumer Cyclical,Apparel Manufacturing,731.7999877929688,False,137.33,True,False,-45.8,-39.67,False,6535.0,False,EXIT
CAPILLARY,CAPILLARY,Technology,Software - Infrastructure,560.5499877929688,False,71.45,True,False,,,False,598.0,True,EXIT
ELECTCAST,Electrosteel Castings Limited,Industrials,Building Products & Equipment,71.9800033569336,False,205.2,False,False,-34.4,-34.03,False,7478.0,False,EXIT
HAWKINCOOK,Hawkins Cookers Limited,Consumer Cyclical,"Furnishings, Fixtures & Appliances",8398.5,False,103.68,False,False,,,False,,False,EXIT
GMMPFAUDLR,GMM Pfaudler Limited,Industrials,Specialty Industrial Machinery,987.2999877929688,False,63.269999999999996,False,True,-28.34,-27.99,False,3446.0,False,EXIT
TEXRAIL,Texmaco Rail & Engineering Limited,Industrials,Railroads,108.77999877929688,False,215.19,False,False,-27.91,-27.56,False,5107.0,True,EXIT
EMUDHRA,eMudhra Limited,Technology,Software - Application,538.8499755859375,False,114.66,True,True,-34.29,-34.58,False,519.0,True,HOLD
RPGLIFE,RPG Life Sciences Limited,Healthcare,Drug Manufacturers - Specialty & Generic,2661.300048828125,False,109.07999999999998,False,True,2.21,12.21,True,653.0,True,HOLD
MOREPENLAB,Morepen Laboratories Limited,Healthcare,Drug Manufacturers - Specialty & Generic,80.25,False,94.87,False,True,46.99,56.69,True,1812.0,True,HOLD
SUNTECK,Sunteck Realty Limited,Real Estate,Real Estate - Development,299.1499938964844,False,197.36,True,False,-9.49,-25.44,False,808.0,True,EXIT
RTNINDIA,RattanIndia Enterprises Limited,Consumer Cyclical,Internet Retail,31.790000915527344,False,1170.8600000000001,True,False,-49.92,-43.78,False,6866.0,True,EXIT
BANARISUG,Bannari Amman Sugars Limited,Consumer Defensive,Confectioners,3491.0,False,147.92000000000002,False,False,-6.3,-11.46,False,,False,EXIT
SWARAJENG,Swaraj Engines Limited,Consumer Cyclical,Auto Parts,3600.39990234375,False,202.16,False,False,-19.48,-13.42,False,,False,EXIT
CMSINFO,CMS Info Systems Limited,Industrials,Specialty Business Services,273.1499938964844,False,327.6,False,False,-43.82,-43.43,False,2425.0,True,EXIT
AVANTEL,Avantel Limited,Technology,Communication Equipment,163.42999267578125,False,16.13,False,True,22.97,22.33,True,249.0,True,HOLD
JUNIPER,Juniper Hotels Limited,Consumer Cyclical,Lodging,194.85000610351562,False,141.61,True,False,-40.32,-34.21,False,944.0,True,EXIT
MIDWESTLTD,MIDWESTLTD,Basic Materials,Building Materials,1197.0,False,115.20000000000002,False,False,,,False,370.0,True,EXIT
RAMRAT,Ram Ratna Wires Limited,Industrials,Electrical Equipment & Parts,461.6000061035156,True,107.06,True,True,31.4,31.62,True,3677.0,True,ADD
BAJAJELEC,Bajaj Electricals Limited,Consumer Cyclical,"Furnishings, Fixtures & Appliances",371.1499938964844,False,161.58999999999997,False,False,-50.27,-44.13,False,6662.0,False,EXIT
WAKEFIT,WAKEFIT,Consumer Cyclical,"Furnishings, Fixtures & Appliances",127.76000213623047,False,182.20999999999998,False,False,,,False,,False,EXIT
SANGHVIMOV,Sanghvi Movers Limited,Industrials,Rental & Leasing Services,488.3999938964844,False,199.28000000000003,True,True,68.54,68.68,True,782.0,True,HOLD
GUFICBIO,Gufic Biosciences Limited,Healthcare,Drug Manufacturers - Specialty & Generic,421.3999938964844,False,64.21000000000001,False,True,2.35,12.34,True,820.0,True,HOLD
WEBELSOLAR,Websol Energy System Limited,Technology,Solar,96.37999725341797,False,256.64,True,True,-26.72,-27.06,False,575.0,True,HOLD
AYE,AYE,Financial Services,Credit Services,170.47000122070312,False,225.01,False,False,,,False,,False,EXIT
FOSECOIND,Foseco India Limited,Basic Materials,Chemicals,5500.5,False,87.01,True,True,8.53,8.07,True,643.0,True,HOLD
MANINDS,Man Industries (India) Limited,Basic Materials,Steel,555.0499877929688,False,170.49,False,True,26.77,26.25,True,3505.0,True,HOLD
MSTCLTD,MSTC Limited,Industrials,Conglomerates,591.25,False,218.43,False,True,18.48,18.73,True,5689.0,False,HOLD
NACLIND,NACL Industries Limited,Basic Materials,Agricultural Inputs,177.36000061035156,False,31.86,False,True,-46.9,-47.21,False,2116.0,False,EXIT
RALLIS,Rallis India Limited,Basic Materials,Agricultural Inputs,213.02999877929688,False,237.0,False,False,-45.96,-46.26,False,2967.0,False,EXIT
BAJAJHIND,Bajaj Hindusthan Sugar Limited,Consumer Defensive,Confectioners,17.56999969482422,False,684.3100000000001,True,False,-22.1,-27.15,False,6806.0,False,EXIT
LASERPOWER,LASERPOWER,Industrials,Electrical Equipment & Parts,295.1000061035156,True,0.0,False,False,,,False,,False,EXIT
ROSSTECH,Rossell Techsys Limited,Industrials,Aerospace & Defense,1092.6500244140625,True,25.740000000000002,False,True,80.65,80.76,True,260.0,True,HOLD
ELLEN,ELLEN,Basic Materials,Chemicals,292.3500061035156,False,103.94,False,False,-48.95,-49.25,False,,False,EXIT
KERNEX,Kernex Microsystems (India) Limited,Technology,Software - Application,2451.800048828125,True,88.33,True,True,133.95,132.63,True,190.0,True,ADD
ROLEXRINGS,Rolex Rings Limited,Industrials,Metal Fabrication,156.67999267578125,False,141.4,False,True,8.36,8.62,True,,False,HOLD
RAYMOND,Raymond Limited,Industrials,Specialty Industrial Machinery,614.9500122070312,False,5462.66,False,True,-7.5,-7.2,False,8215.0,False,EXIT
TRUALT,TRUALT,Energy,Oil & Gas Refining & Marketing,477.04998779296875,False,192.16,True,True,,,False,1908.0,True,HOLD
DEEPINDS,Deep Industries Limited,Energy,Oil & Gas E&P,638.9000244140625,True,235.19,False,True,7.62,15.34,True,477.0,True,HOLD
VAIBHAVGBL,Vaibhav Global Limited,Consumer Cyclical,Luxury Goods,242.9499969482422,False,274.95,False,True,0.85,6.87,True,3380.0,True,HOLD
ORIENTELEC,Orient Electric Limited,Consumer Cyclical,"Furnishings, Fixtures & Appliances",189.17999267578125,False,115.27,False,True,-17.18,-11.12,False,,False,EXIT
SANATHAN,SANATHAN,Consumer Cyclical,Textile Manufacturing,477.79998779296875,False,86.89,False,True,-10.25,-4.21,False,3329.0,False,EXIT
INDOTECH,Indo Tech Transformers Limited,Industrials,Electrical Equipment & Parts,3792.60009765625,True,92.77,False,True,132.83,132.82,True,,False,HOLD
SANDHAR,Sandhar Technologies Limited,Consumer Cyclical,Auto Parts,666.6500244140625,False,198.66,True,True,39.37,45.29,True,3884.0,True,HOLD
MOSCHIP,MOSCHIP,Technology,Semiconductor Equipment & Materials,206.77000427246094,False,25.66,False,False,25.18,24.53,True,387.0,True,EXIT
TATVA,Tatva Chintan Pharma Chem Limited,Basic Materials,Specialty Chemicals,1718.800048828125,False,51.38,False,True,55.91,55.31,True,434.0,False,HOLD
REFEX,Refex Industries Limited,Energy,Thermal Coal,292.8999938964844,False,229.71000000000004,True,True,-43.56,-34.42,False,2468.0,True,HOLD
AURIONPRO,Aurionpro Solutions Limited,Technology,Software - Application,727.25,False,200.82,True,False,-53.65,-53.82,False,1173.0,True,EXIT
GHCL,GHCL Limited,Basic Materials,Chemicals,436.04998779296875,False,557.61,False,False,-25.84,-26.2,False,4545.0,False,EXIT
MAHLOG,Mahindra Logistics Limited,Industrials,Integrated Freight & Logistics,402.70001220703125,False,59.629999999999995,False,True,22.03,22.27,True,6105.0,True,HOLD
NOVARTIND,Novartis India Limited,Healthcare,Drug Manufacturers - Specialty & Generic,1609.5999755859375,False,73.55,False,False,,,False,,False,EXIT
STYRENIX,Styrenix Performance Materials Limited,Basic Materials,Chemicals,2257.199951171875,False,186.46000000000004,False,True,-23.85,-24.22,False,2982.0,True,EXIT
WSTCSTPAPR,West Coast Paper Mills Limited,Basic Materials,Paper & Paper Products,599.0999755859375,False,150.59,False,True,15.65,15.17,True,4921.0,False,HOLD
KIRLOSIND,Kirloskar Industries Limited,Industrials,Metal Fabrication,3759.60009765625,False,158.92,False,True,-14.44,-14.12,False,6629.0,True,EXIT
63MOONS,63 moons technologies limited,Technology,Software - Application,857.75,False,56.26,False,True,-13.27,-13.69,False,568.0,False,EXIT
VISHNU,Vishnu Chemicals Limited,Basic Materials,Specialty Chemicals,586.5999755859375,False,142.26,False,True,19.29,18.8,True,1447.0,True,HOLD
KOLTEPATIL,Kolte-Patil Developers Limited,Real Estate,Real Estate - Development,445.1000061035156,False,97.2,False,True,20.6,4.27,True,1717.0,True,HOLD
KNRCON,KNR Constructions Limited,Industrials,Engineering & Construction,139.99000549316406,False,437.0799999999999,False,False,-37.58,-37.21,False,4753.0,True,EXIT
HEMIPROP,Hemisphere Properties India Limited,Real Estate,Real Estate - Diversified,138.0399932861328,False,8.66,False,True,17.3,1.02,True,,False,HOLD
PACEDIGITK,Pace Digitek Limited,Technology,Communication Equipment,181.9499969482422,False,296.31,False,False,,,False,2321.0,False,EXIT
CMLL,CMLL,Energy,Thermal Coal,599.4500122070312,True,0.0,False,False,,,False,,False,EXIT
JINDWORLD,Jindal Worldwide Limited,Consumer Cyclical,Textile Manufacturing,38.93000030517578,False,84.77,False,True,-1.55,4.47,False,2559.0,False,EXIT
KSCL,Kaveri Seed Company Limited,Basic Materials,Agricultural Inputs,764.4500122070312,False,382.32,True,False,-34.41,-34.75,False,1202.0,True,EXIT
SEAMECLTD,Seamec Limited,Industrials,Marine Shipping,1527.699951171875,False,306.35,True,True,86.3,86.39,True,729.0,False,HOLD
GUJTHEM,Gujarat Themis Biosyn Limited,Healthcare,Drug Manufacturers - Specialty & Generic,355.95001220703125,False,46.67,False,False,-13.95,-3.85,False,170.0,False,EXIT
VSTTILLERS,V.S.T. Tillers Tractors Limited,Industrials,Farm & Heavy Construction Machinery,4487.39990234375,False,104.72,False,False,-4.2,-3.9,False,1006.0,False,EXIT
HARSHA,Harsha Engineers International Limited,Industrials,Tools & Accessories,426.3999938964844,False,155.2,True,True,-2.3,-2.01,False,1408.0,True,HOLD
SAMHI,SAMHI Hotels Limited,Consumer Cyclical,Lodging,174.64999389648438,False,456.43000000000006,True,True,-31.58,-25.49,False,1130.0,True,HOLD
JTEKTINDIA,JTEKT India Limited,Consumer Cyclical,Auto Parts,139.8000030517578,False,76.9,False,False,-0.08,5.94,False,2044.0,True,EXIT
INDIQUBE,INDIQUBE,Real Estate,Real Estate Services,182.60000610351562,False,100.92,False,False,2.94,-13.16,False,,False,EXIT
ZOTA,Zota Health Care Limited,Healthcare,Biotechnology,1274.699951171875,False,70.88,True,False,-9.4,0.68,False,292.0,True,EXIT
TARC,TARC Limited,Real Estate,Real Estate - Development,130.77999877929688,False,92.64,True,False,-10.87,-26.8,False,369.0,False,EXIT
SPECTRUM,SPECTRUM,Industrials,Electrical Equipment & Parts,2440.699951171875,True,50.11,False,True,59.65,59.8,True,397.0,True,HOLD
PSPPROJECT,PSP Projects Limited,Industrials,Engineering & Construction,962.9500122070312,False,57.68,False,True,34.33,34.54,True,2512.0,True,HOLD
LUXIND,Lux Industries Limited,Consumer Cyclical,Apparel Manufacturing,1269.4000244140625,False,103.81,False,True,-14.0,-7.95,False,2583.0,True,EXIT
AARTIDRUGS,Aarti Drugs Limited,Healthcare,Drug Manufacturers - Specialty & Generic,416.20001220703125,False,191.18,False,True,-32.49,-22.27,False,2716.0,False,EXIT
ANUP,The Anup Engineering Limited,Industrials,Specialty Industrial Machinery,1896.0,False,110.38000000000001,False,False,-24.31,-23.97,False,733.0,True,EXIT
SINDHUTRAD,Sindhu Trade Links Limited,Industrials,Conglomerates,24.559999465942383,False,57.44,False,True,-5.51,-5.21,False,1140.0,False,EXIT
AGIIL,AGI Infra Limited,Real Estate,Real Estate - Development,302.95001220703125,False,94.86,True,False,54.71,37.96,True,325.0,True,HOLD
ASHIANA,Ashiana Housing Limited,Real Estate,Real Estate - Development,375.8500061035156,False,117.88999999999999,True,True,33.12,16.64,True,944.0,False,HOLD
JKIL,J. Kumar Infraprojects Limited,Industrials,Engineering & Construction,498.8999938964844,False,410.04,True,False,-32.55,-32.19,False,5693.0,True,EXIT
DBCORP,D. B. Corp Limited,Communication Services,Publishing,210.41000366210938,False,339.26,False,False,-8.6,-27.19,False,2463.0,False,EXIT
EIEL,EIEL,Industrials,Engineering & Construction,213.16000366210938,False,207.46999999999997,False,True,-22.86,-22.52,False,1046.0,True,EXIT
VSTIND,VST Industries Limited,Consumer Defensive,Tobacco,219.77000427246094,False,275.47,True,False,-21.85,-26.91,False,471.0,True,EXIT
OSWALPUMPS,OSWALPUMPS,Industrials,Electrical Equipment & Parts,326.1000061035156,False,376.27000000000004,False,False,-62.9,-62.47,False,1430.0,True,EXIT
KSL,Kalyani Steels Limited,Basic Materials,Steel,848.4000244140625,False,257.86,True,True,-11.36,-11.77,False,1982.0,True,HOLD
INDOSTAR,IndoStar Capital Finance Limited,Financial Services,Credit Services,229.5,False,989.2800000000001,True,False,-24.26,-23.95,False,,False,EXIT
BHAGCHEM,Bhagiradha Chemicals & Industries Limited,Basic Materials,Agricultural Inputs,285.6000061035156,False,18.17,False,True,-7.62,-8.03,False,502.0,False,EXIT
FILATEX,Filatex India Limited,Consumer Cyclical,Textile Manufacturing,83.33000183105469,True,191.11,True,True,46.01,51.91,True,4252.0,True,ADD
SHAREINDIA,Share India Securities Limited,Financial Services,Capital Markets,168.44000244140625,False,354.71000000000004,False,True,-5.02,-4.79,False,1483.0,False,EXIT
POCL,Pondy Oxides And Chemicals Limited,Basic Materials,Specialty Chemicals,481.70001220703125,False,98.0,False,False,5.15,4.69,True,2057.0,True,EXIT
UNIPARTS,Uniparts India Limited,Industrials,Farm & Heavy Construction Machinery,814.5999755859375,True,158.3,True,True,133.89,133.88,True,929.0,False,ADD
ADVENZYMES,Advanced Enzyme Technologies Limited,Basic Materials,Specialty Chemicals,324.3500061035156,False,168.72000000000003,True,True,-0.12,-0.56,False,637.0,True,HOLD
MUTHOOTMF,MUTHOOTMF,Financial Services,Credit Services,214.02000427246094,False,540.89,False,True,36.37,36.42,True,,False,HOLD
HGINFRA,H.G. Infra Engineering Limited,Industrials,Engineering & Construction,549.1500244140625,False,330.37,False,False,-47.97,-47.58,False,5378.0,False,EXIT
GREENPLY,Greenply Industries Limited,Basic Materials,Lumber & Wood Production,286.3500061035156,False,98.62,False,True,-12.44,-12.84,False,2488.0,True,EXIT
HEIDELBERG,HeidelbergCement India Limited,Basic Materials,Building Materials,156.27000427246094,False,139.59,False,False,-30.13,-30.48,False,,False,EXIT
SMSPHARMA,SMS Pharmaceuticals Limited,Healthcare,Drug Manufacturers - General,378.1000061035156,False,102.4,True,True,61.8,71.4,True,783.0,True,HOLD
UFLEX,Uflex Limited,Consumer Cyclical,Packaging & Containers,488.70001220703125,False,317.1,False,True,-26.62,-20.54,False,15036.0,True,EXIT
NFL,National Fertilizers Limited,Basic Materials,Agricultural Inputs,71.91000366210938,False,361.99,False,False,-26.62,-26.98,False,29587.0,False,EXIT
POLYPLEX,Polyplex Corporation Limited,Basic Materials,Specialty Chemicals,1115.9000244140625,False,83.57000000000001,False,True,-5.83,-6.26,False,7652.0,False,EXIT
INDRAMEDCO,Indraprastha Medical Corporation Limited,Healthcare,Medical Care Facilities,380.6499938964844,False,175.17,False,False,-32.21,-21.99,False,,False,EXIT
PITTIENG,Pitti Engineering Limited,Industrials,Metal Fabrication,939.9500122070312,False,117.8,False,True,1.11,1.39,True,1705.0,True,HOLD
GOPAL,Gopal Snacks Limited,Consumer Defensive,Packaged Foods,277.8999938964844,False,73.64999999999999,False,False,-22.96,-28.01,False,,False,EXIT
PREMEXPLN,Premier Explosives Limited,Basic Materials,Specialty Chemicals,641.2000122070312,False,45.82,True,True,43.63,43.07,True,417.0,True,HOLD
UNICHEMLAB,Unichem Laboratories Limited,Healthcare,Drug Manufacturers - Specialty & Generic,489.75,False,297.56000000000006,False,True,-20.3,-10.15,False,2111.0,True,EXIT
SAMBHV,SAMBHV,Basic Materials,Steel,116.88999938964844,False,164.8,False,True,-10.26,-10.67,False,1511.0,True,EXIT
UEL,Ujaas Energy Limited,Technology,Solar,257.7900085449219,False,3.93,True,True,115.4,114.2,True,486.0,False,HOLD
WHEELS,Wheels India Limited,Consumer Cyclical,Auto Parts,1386.800048828125,False,163.46,True,True,82.09,87.91,True,4977.0,False,HOLD
CARYSIL,Carysil Limited,Consumer Cyclical,"Furnishings, Fixtures & Appliances",1183.9000244140625,True,98.19,True,True,38.71,44.64,True,816.0,True,ADD
MAYURUNIQ,Mayur Uniquoters Limited,Consumer Cyclical,Textile Manufacturing,773.0999755859375,False,191.73,True,True,40.0,45.92,True,880.0,True,HOLD
HERITGFOOD,Heritage Foods Limited,Consumer Defensive,Packaged Foods,361.79998779296875,False,124.32999999999998,False,False,-22.3,-27.35,False,4135.0,True,EXIT
STEELCAS,Steelcast Limited,Basic Materials,Steel,331.6000061035156,True,90.69,False,True,57.75,57.14,True,,False,HOLD
NIITMTS,NIIT Learning Systems Limited,Consumer Defensive,Education & Training Services,242.7899932861328,False,255.82,True,False,-24.24,-29.28,False,1653.0,True,EXIT
ROUTE,Route Mobile Limited,Communication Services,Telecom Services,528.2999877929688,False,322.84,False,False,-25.72,-44.07,False,4576.0,True,EXIT
VENUSPIPES,Venus Pipes and Tubes Limited,Basic Materials,Steel,1604.0,False,101.96000000000001,False,True,17.95,17.46,True,,False,HOLD
ASHOKA,Ashoka Buildcon Limited,Industrials,Engineering & Construction,118.33000183105469,False,2549.9999999999995,True,False,-43.79,-43.4,False,10037.0,True,EXIT
RELTD,Ravindra Energy Limited,Technology,Solar,167.2899932861328,False,80.96000000000001,True,True,12.03,11.45,True,765.0,False,HOLD
FUSION,Fusion Finance Limited,Financial Services,Credit Services,204.99000549316406,False,385.05,False,True,29.33,29.41,True,,False,HOLD
VSSL,Vardhman Special Steels Limited,Basic Materials,Steel,341.8500061035156,True,108.75999999999999,False,True,26.28,25.77,True,1764.0,True,HOLD
DPABHUSHAN,D. P. Abhushan Limited,Consumer Cyclical,Luxury Goods,1443.4000244140625,False,239.86,True,True,-23.11,-17.04,False,3307.0,True,HOLD
CRIZAC,CRIZAC,Consumer Defensive,Education & Training Services,187.97999572753906,False,174.38,False,False,-37.03,-41.99,False,849.0,True,EXIT
DALMIASUG,Dalmia Bharat Sugar and Industries Limited,Consumer Defensive,Confectioners,404.3999938964844,False,235.72,False,True,16.39,11.07,True,3725.0,True,HOLD
NITINSPIN,Nitin Spinners Limited,Consumer Cyclical,Textile Manufacturing,577.4000244140625,True,177.55,False,True,61.95,67.82,True,,False,HOLD
HLEGLAS,HLE Glascoat Limited,Industrials,Specialty Industrial Machinery,467.04998779296875,False,47.77,False,True,4.44,4.71,True,649.0,False,HOLD
BUILDPRO,Shankara Buildpro Limited,Consumer Cyclical,Home Improvement Retail,1336.199951171875,True,102.75999999999999,False,False,,,False,5267.0,True,EXIT
EUROPRATIK,EUROPRATIK,Basic Materials,Building Materials,314.1000061035156,False,81.94,False,True,,,False,284.0,True,EXIT
DIVGIITTS,Divgi TorqTransfer Systems Limited,Consumer Cyclical,Auto Parts,1047.25,True,46.93,False,True,58.26,64.14,True,,False,HOLD
APCOTEXIND,Apcotex Industries Limited,Basic Materials,Specialty Chemicals,614.7999877929688,False,161.20000000000002,True,True,49.43,48.85,True,352.0,False,HOLD
ARSSBL,ARSSBL,Financial Services,Financial Conglomerates,504.0,False,101.91,False,False,,,False,844.0,True,EXIT
GRAUWEIL,Grauer & Weil (India) Limited,Basic Materials,Specialty Chemicals,69.97000122070312,False,164.01999999999998,False,False,,,False,,False,EXIT
KKCL,Kewal Kiran Clothing Limited,Consumer Cyclical,Apparel Manufacturing,513.5,False,125.57,False,True,-20.14,-14.07,False,1003.0,True,EXIT
UFBL,UFBL,Consumer Cyclical,Restaurants,807.5999755859375,False,45.82,True,True,210.41,215.93,True,1074.0,False,HOLD
NPST,NPST,Technology,Software - Application,1505.4000244140625,False,46.94,False,True,-31.92,-32.23,False,173.0,True,EXIT
WINDMACHIN,Windsor Machines Limited,Industrials,Specialty Industrial Machinery,303.54998779296875,False,25.96,False,True,-10.79,-10.48,False,393.0,False,EXIT
JASH,Jash Engineering Limited,Industrials,Specialty Industrial Machinery,498.1000061035156,False,85.26,False,True,-9.09,-8.78,False,735.0,True,EXIT
WONDERLA,Wonderla Holidays Limited,Consumer Cyclical,Leisure,493.1499938964844,False,105.45,False,False,-30.39,-24.31,False,,False,EXIT
MONARCH,Monarch Networth Capital Limited,Financial Services,Capital Markets,390.6499938964844,False,181.19,True,True,12.16,12.32,True,328.0,True,HOLD
SHANTIGEAR,Shanthi Gears Limited,Industrials,Specialty Industrial Machinery,401.95001220703125,False,65.0,False,False,-30.5,-30.14,False,,False,EXIT
BEPL,Bhansali Engineering Polymers Limited,Basic Materials,Chemicals,123.56999969482422,False,205.31,False,True,9.06,8.6,True,1398.0,True,HOLD
POKARNA,Pokarna Limited,Industrials,Building Products & Equipment,986.5999755859375,False,80.6,False,True,4.12,4.4,True,925.0,True,HOLD
PANAMAPET,Panama Petrochem Limited,Energy,Oil & Gas Refining & Marketing,504.79998779296875,True,212.5,True,True,31.96,39.0,True,1776.0,True,ADD
ELPROINTL,Elpro International Limited,Unknown,Unknown,180.05999755859375,True,271.30999999999995,False,False,,,False,,False,EXIT
RPSGVENT,RPSG Ventures Limited,Technology,Information Technology Services,920.0999755859375,False,304.16,True,True,-0.17,-0.67,False,9608.0,True,HOLD
JTLIND,JTL Industries Limited,Basic Materials,Steel,77.30999755859375,False,98.86999999999999,False,True,6.64,6.18,True,2040.0,False,HOLD
MMFL,M M Forgings Limited,Industrials,Metal Fabrication,629.0999755859375,True,98.12,False,True,100.17,100.23,True,1563.0,False,HOLD
TVSSRICHAK,TVS Srichakra Limited,Consumer Cyclical,Auto Parts,3964.89990234375,False,71.23,False,False,30.24,36.18,True,3254.0,True,EXIT
DCAL,Dishman Carbogen Amcis Limited,Healthcare,Biotechnology,193.0399932861328,False,101.21000000000001,False,False,-34.17,-23.93,False,2712.0,True,EXIT
SANGAMIND,Sangam (India) Limited,Consumer Cyclical,Textile Manufacturing,611.7999877929688,True,121.49,False,True,52.71,58.6,True,2843.0,True,HOLD
DREDGECORP,Dredging Corporation of India Limited,Industrials,Engineering & Construction,1071.300048828125,False,169.05,False,True,58.38,58.54,True,,False,HOLD
PRINCEPIPE,Prince Pipes and Fittings Limited,Industrials,Building Products & Equipment,271.0,False,106.85999999999999,False,True,-14.06,-13.74,False,,False,EXIT
BALMLAWRIE,Balmer Lawrie & Co. Ltd.,Industrials,Conglomerates,175.19000244140625,False,276.59000000000003,True,False,-20.65,-20.32,False,3254.0,False,EXIT
ARVSMART,Arvind SmartSpaces Limited,Real Estate,Real Estate - Development,650.75,False,96.44,False,True,18.37,2.07,True,713.0,True,HOLD
DDEVPLSTIK,Ddev Plastiks Industries Limited,Basic Materials,Specialty Chemicals,288.20001220703125,False,201.82000000000002,False,True,-1.53,-1.96,False,,False,EXIT
STALLION,STALLION,Basic Materials,Specialty Chemicals,256.5,False,43.84,False,True,96.32,95.61,True,,False,HOLD
INTERARCH,Interarch Building Solutions Limited,Industrials,Engineering & Construction,1772.800048828125,False,134.52,False,False,-23.95,-23.61,False,,False,EXIT
NAVNETEDUL,Navneet Education Limited,Communication Services,Publishing,133.8699951171875,False,366.0,False,False,3.8,-14.96,False,1781.0,True,EXIT
IMAGICAA,Imagicaaworld Entertainment Limited,Communication Services,Entertainment,52.13999938964844,False,88.78999999999999,False,True,-4.49,-23.13,False,410.0,True,EXIT
RAMCOIND,Ramco Industries Limited,Industrials,Building Products & Equipment,339.6499938964844,False,306.26,True,True,9.44,9.7,True,1659.0,True,HOLD
RSYSTEMS,R Systems International Limited,Technology,Information Technology Services,247.85000610351562,False,213.01,True,False,-46.67,-46.89,False,1958.0,True,EXIT
DIAMONDYD,Prataap Snacks Limited,Consumer Defensive,Packaged Foods,1227.4000244140625,False,9.719999999999999,False,True,35.34,29.9,True,1708.0,True,HOLD
BOROLTD,Borosil Limited,Consumer Cyclical,"Furnishings, Fixtures & Appliances",244.2100067138672,False,74.66,False,False,-36.28,-30.18,False,1090.0,True,EXIT
SASKEN,Sasken Technologies Limited,Technology,Information Technology Services,1920.5999755859375,False,53.92999999999999,False,True,27.22,26.55,True,446.0,True,HOLD
RML,Rane (Madras) Limited,Consumer Cyclical,Auto Parts,1053.699951171875,False,107.48,True,True,17.96,23.94,True,3463.0,False,HOLD
VIMTALABS,Vimta Labs Limited,Healthcare,Diagnostics & Research,651.25,False,79.66,True,True,-14.28,-4.18,False,318.0,True,HOLD
NSIL,Nalwa Sons Investments Limited,Financial Services,Asset Management,5655.0,False,54.5,False,False,-19.46,-19.17,False,134.0,False,EXIT
CHEMPLASTS,Chemplast Sanmar Limited,Basic Materials,Chemicals,183.61000061035156,False,279.87,False,False,-59.54,-59.81,False,5892.0,False,EXIT
KITEX,Kitex Garments Limited,Consumer Cyclical,Apparel Manufacturing,144.85000610351562,False,35.61,False,False,-30.2,-24.11,False,983.0,True,EXIT
TCPLPACK,TCPL Packaging Limited,Consumer Cyclical,Packaging & Containers,3148.89990234375,False,97.79999999999998,False,True,-19.68,-13.62,False,1770.0,True,EXIT
CARRARO,CARRARO,Consumer Cyclical,Auto Parts,502.04998779296875,False,130.55,True,False,5.63,11.64,True,1808.0,True,HOLD
ADFFOODS,ADF Foods Limited,Consumer Defensive,Packaged Foods,259.70001220703125,False,91.97,True,True,14.57,9.27,True,590.0,True,HOLD
GANECOS,Ganesha Ecosphere Limited,Consumer Cyclical,Textile Manufacturing,1064.300048828125,False,57.49,False,True,-34.09,-27.99,False,1133.0,False,EXIT
ROSSARI,Rossari Biotech Limited,Basic Materials,Specialty Chemicals,513.9500122070312,False,147.44,False,False,-25.94,-26.3,False,2080.0,True,EXIT
SIYSIL,Siyaram Silk Mills Limited,Consumer Cyclical,Textile Manufacturing,625.3499755859375,False,237.26,False,True,-5.72,0.31,False,2233.0,False,EXIT
MAITHANALL,Maithan Alloys Limited,Basic Materials,Steel,973.3499755859375,False,816.4300000000001,False,False,-11.93,-12.33,False,2989.0,False,EXIT
PARAGMILK,Parag Milk Foods Limited,Consumer Defensive,Packaged Foods,223.22000122070312,False,135.04000000000002,False,False,-3.63,-8.81,False,3432.0,True,EXIT
GATEWAY,Gateway Distriparks Limited,Industrials,Integrated Freight & Logistics,56.5,False,237.52,False,False,-18.78,-18.45,False,1681.0,True,EXIT
NOCIL,NOCIL Limited,Basic Materials,Specialty Chemicals,168.64999389648438,False,71.27000000000001,False,True,-7.32,-7.74,False,1617.0,False,EXIT
RAMKY,Ramky Infrastructure Limited,Industrials,Engineering & Construction,406.8500061035156,False,271.07000000000005,False,False,-29.17,-28.82,False,2402.0,False,EXIT
BLSE,BLSE,Industrials,Specialty Business Services,310.54998779296875,False,57.5,False,True,59.94,60.09,True,519.0,True,HOLD
ANTELOPUS,ANTELOPUS,Energy,Oil & Gas E&P,799.4500122070312,False,132.71,False,True,30.49,37.58,True,,False,HOLD
ORIENTCEM,Orient Cement Limited,Basic Materials,Building Materials,136.72999572753906,False,365.23,False,False,-47.84,-48.15,False,,False,EXIT
JUBLCPL,Jubilant Agri and Consumer Products Limited,Basic Materials,Specialty Chemicals,1852.800048828125,False,127.86000000000001,True,False,-17.05,-17.44,False,1521.0,True,EXIT
HIKAL,Hikal Limited,Healthcare,Drug Manufacturers - Specialty & Generic,227.13999938964844,False,77.6,False,True,-37.16,-26.9,False,2023.0,False,EXIT
KIRIINDUS,Kiri Industries Limited,Basic Materials,Specialty Chemicals,427.8999938964844,False,5566.5,True,False,-29.49,-29.85,False,1497.0,False,EXIT
GSPCROP,GSPCROP,Basic Materials,Agricultural Inputs,597.5,True,43.14,False,False,,,False,1406.0,False,EXIT
ZAGGLE,Zaggle Prepaid Ocean Services Limited,Technology,Software - Infrastructure,206.05999755859375,False,138.07999999999998,True,False,-50.67,-50.87,False,1304.0,True,EXIT
GKENERGY,GKENERGY,Utilities,Utilities - Renewable,136.86000061035156,False,211.81,False,False,,,False,1095.0,True,EXIT
LCL,LCL,Industrials,Specialty Industrial Machinery,530.2999877929688,True,0.0,False,False,,,False,,False,EXIT
AUTOAXLES,Automotive Axles Limited,Consumer Cyclical,Auto Parts,1827.800048828125,False,174.35000000000002,False,True,-2.18,3.84,False,,False,EXIT
EFCIL,EFC (I) Limited,Real Estate,Real Estate Services,186.0,False,246.27,True,False,,,False,657.0,True,EXIT
FMGOETZE,Federal-Mogul Goetze (India) Limited,Consumer Cyclical,Auto Parts,492.25,False,170.65,True,True,-19.8,-13.73,False,1769.0,True,HOLD
SUNCLAY,Sundaram-Clayton Limited,Industrials,Metal Fabrication,1241.5999755859375,False,602.01,True,False,-33.27,-32.91,False,2109.0,True,EXIT
PATELENG,Patel Engineering Limited,Industrials,Engineering & Construction,28.59000015258789,False,269.15999999999997,False,False,-25.72,-25.38,False,5008.0,True,EXIT
SPORTKING,Sportking India Limited,Consumer Cyclical,Textile Manufacturing,214.33999633789062,False,120.78,False,True,86.47,92.28,True,,False,HOLD
MEDIASSIST,MEDIASSIST,Healthcare,Healthcare Plans,364.95001220703125,False,87.96000000000001,False,False,-47.76,-37.44,False,151.0,True,EXIT
MUFIN,Mufin Green Finance Limited,Financial Services,Credit Services,137.19000244140625,False,27.330000000000002,True,True,50.13,50.11,True,,False,HOLD
JINDALPOLY,Jindal Poly Films Limited,Consumer Cyclical,Packaging & Containers,620.0,False,325.08,False,True,5.68,11.68,True,7557.0,False,HOLD
TALBROAUTO,Talbros Automotive Components Limited,Consumer Cyclical,Auto Parts,439.3500061035156,True,104.12,False,True,45.9,51.81,True,827.0,True,HOLD
CONFIPET,Confidence Petroleum India Limited,Energy,Oil & Gas Refining & Marketing,81.27999877929688,False,92.89,False,True,52.22,58.69,True,3146.0,True,HOLD
RAJRATAN,Rajratan Global Wire Limited,Basic Materials,Steel,525.0,False,72.6,False,True,46.15,45.58,True,935.0,True,HOLD
FLAIR,FLAIR,Industrials,Business Equipment & Supplies,252.39999389648438,False,132.95,False,False,-25.94,-25.6,False,1080.0,True,EXIT
RHETAN,Rhetan TMT Limited,Basic Materials,Steel,33.36000061035156,True,10.299999999999999,False,True,,,False,,False,EXIT
VINDHYATEL,Vindhya Telelinks Limited,Industrials,Engineering & Construction,2241.699951171875,False,222.25,False,True,42.44,42.63,True,4088.0,False,HOLD
ORISSAMINE,The Orissa Minerals Development Company Limited,Basic Materials,Steel,4405.2001953125,False,17.88,False,True,-11.74,-12.14,False,,False,EXIT
STOVEKRAFT,Stove Kraft Limited,Consumer Cyclical,"Furnishings, Fixtures & Appliances",797.5499877929688,False,41.989999999999995,False,True,19.08,25.05,True,1448.0,True,HOLD
INDNIPPON,India Nippon Electricals Limited,Consumer Cyclical,Auto Parts,1166.0,False,111.16999999999999,True,True,36.14,42.07,True,845.0,True,HOLD
GLOBUSSPR,Globus Spirits Limited,Consumer Defensive,Beverages - Wineries & Distilleries,906.2999877929688,False,100.53,False,False,-22.17,-27.22,False,2537.0,True,EXIT
BBL,Bharat Bijlee Limited,Industrials,Electrical Equipment & Parts,2329.39990234375,False,111.48999999999998,False,False,-22.58,-22.24,False,1902.0,True,EXIT
NILKAMAL,Nilkamal Limited,Consumer Cyclical,"Furnishings, Fixtures & Appliances",1746.300048828125,False,115.58999999999999,False,True,-2.36,3.66,False,3313.0,True,EXIT
SPAL,S.P. Apparels Limited,Consumer Cyclical,Apparel Manufacturing,1036.5999755859375,False,100.94,True,True,30.09,36.03,True,1395.0,True,HOLD
MARATHON,Marathon Nextgen Realty Limited,Real Estate,Real Estate - Development,386.1000061035156,False,202.95999999999998,False,False,-29.86,-45.56,False,717.0,False,EXIT
ARKADE,ARKADE,Real Estate,Real Estate - Development,140.02000427246094,False,211.76999999999998,False,True,-11.71,-27.64,False,683.0,True,EXIT
EVEREADY,Eveready Industries India Limited,Industrials,Electrical Equipment & Parts,356.79998779296875,False,187.34999999999997,True,True,-18.4,-18.07,False,1458.0,False,HOLD
ADOR,Ador Welding Limited,Industrials,Specialty Industrial Machinery,1483.4000244140625,False,92.47000000000001,False,True,43.67,43.86,True,1117.0,True,HOLD
MANGLMCEM,Mangalam Cement Limited,Basic Materials,Building Materials,938.1500244140625,False,128.95,False,True,26.87,26.36,True,,False,HOLD
XPROINDIA,Xpro India Limited,Basic Materials,Specialty Chemicals,1098.800048828125,False,32.660000000000004,False,True,-6.44,-6.86,False,533.0,True,EXIT
SUNDROP,Sundrop Brands Limited,Consumer Defensive,Packaged Foods,681.7999877929688,False,24.31,False,True,-14.34,-19.45,False,916.0,False,EXIT
SIRCA,Sirca Paints India Limited,Basic Materials,Specialty Chemicals,449.8999938964844,False,67.02000000000001,True,False,-2.72,-3.15,False,372.0,True,EXIT
PARKHOTELS,PARKHOTELS,Consumer Cyclical,Lodging,119.91999816894531,False,65.67999999999999,False,False,-33.75,-27.65,False,631.0,True,EXIT
KNACK,KNACK,Consumer Cyclical,Packaging & Containers,208.33999633789062,True,0.0,False,False,,,False,,False,EXIT
SATIN,Satin Creditcare Network Limited,Financial Services,Credit Services,231.77999877929688,False,401.70000000000005,False,True,57.99,57.94,True,,False,HOLD
VEEDOL,Veedol Corporation Limited,Basic Materials,Specialty Chemicals,1497.300048828125,False,191.62,True,False,-13.01,-13.41,False,1970.0,True,EXIT
PANACEABIO,Panacea Biotec Limited,Healthcare,Biotechnology,413.0,False,22.470000000000002,False,True,-14.01,-3.9,False,679.0,False,EXIT
UTKARSHBNK,Utkarsh Small Finance Bank Limited,Financial Services,Banks - Regional,14.1899995803833,False,945.4200000000001,False,False,-34.81,-34.45,False,,False,EXIT
RANEHOLDIN,Rane Holdings Limited,Consumer Cyclical,Auto Parts,1766.199951171875,False,198.99,False,True,10.11,16.11,True,4382.0,True,HOLD
SAIPARENT,SAIPARENT,Healthcare,Drug Manufacturers - General,569.7000122070312,False,0.0,False,False,,,False,163.0,True,EXIT
HUBTOWN,Hubtown Limited,Real Estate,Real Estate - Development,175.11000061035156,False,148.49,True,False,-36.88,-52.49,False,564.0,False,EXIT
FISCHER,Fischer Medical Ventures Limited,Healthcare,Medical Devices,38.0099983215332,False,32.67,True,False,-76.01,-65.49,False,111.0,True,EXIT
VERANDA,Veranda Learning Solutions Limited,Consumer Defensive,Education & Training Services,257.95001220703125,False,24.72,True,True,10.65,5.38,True,471.0,True,HOLD
SILVERTUC,Silver Touch Technologies Limited,Technology,Information Technology Services,195.8800048828125,False,41.68,True,False,-78.34,-78.36,False,288.0,True,EXIT
BOMDYEING,The Bombay Dyeing and Manufacturing Company Limited,Consumer Cyclical,Textile Manufacturing,120.2300033569336,False,46.620000000000005,False,False,-37.34,-31.23,False,4430.0,False,EXIT
EPACKPEB,EPACKPEB,Industrials,Engineering & Construction,246.3000030517578,False,96.63,False,True,,,False,1134.0,True,EXIT
RISHABH,Rishabh Instruments Limited,Technology,Scientific & Technical Instruments,639.2000122070312,True,81.53,False,True,119.81,118.58,True,720.0,True,HOLD
RAJESHEXPO,Rajesh Exports Limited,Consumer Cyclical,Luxury Goods,83.58000183105469,False,238.56,False,False,-64.27,-58.1,False,423099.0,True,EXIT
KICL,Kalyani Investment Company Limited,Financial Services,Asset Management,5646.5,False,43.13,False,True,16.24,16.38,True,78.0,True,HOLD
GIPCL,Gujarat Industries Power Company Limited,Utilities,Utilities - Regulated Electric,157.92999267578125,False,408.82000000000005,True,True,-12.28,-22.18,False,1416.0,False,HOLD
INA,Insolation Energy Limited,Technology,Solar,110.55999755859375,False,181.7,True,False,,,False,1334.0,True,EXIT
AJMERA,Ajmera Realty & Infra India Limited,Real Estate,Real Estate - Development,123.6500015258789,False,149.79000000000002,True,False,-17.71,-33.56,False,738.0,True,EXIT
CAMLINFINE,Camlin Fine Sciences Limited,Basic Materials,Specialty Chemicals,126.58000183105469,False,148.77,True,False,-52.44,-52.73,False,1682.0,False,EXIT
SOLARA,Solara Active Pharma Sciences Limited,Healthcare,Drug Manufacturers - Specialty & Generic,502.6000061035156,False,53.44,False,False,-30.77,-20.55,False,1617.0,False,EXIT
THEJO,Thejo Engineering Limited,Industrials,Specialty Industrial Machinery,2223.89990234375,False,49.25,False,True,-7.34,-7.04,False,559.0,False,EXIT
TASTYBITE,Tasty Bite Eatables Limited,Consumer Defensive,Packaged Foods,9394.0,False,35.300000000000004,False,True,-11.74,-16.86,False,,False,EXIT
ADVAIT,Advait Energy Transitions Limited,Industrials,Specialty Industrial Machinery,2193.300048828125,False,53.17,True,False,,,False,399.0,True,EXIT
RAMCOSYS,Ramco Systems Limited,Technology,Software - Application,637.9000244140625,False,41.5,False,True,64.1,63.21,True,626.0,False,HOLD
BETA,BETA,Healthcare,Drug Manufacturers - Specialty & Generic,2373.699951171875,False,45.59,True,True,22.94,32.8,True,362.0,True,HOLD
REPCOHOME,Repco Home Finance Limited,Financial Services,Mortgage Finance,382.70001220703125,False,475.41999999999996,True,False,-6.0,-5.76,False,,False,EXIT
EASEMYTRIP,Easy Trip Planners Limited,Consumer Cyclical,Travel Services,6.579999923706055,False,53.45,False,False,-39.31,-33.2,False,1049.0,False,EXIT
STYLEBAAZA,Baazar Style Retail Limited,Consumer Cyclical,Apparel Retail,320.6499938964844,False,98.15,True,True,-6.9,-0.87,False,1344.0,True,HOLD
NITCO,NITCO Limited,Industrials,Building Products & Equipment,99.27999877929688,False,68.16,False,True,-24.96,-24.61,False,885.0,False,EXIT
GANDHAR,Gandhar Oil Refinery (India) Limited,Energy,Oil & Gas Refining & Marketing,242.7100067138672,False,301.42,False,True,40.62,47.42,True,4113.0,False,HOLD
GREENPANEL,Greenpanel Industries Limited,Basic Materials,Lumber & Wood Production,192.25,False,52.349999999999994,False,False,-32.74,-33.08,False,1783.0,False,EXIT
PIXTRANS,PIX Transmissions Limited,Industrials,Specialty Industrial Machinery,1717.199951171875,False,106.88,False,True,8.15,8.42,True,589.0,True,HOLD
SHK,S H Kelkar and Company Limited,Basic Materials,Specialty Chemicals,168.5399932861328,False,89.09,False,True,-35.12,-35.45,False,2123.0,True,EXIT
COSMOFIRST,Cosmo First Limited,Consumer Cyclical,Packaging & Containers,892.5,False,155.97,False,True,-24.44,-18.36,False,3065.0,False,EXIT
PRAKASH,Prakash Industries Limited,Basic Materials,Steel,128.72999572753906,False,333.14,False,False,-34.72,-35.06,False,2935.0,True,EXIT
PROTEAN,Protean eGov Technologies Limited,Technology,Information Technology Services,565.9500122070312,False,97.13,False,False,-30.92,-31.23,False,882.0,False,EXIT
BRIGHOTEL,BRIGHOTEL,Consumer Cyclical,Lodging,60.279998779296875,False,318.84,False,False,-36.16,-30.06,False,404.0,True,EXIT
SPANDANA,Spandana Sphoorty Financial Limited,Financial Services,Credit Services,257.75,False,472.33,False,True,-2.91,-2.69,False,,False,EXIT
ORIENTHOT,Oriental Hotels Limited,Consumer Cyclical,Lodging,127.88999938964844,False,65.27999999999999,False,True,-19.11,-13.04,False,440.0,True,EXIT
MOLDTKPAC,Mold-Tek Packaging Limited,Consumer Cyclical,Packaging & Containers,685.3499755859375,False,82.69,True,True,-24.33,-18.26,False,631.0,True,HOLD
APOLLOPIPE,Apollo Pipes Limited,Industrials,Building Products & Equipment,517.3499755859375,False,20.96,False,True,23.46,23.7,True,1182.0,True,HOLD
SANSTAR,SANSTAR,Basic Materials,Chemicals,113.41000366210938,False,34.82,False,True,29.33,28.81,True,1110.0,False,HOLD
JISLJALEQS,Jain Irrigation Systems Limited,Industrials,Conglomerates,30.90999984741211,False,96.71,False,False,-38.9,-38.52,False,8536.0,False,EXIT
PRABHA,Prabha Energy Limited,Energy,Oil & Gas E&P,154.61000061035156,False,1.5,True,False,-55.63,-46.15,False,33.45,False,EXIT
GNA,G N A Axles Limited,Consumer Cyclical,Auto Parts,527.2000122070312,False,132.23000000000002,True,True,66.04,71.89,True,1583.0,False,HOLD
SAGCEM,Sagar Cements Limited,Basic Materials,Building Materials,173.00999450683594,False,169.51,False,False,-29.02,-29.38,False,2505.0,False,EXIT
TAJGVK,TAJGVK Hotels & Resorts Limited,Consumer Cyclical,Lodging,360.45001220703125,False,415.95000000000005,True,False,-23.04,-16.97,False,450.0,True,EXIT
BHARATRAS,Bharat Rasayan Limited,Basic Materials,Agricultural Inputs,1358.199951171875,False,145.72,False,False,-52.73,-53.01,False,1301.0,False,EXIT
PARACABLES,Paramount Communications Limited,Technology,Communication Equipment,68.91999816894531,False,59.75,False,True,27.06,26.39,True,1555.0,True,HOLD
JNKINDIA,JNK India Limited,Industrials,Specialty Industrial Machinery,403.0,False,65.36999999999999,False,True,25.37,25.6,True,480.0,False,HOLD
SHRINGARMS,Shringar House of Mangalsutra Limited,Consumer Cyclical,Luxury Goods,233.33999633789062,False,102.21000000000001,False,True,,,False,,False,EXIT
EMSLIMITED,EMS Limited,Industrials,Engineering & Construction,404.3999938964844,False,90.53999999999999,False,True,-36.27,-35.9,False,966.0,True,EXIT
BAJEL,Bajel Projects Limited,Utilities,Utilities - Regulated Electric,191.77999877929688,False,21.12,True,True,-13.69,-23.55,False,2598.0,True,HOLD
LANDMARK,Landmark Cars Limited,Consumer Cyclical,Auto & Truck Dealerships,535.0499877929688,False,37.31,False,True,-2.16,3.86,False,765.0,False,EXIT
VENKEYS,Venky's (India) Limited,Consumer Defensive,Farm Products,1573.4000244140625,False,192.31,False,True,6.49,1.24,True,,False,HOLD
EXICOM,Exicom Tele-Systems Limited,Industrials,Electrical Equipment & Parts,158.89999389648438,False,274.13,True,True,5.93,6.2,True,1020.0,False,HOLD
EPACK,EPACK Durable Limited,Consumer Cyclical,"Furnishings, Fixtures & Appliances",229.47999572753906,False,47.75,False,False,-51.66,-45.52,False,2171.0,True,EXIT
HPL,HPL Electric & Power Limited,Industrials,Electrical Equipment & Parts,342.1000061035156,False,91.00999999999999,False,False,-45.15,-44.76,False,1700.0,True,EXIT
NIBE,Nibe Limited,Industrials,Conglomerates,1419.0,False,56.629999999999995,True,True,-15.82,-15.49,False,507.0,True,HOLD
NELCO,Nelco Limited,Technology,Communication Equipment,958.9000244140625,False,6.419999999999999,False,True,6.32,5.78,True,320.0,False,HOLD
ALEMBICLTD,Alembic Limited,Real Estate,Real Estate - Development,84.75,False,317.39,False,False,-10.46,-26.4,False,1121.0,False,EXIT
GOCLCORP,GOCL Corporation Limited,Basic Materials,Specialty Chemicals,438.25,False,1522.0,True,True,24.92,24.41,True,1233.0,False,HOLD
JGCHEM,JGCHEM,Basic Materials,Other Industrial Metals & Mining,552.7999877929688,True,65.87,False,True,12.7,12.22,True,847.0,True,HOLD
VINCOFE,Vintage Coffee and Beverages Limited,Consumer Defensive,Beverages - Non-Alcoholic,148.24000549316406,False,78.74,True,False,1.46,-3.76,False,309.0,True,EXIT
PENIND,Pennar Industries Limited,Industrials,Specialty Industrial Machinery,159.86000061035156,False,138.81,True,False,-33.98,-33.62,False,3227.0,True,EXIT
GEOJITFSL,Geojit Financial Services Limited,Financial Services,Capital Markets,77.0199966430664,False,77.85,False,True,2.14,2.34,True,481.0,False,HOLD
ARMANFIN,Arman Financial Services Limited,Financial Services,Credit Services,2032.0,False,85.75999999999999,True,True,28.33,28.41,True,,False,HOLD
TCIEXP,TCI Express Limited,Industrials,Integrated Freight & Logistics,554.5999755859375,False,81.44,False,False,-21.84,-21.51,False,1254.0,False,EXIT
HONDAPOWER,Honda India Power Products Limited,Industrials,Specialty Industrial Machinery,2093.39990234375,False,65.86,False,False,-30.32,-29.97,False,,False,EXIT
SAKSOFT,Saksoft Limited,Technology,Information Technology Services,165.0500030517578,False,133.27,True,False,-25.77,-26.11,False,883.0,True,EXIT
LAOPALA,La Opala RG Limited,Consumer Cyclical,"Furnishings, Fixtures & Appliances",189.9600067138672,False,92.30000000000001,False,False,-38.71,-32.6,False,,False,EXIT
BFUTILITIE,BF Utilities Limited,Industrials,Infrastructure Operations,558.5999755859375,False,158.23000000000002,True,False,-28.47,-28.12,False,969.0,False,EXIT
NGLFINE,NGL Fine-Chem Limited,Healthcare,Drug Manufacturers - General,3403.60009765625,True,48.050000000000004,False,True,163.43,172.36,True,368.0,True,HOLD
TEAMLEASE,TeamLease Services Limited,Industrials,Staffing & Employment Services,1253.5999755859375,False,147.04,True,False,-33.25,-32.89,False,11156.0,True,EXIT
ESAFSFB,ESAF Small Finance Bank,Financial Services,Banks - Regional,40.27000045776367,False,226.52,False,True,23.7,23.8,True,,False,HOLD
HUHTAMAKI,Huhtamaki India Limited,Consumer Cyclical,Packaging & Containers,274.95001220703125,False,124.57,True,True,20.68,26.64,True,2037.0,True,HOLD
GMBREW,G.M. Breweries Limited,Consumer Defensive,Beverages - Wineries & Distilleries,908.3499755859375,False,159.68,True,False,33.26,27.83,True,748.0,True,HOLD
MUKANDLTD,Mukand Limited,Basic Materials,Steel,143.22000122070312,False,604.15,False,True,11.47,11.0,True,5568.0,False,HOLD
INDIANHUME,The Indian Hume Pipe Company Limited,Industrials,Engineering & Construction,392.1000061035156,False,141.1,False,True,-7.28,-6.97,False,,False,EXIT
VENUSREM,Venus Remedies Limited,Healthcare,Drug Manufacturers - Specialty & Generic,1540.699951171875,False,116.17,True,True,201.2,209.88,True,640.0,True,HOLD
HINDOILEXP,Hindustan Oil Exploration Company Limited,Energy,Oil & Gas E&P,155.74000549316406,False,62.74999999999999,False,True,-14.88,-6.54,False,570.0,False,EXIT
KPEL,K.P. Energy Limited,Industrials,Engineering & Construction,302.5,False,181.39999999999998,True,False,-38.97,-38.6,False,936.0,True,EXIT
RICOAUTO,Rico Auto Industries Limited,Consumer Cyclical,Auto Parts,151.52999877929688,True,50.51,False,True,111.72,117.47,True,2302.0,False,HOLD
INDOCO,Indoco Remedies Limited,Healthcare,Drug Manufacturers - Specialty & Generic,221.72999572753906,False,124.35,False,False,-36.68,-26.43,False,1817.0,False,EXIT
MSPL,MSP Steel & Power Limited,Basic Materials,Steel,36.0099983215332,False,183.29,True,True,9.18,8.72,True,2905.0,True,HOLD
SOMANYCERA,Somany Ceramics Limited,Industrials,Building Products & Equipment,495.79998779296875,False,81.19,False,True,-8.15,-7.85,False,2659.0,True,EXIT
VIDYAWIRES,VIDYAWIRES,Industrials,Electrical Equipment & Parts,95.45999908447266,False,59.77,False,False,,,False,1481.0,True,EXIT
SAKAR,Sakar Healthcare Limited,Healthcare,Drug Manufacturers - Specialty & Generic,924.6500244140625,True,30.479999999999997,True,True,160.99,169.93,True,178.0,True,ADD
TIRUMALCHM,Thirumalai Chemicals Limited,Basic Materials,Specialty Chemicals,167.75999450683594,False,167.91,False,False,-45.57,-45.88,False,2132.0,False,EXIT
AEROPLANE,AEROPLANE,Consumer Defensive,Farm Products,194.3699951171875,True,0.0,False,False,,,False,,False,EXIT
KCP,The KCP Limited,Basic Materials,Building Materials,154.9600067138672,False,197.11,True,False,-27.9,-28.26,False,2846.0,False,EXIT
TINNARUBR,Tinna Rubber and Infrastructure Limited,Basic Materials,Specialty Chemicals,1108.0999755859375,False,61.68000000000001,True,True,22.99,22.49,True,530.0,False,HOLD
HGS,Hinduja Global Solutions Limited,Industrials,Specialty Business Services,428.3999938964844,False,87.83000000000001,False,False,-25.61,-25.26,False,4986.0,False,EXIT
DCXINDIA,DCX Systems Limited,Industrials,Aerospace & Defense,178.44000244140625,False,15.829999999999998,False,False,-38.35,-37.98,False,1424.0,False,EXIT
INDSWFTLAB,Ind-Swift Laboratories Limited,Healthcare,Drug Manufacturers - Specialty & Generic,228.41000366210938,False,254.91000000000003,False,True,113.82,123.08,True,1673.0,False,HOLD
ASIANENE,Asian Energy Services Limited,Energy,Oil & Gas Equipment & Services,408.54998779296875,False,58.75999999999999,True,True,8.46,16.16,True,465.0,True,HOLD
NDRAUTO,NDR Auto Components Limited,Consumer Cyclical,Auto Parts,828.9000244140625,False,62.09,True,True,-25.25,-19.17,False,713.0,True,HOLD
SBC,SBC Exports Limited,Industrials,Conglomerates,41.15999984741211,False,34.26,False,True,126.88,126.88,True,231.0,True,HOLD
DYCL,Dynamic Cables Limited,Industrials,Electrical Equipment & Parts,401.8999938964844,False,89.75,True,True,-5.98,-5.68,False,1025.0,True,HOLD
AWFIS,AWFIS,Industrials,Rental & Leasing Services,271.6499938964844,False,70.86,True,False,-56.69,-56.27,False,1208.0,True,EXIT
JAYKAY,Jaykay Enterprises Limited,Industrials,Specialty Business Services,148.85000610351562,False,232.53,True,False,,,False,81.0,True,EXIT
HATHWAY,Hathway Cable and Datacom Limited,Communication Services,Entertainment,10.90999984741211,False,88.56,False,False,-9.72,-28.3,False,1307.0,False,EXIT
BGRENERGY,BGR Energy Systems Limited,Industrials,Engineering & Construction,266.70001220703125,False,1247.16,True,False,111.85,111.89,True,3441.0,False,HOLD
SCILAL,Shipping Corporation of India Land and Assets Limited,Real Estate,Real Estate Services,41.13999938964844,False,30.5,False,False,-4.04,-20.06,False,18.0,True,EXIT
SERVOTECH,Servotech Renewable Power System Limited,Industrials,Electrical Equipment & Parts,84.62000274658203,False,37.459999999999994,True,False,-38.11,-37.73,False,674.0,True,EXIT
CANTABIL,Cantabil Retail India Limited,Consumer Cyclical,Apparel Manufacturing,227.69000244140625,False,95.74000000000001,False,False,-20.68,-14.61,False,,False,EXIT
SIMPLEXINF,Simplex Infrastructures Limited,Industrials,Engineering & Construction,238.8699951171875,False,40.01,False,False,-21.48,-21.14,False,6202.0,False,EXIT
ALGOQUANT,Algoquant Fintech Limited,Financial Services,Capital Markets,67.20999908447266,True,33.4,True,False,,,False,235.0,True,EXIT
INSECTICID,Insecticides (India) Limited,Basic Materials,Agricultural Inputs,647.7000122070312,False,139.42000000000002,False,False,-40.61,-40.94,False,2000.0,True,EXIT
BCG,Brightcom Group Limited,Communication Services,Advertising Agencies,9.300000190734863,False,872.1400000000001,False,False,-25.62,-43.98,False,7397.0,False,EXIT
GRMOVER,GRM Overseas Limited,Consumer Defensive,Packaged Foods,90.33000183105469,False,74.6,False,False,-22.09,-27.15,False,1379.0,False,EXIT
PFS,PTC India Financial Services Limited,Financial Services,Credit Services,29.020000457763672,False,271.46000000000004,False,False,-29.17,-28.83,False,,False,EXIT
GOODYEAR,Goodyear India Limited,Consumer Cyclical,Auto Parts,802.9000244140625,False,61.5,False,False,,,False,,False,EXIT
HINDWAREAP,Hindware Home Innovation Limited,Consumer Cyclical,"Furnishings, Fixtures & Appliances",221.0399932861328,False,56.620000000000005,False,False,-32.61,-26.52,False,2872.0,False,EXIT
VIKRAN,VIKRAN,Industrials,Engineering & Construction,71.58999633789062,False,123.81,False,False,,,False,,False,EXIT
EIHAHOTELS,EIH Associated Hotels Limited,Consumer Cyclical,Lodging,302.54998779296875,False,87.16999999999999,True,False,-29.03,-22.95,False,197.0,True,EXIT
TIL,TIL Limited,Industrials,Farm & Heavy Construction Machinery,232.10000610351562,False,30.77,False,False,-31.37,-31.01,False,1472.0,False,EXIT
JINDRILL,Jindal Drilling & Industries Limited,Energy,Oil & Gas Equipment & Services,636.0499877929688,False,277.40000000000003,True,True,-5.6,2.49,False,828.0,True,HOLD
NUCLEUS,Nucleus Software Exports Limited,Technology,Software - Application,698.25,False,105.41,False,False,-34.7,-34.99,False,832.0,True,EXIT
WINDLAS,Windlas Biotech Limited,Healthcare,Drug Manufacturers - Specialty & Generic,882.8499755859375,False,66.45,False,True,-18.85,-8.72,False,760.0,True,EXIT
TBZ,Tribhovandas Bhimji Zaveri Limited,Consumer Cyclical,Luxury Goods,273.0,False,202.29999999999998,True,True,29.33,35.28,True,2620.0,True,HOLD
JAICORPLTD,Jai Corp Limited,Basic Materials,Specialty Chemicals,103.73999786376953,False,169.26999999999998,True,False,-9.19,-9.6,False,748.0,False,EXIT
KRSNAA,Krsnaa Diagnostics Limited,Healthcare,Diagnostics & Research,560.8499755859375,False,101.42999999999999,True,False,-47.66,-37.33,False,717.0,True,EXIT
CAPACITE,Capacit'e Infraprojects Limited,Industrials,Engineering & Construction,212.58999633789062,False,191.54,False,False,-33.01,-32.65,False,2350.0,True,EXIT
MARSONS,Marsons Limited,Industrials,Electrical Equipment & Parts,103.97000122070312,False,46.33,True,False,,,False,168.0,True,EXIT
BFINVEST,BF Investment Limited,Financial Services,Asset Management,469.54998779296875,False,282.01,False,True,-1.35,-1.14,False,1074.0,False,EXIT
KRISHNADEF,KRISHNADEF,Industrials,Specialty Industrial Machinery,1181.4000244140625,False,34.230000000000004,True,True,42.26,42.45,True,194.0,True,HOLD
CEINSYS,Ceinsys Tech Limited,Industrials,Engineering & Construction,842.1500244140625,False,133.42,True,False,,,False,418.0,True,EXIT
MTNL,Mahanagar Telephone Nigam Limited,Communication Services,Telecom Services,27.809999465942383,False,3107.2500000000005,False,False,-22.84,-41.24,False,3398.0,False,EXIT
RACLGEAR,RACL Geartech Limited,Consumer Cyclical,Auto Parts,1482.699951171875,False,48.949999999999996,True,True,46.69,52.6,True,415.0,True,HOLD
MCLOUD,Magellanic Cloud Limited,Technology,Information Technology Services,29.68000030517578,False,114.22999999999999,True,False,-71.64,-71.71,False,600.0,True,EXIT
PAUSHAKLTD,Paushak Limited,Basic Materials,Specialty Chemicals,706.6500244140625,True,42.39,False,False,,,False,,False,EXIT
WEL,Wonder Electricals Limited,Consumer Cyclical,"Furnishings, Fixtures & Appliances",129.6999969482422,False,9.12,False,True,-29.17,-23.09,False,894.0,True,EXIT
AURUM,Aurum PropTech Limited,Real Estate,Real Estate Services,226.00999450683594,False,16.349999999999998,False,True,35.24,18.73,True,988.0,False,HOLD
STUDDS,STUDDS,Consumer Cyclical,Auto Parts,438.75,False,78.12,False,False,,,False,584.0,True,EXIT
5PAISA,5paisa Capital Limited,Financial Services,Capital Markets,367.54998779296875,False,46.28,False,True,-4.73,-4.5,False,395.0,False,EXIT
SURYODAY,Suryoday Small Finance Bank Limited,Financial Services,Banks - Regional,162.02000427246094,False,196.74,False,True,23.19,23.3,True,,False,HOLD
JISLDVREQS,Jain Irrigation Systems Limited,Industrials,Conglomerates,23.469999313354492,False,96.71,False,False,-15.67,-15.35,False,,False,EXIT
MAHASTEEL,Mahamaya Steel Industries Limited,Basic Materials,Steel,1046.300048828125,True,9.6,True,True,183.29,182.33,True,802.0,True,ADD
SHALBY,Shalby Limited,Healthcare,Medical Care Facilities,160.08999633789062,False,37.38,False,False,-36.92,-26.67,False,1087.0,True,EXIT
ACCELYA,Accelya Solutions India Limited,Technology,Information Technology Services,1143.5999755859375,False,107.95,False,False,-21.34,-21.71,False,529.0,True,EXIT
MBEL,MBEL,Industrials,Engineering & Construction,298.5,False,92.64,False,False,-33.37,-33.01,False,909.0,True,EXIT
HITECH,Hi-Tech Pipes Limited,Basic Materials,Steel,83.91999816894531,False,76.17,True,False,-8.65,-9.07,False,3068.0,True,EXIT
DELTACORP,Delta Corp Limited,Consumer Cyclical,Resorts & Casinos,63.33000183105469,False,224.75,False,False,-34.56,-28.46,False,964.0,False,EXIT
GOCOLORS,Go Fashion (India) Limited,Consumer Cyclical,Apparel Retail,322.04998779296875,False,53.41,False,False,-65.38,-59.2,False,190.0,True,EXIT
MACPOWER,Macpower CNC Machines Limited,Industrials,Specialty Industrial Machinery,1681.0999755859375,True,33.88,False,True,90.48,90.56,True,,False,HOLD
YATRA,Yatra Online Limited,Consumer Cyclical,Travel Services,107.02999877929688,False,46.82,True,False,-2.27,3.76,False,845.0,False,EXIT
GARUDA,GARUDA,Industrials,Engineering & Construction,180.5,False,113.39,True,False,-0.35,-0.07,False,226.0,False,EXIT
BLUSPRING,Bluspring Enterprises Limited,Industrials,Specialty Business Services,112.2300033569336,False,34.05,False,True,29.73,29.95,True,3484.0,True,HOLD
CNL,Creative Newtech Limited,Technology,Electronics & Computer Distribution,1116.8499755859375,True,69.0,True,True,74.55,73.6,True,1783.0,True,ADD
IPL,India Pesticides Limited,Basic Materials,Agricultural Inputs,145.2899932861328,False,119.81,False,False,-39.07,-39.39,False,885.0,False,EXIT
MVELECTRO,MVELECTRO,Industrials,Electrical Equipment & Parts,611.7000122070312,True,0.0,False,False,,,False,,False,EXIT
SMCGLOBAL,SMC Global Securities Limited,Financial Services,Capital Markets,79.54000091552734,False,81.36,False,True,9.25,9.42,True,1778.0,True,HOLD
TARSONS,Tarsons Products Limited,Healthcare,Medical Instruments & Supplies,312.29998779296875,False,14.319999999999999,False,True,-27.21,-17.02,False,392.0,True,EXIT
VOEPL,Virtuoso Optoelectronics Limited,Technology,Consumer Electronics,505.95001220703125,True,22.79,False,False,,,False,,False,EXIT
DOLPHIN,Dolphin Offshore Enterprises (India) Limited,Energy,Oil & Gas Equipment & Services,411.04998779296875,False,72.02,True,True,-10.3,-2.08,False,340.0,False,HOLD
SUMMITSEC,Summit Securities Limited,Financial Services,Capital Markets,1498.699951171875,False,65.09,False,False,-29.34,-29.0,False,141.0,False,EXIT
DIFFNKG,DIFFNKG,Industrials,Specialty Industrial Machinery,441.0,False,50.31999999999999,False,True,32.45,32.66,True,335.0,True,HOLD
IFGLEXPOR,IFGL Refractories Limited,Basic Materials,Building Materials,227.10000610351562,False,40.86,False,True,-7.94,-8.36,False,1653.0,True,EXIT
ASIANTILES,Asian Granito India Limited,Industrials,Building Products & Equipment,55.11000061035156,False,75.72,False,False,-8.58,-8.27,False,1564.0,False,EXIT
WENDT,Wendt (India) Limited,Industrials,Tools & Accessories,8151.0,False,18.03,False,True,-21.44,-21.1,False,234.0,True,EXIT
PNGSREVA,PNGSREVA,Consumer Cyclical,Luxury Goods,511.20001220703125,True,68.75,False,False,,,False,,False,EXIT
SHANTIGOLD,SHANTIGOLD,Consumer Cyclical,Luxury Goods,224.00999450683594,False,145.06,False,True,-11.35,-5.3,False,1106.0,True,EXIT
ATULAUTO,Atul Auto Limited,Consumer Cyclical,Auto Manufacturers,576.9000244140625,False,42.260000000000005,False,True,19.14,25.11,True,667.0,False,HOLD
KAPSTON,Kapston Services Limited,Industrials,Specialty Business Services,525.9000244140625,True,28.139999999999997,True,True,109.21,109.25,True,689.0,True,ADD
SPMLINFRA,SPML Infra Limited,Industrials,Engineering & Construction,189.94000244140625,False,74.67999999999999,False,False,-36.16,-35.79,False,1701.0,False,EXIT
GTLINFRA,GTL Infrastructure Limited,Technology,Communication Equipment,1.2400000095367432,False,1631.05,True,False,-22.0,-22.37,False,1398.0,False,EXIT
MOTISONS,MOTISONS,Consumer Cyclical,Luxury Goods,13.960000038146973,False,63.7,False,False,-37.0,-30.9,False,,False,EXIT
OMAXE,Omaxe Limited,Real Estate,Real Estate - Development,86.44999694824219,False,696.86,True,True,2.89,-13.22,False,1839.0,False,HOLD
DOLLAR,Dollar Industries Limited,Consumer Cyclical,Apparel Manufacturing,279.5,False,107.43,False,False,-33.74,-27.65,False,1710.0,True,EXIT
ONEPOINT,One Point One Solutions Limited,Industrials,Specialty Business Services,60.33000183105469,False,37.550000000000004,False,True,23.89,24.12,True,256.0,True,HOLD
VIDHIING,Vidhi Specialty Food Ingredients Limited,Basic Materials,Specialty Chemicals,316.6499938964844,False,53.25000000000001,False,False,-18.58,-18.96,False,537.0,False,EXIT
DLINKINDIA,D-Link (India) Limited,Technology,Communication Equipment,444.95001220703125,False,104.05999999999999,False,True,-19.2,-19.58,False,1384.0,True,EXIT
MOBIKWIK,MOBIKWIK,Technology,Software - Infrastructure,200.3000030517578,False,78.97,True,False,-18.69,-19.07,False,1170.0,True,EXIT
IKIO,IKIO Technologies Limited,Technology,Electronic Components,204.0500030517578,False,38.09,False,True,2.75,2.23,True,486.0,True,HOLD
KABRAEXTRU,Kabra Extrusiontechnik Limited,Industrials,Specialty Industrial Machinery,448.6000061035156,False,13.950000000000001,False,True,66.37,66.51,True,670.0,False,HOLD
WALCHANNAG,Walchandnagar Industries Limited,Industrials,Engineering & Construction,230.74000549316406,False,29.89,False,True,20.96,21.2,True,,False,HOLD
NITTAGELA,Nitta Gelatin India Limited,Basic Materials,Specialty Chemicals,1722.9000244140625,False,103.25999999999999,False,False,,,False,,False,EXIT
DSSL,Dynacons Systems & Solutions Limited,Technology,Information Technology Services,1227.699951171875,False,84.69000000000001,True,True,20.7,20.08,True,1267.0,True,HOLD
INDORAMA,Indo Rama Synthetics (India) Limited,Consumer Cyclical,Textile Manufacturing,59.45000076293945,False,161.20000000000002,False,True,5.35,11.36,True,4259.0,True,HOLD
DIGITIDE,Digitide Solutions Limited,Industrials,Specialty Business Services,103.63999938964844,False,23.97,False,False,-55.98,-55.57,False,3269.0,True,EXIT
TTKHLTCARE,TTK Healthcare Limited,Healthcare,Drug Manufacturers - General,1084.800048828125,False,61.44,False,True,-18.84,-8.71,False,,False,EXIT
SDBL,Som Distilleries & Breweries Limited,Consumer Defensive,Beverages - Brewers,73.33000183105469,False,121.55,True,False,-50.86,-55.72,False,1443.0,True,EXIT
JAGSNPHARM,Jagsonpal Pharmaceuticals Limited,Healthcare,Drug Manufacturers - Specialty & Generic,231.2100067138672,False,45.47,False,True,-28.45,-18.25,False,269.0,True,EXIT
IGPL,I G Petrochemicals Limited,Basic Materials,Chemicals,492.8999938964844,False,53.92,False,True,3.15,2.7,True,2352.0,False,HOLD
BHARATSE,Bharat Seats Limited,Consumer Cyclical,Auto Parts,240.88999938964844,False,42.23,True,True,113.42,119.16,True,1289.0,True,HOLD
JAYBARMARU,Jay Bharat Maruti Limited,Consumer Cyclical,Auto Parts,139.32000732421875,False,139.68,True,True,49.9,55.8,True,2344.0,False,HOLD
AMRUTANJAN,Amrutanjan Health Care Limited,Healthcare,Drug Manufacturers - Specialty & Generic,521.4000244140625,False,57.910000000000004,False,False,-36.53,-26.28,False,177.0,True,EXIT
NAVKARCORP,Navkar Corporation Limited,Industrials,Integrated Freight & Logistics,99.62000274658203,False,38.07,False,False,-23.96,-23.62,False,371.0,True,EXIT
IVALUE,iValue Infosolutions Limited,Technology,Information Technology Services,273.95001220703125,False,103.66,False,True,,,False,1296.0,False,EXIT
ARFIN,Arfin India Limited,Basic Materials,Aluminum,88.02999877929688,False,15.44,False,True,141.84,141.0,True,616.0,True,HOLD
IZMO,IZMO Limited,Technology,Software - Application,984.25,False,47.56,False,True,136.5,135.17,True,225.0,True,HOLD
RATNAVEER,Ratnaveer Precision Engineering Limited,Basic Materials,Steel,206.10000610351562,False,67.59,False,True,47.04,46.47,True,,False,HOLD
ASALCBR,Associated Alcohols & Breweries Limited,Consumer Defensive,Beverages - Wineries & Distilleries,732.9000244140625,False,82.64,False,False,-28.56,-33.58,False,1075.0,True,EXIT
IGARASHI,Igarashi Motors India Limited,Consumer Cyclical,Auto Parts,465.1499938964844,False,12.139999999999999,False,True,-27.65,-21.56,False,176.0,True,EXIT
GPTINFRA,GPT Infraprojects Limited,Industrials,Engineering & Construction,115.79000091552734,False,97.31,True,True,-13.12,-12.8,False,1188.0,True,HOLD
SOLARWORLD,SOLARWORLD,Technology,Solar,168.42999267578125,False,117.00999999999999,False,False,,,False,545.0,True,EXIT
AYMSYNTEX,AYM Syntex Limited,Consumer Cyclical,Textile Manufacturing,247.9499969482422,False,14.450000000000001,True,True,14.59,20.57,True,1489.0,True,HOLD
UGROCAP,UGRO Capital Limited,Financial Services,Credit Services,95.08000183105469,False,174.82,False,False,-47.96,-47.53,False,,False,EXIT
PNBGILTS,PNB Gilts Ltd.,Financial Services,Capital Markets,80.69999694824219,False,369.7,False,False,-26.91,-26.58,False,,False,EXIT
TEXINFRA,Texmaco Infrastructure & Holdings Limited,Real Estate,Real Estate Services,113.61000061035156,False,10.940000000000001,False,True,27.92,11.5,True,24.0,False,HOLD
QUADFUTURE,QUADFUTURE,Industrials,Railroads,361.5,False,45.230000000000004,False,True,-12.23,-11.91,False,,False,EXIT
SESHAPAPER,Seshasayee Paper and Boards Limited,Basic Materials,Paper & Paper Products,229.2100067138672,False,92.03,False,False,-17.95,-18.33,False,2083.0,False,EXIT
SHRIRAMPPS,Shriram Properties Limited,Real Estate,Real Estate - Development,84.47000122070312,False,114.56,False,True,5.6,-10.54,False,865.0,False,EXIT
ALLTIME,ALLTIME,Consumer Defensive,Household & Personal Products,219.58999633789062,False,35.41,False,False,,,False,558.0,True,EXIT
AEROENTER,Aeroflex Enterprises Limited,Basic Materials,Steel,126.38999938964844,False,64.23,False,True,27.29,26.77,True,578.0,True,HOLD
SIGNPOST,Signpost India Limited,Communication Services,Advertising Agencies,267.54998779296875,False,70.12,True,True,36.22,17.02,True,453.0,True,HOLD
STEELXIND,Steel Exchange India Limited,Basic Materials,Steel,11.210000038146973,False,31.79,False,True,-2.42,-2.85,False,506.0,True,EXIT
UDS,Updater Services Limited,Industrials,Specialty Business Services,210.02999877929688,False,86.81,False,True,-24.51,-24.17,False,2736.0,True,EXIT
ONIDA,Onida Electronics Limited,Consumer Cyclical,"Furnishings, Fixtures & Appliances",38.380001068115234,False,74.74,False,True,115.14,120.88,True,,False,HOLD
GENESYS,Genesys International Corporation Limited,Technology,Software - Application,227.4499969482422,False,32.57,False,False,-64.49,-64.6,False,284.0,True,EXIT
ALLCARGO,Allcargo Logistics Limited,Industrials,Integrated Freight & Logistics,9.260000228881836,False,123.92,False,False,-78.44,-77.98,False,19062.0,False,EXIT
CLSEL,Chaman Lal Setia Exports Ltd.,Consumer Defensive,Packaged Foods,278.1000061035156,False,114.77,False,True,-3.54,-8.72,False,,False,EXIT
ASTEC,Astec LifeSciences Limited,Basic Materials,Agricultural Inputs,620.5,False,75.22,False,False,-29.42,-29.78,False,677.0,False,EXIT
FAZE3Q,Faze Three Limited,Consumer Cyclical,Textile Manufacturing,569.2000122070312,False,43.97,False,True,-6.26,-0.23,False,690.0,True,EXIT
JAGRAN,Jagran Prakashan Limited,Communication Services,Publishing,63.459999084472656,False,196.96999999999997,False,False,2.17,-16.57,False,2363.0,False,EXIT
SPIC,Southern Petrochemical Industries Corporation Limited,Basic Materials,Agricultural Inputs,67.80000305175781,False,211.49,False,False,-26.47,-26.83,False,3086.0,True,EXIT
BHARATWIRE,Bharat Wire Ropes Limited,Basic Materials,Steel,201.1699981689453,False,72.45,False,True,11.97,11.5,True,622.0,True,HOLD
NINSYS,NINtec Systems Limited,Technology,Information Technology Services,739.0999755859375,False,32.010000000000005,True,True,70.56,69.62,True,140.0,True,HOLD
IMPAL,India Motor Parts & Accessories Limited,Consumer Cyclical,Auto Parts,1097.699951171875,False,92.75,True,True,-4.18,1.85,False,741.0,True,HOLD
DCW,DCW Limited,Basic Materials,Chemicals,46.349998474121094,False,48.18,False,False,-42.12,-42.44,False,1327.0,False,EXIT
JYOTISTRUC,Jyoti Structures Limited,Industrials,Specialty Industrial Machinery,11.4399995803833,False,56.03,False,False,-36.15,-35.78,False,3636.0,False,EXIT
WAAREEINDO,Indosolar Limited,Technology,Solar,327.6000061035156,False,236.88,False,False,-13.12,-13.54,False,,False,EXIT
PUNJABCHEM,Punjab Chemicals and Crop Protection Limited,Basic Materials,Chemicals,1111.0999755859375,False,65.4,False,False,-20.68,-21.06,False,1006.0,False,EXIT
PRECAM,Precision Camshafts Limited,Consumer Cyclical,Auto Parts,143.2899932861328,False,51.25000000000001,False,False,-28.04,-21.95,False,1080.0,False,EXIT
AGL,AGL,Industrials,Integrated Freight & Logistics,13.84000015258789,False,0.0,False,False,,,False,,False,EXIT
UNIENTER,Uniphos Enterprises Limited,Basic Materials,Chemicals,97.16000366210938,False,25.61,False,False,-40.89,-41.21,False,,False,EXIT
CAPITALSFB,Capital Small Finance Bank Limited,Financial Services,Banks - Regional,296.20001220703125,False,147.79999999999998,False,True,-7.85,-7.61,False,,False,EXIT
SULA,Sula Vineyards Limited,Consumer Defensive,Beverages - Wineries & Distilleries,158.5500030517578,False,25.65,False,False,-39.66,-44.6,False,579.0,True,EXIT
MOL,Meghmani Organics Limited,Basic Materials,Agricultural Inputs,52.619998931884766,False,71.3,False,False,-43.84,-44.15,False,2557.0,False,EXIT
CENTENKA,Century Enka Limited,Consumer Cyclical,Textile Manufacturing,610.25,False,147.16,True,True,13.35,19.33,True,2072.0,False,HOLD
ASIANHOTNR,Asian Hotels (North) Limited,Consumer Cyclical,Lodging,312.70001220703125,False,164.85000000000002,True,True,-2.18,3.85,False,354.0,False,HOLD
MENONBE,Menon Bearings Limited,Consumer Cyclical,Auto Parts,237.35000610351562,True,45.57,True,True,75.06,80.9,True,243.0,True,ADD
GALAPREC,GALAPREC,Industrials,Specialty Industrial Machinery,1036.4000244140625,False,35.480000000000004,False,True,18.29,18.54,True,238.0,True,HOLD
PASHUPATI,Pashupati Cotspin Limited,Consumer Cyclical,Textile Manufacturing,83.97000122070312,False,10.39,False,False,10.83,16.82,True,661.0,False,EXIT
RGL,Renaissance Global Limited,Consumer Cyclical,Luxury Goods,123.19999694824219,False,65.47,False,True,-0.19,5.83,False,2591.0,False,EXIT
SHREEPUSHK,Shree Pushkar Chemicals & Fertilisers Limited,Basic Materials,Specialty Chemicals,407.1000061035156,False,70.1,True,True,9.57,9.1,True,806.0,True,HOLD
RUPA,Rupa & Company Limited,Consumer Cyclical,Apparel Manufacturing,164.85000610351562,False,72.49,False,True,-30.31,-24.22,False,1430.0,False,EXIT
GPTHEALTH,GPT Healthcare Limited,Healthcare,Medical Care Facilities,159.44000244140625,False,42.22,False,True,-16.45,-6.33,False,337.0,True,EXIT
KALAMANDIR,Sai Silks (Kalamandir) Limited,Consumer Cyclical,Apparel Retail,88.7699966430664,False,126.49000000000001,False,False,-60.27,-54.11,False,1462.0,True,EXIT
KROSS,KROSS,Consumer Cyclical,Auto Parts,202.75,False,57.81999999999999,False,True,9.43,15.42,True,,False,HOLD
DEN,DEN Networks Limited,Communication Services,Entertainment,27.31999969482422,False,167.32,False,False,-10.56,-29.12,False,1307.0,False,EXIT
NIITLTD,NIIT Limited,Consumer Defensive,Education & Training Services,95.06999969482422,False,20.84,False,True,-18.24,-23.33,False,513.0,False,EXIT
SURAKSHA,SURAKSHA,Healthcare,Diagnostics & Research,249.5500030517578,False,32.19,False,False,-28.77,-18.57,False,252.0,True,EXIT
EXPLEOSOL,Expleo Solutions Limited,Technology,Information Technology Services,836.75,False,123.98,False,False,-29.84,-30.16,False,1025.0,True,EXIT
DHANBANK,Dhanlaxmi Bank Limited,Financial Services,Banks - Regional,32.79999923706055,False,104.46000000000001,False,True,18.09,18.22,True,,False,HOLD
ICEMAKE,Ice Make Refrigeration Limited,Industrials,Specialty Industrial Machinery,820.2000122070312,False,15.03,False,True,0.31,0.59,True,480.0,True,HOLD
EXCELINDUS,Excel Industries Limited,Basic Materials,Specialty Chemicals,1029.0,False,75.66999999999999,False,True,-22.78,-23.15,False,1178.0,False,EXIT
FINOPB,Fino Payments Bank Limited,Financial Services,Banks - Regional,154.9600067138672,False,67.31,False,False,-41.38,-40.99,False,,False,EXIT
INDOBORAX,Indo Borax & Chemicals Limited,Basic Materials,Chemicals,400.3999938964844,False,50.260000000000005,False,True,41.27,40.72,True,225.0,False,HOLD
INDOTHAI,Indo Thai Securities Limited,Financial Services,Capital Markets,99.58999633789062,False,54.21,True,False,-51.0,-50.57,False,58.0,False,EXIT
RSL,RSL,Basic Materials,Steel,152.72000122070312,True,21.369999999999997,False,False,,,False,,False,EXIT
ROTO,Roto Pumps Limited,Industrials,Specialty Industrial Machinery,67.47000122070312,False,24.770000000000003,False,True,-23.9,-23.56,False,298.0,True,EXIT
GULPOLY,Gulshan Polyols Limited,Basic Materials,Chemicals,204.8699951171875,False,107.33,True,True,15.22,14.74,True,2020.0,True,HOLD
OAL,Oriental Aromatics Limited,Basic Materials,Specialty Chemicals,378.5,False,9.16,False,True,4.12,3.67,True,935.0,True,HOLD
ELECTHERM,Electrotherm (India) Limited,Basic Materials,Steel,995.2999877929688,False,98.42,False,True,24.01,23.5,True,4272.0,False,HOLD
RUBYMILLS,The Ruby Mills Limited,Consumer Cyclical,Textile Manufacturing,378.5,False,43.56,False,True,50.72,56.61,True,260.0,False,HOLD
EKC,Everest Kanto Cylinder Limited,Industrials,Specialty Industrial Machinery,112.68000030517578,False,146.85000000000002,False,False,-18.71,-18.39,False,1699.0,False,EXIT
SYNCOMF,Syncom Formulations (India) Limited,Healthcare,Drug Manufacturers - Specialty & Generic,13.449999809265137,False,76.43,True,False,-40.42,-30.14,False,463.0,True,EXIT
GODAVARIB,GODAVARIB,Basic Materials,Chemicals,246.9499969482422,False,118.74,True,False,-20.96,-21.34,False,2015.0,False,EXIT
BLKASHYAP,B.L. Kashyap and Sons Limited,Industrials,Engineering & Construction,55.97999954223633,False,43.82,False,True,-25.55,-25.21,False,1349.0,False,EXIT
GYFTR,Gyftr Limited,Industrials,Specialty Business Services,164.3000030517578,True,21.81,False,False,,,False,,False,EXIT
BOROSCI,Borosil Scientific Limited,Consumer Cyclical,Packaging & Containers,141.85000610351562,False,42.94,True,True,-19.27,-13.21,False,434.0,True,HOLD
BHAGYANGR,Bhagyanagar India Limited,Basic Materials,Copper,393.20001220703125,False,59.15,True,True,337.22,335.83,True,1847.0,False,HOLD
MWL,MWL,Basic Materials,Steel,42.29999923706055,True,51.89,False,True,121.96,121.17,True,1060.0,True,HOLD
DOLATALGO,Dolat Algotech Limited,Financial Services,Capital Markets,71.01000213623047,False,128.93,False,False,-23.64,-23.32,False,530.0,True,EXIT
HARIOMPIPE,Hariom Pipe Industries Limited,Basic Materials,Steel,398.8999938964844,False,75.69999999999999,True,True,-14.36,-14.75,False,1604.0,True,HOLD
ALLDIGI,Alldigi Tech Limited,Industrials,Specialty Business Services,810.3499755859375,False,82.73,False,False,-29.15,-28.79,False,546.0,True,EXIT
PLATIND,Platinum Industries Limited,Basic Materials,Specialty Chemicals,224.75,False,0.0,False,False,-22.96,-23.33,False,392.0,True,EXIT
RAJRILTD,Raj Rayon Industries Limited,Consumer Cyclical,Textile Manufacturing,21.850000381469727,False,33.989999999999995,False,False,-30.83,-24.74,False,,False,EXIT
ARIHANT,Arihant Foundations & Housing Limited,Real Estate,Real Estate - Development,1124.5999755859375,True,60.63,False,False,,,False,,False,EXIT
MANAKCOAT,Manaksia Coated Metals & Industries Limited,Industrials,Metal Fabrication,114.51000213623047,False,40.83,True,False,-30.06,-29.7,False,782.0,True,EXIT
BUTTERFLY,Butterfly Gandhimathi Appliances Limited,Consumer Cyclical,"Furnishings, Fixtures & Appliances",681.75,False,45.64,False,True,-17.38,-11.32,False,,False,EXIT
STLNETWORK,STLNETWORK,Communication Services,Telecom Services,24.889999389648438,False,98.57,False,True,,,False,1180.0,True,EXIT
ALICON,Alicon Castalloy Limited,Industrials,Metal Fabrication,742.75,False,34.440000000000005,False,False,-18.58,-18.25,False,1526.0,True,EXIT
IRMENERGY,IRM Energy Limited,Utilities,Utilities - Regulated Gas,294.25,False,53.220000000000006,False,True,13.54,2.96,True,980.0,False,HOLD
AVADHSUGAR,Avadh Sugar & Energy Limited,Consumer Defensive,Confectioners,601.0499877929688,False,87.31,False,True,39.44,33.97,True,,False,HOLD
SEPC,SEPC Limited,Industrials,Engineering & Construction,6.179999828338623,False,53.540000000000006,True,False,-51.01,-50.61,False,1208.0,False,EXIT
LINCOLN,Lincoln Pharmaceuticals Limited,Healthcare,Drug Manufacturers - Specialty & Generic,600.1500244140625,False,87.89000000000001,False,True,-14.75,-4.64,False,623.0,True,EXIT
SUMEETINDS,Sumeet Industries Limited,Consumer Cyclical,Textile Manufacturing,17.280000686645508,False,34.379999999999995,False,False,-40.07,-33.96,False,1406.0,False,EXIT
ULTRAMAR,Ultramarine & Pigments Limited,Basic Materials,Specialty Chemicals,410.75,False,80.79,False,False,,,False,,False,EXIT
SRM,SRM,Industrials,Engineering & Construction,520.7000122070312,False,111.02,False,True,9.73,9.99,True,528.0,True,HOLD
ANDHRSUGAR,The Andhra Sugars Limited,Basic Materials,Chemicals,87.9800033569336,False,83.22,False,True,13.74,13.26,True,2368.0,False,HOLD
CENTRUM,Centrum Capital Limited,Financial Services,Financial Conglomerates,25.1299991607666,False,165.4,True,False,-39.61,-39.23,False,9895.0,False,EXIT
ANDHRAPAP,Andhra Paper Limited,Basic Materials,Paper & Paper Products,59.849998474121094,False,59.14,False,False,-26.22,-26.59,False,,False,EXIT
LAXMIDENTL,LAXMIDENTL,Healthcare,Medical Instruments & Supplies,216.0800018310547,False,28.98,False,False,-60.96,-50.55,False,239.0,True,EXIT
GCSL,Gretex Corporate Services Limited,Financial Services,Capital Markets,523.9500122070312,True,18.69,False,True,,,False,262.0,True,EXIT
ORIENTTECH,ORIENTTECH,Technology,Information Technology Services,258.75,False,43.830000000000005,False,False,-13.51,-13.93,False,840.0,True,EXIT
AWHCL,Antony Waste Handling Cell Limited,Industrials,Waste Management,415.75,False,75.45,False,False,-34.17,-33.81,False,934.0,True,EXIT
ARROWGREEN,Arrow Greentech Limited,Consumer Cyclical,Packaging & Containers,781.4000244140625,False,47.35,False,True,-8.72,-2.68,False,243.0,True,EXIT
APEX,Apex Frozen Foods Limited,Consumer Defensive,Farm Products,376.75,False,38.85,False,True,72.51,66.83,True,,False,HOLD
GHCLTEXTIL,GHCL Textiles Limited,Consumer Cyclical,Textile Manufacturing,121.58999633789062,True,96.2,False,True,40.32,46.24,True,,False,HOLD
GREENPOWER,Orient Green Power Company Limited,Utilities,Utilities - Independent Power Producers,9.819999694824219,False,147.47,True,False,-20.53,-30.2,False,413.0,False,EXIT
ARIHANTSUP,Arihant Superstructures Limited,Real Estate,Real Estate - Development,265.5,False,32.58,False,False,-25.61,-41.36,False,510.0,False,EXIT
RIIL,Reliance Industrial Infrastructure Limited,Industrials,Engineering & Construction,758.5499877929688,False,12.17,False,False,-15.83,-15.51,False,102.0,False,EXIT
NAHARSPING,Nahar Spinning Mills Limited,Consumer Cyclical,Textile Manufacturing,316.25,False,56.940000000000005,False,True,35.96,41.89,True,,False,HOLD
VHL,Vardhman Holdings Limited,Financial Services,Credit Services,3568.699951171875,False,216.02999999999997,False,True,-11.13,-10.87,False,70.0,False,EXIT
JPOLYINVST,Jindal Poly Investment and Finance Company Limited,Financial Services,Asset Management,1066.199951171875,False,857.5099999999999,True,True,38.36,38.4,True,3125.0,False,HOLD
BIL,Bhartiya International Ltd.,Consumer Cyclical,Footwear & Accessories,830.3499755859375,False,30.990000000000002,False,True,-10.56,-4.52,False,1029.0,True,EXIT
HMAAGRO,HMA Agro Industries Limited,Consumer Defensive,Packaged Foods,22.229999542236328,False,164.75,False,False,-27.12,-32.15,False,4862.0,True,EXIT
MANALIPETC,Manali Petrochemicals Limited,Basic Materials,Specialty Chemicals,64.63999938964844,False,129.96,False,True,-2.85,-3.28,False,1672.0,False,EXIT
BAJAJHCARE,Bajaj HealthCare Limited,Healthcare,Drug Manufacturers - Specialty & Generic,329.79998779296875,False,64.05,False,False,-41.81,-31.52,False,,False,EXIT
NELCAST,Nelcast Limited,Industrials,Metal Fabrication,125.61000061035156,False,48.81,False,True,-32.62,-32.25,False,1267.0,False,EXIT
JINDALPHOT,Jindal Photo Limited,Financial Services,Asset Management,1063.0,False,222.42,False,False,24.56,24.66,True,1412.0,False,EXIT
AVTNPL,AVT Natural Products Limited,Basic Materials,Specialty Chemicals,71.86000061035156,False,64.8,False,True,-0.65,-1.09,False,582.0,False,EXIT
BCLIND,BCL Industries Limited,Consumer Defensive,Beverages - Wineries & Distilleries,36.959999084472656,False,114.97999999999999,True,True,-14.92,-20.03,False,2815.0,True,HOLD
AMBIKCO,Ambika Cotton Mills Limited,Consumer Cyclical,Textile Manufacturing,1904.300048828125,False,71.56,False,True,20.83,26.8,True,,False,HOLD
YUKEN,Yuken India Limited,Industrials,Specialty Industrial Machinery,800.0499877929688,False,15.489999999999998,False,True,-26.89,-26.54,False,457.0,True,EXIT
TNPL,Tamil Nadu Newsprint and Papers Limited,Basic Materials,Paper & Paper Products,156.60000610351562,False,276.6,False,True,-5.7,-6.13,False,,False,EXIT
ARIS,Arisinfra Solutions Limited,Industrials,Engineering & Construction,132.4199981689453,False,52.72,True,True,-16.44,-16.12,False,768.0,True,HOLD
GANDHITUBE,Gandhi Special Tubes Limited,Industrials,Metal Fabrication,889.7000122070312,False,68.36,True,True,16.44,16.69,True,173.0,True,HOLD
SALZERELEC,Salzer Electronics Limited,Industrials,Electrical Equipment & Parts,608.9500122070312,False,52.94,True,False,-33.64,-33.27,False,1418.0,True,EXIT
DAMCAPITAL,DAMCAPITAL,Financial Services,Capital Markets,152.02000427246094,False,72.69,False,False,-33.41,-33.05,False,250.0,True,EXIT
SHREDIGCEM,Shree Digvijay Cement Company Limited,Basic Materials,Building Materials,72.54000091552734,False,35.53,False,False,-14.52,-14.92,False,792.0,False,EXIT
AMNPLST,Amines & Plasticizers Limited,Basic Materials,Chemicals,194.6999969482422,False,36.53,False,True,-12.6,-13.0,False,661.0,True,EXIT
MADRASFERT,Madras Fertilizers Limited,Basic Materials,Agricultural Inputs,66.41000366210938,False,80.42,False,False,-30.23,-30.58,False,,False,EXIT
GRPLTD,GRP Limited,Consumer Cyclical,Auto Parts,2003.5,False,8.35,False,True,-17.37,-11.31,False,550.0,True,EXIT
EIMCOELECO,Eimco Elecon (India) Limited,Industrials,Farm & Heavy Construction Machinery,1849.0,False,48.74000000000001,True,True,-28.6,-28.25,False,228.0,True,HOLD
CREST,Crest Ventures Limited,Financial Services,Financial Conglomerates,377.0,False,48.51,False,True,-3.61,-3.39,False,,False,EXIT
GKSL,GKSL,Healthcare,Medical Care Facilities,134.3800048828125,False,17.060000000000002,False,False,,,False,40.24,True,EXIT
HITECHGEAR,The Hi-Tech Gears Limited,Consumer Cyclical,Auto Parts,560.4500122070312,False,20.979999999999997,False,False,-29.33,-23.24,False,1169.0,False,EXIT
MAMATA,MAMATA,Industrials,Specialty Industrial Machinery,428.20001220703125,False,15.06,False,True,-13.84,-13.52,False,255.0,True,EXIT
BALAJITELE,Balaji Telefilms Limited,Communication Services,Entertainment,85.72000122070312,False,49.089999999999996,False,False,-0.1,-18.8,False,625.0,False,EXIT
SWELECTES,Swelect Energy Systems Limited,Technology,Solar,670.5999755859375,False,55.17,False,True,3.67,3.15,True,622.0,True,HOLD
MONTECARLO,Monte Carlo Fashions Limited,Consumer Cyclical,Apparel Manufacturing,499.70001220703125,False,144.6,True,False,-20.6,-14.54,False,1118.0,False,EXIT
SUYOG,Suyog Telematics Limited,Communication Services,Telecom Services,880.4500122070312,False,63.06,False,True,22.01,3.01,True,193.0,True,HOLD
SALASAR,Salasar Techno Engineering Limited,Basic Materials,Steel,5.880000114440918,False,42.199999999999996,False,False,-20.1,-20.49,False,1447.0,True,EXIT
THEMISMED,Themis Medicare Limited,Healthcare,Drug Manufacturers - Specialty & Generic,110.5,False,36.82,False,True,-18.54,-8.41,False,406.0,True,EXIT
MUNJALAU,Munjal Auto Industries Limited,Consumer Cyclical,Auto Parts,102.45999908447266,False,40.74,False,True,31.56,37.5,True,2123.0,False,HOLD
AFSL,Abans Financial Services Limited,Financial Services,Capital Markets,201.0399932861328,False,104.07000000000001,False,False,-13.46,-13.19,False,4377.0,False,EXIT
STEL,STEL Holdings Limited,Financial Services,Asset Management,552.9500122070312,False,11.99,False,True,30.69,30.76,True,22.0,True,HOLD
JARO,JARO,Consumer Defensive,Education & Training Services,458.20001220703125,False,50.44,False,False,,,False,199.0,True,EXIT
LGHL,LGHL,Consumer Cyclical,Luxury Goods,202.82000732421875,False,15.24,True,False,-43.45,-37.33,False,202.0,False,EXIT
HIMATSEIDE,Himatsingka Seide Limited,Consumer Cyclical,Textile Manufacturing,80.69000244140625,False,61.97,False,False,-46.02,-39.89,False,3184.0,False,EXIT
PRIMESECU,Prime Securities Limited,Financial Services,Capital Markets,296.04998779296875,False,29.290000000000003,False,True,7.63,7.8,True,89.0,True,HOLD
WEALTH,Wealth First Portfolio Managers Limited,Financial Services,Capital Markets,937.5499877929688,False,38.67,False,False,-27.81,-27.47,False,331.0,False,EXIT
KRISHIVAL,KRISHIVAL,Consumer Defensive,Packaged Foods,389.20001220703125,False,21.48,True,True,4.11,-1.13,False,202.0,True,HOLD
MATRIMONY,Matrimony.com Limited,Communication Services,Internet Content & Information,480.79998779296875,False,34.17,False,True,4.71,-14.06,False,481.0,False,EXIT
KAMDHENU,Kamdhenu Limited,Basic Materials,Steel,35.18000030517578,False,85.62,True,True,15.37,14.89,True,924.0,False,HOLD
SOLEX,SOLEX,Technology,Solar,911.7000122070312,False,86.16,True,False,-32.01,-32.31,False,662.0,True,EXIT
MASTERTR,Master Trust Limited,Financial Services,Capital Markets,79.6500015258789,False,126.08999999999999,False,False,-56.77,-56.31,False,584.0,True,EXIT
RSWM,RSWM Limited,Consumer Cyclical,Textile Manufacturing,207.6300048828125,False,52.02,False,True,26.14,32.09,True,4826.0,True,HOLD
PRECOT,Precot Limited,Consumer Cyclical,Textile Manufacturing,813.25,True,28.29,False,True,49.04,54.94,True,993.0,False,HOLD
HEALTHX,Health X Platform Limited,Healthcare,Pharmaceutical Retailers,306.6499938964844,False,48.900000000000006,False,True,-5.6,4.45,False,,False,EXIT
SUDARCOLOR,Sudarshan Colorants India Limited,Basic Materials,Specialty Chemicals,421.04998779296875,False,48.519999999999996,False,True,-32.9,-33.24,False,973.0,False,EXIT
GKWLIMITED,GKW Limited,Industrials,Specialty Business Services,1628.699951171875,False,40.09,True,False,-4.88,-4.58,False,117.78,False,EXIT
DHAMPURSUG,Dhampur Sugar Mills Limited,Consumer Defensive,Confectioners,150.88999938964844,False,86.03999999999999,False,True,10.82,5.54,True,3484.0,False,HOLD
GEMAROMA,GEMAROMA,Basic Materials,Chemicals,185.4600067138672,False,36.18,False,True,,,False,504.0,True,EXIT
SURAJEST,SURAJEST,Real Estate,Real Estate - Development,201.61000061035156,False,75.47,False,False,-18.56,-34.4,False,549.0,True,EXIT
UTTAMSUGAR,Uttam Sugar Mills Limited,Consumer Defensive,Confectioners,252.77000427246094,False,100.28,False,True,6.17,0.92,True,2047.0,False,HOLD
SIGACHI,Sigachi Industries Limited,Healthcare,Drug Manufacturers - Specialty & Generic,25.170000076293945,False,121.52999999999999,False,False,-37.75,-27.49,False,488.0,True,EXIT
EXCELSOFT,EXCELSOFT,Technology,Software - Application,83.6500015258789,False,53.39,False,False,,,False,233.0,True,EXIT
MAXIND,Max India Limited,Healthcare,Medical Care Facilities,171.0800018310547,False,121.85000000000001,False,False,-31.14,-20.93,False,233.0,False,EXIT
CONSOFINVT,Consolidated Finvest & Holdings Limited,Financial Services,Capital Markets,296.25,False,63.26,False,True,49.37,49.36,True,,False,HOLD
ZUARI,Zuari Agro Chemicals Limited,Basic Materials,Agricultural Inputs,227.5500030517578,False,989.3599999999999,True,False,-42.29,-42.61,False,8103.0,False,EXIT
BSHSL,Bombay Super Hybrid Seeds Limited,Basic Materials,Agricultural Inputs,91.0,False,23.14,False,False,-35.51,-35.85,False,,False,EXIT
TVSELECT,TVS Electronics Limited,Technology,Computer Hardware,506.8999938964844,False,8.36,False,True,17.01,16.41,True,4112.0,False,HOLD
MAFATIND,Mafatlal Industries Limited,Unknown,Unknown,132.1300048828125,False,89.98,False,False,,,False,,False,EXIT
GAUDIUMIVF,GAUDIUMIVF,Healthcare,Medical Care Facilities,130.9499969482422,False,21.849999999999998,False,False,,,False,71.0,True,EXIT
KECL,Kirloskar Electric Company Limited,Industrials,Specialty Industrial Machinery,143.50999450683594,False,15.13,False,True,14.58,14.84,True,680.0,False,HOLD
INDOAMIN,Indo Amines Limited,Basic Materials,Chemicals,130.72000122070312,False,79.33,True,True,-10.43,-10.83,False,1079.0,True,HOLD
UNIECOM,UNIECOM,Technology,Software - Application,84.25,False,20.45,False,False,-32.73,-33.03,False,135.0,True,EXIT
FAIRCHEMOR,Fairchem Organics Limited,Basic Materials,Specialty Chemicals,749.9500122070312,False,14.569999999999999,False,True,-18.16,-18.55,False,,False,EXIT
TEMBO,Tembo Global Industries Limited,Industrials,Metal Fabrication,60.95000076293945,False,96.35,False,True,22.98,23.21,True,744.0,True,HOLD
DVL,Dhunseri Ventures Limited,Financial Services,Capital Markets,268.05999755859375,False,112.34,False,True,-26.72,-26.39,False,4172.0,False,EXIT
SGIL,Synergy Green Industries Limited,Industrials,Metal Fabrication,603.2999877929688,True,7.64,False,True,11.99,12.25,True,,False,HOLD
GAYAPROJ,Gayatri Projects Limited,Industrials,Engineering & Construction,20.09000015258789,False,2272.04,False,True,128.31,128.31,True,,False,HOLD
IRISDOREME,Iris Clothings Limited,Consumer Cyclical,Apparel Manufacturing,54.52000045776367,False,16.55,False,True,59.86,65.73,True,,False,HOLD
PDMJEPAPER,Pudumjee Paper Products Limited,Basic Materials,Paper & Paper Products,97.62999725341797,False,93.59,False,True,-26.72,-27.08,False,,False,EXIT
NRAIL,N R Agarwal Industries Limited,Basic Materials,Paper & Paper Products,544.5499877929688,True,46.65,False,True,41.67,41.12,True,,False,HOLD
CONTROLPR,Control Print Limited,Industrials,Business Equipment & Supplies,579.2000122070312,False,38.959999999999994,False,False,-27.88,-27.53,False,425.0,True,EXIT
RAJOOENG,Rajoo Engineers Limited,Industrials,Specialty Industrial Machinery,51.68000030517578,False,50.84,True,False,-54.68,-54.27,False,254.0,True,EXIT
IFBAGRO,IFB Agro Industries Limited,Consumer Defensive,Beverages - Wineries & Distilleries,973.75,False,59.650000000000006,True,False,20.82,15.48,True,1246.0,False,HOLD
ESTER,Ester Industries Limited,Basic Materials,Specialty Chemicals,87.3499984741211,False,43.22,False,False,-23.7,-24.07,False,1282.0,True,EXIT
TNPETRO,Tamilnadu Petroproducts Limited,Basic Materials,Specialty Chemicals,101.02999877929688,False,97.46000000000001,False,True,2.63,2.19,True,2150.0,False,HOLD
COMSYN,Commercial Syn Bags Limited,Consumer Cyclical,Packaging & Containers,224.8300018310547,True,26.31,False,True,59.9,65.78,True,341.0,True,HOLD
BHAGERIA,Bhageria Industries Limited,Basic Materials,Specialty Chemicals,207.42999267578125,False,68.44,False,True,12.71,12.23,True,597.0,True,HOLD
MODISONLTD,Modison Limited,Industrials,Electrical Equipment & Parts,278.95001220703125,False,72.53,True,True,70.79,70.92,True,490.0,True,HOLD
BORANA,BORANA,Consumer Cyclical,Textile Manufacturing,339.6000061035156,False,64.61,False,True,43.09,49.0,True,,False,HOLD
PVP,PVP Ventures Limited,Industrials,Conglomerates,34.7400016784668,False,7.38,False,True,74.38,74.49,True,159.97,False,HOLD
HEXATRADEX,Hexa Tradex Limited,Financial Services,Credit Services,163.32000732421875,False,8.72,False,False,-13.26,-12.99,False,133.23,False,EXIT
WCIL,WCIL,Industrials,Integrated Freight & Logistics,88.45999908447266,False,38.82,False,False,-27.53,-27.18,False,1726.0,True,EXIT
DHARMAJ,Dharmaj Crop Guard Limited,Basic Materials,Agricultural Inputs,265.54998779296875,False,54.650000000000006,True,True,-21.91,-22.28,False,951.0,True,HOLD
SADHNANIQ,Sadhana Nitro Chem Limited,Basic Materials,Chemicals,3.0199999809265137,False,86.43,True,False,-57.61,-57.88,False,267.0,False,EXIT
SALSTEEL,S.A.L. Steel Limited,Basic Materials,Steel,61.75,True,21.060000000000002,False,True,285.62,284.37,True,,False,HOLD
MICEL,MIC Electronics Limited,Technology,Electronic Components,37.08000183105469,False,24.03,False,False,-28.84,-29.17,False,218.0,False,EXIT
DENTA,DENTA,Industrials,Engineering & Construction,333.8500061035156,False,60.900000000000006,False,True,2.13,2.41,True,239.0,False,HOLD
SUPREMEINF,Supreme Infrastructure India Limited,Industrials,Engineering & Construction,91.36000061035156,False,6815.37,True,True,-21.34,-21.01,False,2570.0,False,HOLD
WANBURY,Wanbury Limited,Healthcare,Drug Manufacturers - Specialty & Generic,254.9499969482422,False,66.13,False,True,-14.75,-4.64,False,661.0,False,EXIT
REGAAL,REGAAL,Consumer Defensive,Packaged Foods,86.25,False,55.57,False,True,,,False,915.0,True,EXIT
SRHHYPOLTD,Sree Rayalaseema Hi-Strength Hypo Limited,Basic Materials,Chemicals,517.4500122070312,False,89.50999999999999,False,True,-17.67,-18.06,False,1650.0,False,EXIT
STERTOOLS,Sterling Tools Limited,Industrials,Tools & Accessories,244.14999389648438,False,29.330000000000005,False,False,-26.84,-26.5,False,1026.0,True,EXIT
ROHLTD,Royal Orchid Hotels Limited,Consumer Cyclical,Lodging,323.20001220703125,False,32.18,False,False,-30.98,-24.89,False,319.0,True,EXIT
KOTHARIPET,Kothari Petrochemicals Limited,Basic Materials,Specialty Chemicals,149.52000427246094,False,72.5,True,True,-8.38,-8.8,False,334.0,False,HOLD
LIKHITHA,Likhitha Infrastructure Limited,Energy,Oil & Gas Equipment & Services,221.92999267578125,False,39.209999999999994,False,True,-31.89,-23.07,False,520.0,True,EXIT
KOPRAN,Kopran Limited,Healthcare,Drug Manufacturers - General,181.22000122070312,False,45.580000000000005,False,True,-0.19,9.82,False,630.0,True,EXIT
SVLL,Shree Vasu Logistics Limited,Industrials,Trucking,758.9500122070312,False,4.04,False,True,-9.83,-9.52,False,,False,EXIT
BODALCHEM,Bodal Chemicals Limited,Basic Materials,Specialty Chemicals,68.9800033569336,False,47.82000000000001,False,True,-3.03,-3.46,False,2055.0,False,EXIT
NDTV,New Delhi Television Limited,Communication Services,Broadcasting,76.87000274658203,False,330.12,True,False,-27.74,-46.07,False,571.0,False,EXIT
GANESHBE,Ganesh Benzoplast Limited,Basic Materials,Specialty Chemicals,120.41000366210938,False,73.33,False,True,31.95,31.42,True,477.0,False,HOLD
PROSTARM,PROSTARM,Industrials,Electrical Equipment & Parts,146.00999450683594,False,32.96,False,False,-35.17,-34.8,False,351.0,True,EXIT
SANDESH,The Sandesh Limited,Communication Services,Publishing,1134.449951171875,False,134.92,False,True,-1.44,-20.13,False,419.0,False,EXIT
JITFINFRA,JITF Infralogistics Limited,Industrials,Engineering & Construction,333.45001220703125,False,48.14,False,True,-7.8,-7.5,False,2535.0,False,EXIT
STANLEY,STANLEY,Consumer Cyclical,"Furnishings, Fixtures & Appliances",149.91000366210938,False,14.9,False,False,-62.39,-56.23,False,432.0,False,EXIT
CIFL,Capital India Finance Limited,Financial Services,Credit Services,21.8799991607666,False,50.75,True,False,-39.2,-38.82,False,,False,EXIT
ORICONENT,Oricon Enterprises Limited,Consumer Cyclical,Packaging & Containers,54.119998931884766,False,34.12,False,False,-9.86,-3.82,False,1167.0,False,EXIT
VISAKAIND,Visaka Industries Limited,Industrials,Building Products & Equipment,98.72000122070312,False,102.80000000000001,False,True,8.65,8.92,True,1653.0,False,HOLD
SCODATUBES,Scoda Tubes Limited,Basic Materials,Steel,142.35000610351562,False,38.839999999999996,False,False,-26.02,-26.39,False,,False,EXIT
KOKUYOCMLN,Kokuyo Camlin Limited,Industrials,Business Equipment & Supplies,85.01000213623047,False,24.78,True,False,-28.42,-28.07,False,689.0,True,EXIT
TIRUPATIFL,Tirupati Forge Limited,Industrials,Metal Fabrication,72.06999969482422,False,6.29,False,True,86.69,86.78,True,,False,HOLD
RITCO,Ritco Logistics Limited,Industrials,Integrated Freight & Logistics,297.3500061035156,False,36.07,False,True,2.44,2.73,True,1187.0,True,HOLD
VHLTD,Viceroy Hotels Limited,Consumer Cyclical,Lodging,125.0,False,22.79,False,False,6.47,12.47,True,138.0,False,EXIT
SEJALLTD,Sejal Glass Limited,Industrials,Building Products & Equipment,718.4500122070312,False,24.490000000000002,False,False,19.82,20.06,True,244.0,True,EXIT
OMINFRAL,Om Infra Limited,Industrials,Engineering & Construction,87.3499984741211,False,22.529999999999998,False,False,-29.07,-28.71,False,1114.0,False,EXIT
QUICKHEAL,Quick Heal Technologies Limited,Technology,Software - Application,155.02000427246094,False,37.34,False,False,-52.04,-52.22,False,342.0,False,EXIT
KRYSTAL,KRYSTAL,Industrials,Specialty Business Services,600.25,False,55.46,False,True,-10.31,-10.0,False,1113.0,True,EXIT
VLSFINANCE,VLS Finance Limited,Financial Services,Capital Markets,265.1000061035156,False,170.82999999999998,False,True,12.09,12.24,True,4625.0,False,HOLD
MVGJL,Manoj Vaibhav Gems 'N' Jewellers Limited,Consumer Cyclical,Luxury Goods,169.9499969482422,False,114.98,False,False,-31.3,-25.21,False,,False,EXIT
MMP,MMP Industries Limited,Basic Materials,Aluminum,326.25,False,41.83,True,True,23.96,23.46,True,692.0,True,HOLD
SYSTMTXC,Systematix Corporate Services Limited,Financial Services,Capital Markets,60.5,False,28.640000000000004,False,False,,,False,168.0,True,EXIT
ARIHANTCAP,Arihant Capital Markets Limited,Financial Services,Capital Markets,75.47000122070312,False,40.25,False,False,-27.03,-26.71,False,241.0,True,EXIT
FINKURVE,Finkurve Financial Services Limited,Financial Services,Credit Services,58.900001525878906,False,26.029999999999998,True,False,,,False,,False,EXIT
GICHSGFIN,GIC Housing Finance Limited,Financial Services,Mortgage Finance,152.8800048828125,False,154.82,False,False,-20.59,-20.29,False,,False,EXIT
RADHIKAJWE,Radhika Jeweltech Limited,Consumer Cyclical,Luxury Goods,69.44000244140625,False,74.78999999999999,False,True,-39.75,-33.64,False,,False,EXIT
SICALLOG,Sical Logistics Limited,Industrials,Integrated Freight & Logistics,102.55999755859375,False,72.93,True,True,-11.46,-11.15,False,1303.0,False,HOLD
ADVANCE,ADVANCE,Basic Materials,Agricultural Inputs,127.18000030517578,False,27.78,False,True,,,False,496.0,True,EXIT
NCLIND,NCL Industries Limited,Basic Materials,Building Materials,179.74000549316406,False,95.39,False,False,-18.52,-18.9,False,2104.0,False,EXIT
DECCANCE,Deccan Cements Limited,Basic Materials,Building Materials,579.3499755859375,False,29.7,True,False,-49.36,-49.66,False,527.0,False,EXIT
SARLAPOLY,Sarla Performance Fibers Limited,Consumer Cyclical,Textile Manufacturing,101.75,False,106.14999999999999,True,True,-15.34,-9.29,False,426.0,False,HOLD
VALIANTORG,Valiant Organics Limited,Basic Materials,Chemicals,288.5,False,33.239999999999995,False,True,-22.26,-22.63,False,1153.0,False,EXIT
NRL,Nupur Recyclers Limited,Industrials,Waste Management,116.9000015258789,False,14.219999999999999,False,True,58.97,59.13,True,240.0,False,HOLD
ASAL,Automotive Stampings and Assemblies Limited,Consumer Cyclical,Auto Parts,505.95001220703125,False,29.83,False,True,-3.1,2.92,False,,False,EXIT
ADVENTHTL,Advent Hotels International Limited,Consumer Cyclical,Lodging,147.6699981689453,False,56.67,True,False,,,False,0.0,True,EXIT
ANUHPHR,Anuh Pharma Limited,Healthcare,Drug Manufacturers - Specialty & Generic,79.31999969482422,False,41.040000000000006,False,True,-26.98,-16.79,False,,False,EXIT
RAMASTEEL,Rama Steel Tubes Limited,Basic Materials,Steel,4.820000171661377,False,13.16,False,False,-59.59,-59.86,False,1337.0,False,EXIT
OCCLLTD,OCCL Limited,Basic Materials,Chemicals,157.08999633789062,False,74.82,False,True,10.03,9.56,True,,False,HOLD
VASCONEQ,Vascon Engineers Limited,Industrials,Engineering & Construction,33.63999938964844,False,48.9,False,False,-37.38,-37.0,False,1077.0,True,EXIT
ECOSMOBLTY,ECOSMOBLTY,Industrials,Rental & Leasing Services,129.4600067138672,False,57.58,False,False,-61.38,-60.96,False,642.0,True,EXIT
RMDRIP,RMDRIP,Industrials,Farm & Heavy Construction Machinery,18.1299991607666,False,35.1,True,False,-58.34,-57.92,False,131.0,True,EXIT
AHCL,AHCL,Healthcare,Drug Manufacturers - Specialty & Generic,14.550000190734863,False,31.630000000000003,False,True,,,False,,False,EXIT
ZUARIIND,Zuari Industries Limited,Industrials,Conglomerates,259.3500061035156,False,221.74,True,False,-23.32,-22.98,False,871.0,True,EXIT
HARDWYN,Hardwyn India Limited,Industrials,Building Products & Equipment,11.260000228881836,False,13.2,False,False,13.7,13.95,True,184.0,True,EXIT
PVSL,Popular Vehicles and Services Limited,Consumer Cyclical,Auto & Truck Dealerships,108.11000061035156,False,14.96,False,False,-16.48,-10.43,False,5616.0,False,EXIT
AGARIND,Agarwal Industrial Corporation Limited,Basic Materials,Specialty Chemicals,514.5499877929688,False,43.57,False,False,-50.0,-50.3,False,2399.0,True,EXIT
MODIS,Modi's Navnirman Limited,Real Estate,Real Estate - Development,392.3999938964844,True,25.700000000000003,True,False,,,False,74.97,True,EXIT
INDOFARM,INDOFARM,Industrials,Farm & Heavy Construction Machinery,158.97000122070312,False,74.69,True,False,-26.84,-26.49,False,368.0,True,EXIT
MEIL,MEIL,Industrials,Electrical Equipment & Parts,276.3999938964844,False,46.959999999999994,False,False,,,False,549.0,True,EXIT
GLOSTERLTD,Gloster Limited,Consumer Cyclical,Textile Manufacturing,697.4500122070312,False,19.62,False,True,-4.9,1.13,False,735.0,True,EXIT
BIRLACABLE,Birla Cable Limited,Technology,Communication Equipment,254.2100067138672,False,16.89,False,True,48.2,47.41,True,792.0,False,HOLD
SUBEXLTD,Subex Limited,Technology,Software - Application,13.739999771118164,False,28.53,False,True,6.77,6.23,True,372.0,False,HOLD
GEECEE,GeeCee Ventures Limited,Real Estate,Real Estate - Development,363.45001220703125,False,42.09,False,True,7.1,-9.05,False,201.0,False,EXIT
SOUTHWEST,South West Pinnacle Exploration Limited,Energy,Oil & Gas Equipment & Services,232.05999755859375,False,39.97,True,True,52.62,59.09,True,180.0,True,HOLD
DWARKESH,Dwarikesh Sugar Industries Limited,Consumer Defensive,Confectioners,40.869998931884766,False,131.2,False,False,0.21,-5.0,False,,False,EXIT
KUANTUM,Kuantum Papers Limited,Basic Materials,Paper & Paper Products,86.04000091552734,False,41.949999999999996,False,False,-35.28,-35.62,False,,False,EXIT
LOKESHMACH,Lokesh Machines Limited,Industrials,Specialty Industrial Machinery,344.3999938964844,False,1.85,False,True,55.94,56.1,True,,False,HOLD
PREMIERPOL,Premier Polyfilm Ltd.,Basic Materials,Specialty Chemicals,71.66000366210938,False,34.949999999999996,False,True,53.05,52.46,True,,False,HOLD
KELLTONTEC,Kellton Tech Solutions Limited,Technology,Software - Application,14.119999885559082,False,91.33,True,False,-49.81,-50.01,False,1098.0,True,EXIT
XCHANGING,Xchanging Solutions Limited,Technology,Information Technology Services,67.23999786376953,False,57.839999999999996,False,False,-24.18,-24.53,False,307.0,False,EXIT
DBOL,Dhampur Bio Organics Limited,Consumer Defensive,Farm Products,113.69999694824219,False,92.91,False,True,49.38,43.85,True,2408.0,False,HOLD
BIRLAMONEY,Aditya Birla Money Limited,Financial Services,Capital Markets,132.3000030517578,False,59.46,True,False,-28.35,-28.01,False,164.0,True,EXIT
ELDEHSG,Eldeco Housing and Industries Limited,Real Estate,Real Estate Services,759.5999755859375,False,24.279999999999998,False,False,17.54,1.25,True,169.0,False,EXIT
MAANALU,Maan Aluminium Limited,Basic Materials,Aluminum,124.43000030517578,False,13.030000000000001,True,False,1.24,0.8,True,42.16,True,HOLD
BAJAJINDEF,BAJAJINDEF,Industrials,Farm & Heavy Construction Machinery,232.57000732421875,False,23.619999999999997,False,False,-49.93,-49.53,False,179.0,True,EXIT
EVERESTIND,Everest Industries Limited,Industrials,Building Products & Equipment,468.04998779296875,False,188.86999999999998,True,True,-13.81,-13.49,False,1707.0,True,HOLD
ONMOBILE,OnMobile Global Limited,Communication Services,Telecom Services,69.69999694824219,False,61.809999999999995,True,True,44.72,25.41,True,865.0,False,HOLD
PATELRMART,PATELRMART,Consumer Cyclical,Department Stores,220.35000610351562,False,39.300000000000004,False,True,,,False,,False,EXIT
ATL,Allcargo Terminals Limited,Industrials,Integrated Freight & Logistics,25.06999969482422,False,44.209999999999994,False,False,-20.24,-19.9,False,758.0,True,EXIT
HMVL,Hindustan Media Ventures Limited,Communication Services,Publishing,98.66999816894531,False,48.690000000000005,False,True,27.13,8.06,True,933.0,False,HOLD
MAGADSUGAR,Magadh Sugar & Energy Limited,Consumer Defensive,Confectioners,512.8499755859375,False,84.21,False,True,1.25,-3.97,False,,False,EXIT
DCMSIL,DCM Shriram International Limited,Industrials,Industrial Distribution,82.93000030517578,False,27.71,False,False,,,False,574.0,True,EXIT
DPSCLTD,India Power Corporation Limited,Utilities,Utilities - Regulated Electric,7.389999866485596,False,12.82,False,False,-33.41,-42.75,False,833.0,False,EXIT
VIVIANA,VIVIANA,Industrials,Engineering & Construction,715.7999877929688,False,0.0,False,False,-44.88,-44.49,False,,False,EXIT
HERANBA,Heranba Industries Limited,Basic Materials,Agricultural Inputs,178.77999877929688,False,88.61999999999999,False,False,-52.99,-53.28,False,1410.0,True,EXIT
BLAL,BEML Land Assets Limited,Financial Services,Shell Companies,171.41000366210938,False,1.96,False,False,-20.72,-20.42,False,,False,EXIT
XTRANET,XTRANET,Technology,Information Technology Services,136.2100067138672,True,0.0,False,False,,,False,,False,EXIT
BESTAGRO,Best Agrolife Limited,Basic Materials,Agricultural Inputs,20.079999923706055,False,129.56,False,True,-44.43,-44.74,False,1873.0,False,EXIT
STCINDIA,The State Trading Corporation of India Limited,Industrials,Conglomerates,118.63999938964844,False,641.5699999999999,True,False,-4.81,-4.51,False,15539.0,False,EXIT
SHALPAINTS,Shalimar Paints Limited,Basic Materials,Specialty Chemicals,84.47000122070312,False,64.85,True,True,7.31,6.85,True,599.0,True,HOLD
TRANSPEK,Transpek Industry Limited,Basic Materials,Chemicals,1262.4000244140625,False,45.65,False,False,,,False,,False,EXIT
LAXMIINDIA,LAXMIINDIA,Financial Services,Credit Services,134.05999755859375,False,54.55,False,True,-14.56,-14.28,False,,False,EXIT
MUKKA,Mukka Proteins Limited,Consumer Defensive,Packaged Foods,23.40999984741211,False,51.77000000000001,False,False,-14.12,-19.23,False,1269.0,False,EXIT
SPECIALITY,Speciality Restaurants Limited,Consumer Cyclical,Restaurants,145.1699981689453,False,21.55,False,True,4.37,10.37,True,436.0,True,HOLD
PANACHE,Panache Digilife Limited,Technology,Communication Equipment,458.54998779296875,True,16.66,True,True,75.74,74.78,True,116.0,True,ADD
CHEMCON,Chemcon Speciality Chemicals Limited,Basic Materials,Specialty Chemicals,190.0500030517578,False,23.6,False,False,-19.26,-19.65,False,,False,EXIT
DMCC,DMCC Speciality Chemicals Limited,Basic Materials,Chemicals,277.6499938964844,False,27.33,False,True,-10.97,-11.38,False,431.0,True,EXIT
SAURASHCEM,Saurashtra Cement Limited,Basic Materials,Building Materials,62.13999938964844,False,56.949999999999996,False,False,-50.23,-50.53,False,1765.0,False,EXIT
CCCL,Consolidated Construction Consortium Limited,Industrials,Engineering & Construction,15.350000381469727,False,88.95,False,False,-9.69,-9.38,False,882.0,False,EXIT
COFFEEDAY,Coffee Day Enterprises Limited,Consumer Cyclical,Restaurants,32.400001525878906,False,228.00000000000003,False,False,-19.13,-13.06,False,4142.0,False,EXIT
TVTODAY,T.V. Today Network Limited,Communication Services,Broadcasting,114.68000030517578,False,18.490000000000002,False,False,-4.58,-23.22,False,993.0,True,EXIT
AQYLON,Aqylon Nexus Limited,Communication Services,Broadcasting,26.93000030517578,False,11.45,True,False,-84.78,-102.34,False,180.0,False,EXIT
INNOVANA,INNOVANA,Technology,Software - Application,330.0,False,37.55,False,False,-36.21,-36.49,False,103.0,True,EXIT
CHEVIOT,Cheviot Company Limited,Consumer Cyclical,Textile Manufacturing,1165.5999755859375,False,69.80000000000001,False,True,-12.5,-6.45,False,122.0,True,EXIT
WELINV,Welspun Investments and Commercials Limited,Financial Services,Capital Markets,1851.0,True,3.95,False,True,72.25,72.14,True,,False,HOLD
INNOVISION,INNOVISION,Industrials,Staffing & Employment Services,284.79998779296875,False,22.979999999999997,False,False,,,False,893.0,True,EXIT
KILITCH,Kilitch Drugs (India) Limited,Healthcare,Drug Manufacturers - Specialty & Generic,193.52000427246094,False,30.17,False,True,-26.71,-16.52,False,198.0,True,EXIT
BAFNAPH,Bafna Pharmaceuticals Limited,Healthcare,Drug Manufacturers - Specialty & Generic,285.0,True,11.1,True,True,237.28,245.72,True,185.0,False,ADD
GTPL,GTPL Hathway Limited,Communication Services,Entertainment,59.790000915527344,False,38.910000000000004,False,False,-35.87,-54.09,False,3477.0,True,EXIT
SCPL,Sheetal Cool Products Limited,Consumer Defensive,Packaged Foods,639.9000244140625,True,19.11,False,True,142.55,136.4,True,,False,HOLD
EMAMIPAP,Emami Paper Mills Limited,Basic Materials,Paper & Paper Products,110.88999938964844,False,93.67999999999999,False,True,15.3,14.81,True,,False,HOLD
ORBTEXP,Orbit Exports Limited,Consumer Cyclical,Textile Manufacturing,252.72000122070312,False,29.18,False,True,17.38,23.36,True,218.0,True,HOLD
EIFFL,Euro India Fresh Foods Limited,Consumer Defensive,Packaged Foods,269.29998779296875,False,7.23,False,True,14.2,8.9,True,,False,HOLD
20MICRONS,20 Microns Limited,Basic Materials,Other Industrial Metals & Mining,189.07000732421875,False,67.76,True,True,-23.33,-23.7,False,913.0,True,HOLD
KSOLVES,Ksolves India Limited,Technology,Software - Application,280.04998779296875,False,35.129999999999995,True,False,-16.06,-16.46,False,137.0,True,EXIT
MERCURYEV,Mercury Ev-Tech Limited,Consumer Cyclical,Auto Manufacturers,34.95000076293945,False,4.4,False,False,,,False,,False,EXIT
BIGBLOC,Bigbloc Construction Limited,Industrials,Building Products & Equipment,46.849998474121094,False,7.12,False,False,-17.0,-16.67,False,243.0,False,EXIT
UNITEDPOLY,United Polyfab Gujarat Limited,Consumer Cyclical,Textile Manufacturing,28.8700008392334,False,25.43,True,False,-34.93,-28.83,False,908.0,False,EXIT
JAYAGROGN,Jayant Agro-Organics Limited,Basic Materials,Specialty Chemicals,220.6999969482422,False,50.41,False,True,-10.88,-11.29,False,2778.0,False,EXIT
MANBA,MANBA,Financial Services,Credit Services,131.77000427246094,False,48.87,False,True,-9.44,-9.19,False,,False,EXIT
FABTECH,FABTECH,Healthcare,Health Information Services,148.6300048828125,False,38.08,False,False,,,False,327.0,True,EXIT
EMKAY,Emkay Global Financial Services Limited,Financial Services,Capital Markets,238.86000061035156,False,19.53,False,False,1.1,1.31,True,360.0,True,EXIT
SNOWMAN,Snowman Logistics Limited,Industrials,Integrated Freight & Logistics,39.150001525878906,False,14.5,False,False,-30.61,-30.25,False,,False,EXIT
KANORICHEM,Kanoria Chemicals & Industries Limited,Basic Materials,Chemicals,149.69000244140625,False,136.44000000000003,True,True,66.18,65.56,True,1578.0,False,HOLD
GANESHCP,GANESHCP,Consumer Defensive,Packaged Foods,161.8000030517578,False,147.21,False,False,,,False,,False,EXIT
PROZONER,Prozone Realty Limited,Real Estate,Real Estate - Diversified,42.7400016784668,False,10.7,False,False,10.72,-5.48,False,185.0,False,EXIT
VAKRANGEE,Vakrangee Limited,Technology,Information Technology Services,5.989999771118164,False,11.02,False,False,-37.36,-37.63,False,6502.0,False,EXIT
ADSL,Allied Digital Services Limited,Technology,Information Technology Services,114.38999938964844,False,47.169999999999995,True,False,-37.36,-37.63,False,366.0,True,EXIT
PYRAMID,Pyramid Technoplast Limited,Consumer Cyclical,Packaging & Containers,175.35000610351562,False,28.82,False,True,-0.5,5.51,False,,False,EXIT
AMANTA,AMANTA,Healthcare,Drug Manufacturers - Specialty & Generic,166.14999389648438,False,17.330000000000002,False,True,,,False,,False,EXIT
HTMEDIA,HT Media Limited,Communication Services,Publishing,27.739999771118164,False,54.27,False,True,33.22,14.06,True,2502.0,False,HOLD
SUTLEJTEX,Sutlej Textiles and Industries Limited,Consumer Cyclical,Textile Manufacturing,38.540000915527344,False,86.31,False,True,-8.51,-2.47,False,3076.0,False,EXIT
CHEMBONDCH,Chembond Chemicals Limited,Basic Materials,Specialty Chemicals,237.4199981689453,False,37.26,False,True,31.19,30.67,True,69.4,True,HOLD
GLOTTIS,GLOTTIS,Industrials,Integrated Freight & Logistics,69.05999755859375,False,37.08,False,True,,,False,,False,EXIT
ONWARDTEC,Onward Technologies Limited,Technology,Information Technology Services,290.70001220703125,False,43.55,True,True,-13.51,-13.92,False,491.0,True,HOLD
ABINFRA,ABINFRA,Industrials,Engineering & Construction,9.960000038146973,False,19.34,False,False,-50.31,-49.91,False,,False,EXIT
SATIA,Satia Industries Limited,Basic Materials,Paper & Paper Products,63.47999954223633,False,89.94999999999999,False,False,-26.07,-26.43,False,,False,EXIT
AHLWEST,Asian Hotels (West) Limited,Consumer Cyclical,Lodging,540.0,False,57.83,False,True,264.74,270.12,True,432.0,False,HOLD
NBIFIN,N.B.I. Industrial Finance Company Limited,Financial Services,Capital Markets,2120.10009765625,False,13.13,True,True,-24.85,-24.53,False,,False,HOLD
HINDCOMPOS,Hindustan Composites Limited,Consumer Cyclical,Auto Parts,424.0,False,32.43,False,False,-21.45,-15.38,False,325.0,True,EXIT
TREL,Transindia Real Estate Limited,Real Estate,Real Estate Services,25.399999618530273,False,36.95,False,False,-13.14,-29.05,False,136.0,False,EXIT
PPL,Prakash Pipes Limited,Industrials,Building Products & Equipment,260.3999938964844,False,43.260000000000005,False,True,-31.75,-31.39,False,,False,EXIT
MALLCOM,Mallcom (India) Limited,Industrials,Security & Protection Services,994.4500122070312,False,26.760000000000005,False,False,-23.02,-22.68,False,487.0,True,EXIT
MINDTECK,Mindteck (India) Limited,Technology,Information Technology Services,192.0500030517578,False,31.52,False,False,-5.49,-5.95,False,424.0,True,EXIT
KRONOX,KRONOX,Basic Materials,Specialty Chemicals,163.5500030517578,False,27.55,False,True,-8.88,-9.29,False,100.0,True,EXIT
TPLPLASTEH,TPL Plastech Limited,Consumer Cyclical,Packaging & Containers,77.51000213623047,False,29.060000000000002,True,True,-7.43,-1.4,False,349.0,True,HOLD
RBZJEWEL,RBZ Jewellers Limited,Consumer Cyclical,Luxury Goods,150.91000366210938,False,54.79,False,True,6.56,12.56,True,,False,HOLD
ZIMLAB,ZIM Laboratories Limited,Healthcare,Drug Manufacturers - Specialty & Generic,111.9800033569336,False,10.43,False,True,23.91,33.76,True,397.0,False,HOLD
ZFSTEERING,ZF Steering Gear (India) Limited,Consumer Cyclical,Auto Parts,658.3499755859375,False,20.63,False,False,,,False,,False,EXIT
LINC,Linc Limited,Industrials,Business Equipment & Supplies,99.86000061035156,False,32.74,False,False,-27.41,-27.06,False,543.0,True,EXIT
NAHARPOLY,Nahar Poly Films Limited,Consumer Cyclical,Packaging & Containers,237.0,False,78.84,False,False,-33.76,-27.66,False,723.0,False,EXIT
SOFTTECH,SoftTech Engineers Limited,Technology,Software - Application,420.0,False,4.95,False,True,5.94,5.4,True,95.0,True,HOLD
PRIMO,Primo Chemicals Limited,Basic Materials,Chemicals,23.959999084472656,False,15.360000000000001,False,True,-15.12,-15.51,False,701.0,False,EXIT
DCI,DC Infotech and Communication Limited,Technology,Electronics & Computer Distribution,354.04998779296875,False,21.21,True,True,41.26,40.51,True,556.0,True,HOLD
SHIVAUM,SHIVAUM,Basic Materials,Steel,421.0,True,6.08,False,True,35.46,34.92,True,548.0,True,HOLD
CEWATER,CEWATER,Utilities,Utilities - Regulated Water,275.95001220703125,False,30.95,False,False,-46.51,-55.5,False,594.0,True,EXIT
SAYAJIHOTL,Sayaji Hotels Limited,Consumer Cyclical,Lodging,325.45001220703125,True,23.65,False,False,,,False,,False,EXIT
DHUNINV,Dhunseri Investments Limited,Financial Services,Capital Markets,928.5,False,59.330000000000005,False,False,-41.91,-41.52,False,,False,EXIT
OSWALGREEN,Oswal Greentech Limited,Financial Services,Asset Management,22.040000915527344,False,103.89999999999999,True,False,-56.45,-55.99,False,458.0,False,EXIT
PANSARI,Pansari Developers Limited,Real Estate,Real Estate - Development,322.75,False,22.02,False,True,52.08,35.36,True,60.0,False,HOLD
MUFTI,MUFTI,Consumer Cyclical,Apparel Retail,86.0199966430664,False,47.42,False,False,-40.61,-34.5,False,618.0,True,EXIT
APTECHT,Aptech Limited,Consumer Defensive,Education & Training Services,96.2699966430664,False,23.53,False,False,-24.11,-29.16,False,460.0,True,EXIT
GFLLIMITED,GFL Limited,Financial Services,Asset Management,50.77000045776367,False,61.35000000000001,False,False,-23.27,-22.95,False,6971.51,False,EXIT
PASUPTAC,Pasupati Acrylon Limited,Consumer Cyclical,Textile Manufacturing,62.380001068115234,False,69.92,False,True,21.63,27.59,True,,False,HOLD
VISACHROME,VISA Chrome Limited,Basic Materials,Steel,37.9900016784668,False,1123.6499999999999,False,False,10.55,10.08,True,,False,EXIT
HITECHCORP,Hitech Corporation Limited,Consumer Cyclical,Packaging & Containers,322.29998779296875,True,20.43,True,True,65.15,71.01,True,561.0,True,ADD
MANAKSTEEL,Manaksia Steels Limited,Basic Materials,Steel,84.43000030517578,False,39.92,True,True,28.87,28.35,True,742.0,False,HOLD
NAHARINDUS,Nahar Industrial Enterprises Limited,Consumer Cyclical,Textile Manufacturing,127.72000122070312,False,51.34,False,True,0.05,6.07,True,2006.0,False,HOLD
MOLDTECH,Mold-Tek Technologies Limited,Industrials,Engineering & Construction,191.41000366210938,False,10.09,False,True,33.71,33.92,True,161.0,False,HOLD
3IINFOLTD,3i Infotech Limited,Technology,Information Technology Services,25.790000915527344,False,34.3,False,True,8.2,7.64,True,1344.0,False,HOLD
URJA,Urja Global Limited,Technology,Solar,9.84000015258789,False,1.19,False,False,-29.68,-30.0,False,163.56,False,EXIT
OSWALAGRO,Oswal Agro Mills Limited,Real Estate,Real Estate - Development,40.15999984741211,False,69.2,False,False,-41.9,-57.45,False,162.0,True,EXIT
MUNJALSHOW,Munjal Showa Limited,Consumer Cyclical,Auto Parts,134.2100067138672,False,21.97,False,True,-6.83,-0.79,False,1669.0,False,EXIT
PENINLAND,Peninsula Land Limited,Real Estate,Real Estate - Development,16.1200008392334,False,153.64,True,False,-45.62,-61.12,False,993.0,False,EXIT
REPRO,Repro India Limited,Industrials,Specialty Business Services,371.1499938964844,False,34.8,True,False,-32.75,-32.39,False,479.0,False,EXIT
DISHTV,Dish TV India Limited,Communication Services,Entertainment,2.890000104904175,False,807.36,False,False,-30.51,-48.8,False,6166.0,False,EXIT
CHEMFAB,Chemfab Alkalis Limited,Basic Materials,Specialty Chemicals,369.0,False,12.67,False,False,-49.87,-50.17,False,334.0,True,EXIT
IRIS,IRIS RegTech Solutions Limited,Technology,Software - Application,257.45001220703125,False,126.49000000000001,True,False,-32.3,-32.6,False,120.0,True,EXIT
PTL,PTL Enterprises Limited,Real Estate,Real Estate Services,39.849998474121094,False,46.17,True,True,14.26,-1.99,False,450.0,True,HOLD
CSM,CSM,Technology,Information Technology Services,102.12000274658203,True,0.0,False,False,,,False,,False,EXIT
RUSHIL,Rushil Décor Limited,Consumer Cyclical,"Furnishings, Fixtures & Appliances",17.81999969482422,False,34.78,False,False,-36.0,-29.89,False,898.0,True,EXIT
RKSWAMY,RKSWAMY,Communication Services,Advertising Agencies,103.33000183105469,False,22.099999999999998,False,False,-21.09,-39.51,False,332.0,False,EXIT
MODINATUR,Modi Naturals Limited,Consumer Defensive,Packaged Foods,391.3500061035156,False,50.27,True,False,,,False,474.0,False,EXIT
GLOBAL,Global Education Limited,Consumer Defensive,Education & Training Services,101.83999633789062,False,26.520000000000003,False,True,57.1,51.52,True,74.0,False,HOLD
UNIVPHOTO,Universus Photo Imagings Limited,Healthcare,Medical Devices,471.70001220703125,False,79.94,False,True,68.89,78.45,True,62.0,False,HOLD
BMWVENTLTD,BMWVENTLTD,Basic Materials,Steel,59.29999923706055,False,41.34,False,False,,,False,,False,EXIT
PLASTIBLEN,Plastiblends India Limited,Basic Materials,Specialty Chemicals,197.69000244140625,False,44.2,False,True,-0.37,-0.8,False,,False,EXIT
KNAGRI,KNAGRI,Consumer Defensive,Farm Products,205.47000122070312,False,0.0,False,True,-11.72,-16.85,False,2224.0,False,EXIT
THEINVEST,The Investment Trust of India Limited,Financial Services,Capital Markets,98.13999938964844,False,30.07,False,False,-43.02,-42.62,False,640.0,False,EXIT
SCHAND,S Chand And Company Limited,Communication Services,Publishing,145.30999755859375,False,263.64,False,False,-15.82,-34.31,False,794.0,False,EXIT
MCLEODRUSS,McLeod Russel India Limited,Consumer Defensive,Packaged Foods,49.040000915527344,False,181.61999999999998,False,False,34.24,28.81,True,1596.0,False,EXIT
SHREERAMA,Shree Rama Multi-Tech Limited,Consumer Cyclical,Packaging & Containers,38.380001068115234,False,24.770000000000003,False,False,-26.38,-20.3,False,,False,EXIT
KANPRPLA,Kanpur Plastipack Limited,Consumer Cyclical,Packaging & Containers,209.08999633789062,False,45.19,True,True,-4.84,1.19,False,627.0,True,HOLD
MAJESAUT,Majestic Auto Limited,Real Estate,Real Estate Services,492.1499938964844,True,96.89999999999999,False,False,,,False,,False,EXIT
TERASOFT,Tera Software Limited,Technology,Information Technology Services,407.70001220703125,False,24.799999999999997,True,False,34.71,34.0,True,131.0,False,HOLD
ORIENTCER,Orient Ceratech Limited,Basic Materials,Specialty Chemicals,42.58000183105469,False,21.860000000000003,False,True,4.26,3.81,True,366.0,False,HOLD
MANCREDIT,Mangal Credit and Fincorp Limited,Financial Services,Credit Services,240.08999633789062,False,15.3,True,True,28.62,28.71,True,,False,HOLD
SUKHJITS,The Sukhjit Starch & Chemicals Limited,Basic Materials,Specialty Chemicals,162.0399932861328,False,34.17,False,False,-10.82,-11.23,False,1498.0,True,EXIT
UGARSUGAR,The Ugar Sugar Works Limited,Consumer Defensive,Confectioners,45.0,False,105.42,True,True,7.66,2.4,True,1794.0,True,HOLD
KHAICHEM,Khaitan Chemicals and Fertilizers Limited,Basic Materials,Agricultural Inputs,52.0,False,54.019999999999996,False,False,-54.07,-54.35,False,,False,EXIT
KAMATHOTEL,Kamat Hotels (India) Limited,Consumer Cyclical,Lodging,170.8000030517578,False,40.269999999999996,False,False,-46.98,-40.85,False,264.0,True,EXIT
SREEL,Sreeleathers Limited,Consumer Cyclical,Footwear & Accessories,216.52999877929688,False,28.74,False,True,-18.76,-12.7,False,,False,EXIT
RAMANEWS,Shree Rama Newsprint Limited,Consumer Defensive,Beverages - Non-Alcoholic,33.08000183105469,False,68.53999999999999,False,True,-0.51,-5.71,False,,False,EXIT
CSLFINANCE,CSL Finance Limited,Financial Services,Credit Services,216.77000427246094,False,86.12,False,False,-32.74,-32.39,False,,False,EXIT
ENIL,Entertainment Network (India) Limited,Communication Services,Broadcasting,102.08000183105469,False,24.16,False,False,-22.62,-41.02,False,621.0,False,EXIT
UNIVASTU,Univastu India Limited,Industrials,Engineering & Construction,134.75,False,7.01,False,True,54.79,54.95,True,171.0,True,HOLD
IL&FSENGG,IL&FS Engineering and Construction Company Limited,Industrials,Engineering & Construction,36.86000061035156,False,22.419999999999998,True,True,4.97,5.25,True,3267.0,False,HOLD
NILASPACES,Nila Spaces Limited,Real Estate,Real Estate - Development,12.270000457763672,False,28.56,True,False,0.9,-15.18,False,136.0,True,EXIT
MGEL,Mangalam Global Enterprise Limited,Consumer Defensive,Farm Products,14.569999694824219,False,32.61,False,True,-11.53,-16.66,False,2092.0,True,EXIT
ELIN,Elin Electronics Limited,Industrials,Electrical Equipment & Parts,96.48999786376953,False,24.11,False,False,-49.33,-48.93,False,1180.0,True,EXIT
INTLCONV,International Conveyors Limited,Industrials,Specialty Industrial Machinery,74.83999633789062,False,103.1,True,False,-16.87,-16.54,False,215.0,False,EXIT
HLVLTD,HLV Limited,Consumer Cyclical,Lodging,7.239999771118164,False,26.17,False,False,-54.77,-48.62,False,718.0,False,EXIT
UNIDT,United Drilling Tools Limited,Energy,Oil & Gas Equipment & Services,234.97999572753906,False,18.97,False,True,2.36,10.22,True,175.0,False,HOLD
GUJAPOLLO,Gujarat Apollo Industries Limited,Industrials,Specialty Industrial Machinery,367.75,False,5.15,False,False,-23.8,-23.46,False,77.9,False,EXIT
DICIND,DIC India Limited,Basic Materials,Specialty Chemicals,519.25,False,19.03,False,True,-15.11,-15.5,False,892.0,True,EXIT
SIGMA,Sigma Solve Limited,Technology,Information Technology Services,46.369998931884766,False,23.89,False,False,20.88,20.25,True,31.94,True,EXIT
ZEEMEDIA,Zee Media Corporation Limited,Communication Services,Broadcasting,7.210000038146973,False,103.64000000000001,False,False,-29.81,-48.11,False,867.0,False,EXIT
DENORA,De Nora India Limited,Industrials,Electrical Equipment & Parts,887.7999877929688,False,13.469999999999999,False,True,0.85,1.14,True,,False,HOLD
ALBERTDAVD,Albert David Limited,Healthcare,Drug Manufacturers - Specialty & Generic,822.8499755859375,False,47.97,False,True,-13.17,-3.07,False,362.0,False,EXIT
SILINV,SIL Investments Limited,Financial Services,Asset Management,440.70001220703125,False,56.02,False,False,-27.48,-27.15,False,178.0,False,EXIT
ADVANIHOTR,Advani Hotels & Resorts (India) Limited,Consumer Cyclical,Lodging,50.189998626708984,False,25.820000000000004,True,False,-23.86,-17.79,False,71.0,False,EXIT
MAZDA,Mazda Limited,Industrials,Specialty Industrial Machinery,231.22999572753906,False,27.500000000000004,False,True,-23.98,-23.64,False,,False,EXIT
IGCL,IGCL,Basic Materials,Agricultural Inputs,73.19000244140625,False,45.95,False,False,-33.78,-34.12,False,590.0,True,EXIT
THOMASCOTT,Thomas Scott (India) Limited,Consumer Cyclical,Textile Manufacturing,315.1499938964844,False,19.179999999999996,False,True,-5.83,0.2,False,,False,EXIT
BBTCL,B&B Triplewall Containers Limited,Consumer Cyclical,Packaging & Containers,225.3000030517578,False,20.44,False,True,2.91,8.92,True,492.0,True,HOLD
ORIENTBELL,Orient Bell Limited,Industrials,Building Products & Equipment,314.0,False,13.169999999999998,False,True,-0.11,0.18,False,705.0,False,EXIT
KOTYARK,KOTYARK,Basic Materials,Specialty Chemicals,40.68000030517578,False,10.78,False,True,84.96,84.28,True,288.0,True,HOLD
MIRZAINT,Mirza International Limited,Consumer Cyclical,Footwear & Accessories,33.20000076293945,False,40.489999999999995,False,False,-13.86,-7.81,False,1399.0,False,EXIT
PPAP,PPAP Automotive Limited,Consumer Cyclical,Auto Parts,321.3500061035156,False,47.84,True,True,21.98,27.95,True,554.0,True,HOLD
WSI,W.S. Industries (India) Limited,Industrials,Engineering & Construction,59.91999816894531,False,6.42,False,False,-25.59,-25.25,False,326.0,False,EXIT
AARTISURF,Aarti Surfactants Limited,Basic Materials,Specialty Chemicals,535.9500122070312,False,18.41,False,True,2.26,1.81,True,659.0,True,HOLD
MAWANASUG,Mawana Sugars Limited,Consumer Defensive,Confectioners,115.83000183105469,False,96.43,False,True,34.33,28.9,True,1485.0,False,HOLD
KRITINUT,Kriti Nutrients Limited,Consumer Defensive,Packaged Foods,90.05999755859375,False,33.910000000000004,False,True,-11.89,-17.01,False,734.0,True,EXIT
FOCUS,Focus Lighting and Fixtures Limited,Consumer Cyclical,"Furnishings, Fixtures & Appliances",67.08000183105469,False,5.49,False,False,-44.01,-37.89,False,224.0,False,EXIT
SRGHFL,SRG Housing Finance Limited,Financial Services,Mortgage Finance,287.1000061035156,False,32.49,False,True,-17.17,-16.89,False,,False,EXIT
LIBERTSHOE,Liberty Shoes Ltd.,Consumer Cyclical,Footwear & Accessories,262.29998779296875,False,14.829999999999998,False,False,-27.75,-21.66,False,526.0,False,EXIT
NAHARCAP,Nahar Capital and Financial Services Limited,Financial Services,Capital Markets,266.6400146484375,False,63.13000000000001,False,True,-15.42,-15.14,False,52.0,False,EXIT
VINYLINDIA,Vinyl Chemicals (India) Limited,Basic Materials,Specialty Chemicals,242.72000122070312,False,18.669999999999998,False,False,-17.5,-17.89,False,,False,EXIT
DAVANGERE,Davangere Sugar Company Limited,Consumer Defensive,Confectioners,3.109999895095825,False,8.5,False,False,-3.61,-8.79,False,,False,EXIT
ACL,Andhra Cements Limited,Basic Materials,Building Materials,47.95000076293945,False,158.21,False,False,-28.0,-28.36,False,,False,EXIT
ARIES,Aries Agro Limited,Basic Materials,Agricultural Inputs,339.25,False,51.7,True,False,-17.27,-17.65,False,622.0,True,EXIT
HALEOSLABS,Haleos Labs Limited,Healthcare,Biotechnology,1457.4000244140625,False,17.32,False,True,13.87,23.8,True,378.0,False,HOLD
DONEAR,Donear Industries Limited,Consumer Cyclical,Textile Manufacturing,84.4800033569336,False,27.950000000000003,False,False,-23.47,-17.39,False,914.0,True,EXIT
ATALREAL,Atal Realtech Limited,Industrials,Engineering & Construction,35.29999923706055,True,6.49,True,True,81.3,81.4,True,96.0,True,ADD
NDLVENTURE,NDL Ventures Limited,Communication Services,Entertainment,129.7899932861328,False,0.76,False,True,114.03,93.79,True,1080.0,True,HOLD
ABCOTS,ABCOTS,Consumer Cyclical,Textile Manufacturing,198.7100067138672,False,13.030000000000001,False,False,-62.97,-56.8,False,298.0,True,EXIT
RAMAPHO,Rama Phosphates Limited,Basic Materials,Agricultural Inputs,123.30000305175781,False,52.49,False,False,-19.35,-19.74,False,,False,EXIT
SBGLP,Suratwwala Business Group Limited,Real Estate,Real Estate - Development,24.93000030517578,False,37.9,True,False,-28.02,-43.74,False,72.0,False,EXIT
ASAHISONG,Asahi Songwon Colors Limited,Basic Materials,Specialty Chemicals,365.5,False,34.83,True,True,23.48,22.98,True,562.0,True,HOLD
BATLIBOI,Batliboi Limited,Industrials,Specialty Industrial Machinery,91.12999725341797,False,15.76,False,False,,,False,,False,EXIT
AEPL,Artemis Electricals and Projects Limited,Industrials,Electrical Equipment & Parts,17.1299991607666,False,8.71,True,False,,,False,72.35,True,EXIT
TREJHARA,Trejhara Solutions Limited,Technology,Software - Application,177.66000366210938,False,8.67,False,False,-21.41,-21.78,False,116.0,True,EXIT
MUTHOOTCAP,Muthoot Capital Services Limited,Financial Services,Credit Services,259.2099914550781,False,25.810000000000002,False,True,-10.33,-10.07,False,,False,EXIT
MONEYBOXX,Moneyboxx Finance Limited,Financial Services,Credit Services,61.04999923706055,False,1.34,False,False,,,False,,False,EXIT
AUTOIND,Autoline Industries Limited,Consumer Cyclical,Auto Parts,93.83000183105469,False,38.53,True,True,19.41,25.38,True,677.0,False,HOLD
XTGLOBAL,XTGlobal Infotech Limited,Technology,Software - Application,31.65999984741211,False,13.03,False,False,-12.67,-13.09,False,242.0,False,EXIT
BANSWRAS,Banswara Syntex Limited,Consumer Cyclical,Textile Manufacturing,123.87999725341797,False,37.18,False,True,-22.7,-16.63,False,1499.0,False,EXIT
CYBERTECH,CyberTech Systems and Software Limited,Technology,Information Technology Services,138.24000549316406,False,31.740000000000002,False,False,-8.77,-9.21,False,236.0,True,EXIT
SARVESHWAR,Sarveshwar Foods Limited,Consumer Defensive,Packaged Foods,3.390000104904175,False,31.79,True,False,-58.58,-63.39,False,1134.0,True,EXIT
RADIANTCMS,Radiant Cash Management Services Limited,Industrials,Specialty Business Services,38.9900016784668,False,32.25,False,False,-32.39,-32.03,False,427.0,True,EXIT
KOTHARIPRO,Kothari Products Limited,Industrials,Conglomerates,69.62999725341797,False,37.92,False,False,-14.16,-13.85,False,6866.0,False,EXIT
LORDSCHLO,Lords Chloro Alkali Limited,Basic Materials,Chemicals,144.1300048828125,False,29.529999999999998,False,False,-32.2,-32.55,False,,False,EXIT
ESSARSHPNG,Essar Shipping Limited,Industrials,Marine Shipping,19.860000610351562,False,166.78000000000003,False,False,-25.2,-24.85,False,2194.0,False,EXIT
KAYA,Kaya Limited,Consumer Defensive,Household & Personal Products,271.0,False,96.18,False,False,-37.26,-42.22,False,421.0,False,EXIT
HARRMALAYA,Harrisons Malayalam Limited,Consumer Defensive,Farm Products,222.52999877929688,False,29.130000000000003,False,True,7.65,2.4,True,512.0,True,HOLD
SURAJLTD,Suraj Limited,Basic Materials,Steel,221.89999389648438,False,8.319999999999999,False,False,-38.13,-38.46,False,367.0,False,EXIT
VRAJ,VRAJ,Basic Materials,Steel,123.4000015258789,False,32.010000000000005,False,False,-27.15,-27.51,False,516.0,False,EXIT
DJML,DJ Mediaprint & Logistics Limited,Industrials,Specialty Business Services,112.87999725341797,False,11.379999999999999,True,True,-3.0,-2.71,False,82.0,True,HOLD
EUROBOND,EUROBOND,Industrials,Building Products & Equipment,164.99000549316406,False,26.56,True,False,-32.88,-32.52,False,423.0,True,EXIT
FOODSIN,Foods and Inns Limited,Consumer Defensive,Packaged Foods,54.91999816894531,False,27.689999999999998,False,False,-44.05,-48.96,False,1020.0,False,EXIT
TOLINS,TOLINS,Consumer Cyclical,Auto Parts,102.13999938964844,False,35.68,False,False,-42.69,-36.57,False,292.0,True,EXIT
SHIVALIK,Shivalik Rasayan Limited,Basic Materials,Agricultural Inputs,254.5,False,11.88,False,False,-58.69,-58.97,False,312.0,True,EXIT
AFIL,AFIL,Financial Services,Credit Services,9.119999885559082,False,44.27,False,True,24.78,24.88,True,,False,HOLD
RUBFILA,Rubfila International Limited,Basic Materials,Specialty Chemicals,73.5199966430664,False,26.610000000000003,False,True,-7.76,-8.18,False,550.0,True,EXIT
INSPIRISYS,Inspirisys Solutions Limited,Technology,Information Technology Services,100.04000091552734,False,40.93,True,True,-10.31,-10.75,False,589.0,False,HOLD
KESORAMIND,Kesoram Industries Limited,Basic Materials,Building Materials,12.739999771118164,False,156.62,False,True,148.15,147.29,True,3882.0,False,HOLD
MANOMAY,Manomay Tex India Limited,Consumer Cyclical,Textile Manufacturing,218.7899932861328,False,19.65,False,True,26.37,32.33,True,,False,HOLD
SINCLAIR,Sinclairs Hotels Limited,Consumer Cyclical,Lodging,77.02999877929688,False,14.85,True,False,-30.92,-24.83,False,19.63,True,EXIT
MARKOLINES,MARKOLINES,Industrials,Infrastructure Operations,178.4600067138672,False,26.229999999999997,True,True,,,False,347.0,False,HOLD
GOKUL,Gokul Refoils & Solvent Limited,Consumer Defensive,Packaged Foods,39.68000030517578,False,18.48,False,False,-2.45,-7.63,False,6349.0,False,EXIT
ORIENTPPR,Orient Paper & Industries Limited,Basic Materials,Paper & Paper Products,18.510000228881836,False,96.79,False,False,-37.81,-38.14,False,1615.0,True,EXIT
OMAXAUTO,Omax Autos Limited,Consumer Cyclical,Auto Parts,183.1199951171875,False,40.489999999999995,True,True,19.19,25.16,True,1287.0,False,HOLD
S&SPOWER,S&S Power Switchgear Limited,Industrials,Electrical Equipment & Parts,317.95001220703125,False,10.11,True,False,-22.96,-22.62,False,186.0,True,EXIT
MANORG,Mangalam Organics Limited,Basic Materials,Specialty Chemicals,457.8999938964844,False,20.79,False,False,-4.77,-5.19,False,530.0,True,EXIT
GINNIFILA,Ginni Filaments Limited,Consumer Cyclical,Textile Manufacturing,45.56999969482422,False,35.48,False,True,-23.64,-17.57,False,1084.0,False,EXIT
TARACHAND,Tara Chand Infralogistic Solutions Limited,Industrials,Farm & Heavy Construction Machinery,49.4900016784668,False,27.7,False,False,-38.54,-38.16,False,,False,EXIT
MEDICO,Medico Remedies Limited,Healthcare,Drug Manufacturers - Specialty & Generic,46.97999954223633,False,13.120000000000001,False,True,6.85,16.82,True,,False,HOLD
EMAMIREAL,Emami Realty Limited,Real Estate,Real Estate - Development,74.7300033569336,False,189.46999999999997,True,False,-22.56,-38.35,False,1041.0,False,EXIT
SHAH,Shah Metacorp Limited,Basic Materials,Steel,3.9100000858306885,False,13.53,False,False,1.92,1.48,True,277.0,False,EXIT
UYFINCORP,U. Y. Fincorp Limited,Financial Services,Credit Services,20.360000610351562,False,48.28,True,True,9.86,10.02,True,,False,HOLD
VPRPL,Vishnu Prakash R Punglia Limited,Industrials,Engineering & Construction,30.93000030517578,False,171.42,False,False,-85.24,-84.76,False,,False,EXIT
CPEDU,Career Point Edutech Ltd.,Consumer Defensive,Education & Training Services,212.08999633789062,False,22.95,False,False,,,False,50.0,True,EXIT
JKIPL,JKIPL,Industrials,Farm & Heavy Construction Machinery,100.48999786376953,False,106.04000000000002,False,True,,,False,381.0,True,EXIT
MBLINFRA,MBL Infrastructures Limited,Industrials,Engineering & Construction,24.520000457763672,False,30.69,False,False,-43.19,-42.8,False,2343.0,False,EXIT
HCL-INSYS,HCL Infosystems Limited,Technology,Electronics & Computer Distribution,11.479999542236328,False,32.92,True,False,-25.73,-26.07,False,7848.0,False,EXIT
DCMSRIND,DCM Shriram Industries Limited,Consumer Defensive,Confectioners,43.06999969482422,False,47.44,False,False,-74.65,-79.36,False,2351.0,False,EXIT
GVKPIL,GVK Power & Infrastructure Limited,Utilities,Utilities - Independent Power Producers,2.369999885559082,False,839.51,False,False,-29.01,-38.47,False,4098.0,False,EXIT
MEGASTAR,Megastar Foods Limited,Consumer Defensive,Packaged Foods,331.04998779296875,False,9.3,False,True,39.47,34.0,True,361.0,True,HOLD
DREAMFOLKS,Dreamfolks Services Limited,Industrials,Airports & Air Services,70.11000061035156,False,53.46,False,False,-48.71,-48.31,False,1292.0,True,EXIT
MANAKSIA,Manaksia Limited,Industrials,Metal Fabrication,56.970001220703125,False,52.33,False,False,-25.36,-25.02,False,1679.0,False,EXIT
AVG,AVG Logistics Limited,Industrials,Integrated Freight & Logistics,198.72000122070312,False,26.159999999999997,False,True,-24.64,-24.3,False,552.0,True,EXIT
KRITI,Kriti Industries (India) Limited,Industrials,Building Products & Equipment,70.48999786376953,False,21.42,False,False,-61.36,-60.94,False,867.0,False,EXIT
SAHYADRI,Sahyadri Industries Limited,Industrials,Building Products & Equipment,335.45001220703125,False,29.0,False,True,8.46,8.73,True,,False,HOLD
DIGISPICE,DiGiSPICE Technologies Limited,Financial Services,Financial Conglomerates,17.549999237060547,False,18.97,True,False,-22.05,-21.74,False,2111.0,False,EXIT
BEDMUTHA,Bedmutha Industries Limited,Basic Materials,Steel,113.01000213623047,False,22.69,False,False,-23.81,-24.18,False,1049.0,True,EXIT
TRANSWORLD,Transworld Shipping Lines Limited,Industrials,Marine Shipping,166.0,False,71.79,False,False,-40.8,-40.42,False,718.0,False,EXIT
VARDHACRLC,Vardhman Acrylics Limited,Consumer Cyclical,Textile Manufacturing,44.72999954223633,False,199.9,False,True,-11.9,-5.85,False,,False,EXIT
SHARDUL,Shardul Securities Limited,Financial Services,Capital Markets,40.9900016784668,False,262.16999999999996,False,False,,,False,,False,EXIT
AMBALALSA,Ambalal Sarabhai Enterprises Limited,Healthcare,Drug Manufacturers - Specialty & Generic,46.72999954223633,True,18.340000000000003,False,False,,,False,,False,EXIT
RMC,RMC Switchgears Limited,Industrials,Electrical Equipment & Parts,335.5,False,19.09,False,False,,,False,318.0,True,EXIT
NIMBSPROJ,Nimbus Projects Limited,Unknown,Unknown,182.0,False,103.12,False,False,,,False,176.0,True,EXIT
GOACARBON,Goa Carbon Limited,Basic Materials,Specialty Chemicals,383.5,False,55.849999999999994,True,False,-21.99,-22.37,False,344.0,False,EXIT
VALIANTLAB,Valiant Laboratories Limited,Healthcare,Drug Manufacturers - Specialty & Generic,64.58999633789062,False,10.84,False,False,-44.46,-34.16,False,334.0,False,EXIT
ASHIMASYN,Ashima Limited,Real Estate,Real Estate - Development,18.190000534057617,False,19.69,False,True,-12.66,-28.57,False,449.0,False,EXIT
SHANKARA,Shankara Building Products Limited,Consumer Cyclical,Home Improvement Retail,142.27999877929688,False,46.14,False,True,-98.0,-91.75,False,5697.0,True,EXIT
PAKKA,Pakka Limited,Basic Materials,Paper & Paper Products,72.16999816894531,False,21.27,False,False,-65.82,-66.07,False,408.0,False,EXIT
NURECA,Nureca Limited,Healthcare,Medical Devices,342.6000061035156,False,13.700000000000001,False,True,30.99,40.8,True,256.0,False,HOLD
KCPSUGIND,K.C.P. Sugar and Industries Corporation Limited,Consumer Defensive,Confectioners,29.959999084472656,False,41.519999999999996,False,True,-5.55,-10.71,False,442.0,False,EXIT
KAVDEFENCE,KAVDEFENCE,Technology,Communication Equipment,56.900001525878906,False,2.43,False,False,-1.47,-1.96,False,170.37,False,EXIT
OILCOUNTUB,Oil Country Tubular Limited,Energy,Oil & Gas Equipment & Services,60.72999954223633,False,67.78999999999999,False,True,-48.44,-39.16,False,,False,EXIT
DBEIL,DBEIL,Industrials,Engineering & Construction,7.260000228881836,False,39.65,False,False,-50.53,-50.12,False,,False,EXIT
NDL,Nandan Denim Limited,Consumer Cyclical,Textile Manufacturing,2.319999933242798,False,33.129999999999995,False,False,-44.51,-38.39,False,,False,EXIT
RUCHIRA,Ruchira Papers Limited,Basic Materials,Paper & Paper Products,111.18000030517578,False,44.150000000000006,False,False,-20.74,-21.12,False,,False,EXIT
TAKE,TAKE LIMITED,Healthcare,Health Information Services,22.690000534057617,False,11.260000000000002,False,False,136.57,145.68,True,2212.9,False,EXIT
SHEMAROO,Shemaroo Entertainment Limited,Communication Services,Entertainment,115.08999633789062,False,180.85999999999999,True,True,12.4,-6.47,False,707.0,False,HOLD
ATLANTAA,Atlantaa Limited,Industrials,Infrastructure Operations,40.130001068115234,False,44.940000000000005,False,False,10.07,10.34,True,541.0,False,EXIT
IITL,Industrial Investment Trust Limited,Financial Services,Credit Services,144.86000061035156,False,45.18,False,False,-18.03,-17.74,False,339.07,False,EXIT
HALDER,Halder Venture Limited,Consumer Defensive,Farm Products,261.44000244140625,False,50.56999999999999,True,False,,,False,884.0,False,EXIT
DYNPRO,Dynemic Products Limited,Basic Materials,Specialty Chemicals,260.70001220703125,False,19.94,False,True,-28.44,-28.8,False,368.0,True,EXIT
BELLACASA,Bella Casa Fashion & Retail Limited,Consumer Cyclical,Textile Manufacturing,241.85000610351562,False,20.13,False,False,-53.29,-47.14,False,,False,EXIT
HILINFRA,HILINFRA,Industrials,Infrastructure Operations,45.0099983215332,False,32.07,False,False,,,False,573.0,False,EXIT
SOMATEX,Soma Textiles & Industries Limited,Consumer Cyclical,Textile Manufacturing,94.86000061035156,False,10.21,False,False,2.62,8.63,True,272.93,False,EXIT
DEVX,Dev Accelerator Limited,Real Estate,Real Estate Services,34.0,False,12.75,False,False,,,False,127.0,True,EXIT
TRACXN,Tracxn Technologies Limited,Technology,Software - Application,29.969999313354492,False,10.120000000000001,False,False,-51.15,-51.34,False,,False,EXIT
MEDICAMEQ,Medicamen Biotech Limited,Healthcare,Drug Manufacturers - Specialty & Generic,235.69000244140625,False,10.31,False,False,-51.86,-41.5,False,179.0,False,EXIT
CLEDUCATE,CL Educate Limited,Consumer Defensive,Education & Training Services,58.70000076293945,False,36.7,True,False,-27.42,-32.44,False,358.0,True,EXIT
GENUSPAPER,Genus Paper & Boards Limited,Basic Materials,Paper & Paper Products,12.359999656677246,False,9.459999999999999,False,False,-36.09,-36.42,False,863.0,True,EXIT
REMSONSIND,Remsons Industries Limited,Consumer Cyclical,Auto Parts,90.23999786376953,False,18.04,True,False,-32.68,-26.59,False,377.0,True,EXIT
VGL,VGL,Consumer Cyclical,Textile Manufacturing,61.279998779296875,False,69.63,True,False,-41.83,-35.72,False,827.0,False,EXIT
MODIRUBBER,Modi Rubber Limited,Real Estate,Real Estate Services,126.08000183105469,False,24.48,False,True,22.46,6.11,True,146.0,False,HOLD
ELGIRUBCO,Elgi Rubber Company Limited,Consumer Cyclical,Auto Parts,63.02000045776367,False,240.24,True,True,19.21,25.19,True,489.0,False,HOLD
APOLSINHOT,Apollo Sindoori Hotels Limited,Industrials,Specialty Business Services,1209.199951171875,False,10.51,False,False,-13.53,-13.21,False,542.0,True,EXIT
HPAL,HP Adhesives Limited,Basic Materials,Specialty Chemicals,34.15999984741211,False,11.71,False,False,-33.09,-33.44,False,251.0,True,EXIT
VARDMNPOLY,Vardhman Polytex Limited,Consumer Cyclical,Textile Manufacturing,6.480000019073486,False,7.670000000000001,False,False,-42.39,-36.28,False,1051.0,False,EXIT
CINELINE,Cineline India Limited,Communication Services,Entertainment,90.83000183105469,False,14.79,True,True,13.76,-5.13,False,286.0,False,HOLD
SUNDRMBRAK,Sundaram Brake Linings Limited,Consumer Cyclical,Auto Parts,787.0,False,12.359999999999998,False,True,-9.09,-3.05,False,,False,EXIT
A2ZINFRA,A2Z Infra Engineering Limited,Industrials,Engineering & Construction,17.389999389648438,False,9.12,False,True,-14.47,-14.15,False,1349.0,False,EXIT
AVONMORE,Avonmore Capital & Management Services Limited,Financial Services,Capital Markets,10.930000305175781,False,34.48,False,False,-43.45,-43.05,False,,False,EXIT
VERTOZ,Vertoz Limited,Technology,Software - Infrastructure,35.959999084472656,False,26.04,False,False,-66.58,-66.67,False,254.0,True,EXIT
PRITIKAUTO,Pritika Auto Industries Limited,Industrials,Specialty Industrial Machinery,18.219999313354492,False,19.88,False,True,-1.66,-1.37,False,423.0,True,EXIT
MAHEPC,Mahindra EPC Irrigation Limited,Industrials,Farm & Heavy Construction Machinery,108.22000122070312,False,14.4,False,False,-26.02,-25.68,False,284.0,False,EXIT
NATHBIOGEN,Nath Bio-Genes (India) Limited,Basic Materials,Agricultural Inputs,157.67999267578125,False,36.62,False,False,-13.08,-13.48,False,268.0,True,EXIT
APCL,Anjani Portland Cement Limited,Basic Materials,Building Materials,102.13999938964844,False,28.78,False,False,-34.82,-35.16,False,801.0,False,EXIT
OMFREIGHT,OMFREIGHT,Industrials,Integrated Freight & Logistics,88.27999877929688,False,19.96,False,True,,,False,489.0,True,EXIT
RHL,Robust Hotels Limited,Consumer Cyclical,Lodging,171.75999450683594,False,24.700000000000003,False,False,-45.6,-39.47,False,,False,EXIT
NILAINFRA,Nila Infrastructures Limited,Real Estate,Real Estate - Development,7.46999979019165,False,25.019999999999996,True,False,-22.89,-38.67,False,247.0,True,EXIT
DCMNVL,DCM Nouvelle Limited,Consumer Cyclical,Textile Manufacturing,156.9199981689453,False,8.43,False,True,-22.0,-15.94,False,1081.0,False,EXIT
SICAGEN,Sicagen India Limited,Basic Materials,Steel,74.05999755859375,False,18.07,False,False,,,False,,False,EXIT
LEMERITE,LEMERITE,Consumer Cyclical,Textile Manufacturing,23.40999984741211,False,5.52,False,False,-74.1,-67.91,False,525.0,True,EXIT
SPENCERS,Spencer's Retail Limited,Consumer Cyclical,Department Stores,32.439998626708984,False,249.32999999999998,True,False,-51.9,-45.76,False,2645.0,False,EXIT
TIGERLOGS,Tiger Logistics (India) Limited,Industrials,Integrated Freight & Logistics,27.489999771118164,False,21.490000000000002,True,False,,,False,330.0,False,EXIT
COASTCORP,Coastal Corporation Limited,Consumer Defensive,Packaged Foods,43.33000183105469,False,26.42,False,False,27.19,21.8,True,613.0,True,EXIT
GULFPETRO,GP Petroleums Limited,Energy,Oil & Gas Refining & Marketing,56.72999954223633,False,40.62,True,True,26.28,33.48,True,790.0,False,HOLD
RPPINFRA,R.P.P. Infra Projects Limited,Industrials,Engineering & Construction,57.86000061035156,False,30.39,False,False,-59.37,-58.95,False,1439.0,True,EXIT
CORDSCABLE,Cords Cable Industries Limited,Industrials,Electrical Equipment & Parts,218.6300048828125,False,20.650000000000002,False,True,17.69,17.93,True,,False,HOLD
GOLDTECH,AION-TECH Solutions Limited,Technology,Information Technology Services,53.810001373291016,False,10.07,False,True,-28.66,-28.98,False,93.0,False,EXIT
AARON,Aaron Industries Limited,Industrials,Specialty Industrial Machinery,134.24000549316406,False,6.789999999999999,False,False,-47.06,-46.67,False,,False,EXIT
AXITA,Axita Cotton Limited,Consumer Cyclical,Textile Manufacturing,7.300000190734863,False,6.31,True,False,-19.3,-13.24,False,653.0,True,EXIT
PONNIERODE,Ponni Sugars (Erode) Limited,Consumer Defensive,Confectioners,320.75,False,40.06,False,True,16.58,11.27,True,,False,HOLD
EXXARO,Exxaro Tiles Limited,Industrials,Building Products & Equipment,6.159999847412109,False,4.1,False,False,-23.67,-23.33,False,325.0,False,EXIT
PODDARMENT,Poddar Pigments Limited,Basic Materials,Specialty Chemicals,257.45001220703125,False,14.76,False,True,-13.24,-13.64,False,,False,EXIT
UFO,UFO Moviez India Limited,Communication Services,Entertainment,68.76000213623047,False,24.03,False,False,6.92,-11.88,False,612.0,False,EXIT
RVHL,Ravinder Heights Limited,Real Estate,Real Estate - Development,43.5099983215332,False,55.81,True,False,16.48,0.21,True,12.0,False,HOLD
MANAKALUCO,Manaksia Aluminium Company Limited,Basic Materials,Aluminum,40.47999954223633,False,7.5600000000000005,False,True,25.39,24.88,True,,False,HOLD
NDGL,Naga Dhunseri Group Limited,Financial Services,Capital Markets,2652.300048828125,False,64.03999999999999,False,False,-40.61,-40.22,False,,False,EXIT
SIKKO,Sikko Industries Limited,Basic Materials,Agricultural Inputs,6.03000020980835,True,9.12,True,True,66.34,65.71,True,61.3,True,ADD
BPL,BPL Limited,Technology,Consumer Electronics,53.560001373291016,False,14.36,False,False,-34.68,-34.97,False,198.0,False,EXIT
DIAMINESQ,Diamines and Chemicals Limited,Basic Materials,Chemicals,260.7900085449219,False,12.780000000000001,False,True,-39.36,-39.69,False,110.34,False,EXIT
UCAL,UCAL Limited,Consumer Cyclical,Auto Parts,118.45999908447266,False,33.32,False,True,-25.18,-19.1,False,870.0,False,EXIT
DPWIRES,D.P. Wires Limited,Industrials,Metal Fabrication,167.02999877929688,False,17.580000000000002,False,False,-26.2,-25.85,False,,False,EXIT
KMSUGAR,K.M. Sugar Mills Limited,Consumer Defensive,Confectioners,28.139999389648438,False,53.42,True,True,8.43,3.17,True,659.0,True,HOLD
RNBDENIMS,R & B Denims Limited,Consumer Cyclical,Textile Manufacturing,9.0600004196167,False,23.22,False,False,,,False,296.0,False,EXIT
ZEELEARN,Zee Learn Limited,Consumer Defensive,Education & Training Services,7.880000114440918,False,62.63,False,True,-20.78,-25.84,False,517.0,False,EXIT
BTTL,Bhilwara Technical Textiles Limited,Consumer Cyclical,Textile Manufacturing,44.20000076293945,False,17.88,False,False,,,False,,False,EXIT
IVC,IL&FS Investment Managers Limited,Financial Services,Financial Conglomerates,8.1899995803833,False,18.189999999999998,False,True,-4.1,-3.87,False,215.0,False,EXIT
SUMIT,Sumit Woods Limited,Real Estate,Real Estate - Development,56.77000045776367,False,6.050000000000001,False,False,-29.06,-44.77,False,94.0,True,EXIT
WORTHPERI,Worth Peripherals Limited,Consumer Cyclical,Packaging & Containers,163.1300048828125,False,14.63,False,True,-2.53,3.5,False,297.0,False,EXIT
TRF,TRF Limited,Industrials,Specialty Industrial Machinery,232.7899932861328,False,18.04,False,False,-35.07,-34.7,False,1162.56,False,EXIT
SAKUMA,Sakuma Exports Limited,Consumer Defensive,Farm Products,1.6299999952316284,False,9.51,False,False,-38.26,-43.21,False,4546.0,False,EXIT
PAVNAIND,Pavna Industries Limited,Consumer Cyclical,Auto Parts,18.309999465942383,False,8.809999999999999,False,False,-61.93,-55.76,False,298.0,True,EXIT
STARTECK,Starteck Finance Limited,Financial Services,Credit Services,256.95001220703125,False,23.61,False,False,-23.51,-23.2,False,,False,EXIT
BIMETAL,Bimetal Bearings Limited,Consumer Cyclical,Auto Parts,665.4500122070312,False,11.73,False,False,,,False,,False,EXIT
ALMONDZ,Almondz Global Securities Limited,Financial Services,Capital Markets,14.470000267028809,False,33.79,False,False,-36.05,-35.68,False,150.0,True,EXIT
FCSSOFT,FCS Software Solutions Limited,Technology,Information Technology Services,1.4700000286102295,False,9.24,True,False,-43.25,-43.49,False,133.41,False,EXIT
JAYSREETEA,Jay Shree Tea & Industries Limited,Consumer Defensive,Farm Products,87.0199966430664,False,64.22,False,False,-21.2,-26.26,False,858.0,True,EXIT
AHLEAST,Asian Hotels (East) Limited,Consumer Cyclical,Lodging,143.22999572753906,False,73.64,True,False,-14.88,-8.83,False,202.0,False,EXIT
LOTUSEYE,Lotus Eye Hospital and Institute Limited,Healthcare,Medical Care Facilities,118.81999969482422,False,1.2400000000000002,False,True,46.71,56.41,True,,False,HOLD
NIPPOBATRY,Indo National Limited,Industrials,Electrical Equipment & Parts,327.1000061035156,False,31.15,False,False,-35.2,-34.83,False,641.0,False,EXIT
SURANAT&P,Surana Telecom and Power Limited,Utilities,Utilities - Independent Power Producers,17.84000015258789,False,24.810000000000002,True,False,5.03,-5.32,False,36.0,False,EXIT
ALPINETEX,ALPINETEX,Consumer Cyclical,Textile Manufacturing,63.27000045776367,False,0.0,False,False,,,False,,False,EXIT
LYKALABS,Lyka Labs Limited,Healthcare,Biotechnology,66.73999786376953,False,11.9,False,False,-51.49,-41.14,False,194.0,False,EXIT
RADIOCITY,Music Broadcast Limited,Communication Services,Broadcasting,6.849999904632568,False,67.74,True,True,-3.5,-22.15,False,201.0,True,HOLD
STARPAPER,Star Paper Mills Limited,Basic Materials,Paper & Paper Products,152.52999877929688,False,35.34,True,True,-13.55,-13.95,False,360.0,True,HOLD
EQUIPPP,Equippp Social Impact Technologies Limited,Technology,Information Technology Services,23.239999771118164,False,1.49,False,True,5.78,5.24,True,560.34,False,HOLD
SAHLIBHFI,Shalibhadra Finance Limited,Financial Services,Credit Services,77.37999725341797,False,19.48,False,False,,,False,,False,EXIT
CHEMBOND,Chembond Material Technologies Limited,Basic Materials,Specialty Chemicals,177.05999755859375,False,20.86,False,True,-2.71,-3.14,False,440.0,False,EXIT
SETCO,Setco Automotive Limited,Consumer Cyclical,Auto Parts,17.75,False,130.54000000000002,True,False,9.45,15.45,True,691.0,True,HOLD
GLOBECIVIL,GLOBECIVIL,Industrials,Engineering & Construction,39.810001373291016,False,23.31,False,False,-53.31,-52.9,False,326.0,True,EXIT
PIGL,Power & Instrumental (Gujarat) Limited,Industrials,Engineering & Construction,112.26000213623047,False,14.280000000000001,True,False,-19.12,-18.79,False,169.0,True,EXIT
GEEKAYWIRE,Geekay Wires Limited,Industrials,Electrical Equipment & Parts,22.530000686645508,False,30.110000000000003,False,False,-38.89,-38.51,False,,False,EXIT
SHIVAMAUTO,Shivam Autotech Limited,Consumer Cyclical,Auto Parts,17.65999984741211,False,81.33,True,False,-47.59,-41.46,False,636.0,False,EXIT
SRD,Shankar Lal Rampal Dye-Chem Limited,Basic Materials,Specialty Chemicals,36.63999938964844,False,13.49,False,False,-57.63,-57.91,False,,False,EXIT
VIKASLIFE,Vikas Lifecare Limited,Consumer Defensive,Farm Products,1.2599999904632568,False,167.38000000000002,True,False,-43.57,-48.49,False,480.0,True,EXIT
UNITEDTEA,The United Nilgiri Tea Estates Company Limited,Consumer Defensive,Farm Products,468.0,False,21.94,True,False,4.44,-0.8,False,62.0,True,EXIT
VETO,Veto Switchgears and Cables Limited,Industrials,Electrical Equipment & Parts,122.19999694824219,False,25.13,False,True,-7.19,-6.88,False,300.0,True,EXIT
AFFORDABLE,Affordable Robotic & Automation Limited,Industrials,Specialty Industrial Machinery,196.0500030517578,False,12.079999999999998,False,True,-56.1,-55.69,False,163.0,True,EXIT
RCOM,Reliance Communications Limited,Communication Services,Telecom Services,0.8399999737739563,False,11125.0,True,False,-32.72,-50.98,False,25594.0,False,EXIT
KALYANIFRG,Kalyani Forge Limited,Consumer Cyclical,Auto Parts,635.4000244140625,False,9.56,False,True,-20.3,-14.23,False,,False,EXIT
AAREYDRUGS,Aarey Drugs & Pharmaceuticals Limited,Healthcare,Drug Manufacturers - Specialty & Generic,81.47000122070312,False,4.52,False,True,4.87,14.85,True,,False,HOLD
SINTERCOM,Sintercom India Limited,Consumer Cyclical,Auto Parts,83.73999786376953,False,1.43,False,False,-46.9,-40.77,False,,False,EXIT
VMSTMT,VMSTMT,Basic Materials,Steel,46.11000061035156,False,21.04,False,False,,,False,,False,EXIT
AARVI,Aarvi Encon Limited,Industrials,Staffing & Employment Services,153.7100067138672,False,17.61,False,True,46.31,46.49,True,510.0,True,HOLD
MARALOVER,Maral Overseas Limited,Consumer Cyclical,Textile Manufacturing,54.5099983215332,False,27.37,False,True,-22.54,-16.47,False,,False,EXIT
RVTH,Revathi Equipment India Limited,Industrials,Farm & Heavy Construction Machinery,733.4500122070312,False,16.64,False,True,-22.27,-21.94,False,212.0,False,EXIT
GENCON,Generic Engineering Construction and Projects Limited,Industrials,Engineering & Construction,39.470001220703125,False,8.5,False,False,-13.86,-13.54,False,302.0,True,EXIT
AKSHARCHEM,AksharChem (India) Limited,Basic Materials,Specialty Chemicals,278.2300109863281,False,11.540000000000003,False,True,3.62,3.17,True,380.0,False,HOLD
SHIVATEX,Shiva Texyarn Limited,Consumer Cyclical,Textile Manufacturing,162.6199951171875,False,10.219999999999999,False,False,-24.54,-18.47,False,553.0,False,EXIT
GICL,GICL,Industrials,Integrated Freight & Logistics,19.90999984741211,False,10.17,True,False,-87.96,-87.47,False,157.0,True,EXIT
GLOBALVECT,Global Vectra Helicorp Limited,Industrials,Airports & Air Services,159.02000427246094,False,32.29,False,False,-36.37,-36.0,False,,False,EXIT
BALAJEE,BALAJEE,Consumer Cyclical,Packaging & Containers,27.170000076293945,False,11.01,False,False,-54.69,-48.55,False,579.0,True,EXIT
ASMS,Avio Smart Market Stack Limited,Technology,Information Technology Services,7.25,False,5.97,False,False,-47.05,-47.26,False,1163.0,False,EXIT
SPCENET,Spacenet Enterprises India Limited,Financial Services,Capital Markets,3.859999895095825,False,16.07,False,False,-41.81,-41.41,False,157.0,True,EXIT
AERONEU,Aeroflex Neu Limited,Consumer Cyclical,Packaging & Containers,84.94999694824219,False,2.73,False,True,-38.14,-32.03,False,129.0,True,EXIT
ALANKIT,Alankit Limited,Technology,Information Technology Services,8.079999923706055,False,19.1,False,False,-49.99,-50.18,False,312.0,False,EXIT
KOTARISUG,Kothari Sugars and Chemicals Limited,Consumer Defensive,Confectioners,26.43000030517578,False,26.67,True,False,-13.0,-18.11,False,433.0,False,EXIT
DSFCL,DSFCL,Basic Materials,Specialty Chemicals,25.09000015258789,False,8.25,False,False,,,False,429.0,True,EXIT
SONAMLTD,Sonam Limited,Consumer Cyclical,"Furnishings, Fixtures & Appliances",54.41999816894531,False,0.0,False,True,9.36,15.36,True,,False,HOLD
ESSENTIA,Integra Essentia Limited,Consumer Defensive,Food Distribution,1.2400000095367432,False,5.41,False,False,-33.19,-38.18,False,442.0,True,EXIT
BCONCEPTS,Brand Concepts Limited,Consumer Cyclical,Footwear & Accessories,173.82000732421875,False,6.58,False,False,-56.42,-50.27,False,292.0,True,EXIT
BASML,Bannari Amman Spinning Mills Ltd,Consumer Cyclical,Textile Manufacturing,27.040000915527344,False,13.75,False,True,-15.76,-9.71,False,1560.0,False,EXIT
MAHESHWARI,Maheshwari Logistics Limited,Industrials,Integrated Freight & Logistics,72.86000061035156,False,16.849999999999998,False,True,17.27,17.52,True,1147.0,False,HOLD
VIJIFIN,Viji Finance Limited,Financial Services,Credit Services,11.25,False,4.33,True,True,156.42,155.93,True,,False,HOLD
SMARTLINK,Smartlink Holdings Limited,Technology,Communication Equipment,215.19000244140625,False,16.580000000000002,False,True,47.7,46.91,True,215.0,True,HOLD
PKTEA,The Peria Karamalai Tea and Produce Company Limited,Consumer Defensive,Farm Products,691.7999877929688,False,23.189999999999998,True,False,15.35,10.04,True,72.79,False,HOLD
NITIRAJ,Nitiraj Engineers Limited,Technology,Scientific & Technical Instruments,208.67999267578125,False,2.72,False,True,-3.86,-4.34,False,67.81,False,EXIT
SSDL,SSDL,Consumer Cyclical,Apparel Retail,53.83000183105469,False,23.409999999999997,False,False,-50.64,-44.5,False,604.0,True,EXIT
ZODIACLOTH,Zodiac Clothing Company Limited,Consumer Cyclical,Apparel Manufacturing,77.62999725341797,False,35.05,True,False,-32.47,-26.37,False,405.0,False,EXIT
ROSSELLIND,Rossell India Limited,Industrials,Conglomerates,56.52000045776367,False,63.44,True,True,-20.5,-20.17,False,367.0,True,HOLD
CPCAP,CP Capital Limited,Financial Services,Credit Services,116.12999725341797,False,42.58,False,True,-31.89,-31.54,False,,False,EXIT
PLAZACABLE,Plaza Wires Limited,Industrials,Electrical Equipment & Parts,47.79999923706055,False,7.300000000000001,False,True,-18.27,-17.94,False,,False,EXIT
NOVAAGRI,Nova Agritech Limited,Basic Materials,Agricultural Inputs,23.18000030517578,False,12.84,False,False,-61.92,-62.19,False,294.0,True,EXIT
CCHHL,Country Club Hospitality & Holidays Limited,Consumer Cyclical,Lodging,12.6899995803833,False,18.54,False,False,-40.06,-33.95,False,520.63,False,EXIT
NECLIFE,Nectar Lifesciences Limited,Healthcare,Drug Manufacturers - Specialty & Generic,10.579999923706055,False,145.75,True,False,-35.48,-25.23,False,2779.0,False,EXIT
SAKHTISUG,Sakthi Sugars Limited,Consumer Defensive,Confectioners,17.209999084472656,False,195.89999999999998,False,False,-24.09,-29.14,False,3063.0,False,EXIT
QMSMEDI,QMSMEDI,Healthcare,Medical Instruments & Supplies,113.30000305175781,False,11.239999999999998,False,True,32.96,42.75,True,,False,HOLD
VSTL,Vibhor Steel Tubes Limited,Basic Materials,Steel,107.01000213623047,False,8.79,False,False,-35.68,-36.01,False,,False,EXIT
PILITA,Pil Italica Lifestyle Limited,Consumer Cyclical,"Furnishings, Fixtures & Appliances",8.609999656677246,False,3.54,False,False,-51.49,-45.35,False,,False,EXIT
JMA,Jullundur Motor Agency (Delhi) Limited,Consumer Cyclical,Auto Parts,88.41000366210938,False,29.71,True,True,-12.24,-6.2,False,556.0,True,HOLD
SHRADHA,Shradha Realty Limited,Real Estate,Real Estate - Development,34.220001220703125,False,26.86,True,False,-32.34,-48.01,False,110.0,False,EXIT
TEAMGTY,Team India Guaranty Limited,Financial Services,Asset Management,222.80999755859375,False,2.09,False,False,-30.98,-30.63,False,,False,EXIT
SIGIND,Signet Industries Limited,Industrials,Conglomerates,67.79000091552734,False,16.17,False,True,14.52,14.78,True,,False,HOLD
SHREYANIND,Shreyans Industries Limited,Basic Materials,Paper & Paper Products,142.3300018310547,False,32.53,False,False,-40.95,-41.27,False,,False,EXIT
VIKASECO,Vikas Ecotech Limited,Basic Materials,Specialty Chemicals,1.1100000143051147,False,6.58,False,False,-53.05,-53.33,False,397.0,False,EXIT
INTENTECH,Intense Technologies Limited,Technology,Software - Infrastructure,83.38999938964844,False,28.69,True,False,-5.18,-5.65,False,127.4,True,EXIT
TAINWALCHM,Tainwala Chemicals and Plastics (India) Limited,Basic Materials,Specialty Chemicals,207.5,False,10.79,False,True,-14.97,-15.36,False,,False,EXIT
GILLANDERS,Gillanders Arbuthnot and Company Limited,Consumer Defensive,Farm Products,90.69000244140625,False,28.15,True,False,-31.13,-36.12,False,947.0,False,EXIT
RANASUG,Rana Sugars Limited,Consumer Defensive,Confectioners,12.529999732971191,False,57.13,False,False,-10.23,-15.37,False,1713.0,True,EXIT
AUSOMENT,AuSom Enterprise Limited,Financial Services,Capital Markets,140.8800048828125,False,19.48,False,True,33.74,33.79,True,2393.0,True,HOLD
DRCSYSTEMS,DRC Systems India Limited,Technology,Information Technology Services,13.319999694824219,False,19.93,True,False,-26.52,-26.86,False,65.0,True,EXIT
LANCORHOL,Lancor Holdings Limited,Real Estate,Real Estate - Development,25.760000228881836,False,45.879999999999995,True,True,31.8,15.33,True,190.0,True,HOLD
RPPL,Rajshree Polypack Limited,Consumer Cyclical,Packaging & Containers,25.809999465942383,False,17.259999999999998,True,True,-7.98,-1.94,False,330.0,True,HOLD
AIRAN,Airan Limited,Technology,Information Technology Services,15.09000015258789,False,12.110000000000001,False,False,-47.27,-47.48,False,106.0,True,EXIT
MURUDCERA,Murudeshwar Ceramics Ltd.,Industrials,Building Products & Equipment,31.100000381469727,False,10.79,True,False,-34.71,-34.35,False,202.0,True,EXIT
RACE,Race Eco Chain Limited,Industrials,Waste Management,108.76000213623047,False,6.77,True,False,-58.93,-58.51,False,555.0,True,EXIT
ASPINWALL,Aspinwall and Company Limited,Consumer Defensive,Farm Products,239.41000366210938,False,19.7,False,True,-12.38,-17.51,False,336.0,True,EXIT
VIPCLOTHNG,VIP Clothing Limited,Consumer Cyclical,Apparel Manufacturing,20.729999542236328,False,9.81,False,False,-58.28,-52.12,False,,False,EXIT
CENTEXT,Century Extrusions Limited,Basic Materials,Aluminum,23.0,False,10.969999999999999,True,True,-6.57,-6.99,False,431.0,True,HOLD
SILGO,Silgo Retail Limited,Consumer Cyclical,Luxury Goods,70.16999816894531,False,5.27,True,False,14.9,20.88,True,44.37,True,HOLD
ARCHIDPLY,Archidply Industries Limited,Basic Materials,Lumber & Wood Production,89.48999786376953,False,7.98,False,True,-17.94,-18.33,False,550.0,True,EXIT
RUDRA,Rudra Global Infra Products Limited,Basic Materials,Steel,17.760000228881836,False,13.52,False,False,,,False,561.0,True,EXIT
KHADIM,Khadim India Limited,Consumer Cyclical,Footwear & Accessories,96.6500015258789,False,3.4499999999999997,False,False,-73.54,-67.35,False,799.0,False,EXIT
VIRINCHI,Virinchi Limited,Technology,Software - Application,15.760000228881836,False,30.299999999999997,False,False,-45.1,-45.33,False,406.0,False,EXIT
BROOKS,Brooks Laboratories Limited,Healthcare,Drug Manufacturers - Specialty & Generic,60.0099983215332,False,24.58,True,False,-75.72,-65.21,False,91.0,False,EXIT
SUPREME,Supreme Holdings & Hospitality (India) Limited,Real Estate,Real Estate - Development,45.5,False,0.56,False,False,-26.28,-42.02,False,78.33,False,EXIT
SUPERHOUSE,Superhouse Limited,Consumer Cyclical,Footwear & Accessories,159.5,False,7.13,False,True,-11.53,-5.49,False,800.0,False,EXIT
BYKE,The Byke Hospitality Limited,Consumer Cyclical,Lodging,33.619998931884766,False,6.709999999999999,False,False,-65.81,-59.64,False,,False,EXIT
NIRAJ,Niraj Cement Structurals Limited,Industrials,Engineering & Construction,29.31999969482422,False,21.130000000000003,True,False,-47.07,-46.68,False,606.0,False,EXIT
IVP,IVP Limited,Basic Materials,Specialty Chemicals,168.7100067138672,False,18.68,False,True,-6.45,-6.87,False,,False,EXIT
ARVEE,Arvee Laboratories (India) Ltd.,Basic Materials,Specialty Chemicals,156.52000427246094,False,2.08,False,False,-11.54,-11.94,False,61.35,False,EXIT
VASWANI,Vaswani Industries Limited,Basic Materials,Steel,52.13999938964844,False,20.16,True,False,-1.35,-1.79,False,389.0,True,EXIT
UMIYA-MRO,Umiya Buildcon Limited,Real Estate,Real Estate - Development,90.02999877929688,False,33.37,False,True,23.82,7.45,True,123.0,False,HOLD
MODTHREAD,Modern Threads (India) Limited,Consumer Cyclical,Textile Manufacturing,48.2400016784668,False,12.19,False,True,-11.56,-5.51,False,,False,EXIT
VIPULLTD,Vipul Limited,Real Estate,Real Estate - Diversified,11.890000343322754,False,44.839999999999996,False,True,23.52,7.16,True,284.0,False,HOLD
DELPHIFX,Delphi World Money Limited,Financial Services,Capital Markets,6.769999980926514,False,6.97,False,False,-48.93,-48.51,False,9163.53,False,EXIT
METROGLOBL,MetroGlobal Limited,Industrials,Conglomerates,134.49000549316406,False,17.46,False,False,,,False,,False,EXIT
TRIGYN,Trigyn Technologies Limited,Technology,Information Technology Services,53.5,False,11.2,False,False,-38.6,-38.87,False,1280.0,False,EXIT
TICL,Twamev Construction and Infrastructure Limited,Industrials,Engineering & Construction,10.569999694824219,False,7.630000000000001,False,False,-68.24,-67.8,False,708.0,False,EXIT
INDOUS,Indo Us Bio-Tech Limited,Basic Materials,Agricultural Inputs,81.6500015258789,False,13.120000000000001,True,False,-58.61,-58.88,False,49.39,True,EXIT
BHARATGEAR,Bharat Gears Limited,Consumer Cyclical,Auto Parts,106.25,False,16.509999999999998,False,False,9.8,15.79,True,,False,EXIT
TIPSFILMS,Tips Films Limited,Communication Services,Entertainment,375.25,False,25.33,False,False,-6.61,-25.23,False,,False,EXIT
NATCAPSUQ,Natural Capsules Limited,Healthcare,Drug Manufacturers - Specialty & Generic,155.0399932861328,False,24.67,True,False,-43.15,-32.85,False,170.0,False,EXIT
AMJLAND,AMJ Land Holdings Limited,Real Estate,Real Estate - Development,39.36000061035156,False,14.790000000000001,False,False,-18.99,-34.82,False,333.0,False,EXIT
EMMBI,Emmbi Industries Limited,Consumer Cyclical,Packaging & Containers,83.81999969482422,False,7.890000000000001,True,False,-28.26,-22.18,False,404.0,True,EXIT
INDTERRAIN,Indian Terrain Fashions Limited,Consumer Cyclical,Apparel Retail,31.700000762939453,False,10.030000000000001,False,False,-21.48,-15.42,False,,False,EXIT
MHLXMIRU,Mahalaxmi Rubtech Limited,Consumer Cyclical,Textile Manufacturing,151.19000244140625,False,21.79,True,False,-40.09,-33.98,False,267.0,True,EXIT
NECCLTD,North Eastern Carrying Corporation Limited,Industrials,Trucking,15.229999542236328,False,7.750000000000001,True,False,-38.35,-37.98,False,572.0,False,EXIT
SRTL,SRTL,Consumer Cyclical,Textile Manufacturing,39.790000915527344,False,4.46,False,False,,,False,,False,EXIT
MKPL,M. K. Proteins Limited,Consumer Defensive,Packaged Foods,4.210000038146973,False,6.83,False,False,-36.12,-41.08,False,,False,EXIT
MCL,M Tek Copper Limited,Basic Materials,Copper,58.310001373291016,False,3.67,False,False,17.38,16.89,True,,False,EXIT
BAIDFIN,Baid Finserv Limited,Financial Services,Credit Services,10.029999732971191,False,14.98,False,False,-19.49,-19.2,False,,False,EXIT
KRITIKA,Kritika Wires Limited,Basic Materials,Steel,5.789999961853027,False,6.199999999999999,False,False,-38.06,-38.39,False,,False,EXIT
DCM,DCM Limited,Industrials,Metal Fabrication,82.48999786376953,False,6.5,False,False,-22.03,-21.7,False,961.69,False,EXIT
SADBHAV,Sadbhav Engineering Limited,Industrials,Engineering & Construction,8.9399995803833,False,171.57,False,False,-30.22,-29.86,False,5240.0,False,EXIT
SANGINITA,Sanginita Chemicals Limited,Basic Materials,Chemicals,59.099998474121094,False,9.899999999999999,True,True,484.8,482.99,True,230.0,True,HOLD
INCREDIBLE,Incredible Industries Limited,Basic Materials,Steel,32.5099983215332,False,11.52,False,False,-20.17,-20.55,False,,False,EXIT
RELIABLE,Reliable Data Services Limited,Technology,Information Technology Services,147.1199951171875,False,8.35,False,True,82.89,81.88,True,131.0,True,HOLD
DEVIT,Dev Information Technology Limited,Technology,Information Technology Services,26.90999984741211,False,90.32,True,False,-42.42,-42.66,False,171.0,True,EXIT
LAL,Lorenzini Apparels Limited,Consumer Cyclical,Apparel Manufacturing,8.779999732971191,False,4.35,False,True,-26.14,-20.06,False,,False,EXIT
KAMOPAINTS,Kamdhenu Ventures Limited,Basic Materials,Steel,4.590000152587891,False,5.54,False,False,-54.2,-54.49,False,292.0,False,EXIT
TTL,T.T. Limited,Consumer Cyclical,Textile Manufacturing,5.809999942779541,False,2.3,False,False,-63.03,-56.86,False,,False,EXIT
FILATFASH,Filatex Fashions Limited,Consumer Cyclical,Apparel Manufacturing,0.18000000715255737,False,2.83,False,False,-79.66,-73.45,False,186.0,True,EXIT
DGCONTENT,Digicontent Limited,Communication Services,Internet Content & Information,25.81999969482422,False,20.03,True,False,-19.18,-37.63,False,20.0,False,EXIT
BRNL,Bharat Road Network Limited,Industrials,Infrastructure Operations,17.790000915527344,False,96.43,False,False,-14.59,-14.27,False,401.0,False,EXIT
AARTECH,Aartech Solonics Limited,Industrials,Electrical Equipment & Parts,47.0,False,4.4,True,False,-28.75,-28.4,False,36.35,True,EXIT
HPIL,Hindprakash Industries Limited,Basic Materials,Specialty Chemicals,129.4499969482422,False,2.74,False,False,-2.82,-3.25,False,103.61,False,EXIT
LAGNAM,Lagnam Spintex Limited,Consumer Cyclical,Textile Manufacturing,83.33999633789062,False,14.39,False,True,-22.84,-16.77,False,,False,EXIT
ALPHAGEO,Alphageo (India) Limited,Energy,Oil & Gas Equipment & Services,230.63999938964844,False,15.520000000000001,False,True,-15.59,-7.23,False,429.0,False,EXIT
INDBANK,Indbank Merchant Banking Services Limited,Financial Services,Capital Markets,32.959999084472656,False,7.65,False,False,-2.25,-2.03,False,,False,EXIT
BTML,Bodhi Tree Multimedia Limited,Communication Services,Entertainment,8.010000228881836,False,6.91,False,True,12.43,-6.44,False,89.0,True,EXIT
INDOWIND,Indowind Energy Limited,Utilities,Utilities - Renewable,8.979999542236328,False,14.91,True,False,-43.23,-52.31,False,38.81,False,EXIT
HECPROJECT,HEC Infra Projects Limited,Industrials,Engineering & Construction,132.75,False,12.58,False,True,-13.4,-13.08,False,,False,EXIT
ALPA,Alpa Laboratories Limited,Healthcare,Drug Manufacturers - Specialty & Generic,68.08999633789062,False,15.16,False,False,-43.93,-33.63,False,112.0,False,EXIT
WIPL,The Western India Plywoods Limited,Basic Materials,Lumber & Wood Production,168.0500030517578,False,2.7,False,True,6.54,6.08,True,116.0,True,HOLD
BALPHARMA,Bal Pharma Limited,Healthcare,Drug Manufacturers - Specialty & Generic,89.2300033569336,False,6.28,False,True,-15.46,-5.34,False,339.0,False,EXIT
MITCON,MITCON Consultancy & Engineering Services Limited,Industrials,Engineering & Construction,79.31999969482422,False,8.09,True,True,4.86,5.13,True,129.0,False,HOLD
SHAHALLOYS,Shah Alloys Limited,Basic Materials,Steel,70.79000091552734,False,65.04,False,True,19.03,18.54,True,880.0,False,HOLD
DTIL,Dhunseri Tea & Industries Limited,Consumer Defensive,Packaged Foods,132.91000366210938,False,73.52999999999999,True,False,-29.1,-34.11,False,456.0,True,EXIT
SECMARK,SecMark Consultancy Limited,Industrials,Consulting Services,127.1500015258789,False,8.13,True,True,-9.5,-9.19,False,35.11,True,HOLD
PRAENG,Prajay Engineers Syndicate Limited,Real Estate,Real Estate - Development,19.899999618530273,False,18.64,True,False,20.52,4.2,True,109.0,False,HOLD
KEYFINSERV,Keynote Financial Services Limited,Financial Services,Capital Markets,248.60000610351562,False,27.44,True,False,-8.09,-7.85,False,25.32,False,EXIT
RUCHINFRA,Ruchi Infrastructure Limited,Industrials,Specialty Business Services,5.820000171661377,False,10.93,False,False,-26.08,-25.73,False,2636.0,False,EXIT
CALSOFT,California Software Company Limited,Technology,Software - Application,22.010000228881836,False,14.63,True,True,60.64,59.77,True,10.86,False,HOLD
ISHANCH,Ishan Dyes and Chemicals Limited,Basic Materials,Chemicals,49.540000915527344,False,10.63,False,False,-20.65,-21.03,False,101.43,True,EXIT
BALAXI,Balaxi Pharmaceuticals Limited,Healthcare,Drug Manufacturers - Specialty & Generic,24.31999969482422,False,1.41,False,False,-61.82,-51.4,False,336.0,False,EXIT
AIROLAM,Airo Lam Limited,Consumer Cyclical,"Furnishings, Fixtures & Appliances",89.2699966430664,False,3.87,False,False,-26.79,-20.71,False,211.0,True,EXIT
CORALFINAC,Coral India Finance and Housing Limited,Real Estate,Real Estate Services,32.81999969482422,False,14.779999999999998,False,False,-14.51,-30.4,False,,False,EXIT
MAGNUM,Magnum Ventures Limited,Basic Materials,Paper & Paper Products,19.31999969482422,False,24.94,True,False,-21.83,-22.2,False,396.0,True,EXIT
TARMAT,Tarmat Limited,Industrials,Engineering & Construction,52.70000076293945,False,6.24,False,True,-6.39,-6.09,False,276.0,False,EXIT
SURANASOL,Surana Solar Limited,Technology,Solar,26.56999969482422,False,6.760000000000001,True,False,-17.8,-18.19,False,92.55,False,EXIT
INDIANCARD,The Indian Card Clothing Company Limited,Consumer Cyclical,Textile Manufacturing,219.99000549316406,False,11.690000000000001,False,False,-32.07,-25.97,False,85.0,False,EXIT
JOCIL,Jocil Limited,Basic Materials,Specialty Chemicals,147.0,False,8.290000000000001,False,True,-15.22,-15.61,False,919.0,False,EXIT
SALONA,Salona Cotspin Limited,Consumer Cyclical,Textile Manufacturing,245.10000610351562,False,4.300000000000001,False,False,-9.66,-3.62,False,,False,EXIT
MUKTAARTS,Mukta Arts Limited,Communication Services,Entertainment,57.0,False,11.81,True,False,-9.79,-28.36,False,308.0,False,EXIT
PRAXIS,Praxis Home Retail Limited,Consumer Cyclical,Specialty Retail,6.909999847412109,False,228.70000000000002,False,False,-42.99,-36.87,False,,False,EXIT
STEELCITY,Steel City Securities Limited,Financial Services,Capital Markets,84.29000091552734,False,14.290000000000001,False,False,-23.36,-23.05,False,70.0,True,EXIT
BSL,BSL Limited,Consumer Cyclical,Textile Manufacturing,123.52999877929688,False,4.359999999999999,False,False,-24.81,-18.74,False,,False,EXIT
ISFT,IntraSoft Technologies Limited,Consumer Cyclical,Internet Retail,77.9000015258789,False,13.28,False,False,-29.62,-23.53,False,1170.0,False,EXIT
TEXMOPIPES,Texmo Pipes and Products Limited,Industrials,Building Products & Equipment,43.5099983215332,False,14.059999999999999,False,False,-29.99,-29.64,False,635.0,False,EXIT
CROWN,Crown Lifters Limited,Industrials,Rental & Leasing Services,111.80999755859375,False,8.9,False,False,-30.48,-30.12,False,,False,EXIT
URAVIDEF,Uravi Defence and Technology Limited,Consumer Cyclical,Auto Parts,110.02999877929688,False,1.43,False,False,-88.71,-82.48,False,41.99,False,EXIT
MAHAPEXLTD,Maha Rashtra Apex Corporation Limited,Financial Services,Credit Services,44.380001068115234,False,64.42,False,False,-62.15,-61.66,False,10.0,False,EXIT
SAMBHAAV,Sambhaav Media Limited,Communication Services,Publishing,6.46999979019165,False,1.18,False,False,10.64,-8.21,False,48.33,False,EXIT
GTL,GTL Limited,Communication Services,Telecom Services,7.820000171661377,False,666.75,True,True,1.62,-17.11,False,3942.0,False,HOLD
ONELIFECAP,Onelife Capital Advisors Limited,Financial Services,Capital Markets,32.88999938964844,False,18.82,True,True,170.15,169.6,True,6.41,False,HOLD
USK,Udayshivakumar Infra Limited,Industrials,Engineering & Construction,22.190000534057617,False,26.69,False,False,-42.61,-42.22,False,577.0,False,EXIT
REPL,Rudrabhishek Enterprises Limited,Industrials,Consulting Services,67.38999938964844,False,18.200000000000003,False,False,-63.8,-63.37,False,107.97,True,EXIT
AVROIND,Avro India Limited,Consumer Cyclical,"Furnishings, Fixtures & Appliances",9.100000381469727,False,4.31,False,False,-53.13,-46.98,False,67.48,True,EXIT
WEIZMANIND,Weizmann Limited,Consumer Cyclical,Textile Manufacturing,78.45999908447266,False,5.92,False,False,-40.39,-34.28,False,135.0,False,EXIT
PAR,Par Drugs and Chemicals Limited,Healthcare,Drug Manufacturers - Specialty & Generic,98.4000015258789,False,13.11,False,True,-15.2,-5.09,False,,False,EXIT
VITAL,VITAL,Basic Materials,Specialty Chemicals,50.45000076293945,False,0.0,False,False,-10.65,-11.06,False,134.0,True,EXIT
XELPMOC,Xelpmoc Design and Tech Limited,Technology,Information Technology Services,81.5999984741211,False,7.59,True,False,-13.66,-14.08,False,14.74,False,EXIT
LAMBODHARA,Lambodhara Textiles Limited,Consumer Cyclical,Textile Manufacturing,115.12000274658203,False,11.01,False,True,-18.75,-12.69,False,,False,EXIT
ANIKINDS,Anik Industries Limited,Consumer Defensive,Food Distribution,43.0,False,3.3400000000000003,False,False,-54.97,-59.81,False,610.0,False,EXIT
GSLSU,Global Surfaces Limited,Basic Materials,Building Materials,28.040000915527344,False,30.419999999999998,False,False,-79.08,-79.3,False,225.0,False,EXIT
KREBSBIO,Krebs Biochemicals & Industries Limited,Healthcare,Drug Manufacturers - Specialty & Generic,55.040000915527344,False,16.93,False,False,-43.61,-33.31,False,,False,EXIT
VLEGOV,VL E-Governance & IT Solutions Limited,Technology,Information Technology Services,10.9399995803833,False,2.51,False,False,-81.09,-81.1,False,,False,EXIT
GANGESSECU,Ganges Securities Limited,Consumer Defensive,Packaged Foods,118.0,False,8.11,False,False,-23.52,-28.57,False,41.93,False,EXIT
AAATECH,AAA Technologies Limited,Technology,Information Technology Services,91.94999694824219,False,2.6,False,False,1.43,0.93,True,,False,EXIT
LATTEYS,Latteys Industries Limited,Industrials,Specialty Industrial Machinery,20.440000534057617,False,3.5700000000000003,True,False,-8.83,-8.52,False,80.0,True,EXIT
ZENITHEXPO,Zenith Exports Limited,Consumer Cyclical,Textile Manufacturing,216.50999450683594,False,2.53,False,True,-14.22,-8.17,False,,False,EXIT
BCPL,BCPL Railway Infrastructure Limited,Industrials,Infrastructure Operations,69.7699966430664,False,6.450000000000001,False,False,,,False,161.0,True,EXIT
ABAN,Aban Offshore Limited,Energy,Oil & Gas Drilling,19.989999771118164,False,849.68,False,False,-68.74,-58.9,False,,False,EXIT
VISHWARAJ,Vishwaraj Sugar Industries Limited,Consumer Defensive,Confectioners,5.320000171661377,False,48.4,False,False,-40.37,-45.31,False,,False,EXIT
HINDCON,Hindcon Chemicals Limited,Basic Materials,Specialty Chemicals,22.5,False,3.2199999999999998,False,False,-36.32,-36.65,False,85.59,False,EXIT
CUBEXTUB,Cubex Tubings Limited,Basic Materials,Copper,80.06999969482422,False,7.450000000000001,True,False,-9.93,-10.34,False,267.0,True,EXIT
GVPTECH,GVP Infotech Limited,Technology,Information Technology Services,6.940000057220459,False,95.72,True,False,-27.38,-27.72,False,1491.0,False,EXIT
DBSTOCKBRO,DB (International) Stock Brokers Limited,Financial Services,Capital Markets,32.38999938964844,False,3.4699999999999998,False,True,21.78,21.89,True,48.25,False,HOLD
SURYALAXMI,Suryalakshmi Cotton Mills Limited,Consumer Cyclical,Textile Manufacturing,60.220001220703125,False,3.12,False,True,-22.15,-16.08,False,727.0,True,EXIT
LANDSMILL,Landsmill Green Limited,Industrials,Conglomerates,0.800000011920929,False,1.6600000000000001,False,False,-34.68,-34.31,False,39.65,False,EXIT
OBCL,OBCL Limited,Industrials,Trucking,53.5,False,10.91,False,False,-3.22,-2.93,False,488.0,False,EXIT
TOTAL,Total Transport Systems Limited,Industrials,Integrated Freight & Logistics,69.5999984741211,False,7.79,False,True,-15.6,-15.28,False,665.0,True,EXIT
NAVKARURB,Navkar Urbanstructure Limited,Basic Materials,Building Materials,1.0,False,3.2,False,False,-61.85,-62.11,False,,False,EXIT
FELDVR,Future Enterprises Limited,Consumer Cyclical,Department Stores,2.259999990463257,False,0.0,False,False,-43.94,-37.82,False,,False,EXIT
SOMICONVEY,Somi Conveyor Beltings Limited,Industrials,Specialty Industrial Machinery,91.83999633789062,False,5.029999999999999,False,False,-40.94,-40.56,False,,False,EXIT
AKSHOPTFBR,Aksh Optifibre Limited,Technology,Communication Equipment,6.789999961853027,False,17.560000000000002,False,True,-20.49,-20.87,False,618.0,False,EXIT
HILTON,Hilton Metal Forging Limited,Industrials,Metal Fabrication,21.40999984741211,False,3.4499999999999997,False,False,-66.6,-66.16,False,,False,EXIT
SIL,Standard Industries Limited,Consumer Cyclical,Textile Manufacturing,17.09000015258789,False,19.5,False,True,-19.45,-13.39,False,437.0,False,EXIT
BEARDSELL,Beardsell Limited,Industrials,Building Products & Equipment,27.239999771118164,False,11.430000000000001,True,False,-18.56,-18.23,False,268.0,True,EXIT
LOVABLE,Lovable Lingerie Limited,Consumer Cyclical,Apparel Manufacturing,72.55000305175781,False,10.82,False,False,-28.68,-22.59,False,,False,EXIT
JETFREIGHT,Jet Freight Logistics Limited,Industrials,Integrated Freight & Logistics,23.049999237060547,False,6.8100000000000005,False,True,64.98,65.12,True,461.0,False,HOLD
SHYAMCENT,Shyam Century Ferrous Limited,Basic Materials,Steel,5.03000020980835,False,11.17,False,False,-37.44,-37.77,False,133.0,False,EXIT
ARTNIRMAN,Art Nirman Limited,Real Estate,Real Estate - Development,42.4900016784668,False,1.34,False,False,-12.67,-28.58,False,,False,EXIT
NARMADA,Narmada Agrobase Limited,Basic Materials,Agricultural Inputs,13.890000343322754,False,3.86,False,False,19.47,18.98,True,,False,EXIT
GROBTEA,The Grob Tea Company Limited,Consumer Defensive,Farm Products,900.0,False,43.77,False,False,-16.8,-21.89,False,,False,EXIT
COMPUSOFT,Compucom Software Limited,Consumer Defensive,Education & Training Services,13.140000343322754,False,3.3600000000000003,False,False,-35.83,-40.79,False,75.0,False,EXIT
LOYALTEX,Loyal Textile Mills Limited,Consumer Cyclical,Textile Manufacturing,215.0,False,64.68,False,False,-48.52,-42.39,False,1763.0,False,EXIT
VAISHALI,Vaishali Pharma Limited,Healthcare,Drug Manufacturers - Specialty & Generic,7.880000114440918,False,5.73,False,False,-52.0,-41.65,False,,False,EXIT
DUCON,Ducon Infratechnologies Limited,Industrials,Specialty Industrial Machinery,3.1600000858306885,False,10.98,False,False,-47.74,-47.34,False,451.0,True,EXIT
MOTOGENFIN,The Motor & General Finance Limited,Real Estate,Real Estate Services,25.809999465942383,False,146.85,True,True,10.26,-5.94,False,15.16,False,HOLD
RAJSREESUG,Rajshree Sugars & Chemicals Limited,Consumer Defensive,Confectioners,30.190000534057617,False,71.34,True,False,-27.89,-32.91,False,830.0,False,EXIT
NORBTEAEXP,Norben Tea & Exports Limited,Consumer Defensive,Farm Products,64.2300033569336,False,1.27,False,False,92.27,86.45,True,,False,EXIT
RELCHEMQ,Reliance Chemotex Industries Limited,Consumer Cyclical,Textile Manufacturing,129.75999450683594,False,5.26,False,False,-32.9,-26.81,False,366.0,False,EXIT
OSWALSEEDS,ShreeOswal Seeds and Chemicals Limited,Basic Materials,Agricultural Inputs,10.630000114440918,False,13.620000000000001,True,False,-11.81,-12.21,False,272.0,False,EXIT
SPLIL,SPL Industries Limited,Consumer Cyclical,Apparel Manufacturing,32.689998626708984,False,7.45,False,True,-28.21,-22.12,False,340.0,False,EXIT
SEMAC,Semac Construction Limited,Industrials,Engineering & Construction,307.3999938964844,False,7.19,False,False,-48.26,-47.86,False,325.0,False,EXIT
DIGJAMLMTD,Digjam Limited,Consumer Cyclical,Textile Manufacturing,47.810001373291016,False,3.94,False,True,-24.94,-18.87,False,,False,EXIT
BHANDARI,Bhandari Hosiery Exports Limited,Consumer Cyclical,Apparel Manufacturing,2.859999895095825,False,7.7700000000000005,False,False,-53.66,-47.51,False,21.03,True,EXIT
SMLT,Sarthak Metals Limited,Industrials,Metal Fabrication,69.4000015258789,False,4.609999999999999,False,False,-41.31,-40.93,False,,False,EXIT
INVENTURE,Inventure Growth & Securities Limited,Financial Services,Capital Markets,0.8999999761581421,False,14.530000000000001,True,False,-45.69,-45.28,False,311.87,False,EXIT
BAGFILMS,B.A.G. Films and Media Limited,Communication Services,Broadcasting,4.320000171661377,False,3.74,False,False,-21.69,-40.1,False,145.0,False,EXIT
BANKA,Banka BioLoo Limited,Industrials,Pollution & Treatment Controls,86.30999755859375,False,2.84,False,True,-9.62,-9.32,False,54.18,True,EXIT
RAJMET,Rajnandini Metal Limited,Basic Materials,Copper,3.3499999046325684,False,0.0,False,False,-33.77,-34.11,False,,False,EXIT
MOKSH,Moksh Ornaments Limited,Consumer Cyclical,Luxury Goods,11.050000190734863,False,0.0,False,False,-28.72,-22.63,False,,False,EXIT
KAKATCEM,Kakatiya Cement Sugar and Industries Limited,Basic Materials,Building Materials,118.44999694824219,False,24.060000000000002,False,False,-26.27,-26.63,False,,False,EXIT
PALASHSECU,Palash Securities Limited,Consumer Defensive,Packaged Foods,92.01000213623047,False,28.8,True,False,-22.13,-27.19,False,6.04,True,EXIT
SADBHIN,Sadbhav Infrastructure Project Limited,Industrials,Engineering & Construction,2.609999895095825,False,198.38,False,False,-37.24,-36.87,False,3548.0,False,EXIT
GOYALALUM,Goyal Aluminiums Limited,Basic Materials,Aluminum,6.429999828338623,False,3.5,True,False,-15.65,-16.04,False,82.41,False,EXIT
RHFL,Reliance Home Finance Limited,Financial Services,Mortgage Finance,1.8799999952316284,False,2.61,False,False,-66.62,-66.12,False,,False,EXIT
BVCL,Barak Valley Cements Limited,Basic Materials,Building Materials,41.369998931884766,False,5.27,False,False,-6.52,-6.94,False,234.0,False,EXIT
AAKASH,Aakash Exploration Services Limited,Energy,Oil & Gas Equipment & Services,8.989999771118164,False,3.24,False,True,-23.53,-14.94,False,93.0,False,EXIT
SELMC,SEL Manufacturing Company Limited,Consumer Cyclical,Textile Manufacturing,27.3799991607666,False,167.88,False,False,-19.74,-13.67,False,3774.0,False,EXIT
GLOBE,Globe Enterprises (India) Limited,Consumer Cyclical,Textile Manufacturing,2.0,False,7.950000000000001,False,False,-19.64,-13.58,False,524.0,True,EXIT
AMDIND,AMD Industries Limited,Consumer Cyclical,Packaging & Containers,46.869998931884766,False,9.889999999999999,True,False,-17.51,-11.45,False,190.0,True,EXIT
PARASPETRO,Paras Petrofils Limited,Consumer Cyclical,Textile Manufacturing,2.5899999141693115,False,2.22,False,True,5.13,11.14,True,,False,HOLD
REGENCERAM,Regency Ceramics Limited,Industrials,Building Products & Equipment,32.650001525878906,False,23.84,False,False,-39.47,-39.09,False,,False,EXIT
GRADIENTE,Gradiente Infotainment Limited,Communication Services,Entertainment,2.5899999141693115,False,0.0,False,False,,,False,,False,EXIT
LPDC,Landmark Property Development Company Limited,Real Estate,Real Estate Services,6.389999866485596,False,1.57,False,False,-6.04,-22.03,False,,False,EXIT
FIBERWEB,Fiberweb (India) Limited,Consumer Cyclical,Textile Manufacturing,29.760000228881836,False,13.059999999999999,False,False,-48.95,-42.82,False,286.13,False,EXIT
KOHINOOR,Kohinoor Foods Limited,Consumer Defensive,Packaged Foods,23.049999237060547,False,94.61999999999999,False,False,-29.22,-34.23,False,1420.0,False,EXIT
GATECH,GACM Technologies Limited,Financial Services,Asset Management,0.6600000262260437,False,7.1,False,True,24.83,24.93,True,385.56,False,HOLD
PATINTLOG,Patel Integrated Logistics Limited,Industrials,Integrated Freight & Logistics,14.430000305175781,False,9.59,True,True,-10.91,-10.6,False,454.0,False,HOLD
CINEVISTA,Cinevista Limited,Communication Services,Entertainment,14.699999809265137,False,6.1,True,False,0.55,-18.17,False,59.0,False,EXIT
BLBLIMITED,BLB Limited,Financial Services,Capital Markets,15.949999809265137,False,33.32,False,True,-11.96,-11.7,False,2522.0,False,EXIT
NIBL,NRB Industrial Bearings Limited,Industrials,Tools & Accessories,34.720001220703125,False,29.460000000000004,True,True,45.96,46.14,True,81.0,False,HOLD
HISARMETAL,Hisar Metal Industries Limited,Basic Materials,Steel,152.02000427246094,False,3.3800000000000003,False,False,-29.47,-29.82,False,,False,EXIT
NOIDATOLL,Noida Toll Bridge Company Limited,Industrials,Infrastructure Operations,4.360000133514404,False,27.199999999999996,False,True,14.71,14.97,True,130.0,False,HOLD
KHAITANLTD,Khaitan (India) Limited,Industrials,Industrial Distribution,156.24000549316406,True,6.039999999999999,False,True,30.95,31.16,True,77.61,True,HOLD
DHARAN,Dharan Infra-EPC Limited,Real Estate,Real Estate - Development,0.15000000596046448,False,35.050000000000004,False,False,-55.78,-71.15,False,129.0,False,EXIT
ENERGYDEV,Energy Development Company Limited,Utilities,Utilities - Regulated Electric,16.5,False,27.28,True,False,-12.67,-22.56,False,150.0,False,EXIT
ROLLT,Rollatainers Limited,Real Estate,Real Estate Services,3.109999895095825,False,18.549999999999997,False,True,121.83,104.24,True,560.0,False,HOLD
ORIENTLTD,Orient Press Limited,Consumer Cyclical,Packaging & Containers,77.19999694824219,False,1.9300000000000002,False,True,-20.34,-14.28,False,,False,EXIT
TOKYOPLAST,Tokyo Plast International Limited,Consumer Cyclical,Packaging & Containers,81.0,False,0.45,False,False,-44.1,-37.98,False,79.93,False,EXIT
RSSOFTWARE,R S Software (India) Limited,Technology,Information Technology Services,29.520000457763672,False,33.0,False,False,-57.83,-57.98,False,352.0,False,EXIT
ZENITHSTL,Zenith Steel Pipes & Industries Limited,Basic Materials,Steel,5.349999904632568,False,4.54,False,False,-36.94,-37.27,False,229.36,False,EXIT
BANARBEADS,Banaras Beads Limited,Consumer Cyclical,Footwear & Accessories,113.86000061035156,False,1.8900000000000001,False,False,-9.11,-3.07,False,,False,EXIT
HDIL,Housing Development and Infrastructure Limited,Real Estate,Real Estate - Diversified,1.5700000524520874,False,11.67,False,False,-38.58,-54.17,False,2380.0,False,EXIT
ATAM,Atam Valves Limited,Industrials,Specialty Industrial Machinery,64.69000244140625,False,3.58,False,False,-34.13,-33.76,False,,False,EXIT
TOUCHWOOD,Touchwood Entertainment Limited,Communication Services,Advertising Agencies,66.8499984741211,False,4.0600000000000005,False,False,-18.43,-36.89,False,68.85,True,EXIT
PIONEEREMB,Pioneer Embroideries Limited,Consumer Cyclical,Textile Manufacturing,23.93000030517578,False,9.84,False,False,-50.77,-44.63,False,375.0,True,EXIT
CTE,Cambridge Technology Enterprises Limited,Technology,Information Technology Services,37.65999984741211,False,10.89,False,True,-11.5,-11.93,False,206.0,False,EXIT
ODIGMA,Odigma Consultancy Solutions Limited,Communication Services,Advertising Agencies,23.1299991607666,False,1.8,False,False,-17.75,-36.22,False,,False,EXIT
CURAA,CURAA,Technology,Software - Application,72.91999816894531,False,1.79,False,False,-77.84,-77.86,False,52.97,False,EXIT
PARSVNATH,Parsvnath Developers Limited,Real Estate,Real Estate - Development,1.649999976158142,False,419.7099999999999,True,False,-79.1,-94.18,False,1189.0,False,EXIT
ACCURACY,Accuracy Shipping Limited,Industrials,Integrated Freight & Logistics,4.71999979019165,False,3.7800000000000002,False,False,-36.45,-36.08,False,945.0,True,EXIT
VINEETLAB,Vineet Laboratories Limited,Basic Materials,Chemicals,36.9900016784668,False,12.64,False,True,7.25,6.8,True,,False,HOLD
NAGREEKEXP,Nagreeka Exports Limited,Consumer Cyclical,Textile Manufacturing,22.670000076293945,False,3.06,False,False,-21.86,-15.79,False,630.0,False,EXIT
PRAKASHSTL,Prakash Steelage Limited,Basic Materials,Steel,3.9800000190734863,False,0.84,False,False,-34.81,-35.15,False,1123.0,False,EXIT
NGIL,Nakoda Group of Industries Limited,Consumer Defensive,Packaged Foods,39.040000915527344,False,1.63,True,True,43.12,37.63,True,59.62,False,HOLD
BONLON,Bonlon Industries Limited,Basic Materials,Other Industrial Metals & Mining,42.20000076293945,False,7.02,False,False,,,False,623.0,True,EXIT
ALKALI,Alkali Metals Limited,Basic Materials,Specialty Chemicals,67.2300033569336,False,6.959999999999999,False,False,-27.06,-27.42,False,,False,EXIT
JHS,JHS Svendgaard Laboratories Limited,Consumer Defensive,Household & Personal Products,7.829999923706055,False,5.619999999999999,False,False,-27.43,-32.45,False,140.29,False,EXIT
DIGIDRIVE,Digidrive Distributors Limited,Consumer Cyclical,Internet Retail,17.649999618530273,False,9.56,True,False,-54.96,-48.81,False,50.0,True,EXIT
UMAEXPORTS,Uma Exports Limited,Consumer Defensive,Farm Products,20.06999969482422,False,3.3000000000000003,False,False,-52.75,-57.6,False,1731.0,True,EXIT
IL&FSTRANS,IL&FS Transportation Networks Limited,Industrials,Infrastructure Operations,2.059999942779541,False,0.0,False,False,-33.57,-33.21,False,8717.0,True,EXIT
ROML,Raj Oil Mills Limited,Consumer Defensive,Packaged Foods,44.810001373291016,False,4.67,True,False,-4.68,-9.85,False,341.0,False,EXIT
GENSOL,Gensol Engineering Limited,Technology,Solar,17.389999389648438,False,16.91,False,False,-64.82,-64.93,False,963.0,True,EXIT
AJOONI,Ajooni Biotech Limited,Consumer Defensive,Packaged Foods,3.859999895095825,False,2.27,False,False,-26.21,-31.24,False,,False,EXIT
DAMODARIND,Damodar Industries Limited,Consumer Cyclical,Textile Manufacturing,28.489999771118164,False,7.44,False,False,-30.95,-24.86,False,,False,EXIT
AGRITECH,Agri-tech (India) Limited,Consumer Defensive,Farm Products,111.4000015258789,False,0.91,True,False,-20.6,-25.67,False,0.38,False,EXIT
GATECHDVR,GACM Technologies Limited,Financial Services,Asset Management,0.5099999904632568,False,7.1,False,True,13.97,14.12,True,233.33,False,HOLD
RKEC,RKEC Projects Limited,Industrials,Engineering & Construction,27.420000076293945,False,10.98,False,False,-64.03,-63.6,False,399.0,True,EXIT
CAPTRUST,Capital Trust Limited,Financial Services,Credit Services,19.360000610351562,False,46.82,True,True,-72.89,-72.36,False,,False,HOLD
SECURKLOUD,SecureKloud Technologies Limited,Technology,Software - Application,19.420000076293945,False,157.37,False,False,-19.89,-20.27,False,849.0,False,EXIT
ATLASCYCLE,Atlas Cycles (Haryana) Limited,Consumer Cyclical,Leisure,99.72000122070312,False,8.030000000000001,True,True,-32.14,-26.05,False,684.28,False,HOLD
TFL,Transwarranty Finance Limited,Financial Services,Mortgage Finance,11.600000381469727,False,4.430000000000001,True,False,-38.35,-37.97,False,,False,EXIT
DELTAMAGNT,Delta Manufacturing Limited,Consumer Cyclical,Textile Manufacturing,58.59000015258789,False,12.41,False,False,-43.38,-37.26,False,124.0,False,EXIT
FMNL,Future Market Networks Limited,Real Estate,Real Estate Services,9.350000381469727,False,7.93,False,False,-17.53,-33.38,False,161.0,False,EXIT
HGM,Handson Global Management (HGM) Limited,Technology,Information Technology Services,48.220001220703125,False,7.5,False,False,-13.7,-14.12,False,22.47,True,EXIT
PALREDTEC,Palred Technologies Limited,Technology,Consumer Electronics,48.900001525878906,False,5.26,False,True,-13.63,-14.05,False,148.0,False,EXIT
ANMOL,Anmol India Limited,Energy,Thermal Coal,10.329999923706055,False,11.239999999999998,False,False,-44.36,-35.2,False,,False,EXIT
SUNDARAM,Sundaram Multi Pap Limited,Basic Materials,Paper & Paper Products,1.2300000190734863,False,4.0600000000000005,False,False,-42.05,-42.36,False,194.34,False,EXIT
AGROPHOS,Agro Phos (India) Limited,Basic Materials,Agricultural Inputs,28.399999618530273,False,2.7600000000000002,False,False,-33.44,-33.79,False,131.0,False,EXIT
SUPREMEENG,Supreme Engineering Limited,Basic Materials,Steel,2.2899999618530273,False,9.649999999999999,False,True,67.04,66.41,True,,False,HOLD
MALUPAPER,Malu Paper Mills Limited,Basic Materials,Paper & Paper Products,32.68000030517578,False,14.66,False,False,-16.15,-16.54,False,,False,EXIT
BALKRISHNA,Balkrishna Paper Mills Limited,Consumer Cyclical,Packaging & Containers,17.65999984741211,False,6.51,False,False,-23.52,-17.45,False,198.0,True,EXIT
SHIVAMILLS,Shiva Mills Limited,Consumer Cyclical,Textile Manufacturing,65.48999786376953,False,2.9000000000000004,False,True,-22.78,-16.71,False,,False,EXIT
ANSALAPI,Ansal Properties & Infrastructure Limited,Real Estate,Real Estate - Development,3.549999952316284,False,165.47,True,True,-18.77,-34.6,False,1406.0,False,HOLD
SUVIDHAA,Suvidhaa Infoserve Limited,Technology,Information Technology Services,2.5899999141693115,False,9.309999999999999,True,False,-45.8,-46.02,False,285.0,False,EXIT
ICDSLTD,ICDS Limited,Real Estate,Real Estate Services,42.02000045776367,False,2.58,False,False,7.42,-8.75,False,6.45,False,EXIT
ADROITINFO,Adroit Infotech Limited,Technology,Information Technology Services,9.920000076293945,False,3.81,False,True,-10.99,-11.43,False,52.95,False,EXIT
TRU,TruCap Finance Limited,Financial Services,Credit Services,4.550000190734863,False,103.62,True,False,-69.43,-68.91,False,,False,EXIT
ORCHASP,Orchasp Limited,Technology,Software - Application,1.559999942779541,False,1.05,False,False,-46.49,-46.71,False,104.67,False,EXIT
KSR,KSR Footwear Limited,Consumer Cyclical,Footwear & Accessories,29.18000030517578,False,18.62,False,False,,,False,,False,EXIT
BIOFILCHEM,Biofil Chemicals and Pharmaceuticals Limited,Healthcare,Drug Manufacturers - Specialty & Generic,32.38999938964844,False,2.7800000000000002,False,False,-40.06,-29.79,False,,False,EXIT
RAJTV,Raj Television Network Limited,Communication Services,Broadcasting,10.109999656677246,False,0.79,False,False,-62.68,-80.53,False,,False,EXIT
HYBRIDFIN,Hybrid Financial Services Limited,Financial Services,Capital Markets,17.729999542236328,False,2.55,False,False,9.44,9.61,True,7.07,True,EXIT
MANUGRAPH,Manugraph India Limited,Industrials,Specialty Industrial Machinery,16.139999389648438,False,9.58,False,True,-19.6,-19.27,False,446.0,False,EXIT
VINNY,Vinny Overseas Limited,Consumer Cyclical,Textile Manufacturing,1.0700000524520874,False,0.9299999999999999,False,False,-28.89,-22.81,False,,False,EXIT
AHLADA,Ahlada Engineers Limited,Industrials,Building Products & Equipment,38.20000076293945,False,2.45,False,False,-46.06,-45.67,False,259.0,False,EXIT
SVPGLOB,SVP Global Textiles Limited,Consumer Cyclical,Textile Manufacturing,3.9000000953674316,False,376.41999999999996,True,True,-0.02,6.0,False,2489.0,False,HOLD
BLUECOAST,Blue Coast Hotels Limited,Consumer Cyclical,Lodging,25.059999465942383,False,2.1,False,False,-69.83,-63.64,False,134.89,False,EXIT
PRITI,Priti International Limited,Consumer Cyclical,"Furnishings, Fixtures & Appliances",36.36000061035156,False,0.8999999999999999,False,False,-65.86,-59.69,False,,False,EXIT
COUNCODOS,Country Condo's Limited,Real Estate,Real Estate - Development,6.190000057220459,False,0.6,False,True,2.24,-13.86,False,,False,EXIT
MASKINVEST,Mask Investments Limited,Financial Services,Capital Markets,157.0,False,0.1,False,True,-6.6,-6.36,False,,False,EXIT
LCCINFOTEC,LCC Infotech Limited,Consumer Defensive,Education & Training Services,3.7799999713897705,False,1.34,True,False,-6.45,-11.61,False,11.0,False,EXIT
WEWIN,We Win Limited,Technology,Information Technology Services,47.0,False,4.5,False,False,-13.03,-13.45,False,78.49,True,EXIT
KARMAENG,Karma Energy Limited,Utilities,Utilities - Renewable,41.209999084472656,False,2.6999999999999997,True,False,-19.92,-29.61,False,41.88,False,EXIT
JAIPURKURT,Nandani Creation Limited,Consumer Cyclical,Apparel Manufacturing,27.579999923706055,False,1.57,False,False,-42.77,-36.65,False,70.0,True,EXIT
ARCHIES,Archies Limited,Consumer Cyclical,Specialty Retail,14.0600004196167,False,4.89,False,False,-36.71,-30.6,False,194.95,False,EXIT
GAYAHWS,Gayatri Highways Limited,Industrials,Infrastructure Operations,1.9800000190734863,False,15.02,False,False,-16.81,-16.49,False,86.0,False,EXIT
SHEKHAWATI,Shekhawati Industries Limited,Consumer Cyclical,Textile Manufacturing,13.699999809265137,False,8.11,False,False,-47.6,-41.47,False,363.26,False,EXIT
RKDL,Ravi Kumar Distilleries Limited,Consumer Defensive,Beverages - Wineries & Distilleries,19.469999313354492,False,0.14,False,False,-28.93,-33.94,False,,False,EXIT
AKI,AKI India Limited,Consumer Cyclical,Footwear & Accessories,4.480000019073486,False,4.19,True,False,-68.08,-61.9,False,80.96,True,EXIT
DHRUV,Dhruv Consultancy Services Limited,Industrials,Engineering & Construction,24.1299991607666,False,33.690000000000005,True,False,-68.64,-68.2,False,102.0,True,EXIT
21STCENMGM,Twentyfirst Century Management Services Limited,Financial Services,Capital Markets,43.58000183105469,False,28.68,False,True,-29.01,-28.67,False,260.0,False,EXIT
OSIAHYPER,Osia Hyper Retail Limited,Consumer Cyclical,Department Stores,2.7699999809265137,False,5.1,False,False,-88.08,-81.86,False,,False,EXIT
DANGEE,Dangee Dums Limited,Consumer Cyclical,Restaurants,2.950000047683716,False,1.86,False,False,-44.76,-38.64,False,19.89,True,EXIT
CELEBRITY,Celebrity Fashions Limited,Consumer Cyclical,Apparel Manufacturing,6.989999771118164,False,15.72,False,False,-55.25,-49.1,False,,False,EXIT
TPHQ,Teamo Productions HQ Limited,Industrials,Engineering & Construction,0.4099999964237213,False,12.200000000000001,True,False,-50.22,-49.82,False,2.6,False,EXIT
AKASH,Akash Infra-Projects Limited,Industrials,Engineering & Construction,26.31999969482422,False,2.8200000000000003,False,False,-6.25,-5.95,False,140.82,False,EXIT
GOLDENTOBC,Golden Tobacco Limited,Consumer Defensive,Tobacco,24.59000015258789,False,0.0,False,False,-28.32,-33.33,False,96.08,False,EXIT
PRUDMOULI,Prudential Sugar Corporation Ltd.,Consumer Defensive,Confectioners,13.4399995803833,False,6.16,False,False,-68.31,-73.05,False,104.84,False,EXIT
MANGALAM,Mangalam Drugs & Organics Limited,Healthcare,Drug Manufacturers - Specialty & Generic,27.190000534057617,False,44.41,True,False,-82.38,-71.83,False,369.0,False,EXIT
AMBICAAGAR,Ambica Agarbathies Aroma & Industries Limited,Consumer Defensive,Household & Personal Products,24.889999389648438,False,3.45,True,True,-6.76,-11.92,False,98.07,True,HOLD
SAGARDEEP,Sagardeep Alloys Limited,Basic Materials,Copper,24.860000610351562,False,2.13,True,False,-11.94,-12.34,False,142.0,False,EXIT
LFIC,Lakshmi Finance & Industrial Corporation Limited,Financial Services,Asset Management,139.52000427246094,False,9.09,False,False,-36.28,-35.91,False,,False,EXIT
VIVIMEDLAB,Vivimed Labs Limited,Healthcare,Drug Manufacturers - Specialty & Generic,5.010000228881836,False,176.46000000000004,False,False,-13.37,-3.27,False,1462.0,False,EXIT
TNTELE,Tamilnadu Telecommunications Limited,Technology,Communication Equipment,9.029999732971191,False,14.889999999999999,False,False,-52.41,-52.59,False,,False,EXIT
BANG,Bang Overseas Limited,Consumer Cyclical,Apparel Manufacturing,30.010000228881836,False,5.949999999999999,False,False,-52.83,-46.69,False,194.0,False,EXIT
HBSL,HB Stockholdings Limited,Financial Services,Capital Markets,56.540000915527344,False,25.740000000000002,False,False,-32.23,-31.88,False,,False,EXIT
LASA,Lasa Supergenerics Limited,Healthcare,Drug Manufacturers - Specialty & Generic,7.989999771118164,False,34.08,False,False,-37.17,-26.91,False,,False,EXIT
MITTAL,Mittal Life Style Limited,Consumer Cyclical,Textile Manufacturing,0.8999999761581421,False,2.3299999999999996,True,False,-56.75,-50.59,False,72.02,False,EXIT
ADL,Archidply Decor Limited,Consumer Cyclical,"Furnishings, Fixtures & Appliances",70.76000213623047,False,0.32000000000000006,False,False,-27.22,-21.14,False,54.28,False,EXIT
ABMINTLLTD,ABM International Limited,Basic Materials,Specialty Chemicals,41.61000061035156,False,4.21,False,False,-27.92,-28.28,False,155.95,False,EXIT
MADHUCON,Madhucon Projects Limited,Industrials,Engineering & Construction,5.289999961853027,False,444.52,True,False,-25.88,-25.53,False,2599.0,False,EXIT
AROGRANITE,Aro Granite Industries Limited,Industrials,Building Products & Equipment,25.329999923706055,False,11.930000000000001,False,False,-38.53,-38.16,False,252.55,False,EXIT
MOHITIND,Mohit Industries Limited,Consumer Cyclical,Textile Manufacturing,27.299999237060547,False,0.92,False,True,-23.34,-17.27,False,191.0,False,EXIT
ORIENTALTL,Oriental Trimex Limited,Industrials,Building Products & Equipment,5.159999847412109,False,2.2600000000000002,False,False,-51.47,-51.07,False,,False,EXIT
SEYAIND,Seya Industries Limited,Basic Materials,Specialty Chemicals,12.529999732971191,False,2.8800000000000003,False,False,-39.14,-39.46,False,,False,EXIT
NKIND,N.K Industries Limited,Consumer Defensive,Household & Personal Products,60.95000076293945,False,3.6199999999999997,True,False,3.58,-1.65,False,493.13,False,EXIT
GSS,GSS Infotech Limited,Technology,Information Technology Services,14.010000228881836,False,51.120000000000005,True,False,-54.55,-54.72,False,46.14,False,EXIT
GANGAFORGE,Ganga Forging Limited,Industrials,Metal Fabrication,2.109999895095825,False,3.73,False,False,-44.42,-44.03,False,,False,EXIT
SUPERSPIN,Super Spinning Mills Limited,Consumer Cyclical,Textile Manufacturing,6.360000133514404,False,8.57,True,False,-41.77,-35.65,False,521.0,False,EXIT
ASHOKAMET,Ashoka Metcast Limited,Basic Materials,Steel,14.229999542236328,False,10.8,True,False,-26.49,-26.85,False,67.03,False,EXIT
SITINET,SITI Networks Limited,Communication Services,Entertainment,0.30000001192092896,False,196.85,True,False,-28.47,-46.79,False,1608.0,False,EXIT
CEREBRAINT,Cerebra Integrated Technologies Limited,Industrials,Waste Management,2.809999942779541,False,71.64999999999999,True,False,-69.13,-68.69,False,261.0,False,EXIT
CYBERMEDIA,Cyber Media (India) Limited,Communication Services,Publishing,16.010000228881836,False,3.52,False,False,10.23,-8.62,False,101.8,False,EXIT
KAUSHALYA,Kaushalya Infrastructure Development Corporation Limited,Industrials,Engineering & Construction,943.7000122070312,False,1.5599999999999998,False,True,4.33,4.61,True,14.56,False,HOLD
DNAMEDIA,Diligent Media Corporation Limited,Communication Services,Publishing,2.75,False,8.879999999999999,False,False,-35.99,-54.21,False,127.76,False,EXIT
AKSHAR,Akshar Spintex Limited,Consumer Cyclical,Textile Manufacturing,0.4099999964237213,False,7.3999999999999995,False,False,-31.73,-25.64,False,,False,EXIT
GTECJAINX,G-Tec Jainx Education Limited,Consumer Defensive,Education & Training Services,31.540000915527344,False,4.04,True,True,27.06,21.67,True,6.5,False,HOLD
EASTSILK,Eastern Silk Industries Limited,Consumer Cyclical,Textile Manufacturing,63.0,False,14.35,True,False,3397.63,3395.51,True,434.0,True,HOLD
MADHAV,Madhav Marbles and Granites Limited,Industrials,Building Products & Equipment,34.34000015258789,False,2.6,False,False,-24.86,-24.51,False,76.96,False,EXIT
LEXUS,Lexus Granito (India) Limited,Industrials,Building Products & Equipment,15.09000015258789,False,2.22,False,False,-54.09,-53.68,False,,False,EXIT
KEEPLEARN,DSJ Keep Learning Limited,Consumer Defensive,Education & Training Services,1.9500000476837158,False,1.6300000000000001,False,False,-34.51,-39.49,False,,False,EXIT
SIMBHALS,Simbhaoli Sugars Limited,Consumer Defensive,Confectioners,7.070000171661377,False,32.809999999999995,True,False,-53.4,-58.25,False,1263.0,False,EXIT
KANANIIND,Kanani Industries Limited,Consumer Cyclical,Luxury Goods,1.5099999904632568,False,2.58,False,False,-34.71,-28.61,False,496.0,False,EXIT
WILLAMAGOR,Williamson Magor & Co. Limited,Financial Services,Credit Services,26.40999984741211,False,50.220000000000006,False,False,-28.07,-27.73,False,51.0,False,EXIT
PNC,Pritish Nandy Communications Ltd,Communication Services,Entertainment,19.920000076293945,False,13.77,True,False,-15.68,-34.17,False,58.0,False,EXIT
PEARLPOLY,Pearl Polymers Limited,Consumer Cyclical,Packaging & Containers,16.889999389648438,False,10.55,False,False,-59.04,-52.88,False,,False,EXIT
NAGREEKCAP,Nagreeka Capital & Infrastructure Ltd.,Financial Services,Asset Management,22.459999084472656,False,12.1,False,False,-20.63,-20.33,False,,False,EXIT
IMPEXFERRO,Impex Ferro Tech Limited,Basic Materials,Other Industrial Metals & Mining,3.1700000762939453,False,6.430000000000001,True,True,57.85,57.25,True,506.0,True,HOLD
SANWARIA,Sanwaria Consumer Limited,Consumer Defensive,Farm Products,0.20000000298023224,False,4.21,False,False,-44.02,-48.93,False,,False,EXIT
SGL,STL Global Limited,Consumer Cyclical,Textile Manufacturing,10.1899995803833,False,1.3900000000000001,False,False,-36.59,-30.48,False,,False,EXIT
AKG,AKG Exim Limited,Industrials,Industrial Distribution,8.699999809265137,False,0.36000000000000004,False,False,-36.73,-36.36,False,123.67,False,EXIT
TGBHOTELS,TGB Banquets and Hotels Limited,Consumer Cyclical,Lodging,9.300000190734863,False,1.44,False,False,-28.92,-22.84,False,164.01,False,EXIT
TREEHOUSE,Tree House Education & Accessories Limited,Consumer Defensive,Education & Training Services,6.300000190734863,False,10.32,False,False,-6.4,-11.57,False,209.0,False,EXIT
INFOMEDIA,Infomedia Press Limited,Financial Services,Shell Companies,5.309999942779541,False,3.6800000000000006,False,False,-24.47,-24.15,False,186.0,False,EXIT
KHANDSE,Khandwala Securities Limited,Financial Services,Capital Markets,17.399999618530273,False,1.7599999999999998,True,False,-32.82,-32.47,False,10.29,True,EXIT
NEXTMEDIA,Next Mediaworks Limited,Communication Services,Broadcasting,3.950000047683716,False,4.99,True,False,-22.37,-40.78,False,1.45,False,EXIT
AGSTRA,AGS Transact Technologies Limited,Technology,Software - Infrastructure,2.0399999618530273,False,194.26,True,False,-65.75,-65.85,False,1806.0,False,EXIT
LIBAS,Libas Consumer Products Limited,Consumer Cyclical,Apparel Manufacturing,9.779999732971191,False,0.0,False,False,-28.52,-22.44,False,91.91,True,EXIT
TARAPUR,Tarapur Transformers Limited,Industrials,Specialty Industrial Machinery,13.210000038146973,False,2.04,False,False,-53.75,-53.34,False,,False,EXIT
LAXMICOT,Laxmi Cotspin Limited,Consumer Cyclical,Textile Manufacturing,14.789999961853027,False,10.64,True,False,-52.28,-46.14,False,216.0,False,EXIT
ARSHIYA,Arshiya Limited,Industrials,Integrated Freight & Logistics,0.9599999785423279,False,98.67,False,False,-71.72,-71.27,False,1140.0,False,EXIT
KSHITIJPOL,Kshitij Polyline Limited,Industrials,Business Equipment & Supplies,2.809999942779541,False,3.6900000000000004,True,False,-18.88,-18.55,False,59.36,False,EXIT
VCL,Vaxtex Cotfab Limited,Consumer Cyclical,Textile Manufacturing,1.340000033378601,False,6.28,False,False,1.17,7.18,True,,False,EXIT
FLFL,Future Lifestyle Fashions Limited,Consumer Cyclical,Apparel Manufacturing,1.190000057220459,False,0.0,False,False,-41.82,-35.7,False,6297.0,False,EXIT
KRIDHANINF,Kridhan Infra Limited,Basic Materials,Steel,2.2899999618530273,False,2.6900000000000004,False,False,-49.14,-49.44,False,726.75,False,EXIT
ANKITMETAL,Ankit Metal & Power Limited,Basic Materials,Steel,1.590000033378601,False,0.0,True,False,-21.73,-22.1,False,1148.0,True,EXIT
HAVISHA,Sri Havisha Hospitality and Infrastructure Limited,Consumer Cyclical,Lodging,1.4600000381469727,False,5.03,True,False,-41.73,-35.62,False,2.89,False,EXIT
MFML,Mahalaxmi Fabric Mills Limited,Consumer Cyclical,Textile Manufacturing,19.549999237060547,False,8.3,True,False,-45.96,-39.84,False,166.0,False,EXIT
SHRENIK,Shrenik Limited,Basic Materials,Paper & Paper Products,0.33000001311302185,False,1.4400000000000002,False,False,-45.25,-45.56,False,,False,EXIT
TCIFINANCE,TCI Finance Limited,Financial Services,Credit Services,15.15999984741211,False,1.9900000000000002,False,False,5.34,5.53,True,,False,EXIT
ACEINTEG,Ace Integrated Solutions Limited,Industrials,Staffing & Employment Services,18.8799991607666,False,0.9500000000000002,True,False,-26.53,-26.18,False,9.14,False,EXIT
FEL,Future Enterprises Limited,Consumer Cyclical,Department Stores,0.3700000047683716,False,0.0,False,False,-45.7,-39.57,False,20186.0,False,EXIT
SHYAMTEL,Shyam Telecom Limited,Technology,Communication Equipment,15.539999961853027,False,5.03,True,True,4.11,3.58,True,799.0,False,HOLD
ASTRON,Astron Paper & Board Mill Limited,Basic Materials,Paper & Paper Products,3.740000009536743,False,21.18,False,False,-78.12,-78.33,False,512.0,False,EXIT
TECILCHEM,Tecil Chemicals and Hydro Power Ltd.,Financial Services,Shell Companies,9.1899995803833,False,0.42000000000000004,False,False,-55.24,-54.78,False,0.0,True,EXIT
SILLYMONKS,Silly Monks Entertainment Limited,Communication Services,Entertainment,16.350000381469727,False,2.35,True,False,11.99,-6.87,False,22.22,False,EXIT
RADAAN,Radaan Mediaworks India Limited,Communication Services,Entertainment,2.9800000190734863,False,4.79,True,False,-9.5,-28.08,False,35.54,False,EXIT
TVVISION,TV Vision Limited,Communication Services,Broadcasting,4.130000114440918,False,34.48,True,False,-27.4,-45.74,False,176.0,False,EXIT
EUROTEXIND,Eurotex Industries and Exports Limited,Real Estate,Real Estate - Development,13.369999885559082,False,4.87,False,False,2.13,-13.96,False,,False,EXIT
HEADSUP,Heads UP Ventures Limited,Consumer Cyclical,Apparel Retail,6.989999771118164,False,7.42,True,False,-41.46,-35.35,False,1.42,True,EXIT
VIVIDHA,Visagar Polytex Limited,Consumer Cyclical,Textile Manufacturing,0.5199999809265137,False,1.54,False,False,-43.94,-37.82,False,,False,EXIT
UMESLTD,Usha Martin Education & Solutions Limited,Consumer Defensive,Education & Training Services,5.570000171661377,False,0.39,True,True,-4.26,-9.43,False,6.19,False,HOLD
TIJARIA,Tijaria Polypipes Limited,Industrials,Building Products & Equipment,5.090000152587891,False,1.3,False,True,-44.57,-44.18,False,,False,EXIT
MTEDUCARE,MT Educare Limited,Consumer Defensive,Education & Training Services,1.9900000095367432,False,11.29,False,True,-15.42,-20.52,False,305.0,False,EXIT
BOHRAIND,Bohra Industries Limited,Basic Materials,Agricultural Inputs,13.850000381469727,False,4.25,False,False,-60.83,-61.1,False,,False,EXIT
AURUS,Aurus Gem Corporation Limited,Consumer Cyclical,Luxury Goods,4.809999942779541,False,16.91,False,False,-43.8,-37.68,False,,False,EXIT
GLFL,Gujarat Lease Financing Limited,Financial Services,Shell Companies,5.199999809265137,False,0.23,False,False,-20.51,-20.21,False,0.69,False,EXIT
KALYANI,Kalyani Commercials Limited,Consumer Cyclical,Auto & Truck Dealerships,138.08999633789062,True,2.74,True,False,-10.53,-4.49,False,901.0,False,EXIT
RETAIL,JHS Svendgaard Retail Ventures Limited,Consumer Defensive,Grocery Stores,16.270000457763672,False,0.42000000000000004,False,False,-56.86,-61.68,False,,False,EXIT
NIRAJISPAT,Niraj Ispat Industries Limited,Consumer Cyclical,Apparel Manufacturing,216.0,False,1.21,False,False,-58.93,-52.77,False,,False,EXIT
UNIINFO,Uniinfo Telecom Services Limited,Communication Services,Telecom Services,12.050000190734863,False,1.5300000000000002,False,False,-28.06,-46.39,False,50.1,False,EXIT
BILVYAPAR,BIL Vyapar Limited,Basic Materials,Specialty Chemicals,4.079999923706055,False,2.9800000000000004,False,False,-69.55,-69.79,False,4735.57,False,EXIT
CREATIVEYE,Creative Eye Limited,Communication Services,Entertainment,6.269999980926514,False,5.180000000000001,False,False,-4.52,-23.16,False,,False,EXIT
ORTINGLOBE,Ortin Global Limited,Healthcare,Drug Manufacturers - Specialty & Generic,15.149999618530273,False,0.74,False,True,-27.86,-17.67,False,,False,EXIT
ARENTERP,Rajdarshan Industries Limited,Basic Materials,Other Industrial Metals & Mining,37.90999984741211,False,0.8400000000000001,True,False,-27.15,-27.51,False,1.9,False,EXIT
FLEXITUFF,Flexituff Ventures International Limited,Consumer Cyclical,Textile Manufacturing,3.690000057220459,False,134.89,False,False,-95.69,-89.45,False,1457.0,False,EXIT
LAKPRE,Lakshmi Precision Screws Limited,Industrials,Tools & Accessories,5.199999809265137,False,0.0,False,False,-22.28,-21.95,False,425.0,False,EXIT
DCMFINSERV,DCM Financial Services Limited,Financial Services,Credit Services,5.289999961853027,False,1.03,False,True,-16.31,-16.02,False,3.96,False,EXIT
ANTGRAPHIC,Antarctica Limited,Consumer Cyclical,Packaging & Containers,0.7400000095367432,False,0.0,False,False,-47.91,-41.77,False,,False,EXIT
GLOBALE,Globale Tessile Limited,Consumer Cyclical,Textile Manufacturing,10.529999732971191,False,1.4,False,False,-34.28,-28.18,False,,False,EXIT
DSKULKARNI,D S Kulkarni Developers Limited,Real Estate,Real Estate - Development,10.960000038146973,False,0.9600000000000001,False,False,-7.63,-23.6,False,,False,EXIT
MEP,MEP Infrastructure Developers Limited,Industrials,Infrastructure Operations,0.5699999928474426,False,0.0,False,False,-67.67,-67.23,False,2815.0,False,EXIT
COMPINFO,Compuage Infocom Limited,Technology,Electronics & Computer Distribution,1.1200000047683716,False,0.0,False,False,-62.26,-62.38,False,4515.0,False,EXIT
BLUECHIP,Blue Chip India Limited,Financial Services,Capital Markets,1.659999966621399,False,0.44999999999999996,False,False,-70.42,-69.9,False,,False,EXIT
PREMIER,Premier Limited,Industrials,Specialty Industrial Machinery,2.8399999141693115,False,5.869999999999999,True,False,-24.83,-24.49,False,99.96,False,EXIT
SHANTI,Shanti Overseas (India) Limited,Consumer Defensive,Farm Products,6.900000095367432,False,2.87,False,False,-36.39,-41.36,False,210.44,False,EXIT
ORTEL,Ortel Communications Limited,Communication Services,Entertainment,2.2200000286102295,False,0.0,False,True,54.58,35.14,True,203.0,False,HOLD
SETUINFRA,Setubandhan Infrastructure Limited,Industrials,Engineering & Construction,0.4099999964237213,False,0.0,False,False,-21.15,-20.81,False,283.49,False,EXIT
CLCIND,CLC Industries Limited,Consumer Cyclical,Textile Manufacturing,56.43000030517578,False,8.83,True,False,-90.57,-84.33,False,1638.0,False,EXIT
BIRLANU,BIRLANU,Industrials,Building Products & Equipment,1641.5,False,119.52,False,True,-21.19,-20.86,False,3615.0,True,EXIT
FRONTSP,Frontier Springs Limited,,,1401.199951171875,False,0.0,False,False,,,False,,False,EXIT
RELINFRA,RELINFRA,Utilities,Utilities - Independent Power Producers,76.55999755859375,False,2900.2200000000003,False,False,-68.86,-77.27,False,26952.0,False,EXIT
RELIANCE,RELIANCE,Energy,Oil & Gas Refining & Marketing,1334.800048828125,False,83556.0,False,False,-16.81,-8.42,False,962820.0,True,EXIT
ABMKNO,ABM Knowledgeware Limited,,,186.2100067138672,False,0.0,False,False,,,False,,False,EXIT
OMPOWER,OMPOWER,Industrials,Engineering & Construction,171.02999877929688,False,0.0,False,False,,,False,,False,EXIT
AKCAPIT,A. K. Capital Services Limited,,,1720.699951171875,False,0.0,False,False,,,False,,False,EXIT
3BBLACKBIO,3B Blackbio Dx Limited,,,1207.699951171875,False,0.0,False,False,,,False,,False,EXIT
ABSLAMC,ABSLAMC,Financial Services,Asset Management,1025.300048828125,False,1043.23,False,True,15.28,15.43,True,1955.0,True,HOLD
AARNAV,Aarnav Fashions Limited,,,30.81999969482422,True,0.0,False,False,,,False,,False,EXIT
AASTHA,AASTHA,Consumer Cyclical,Textile Manufacturing,74.5999984741211,False,0.0,False,False,,,False,,False,EXIT
WELSPLSOL,Welspun Specialty Solutions Limited,,,50.0099983215332,False,0.0,False,False,,,False,,False,EXIT
BEEKAY,Beekay Steel Industries Limited,,,394.0,False,0.0,False,False,,,False,,False,EXIT
BENGALASM,Bengal & Assam Company Limited,,,6178.5,False,0.0,False,False,,,False,,False,EXIT
RECLTD,RECLTD,Financial Services,Credit Services,367.0,False,16085.990000000002,False,True,-9.4,-9.15,False,,False,EXIT
SHBAJRG,Shri Bajrang Alliance Limited,,,181.35000610351562,False,0.0,False,False,,,False,,False,EXIT
BIRLAPREC,Birla Precision Technologies Limited,,,35.04999923706055,False,0.0,False,False,,,False,,False,EXIT
MENNPIS,Menon Pistons Limited,,,74.06999969482422,False,0.0,False,False,,,False,,False,EXIT
MCX,MCX,Financial Services,Financial Data & Stock Exchanges,2638.0,False,1344.33,False,True,62.86,62.79,True,1113.0,True,HOLD
BOSCHLTD,BOSCHLTD,Consumer Cyclical,Auto Parts,42950.0,True,2773.2,False,True,0.86,6.87,True,18087.0,True,HOLD
EMPOWER,Empower India Limited,,,2.430000066757202,False,0.0,False,False,,,False,,False,EXIT
RPOWER,RPOWER,Utilities,Utilities - Independent Power Producers,24.34000015258789,False,651.11,False,False,-41.41,-50.54,False,10396.0,False,EXIT
BLIL,Balmer Lawrie Investments Limited,,,70.75,False,0.0,False,False,,,False,,False,EXIT
THAKDEV,Thakkers Developers Limited,,,140.33999633789062,False,0.0,False,False,,,False,,False,EXIT
MADHAVIPL,Madhav Infra Projects Limited,,,7.78000020980835,False,0.0,False,False,,,False,,False,EXIT
MANIPALHOS,MANIPALHOS,Healthcare,Medical Care Facilities,677.9500122070312,True,0.0,False,False,,,False,,False,EXIT
BI,Bilcare Limited,,,62.91999816894531,False,0.0,False,False,,,False,,False,EXIT
RAMBHAJO,RAMBHAJO,Consumer Cyclical,Luxury Goods,185.2100067138672,False,0.0,False,False,,,False,,False,EXIT
THACKER,Thacker and Company Limited,,,1096.800048828125,False,0.0,False,False,,,False,,False,EXIT
RIR,Rir Power Electronics Limited,Technology,Semiconductors,161.44000244140625,True,7.930000000000001,False,False,,,False,,False,EXIT
KUSUMGAR,KUSUMGAR,Consumer Cyclical,Textile Manufacturing,640.5499877929688,True,0.0,False,False,,,False,,False,EXIT
LAHOTIOV,Lahoti Overseas Limited,,,42.7400016784668,False,0.0,False,False,,,False,,False,EXIT
KPL,Kwality Pharmaceuticals Limited,,,2611.800048828125,False,0.0,False,False,,,False,,False,EXIT
RAJPALAYAM,Rajapalayam Mills Limited,Unknown,Unknown,818.9500122070312,True,114.35000000000001,False,False,,,False,,False,EXIT
CMPDI,CMPDI,Basic Materials,Other Industrial Metals & Mining,250.13999938964844,False,656.6099999999999,False,False,,,False,,False,EXIT
CHALET,CHALET,Consumer Cyclical,Lodging,859.7000122070312,False,576.38,False,True,-12.54,-6.5,False,1718.0,True,EXIT
SONAL,Sonal Mercantile Limited,,,87.5999984741211,False,0.0,False,False,,,False,,False,EXIT
SHINDL,Sharat Industries Limited,,,162.61000061035156,True,0.0,False,False,,,False,,False,EXIT
TCC,TCC Concept Limited,,,273.75,False,0.0,False,False,,,False,83.0,True,EXIT
CORONA,CORONA,Healthcare,Drug Manufacturers - General,2058.800048828125,True,164.35000000000002,False,False,,,False,1196.0,True,EXIT
DAICHI,Dai-ichi Karkaria Limited,,,323.79998779296875,True,0.0,False,False,,,False,,False,EXIT
CMRGREEN,CMRGREEN,Basic Materials,Aluminum,225.60000610351562,False,0.0,False,False,,,False,,False,EXIT
QUINT,Quint Digital Limited,,,37.47999954223633,False,0.0,False,False,,,False,,False,EXIT
COCKERILL,John Cockerill India Limited,Industrials,Metal Fabrication,9635.5,False,18.419999999999998,False,False,,,False,,False,EXIT
HBESD,HB Estate Developers Limited,Unknown,Unknown,78.5199966430664,False,0.0,False,False,,,False,,False,EXIT
FERMENTA,Fermenta Biotech Limited,,,560.5999755859375,True,0.0,False,False,,,False,,False,EXIT
FEDDERSHOL,Fedders Holding Limited,,,43.45000076293945,False,0.0,False,False,,,False,,False,EXIT
MCCHRLS-B,Mac Charles (India) Limited,,,679.8499755859375,False,0.0,False,False,,,False,,False,EXIT
ASHOKLEY,ASHOKLEY,Industrials,Farm & Heavy Construction Machinery,177.5,False,3471.03,False,True,43.48,43.67,True,48535.0,True,HOLD
ASHIKAG,ASHIKAG,,,454.3999938964844,False,0.0,False,False,,,False,,False,EXIT
MERCANTILE,Mercantile Ventures Limited,,,25.09000015258789,False,0.0,False,False,,,False,,False,EXIT
BLACKROSE,Black Rose Industries Limited,,,112.93000030517578,False,0.0,False,False,,,False,,False,EXIT
UNITECH,UNITECH,Real Estate,Real Estate - Diversified,4.150000095367432,False,2455.74,False,False,-28.89,-44.6,False,3431.0,False,EXIT
BAJAJST,Bajaj Steel Industries Limited,,,390.3999938964844,False,0.0,False,False,,,False,,False,EXIT
BHARATCOAL,BHARATCOAL,Basic Materials,Coking Coal,34.06999969482422,False,325.23,False,False,,,False,14246.0,False,EXIT
BIOCON,BIOCON,Healthcare,Biotechnology,426.3500061035156,False,385.6,False,True,2.58,12.58,True,15262.0,True,HOLD
BNAGROCHEM,BN Agrochem Limited,,,265.04998779296875,False,0.0,False,False,,,False,,False,EXIT
BNALTD,B & A Limited,,,390.0,False,0.0,False,False,,,False,,False,EXIT
TVSMOTOR,TVSMOTOR,Consumer Cyclical,Auto Manufacturers,4440.89990234375,True,3242.2799999999997,False,True,36.96,42.89,True,44089.0,True,HOLD
TURTLEMINT,TURTLEMINT,Financial Services,Insurance Brokers,111.83999633789062,False,47.9,False,False,,,False,,False,EXIT
TCS,TCS,Technology,Information Technology Services,2452.699951171875,False,50484.0,False,False,-23.63,-23.99,False,267021.0,True,EXIT
TECHNVISN,TechNVision Ventures Limited,,,5721.7998046875,True,0.0,False,False,,,False,,False,EXIT
TENNIND,TENNIND,Consumer Cyclical,Auto Parts,562.7999877929688,False,593.23,False,False,,,False,5468.0,False,EXIT
DECNGOLD,Deccan Gold Mines Limited,,,216.22000122070312,True,0.0,False,False,,,False,,False,EXIT
TAMBOLIIN,Tamboli Industries Limited,,,227.4499969482422,True,0.0,False,False,,,False,,False,EXIT
TAALTECH,TAAL Tech Limited,,,4489.2998046875,True,0.0,False,False,,,False,,False,EXIT
ASTAR,Asian Star Company Limited,,,593.0499877929688,False,0.0,False,False,,,False,,False,EXIT
PRICOLLTD,PRICOLLTD,Consumer Cyclical,Auto Parts,737.9000244140625,True,253.82999999999998,False,True,61.91,67.78,True,2692.0,True,HOLD
PRADPME,Pradeep Metals Limited,,,515.2000122070312,False,0.0,False,False,,,False,,False,EXIT
RSDFIN,RSD Finance Limited,,,144.82000732421875,False,0.0,False,False,,,False,,False,EXIT
KLBRENG-B,Kilburn Engineering Limited,,,388.8999938964844,False,0.0,False,False,,,False,,False,EXIT
RRIL,RRIL Limited,,,17.450000762939453,False,0.0,False,False,,,False,,False,EXIT
SUZLON,SUZLON,Industrials,Specialty Industrial Machinery,48.150001525878906,False,2189.17,False,False,-29.85,-29.5,False,20403.0,False,EXIT
VELJAN,Veljan Denison Limited,,,1706.4000244140625,False,0.0,False,False,,,False,,False,EXIT
ARTEMISMED,Artemis Medicare Services Limited,,,316.29998779296875,False,0.0,False,True,,26.12,False,937.0,True,EXIT
COMFINTE,Comfort Intech Limited,,,6.610000133514404,False,0.0,False,False,,,False,,False,EXIT
PREMCO,Premco Global Limited,,,380.29998779296875,False,0.0,False,False,,,False,,False,EXIT
MMWL,Media Matrix Worldwide Limited,Communication Services,Entertainment,15.789999961853027,True,5.85,False,False,,,False,,False,EXIT
HESTERBIO,HESTERBIO,Healthcare,Drug Manufacturers - Specialty & Generic,2417.89990234375,False,136.17000000000002,False,True,5.82,15.8,True,311.0,True,HOLD
PRAVEG,Praveg Limited,,,275.3999938964844,False,0.0,False,False,,,False,,False,EXIT
SHRIKRISH,Shri Krishna Devcon Limited,Unknown,Unknown,42.959999084472656,False,0.0,False,False,,,False,,False,EXIT
HALDYNGL,Haldyn Glass Limited,,,130.5800018310547,False,0.0,False,False,,,False,,False,EXIT
SKMEGGPROD,SKMEGGPROD,Consumer Defensive,Packaged Foods,235.0,False,86.57,False,True,47.54,42.02,True,701.0,False,HOLD
HEXAGON,HEXAGON,Consumer Defensive,Packaged Foods,64.1500015258789,False,0.0,False,False,,,False,,False,EXIT
JUBLFOOD,JUBLFOOD,Consumer Cyclical,Restaurants,486.5,False,428.48,False,False,-34.05,-27.96,False,6105.0,True,EXIT
KAMAHOLD,KAMA Holdings Limited,,,2506.699951171875,False,0.0,False,False,,,False,,False,EXIT
EMBDL,EMBDL,Real Estate,Real Estate - Diversified,63.040000915527344,False,852.3,False,False,-24.88,-40.63,False,2111.0,True,EXIT
ELITECON,Elitecon International Limited,,,18.059999465942383,False,0.0,False,False,,,False,,False,EXIT
KIRANVYPAR,Kiran Vyapar Limited,,,198.36000061035156,True,0.0,False,False,,,False,,False,EXIT
KOTIC,Kothari Industrial Corporation Limited,,,152.89999389648438,False,0.0,False,False,,,False,,False,EXIT
NATIONSTD,National Standard (India) Limited,,,191.85000610351562,False,0.0,False,False,,,False,,False,EXIT
CPL,Captain Polyplast Limited,Industrials,Farm & Heavy Construction Machinery,71.30000305175781,True,27.780000000000005,False,False,,,False,,False,EXIT
INDPRUD,Industrial And Prudential Investment Company Limited,,,6350.0,False,0.0,False,False,,,False,,False,EXIT
INFOBEAN,INFOBEAN,Technology,Software - Application,167.83999633789062,False,62.35,False,False,14.22,13.63,True,395.0,True,EXIT
SCANSTL,Scan Steels Limited,,,62.38999938964844,True,0.0,False,False,,,False,,False,EXIT
SEIL,Shanti Educational Initiatives Limited,,,202.41000366210938,False,0.0,False,False,,,False,,False,EXIT
PML,Paul Merchants Limited,,,500.45001220703125,False,0.0,False,False,,,False,,False,EXIT
PIONRINV,Pioneer Investcorp Limited,,,83.6500015258789,False,0.0,False,False,,,False,,False,EXIT
INVPRECQ,Investment & Precision Castings Limited,,,1133.4000244140625,True,0.0,False,False,,,False,,False,EXIT
IONEXCHANG,IONEXCHANG,Industrials,Pollution & Treatment Controls,371.6000061035156,False,156.49,False,False,-23.66,-23.32,False,2737.0,True,EXIT
NILE,Nile Limited,,,1547.800048828125,False,0.0,False,False,,,False,,False,EXIT
3PLAND,3P Land Holdings Ltd,Unknown,Unknown,32.119998931884766,False,1.65,False,False,-18.0,-35.75,False,205.25,False,EXIT
DISAQ,DISA India Limited,,,11880.0,False,0.0,False,False,,,False,,False,EXIT
ZSARACOM,Saraswati Commercial (India) Limited,,,11655.0,False,0.0,False,False,,,False,,False,EXIT
KANCHI,Kanchi Karpooram Limited,,,367.95001220703125,False,0.0,False,False,,,False,,False,EXIT
SAMPANN,SAMPANN,Unknown,Unknown,27.520000457763672,False,6.98,False,False,14.47,-14.11,False,93.0,True,EXIT
NEAGI,Neelamalai Agro Industries Limited,,,3111.89990234375,False,0.0,False,False,,,False,,False,EXIT
IOC,IOC,Energy,Oil & Gas Refining & Marketing,143.3800048828125,False,35909.45,False,False,-11.53,-3.28,False,841756.0,False,EXIT
ACSTECH,ACS Technologies Limited,,,46.0,True,0.0,False,False,,,False,,False,EXIT
ABANSENT,ABans Enterprises Limited,,,25.989999771118164,False,0.0,False,False,,,False,,False,EXIT
IWP,The Indian Wood Products Company Limited,,,33.439998626708984,False,0.0,False,False,,,False,,False,EXIT
SURYALA,Suryalata Spinning Mills Limited,,,398.8999938964844,False,0.0,False,False,,,False,,False,EXIT
SAPPL,Shree Ajit Pulp and Paper Limited,,,288.0,False,0.0,False,False,,,False,,False,EXIT
ELCIDIN,Elcid Investments Limited,,,112260.0,False,0.0,False,False,,,False,,False,EXIT
ZODIAC,Zodiac Energy Limited,,,251.5,False,0.0,False,False,,-47.33,False,408.0,True,EXIT
DRAGARWQ,Dr. Agarwal's Eye Hospital Limited,,,5285.5,True,0.0,False,False,,,False,,False,EXIT
SINGERIND,Singer India Limited,,,67.93000030517578,False,0.0,False,False,,,False,483.0,False,EXIT
SIKA,Sika Interplant Systems Limited,,,1100.199951171875,False,0.0,False,False,,,False,,False,EXIT
GUJRAFFIA,Gujarat Raffia Industries Limited,,,40.279998779296875,False,0.0,False,False,,1.88,False,47.56,False,EXIT
WPIL,WPIL Limited,,,436.3999938964844,False,0.0,False,False,,,False,,False,EXIT
GRANDOAK,Grand Oak Canyons Distillery Limited,,,41.099998474121094,False,0.0,False,False,,,False,,False,EXIT
AIAENG,AIAENG,Industrials,Specialty Industrial Machinery,4776.0,False,1270.15,False,True,46.95,47.13,True,4909.0,False,HOLD
GNRL,Gujarat Natural Resources Limited,,,93.91999816894531,False,0.0,False,False,,,False,,False,EXIT
GRAVISSHO,Graviss Hospitality Limited,,,31.079999923706055,True,0.0,False,False,,,False,,False,EXIT
