Symbol,Company,Sector,Industry,Current_Price,ATH_Price_Flag,TTM_Net_Profit,ATH_Profit_Flag,Above_MA212_Flag,RS_vs_Sector,RS_vs_Benchmark,Outperformance_Flag,ATH_Sales,ATH_Sales_Flag,Signal
BHARTIARTL,Bharti Airtel Limited,Communication Services,Telecom Services,1943.0,False,28070.9,False,False,18.59,-1.25,False,172985.0,True,EXIT
HDFCBANK,HDFC Bank Limited,Financial Services,Banks - Regional,731.0,False,49307.979999999996,False,False,-31.28,-31.73,False,,False,EXIT
ICICIBANK,ICICI Bank Limited,Financial Services,Banks - Regional,1431.800048828125,True,56090.159999999996,True,True,-5.51,-6.08,False,,False,HOLD
SBIN,State Bank of India,Financial Services,Banks - Regional,1071.0,False,62161.45,False,True,28.08,27.37,True,,False,HOLD
BAJFINANCE,Bajaj Finance Limited,Financial Services,Credit Services,1102.199951171875,True,20303.53,True,True,20.54,19.86,True,,False,ADD
LT,Larsen & Toubro Limited,Industrials,Engineering & Construction,4080.0,False,16280.750000000002,True,True,6.67,7.3,True,255734.0,True,HOLD
LICI,Life Insurance Corporation of India,Financial Services,Insurance - Life,393.0,False,47354.67,False,False,-19.19,-19.7,False,889970.0,True,EXIT
HINDUNILVR,Hindustan Unilever Limited,Consumer Defensive,Household & Personal Products,2087.199951171875,False,15028.0,True,False,-16.92,-22.26,False,63121.0,True,EXIT
INFY,Infosys Limited,Technology,Information Technology Services,1183.0,False,332.4,False,False,-22.22,-22.66,False,162990.0,True,EXIT
SUNPHARMA,Sun Pharmaceutical Industries Limited,Healthcare,Drug Manufacturers - Specialty & Generic,1944.4000244140625,True,11256.259999999998,True,True,6.64,16.74,True,52578.0,True,ADD
MARUTI,Maruti Suzuki India Limited,Consumer Cyclical,Auto Manufacturers,14097.0,False,14777.4,True,False,0.57,6.18,True,152913.0,True,HOLD
TITAN,Titan Company Limited,Consumer Cyclical,Luxury Goods,5090.0,True,4825.0,True,True,35.79,41.31,True,60456.0,True,ADD
ADANIENT,Adani Enterprises Limited,Energy,Thermal Coal,3010.0,False,7007.960000000001,False,True,26.08,32.4,True,127540.0,False,HOLD
M&M,Mahindra & Mahindra Limited,Consumer Cyclical,Auto Manufacturers,3517.0,False,18880.07,True,True,0.46,6.06,True,159211.0,True,HOLD
ADANIPOWER,Adani Power Limited,Utilities,Utilities - Independent Power Producers,210.64999389648438,False,14687.210000000001,False,True,90.67,76.78,True,56203.0,True,HOLD
ADANIPORTS,Adani Ports and Special Economic Zone Limited,Industrials,Marine Shipping,1681.0,False,13317.560000000001,True,True,20.47,21.08,True,30475.0,True,HOLD
KOTAKBANK,Kotak Mahindra Bank Limited,Financial Services,Banks - Regional,393.5,False,15827.900000000001,False,False,-4.47,-5.03,False,,False,EXIT
AXISBANK,AXISBANK,Financial Services,Banks - Regional,1247.300048828125,False,28489.31,True,False,12.73,12.09,True,,False,HOLD
HCLTECH,HCL Technologies Limited,Technology,Information Technology Services,1357.199951171875,False,13188.0,False,False,-13.32,-13.82,False,117055.0,True,EXIT
ITC,ITC Limited,Consumer Defensive,Tobacco,282.6499938964844,False,19957.49,False,False,-32.37,-37.6,False,75323.0,True,EXIT
ULTRACEMCO,UltraTech Cement Limited,Basic Materials,Building Materials,12038.0,False,9533.34,True,True,-5.75,-6.77,False,75955.0,True,HOLD
NTPC,NTPC Limited,Utilities,Utilities - Regulated Electric,340.45001220703125,False,28706.79,True,False,7.61,-4.09,False,188138.0,True,EXIT
HAL,Hindustan Aeronautics Limited,Industrials,Aerospace & Defense,4928.0,False,9115.6,True,True,4.55,5.18,True,30981.0,True,HOLD
BAJAJFINSV,Bajaj Finserv Ltd.,Financial Services,Financial Conglomerates,2021.300048828125,False,10144.27,True,True,0.12,-0.47,False,133822.0,True,HOLD
BAJAJ-AUTO,Bajaj Auto Limited,Consumer Cyclical,Auto Manufacturers,11677.0,False,11759.400000000001,True,True,30.66,36.19,True,50995.0,True,HOLD
JSWSTEEL,JSWSTEEL,Basic Materials,Steel,1302.0,True,25344.0,True,True,19.39,18.3,True,175006.0,False,ADD
ONGC,Oil and Natural Gas Corporation Limited,Energy,Oil & Gas Integrated,239.83999633789062,False,41424.38,False,False,-10.39,-3.05,False,632291.0,False,EXIT
NESTLEIND,Nestlé India Limited,Consumer Defensive,Packaged Foods,1528.5999755859375,True,3477.1800000000003,False,True,39.33,33.61,True,24394.0,False,HOLD
BEL,Bharat Electronics Limited,Industrials,Aerospace & Defense,404.3500061035156,False,5828.57,True,False,-1.31,-0.66,False,23769.0,True,EXIT
ETERNAL,Eternal Limited,Consumer Cyclical,Internet Retail,310.25,False,393.0,False,True,-8.31,-2.69,False,20243.0,True,EXIT
SHRIRAMFIN,Shriram Finance Limited,Financial Services,Credit Services,1137.800048828125,True,11162.76,False,True,81.79,80.84,True,,False,HOLD
ASIANPAINT,Asian Paints Limited,Basic Materials,Specialty Chemicals,2750.0,False,4764.83,False,True,6.34,5.29,True,35495.0,False,HOLD
COALINDIA,Coal India Limited,Energy,Thermal Coal,411.0,False,35645.79,False,False,-4.73,2.45,False,144762.0,False,EXIT
HINDZINC,Hindustan Zinc Limited,Basic Materials,Other Industrial Metals & Mining,595.1500244140625,False,16652.0,True,True,36.81,35.67,True,34098.0,False,HOLD
DMART,Avenue Supermarts Limited,Consumer Defensive,Discount Stores,4054.0,False,3146.09,True,False,-3.15,-8.58,False,59358.0,True,EXIT
POWERGRID,Power Grid Corporation of India Limited,Utilities,Utilities - Regulated Electric,270.1000061035156,False,16504.74,False,False,0.55,-10.97,False,45843.0,False,EXIT
HINDALCO,Hindalco Industries Limited,Basic Materials,Aluminum,1054.050048828125,False,13391.0,False,True,52.07,50.89,True,238496.0,True,HOLD
TATASTEEL,Tata Steel Limited,Basic Materials,Steel,190.24000549316406,False,11034.54,False,False,15.73,14.65,True,243959.0,False,EXIT
ADANIGREEN,Adani Green Energy Limited,Utilities,Utilities - Renewable,1369.0,False,1283.0,False,True,56.98,43.98,True,11212.0,True,HOLD
GRASIM,Grasim Industries Limited,Basic Materials,Building Materials,3380.5,True,5908.91,False,True,20.9,19.8,True,148478.0,True,HOLD
EICHERMOT,Eicher Motors Limited,Consumer Cyclical,Auto Manufacturers,7975.0,True,5772.5199999999995,True,True,29.5,35.03,True,18451.0,True,ADD
DIVISLAB,Divi's Laboratories Limited,Healthcare,Drug Manufacturers - Specialty & Generic,8300.0,True,2541.0,False,True,24.56,34.54,True,9360.0,True,HOLD
INDIGO,InterGlobe Aviation Limited,Industrials,Airlines,5333.5,False,5500.0,False,True,-14.03,-13.35,False,80803.0,True,EXIT
ADANIENSOL,Adani Energy Solutions Limited,Utilities,Utilities - Independent Power Producers,1632.0,False,2897.6299999999997,True,True,115.29,100.75,True,23767.0,True,HOLD
TORNTPHARM,Torrent Pharmaceuticals Limited,Healthcare,Drug Manufacturers - Specialty & Generic,4924.0,True,2181.0,True,True,22.02,32.01,True,11516.0,True,ADD
SBILIFE,SBI Life Insurance Company Limited,Financial Services,Insurance - Life,1855.0,False,2700.68,False,False,-4.05,-4.63,False,,False,EXIT
WIPRO,Wipro Limited,Technology,Information Technology Services,185.5,False,13219.0,True,False,-27.78,-28.19,False,90488.0,False,EXIT
VAML,Vedanta Aluminium Metal Limited,Basic Materials,Aluminum,472.6000061035156,True,7410.0,False,False,,,False,,False,EXIT
HYUNDAI,HYUNDAI,Consumer Cyclical,Auto Manufacturers,2223.0,False,4747.88,False,True,-6.57,-0.95,False,69829.0,False,EXIT
MOTHERSON,Samvardhana Motherson International Limited,Consumer Cyclical,Auto Parts,167.99000549316406,True,3859.6800000000003,True,True,72.47,77.9,True,113663.0,True,ADD
JIOFIN,Jio Financial Services Limited,Financial Services,Asset Management,254.0,False,1696.1100000000001,True,False,-26.23,-26.7,False,2043.0,True,EXIT
PIDILITIND,Pidilite Industries Limited,Basic Materials,Specialty Chemicals,1685.0,True,2742.0999999999995,True,True,4.62,3.58,True,13140.0,True,ADD
SOLARINDS,Solar Industries India Limited,Basic Materials,Specialty Chemicals,18820.0,True,1677.55,True,True,25.45,24.34,True,7540.0,True,ADD
TMCV,TMCV,Consumer Cyclical,Auto Manufacturers,450.20001220703125,False,5193.0,False,False,,,False,,False,EXIT
ABB,ABB India Limited,Industrials,Specialty Industrial Machinery,7649.5,False,2930.54,True,True,45.98,46.53,True,13203.0,True,HOLD
TRENT,Trent Limited,Consumer Cyclical,Apparel Retail,3025.0,False,1719.65,False,False,-54.64,-48.9,False,17135.0,True,EXIT
CHOLAFIN,Cholamandalam Investment and Finance Company Limited,Financial Services,Credit Services,1920.0,True,5729.22,True,True,27.23,26.52,True,,False,ADD
DLF,DLF Limited,Real Estate,Real Estate - Development,660.0,False,4028.49,False,True,-0.58,-17.46,False,9926.0,False,EXIT
TATACAP,TATACAP,Financial Services,Credit Services,367.8500061035156,True,4306.27,True,True,,,False,,False,HOLD
ICICIAMC,ICICIAMC,Financial Services,Asset Management,3054.199951171875,False,3479.24,False,False,,,False,4977.0,True,EXIT
CUMMINSIND,Cummins India Limited,Industrials,Specialty Industrial Machinery,5448.0,False,2268.92,True,True,36.75,37.32,True,10391.0,True,HOLD
VBL,Varun Beverages Limited,Consumer Defensive,Beverages - Non-Alcoholic,445.5,False,3961.97,True,False,-10.58,-15.97,False,21685.0,True,EXIT
POWERINDIA,Hitachi Energy India Limited,Industrials,Electrical Equipment & Parts,36050.0,False,907.37,False,True,71.35,71.84,True,,False,HOLD
TECHM,Tech Mahindra Limited,Technology,Information Technology Services,1640.0,False,5081.5,True,True,5.61,4.99,True,53290.0,False,HOLD
BHEL,Bharat Heavy Electricals Limited,Industrials,Specialty Industrial Machinery,409.0,False,2513.08,False,True,77.38,77.85,True,39561.0,False,HOLD
BSE,BSE Limited,Financial Services,Financial Data & Stock Exchanges,3596.10009765625,False,2831.5899999999997,True,True,45.28,44.49,True,3212.0,True,HOLD
SIEMENS,Siemens Limited,Industrials,Specialty Industrial Machinery,3914.300048828125,False,1555.2000000000003,False,True,22.72,23.32,True,22240.0,False,HOLD
UNIONBANK,Union Bank of India,Financial Services,Banks - Regional,181.13999938964844,False,20645.76,False,True,33.24,32.5,True,,False,HOLD
POLYCAB,Polycab India Limited,Industrials,Electrical Equipment & Parts,9275.0,False,2770.92,True,True,31.22,31.8,True,22408.0,True,HOLD
PFC,Power Finance Corporation Limited,Financial Services,Credit Services,385.1499938964844,False,25900.96,True,False,-10.07,-10.61,False,,False,EXIT
CGPOWER,CG Power and Industrial Solutions Limited,Industrials,Electrical Equipment & Parts,879.0,False,1232.56,False,True,25.52,26.11,True,13632.0,False,HOLD
LTM,LTM Limited,Technology,Information Technology Services,4795.0,False,5083.299999999999,False,False,-9.6,-10.12,False,38008.0,True,EXIT
IDEA,Vodafone Idea Limited,Communication Services,Telecom Services,12.920000076293945,False,69388.3,True,True,113.8,92.67,True,44958.0,False,HOLD
BPCL,Bharat Petroleum Corporation Limited,Energy,Oil & Gas Refining & Marketing,318.5,False,21524.66,False,False,-13.51,-6.09,False,473187.0,False,EXIT
BRITANNIA,Britannia Industries Limited,Consumer Defensive,Packaged Foods,5623.5,False,2438.9700000000003,True,False,4.08,-1.4,False,17943.0,True,EXIT
PNB,Punjab National Bank,Financial Services,Banks - Regional,113.5,False,19082.13,False,False,4.0,3.39,True,,False,EXIT
ENRIN,Siemens Energy India Limited,Utilities,Utilities - Renewable,3567.300048828125,False,1309.8,False,True,21.96,9.88,True,,False,HOLD
BANKBARODA,Bank of Baroda Limited,Financial Services,Banks - Regional,247.80999755859375,False,16496.15,False,False,-1.62,-2.2,False,,False,EXIT
APOLLOHOSP,Apollo Hospitals Enterprise Limited,Healthcare,Medical Care Facilities,8912.0,True,1854.0,True,True,9.93,20.0,True,21794.0,True,ADD
TMPV,Tata Motors Passenger Vehicles Limited,Consumer Cyclical,Auto Manufacturers,347.1000061035156,False,89363.0,True,False,-56.76,-51.02,False,439695.0,True,EXIT
BAJAJHLDNG,Bajaj Holdings & Investment Limited,Financial Services,Asset Management,11471.0,False,8856.69,True,True,-21.68,-22.17,False,1702.0,False,HOLD
LODHA,Lodha Developers Limited,Real Estate,Real Estate - Development,1213.0,False,4011.6000000000004,True,True,12.11,-4.93,False,13780.0,True,HOLD
TATAPOWER,The Tata Power Company Limited,Utilities,Utilities - Independent Power Producers,382.0,False,3863.26,False,False,6.73,-4.95,False,65478.0,True,EXIT
INDIANB,Indian Bank,Financial Services,Banks - Regional,884.1500244140625,False,11952.93,True,True,30.78,30.05,True,,False,HOLD
CANBK,Canara Bank,Financial Services,Banks - Regional,129.0,False,18203.559999999998,True,False,14.43,13.77,True,,False,HOLD
CIPLA,Cipla Limited,Healthcare,Drug Manufacturers - Specialty & Generic,1467.699951171875,False,3317.1099999999997,False,True,-17.26,-7.01,False,27548.0,True,EXIT
LLOYDSME,Lloyds Metals and Energy Limited,Basic Materials,Steel,2052.800048828125,True,3680.8400000000006,True,True,41.96,40.8,True,6721.0,True,ADD
GROWW,GROWW,Financial Services,Capital Markets,193.33999633789062,False,2346.6699999999996,False,False,,,False,4061.0,True,EXIT
HDFCLIFE,HDFC Life Insurance Company Limited,Financial Services,Insurance - Life,540.0,False,2075.2200000000003,True,False,-34.45,-34.88,False,101482.0,False,EXIT
SBIFUNDS,SBIFUNDS,Financial Services,Asset Management,570.6500244140625,False,1241.6,False,False,,,False,,False,EXIT
MUTHOOTFIN,Muthoot Finance Limited,Financial Services,Credit Services,2906.0,False,11373.2,True,False,5.83,5.22,True,,False,HOLD
IRFC,Indian Railway Finance Corporation Limited,Financial Services,Credit Services,88.5,False,7159.4,False,False,-34.72,-35.15,False,,False,EXIT
HEROMOTOCO,Hero MotoCorp Limited,Consumer Cyclical,Auto Manufacturers,5860.0,False,5741.7300000000005,True,True,16.04,21.6,True,40923.0,True,HOLD
GAIL,GAIL (India) Limited,Utilities,Utilities - Regulated Gas,172.5,False,10275.45,False,True,6.68,-5.0,False,145668.0,False,EXIT
GMRAIRPORT,GMR Airports Limited,Industrials,Airports & Air Services,106.30000305175781,False,672.86,True,True,12.77,13.39,True,11088.0,False,HOLD
JINDALSTEL,Jindal Steel Limited,Basic Materials,Steel,1125.0,False,3573.9399999999996,False,True,10.76,9.7,True,53212.0,False,HOLD
MARICO,Marico Limited,Consumer Defensive,Household & Personal Products,863.5,True,1888.0,True,True,22.47,16.87,True,10831.0,True,ADD
ABCAPITAL,Aditya Birla Capital Limited,Financial Services,Financial Conglomerates,407.75,True,4087.51,False,True,45.02,44.23,True,,False,HOLD
ZYDUSLIFE,Zydus Lifesciences Limited,Healthcare,Drug Manufacturers - Specialty & Generic,1119.0,False,4952.299999999999,True,True,3.62,13.74,True,23242.0,True,HOLD
GVT&D,GE Vernova T&D India Ltd,Industrials,Specialty Industrial Machinery,4330.0,False,1120.26,True,True,48.06,48.6,True,4020.0,True,HOLD
HDFCAMC,HDFC Asset Management Company Limited,Financial Services,Asset Management,2560.0,False,2229.21,False,False,-13.21,-13.74,False,4051.0,True,EXIT
VEDL,Vedanta Limited,Basic Materials,Other Industrial Metals & Mining,283.6499938964844,False,21066.0,True,False,-39.13,-40.05,False,152968.0,True,EXIT
BHARATFORG,Bharat Forge Limited,Consumer Cyclical,Auto Parts,2093.10009765625,False,1079.65,False,True,73.16,78.59,True,15682.0,False,HOLD
LUPIN,Lupin Limited,Healthcare,Drug Manufacturers - Specialty & Generic,2300.0,False,4627.4400000000005,True,True,4.01,14.12,True,22708.0,True,HOLD
AMBUJACEM,Ambuja Cements Limited,Basic Materials,Building Materials,430.8500061035156,False,2610.85,False,False,-30.56,-31.51,False,19985.0,False,EXIT
LGEINDIA,LGEINDIA,Technology,Consumer Electronics,1557.800048828125,False,1770.3999999999999,False,True,,,False,,False,EXIT
GODREJCP,Godrej Consumer Products Limited,Consumer Defensive,Household & Personal Products,1033.0,False,1814.0300000000002,False,False,-13.34,-18.7,False,14364.0,True,EXIT
UNITDSPR,UNITDSPR,Consumer Defensive,Beverages - Wineries & Distilleries,1522.0,False,1837.0,True,True,17.62,12.05,True,12069.0,True,HOLD
TATACONSUM,Tata Consumer Products Limited,Consumer Defensive,Packaged Foods,1108.699951171875,False,1564.8200000000002,True,False,5.18,-0.3,False,17618.0,True,EXIT
INDIAMART,IndiaMART InterMESH Limited,Communication Services,Internet Content & Information,1782.699951171875,False,410.75,False,False,-16.83,-36.19,False,1388.0,True,EXIT
MAXHEALTH,Max Healthcare Institute Limited,Healthcare,Medical Care Facilities,1069.0,False,1442.41,True,True,-30.29,-19.95,False,7028.0,True,HOLD
INDHOTEL,The Indian Hotels Company Limited,Consumer Cyclical,Lodging,728.7000122070312,False,2157.36,True,True,-12.39,-6.75,False,8335.0,True,HOLD
JSWENERGY,JSW Energy Limited,Utilities,Utilities - Independent Power Producers,578.0,False,2005.6,False,True,17.69,5.73,True,11745.0,True,HOLD
OFSS,Oracle Financial Services Software Limited,Technology,Software - Infrastructure,11890.0,False,3508.7,True,True,36.16,35.35,True,6847.0,True,HOLD
INDUSTOWER,Indus Towers Limited,Communication Services,Telecom Services,368.0,False,7051.400000000001,False,False,24.8,4.87,True,30123.0,True,EXIT
MAZDOCK,Mazagon Dock Shipbuilders Limited,Industrials,Aerospace & Defense,2575.0,False,2560.52,False,True,-8.8,-8.13,False,11432.0,True,EXIT
MANKIND,Mankind Pharma Limited,Healthcare,Drug Manufacturers - Specialty & Generic,2438.0,False,1969.4799999999998,False,True,-17.23,-6.97,False,12207.0,True,EXIT
LAURUSLABS,Laurus Labs Limited,Healthcare,Drug Manufacturers - Specialty & Generic,1854.0,True,1061.42,True,True,110.39,119.8,True,6041.0,False,ADD
LENSKART,LENSKART,Healthcare,Medical Instruments & Supplies,586.1500244140625,True,552.0400000000001,False,False,,,False,6653.0,True,EXIT
DRREDDY,Dr. Reddy's Laboratories Limited,Healthcare,Drug Manufacturers - Specialty & Generic,1158.800048828125,False,3311.3999999999996,False,False,-20.41,-10.13,False,32644.0,True,EXIT
AUROPHARMA,Aurobindo Pharma Limited,Healthcare,Drug Manufacturers - Specialty & Generic,1648.0,True,3559.7700000000004,False,True,42.49,52.35,True,31724.0,True,HOLD
NYKAA,FSN E-Commerce Ventures Limited,Consumer Cyclical,Internet Retail,323.70001220703125,False,256.16,False,True,48.86,54.35,True,7950.0,True,HOLD
SHREECEM,Shree Cement Limited,Basic Materials,Building Materials,26100.0,False,1964.2400000000002,False,False,-19.0,-19.98,False,20404.0,False,EXIT
PAYTM,One97 Communications Limited,Technology,Software - Infrastructure,1584.0999755859375,False,752.0,True,True,44.17,43.31,True,9978.0,False,HOLD
IDBI,IDBI Bank Limited,Financial Services,Banks - Regional,83.0,False,8107.52,True,False,-13.34,-13.87,False,,False,EXIT
MEESHO,MEESHO,Consumer Cyclical,Internet Retail,191.97999572753906,False,1201.22,True,False,,,False,9390.0,True,EXIT
FEDERALBNK,The Federal Bank Limited,Financial Services,Banks - Regional,358.3500061035156,True,4609.45,True,True,77.65,76.71,True,,False,ADD
DIXON,Dixon Technologies (India) Limited,Technology,Consumer Electronics,14115.0,False,1432.06,True,True,-16.33,-16.82,False,38860.0,True,HOLD
PERSISTENT,Persistent Systems Limited,Technology,Information Technology Services,5474.0,False,1876.69,True,True,2.02,1.43,True,11939.0,True,HOLD
HINDPETRO,Hindustan Petroleum Corporation Limited,Energy,Oil & Gas Refining & Marketing,393.1499938964844,False,26452.260000000002,True,False,-17.32,-9.79,False,440403.0,False,EXIT
ICICIGI,ICICI Lombard General Insurance Company Limited,Financial Services,Insurance - Diversified,1648.800048828125,False,2355.57,False,False,-18.26,-18.77,False,,False,EXIT
HAVELLS,Havells India Limited,Industrials,Electrical Equipment & Parts,1285.0,False,1661.9399999999998,True,False,-20.34,-19.64,False,21778.0,True,EXIT
AUBANK,AUBANK,Financial Services,Banks - Regional,1068.0,True,2876.34,True,True,39.49,38.73,True,,False,ADD
INDUSINDBK,IndusInd Bank Limited,Financial Services,Banks - Regional,1027.300048828125,False,2363.27,False,True,26.21,25.5,True,,False,HOLD
NAUKRI,Info Edge (India) Limited,Communication Services,Internet Content & Information,1282.0,False,1449.8200000000002,False,True,10.18,-9.55,False,2850.0,True,EXIT
COFORGE,Coforge Limited,Technology,Information Technology Services,1810.0,False,1698.5,True,True,7.48,6.85,True,5557.0,True,HOLD
WAAREEENER,WAAREEENER,Technology,Solar,2701.0,False,3718.9799999999996,True,False,-17.07,-17.55,False,14444.0,True,EXIT
JSWINFRA,JSW Infrastructure Limited,Industrials,Marine Shipping,342.0,True,1508.7,False,True,8.65,9.28,True,4476.0,True,HOLD
SRF,SRF Limited,Industrials,Conglomerates,2610.0,False,2205.87,True,False,-15.25,-14.57,False,14870.0,False,EXIT
NHPC,NHPC Limited,Utilities,Utilities - Renewable,77.19999694824219,False,3597.94,False,False,0.11,-11.39,False,10607.0,False,EXIT
LTF,L&T Finance Limited,Financial Services,Credit Services,312.8500061035156,False,3148.81,True,True,54.86,54.03,True,,False,HOLD
NTPCGREEN,NTPCGREEN,Utilities,Utilities - Renewable,91.87999725341797,False,668.23,True,False,-4.18,-15.57,False,2210.0,True,EXIT
BHARTIHEXA,BHARTIHEXA,Communication Services,Telecom Services,1507.0,False,1794.4,False,False,-0.34,-19.92,False,,False,EXIT
ASTERDM,Aster DM Quality Care Limited,Healthcare,Medical Care Facilities,867.1500244140625,True,294.2,False,True,33.68,43.6,True,10253.0,False,HOLD
NAM-INDIA,Nippon Life India Asset Management Limited,Financial Services,Asset Management,1174.0,True,1688.44,False,True,41.62,40.85,True,2344.0,True,HOLD
NMDC,NMDC Limited,Basic Materials,Steel,85.4800033569336,False,7229.24,False,True,15.56,14.48,True,25965.0,False,HOLD
UNOMINDA,Uno Minda Limited,Consumer Cyclical,Auto Parts,1288.0,False,1197.13,True,True,7.44,13.03,True,16775.0,True,HOLD
POLICYBZR,PB Fintech Limited,Financial Services,Insurance Brokers,1630.0,False,697.97,True,False,-13.14,-13.67,False,4977.0,True,EXIT
SWIGGY,SWIGGY,Consumer Cyclical,Internet Retail,279.0,False,2656.0,True,False,-38.99,-33.29,False,15227.0,True,EXIT
IDFCFIRSTB,IDFC First Bank Limited,Financial Services,Banks - Regional,85.0999984741211,False,2410.58,False,True,18.01,17.34,True,,False,HOLD
SAIL,Steel Authority of India Limited,Basic Materials,Steel,172.4499969482422,False,4598.13,False,True,37.79,36.65,True,105378.0,False,HOLD
DABUR,Dabur India Limited,Consumer Defensive,Household & Personal Products,414.20001220703125,False,2033.3600000000001,True,False,-18.81,-24.14,False,12563.0,True,EXIT
ICICIPRULI,ICICI Prudential Life Insurance Company Limited,Financial Services,Insurance - Life,499.75,False,1699.3199999999997,True,False,-23.39,-23.87,False,89683.0,False,EXIT
ATGL,Adani Total Gas Limited,Utilities,Utilities - Regulated Gas,660.0999755859375,False,633.95,False,True,19.13,7.12,True,5000.0,True,HOLD
FORTIS,Fortis Healthcare Limited,Healthcare,Medical Care Facilities,945.1500244140625,False,1041.78,True,True,-10.68,-0.47,False,7783.0,True,HOLD
OIL,Oil India Limited,Energy,Oil & Gas Integrated,453.0,False,6619.9400000000005,False,True,-8.31,-1.03,False,36084.0,False,EXIT
BAJAJHFL,BAJAJHFL,Financial Services,Mortgage Finance,85.05999755859375,False,2632.66,False,False,-29.64,-30.1,False,,False,EXIT
YESBANK,YESBANK,Financial Services,Banks - Regional,22.75,False,3919.19,False,True,17.58,16.92,True,,False,HOLD
NATIONALUM,National Aluminium Company Limited,Basic Materials,Aluminum,382.70001220703125,False,6077.709999999999,True,True,99.73,98.41,True,16788.0,True,HOLD
PRESTIGE,Prestige Estates Projects Limited,Real Estate,Real Estate - Diversified,1589.0,False,1138.9,False,True,10.31,-6.7,False,8315.0,False,EXIT
TORNTPOWER,Torrent Power Limited,Utilities,Utilities - Independent Power Producers,1342.9000244140625,False,2323.84,False,False,6.41,-5.26,False,29165.0,True,EXIT
PHOENIXLTD,The Phoenix Mills Limited,Real Estate,Real Estate - Diversified,1935.0,False,1216.69,False,True,48.22,30.73,True,3972.0,False,HOLD
ALKEM,Alkem Laboratories Limited,Healthcare,Drug Manufacturers - Specialty & Generic,5598.5,False,2301.8,False,True,1.6,11.72,True,12965.0,True,HOLD
APARINDS,APAR Industries Limited,Industrials,Electrical Equipment & Parts,16448.0,True,1192.73,True,True,82.88,83.34,True,18581.0,True,ADD
BANKINDIA,Bank of India Limited,Financial Services,Banks - Regional,141.0,False,11032.19,False,False,22.35,21.66,True,,False,EXIT
IOB,Indian Overseas Bank,Financial Services,Banks - Regional,33.880001068115234,False,5878.05,True,False,-10.64,-11.18,False,,False,EXIT
OBEROIRLTY,Oberoi Realty Limited,Real Estate,Real Estate - Development,1793.0,False,2290.68,True,True,25.52,8.32,True,5286.0,True,HOLD
GLENMARK,Glenmark Pharmaceuticals Limited,Healthcare,Drug Manufacturers - Specialty & Generic,2251.300048828125,False,1797.8899999999999,True,True,-4.49,5.68,False,13322.0,True,HOLD
SCHAEFFLER,Schaeffler India Limited,Consumer Cyclical,Auto Parts,4063.199951171875,False,1251.32,True,True,-7.33,-1.71,False,9686.0,True,HOLD
SBICARD,SBI Cards and Payment Services Limited,Financial Services,Credit Services,655.0,False,2386.34,False,False,-22.06,-22.55,False,,False,EXIT
GICRE,General Insurance Corporation of India,Financial Services,Insurance - Reinsurance,352.79998779296875,False,9662.380000000001,False,False,-15.56,-16.08,False,50345.0,False,EXIT
KALYANKJIL,Kalyan Jewellers India Limited,Consumer Cyclical,Luxury Goods,600.25,False,1434.96,True,True,2.27,7.87,True,25045.0,True,HOLD
GODREJPROP,Godrej Properties Limited,Real Estate,Real Estate - Development,2108.39990234375,False,1827.1499999999999,True,True,18.24,1.13,True,4923.0,True,HOLD
BERGEPAINT,Berger Paints India Limited,Basic Materials,Specialty Chemicals,542.0999755859375,False,1182.6100000000001,True,True,-6.4,-7.42,False,11545.0,True,HOLD
COROMANDEL,Coromandel International Limited,Basic Materials,Agricultural Inputs,2098.300048828125,False,1531.64,False,False,-18.11,-19.09,False,29628.0,False,EXIT
LINDEINDIA,Linde India Limited,Basic Materials,Specialty Chemicals,7048.0,False,496.37,False,True,5.81,4.76,True,3136.0,False,HOLD
JSL,Jindal Stainless Limited,Basic Materials,Steel,732.75,False,3248.65,False,False,2.47,1.43,True,39312.0,True,EXIT
RBLBANK,RBL Bank Limited,Financial Services,Banks - Regional,391.0,False,920.8199999999999,False,True,44.4,43.62,True,,False,HOLD
RADICO,Radico Khaitan Limited,Consumer Defensive,Beverages - Wineries & Distilleries,4550.0,True,694.51,True,True,61.18,55.32,True,4843.0,True,ADD
MAHABANK,Bank of Maharashtra,Financial Services,Banks - Regional,78.87999725341797,False,7371.5599999999995,True,True,36.68,35.92,True,,False,HOLD
ABBOTINDIA,Abbott India Limited,Healthcare,Drug Manufacturers - Specialty & Generic,27535.0,False,1552.02,False,False,-32.31,-21.96,False,,False,EXIT
ATHERENERG,Ather Energy Limited,Consumer Cyclical,Auto Manufacturers,1466.199951171875,True,390.02,False,True,233.06,238.1,True,,False,HOLD
MRF,MRF Limited,Consumer Cyclical,Auto Parts,133850.0,False,2420.1899999999996,False,False,-17.65,-12.0,False,28152.0,True,EXIT
M&MFIN,Mahindra & Mahindra Financial Services Limited,Financial Services,Credit Services,412.29998779296875,True,3216.08,True,True,58.34,57.49,True,,False,ADD
COLPAL,Colgate-Palmolive (India) Limited,Consumer Defensive,Household & Personal Products,2019.5,False,1340.88,True,False,-8.91,-14.3,False,1960.0,True,EXIT
HDBFS,HDBFS,Financial Services,Credit Services,676.4000244140625,False,2179.7000000000003,False,False,-15.25,-15.77,False,,False,EXIT
APLAPOLLO,APL Apollo Tubes Limited,Basic Materials,Steel,2020.0,False,1164.67,True,True,22.95,21.85,True,20690.0,True,HOLD
FACT,The Fertilisers and Chemicals Travancore Limited,Basic Materials,Agricultural Inputs,834.7000122070312,False,146.06,False,False,-14.66,-15.66,False,6198.0,False,EXIT
TIINDIA,Tube Investments of India Limited,Industrials,Conglomerates,2815.0,False,496.71000000000004,False,True,-8.91,-8.24,False,19465.0,True,EXIT
KEI,KEI Industries Limited,Industrials,Electrical Equipment & Parts,5659.7998046875,True,989.0600000000001,True,True,41.01,41.56,True,9736.0,True,ADD
MOTILALOFS,Motilal Oswal Financial Services Limited,Financial Services,Capital Markets,882.0,False,3222.4199999999996,True,True,-7.84,-8.4,False,8340.0,True,HOLD
HINDCOPPER,Hindustan Copper Limited,Basic Materials,Copper,526.25,False,918.54,True,True,115.9,114.53,True,2071.0,True,HOLD
MFSL,Max Financial Services Limited,Financial Services,Insurance - Life,1514.5,False,136.67000000000002,False,False,-7.62,-8.18,False,46576.0,False,EXIT
SONACOMS,Sona BLW Precision Forgings Limited,Consumer Cyclical,Auto Parts,812.5,True,647.88,False,True,71.36,76.79,True,3226.0,True,HOLD
VMM,VMM,Consumer Cyclical,Department Stores,108.5999984741211,False,891.9199999999998,True,False,-33.35,-27.67,False,10716.0,True,EXIT
SUNDARMFIN,Sundaram Finance Limited,Financial Services,Credit Services,4568.5,False,2206.9300000000003,True,False,-3.76,-4.33,False,,False,EXIT
AIIL,Authum Investment & Infrastructure Limited,Financial Services,Capital Markets,586.2000122070312,False,2098.14,False,True,-2.14,-2.72,False,,False,EXIT
TATACOMM,Tata Communications Limited,Communication Services,Telecom Services,1739.4000244140625,False,952.74,False,True,19.19,-0.66,False,23109.0,True,EXIT
FLUOROCHEM,Gujarat Fluorochemicals Limited,Basic Materials,Specialty Chemicals,4484.0,False,578.0,False,True,23.92,22.82,True,5685.0,False,HOLD
RVNL,Rail Vikas Nigam Limited,Industrials,Engineering & Construction,230.67999267578125,False,874.7199999999999,False,False,-37.99,-37.26,False,21879.0,False,EXIT
WELCORP,Welspun Corp Limited,Basic Materials,Steel,1848.5,True,2219.8599999999997,True,True,108.11,106.76,True,17340.0,False,ADD
UPL,UPL Limited,Basic Materials,Agricultural Inputs,567.0,False,1555.0,False,False,-22.5,-23.47,False,53576.0,False,EXIT
AEGISLOG,AEGISLOG,Energy,Oil & Gas Refining & Marketing,1333.699951171875,False,898.1500000000001,True,True,76.39,81.31,True,8627.0,False,HOLD
PIRAMALFIN,PIRAMALFIN,Financial Services,Credit Services,2100.699951171875,True,1636.6,False,False,,,False,12882.0,False,EXIT
BALKRISIND,Balkrishna Industries Limited,Consumer Cyclical,Auto Parts,2524.60009765625,False,1420.68,False,True,-7.45,-1.83,False,10447.0,True,EXIT
360ONE,360 One Wam Limited,Financial Services,Asset Management,1175.5999755859375,False,1231.22,True,True,7.57,6.94,True,3684.0,True,HOLD
BDL,Bharat Dynamics Limited,Industrials,Aerospace & Defense,1310.0,False,420.33000000000004,False,False,-19.09,-18.4,False,,False,EXIT
PREMIERENE,PREMIERENE,Technology,Solar,1044.0999755859375,False,1434.12,True,True,0.81,0.22,True,6519.0,True,HOLD
ANTHEM,ANTHEM,Healthcare,Biotechnology,853.0,True,575.95,False,True,0.99,11.12,True,1845.0,True,HOLD
MPHASIS,Mphasis Limited,Technology,Information Technology Services,2508.0,False,1883.03,True,True,-12.25,-12.76,False,14230.0,True,HOLD
THERMAX,Thermax Limited,Industrials,Conglomerates,4052.199951171875,False,593.36,False,True,17.42,18.03,True,10389.0,True,HOLD
PAGEIND,Page Industries Limited,Consumer Cyclical,Apparel Manufacturing,38660.0,False,763.8299999999999,False,True,-25.29,-19.62,False,,False,EXIT
GODREJIND,Godrej Industries Limited,Industrials,Conglomerates,1292.199951171875,False,1240.52,True,True,10.99,11.62,True,19657.0,True,HOLD
GLAXO,GlaxoSmithKline Pharmaceuticals Limited,Healthcare,Drug Manufacturers - General,2601.0,False,1015.67,False,True,-17.94,-7.68,False,3749.0,True,EXIT
IPCALAB,Ipca Laboratories Limited,Healthcare,Drug Manufacturers - Specialty & Generic,1685.800048828125,False,1141.12,True,True,5.67,15.77,True,8897.0,True,HOLD
SUPREMEIND,The Supreme Industries Limited,Industrials,Building Products & Equipment,3495.0,False,1069.96,False,False,-22.28,-21.59,False,10446.0,True,EXIT
CPPLUS,CPPLUS,Industrials,Building Products & Equipment,3764.800048828125,True,390.04,False,True,239.23,239.33,True,3112.0,True,HOLD
AJANTPHARM,Ajanta Pharma Limited,Healthcare,Drug Manufacturers - Specialty & Generic,3506.199951171875,True,1130.03,True,True,18.76,28.78,True,4648.0,True,ADD
GLAND,Gland Pharma Limited,Healthcare,Drug Manufacturers - Specialty & Generic,2667.300048828125,False,1030.18,False,True,22.09,32.08,True,5665.0,False,HOLD
INDOMIM,INDOMIM,Industrials,Metal Fabrication,830.0999755859375,False,0.0,False,False,,,False,,False,EXIT
VOLTAS,Voltas Limited,Consumer Cyclical,"Furnishings, Fixtures & Appliances",1267.9000244140625,False,375.88,False,False,-14.27,-8.63,False,15413.0,True,EXIT
NAVINFLUOR,Navin Fluorine International Limited,Basic Materials,Chemicals,8196.5,False,610.14,True,True,65.71,64.49,True,1687.0,True,HOLD
NLCINDIA,NLC India Limited,Utilities,Utilities - Regulated Electric,285.3500061035156,False,3339.04,True,True,29.3,17.02,True,16165.0,False,HOLD
PIIND,PI Industries Limited,Basic Materials,Agricultural Inputs,2751.60009765625,False,1320.8,False,False,-34.65,-35.58,False,7978.0,True,EXIT
PETRONET,Petronet LNG Limited,Energy,Oil & Gas Refining & Marketing,280.0,False,3912.5299999999997,False,True,-10.67,-3.32,False,59899.0,False,EXIT
POONAWALLA,Poonawalla Fincorp Limited,Financial Services,Credit Services,476.70001220703125,False,775.32,False,True,4.58,3.97,True,,False,HOLD
EXIDEIND,Exide Industries Limited,Consumer Cyclical,Auto Parts,485.3999938964844,False,931.6700000000001,False,True,17.86,23.42,True,17238.0,True,HOLD
IRCTC,Indian Railway Catering & Tourism Corporation Limited,Consumer Cyclical,Travel Services,522.25,False,1393.45,True,False,-38.85,-33.15,False,4675.0,True,EXIT
JKCEMENT,J.K. Cement Limited,Basic Materials,Building Materials,5387.5,False,1109.43,True,False,-28.43,-29.39,False,11879.0,True,EXIT
ENDURANCE,Endurance Technologies Limited,Consumer Cyclical,Auto Parts,2969.0,True,951.71,True,True,6.32,11.91,True,8846.0,True,ADD
3MINDIA,3M India Limited,Industrials,Conglomerates,35900.0,False,526.45,False,True,7.13,7.76,True,4189.0,True,HOLD
HUDCO,Housing and Urban Development Corporation Limited,Financial Services,Credit Services,199.61000061035156,False,4255.25,False,False,-9.11,-9.66,False,,False,EXIT
COCHINSHIP,Cochin Shipyard Limited,Industrials,Aerospace & Defense,1502.0,False,716.51,False,False,-14.94,-14.26,False,4820.0,True,EXIT
MEDANTA,Global Health Limited,Healthcare,Medical Care Facilities,1476.199951171875,True,556.1800000000001,False,True,-12.29,-2.07,False,3692.0,True,EXIT
PATANJALI,Patanjali Foods Limited,Consumer Defensive,Packaged Foods,355.0,False,1656.3000000000002,True,False,-41.61,-46.78,False,34157.0,True,EXIT
ASTRAL,Astral Limited,Industrials,Building Products & Equipment,1437.0,False,581.0999999999999,True,False,-2.0,-1.34,False,5832.0,True,EXIT
CONCOR,Container Corporation of India Limited,Industrials,Railroads,501.8999938964844,False,1242.0,False,True,-16.31,-15.63,False,8887.0,True,EXIT
NH,Narayana Hrudayalaya Limited,Healthcare,Medical Care Facilities,1834.5999755859375,False,816.13,False,False,-10.39,-0.19,False,3590.0,True,EXIT
LTTS,L&T Technology Services Limited,Technology,Information Technology Services,3583.39990234375,False,1307.0,False,False,-19.61,-20.08,False,10670.0,True,EXIT
HSCL,Himadri Speciality Chemical Limited,Basic Materials,Specialty Chemicals,772.0499877929688,True,804.2,True,True,67.25,66.02,True,4613.0,True,ADD
PWL,Physicswallah Limited,Consumer Defensive,Education & Training Services,127.5199966430664,False,588.95,False,False,,,False,2887.0,True,EXIT
EMCURE,EMCURE,Healthcare,Drug Manufacturers - Specialty & Generic,1995.199951171875,True,924.3499999999999,True,True,28.24,38.19,True,7896.0,True,ADD
UBL,United Breweries Limited,Consumer Defensive,Beverages - Brewers,1382.800048828125,False,464.21999999999997,False,False,-28.51,-33.78,False,8915.0,True,EXIT
KPRMILL,K.P.R. Mill Limited,Consumer Cyclical,Textile Manufacturing,1086.0,False,853.02,True,True,-1.12,4.48,False,6388.0,True,HOLD
GODFRYPHLP,Godfrey Phillips India Limited,Consumer Defensive,Tobacco,2289.0,False,1419.4199999999998,True,False,-31.53,-36.77,False,5611.0,True,EXIT
ITCHOTELS,ITCHOTELS,Consumer Cyclical,Resorts & Casinos,168.8699951171875,False,731.27,True,False,-39.14,-33.44,False,3560.0,True,EXIT
DELHIVERY,Delhivery Limited,Industrials,Integrated Freight & Logistics,478.3500061035156,False,275.6,True,True,-3.5,-2.84,False,8932.0,True,HOLD
TATATECH,Tata Technologies Limited,Technology,Information Technology Services,879.1500244140625,False,561.8399999999999,False,True,28.33,27.57,True,5168.0,True,HOLD
CUPID,Cupid Limited,Consumer Defensive,Household & Personal Products,262.7099914550781,True,108.23,True,True,687.52,677.48,True,183.0,True,ADD
TATAINVEST,Tata Investment Corporation Limited,Financial Services,Asset Management,687.9000244140625,False,323.24,False,False,-5.45,-6.02,False,385.0,False,EXIT
ANANDRATHI,Anand Rathi Wealth Limited,Financial Services,Asset Management,2131.5,True,365.66999999999996,False,True,59.8,58.94,True,1107.0,True,HOLD
MANAPPURAM,Manappuram Finance Limited,Financial Services,Credit Services,369.29998779296875,True,974.5699999999999,False,True,37.83,37.07,True,,False,HOLD
HEXT,Hexaware Technologies Limited,Technology,Information Technology Services,570.2999877929688,False,1353.3,False,False,-26.08,-26.51,False,13430.0,True,EXIT
DALBHARAT,Dalmia Bharat Limited,Basic Materials,Building Materials,1845.0,False,697.0,False,False,-22.58,-23.55,False,14691.0,False,EXIT
ESCORTS,Escorts Kubota Limited,Industrials,Farm & Heavy Construction Machinery,3082.10009765625,False,2461.87,True,False,-14.52,-13.84,False,10244.0,True,EXIT
CRISIL,CRISIL Limited,Financial Services,Financial Data & Stock Exchanges,4635.39990234375,False,862.79,True,True,-16.2,-16.72,False,3649.0,True,HOLD
IREDA,Indian Renewable Energy Development Agency Limited,Financial Services,Credit Services,120.0,False,1663.1999999999998,False,False,-20.98,-21.48,False,,False,EXIT
HONAUT,Honeywell Automation India Limited,Industrials,Electrical Equipment & Parts,38035.0,False,556.1999999999999,False,True,-1.39,-0.74,False,,False,EXIT
STARHEALTH,Star Health and Allied Insurance Company Limited,Financial Services,Insurance - Life,574.9500122070312,False,1227.47,False,True,27.12,26.41,True,,False,HOLD
UCOBANK,UCO Bank,Financial Services,Banks - Regional,26.1200008392334,False,2816.74,False,False,-11.97,-12.51,False,,False,EXIT
WOCKPHARMA,Wockhardt Limited,Healthcare,Drug Manufacturers - Specialty & Generic,1931.199951171875,False,340.0,False,True,15.35,25.39,True,4830.0,False,HOLD
STLTECH,Sterlite Technologies Limited,Technology,Communication Equipment,637.75,True,283.0,False,True,402.03,399.0,True,6925.0,False,HOLD
KIMS,Krishna Institute of Medical Sciences Limited,Healthcare,Medical Care Facilities,819.5,True,204.3,False,True,-0.72,9.42,False,3035.0,True,EXIT
KARURVYSYA,The Karur Vysya Bank Limited,Financial Services,Banks - Regional,331.20001220703125,True,2692.0699999999997,False,True,46.18,45.38,True,,False,HOLD
SCHNEIDER,Schneider Electric Infrastructure Limited,Industrials,Electrical Equipment & Parts,1424.9000244140625,False,212.56,False,True,46.11,46.65,True,,False,HOLD
LALPATHLAB,Dr. Lal PathLabs Limited,Healthcare,Diagnostics & Research,1954.0,True,391.3,False,True,6.61,16.7,True,2461.0,True,HOLD
HFCL,HFCL Limited,Technology,Communication Equipment,212.97000122070312,False,536.96,False,True,187.88,186.15,True,4743.0,False,HOLD
AEGISVOPAK,AEGISVOPAK,Energy,Oil & Gas Equipment & Services,276.54998779296875,False,250.17,False,True,-0.84,6.23,False,621.0,True,EXIT
KIRLOSENG,Kirloskar Oil Engines Limited,Industrials,Specialty Industrial Machinery,2131.199951171875,False,574.32,True,True,129.38,129.74,True,6349.0,True,HOLD
RRKABEL,R R Kabel Limited,Industrials,Electrical Equipment & Parts,2756.89990234375,True,581.1,False,True,115.85,116.23,True,7618.0,True,HOLD
BLUESTARCO,Blue Star Limited,Industrials,Building Products & Equipment,1508.0,False,622.31,True,False,-22.73,-22.03,False,11968.0,True,EXIT
CHOLAHLDNG,Cholamandalam Financial Holdings Limited,Financial Services,Credit Services,1622.0999755859375,False,2441.29,True,False,-17.76,-18.27,False,,False,EXIT
TVSHLTD,TVS Holdings Limited,Consumer Cyclical,Auto Parts,14640.0,False,1863.0700000000002,True,True,18.34,23.9,True,44993.0,True,HOLD
ZFCVINDIA,ZF Commercial Vehicle Control Systems India Limited,Consumer Cyclical,Auto Parts,2609.60009765625,False,390.97,False,True,6.27,11.86,True,3831.0,True,HOLD
NUVAMA,Nuvama Wealth Management Limited,Financial Services,Asset Management,1635.5999755859375,False,828.74,False,True,15.66,15.01,True,4162.0,True,HOLD
PNBHOUSING,PNB Housing Finance Limited,Financial Services,Mortgage Finance,1149.300048828125,False,2266.99,True,True,44.11,43.32,True,,False,HOLD
GRSE,Garden Reach Shipbuilders & Engineers Limited,Industrials,Aerospace & Defense,2586.89990234375,False,766.99,False,True,-3.7,-3.05,False,,False,EXIT
NEULANDLAB,Neuland Laboratories Limited,Healthcare,Drug Manufacturers - Specialty & Generic,22216.0,True,363.98999999999995,True,True,54.03,63.81,True,1559.0,False,ADD
MRPL,Mangalore Refinery and Petrochemicals Limited,Energy,Oil & Gas Refining & Marketing,162.9600067138672,False,2784.1899999999996,False,False,17.21,23.78,True,109026.0,False,EXIT
NIACL,The New India Assurance Company Limited,Financial Services,Insurance - Diversified,179.55999755859375,False,1254.58,False,True,-11.16,-11.7,False,43354.0,True,EXIT
IKS,IKS,Healthcare,Health Information Services,1728.800048828125,False,734.58,False,True,-7.9,2.29,False,973.0,True,EXIT
SAILIFE,SAILIFE,Healthcare,Diagnostics & Research,1426.199951171875,True,353.34999999999997,True,True,56.71,66.47,True,1642.0,True,ADD
PTCIL,PTC Industries Limited,Industrials,Metal Fabrication,19370.0,True,101.55999999999999,True,True,21.85,22.44,True,308.0,True,ADD
CENTRALBK,Central Bank of India,Financial Services,Banks - Regional,31.020000457763672,False,4615.120000000001,True,False,-18.57,-19.07,False,,False,EXIT
BANDHANBNK,Bandhan Bank Limited,Financial Services,Banks - Regional,172.6199951171875,False,1613.36,False,True,-0.71,-1.29,False,,False,EXIT
APOLLOTYRE,Apollo Tyres Limited,Consumer Cyclical,Auto Parts,445.95001220703125,False,1372.42,False,False,-8.71,-3.09,False,26123.0,True,EXIT
NETWEB,Netweb Technologies India Limited,Technology,Computer Hardware,4903.0,True,229.22,False,True,128.53,127.16,True,,False,HOLD
SHYAMMETL,Shyam Metalics and Energy Limited,Basic Materials,Steel,1003.0999755859375,False,1123.1599999999999,False,True,0.57,-0.46,False,15138.0,True,EXIT
PPLPHARMA,Piramal Pharma Limited,Healthcare,Drug Manufacturers - Specialty & Generic,213.61000061035156,False,296.1,True,True,-3.57,6.59,False,9151.0,True,HOLD
CDSL,Central Depository Services (India) Limited,Financial Services,Capital Markets,1332.5,False,433.4200000000001,False,False,-20.26,-20.76,False,1082.0,True,EXIT
REDINGTON,Redington Limited,Technology,Information Technology Services,353.20001220703125,True,1588.37,False,True,41.54,40.7,True,99334.0,True,HOLD
LICHSGFIN,LIC Housing Finance Limited,Financial Services,Mortgage Finance,500.0,False,5753.3,True,False,-17.65,-18.17,False,,False,EXIT
PGHH,Procter & Gamble Hygiene and Health Care Limited,Consumer Defensive,Household & Personal Products,8482.0,False,790.7199999999999,False,False,-36.44,-41.65,False,,False,EXIT
SYRMA,Syrma SGS Technology Limited,Technology,Electronic Components,1516.4000244140625,True,368.11,False,True,111.19,109.93,True,3787.0,True,HOLD
CRAFTSMAN,Craftsman Automation Limited,Consumer Cyclical,Auto Parts,10282.5,True,464.94000000000005,False,True,46.42,51.91,True,5690.0,True,HOLD
MSUMI,Motherson Sumi Wiring India Limited,Consumer Cyclical,Auto Parts,41.040000915527344,False,605.16,False,False,-6.42,-0.8,False,9319.0,True,EXIT
ITI,ITI Limited,Technology,Communication Equipment,286.0,False,518.4399999999999,False,False,-11.09,-11.61,False,3616.0,True,EXIT
ACUTAAS,Acutaas Chemicals Limited,Basic Materials,Specialty Chemicals,3282.0,False,288.99,False,True,151.94,150.47,True,990.0,True,HOLD
SJVN,SJVN Limited,Utilities,Utilities - Renewable,67.9000015258789,False,875.2,False,False,-21.12,-32.07,False,3072.0,True,EXIT
ANGELONE,Angel One Limited,Financial Services,Capital Markets,294.79998779296875,False,820.3,False,True,10.33,9.7,True,5239.0,True,HOLD
SUMICHEM,Sumitomo Chemical India Limited,Basic Materials,Agricultural Inputs,561.25,False,580.03,True,True,-7.53,-8.54,False,3511.0,False,HOLD
GABRIEL,Gabriel India Limited,Consumer Cyclical,Auto Parts,1469.800048828125,False,297.65999999999997,False,True,34.21,39.73,True,4063.0,True,HOLD
METROBRAND,Metro Brands Limited,Consumer Cyclical,Apparel Retail,967.2000122070312,False,437.33000000000004,False,False,-24.13,-18.47,False,2450.0,True,EXIT
AMBER,Amber Enterprises India Limited,Consumer Cyclical,"Furnishings, Fixtures & Appliances",7095.0,False,381.06,True,False,-14.96,-9.32,False,6744.0,True,EXIT
ACMESOLAR,ACMESOLAR,Utilities,Utilities - Renewable,365.79998779296875,False,619.1899999999999,False,True,41.84,29.24,True,1777.0,False,HOLD
IIFL,IIFL Finance Limited,Financial Services,Credit Services,625.9000244140625,False,1959.56,True,True,34.38,33.64,True,,False,HOLD
KAYNES,Kaynes Technology India Limited,Technology,Electronic Components,3735.10009765625,False,358.67,True,False,-41.23,-41.57,False,2722.0,True,EXIT
NBCC,NBCC (India) Limited,Industrials,Engineering & Construction,94.8499984741211,False,720.04,True,False,-16.84,-16.15,False,12039.0,True,EXIT
RUBICON,RUBICON,Healthcare,Drug Manufacturers - General,1596.300048828125,True,223.89,False,True,,,False,1284.0,True,EXIT
ACC,ACC Limited,Basic Materials,Building Materials,1357.5999755859375,False,1164.46,False,False,-28.92,-29.87,False,22210.0,False,EXIT
AWL,AWL Agri Business Limited,Consumer Defensive,Packaged Foods,196.1300048828125,False,1147.61,False,False,-23.33,-28.62,False,63672.0,True,EXIT
TIMKEN,Timken India Limited,Industrials,Tools & Accessories,3283.89990234375,False,507.39000000000004,True,True,8.04,8.66,True,3194.0,True,HOLD
GODIGIT,GODIGIT,Financial Services,Insurance - Property & Casualty,268.3999938964844,False,514.23,False,False,-29.95,-30.41,False,,False,EXIT
GILLETTE,Gillette India Limited,Consumer Defensive,Household & Personal Products,7651.5,False,430.34000000000003,False,False,-25.68,-30.96,False,,False,EXIT
GUJENERGY,Gujarat Energy Limited,Utilities,Utilities - Regulated Gas,265.45001220703125,False,1225.5299999999997,False,False,-33.44,-44.07,False,,False,EXIT
DATAPATTNS,Data Patterns (India) Limited,Industrials,Aerospace & Defense,4429.7001953125,False,267.93,False,True,76.21,76.69,True,,False,HOLD
DEEPAKNTR,Deepak Nitrite Limited,Basic Materials,Chemicals,1779.199951171875,False,550.44,False,True,-6.25,-7.27,False,8282.0,True,EXIT
CREDITACC,CreditAccess Grameen Limited,Financial Services,Credit Services,1530.5,False,1145.22,False,True,18.53,17.85,True,,False,HOLD
FORCEMOT,Force Motors Limited,Consumer Cyclical,Auto Manufacturers,18300.0,False,1251.8600000000001,True,False,-8.63,-3.01,False,8072.0,True,EXIT
SANSERA,Sansera Engineering Limited,Consumer Cyclical,Auto Parts,3812.39990234375,True,324.09000000000003,True,True,197.27,202.4,True,3017.0,True,ADD
BELRISE,BELRISE,Consumer Cyclical,Auto Parts,252.77000427246094,True,496.84999999999997,False,True,76.45,81.88,True,8291.0,True,HOLD
KIOCL,KIOCL Limited,Basic Materials,Steel,393.1000061035156,False,126.47,False,True,9.06,8.0,True,3006.0,False,HOLD
IRB,IRB Infrastructure Developers Limited,Industrials,Infrastructure Operations,19.520000457763672,False,954.1399999999999,False,False,-16.77,-16.09,False,7613.0,True,EXIT
GRINDWELL,Grindwell Norton Limited,Industrials,Building Products & Equipment,2116.5,False,423.87,True,True,37.82,38.38,True,2737.0,True,HOLD
TATAELXSI,Tata Elxsi Limited,Technology,Software - Application,3808.0,False,644.21,True,False,-39.33,-39.68,False,849.0,True,EXIT
AFFLE,Affle 3i Limited,Communication Services,Advertising Agencies,1594.5,False,447.39,True,True,-5.33,-24.85,False,2266.0,True,HOLD
SUNDRMFAST,Sundram Fasteners Limited,Consumer Cyclical,Auto Parts,1121.300048828125,False,608.7099999999999,True,True,8.0,13.59,True,5955.0,True,HOLD
ASAHIINDIA,Asahi India Glass Limited,Consumer Cyclical,Auto Parts,902.9000244140625,False,380.55999999999995,False,False,-2.09,3.52,False,4594.0,True,EXIT
KPIL,Kalpataru Projects International Limited,Industrials,Engineering & Construction,1315.4000244140625,False,1025.41,True,True,4.71,5.34,True,22316.0,True,HOLD
PFOCUS,Prime Focus Limited,Communication Services,Entertainment,283.04998779296875,False,218.75,False,True,98.45,77.53,True,4644.0,False,HOLD
PFIZER,Pfizer Limited,Healthcare,Drug Manufacturers - General,4877.60009765625,False,735.15,True,True,-18.36,-8.1,False,678.0,True,HOLD
ANANTRAJ,Anant Raj Limited,Real Estate,Real Estate - Development,604.25,False,554.85,True,True,24.57,7.37,True,2060.0,True,HOLD
CGCL,Capri Global Capital Limited,Financial Services,Credit Services,232.38999938964844,False,1066.5400000000002,True,True,22.46,21.78,True,,False,HOLD
AADHARHFC,AADHARHFC,Financial Services,Mortgage Finance,501.6499938964844,False,1140.96,False,True,-5.66,-6.22,False,,False,EXIT
EMMVEE,EMMVEE,Technology,Solar,323.79998779296875,False,1274.17,False,False,,,False,2336.0,True,EXIT
RAMCOCEM,The Ramco Cements Limited,Basic Materials,Building Materials,953.75,False,648.7199999999999,False,False,-15.82,-16.81,False,9376.0,False,EXIT
MTARTECH,MTAR Technologies Limited,Industrials,Specialty Industrial Machinery,6940.0,False,140.01,True,True,357.75,357.58,True,676.0,True,HOLD
CESC,CESC Limited,Utilities,Utilities - Regulated Electric,164.5800018310547,False,1485.0,True,False,6.74,-4.94,False,9584.0,True,EXIT
GRANULES,Granules India Limited,Healthcare,Drug Manufacturers - Specialty & Generic,855.1500244140625,False,662.35,True,True,79.14,88.76,True,4512.0,False,HOLD
IGL,Indraprastha Gas Limited,Utilities,Utilities - Regulated Gas,152.14999389648438,False,1549.6299999999999,False,False,-19.55,-30.53,False,14928.0,True,EXIT
URBANCO,Urban Company Limited,Technology,Software - Application,139.3000030517578,False,274.54,False,True,,,False,1144.0,True,EXIT
AETHER,Aether Industries Limited,Basic Materials,Specialty Chemicals,1597.5,True,235.20000000000002,True,True,113.19,111.84,True,839.0,True,ADD
CUB,City Union Bank Limited,Financial Services,Banks - Regional,216.4199981689453,False,1074.29,False,True,32.26,31.53,True,,False,HOLD
HATSUN,Hatsun Agro Product Limited,Consumer Defensive,Packaged Foods,952.9000244140625,False,380.34999999999997,True,True,6.5,1.0,True,8700.0,True,HOLD
CARBORUNIV,Carborundum Universal Limited,Industrials,Conglomerates,1121.0,False,184.54000000000002,False,True,26.87,27.45,True,2828.0,True,HOLD
CEMPRO,Cemindia Projects Limited,Industrials,Engineering & Construction,1266.4000244140625,False,631.12,True,True,68.23,68.73,True,9097.0,True,HOLD
ASTRAZEN,AstraZeneca Pharma India Limited,Healthcare,Drug Manufacturers - Specialty & Generic,8090.0,False,187.51999999999998,False,False,-24.0,-13.7,False,,False,EXIT
SAGILITY,Sagility Limited,Healthcare,Health Information Services,43.63999938964844,False,890.76,True,False,-19.49,-9.22,False,5570.0,True,EXIT
TRITURBINE,Triveni Turbine Limited,Industrials,Specialty Industrial Machinery,636.75,False,349.7,False,True,14.18,14.79,True,2006.0,True,HOLD
HBLENGINE,HBLENGINE,Industrials,Electrical Equipment & Parts,694.5499877929688,False,814.89,True,False,9.38,10.0,True,2209.0,False,HOLD
ATUL,Atul Ltd,Basic Materials,Specialty Chemicals,6854.0,False,743.96,True,True,-1.36,-2.39,False,5075.0,True,HOLD
IFCI,IFCI Limited,Financial Services,Credit Services,76.0199966430664,False,211.35000000000002,False,True,38.32,37.56,True,,False,HOLD
TDPOWERSYS,TD Power Systems Limited,Industrials,Specialty Industrial Machinery,1236.4000244140625,False,231.6,True,True,155.39,155.69,True,1279.0,True,HOLD
CAPLIPOINT,Caplin Point Laboratories Limited,Healthcare,Drug Manufacturers - Specialty & Generic,2623.800048828125,True,629.36,True,True,8.42,18.5,True,1937.0,True,ADD
CAMS,Computer Age Management Services Limited,Technology,Information Technology Services,789.4500122070312,False,379.99,False,True,0.19,-0.39,False,1334.0,True,EXIT
DEEPAKFERT,Deepak Fertilisers And Petrochemicals Corporation Limited,Basic Materials,Chemicals,1530.4000244140625,False,1014.09,True,True,-0.67,-1.71,False,4243.0,False,HOLD
SHRIPISTON,SPR Auto Technologies Limited,Consumer Cyclical,Auto Parts,4410.60009765625,True,557.4000000000001,True,True,72.94,78.37,True,3550.0,True,ADD
FSL,Firstsource Solutions Limited,Technology,Information Technology Services,279.70001220703125,False,655.5799999999999,True,False,-29.46,-29.86,False,7980.0,True,EXIT
DIACABS,Diamond Power Infrastructure Limited,Industrials,Specialty Industrial Machinery,360.5,False,158.17000000000002,True,True,127.52,127.87,True,3153.0,False,HOLD
SUNTV,Sun TV Network Limited,Communication Services,Broadcasting,487.79998779296875,False,1439.5100000000002,False,False,2.59,-17.04,False,4282.0,False,EXIT
EIHOTEL,EIH Limited,Consumer Cyclical,Lodging,303.1499938964844,False,628.28,False,False,-26.23,-20.57,False,2743.0,True,EXIT
ERIS,Eris Lifesciences Limited,Healthcare,Drug Manufacturers - Specialty & Generic,1393.4000244140625,False,643.9100000000001,False,False,-35.4,-25.03,False,2894.0,True,EXIT
GESHIP,The Great Eastern Shipping Company Limited,Industrials,Marine Shipping,1329.5999755859375,False,3746.8599999999997,True,True,36.48,37.04,True,4835.0,False,HOLD
CASTROLIND,Castrol India Limited,Energy,Oil & Gas Refining & Marketing,193.42999267578125,False,1078.55,False,True,-22.67,-14.99,False,,False,EXIT
CHENNPETRO,Chennai Petroleum Corporation Limited,Energy,Oil & Gas Refining & Marketing,1240.0999755859375,False,3494.89,False,True,82.15,86.92,True,76271.0,False,HOLD
BRIGADE,Brigade Enterprises Limited,Real Estate,Real Estate - Development,607.7000122070312,False,481.89,False,True,-3.46,-20.3,False,5074.0,True,EXIT
TRAVELFOOD,TRAVELFOOD,Consumer Cyclical,Restaurants,1396.9000244140625,True,452.1,False,True,13.38,18.95,True,1688.0,True,HOLD
BAYERCROP,Bayer CropScience Limited,Basic Materials,Agricultural Inputs,4157.2998046875,False,689.2,True,False,-30.24,-31.19,False,727.0,True,EXIT
SAMMAANCAP,Sammaan Capital Limited,Financial Services,Mortgage Finance,162.3000030517578,False,9073.83,True,True,31.53,30.8,True,,False,HOLD
CHOICEIN,Choice International Limited,Financial Services,Capital Markets,844.75,True,225.57000000000002,True,True,8.88,8.25,True,921.0,True,ADD
ELGIEQUIP,Elgi Equipments Limited,Industrials,Specialty Industrial Machinery,582.5499877929688,False,430.20000000000005,True,True,7.3,7.93,True,3510.0,True,HOLD
GMDCLTD,Gujarat Mineral Development Corporation Limited,Energy,Thermal Coal,603.1500244140625,False,956.3299999999999,False,True,38.24,44.23,True,3498.0,False,HOLD
INDIACEM,The India Cements Limited,Basic Materials,Building Materials,392.3500061035156,False,221.93,False,False,5.78,4.73,True,5628.0,False,EXIT
KAJARIACER,Kajaria Ceramics Limited,Industrials,Building Products & Equipment,1184.699951171875,False,521.9100000000001,True,True,-15.94,-15.25,False,4635.0,True,HOLD
AARTIIND,Aarti Industries Limited,Basic Materials,Specialty Chemicals,500.54998779296875,False,468.0,False,True,28.77,27.65,True,7271.0,True,HOLD
OLAELEC,OLAELEC,Consumer Cyclical,Auto Manufacturers,39.29999923706055,False,2285.0,True,True,-13.5,-7.86,False,5010.0,False,HOLD
JSWCEMENT,JSWCEMENT,Basic Materials,Building Materials,132.83999633789062,False,634.0699999999999,True,True,,,False,6002.0,False,HOLD
ONESOURCE,ONESOURCE,Healthcare,Biotechnology,1575.4000244140625,False,128.78,True,False,-32.86,-22.5,False,1445.0,True,EXIT
PGEL,PG Electroplast Limited,Technology,Electronic Components,621.7999877929688,False,196.56,False,True,0.4,-0.19,False,4870.0,True,EXIT
CHAMBLFERT,Chambal Fertilisers and Chemicals Limited,Basic Materials,Agricultural Inputs,451.54998779296875,False,1828.24,True,False,-19.7,-20.68,False,27773.0,False,EXIT
EMAMILTD,Emami Limited,Consumer Defensive,Household & Personal Products,409.5,False,748.36,False,False,-29.46,-34.71,False,3809.0,True,EXIT
HAPPYFORGE,HAPPYFORGE,Industrials,Metal Fabrication,1926.0,True,319.64,False,True,95.05,95.48,True,1409.0,True,HOLD
JYOTICNC,Jyoti CNC Automation Limited,Industrials,Specialty Industrial Machinery,801.3499755859375,False,336.0,True,False,-22.53,-21.83,False,1818.0,True,EXIT
PINELABS,PINELABS,Technology,Software - Infrastructure,161.94000244140625,False,126.11000000000001,True,False,,,False,2274.0,True,EXIT
LMW,LMW Limited,Industrials,Specialty Industrial Machinery,17635.0,True,145.34,False,True,11.61,12.23,True,4719.0,False,HOLD
INOXINDIA,INOX India Limited,Industrials,Specialty Industrial Machinery,1984.0999755859375,False,255.13,False,True,67.59,68.08,True,1296.0,True,HOLD
BASF,BASF India Limited,Basic Materials,Specialty Chemicals,4031.60009765625,False,642.99,True,True,-15.35,-16.34,False,15260.0,True,HOLD
VTL,Vardhman Textiles Limited,Consumer Cyclical,Textile Manufacturing,608.2999877929688,False,868.05,False,True,43.47,48.97,True,10137.0,False,HOLD
J&KBANK,Jammu and Kashmir Bank Limited,Financial Services,Banks - Regional,155.14999389648438,False,2293.38,False,True,46.8,46.0,True,,False,HOLD
SARDAEN,Sarda Energy & Minerals Limited,Basic Materials,Steel,500.5,False,1129.79,True,False,-11.23,-12.23,False,4643.0,True,EXIT
ASTRAMICRO,Astra Microwave Products Limited,Technology,Communication Equipment,1734.699951171875,False,192.96000000000004,True,True,76.89,75.84,True,1044.0,True,HOLD
CENTURYPLY,Century Plyboards (India) Limited,Basic Materials,Lumber & Wood Production,779.5499877929688,False,291.15,False,True,0.82,-0.22,False,4528.0,True,EXIT
AGARWALEYE,AGARWALEYE,Healthcare,Medical Instruments & Supplies,560.7000122070312,True,118.68,True,True,10.38,20.45,True,1711.0,True,ADD
JINDALSAW,Jindal Saw Limited,Basic Materials,Steel,279.04998779296875,False,925.6300000000001,False,True,30.45,29.33,True,20958.0,False,HOLD
THELEELA,Leela Palaces Hotels & Resorts Limited,Consumer Cyclical,Lodging,507.0,True,377.21999999999997,True,True,5.26,10.85,True,1301.0,True,ADD
TBOTEK,TBOTEK,Consumer Cyclical,Travel Services,1602.0,False,260.12,False,True,6.26,11.85,True,1737.0,True,HOLD
KANSAINER,Kansai Nerolac Paints Limited,Basic Materials,Specialty Chemicals,215.64999389648438,False,686.12,False,False,-12.2,-13.2,False,7823.0,True,EXIT
POLYMED,Poly Medicure Limited,Healthcare,Medical Instruments & Supplies,1772.4000244140625,False,320.89000000000004,False,True,-24.13,-13.83,False,1669.0,True,EXIT
TATACHEM,Tata Chemicals Limited,Basic Materials,Chemicals,668.9000244140625,False,2494.0,False,False,-34.17,-35.11,False,17204.0,False,EXIT
KPITTECH,KPIT Technologies Limited,Technology,Software - Infrastructure,627.9000244140625,False,582.62,False,False,-52.8,-53.06,False,5842.0,True,EXIT
COHANCE,COHANCE,Healthcare,Drug Manufacturers - Specialty & Generic,447.0,False,154.47,False,False,-68.48,-57.89,False,1340.0,False,EXIT
ARE&M,Amara Raja Energy & Mobility Limited,Industrials,Electrical Equipment & Parts,897.7000122070312,False,780.8499999999999,False,True,-10.44,-9.77,False,12846.0,True,EXIT
ZYDUSWELL,Zydus Wellness Limited,Consumer Defensive,Packaged Foods,516.0999755859375,False,501.70000000000005,True,True,33.14,27.46,True,2709.0,True,HOLD
MINDACORP,Minda Corporation Limited,Consumer Cyclical,Auto Parts,736.0999755859375,True,327.65,True,True,49.16,54.65,True,5056.0,True,ADD
PSB,Punjab & Sind Bank,Financial Services,Banks - Regional,23.670000076293945,False,1358.92,False,False,-20.61,-21.11,False,,False,EXIT
MEDPLUS,MedPlus Health Services Limited,Healthcare,Pharmaceutical Retailers,686.2999877929688,False,197.32999999999998,False,False,-33.33,-22.97,False,6136.0,True,EXIT
ABDL,ABDL,Consumer Defensive,Beverages - Wineries & Distilleries,624.7000122070312,False,213.23000000000002,True,True,25.68,20.05,True,3520.0,True,HOLD
DEVYANI,Devyani International Limited,Consumer Cyclical,Restaurants,133.55999755859375,False,38.769999999999996,False,True,-25.67,-20.01,False,3349.0,True,EXIT
NAVA,Nava Limited,Industrials,Conglomerates,577.1500244140625,False,786.66,False,False,-11.28,-10.61,False,3984.0,True,EXIT
NATCOPHARM,NATCO Pharma Limited,Healthcare,Drug Manufacturers - Specialty & Generic,910.5,False,1418.5,False,False,-15.74,-5.5,False,4430.0,True,EXIT
THANGAMAYL,Thangamayil Jewellery Limited,Consumer Cyclical,Luxury Goods,5349.0,False,378.23999999999995,False,True,159.9,165.13,True,,False,HOLD
ALIVUS,Alivus Life Sciences Limited,Healthcare,Drug Manufacturers - Specialty & Generic,1374.5,True,594.54,False,True,31.31,41.24,True,1885.0,True,HOLD
APLLTD,Alembic Pharmaceuticals Limited,Healthcare,Drug Manufacturers - Specialty & Generic,831.3499755859375,False,663.12,False,True,-27.31,-16.99,False,6672.0,True,EXIT
ECLERX,eClerx Services Limited,Technology,Information Technology Services,1763.300048828125,False,545.6800000000001,True,False,-19.51,-19.97,False,3366.0,True,EXIT
AEQUS,AEQUS,Industrials,Aerospace & Defense,244.1300048828125,False,170.22,True,False,,,False,965.0,False,EXIT
SYNGENE,Syngene International Limited,Healthcare,Diagnostics & Research,402.6000061035156,False,258.6,False,False,-54.85,-44.35,False,3373.0,True,EXIT
GRWRHITECH,Garware Hi-Tech Films Limited,Basic Materials,Specialty Chemicals,7001.0,False,338.22999999999996,True,True,116.38,115.01,True,2109.0,True,HOLD
KFINTECH,KFin Technologies Limited,Technology,Software - Application,928.5,False,325.61,False,False,-18.79,-19.26,False,1056.0,True,EXIT
CROMPTON,Crompton Greaves Consumer Electricals Limited,Consumer Cyclical,"Furnishings, Fixtures & Appliances",247.5500030517578,False,924.01,True,False,-34.05,-28.36,False,7028.0,True,EXIT
AZAD,AZAD,Industrials,Specialty Industrial Machinery,2549.699951171875,True,125.47999999999999,False,True,62.85,63.35,True,457.0,True,HOLD
FIVESTAR,Five-Star Business Finance Limited,Financial Services,Credit Services,546.5499877929688,False,1084.02,False,True,-11.06,-11.6,False,,False,EXIT
NIVABUPA,Niva Bupa Health Insurance Company Limited,Financial Services,Insurance - Life,86.38999938964844,False,642.01,False,True,2.81,2.21,True,,False,HOLD
FINEORG,Fine Organic Industries Limited,Basic Materials,Specialty Chemicals,5027.7998046875,False,417.07000000000005,False,True,-0.85,-1.88,False,3023.0,False,EXIT
RAINBOW,Rainbow Children's Medicare Limited,Healthcare,Medical Care Facilities,1538.5999755859375,False,285.39,False,True,-11.23,-1.02,False,1516.0,True,EXIT
MAHSCOOTER,Maharashtra Scooters Ltd.,Financial Services,Asset Management,13692.0,False,11.45,False,True,-11.77,-12.31,False,,False,EXIT
DCMSHRIRAM,DCM Shriram Limited,Industrials,Conglomerates,1016.0,False,1388.1600000000003,True,False,-31.38,-30.66,False,12077.0,True,EXIT
USHAMART,Usha Martin Limited,Basic Materials,Steel,516.7999877929688,True,498.26,True,True,47.24,46.07,True,3746.0,False,ADD
FINCABLES,Finolex Cables Limited,Industrials,Electrical Equipment & Parts,1058.050048828125,False,713.72,True,True,18.63,19.24,True,5319.0,True,HOLD
GPIL,Godawari Power & Ispat Limited,Basic Materials,Steel,237.14999389648438,False,800.74,False,False,21.53,20.43,True,5745.0,False,EXIT
BIKAJI,Bikaji Foods International Limited,Consumer Defensive,Packaged Foods,623.2999877929688,False,258.51,False,False,-14.2,-19.55,False,2622.0,True,EXIT
CIEINDIA,CIE Automotive India Limited,Consumer Cyclical,Auto Parts,409.5,False,892.8199999999999,False,False,-8.71,-3.08,False,9406.0,True,EXIT
HONASA,Honasa Consumer Limited,Consumer Defensive,Household & Personal Products,477.1000061035156,False,199.94,False,True,84.64,78.63,True,2067.0,True,HOLD
CLEANMAX,CLEANMAX,Utilities,Utilities - Renewable,1292.0,False,143.39999999999998,False,False,,,False,2776.0,False,EXIT
PARADEEP,Paradeep Phosphates Limited,Basic Materials,Agricultural Inputs,149.8699951171875,False,1046.95,False,True,-38.19,-39.12,False,13820.0,True,EXIT
WELSPUNLIV,Welspun Living Limited,Consumer Cyclical,Textile Manufacturing,164.2899932861328,False,204.44,False,True,28.44,33.98,True,10545.0,True,HOLD
ZENTEC,Zen Technologies Limited,Industrials,Aerospace & Defense,1720.0,False,168.51000000000002,False,True,16.04,16.65,True,974.0,True,HOLD
RATNAMANI,Ratnamani Metals & Tubes Limited,Basic Materials,Steel,2269.10009765625,False,482.54,False,False,-7.33,-8.34,False,5186.0,True,EXIT
IGIL,International Gemological Institute Limited,Basic Materials,Other Precious Metals & Mining,354.3500061035156,False,615.86,True,True,-2.07,-3.1,False,1229.0,True,HOLD
JBMA,JBM Auto Limited,Consumer Cyclical,Auto Parts,639.3499755859375,False,208.35000000000002,True,True,-3.62,2.0,False,5472.0,True,HOLD
ABREL,Aditya Birla Real Estate Limited,Real Estate,Real Estate Services,1393.199951171875,False,240.17,False,False,-14.42,-31.13,False,7645.0,False,EXIT
KIRLOSBROS,Kirloskar Brothers Limited,Industrials,Specialty Industrial Machinery,1941.5999755859375,False,369.09999999999997,False,True,-3.76,-3.11,False,4492.0,True,EXIT
CCL,CCL Products (India) Limited,Consumer Defensive,Packaged Foods,1122.699951171875,False,404.11999999999995,True,True,29.75,24.1,True,3106.0,True,HOLD
CEATLTD,CEAT Limited,Consumer Cyclical,Auto Parts,3793.60009765625,False,515.62,False,True,8.63,14.21,True,13172.0,True,HOLD
APOLLO,Apollo Micro Systems Limited,Industrials,Aerospace & Defense,388.25,False,95.81,True,True,112.83,113.22,True,562.0,True,HOLD
BEML,BEML Limited,Industrials,Conglomerates,1884.4000244140625,False,553.86,True,True,-8.8,-8.14,False,4337.0,False,HOLD
SHILPAMED,Shilpa Medicare Limited,Healthcare,Drug Manufacturers - Specialty & Generic,807.5499877929688,True,243.32999999999998,True,True,78.71,88.33,True,1281.0,True,ADD
LTFOODS,LT Foods Limited,Consumer Defensive,Packaged Foods,422.75,False,644.97,True,True,-7.48,-12.88,False,8681.0,True,HOLD
JUBLPHARMA,Jubilant Pharmova Limited,Healthcare,Drug Manufacturers - Specialty & Generic,962.7000122070312,False,431.80000000000007,False,False,-28.62,-18.29,False,9111.0,False,EXIT
ARVIND,Arvind Limited,Consumer Cyclical,Textile Manufacturing,550.6500244140625,False,413.94000000000005,True,True,73.06,78.49,True,7723.0,False,HOLD
GALLANTT,Gallantt Ispat Limited,Basic Materials,Steel,591.2000122070312,False,513.3399999999999,False,False,-26.8,-27.76,False,4293.0,True,EXIT
SHAILY,Shaily Engineering Plastics Limited,Basic Materials,Specialty Chemicals,3367.39990234375,True,169.92,True,True,105.99,104.66,True,787.0,True,ADD
CANHLIFE,CANHLIFE,Financial Services,Insurance - Life,149.38999938964844,True,113.94,False,True,,,False,,False,EXIT
EIDPARRY,E.I.D.- Parry (India) Limited,Basic Materials,Agricultural Inputs,791.25,False,1236.14,True,False,-34.06,-34.99,False,3168.0,True,EXIT
LLOYDSENGG,Lloyds Engineering Works Limited,Industrials,Specialty Industrial Machinery,95.33000183105469,True,189.88,True,True,36.1,36.66,True,846.0,True,ADD
SOBHA,Sobha Limited,Real Estate,Real Estate - Development,1355.699951171875,False,171.74,False,False,0.76,-16.14,False,4039.0,True,EXIT
CONCORDBIO,Concord Biotech Limited,Healthcare,Biotechnology,1419.0,False,273.19,False,True,-27.31,-16.99,False,1200.0,True,EXIT
JNPR,JNPR,Utilities,Utilities - Renewable,239.16000366210938,True,0.0,False,False,,,False,,False,EXIT
PRIVISCL,Privi Speciality Chemicals Limited,Basic Materials,Specialty Chemicals,3612.699951171875,True,255.89999999999998,True,True,43.29,42.14,True,2101.0,True,ADD
SWANDEF,SWANDEF,Industrials,Aerospace & Defense,2622.5,False,226.29000000000002,False,True,671.77,670.9,True,2534.0,False,HOLD
SCI,The Shipping Corporation of India Limited,Industrials,Marine Shipping,294.95001220703125,False,1352.9,True,True,39.95,40.5,True,5794.0,False,HOLD
SHADOWFAX,SHADOWFAX,Industrials,Integrated Freight & Logistics,247.5399932861328,True,142.27,True,False,,,False,2485.0,True,EXIT
FRACTAL,FRACTAL,Technology,Software - Infrastructure,805.5999755859375,False,263.8,False,False,,,False,2765.0,True,EXIT
VENTIVE,VENTIVE,Consumer Cyclical,Lodging,593.4500122070312,False,479.46,False,False,-31.24,-25.56,False,1605.0,True,EXIT
AMAGI,AMAGI,Technology,Software - Application,647.75,True,44.86,False,False,,,False,1163.0,True,EXIT
VGUARD,V-Guard Industries Limited,Industrials,Electrical Equipment & Parts,320.8500061035156,False,373.28999999999996,True,False,-15.43,-14.75,False,5578.0,True,EXIT
PRUDENT,Prudent Corporate Advisory Services Limited,Financial Services,Asset Management,3379.699951171875,True,243.28,False,True,22.99,22.29,True,1133.0,True,HOLD
VIJAYA,Vijaya Diagnostic Centre Limited,Healthcare,Diagnostics & Research,1392.5999755859375,True,164.31,False,True,16.25,26.28,True,681.0,True,HOLD
TMB,Tamilnad Mercantile Bank Limited,Financial Services,Banks - Regional,890.2000122070312,True,1431.5499999999997,False,True,102.52,101.47,True,,False,HOLD
GRAPHITE,Graphite India Limited,Industrials,Electrical Equipment & Parts,722.9000244140625,False,421.0,False,True,31.76,32.34,True,6737.0,False,HOLD
VEDPOWER,Vedanta Power Limited,Utilities,Utilities - Independent Power Producers,36.5,False,511.0,False,False,,,False,,False,EXIT
ANURAS,Anupam Rasayan India Ltd,Basic Materials,Specialty Chemicals,1216.300048828125,False,155.84,False,False,3.8,2.76,True,1602.0,False,EXIT
VISL,VISL,Basic Materials,Steel,36.970001220703125,False,264.0,False,False,,,False,,False,EXIT
VINATIORGA,Vinati Organics Limited,Basic Materials,Specialty Chemicals,1321.5999755859375,False,437.74,True,False,-25.07,-26.03,False,2248.0,True,EXIT
DOMS,DOMS Industries Limited,Industrials,Business Equipment & Supplies,2250.10009765625,False,217.4,False,False,-8.1,-7.44,False,1913.0,True,EXIT
JSWDULUX,JSW Dulux Limited,Unknown,Unknown,3055.300048828125,False,399.4,False,False,4.48,-21.96,False,,False,EXIT
UJJIVANSFB,Ujjivan Small Finance Bank Limited,Financial Services,Banks - Regional,69.76000213623047,True,887.45,False,True,53.22,52.39,True,,False,HOLD
KSB,KSB Limited,Industrials,Specialty Industrial Machinery,803.9000244140625,False,245.5,False,False,-8.11,-7.44,False,2696.0,True,EXIT
INGERRAND,Ingersoll-Rand (India) Limited,Industrials,Specialty Industrial Machinery,4271.89990234375,False,256.03,False,True,11.98,12.6,True,,False,HOLD
VOGL,Vedanta Oil and Gas Limited,Basic Materials,Other Industrial Metals & Mining,39.72999954223633,False,1048.0,False,False,,,False,,False,EXIT
SKFINDUS,SKFINDUS,Industrials,Tools & Accessories,2740.699951171875,False,290.37,False,False,,,False,,False,EXIT
NAZARA,Nazara Technologies Limited,Communication Services,Electronic Gaming & Multimedia,354.5,True,166.07,False,True,15.88,-3.92,False,1624.0,True,EXIT
ENGINERSIN,Engineers India Limited,Industrials,Engineering & Construction,247.9600067138672,False,691.59,True,True,18.03,18.64,True,3330.0,False,HOLD
CARTRADE,CarTrade Tech Limited,Consumer Cyclical,Auto & Truck Dealerships,2762.0,False,214.57999999999998,False,True,16.0,21.57,True,641.0,True,HOLD
INOXWIND,Inox Wind Limited,Industrials,Specialty Industrial Machinery,73.5,False,406.25,False,False,-53.96,-53.19,False,4445.0,False,EXIT
BALRAMCHIN,Balrampur Chini Mills Limited,Consumer Defensive,Confectioners,655.25,True,378.46,False,True,19.98,14.39,True,5594.0,False,HOLD
JSWHL,JSW Holdings Limited,Financial Services,Asset Management,11852.0,False,79.47,False,False,-41.24,-41.64,False,407.0,False,EXIT
INDGN,INDGN,Healthcare,Health Information Services,568.75,False,415.20000000000005,False,True,-16.44,-6.2,False,2839.0,True,EXIT
RKFORGE,Ramkrishna Forgings Limited,Industrials,Metal Fabrication,736.2000122070312,False,125.88,False,True,19.45,20.05,True,4034.0,True,HOLD
BBOX,Black Box Limited,Technology,Software - Application,757.5499877929688,False,217.52,True,True,46.87,46.01,True,6288.0,False,HOLD
SPLPETRO,Supreme Petrochem Limited,Basic Materials,Specialty Chemicals,693.75,False,518.26,True,True,-11.98,-12.98,False,1613.0,True,HOLD
AVALON,Avalon Technologies Limited,Technology,Electronic Components,1923.699951171875,True,112.94,False,True,110.23,108.98,True,1098.0,True,HOLD
APTUS,Aptus Value Housing Finance India Limited,Financial Services,Mortgage Finance,253.25,False,977.3299999999999,False,False,-29.68,-30.14,False,,False,EXIT
ACE,Action Construction Equipment Limited,Industrials,Farm & Heavy Construction Machinery,1113.5999755859375,False,444.53,True,True,-3.15,-2.5,False,3327.0,True,HOLD
HEG,HEG Limited,Industrials,Electrical Equipment & Parts,683.5999755859375,False,586.4100000000001,False,True,28.78,29.36,True,6591.0,False,HOLD
NSLNISP,NMDC Steel Limited,Basic Materials,Steel,44.66999816894531,False,776.2199999999999,False,True,20.57,19.47,True,,False,HOLD
TRIDENT,Trident Limited,Consumer Cyclical,Textile Manufacturing,24.809999465942383,False,395.24,False,False,-21.82,-16.16,False,6998.0,False,EXIT
KEC,KEC International Limited,Industrials,Engineering & Construction,475.8500061035156,False,605.6,True,False,-47.51,-46.76,False,21847.0,True,EXIT
LLOYDSENT,Lloyds Enterprises Limited,Basic Materials,Steel,82.55000305175781,False,299.15999999999997,True,True,3.13,2.08,True,1488.0,True,HOLD
PCBL,PCBL Chemical Limited,Basic Materials,Specialty Chemicals,323.3999938964844,False,291.3,False,True,-18.79,-19.77,False,8404.0,True,EXIT
PARKHOSPS,PARKHOSPS,Healthcare,Medical Care Facilities,289.1499938964844,True,212.07000000000002,True,False,,,False,109.93,False,EXIT
GRAVITA,Gravita India Limited,Industrials,Metal Fabrication,1783.5,False,389.2,True,True,-6.16,-5.5,False,3869.0,True,HOLD
MANYAVAR,Vedant Fashions Limited,Consumer Cyclical,Apparel Manufacturing,524.9000244140625,False,400.07,False,True,-40.66,-34.96,False,1368.0,True,EXIT
ASKAUTOLTD,ASKAUTOLTD,Consumer Cyclical,Auto Parts,655.5999755859375,True,302.65000000000003,False,True,29.06,34.59,True,3601.0,True,HOLD
HOMEFIRST,Home First Finance Company India Limited,Financial Services,Mortgage Finance,1181.5999755859375,False,568.38,False,True,-6.96,-7.51,False,,False,EXIT
BLUESTONE,BLUESTONE,Consumer Cyclical,Luxury Goods,830.1500244140625,True,144.12,True,True,,,False,1770.0,False,HOLD
SEDEMAC,SEDEMAC,Consumer Cyclical,Auto Parts,2908.300048828125,True,91.07000000000001,False,False,,,False,,False,EXIT
MARKSANS,Marksans Pharma Limited,Healthcare,Drug Manufacturers - General,271.45001220703125,False,417.9,True,True,12.83,22.89,True,2623.0,True,HOLD
TECHNOE,Techno Electric & Engineering Company Limited,Industrials,Engineering & Construction,1062.550048828125,False,473.86,True,False,-29.53,-28.81,False,2269.0,True,EXIT
VARROC,Varroc Engineering Limited,Consumer Cyclical,Auto Parts,825.9500122070312,False,245.63,False,True,50.37,55.86,True,12036.0,False,HOLD
ATLANTAELE,ATLANTAELE,Industrials,Electrical Equipment & Parts,1607.300048828125,False,217.47,False,True,,,False,1244.0,True,EXIT
SIGMAADV,Sigma Advanced Systems Limited,Industrials,Aerospace & Defense,703.9500122070312,True,266.27,True,True,490.68,490.22,True,103.0,False,ADD
AVANTIFEED,Avanti Feeds Limited,Consumer Defensive,Packaged Foods,903.75,False,604.55,True,False,41.68,35.95,True,5612.0,True,HOLD
NUVOCO,Nuvoco Vistas Corporation Limited,Basic Materials,Building Materials,337.8999938964844,False,482.78,True,False,-28.05,-29.01,False,10733.0,False,EXIT
SOUTHBANK,The South Indian Bank Limited,Financial Services,Banks - Regional,46.0,False,1481.71,True,True,52.56,51.74,True,,False,HOLD
IRCON,Ircon International Limited,Industrials,Engineering & Construction,130.00999450683594,False,595.47,False,False,-27.56,-26.85,False,12514.0,False,EXIT
JPPOWER,Jaiprakash Power Ventures Limited,Utilities,Utilities - Independent Power Producers,17.799999237060547,False,764.1099999999999,False,True,-1.42,-12.89,False,6763.0,False,EXIT
WABAG,VA Tech Wabag Limited,Industrials,Engineering & Construction,1973.699951171875,False,370.6,True,True,23.57,24.17,True,3457.0,False,HOLD
TEGA,Tega Industries Limited,Industrials,Specialty Industrial Machinery,1633.5999755859375,False,142.66,False,False,-18.5,-17.81,False,1639.0,True,EXIT
JMFINANCIL,JM Financial Limited,Financial Services,Capital Markets,127.20999908447266,False,1223.89,True,False,-23.39,-23.87,False,4786.0,False,EXIT
TI,Tilaknagar Industries Ltd.,Consumer Defensive,Beverages - Wineries & Distilleries,503.20001220703125,True,204.59,False,True,6.81,1.32,True,1434.0,True,HOLD
VIYASH,Viyash Scientific Limited,Healthcare,Drug Manufacturers - Specialty & Generic,273.6499938964844,False,119.6,False,True,47.23,57.06,True,1551.0,True,HOLD
BLUEDART,Blue Dart Express Limited,Industrials,Integrated Freight & Logistics,5190.5,False,254.5,False,False,-17.06,-16.37,False,5720.0,True,EXIT
UTLSOLAR,UTLSOLAR,Technology,Solar,398.75,True,292.41,False,False,,,False,1541.0,True,EXIT
E2E,E2E Networks Limited,Technology,Software - Infrastructure,602.7999877929688,True,69.48,False,True,193.35,191.59,True,,False,HOLD
LUMAXTECH,Lumax Auto Technologies Limited,Consumer Cyclical,Auto Parts,1738.199951171875,False,278.86,True,True,63.98,69.43,True,3637.0,True,HOLD
KTKBANK,The Karnataka Bank Limited,Financial Services,Banks - Regional,305.25,True,1437.3700000000001,True,True,72.41,71.5,True,,False,ADD
METROPOLIS,Metropolis Healthcare Limited,Healthcare,Diagnostics & Research,572.6500244140625,False,148.95999999999998,False,True,-1.89,8.26,False,1331.0,True,EXIT
JUBLINGREA,Jubilant Ingrevia Limited,Basic Materials,Specialty Chemicals,741.8499755859375,False,314.26,False,True,1.1,0.06,True,4949.0,False,HOLD
UTIAMC,UTI Asset Management Company Limited,Financial Services,Asset Management,907.8499755859375,False,718.39,False,False,-36.74,-37.17,False,1851.0,True,EXIT
TITAGARH,Titagarh Rail Systems Limited,Industrials,Railroads,839.4500122070312,False,169.75,False,True,-1.9,-1.25,False,3868.0,True,EXIT
ABLBL,ABLBL,Consumer Cyclical,Apparel Retail,91.55000305175781,False,176.61,False,False,-42.22,-36.51,False,7830.0,True,EXIT
JKTYRE,JK Tyre & Industries Limited,Consumer Cyclical,Auto Parts,385.0,False,649.87,False,False,5.99,11.59,True,10313.0,False,EXIT
PGIL,Pearl Global Industries Limited,Consumer Cyclical,Apparel Manufacturing,2428.89990234375,True,277.65999999999997,True,True,71.04,76.48,True,4699.0,False,ADD
OLECTRA,Olectra Greentech Limited,Industrials,Farm & Heavy Construction Machinery,1368.300048828125,False,177.5,True,True,-9.11,-8.44,False,1802.0,True,HOLD
PVRINOX,PVR INOX Limited,Communication Services,Entertainment,1144.0,False,392.9,True,True,20.87,1.0,True,6107.0,False,HOLD
ZENSARTECH,Zensar Technologies Limited,Technology,Information Technology Services,498.8500061035156,False,776.2,True,False,-41.97,-42.3,False,5281.0,True,EXIT
IEX,Indian Energy Exchange Limited,Financial Services,Capital Markets,126.30000305175781,False,504.34,True,False,-13.77,-14.3,False,535.0,True,EXIT
SIGNATURE,Signatureglobal (India) Limited,Real Estate,Real Estate - Development,824.6500244140625,False,1279.03,True,False,-14.89,-31.59,False,2498.0,True,EXIT
RITES,RITES Limited,Industrials,Engineering & Construction,232.83999633789062,False,417.38,False,True,-12.22,-11.54,False,2662.0,False,EXIT
MGL,Mahanagar Gas Limited,Utilities,Utilities - Regulated Gas,1123.5999755859375,False,842.77,False,False,-9.43,-20.68,False,7264.0,True,EXIT
RATEGAIN,RateGain Travel Technologies Limited,Technology,Software - Application,932.5499877929688,True,194.38,False,True,92.09,90.95,True,1077.0,True,HOLD
EDELWEISS,Edelweiss Financial Services Limited,Financial Services,Financial Conglomerates,118.37999725341797,False,546.63,False,True,18.85,18.18,True,11078.0,False,HOLD
SKYGOLD,Sky Gold and Diamonds Limited,Consumer Cyclical,Luxury Goods,779.5999755859375,True,275.4,True,True,171.78,176.98,True,3548.0,True,ADD
JWL,Jupiter Wagons Limited,Industrials,Railroads,257.3999938964844,False,171.07999999999998,False,False,-28.96,-28.25,False,3871.0,True,EXIT
SHREEJISPG,SHREEJISPG,Industrials,Marine Shipping,662.6500244140625,True,164.72,True,True,,,False,731.0,False,HOLD
AAVAS,Aavas Financiers Limited,Financial Services,Mortgage Finance,1404.0,False,686.9200000000001,True,False,-23.28,-23.77,False,,False,EXIT
SUDEEPPHRM,SUDEEPPHRM,Healthcare,Drug Manufacturers - Specialty & Generic,1053.300048828125,True,151.13,False,False,,,False,502.0,True,EXIT
CANFINHOME,Can Fin Homes Limited,Financial Services,Mortgage Finance,820.2999877929688,False,1102.1399999999999,False,False,5.13,4.51,True,,False,EXIT
AKUMS,AKUMS,Healthcare,Drug Manufacturers - Specialty & Generic,730.0999755859375,False,255.19,False,True,36.3,46.2,True,4178.0,False,HOLD
JAINREC,JAINREC,Basic Materials,Other Industrial Metals & Mining,302.29998779296875,False,303.45,False,False,,,False,7126.0,True,EXIT
RELAXO,Relaxo Footwears Limited,Consumer Cyclical,Footwear & Accessories,424.45001220703125,False,179.27,False,True,-14.2,-8.56,False,,False,EXIT
BLACKBUCK,BlackBuck Limited,Technology,Software - Application,576.2999877929688,False,168.82,True,False,5.34,4.73,True,867.0,False,HOLD
IIFLCAPS,IIFL Capital Services Limited,Financial Services,Capital Markets,333.8999938964844,False,570.11,False,True,5.31,4.7,True,2520.0,True,HOLD
JLHL,Jupiter Life Line Hospitals Limited,Healthcare,Medical Care Facilities,320.0,False,188.14,False,True,-0.92,9.22,False,1262.0,True,EXIT
BBTC,The Bombay Burmah Trading Corporation Limited,Consumer Defensive,Packaged Foods,1509.5,False,1242.67,True,False,-18.85,-24.17,False,18298.0,True,EXIT
WEWORK,WEWORK,Real Estate,Real Estate Services,725.2000122070312,True,86.56,False,True,,,False,1949.0,True,EXIT
BLS,BLS International Services Limited,Industrials,Specialty Business Services,260.7099914550781,False,686.7,True,False,-40.82,-40.08,False,2193.0,True,EXIT
GODREJAGRO,Godrej Agrovet Limited,Consumer Defensive,Packaged Foods,556.0499877929688,False,514.6899999999999,False,False,-32.42,-37.65,False,9561.0,False,EXIT
SBFC,SBFC Finance Limited,Financial Services,Credit Services,94.0,False,471.82,True,False,-12.49,-13.03,False,,False,EXIT
SANOFICONR,SANOFICONR,Healthcare,Drug Manufacturers - General,4505.89990234375,False,266.0,False,False,-29.15,-18.82,False,,False,EXIT
FIRSTCRY,FIRSTCRY,Consumer Cyclical,Internet Retail,212.77999877929688,False,140.22,True,False,-53.28,-47.54,False,7660.0,True,EXIT
MANORAMA,Manorama Industries Limited,Consumer Defensive,Packaged Foods,1674.0,True,201.73,True,True,20.42,14.83,True,771.0,True,ADD
WHIRLPOOL,Whirlpool of India Limited,Consumer Cyclical,"Furnishings, Fixtures & Appliances",802.75,False,371.62,False,False,-48.03,-42.31,False,7919.0,True,EXIT
BLUEJET,Blue Jet Healthcare Limited,Healthcare,Biotechnology,592.1500244140625,False,273.94000000000005,False,True,-42.66,-32.24,False,538.0,False,EXIT
PARAS,Paras Defence and Space Technologies Limited,Industrials,Aerospace & Defense,1267.5,False,88.10000000000001,False,True,96.74,97.17,True,365.0,True,HOLD
PGHL,Procter & Gamble Health Limited,Healthcare,Drug Manufacturers - Specialty & Generic,5966.0,False,326.91,False,True,-22.02,-11.74,False,,False,EXIT
FINPIPE,Finolex Industries Limited,Industrials,Building Products & Equipment,161.3300018310547,False,599.05,False,False,-21.12,-20.42,False,4647.0,False,EXIT
TIMETECHNO,Time Technoplast Limited,Consumer Cyclical,Packaging & Containers,206.88999938964844,False,468.72,True,True,-21.12,-15.47,False,5457.0,True,HOLD
HCG,HealthCare Global Enterprises Limited,Healthcare,Medical Care Facilities,715.6500244140625,False,32.62,False,True,0.03,10.17,True,2218.0,True,HOLD
AFCONS,AFCONS,Industrials,Engineering & Construction,262.8500061035156,False,428.29999999999995,False,False,-41.9,-41.15,False,13268.0,False,EXIT
VOLTAMP,Voltamp Transformers Limited,Industrials,Electrical Equipment & Parts,10279.5,False,317.04999999999995,False,True,22.39,22.98,True,,False,HOLD
INTELLECT,Intellect Design Arena Limited,Technology,Software - Application,727.8499755859375,False,345.24,False,False,-27.62,-28.04,False,2506.0,False,EXIT
SANDUMA,The Sandur Manganese & Iron Ores Limited,Basic Materials,Steel,204.89999389648438,False,657.11,False,False,22.77,21.67,True,3135.0,True,EXIT
SAREGAMA,Saregama India Limited,Communication Services,Entertainment,530.0499877929688,False,223.44,True,True,21.02,1.15,True,1171.0,True,HOLD
BANCOINDIA,Banco Products (India) Limited,Consumer Cyclical,Auto Parts,627.5,False,481.67999999999995,True,False,-0.37,5.24,False,1105.0,True,EXIT
ELECON,Elecon Engineering Company Limited,Industrials,Specialty Industrial Machinery,437.75,False,323.78,False,False,-25.59,-24.89,False,2227.0,True,EXIT
ELANTAS,ELANTAS Beck India Limited,Basic Materials,Specialty Chemicals,11746.0,False,141.31,False,False,,,False,,False,EXIT
TSFINV,TSF Investments Limited,Financial Services,Asset Management,434.1000061035156,False,521.78,False,False,-8.92,-9.47,False,291.0,False,EXIT
ALKYLAMINE,Alkyl Amines Chemicals Limited,Basic Materials,Specialty Chemicals,1916.4000244140625,False,231.7,True,True,-11.95,-12.95,False,993.0,True,HOLD
SWANCORP,Swan Corp Limited,Industrials,Conglomerates,307.5,False,301.5,False,False,-32.44,-31.72,False,5017.0,False,EXIT
THYROCARE,Thyrocare Technologies Limited,Healthcare,Diagnostics & Research,622.0999755859375,True,128.32,False,True,23.77,33.75,True,687.0,True,HOLD
MMTC,MMTC Limited,Industrials,Conglomerates,63.95000076293945,False,387.38,False,True,-5.36,-4.7,False,30000.0,False,EXIT
PCJEWELLER,PC Jeweller Limited,Consumer Cyclical,Luxury Goods,9.819999694824219,False,714.46,False,False,-40.64,-34.94,False,9610.0,False,EXIT
WAAREERTL,Waaree Renewable Technologies Limited,Industrials,Engineering & Construction,911.25,False,478.3,True,False,-15.22,-14.54,False,1598.0,True,EXIT
KIRLPNU,Kirloskar Pneumatic Company Limited,Industrials,Specialty Industrial Machinery,1486.5999755859375,False,245.9,True,True,8.89,9.52,True,1640.0,True,HOLD
RAILTEL,RailTel Corporation of India Limited,Communication Services,Telecom Services,290.8500061035156,False,336.03,True,False,-2.07,-21.63,False,1964.0,True,EXIT
BATAINDIA,Bata India Limited,Consumer Cyclical,Footwear & Accessories,712.8499755859375,False,166.23,False,False,-51.22,-45.49,False,3489.0,True,EXIT
STAR,Strides Pharma Science Limited,Healthcare,Drug Manufacturers - Specialty & Generic,999.0,False,585.57,False,True,8.32,18.4,True,4565.0,True,HOLD
WESTLIFE,Westlife Foodworld Limited,Consumer Cyclical,Restaurants,586.1500244140625,False,5.22,False,True,-24.88,-19.21,False,2491.0,True,EXIT
NCC,NCC Limited,Industrials,Engineering & Construction,146.4499969482422,False,774.4300000000001,False,False,-40.61,-39.87,False,22199.0,True,EXIT
TEJASNET,Tejas Networks Limited,Technology,Communication Equipment,521.5,False,804.0000000000001,True,True,-11.59,-12.11,False,8923.0,True,HOLD
VESUVIUS,Vesuvius India Limited,Industrials,Specialty Industrial Machinery,463.0,False,260.62,False,False,-18.93,-18.24,False,,False,EXIT
LOTUSDEV,LOTUSDEV,Industrials,Engineering & Construction,176.5399932861328,False,256.94,True,True,-22.33,-21.63,False,548.0,True,HOLD
SUDARSCHEM,Sudarshan Chemical Industries Limited,Basic Materials,Specialty Chemicals,1124.300048828125,False,252.89999999999998,False,True,-27.87,-28.82,False,3346.0,True,EXIT
ZEEL,Zee Entertainment Enterprises Limited,Communication Services,Broadcasting,94.41999816894531,False,589.8000000000001,False,True,-2.52,-22.08,False,8637.0,False,EXIT
SGMART,SG Mart Limited,Industrials,Industrial Distribution,714.9000244140625,True,130.1,True,True,,,False,5856.0,True,HOLD
SUVEN,Suven Life Sciences Limited,Healthcare,Drug Manufacturers - Specialty & Generic,332.6000061035156,False,276.35,True,True,16.8,26.82,True,625.0,False,HOLD
JAYNECOIND,Jayaswal Neco Industries Limited,Basic Materials,Steel,91.48999786376953,False,551.9,False,True,66.79,65.57,True,6297.0,False,HOLD
TARIL,TARIL,Industrials,Electrical Equipment & Parts,299.1000061035156,False,258.56,True,False,-45.65,-44.9,False,2017.0,True,EXIT
CYIENT,Cyient Limited,Industrials,Conglomerates,855.0,False,404.5,False,False,-33.19,-32.47,False,7360.0,True,EXIT
BSOFT,Birlasoft Limited,Technology,Information Technology Services,317.25,False,563.25,False,False,-20.1,-20.56,False,5375.0,True,EXIT
SONATSOFTW,Sonata Software Limited,Technology,Information Technology Services,320.1000061035156,False,464.39,True,True,-11.93,-12.44,False,991.0,True,HOLD
LEMONTREE,Lemon Tree Hotels Limited,Consumer Cyclical,Lodging,107.94000244140625,False,227.08999999999997,True,False,-36.17,-30.47,False,1286.0,True,EXIT
PNGJL,PNGJL,Consumer Cyclical,Luxury Goods,637.6500244140625,False,445.82,True,True,3.65,9.24,True,7586.0,True,HOLD
EUREKAFORB,Eureka Forbes Limited,Consumer Cyclical,"Furnishings, Fixtures & Appliances",447.79998779296875,False,162.63,False,False,-31.39,-25.71,False,2437.0,True,EXIT
QPOWER,QPOWER,Industrials,Electrical Equipment & Parts,1180.300048828125,False,121.33,False,True,46.8,47.34,True,337.0,True,HOLD
ESABINDIA,ESAB India Limited,Industrials,Tools & Accessories,5746.0,False,206.69,True,True,4.33,4.96,True,339.0,True,HOLD
KRBL,KRBL Limited,Consumer Defensive,Packaged Foods,373.8999938964844,False,648.0400000000001,False,True,-13.05,-18.41,False,5594.0,True,EXIT
EQUITASBNK,Equitas Small Finance Bank Limited,Financial Services,Banks - Regional,75.48999786376953,False,710.08,False,True,28.56,27.84,True,,False,HOLD
RHIM,RHI Magnesita India Limited,Industrials,Metal Fabrication,423.3500061035156,False,653.2900000000001,True,True,-21.7,-21.0,False,2892.0,True,HOLD
GENUSPOWER,Genus Power Infrastructures Limited,Industrials,Electrical Equipment & Parts,305.0,False,572.63,True,True,-24.52,-23.81,False,2442.0,True,HOLD
CLEAN,Clean Science and Technology Limited,Basic Materials,Specialty Chemicals,803.5499877929688,False,247.56,False,False,-36.56,-37.49,False,936.0,False,EXIT
ICIL,Indo Count Industries Limited,Consumer Cyclical,Textile Manufacturing,425.0,True,125.44999999999999,False,True,70.86,76.3,True,3772.0,True,HOLD
TTKPRESTIG,TTK Prestige Limited,Consumer Cyclical,"Furnishings, Fixtures & Appliances",605.5999755859375,False,155.68,False,True,-15.89,-10.24,False,2626.0,False,EXIT
GRINFRA,G R Infraprojects Limited,Industrials,Engineering & Construction,885.2000122070312,False,902.8399999999999,False,False,-33.67,-32.95,False,9482.0,False,EXIT
YATHARTH,Yatharth Hospital & Trauma Care Services Limited,Healthcare,Medical Care Facilities,898.75,True,176.15,True,True,11.43,21.49,True,860.0,True,ADD
POWERMECH,Power Mech Projects Limited,Industrials,Engineering & Construction,2530.60009765625,False,363.89,True,True,-23.52,-22.82,False,5234.0,True,HOLD
MAHLIFE,Mahindra Lifespace Developers Limited,Real Estate,Real Estate - Development,386.8500061035156,False,335.76,True,True,24.41,7.22,True,1086.0,False,HOLD
TIPSMUSIC,Tips Music Limited,Communication Services,Entertainment,665.6500244140625,False,207.26000000000002,False,True,27.39,7.42,True,,False,HOLD
CELLO,Cello World Limited,Consumer Cyclical,"Furnishings, Fixtures & Appliances",360.1499938964844,False,312.44,False,False,-48.38,-42.66,False,2136.0,True,EXIT
KWIL,KWIL,Consumer Defensive,Packaged Foods,34.54999923706055,False,285.5,False,False,,,False,,False,EXIT
STARCEMENT,Star Cement Limited,Basic Materials,Building Materials,198.94000244140625,False,444.64,False,False,-28.26,-29.21,False,3163.0,True,EXIT
MIDHANI,Mishra Dhatu Nigam Limited,Basic Materials,Steel,434.1499938964844,False,131.47,False,True,8.16,7.11,True,1074.0,True,HOLD
TANLA,Tanla Platforms Limited,Technology,Software - Application,632.0999755859375,False,526.27,False,True,-3.01,-3.58,False,4028.0,True,EXIT
SMLMAH,SMLMAH,Consumer Cyclical,Auto Manufacturers,5227.0,False,201.07,False,True,24.31,29.86,True,,False,HOLD
V2RETAIL,V2 Retail Limited,Consumer Cyclical,Apparel Retail,218.47999572753906,False,161.47,True,True,15.21,20.78,True,1884.0,True,HOLD
AVL,Aditya Vision Limited,Consumer Cyclical,Specialty Retail,624.2999877929688,False,138.98000000000002,False,True,37.37,42.89,True,2260.0,True,HOLD
WELENT,Welspun Enterprises Limited,Industrials,Engineering & Construction,579.3499755859375,False,305.64,False,True,23.88,24.47,True,3584.0,True,HOLD
IMFA,Indian Metals and Ferro Alloys Limited,Basic Materials,Other Industrial Metals & Mining,1459.300048828125,False,374.12,False,True,94.15,92.85,True,2780.0,False,HOLD
RELIGARE,Religare Enterprises Limited,Financial Services,Insurance - Life,229.60000610351562,False,176.62,False,False,-15.18,-15.7,False,7385.0,True,EXIT
GARFIBRES,Garware Technical Fibres Limited,Consumer Cyclical,Textile Manufacturing,799.3499755859375,False,198.56,False,True,-15.54,-9.9,False,1540.0,True,EXIT
KRN,KRN,Technology,Electronic Components,1226.4000244140625,False,73.31,True,True,37.69,36.88,True,430.0,True,HOLD
MAHSEAMLES,Maharashtra Seamless Limited,Basic Materials,Steel,607.8499755859375,False,818.05,False,True,-12.63,-13.63,False,5716.0,False,EXIT
GNFC,Gujarat Narmada Valley Fertilizers & Chemicals Limited,Basic Materials,Chemicals,544.0999755859375,False,808.0,False,True,4.46,3.41,True,10227.0,False,HOLD
SJS,S.J.S. Enterprises Limited,Consumer Cyclical,Auto Parts,2372.0,False,161.07,False,True,91.16,96.54,True,398.0,True,HOLD
CERA,Cera Sanitaryware Limited,Industrials,Building Products & Equipment,6033.5,False,204.22,False,True,-9.23,-8.56,False,1926.0,True,EXIT
NEWGEN,Newgen Software Technologies Limited,Technology,Software - Infrastructure,563.2000122070312,False,281.65999999999997,False,False,-41.05,-41.38,False,1487.0,True,EXIT
BORORENEW,Borosil Renewables Limited,Technology,Solar,548.5,False,382.49,True,True,-11.94,-12.45,False,1476.0,True,HOLD
IXIGO,IXIGO,Consumer Cyclical,Travel Services,182.1999969482422,False,92.02,False,False,-33.93,-28.24,False,914.0,True,EXIT
ORKLAINDIA,ORKLAINDIA,Consumer Defensive,Packaged Foods,567.7999877929688,False,231.16,False,False,,,False,2395.0,True,EXIT
GAEL,Gujarat Ambuja Exports Limited,Consumer Defensive,Packaged Foods,172.85000610351562,False,416.03000000000003,False,True,68.26,62.35,True,4927.0,False,HOLD
DYNAMATECH,Dynamatic Technologies Limited,Consumer Cyclical,Auto Parts,11148.0,False,32.41,False,True,55.27,60.74,True,1626.0,False,HOLD
REDTAPE,REDTAPE Limited,Consumer Cyclical,Footwear & Accessories,134.49000549316406,False,240.54999999999998,True,True,-0.47,5.14,False,2021.0,True,HOLD
SANOFI,Sanofi India Limited,Healthcare,Drug Manufacturers - General,3327.0,False,353.3,False,False,-52.29,-41.81,False,2013.0,True,EXIT
ABFRL,Aditya Birla Fashion and Retail Limited,Consumer Cyclical,Apparel Manufacturing,61.040000915527344,False,551.23,True,False,-29.19,-23.52,False,12418.0,False,EXIT
TTML,Tata Teleservices (Maharashtra) Limited,Communication Services,Telecom Services,39.02000045776367,False,1128.49,True,False,-18.66,-38.0,False,2972.0,False,EXIT
INDIAGLYCO,India Glycols Limited,Basic Materials,Chemicals,1084.800048828125,False,292.76,False,True,19.94,18.85,True,3768.0,True,HOLD
GMRP&UI,GMR Power And Urban Infra Limited,Energy,Thermal Coal,96.4800033569336,False,1176.4399999999998,False,False,-29.19,-21.33,False,6344.0,True,EXIT
SKFINDIA,SKF India Limited,Industrials,Tools & Accessories,1537.300048828125,False,305.46,False,False,-72.39,-71.58,False,4920.0,True,EXIT
JYOTHYLAB,Jyothy Labs Limited,Consumer Defensive,Household & Personal Products,205.44000244140625,False,333.19,False,False,-37.46,-42.66,False,2847.0,True,EXIT
PRECWIRE,Precision Wires India Limited,Industrials,Electrical Equipment & Parts,433.29998779296875,False,155.27,True,True,145.84,146.16,True,881.0,False,HOLD
INDIASHLTR,India Shelter Finance Corporation Limited,Financial Services,Mortgage Finance,642.5999755859375,False,383.58,False,False,-36.38,-36.8,False,,False,EXIT
KINGFA,Kingfa Science & Technology (India) Limited,Basic Materials,Specialty Chemicals,5622.5,True,185.24999999999997,True,True,56.82,55.63,True,1745.0,True,ADD
RAIN,Rain Industries Limited,Basic Materials,Specialty Chemicals,204.5800018310547,False,333.34999999999997,False,True,22.92,21.82,True,21011.0,False,HOLD
ETHOSLTD,Ethos Limited,Consumer Cyclical,Luxury Goods,2833.10009765625,False,103.88,True,True,-7.99,-2.37,False,1252.0,True,HOLD
JSLL,JSLL,Healthcare,Medical Care Facilities,539.9500122070312,False,221.81,False,False,-17.4,-7.14,False,469.0,True,EXIT
SUPRIYA,Supriya Lifescience Limited,Healthcare,Biotechnology,922.8499755859375,False,209.13,False,True,24.53,34.51,True,696.0,True,HOLD
SFL,Sheela Foam Limited,Consumer Cyclical,"Furnishings, Fixtures & Appliances",673.2999877929688,False,163.92000000000002,False,True,-11.96,-6.32,False,3439.0,True,EXIT
NESCO,Nesco Limited,Industrials,Conglomerates,1045.4000244140625,False,416.55999999999995,True,False,-29.97,-29.26,False,732.0,True,EXIT
UNIMECH,UNIMECH,Industrials,Aerospace & Defense,1452.300048828125,True,63.28,False,True,28.8,29.38,True,243.0,True,HOLD
SHARDACROP,Sharda Cropchem Limited,Basic Materials,Agricultural Inputs,812.5999755859375,False,694.5799999999999,True,False,-22.78,-23.74,False,4320.0,True,EXIT
KIRLFER,Kirloskar Ferrous Industries Limited,Industrials,Metal Fabrication,439.6000061035156,False,271.53999999999996,False,False,,,False,,False,EXIT
GPPL,Gujarat Pipavav Port Limited,Industrials,Marine Shipping,150.3800048828125,False,466.78999999999996,True,False,-10.97,-10.3,False,988.0,True,EXIT
KPIGREEN,KPI Green Energy Limited,Utilities,Utilities - Renewable,369.25,False,491.67999999999995,True,False,-21.96,-32.88,False,1735.0,True,EXIT
GALAXYSURF,Galaxy Surfactants Limited,Basic Materials,Specialty Chemicals,2084.800048828125,False,267.38,False,True,-19.34,-20.31,False,4462.0,False,EXIT
PICCADIL,Piccadily Agro Industries Limited,Consumer Defensive,Beverages - Wineries & Distilleries,768.7999877929688,True,138.07,True,True,21.05,15.46,True,797.0,True,ADD
DBL,Dilip Buildcon Limited,Industrials,Engineering & Construction,442.75,False,1302.36,True,False,-11.28,-10.61,False,10537.0,False,EXIT
SAFARI,Safari Industries (India) Limited,Consumer Cyclical,Footwear & Accessories,1503.5999755859375,False,165.05,False,False,-38.05,-32.35,False,1772.0,True,EXIT
KENNAMET,Kennametal India Limited,Industrials,Tools & Accessories,3342.60009765625,True,138.5,False,False,,,False,,False,EXIT
HMT,HMT Limited,Industrials,Farm & Heavy Construction Machinery,60.400001525878906,False,131.54,False,True,3.41,4.05,True,275.0,False,HOLD
SAPPHIRE,Sapphire Foods India Limited,Consumer Cyclical,Restaurants,220.6199951171875,False,33.23,False,True,-42.19,-36.48,False,2451.0,True,EXIT
INOXGREEN,Inox Green Energy Services Limited,Utilities,Utilities - Renewable,180.0,False,102.41,True,False,22.65,10.55,True,368.0,False,HOLD
EPL,EPL Limited,Consumer Cyclical,Packaging & Containers,228.97999572753906,False,388.90000000000003,True,True,-11.35,-5.72,False,4213.0,True,HOLD
SUPRAJIT,Suprajit Engineering Limited,Consumer Cyclical,Auto Parts,529.25,False,182.67000000000002,True,True,10.34,15.92,True,3277.0,True,HOLD
OMNI,OMNI,Industrials,Specialty Industrial Machinery,552.8499755859375,False,49.769999999999996,False,False,,,False,343.0,True,EXIT
ASHAPURMIN,Ashapura Minechem Limited,Basic Materials,Other Industrial Metals & Mining,644.7000122070312,False,401.41,False,False,17.68,16.6,True,2739.0,True,EXIT
BIRLACORPN,Birla Corporation Limited,Basic Materials,Building Materials,897.5,False,553.75,False,False,-33.01,-33.95,False,9656.0,False,EXIT
TCI,Transport Corporation of India Limited,Industrials,Integrated Freight & Logistics,937.7000122070312,False,450.5,True,False,-24.22,-23.52,False,4492.0,True,EXIT
BAJAJCON,Bajaj Consumer Care Limited,Consumer Defensive,Household & Personal Products,547.0499877929688,False,223.01,True,True,140.34,133.95,True,984.0,False,HOLD
JKPAPER,JK Paper Limited,Basic Materials,Paper & Paper Products,392.70001220703125,False,328.62,False,True,7.38,6.33,True,6718.0,True,HOLD
SUNFLAG,Sunflag Iron and Steel Company Limited,Basic Materials,Steel,380.8500061035156,False,202.35000000000002,False,True,29.48,28.36,True,3536.0,True,HOLD
JKLAKSHMI,JK Lakshmi Cement Limited,Basic Materials,Building Materials,558.7000122070312,False,331.15,False,False,-43.06,-43.98,False,6788.0,False,EXIT
RCF,Rashtriya Chemicals and Fertilizers Limited,Basic Materials,Agricultural Inputs,127.19999694824219,False,427.45,False,False,-18.11,-19.1,False,21452.0,False,EXIT
GREENLAM,Greenlam Industries Limited,Consumer Cyclical,"Furnishings, Fixtures & Appliances",242.64999389648438,False,87.32000000000001,False,False,-4.41,1.21,False,2569.0,True,EXIT
HNDFDS,Hindustan Foods Limited,Industrials,Conglomerates,585.5999755859375,False,144.62999999999997,True,True,3.16,3.8,True,3564.0,True,HOLD
NEPHROPLUS,NEPHROPLUS,Healthcare,Medical Care Facilities,697.7000122070312,False,107.59,False,False,,,False,756.0,True,EXIT
MBAPL,Madhya Bharat Agro Products Limited,Basic Materials,Agricultural Inputs,164.44000244140625,True,119.72999999999999,False,True,90.15,88.86,True,,False,HOLD
SPARC,Sun Pharma Advanced Research Company Limited,Healthcare,Drug Manufacturers - Specialty & Generic,207.3800048828125,False,1969.4799999999998,True,True,29.68,39.62,True,239.0,False,HOLD
BECTORFOOD,Mrs. Bectors Food Specialities Limited,Consumer Defensive,Packaged Foods,233.27999877929688,False,140.88,True,True,-20.01,-25.32,False,1742.0,True,HOLD
CAMPUS,Campus Activewear Limited,Consumer Cyclical,Footwear & Accessories,222.07000732421875,False,150.08999999999997,False,False,-26.99,-21.32,False,1194.0,True,EXIT
AXISCADES,AXISCADES Technologies Limited,Industrials,Engineering & Construction,1554.800048828125,False,71.92,False,False,13.64,14.26,True,1031.0,True,EXIT
FIEMIND,Fiem Industries Limited,Consumer Cyclical,Auto Parts,2539.300048828125,True,255.59,True,True,29.18,34.72,True,2423.0,True,ADD
RBA,Restaurant Brands Asia Limited,Consumer Cyclical,Restaurants,90.2300033569336,False,156.84,True,True,1.66,7.26,True,2551.0,True,HOLD
GOKULAGRO,Gokul Agro Resources Limited,Consumer Defensive,Packaged Foods,227.05999755859375,False,421.34,True,True,52.73,46.93,True,19551.0,True,HOLD
POWERICA,POWERICA,Industrials,Specialty Industrial Machinery,536.75,False,0.0,False,False,,,False,2653.0,True,EXIT
STYL,STYL,Technology,Software - Infrastructure,413.20001220703125,True,263.76,False,True,,,False,1558.0,False,EXIT
IBULLSLTD,IBULLSLTD,Real Estate,Real Estate - Development,28.799999237060547,False,419.07,False,True,85.34,67.39,True,310.0,False,HOLD
BALAMINES,Balaji Amines Limited,Basic Materials,Specialty Chemicals,2046.0999755859375,False,204.14000000000001,False,True,28.67,27.56,True,2346.0,False,HOLD
MAXESTATES,MAXESTATES,Real Estate,Real Estate - Development,421.45001220703125,False,29.549999999999997,False,False,4.77,-12.18,False,160.0,True,EXIT
AJAXENGG,AJAXENGG,Industrials,Farm & Heavy Construction Machinery,566.1500244140625,False,225.14999999999998,False,True,-24.43,-23.72,False,,False,EXIT
GSFC,Gujarat State Fertilizers & Chemicals Limited,Basic Materials,Agricultural Inputs,161.64999389648438,False,672.78,False,False,-29.02,-29.97,False,11369.0,False,EXIT
KOVAI,Kovai Medical Center and Hospital Limited,Healthcare,Medical Care Facilities,6162.0,True,240.79999999999998,False,False,,,False,,False,EXIT
EMIL,Electronics Mart India Limited,Consumer Cyclical,Specialty Retail,180.77000427246094,False,107.13000000000001,False,True,37.5,43.01,True,6965.0,True,HOLD
SENCO,Senco Gold Limited,Consumer Cyclical,Luxury Goods,398.8500061035156,False,574.31,True,True,8.63,14.22,True,6328.0,True,HOLD
SHAKTIPUMP,Shakti Pumps (India) Limited,Industrials,Specialty Industrial Machinery,510.3999938964844,False,212.32999999999998,False,False,-45.15,-44.4,False,2516.0,True,EXIT
DBREALTY,Valor Estate Limited,Real Estate,Real Estate - Development,116.70999908447266,False,143.98,False,False,-23.53,-40.12,False,1133.0,True,EXIT
VMART,V-Mart Retail Limited,Consumer Cyclical,Department Stores,818.4000244140625,False,155.35,False,True,-3.79,1.82,False,,False,EXIT
TRANSRAILL,TRANSRAILL,Industrials,Engineering & Construction,479.0,False,403.04,False,False,-43.23,-42.49,False,5308.0,True,EXIT
GANESHHOU,Ganesh Housing Limited,Real Estate,Real Estate - Development,772.75,False,250.12,False,True,1.06,-15.84,False,959.0,True,EXIT
DODLA,Dodla Dairy Limited,Consumer Defensive,Food Distribution,1050.800048828125,False,241.98000000000002,False,False,-21.13,-26.44,False,3720.0,True,EXIT
ACI,Archean Chemical Industries Limited,Basic Materials,Chemicals,518.75,False,96.83000000000001,False,False,-21.22,-22.19,False,1441.0,False,EXIT
PAISALO,Paisalo Digital Limited,Financial Services,Credit Services,69.94000244140625,False,237.2,True,True,125.12,123.97,True,,False,HOLD
KMEW,Knowledge Marine & Engineering Works Limited,Industrials,Marine Shipping,2596.800048828125,True,82.08,True,True,212.82,212.99,True,195.0,False,ADD
AARTIPHARM,Aarti Pharmalabs Limited,Healthcare,Drug Manufacturers - Specialty & Generic,823.0,False,186.5,False,True,-18.8,-8.54,False,2115.0,True,EXIT
DCBBANK,DCB Bank Limited,Financial Services,Banks - Regional,187.42999267578125,False,760.85,True,True,42.45,41.67,True,,False,HOLD
SENORES,SENORES,Healthcare,Drug Manufacturers - General,1422.199951171875,True,126.37,True,True,102.74,112.2,True,398.0,True,ADD
LATENTVIEW,Latent View Analytics Limited,Industrials,Consulting Services,297.79998779296875,False,151.01,False,False,-31.05,-30.33,False,848.0,True,EXIT
SIS,SIS Limited,Industrials,Security & Protection Services,427.3500061035156,False,414.55,True,True,8.23,8.86,True,4931.0,True,HOLD
ARVINDFASN,Arvind Fashions Limited,Consumer Cyclical,Apparel Retail,460.25,False,94.68,True,False,-21.65,-16.0,False,4644.0,False,EXIT
HAPPSTMNDS,Happiest Minds Technologies Limited,Technology,Information Technology Services,401.79998779296875,False,226.2,False,False,-37.66,-38.01,False,2061.0,True,EXIT
TIIL,Technocraft Industries (India) Limited,Industrials,Tools & Accessories,2675.300048828125,False,285.30999999999995,True,True,-16.83,-16.15,False,2596.0,True,HOLD
KSHINTL,KSHINTL,Industrials,Electrical Equipment & Parts,900.5999755859375,True,99.0,False,False,,,False,1928.0,True,EXIT
CORDELIA,CORDELIA,Industrials,Marine Shipping,841.1500244140625,False,28.93,False,False,,,False,,False,EXIT
FDC,FDC Limited,Healthcare,Drug Manufacturers - Specialty & Generic,360.3500061035156,False,281.42,False,False,-40.28,-29.87,False,2108.0,True,EXIT
ITDC,India Tourism Development Corporation Limited,Consumer Cyclical,Lodging,695.7000122070312,False,82.69999999999999,True,True,14.12,19.69,True,570.0,True,HOLD
PTC,PTC India Limited,Utilities,Utilities - Independent Power Producers,177.99000549316406,False,605.63,False,True,7.99,-3.72,False,18346.0,False,EXIT
STYLAMIND,Stylam Industries Limited,Consumer Cyclical,"Furnishings, Fixtures & Appliances",3651.199951171875,True,169.77,True,True,105.65,111.0,True,1025.0,True,ADD
EBGNG,EBGNG,Technology,Computer Hardware,555.6500244140625,False,142.43,False,True,68.93,67.93,True,1411.0,True,HOLD
ISGEC,Isgec Heavy Engineering Limited,Industrials,Specialty Industrial Machinery,807.5499877929688,False,239.20999999999998,False,False,-29.55,-28.83,False,6422.0,True,EXIT
JAIBALAJI,Jai Balaji Industries Limited,Basic Materials,Steel,68.54000091552734,False,129.95,False,False,-41.84,-42.76,False,6414.0,False,EXIT
CCAVENUE,AvenuesAI Limited,Technology,Software - Infrastructure,17.540000915527344,False,279.03,True,True,10.17,9.53,True,3993.0,True,HOLD
PRAJIND,Praj Industries Limited,Industrials,Engineering & Construction,327.6499938964844,False,69.15,False,False,-33.32,-32.6,False,3528.0,False,EXIT
VIKRAMSOLR,VIKRAMSOLR,Technology,Solar,156.8000030517578,False,318.2,False,False,,,False,3423.0,True,EXIT
ALOKINDS,Alok Industries Limited,Consumer Cyclical,Textile Manufacturing,11.90999984741211,False,719.98,False,False,-45.63,-39.92,False,24153.0,False,EXIT
KALPATARU,KALPATARU,Real Estate,Real Estate - Development,287.20001220703125,False,282.26,True,False,-13.51,-30.22,False,3633.0,False,EXIT
TVSSCS,TVS Supply Chain Solutions Limited,Industrials,Integrated Freight & Logistics,128.4199981689453,False,114.28,True,True,-3.07,-2.41,False,9996.0,True,HOLD
GOKEX,Gokaldas Exports Limited,Consumer Cyclical,Apparel Manufacturing,796.1500244140625,False,100.12,False,True,-0.11,5.49,False,3864.0,True,EXIT
RPTECH,Rashi Peripherals Limited,Technology,Electronics & Computer Distribution,896.7000122070312,True,277.58,True,True,216.01,214.11,True,13258.0,True,ADD
GULFOILLUB,Gulf Oil Lubricants India Limited,Basic Materials,Specialty Chemicals,1177.4000244140625,False,374.91,True,True,-4.28,-5.3,False,3554.0,True,HOLD
SKIPPER,Skipper Limited,Industrials,Engineering & Construction,529.0,False,213.14,True,True,-1.32,-0.67,False,4624.0,True,HOLD
JUSTDIAL,Just Dial Limited,Communication Services,Internet Content & Information,687.5499877929688,False,543.8000000000001,True,True,-3.17,-22.72,False,1043.0,True,HOLD
JSFB,Jana Small Finance Bank Limited,Financial Services,Banks - Regional,539.75,False,406.65999999999997,False,True,10.95,10.31,True,,False,HOLD
CEIGALL,CEIGALL,Industrials,Engineering & Construction,319.79998779296875,False,311.88,False,True,17.65,18.26,True,3437.0,True,HOLD
JAMNAAUTO,Jamna Auto Industries Limited,Consumer Cyclical,Auto Parts,128.44000244140625,False,230.98000000000002,False,True,33.06,38.59,True,2361.0,False,HOLD
RPEL,Raghav Productivity Enhancers Limited,Basic Materials,Chemicals,1313.800048828125,True,60.53,True,True,107.81,106.47,True,200.0,True,ADD
PNCINFRA,PNC Infratech Limited,Industrials,Engineering & Construction,210.39999389648438,False,831.6600000000001,False,False,-38.01,-37.28,False,8650.0,False,EXIT
IFBIND,IFB Industries Limited,Consumer Cyclical,"Furnishings, Fixtures & Appliances",1404.699951171875,False,111.64,False,True,-5.8,-0.18,False,5092.0,True,EXIT
MASTEK,Mastek Limited,Technology,Information Technology Services,1802.5,False,412.43,True,False,-32.89,-33.27,False,3455.0,True,EXIT
CENTUM,Centum Electronics Limited,Technology,Electronic Components,3861.199951171875,True,72.10000000000001,True,True,54.59,53.68,True,750.0,True,ADD
SETL,Standard Engineering Technology Limited,Industrials,Specialty Industrial Machinery,283.75,True,80.05000000000001,False,True,66.63,67.13,True,614.0,True,HOLD
MOIL,MOIL Limited,Basic Materials,Other Industrial Metals & Mining,283.8500061035156,False,303.59000000000003,False,False,-16.79,-17.78,False,1438.0,False,EXIT
AEROFLEX,Aeroflex Industries Limited,Industrials,Metal Fabrication,420.75,False,60.09,False,True,136.49,136.83,True,373.0,True,HOLD
TIMEX,Timex Group India Limited,Consumer Cyclical,Luxury Goods,563.25,True,85.79,False,False,,,False,,False,EXIT
PRSMJOHNSN,Prism Johnson Limited,Basic Materials,Building Materials,109.0,False,88.85000000000001,False,False,-30.29,-31.24,False,7427.0,False,EXIT
GOLDIAM,Goldiam International Limited,Consumer Cyclical,Luxury Goods,369.04998779296875,False,170.60000000000002,True,True,25.1,30.65,True,781.0,True,HOLD
FEDFINA,Fedbank Financial Services Limited,Financial Services,Credit Services,149.89999389648438,False,302.82,True,True,13.74,13.09,True,,False,HOLD
NIRLON,Nirlon Limited,Real Estate,Real Estate Services,633.2000122070312,True,345.98,False,False,,,False,,False,EXIT
NEOGEN,Neogen Chemicals Limited,Basic Materials,Specialty Chemicals,2182.800048828125,False,35.559999999999995,False,True,49.27,48.1,True,778.0,True,HOLD
SMARTWORKS,SMARTWORKS,Real Estate,Real Estate Services,481.8999938964844,False,22.39,True,True,19.4,2.27,True,1374.0,True,HOLD
MAPMYINDIA,C. E. Info Systems Limited,Technology,Software - Infrastructure,985.0,False,137.82,False,False,-49.96,-50.24,False,463.0,True,EXIT
KRISHANA,Krishana Phoschem Limited,Basic Materials,Agricultural Inputs,183.5399932861328,True,146.98000000000002,False,True,73.98,72.73,True,,False,HOLD
AHLUCONT,Ahluwalia Contracts (India) Limited,Industrials,Engineering & Construction,829.9000244140625,False,265.85999999999996,False,False,-19.94,-19.25,False,4099.0,True,EXIT
SURYAROSNI,Surya Roshni Limited,Basic Materials,Steel,247.72000122070312,False,285.81,False,False,-25.73,-26.69,False,7997.0,False,EXIT
MASFIN,MAS Financial Services Limited,Financial Services,Credit Services,300.6499938964844,False,389.33,True,False,-5.81,-6.37,False,,False,EXIT
CYIENTDLM,Cyient DLM Limited,Industrials,Aerospace & Defense,691.5,False,57.410000000000004,False,True,56.22,56.74,True,1520.0,True,HOLD
TFCILTD,Tourism Finance Corporation of India Limited,Financial Services,Credit Services,115.22000122070312,True,154.12,True,True,97.83,96.81,True,,False,ADD
LUMAXIND,Lumax Industries Limited,Consumer Cyclical,Auto Parts,5655.5,False,172.48000000000002,True,True,55.51,60.99,True,3400.0,True,HOLD
ENTERO,Entero Healthcare Solutions Limited,Healthcare,Medical Distribution,1315.0999755859375,False,115.04,True,True,-13.98,-3.75,False,409.0,True,HOLD
SUBROS,Subros Limited,Consumer Cyclical,Auto Parts,778.1500244140625,False,165.64999999999998,True,False,-14.92,-9.28,False,3368.0,True,EXIT
INNOVACAP,Innova Captab Limited,Healthcare,Drug Manufacturers - Specialty & Generic,966.0999755859375,False,140.92,False,True,-10.61,-0.4,False,1244.0,True,EXIT
SHARDAMOTR,Sharda Motor Industries Limited,Consumer Cyclical,Auto Parts,955.7000122070312,False,339.93,True,True,-19.68,-14.03,False,2837.0,True,HOLD
BALUFORGE,Balu Forge Industries Limited,Industrials,Metal Fabrication,461.20001220703125,False,258.9,True,False,-30.28,-29.56,False,924.0,True,EXIT
SAATVIKGL,Saatvik Green Energy Limited,Technology,Solar,418.8999938964844,False,337.28,False,False,,,False,2158.0,True,EXIT
HCC,Hindustan Construction Company Limited,Industrials,Engineering & Construction,20.18000030517578,False,117.73999999999998,False,False,-32.54,-31.82,False,10668.0,False,EXIT
CSBBANK,CSB Bank Limited,Financial Services,Banks - Regional,325.1000061035156,False,664.62,False,False,-30.08,-30.54,False,,False,EXIT
INDIGOPNTS,Indigo Paints Limited,Basic Materials,Specialty Chemicals,1141.199951171875,False,177.63,True,True,-5.75,-6.76,False,1277.0,True,HOLD
SBCL,Shivalik Bimetal Controls Limited,Industrials,Metal Fabrication,1105.050048828125,True,95.86000000000001,True,True,106.58,106.98,True,509.0,False,ADD
SHILCTECH,Shilchar Technologies Limited,Industrials,Electrical Equipment & Parts,4684.10009765625,False,112.22,False,False,,,False,623.0,True,EXIT
CARERATING,CARE Ratings Limited,Financial Services,Financial Data & Stock Exchanges,1732.5,False,171.17999999999998,True,True,-1.45,-2.04,False,402.0,True,HOLD
CRAMC,CRAMC,Financial Services,Asset Management,261.45001220703125,False,230.68999999999997,False,False,,,False,,False,EXIT
BANSALWIRE,BANSALWIRE,Basic Materials,Steel,322.54998779296875,False,143.08,False,True,-16.92,-17.9,False,3507.0,True,EXIT
SOTL,Savita Oil Technologies Limited,Basic Materials,Specialty Chemicals,691.0,False,181.83,False,True,62.27,61.06,True,3813.0,True,HOLD
VADILALIND,Vadilal Industries Limited,Consumer Defensive,Packaged Foods,7380.0,True,155.42000000000002,True,True,51.75,45.95,True,1238.0,True,ADD
TRIVENI,Triveni Engineering & Industries Limited,Consumer Defensive,Confectioners,243.02999877929688,False,257.32,False,False,-28.42,-33.68,False,5689.0,True,EXIT
PDSL,PDS Limited,Industrials,Specialty Business Services,382.25,False,127.16999999999999,False,True,12.08,12.7,True,12578.0,True,HOLD
GVPIL,GE Power India Limited,Industrials,Engineering & Construction,749.2999877929688,False,252.60999999999999,True,True,131.54,131.89,True,3343.0,False,HOLD
DATAMATICS,Datamatics Global Services Limited,Technology,Information Technology Services,862.5,False,175.82999999999998,False,True,-18.13,-18.61,False,1723.0,True,EXIT
ORCHPHARMA,Orchid Pharma Limited,Healthcare,Drug Manufacturers - Specialty & Generic,1079.1500244140625,False,57.019999999999996,False,True,27.2,37.16,True,1948.0,False,HOLD
BLISSGVS,Bliss GVS Pharma Limited,Healthcare,Drug Manufacturers - Specialty & Generic,479.79998779296875,False,129.14,True,True,155.48,164.59,True,899.0,False,HOLD
KISSHT,KISSHT,Financial Services,Credit Services,293.5,False,154.82,False,False,,,False,,False,EXIT
PURVA,Puravankara Limited,Real Estate,Real Estate - Development,213.16000366210938,False,283.39,True,False,-9.11,-25.88,False,2185.0,False,EXIT
OPTIEMUS,Optiemus Infracom Limited,Technology,Electronics & Computer Distribution,559.0999755859375,False,66.01,False,True,-9.2,-9.73,False,4106.0,False,EXIT
GOODLUCK,Goodluck India Limited,Basic Materials,Steel,1479.5999755859375,False,180.43,True,True,40.36,39.21,True,3936.0,True,HOLD
YASHO,Yasho Industries Limited,Basic Materials,Specialty Chemicals,4201.2998046875,True,57.669999999999995,False,True,133.8,132.39,True,672.0,False,HOLD
MPSLTD,MPS Limited,Communication Services,Publishing,2864.39990234375,True,188.37,True,True,40.71,20.56,True,727.0,True,ADD
GUJALKALI,Gujarat Alkalies and Chemicals Limited,Basic Materials,Chemicals,682.6500244140625,False,106.25,False,True,13.25,12.18,True,4516.0,False,HOLD
IOLCP,IOL Chemicals and Pharmaceuticals Limited,Healthcare,Drug Manufacturers - Specialty & Generic,164.66000366210938,False,137.64,False,True,62.13,71.85,True,2217.0,False,HOLD
VRLLOG,VRL Logistics Limited,Industrials,Trucking,284.8999938964844,False,267.46000000000004,False,True,-4.23,-3.58,False,,False,EXIT
THOMASCOOK,Thomas Cook (India) Limited,Consumer Cyclical,Travel Services,105.66000366210938,False,218.7,False,False,-42.69,-36.99,False,11248.0,False,EXIT
ICRA,ICRA Limited,Financial Services,Financial Data & Stock Exchanges,5093.2998046875,False,189.87,True,False,-22.58,-23.07,False,498.0,True,EXIT
UNIVCABLES,Universal Cables Limited,Industrials,Electrical Equipment & Parts,1693.4000244140625,True,163.1,True,True,135.56,135.9,True,2407.0,True,ADD
LXCHEM,Laxmi Organic Industries Limited,Basic Materials,Specialty Chemicals,177.97000122070312,False,136.06,False,True,-8.58,-9.59,False,3084.0,False,EXIT
LGBBROSLTD,L.G. Balakrishnan & Bros Limited,Consumer Cyclical,Auto Parts,1551.5999755859375,False,309.17,True,False,13.72,19.3,True,2578.0,True,HOLD
SSWL,Steel Strips Wheels Limited,Consumer Cyclical,Auto Parts,321.6000061035156,True,212.43000000000004,False,True,36.84,42.36,True,4429.0,True,HOLD
FCL,Fineotex Chemical Limited,Basic Materials,Specialty Chemicals,42.5099983215332,False,122.34999999999998,False,True,75.89,74.64,True,569.0,False,HOLD
PILANIINVS,Pilani Investment and Industries Corporation Limited,Financial Services,Asset Management,4364.2001953125,False,67.87,False,False,-17.61,-18.12,False,305.0,True,EXIT
RUSTOMJEE,Keystone Realtors Limited,Real Estate,Real Estate - Development,369.6499938964844,False,117.49,False,False,-26.27,-42.83,False,2222.0,False,EXIT
SWSOLAR,Sterling and Wilson Renewable Energy Limited,Technology,Solar,203.9600067138672,False,223.53,False,False,-31.03,-31.42,False,8210.0,False,EXIT
EPIGRAL,Epigral Limited,Basic Materials,Chemicals,1126.5999755859375,False,271.02,False,False,-43.39,-44.3,False,2550.0,True,EXIT
DEEDEV,DEEDEV,Industrials,Metal Fabrication,626.2000122070312,False,195.54,True,True,131.96,132.31,True,827.0,True,HOLD
KDDL,KDDL Limited,Consumer Cyclical,Luxury Goods,3835.800048828125,True,88.10999999999999,False,True,35.63,41.15,True,1648.0,True,HOLD
RENUKA,Shree Renuka Sugars Limited,Consumer Defensive,Confectioners,22.440000534057617,False,515.1,False,False,-21.86,-27.17,False,11844.0,False,EXIT
RTNPOWER,RattanIndia Power Limited,Utilities,Utilities - Independent Power Producers,8.65999984741211,False,156.06,False,False,-21.78,-32.71,False,3364.0,False,EXIT
QUESS,Quess Corp Limited,Industrials,Staffing & Employment Services,323.75,False,251.93,False,True,14.76,15.37,True,19100.0,False,HOLD
GREAVESCOT,Greaves Cotton Limited,Industrials,Specialty Industrial Machinery,195.0800018310547,False,106.9,False,True,-11.9,-11.22,False,2918.0,True,EXIT
MHRIL,Mahindra Holidays & Resorts India Limited,Consumer Cyclical,Resorts & Casinos,230.30999755859375,False,60.31999999999999,False,False,-46.01,-40.3,False,1400.0,True,EXIT
SHOPERSTOP,Shoppers Stop Limited,Consumer Cyclical,Department Stores,425.8999938964844,False,62.46,False,True,-29.14,-23.47,False,4436.0,True,EXIT
MANINFRA,Man Infraconstruction Limited,Industrials,Engineering & Construction,113.63999938964844,False,200.57999999999998,False,False,-38.15,-37.42,False,1890.0,False,EXIT
AGI,AGI Greenpac Limited,Consumer Cyclical,Packaging & Containers,718.2000122070312,False,375.03,True,True,-33.37,-27.69,False,2712.0,False,HOLD
RAYMONDREL,Raymond Realty Limited,Real Estate,Real Estate - Development,607.0499877929688,False,230.31000000000003,False,True,5.33,-11.62,False,565.0,True,EXIT
SGFIN,SG Finserve Limited,Financial Services,Capital Markets,670.7000122070312,False,152.94000000000003,False,True,66.32,65.44,True,,False,HOLD
BOSCH-HCIL,Bosch Home Comfort India Limited,Consumer Cyclical,"Furnishings, Fixtures & Appliances",1709.0999755859375,False,115.11,False,True,-13.04,-7.4,False,,False,EXIT
NETWORK18,Network18 Media & Investments Limited,Communication Services,Entertainment,29.31999969482422,False,223.24,False,False,-35.92,-55.03,False,9297.0,False,EXIT
DHANUKA,Dhanuka Agritech Limited,Basic Materials,Agricultural Inputs,1015.5,False,229.57,False,False,-41.39,-42.31,False,2035.0,True,EXIT
IDEAFORGE,ideaForge Technology Limited,Technology,Computer Hardware,897.75,False,143.11,False,True,105.26,104.04,True,317.0,False,HOLD
RESPONIND,Responsive Industries Limited,Basic Materials,Specialty Chemicals,169.3800048828125,False,148.42000000000002,False,False,-20.01,-20.99,False,2515.0,False,EXIT
HIRECT,Hind Rectifiers Limited,Industrials,Electrical Equipment & Parts,1293.0,True,44.68,True,True,34.61,35.18,True,655.0,True,ADD
SYMPHONY,Symphony Limited,Consumer Cyclical,"Furnishings, Fixtures & Appliances",645.7000122070312,False,320.0,True,False,-44.2,-38.49,False,1576.0,True,EXIT
VIPIND,V.I.P. Industries Limited,Consumer Cyclical,Footwear & Accessories,319.5,False,338.01,True,False,-36.48,-30.78,False,2245.0,False,EXIT
NRBBEARING,NRB Bearings Limited,Consumer Cyclical,Auto Parts,478.25,True,142.75,False,True,59.18,64.65,True,1078.0,True,HOLD
MARINE,Marine Electricals (India) Limited,Industrials,Electrical Equipment & Parts,355.1499938964844,True,60.13,True,True,99.87,100.29,True,767.0,True,ADD
NORTHARC,Northern Arc Capital Limited,Financial Services,Credit Services,285.3500061035156,False,428.64,False,True,22.01,21.32,True,,False,HOLD
RAYMONDLSL,Raymond Lifestyle Limited,Consumer Cyclical,Apparel Manufacturing,728.5499877929688,False,137.33,True,False,-44.38,-38.66,False,6535.0,False,EXIT
CAPILLARY,CAPILLARY,Technology,Software - Infrastructure,521.5499877929688,False,71.45,True,False,,,False,598.0,True,EXIT
ELECTCAST,Electrosteel Castings Limited,Industrials,Building Products & Equipment,74.2699966430664,False,205.2,False,False,-32.77,-32.05,False,7478.0,False,EXIT
HAWKINCOOK,Hawkins Cookers Limited,Consumer Cyclical,"Furnishings, Fixtures & Appliances",8382.5,False,103.68,False,False,,,False,,False,EXIT
GMMPFAUDLR,GMM Pfaudler Limited,Industrials,Specialty Industrial Machinery,993.5999755859375,False,63.269999999999996,False,True,-29.09,-28.37,False,3446.0,False,EXIT
TEXRAIL,Texmaco Rail & Engineering Limited,Industrials,Railroads,107.3499984741211,False,215.19,False,False,-28.85,-28.14,False,5107.0,True,EXIT
EMUDHRA,eMudhra Limited,Technology,Software - Application,530.0,False,114.66,True,True,-36.73,-37.09,False,519.0,True,HOLD
RPGLIFE,RPG Life Sciences Limited,Healthcare,Drug Manufacturers - Specialty & Generic,2638.0,False,109.07999999999998,False,True,-3.25,6.91,False,653.0,True,EXIT
MOREPENLAB,Morepen Laboratories Limited,Healthcare,Drug Manufacturers - Specialty & Generic,79.16000366210938,False,94.87,False,True,52.34,62.13,True,1812.0,True,HOLD
SUNTECK,Sunteck Realty Limited,Real Estate,Real Estate - Development,298.54998779296875,False,197.36,True,False,-11.41,-28.16,False,808.0,True,EXIT
RTNINDIA,RattanIndia Enterprises Limited,Consumer Cyclical,Internet Retail,31.260000228881836,False,1170.8600000000001,True,False,-50.9,-45.18,False,6866.0,True,EXIT
BANARISUG,Bannari Amman Sugars Limited,Consumer Defensive,Confectioners,3477.10009765625,False,147.92000000000002,False,False,-8.14,-13.53,False,,False,EXIT
SWARAJENG,Swaraj Engines Limited,Consumer Cyclical,Auto Parts,3602.300048828125,False,202.16,False,False,-18.79,-13.14,False,,False,EXIT
CMSINFO,CMS Info Systems Limited,Industrials,Specialty Business Services,279.3500061035156,False,327.6,False,False,-43.64,-42.9,False,2425.0,True,EXIT
AVANTEL,Avantel Limited,Technology,Communication Equipment,162.2899932861328,False,16.13,False,True,24.43,23.7,True,249.0,True,HOLD
JUNIPER,Juniper Hotels Limited,Consumer Cyclical,Lodging,196.1300048828125,False,141.61,True,False,-42.17,-36.46,False,944.0,True,EXIT
MIDWESTLTD,MIDWESTLTD,Basic Materials,Building Materials,1187.0999755859375,False,115.20000000000002,False,False,,,False,370.0,True,EXIT
RAMRAT,Ram Ratna Wires Limited,Industrials,Electrical Equipment & Parts,457.79998779296875,True,107.06,True,True,29.21,29.79,True,3677.0,True,ADD
BAJAJELEC,Bajaj Electricals Limited,Consumer Cyclical,"Furnishings, Fixtures & Appliances",363.1000061035156,False,161.58999999999997,False,False,-49.38,-43.66,False,6662.0,False,EXIT
WAKEFIT,WAKEFIT,Consumer Cyclical,"Furnishings, Fixtures & Appliances",127.16999816894531,False,182.20999999999998,False,False,,,False,,False,EXIT
SANGHVIMOV,Sanghvi Movers Limited,Industrials,Rental & Leasing Services,511.3999938964844,False,199.28000000000003,True,True,59.9,60.41,True,782.0,True,HOLD
GUFICBIO,Gufic Biosciences Limited,Healthcare,Drug Manufacturers - Specialty & Generic,433.0,False,64.21000000000001,False,True,3.96,14.07,True,820.0,True,HOLD
WEBELSOLAR,Websol Energy System Limited,Technology,Solar,94.48999786376953,False,256.64,True,False,-33.65,-34.03,False,575.0,True,EXIT
AYE,AYE,Financial Services,Credit Services,177.94000244140625,False,225.01,False,False,,,False,,False,EXIT
FOSECOIND,Foseco India Limited,Basic Materials,Chemicals,5571.0,False,87.01,True,True,10.67,9.61,True,643.0,True,HOLD
MANINDS,Man Industries (India) Limited,Basic Materials,Steel,549.5,False,170.49,False,True,26.23,25.12,True,3505.0,True,HOLD
MSTCLTD,MSTC Limited,Industrials,Conglomerates,582.25,False,218.43,False,True,17.48,18.09,True,5689.0,False,HOLD
NACLIND,NACL Industries Limited,Basic Materials,Agricultural Inputs,177.97999572753906,False,31.86,False,True,-45.25,-46.16,False,2116.0,False,EXIT
RALLIS,Rallis India Limited,Basic Materials,Agricultural Inputs,213.13999938964844,False,237.0,False,False,-45.32,-46.22,False,2967.0,False,EXIT
BAJAJHIND,Bajaj Hindusthan Sugar Limited,Consumer Defensive,Confectioners,18.100000381469727,False,684.3100000000001,True,False,-20.89,-26.2,False,6806.0,False,EXIT
LASERPOWER,LASERPOWER,Industrials,Electrical Equipment & Parts,302.54998779296875,True,0.0,False,False,,,False,,False,EXIT
ROSSTECH,Rossell Techsys Limited,Industrials,Aerospace & Defense,1094.5,True,25.740000000000002,False,True,74.47,74.95,True,260.0,True,HOLD
ELLEN,ELLEN,Basic Materials,Chemicals,295.70001220703125,False,103.94,False,False,-48.17,-49.06,False,,False,EXIT
KERNEX,Kernex Microsystems (India) Limited,Technology,Software - Application,2310.10009765625,False,88.33,True,True,108.23,106.98,True,190.0,True,HOLD
ROLEXRINGS,Rolex Rings Limited,Industrials,Metal Fabrication,155.25999450683594,False,141.4,False,True,3.34,3.98,True,,False,HOLD
RAYMOND,Raymond Limited,Industrials,Specialty Industrial Machinery,627.0,False,5462.66,False,True,-5.13,-4.48,False,8215.0,False,EXIT
TRUALT,TRUALT,Energy,Oil & Gas Refining & Marketing,478.5,False,192.16,True,True,,,False,1908.0,True,HOLD
DEEPINDS,Deep Industries Limited,Energy,Oil & Gas E&P,647.9500122070312,True,235.19,False,True,9.06,15.85,True,477.0,True,HOLD
VAIBHAVGBL,Vaibhav Global Limited,Consumer Cyclical,Luxury Goods,238.4499969482422,False,274.95,False,True,-3.33,2.28,False,3380.0,True,EXIT
ORIENTELEC,Orient Electric Limited,Consumer Cyclical,"Furnishings, Fixtures & Appliances",189.75,False,115.27,False,True,-19.36,-13.71,False,,False,EXIT
SANATHAN,SANATHAN,Consumer Cyclical,Textile Manufacturing,481.8999938964844,False,86.89,False,True,-8.37,-2.75,False,3329.0,False,EXIT
INDOTECH,Indo Tech Transformers Limited,Industrials,Electrical Equipment & Parts,3804.39990234375,True,92.77,False,True,136.45,136.79,True,,False,HOLD
SANDHAR,Sandhar Technologies Limited,Consumer Cyclical,Auto Parts,654.0999755859375,False,198.66,True,True,39.22,44.73,True,3884.0,True,HOLD
MOSCHIP,MOSCHIP,Technology,Semiconductor Equipment & Materials,204.4199981689453,False,25.66,False,False,24.91,24.18,True,387.0,True,EXIT
TATVA,Tatva Chintan Pharma Chem Limited,Basic Materials,Specialty Chemicals,1775.5999755859375,False,51.38,False,True,65.82,64.59,True,434.0,False,HOLD
REFEX,Refex Industries Limited,Energy,Thermal Coal,296.70001220703125,False,229.71000000000004,True,True,-42.51,-34.28,False,2468.0,True,HOLD
AURIONPRO,Aurionpro Solutions Limited,Technology,Software - Application,730.0,False,200.82,True,False,-53.45,-53.71,False,1173.0,True,EXIT
GHCL,GHCL Limited,Basic Materials,Chemicals,434.45001220703125,False,557.61,False,False,-25.63,-26.59,False,4545.0,False,EXIT
MAHLOG,Mahindra Logistics Limited,Industrials,Integrated Freight & Logistics,411.3500061035156,False,59.629999999999995,False,True,21.36,21.96,True,6105.0,True,HOLD
NOVARTIND,Novartis India Limited,Healthcare,Drug Manufacturers - Specialty & Generic,1607.4000244140625,False,73.55,False,False,,,False,,False,EXIT
STYRENIX,Styrenix Performance Materials Limited,Basic Materials,Chemicals,2264.800048828125,False,186.46000000000004,False,True,-22.99,-23.96,False,2982.0,True,EXIT
WSTCSTPAPR,West Coast Paper Mills Limited,Basic Materials,Paper & Paper Products,586.25,False,150.59,False,True,13.76,12.69,True,4921.0,False,HOLD
KIRLOSIND,Kirloskar Industries Limited,Industrials,Metal Fabrication,3771.5,False,158.92,False,True,-15.55,-14.86,False,6629.0,True,EXIT
63MOONS,63 moons technologies limited,Technology,Software - Application,861.0999755859375,False,56.26,False,True,-10.99,-11.51,False,568.0,False,EXIT
VISHNU,Vishnu Chemicals Limited,Basic Materials,Specialty Chemicals,584.2999877929688,False,142.26,False,True,17.97,16.88,True,1447.0,True,HOLD
KOLTEPATIL,Kolte-Patil Developers Limited,Real Estate,Real Estate - Development,462.20001220703125,False,97.2,False,True,25.86,8.66,True,1717.0,True,HOLD
KNRCON,KNR Constructions Limited,Industrials,Engineering & Construction,142.69000244140625,False,437.0799999999999,False,True,-38.12,-37.39,False,4753.0,True,EXIT
HEMIPROP,Hemisphere Properties India Limited,Real Estate,Real Estate - Diversified,136.91000366210938,False,8.66,False,False,15.09,-1.99,False,,False,EXIT
PACEDIGITK,Pace Digitek Limited,Technology,Communication Equipment,178.14999389648438,False,296.31,False,False,,,False,2321.0,False,EXIT
CMLL,CMLL,Energy,Thermal Coal,572.4500122070312,True,0.0,False,False,,,False,,False,EXIT
JINDWORLD,Jindal Worldwide Limited,Consumer Cyclical,Textile Manufacturing,37.2599983215332,False,84.77,False,True,-6.46,-0.83,False,2559.0,False,EXIT
KSCL,Kaveri Seed Company Limited,Basic Materials,Agricultural Inputs,763.2999877929688,False,382.32,True,False,-34.01,-34.95,False,1202.0,True,EXIT
SEAMECLTD,Seamec Limited,Industrials,Marine Shipping,1533.800048828125,False,306.35,True,True,87.09,87.54,True,729.0,False,HOLD
GUJTHEM,Gujarat Themis Biosyn Limited,Healthcare,Drug Manufacturers - Specialty & Generic,367.54998779296875,False,46.67,False,False,-7.94,2.25,False,170.0,False,EXIT
VSTTILLERS,V.S.T. Tillers Tractors Limited,Industrials,Farm & Heavy Construction Machinery,4489.0,False,104.72,False,False,-5.67,-5.01,False,1006.0,False,EXIT
HARSHA,Harsha Engineers International Limited,Industrials,Tools & Accessories,432.6000061035156,False,155.2,True,True,-2.23,-1.58,False,1408.0,True,HOLD
SAMHI,SAMHI Hotels Limited,Consumer Cyclical,Lodging,169.8000030517578,False,456.43000000000006,True,False,-34.85,-29.16,False,1130.0,True,EXIT
JTEKTINDIA,JTEKT India Limited,Consumer Cyclical,Auto Parts,142.6199951171875,False,76.9,False,True,0.3,5.9,True,2044.0,True,HOLD
INDIQUBE,INDIQUBE,Real Estate,Real Estate Services,185.52000427246094,False,100.92,False,True,-3.08,-19.92,False,,False,EXIT
ZOTA,Zota Health Care Limited,Healthcare,Biotechnology,1272.0999755859375,False,70.88,True,False,-10.23,-0.02,False,292.0,True,EXIT
TARC,TARC Limited,Real Estate,Real Estate - Development,131.3800048828125,False,92.64,True,False,-9.27,-26.04,False,369.0,False,EXIT
SPECTRUM,SPECTRUM,Industrials,Electrical Equipment & Parts,2530.199951171875,True,50.11,False,True,63.96,64.47,True,397.0,True,HOLD
PSPPROJECT,PSP Projects Limited,Industrials,Engineering & Construction,945.9000244140625,False,57.68,False,True,31.77,32.35,True,2512.0,True,HOLD
LUXIND,Lux Industries Limited,Consumer Cyclical,Apparel Manufacturing,1244.9000244140625,False,103.81,False,True,-17.11,-11.46,False,2583.0,True,EXIT
AARTIDRUGS,Aarti Drugs Limited,Healthcare,Drug Manufacturers - Specialty & Generic,422.54998779296875,False,191.18,False,True,-30.2,-19.86,False,2716.0,False,EXIT
ANUP,The Anup Engineering Limited,Industrials,Specialty Industrial Machinery,1866.800048828125,False,110.38000000000001,False,False,-25.69,-24.99,False,733.0,True,EXIT
SINDHUTRAD,Sindhu Trade Links Limited,Industrials,Conglomerates,24.469999313354492,False,57.44,False,True,-9.24,-8.57,False,1140.0,False,EXIT
AGIIL,AGI Infra Limited,Real Estate,Real Estate - Development,298.45001220703125,False,94.86,True,False,52.5,34.96,True,325.0,True,HOLD
ASHIANA,Ashiana Housing Limited,Real Estate,Real Estate - Development,382.95001220703125,False,117.88999999999999,True,True,33.77,16.46,True,944.0,False,HOLD
JKIL,J. Kumar Infraprojects Limited,Industrials,Engineering & Construction,498.6499938964844,False,410.04,True,False,-34.39,-33.67,False,5693.0,True,EXIT
DBCORP,D. B. Corp Limited,Communication Services,Publishing,211.27999877929688,False,339.26,False,False,-7.92,-27.41,False,2463.0,False,EXIT
EIEL,EIEL,Industrials,Engineering & Construction,215.6300048828125,False,207.46999999999997,False,True,-22.77,-22.07,False,1046.0,True,EXIT
VSTIND,VST Industries Limited,Consumer Defensive,Tobacco,219.60000610351562,False,275.47,True,False,-22.07,-27.38,False,471.0,True,EXIT
OSWALPUMPS,OSWALPUMPS,Industrials,Electrical Equipment & Parts,306.29998779296875,False,376.27000000000004,False,False,-67.19,-66.39,False,1430.0,True,EXIT
KSL,Kalyani Steels Limited,Basic Materials,Steel,834.9000244140625,False,257.86,True,True,-11.63,-12.63,False,1982.0,True,HOLD
INDOSTAR,IndoStar Capital Finance Limited,Financial Services,Credit Services,242.10000610351562,False,989.2800000000001,True,True,-17.1,-17.61,False,,False,HOLD
BHAGCHEM,Bhagiradha Chemicals & Industries Limited,Basic Materials,Agricultural Inputs,285.3500061035156,False,18.17,False,True,-5.24,-6.26,False,502.0,False,EXIT
FILATEX,Filatex India Limited,Consumer Cyclical,Textile Manufacturing,84.77999877929688,True,191.11,True,True,48.83,54.32,True,4252.0,True,ADD
SHAREINDIA,Share India Securities Limited,Financial Services,Capital Markets,167.8699951171875,False,354.71000000000004,False,True,-2.82,-3.4,False,1483.0,False,EXIT
POCL,Pondy Oxides And Chemicals Limited,Basic Materials,Specialty Chemicals,483.25,False,98.0,False,False,7.8,6.75,True,2057.0,True,EXIT
UNIPARTS,Uniparts India Limited,Industrials,Farm & Heavy Construction Machinery,824.7999877929688,True,158.3,True,True,137.03,137.37,True,929.0,False,ADD
ADVENZYMES,Advanced Enzyme Technologies Limited,Basic Materials,Specialty Chemicals,294.54998779296875,False,168.72000000000003,True,False,-8.1,-9.11,False,637.0,True,EXIT
MUTHOOTMF,MUTHOOTMF,Financial Services,Credit Services,218.4499969482422,False,540.89,False,True,37.45,36.7,True,,False,HOLD
HGINFRA,H.G. Infra Engineering Limited,Industrials,Engineering & Construction,553.9500122070312,False,330.37,False,False,-50.75,-49.99,False,5378.0,False,EXIT
GREENPLY,Greenply Industries Limited,Basic Materials,Lumber & Wood Production,282.70001220703125,False,98.62,False,True,-13.4,-14.39,False,2488.0,True,EXIT
HEIDELBERG,HeidelbergCement India Limited,Basic Materials,Building Materials,155.22000122070312,False,139.59,False,False,-31.02,-31.96,False,,False,EXIT
SMSPHARMA,SMS Pharmaceuticals Limited,Healthcare,Drug Manufacturers - General,371.8999938964844,False,102.4,True,True,50.2,60.0,True,783.0,True,HOLD
UFLEX,Uflex Limited,Consumer Cyclical,Packaging & Containers,492.45001220703125,False,317.1,False,True,-27.76,-22.09,False,15036.0,True,EXIT
NFL,National Fertilizers Limited,Basic Materials,Agricultural Inputs,72.47000122070312,False,361.99,False,False,-26.93,-27.89,False,29587.0,False,EXIT
POLYPLEX,Polyplex Corporation Limited,Basic Materials,Specialty Chemicals,1179.699951171875,False,83.57000000000001,False,True,-0.42,-1.45,False,7652.0,False,EXIT
INDRAMEDCO,Indraprastha Medical Corporation Limited,Healthcare,Medical Care Facilities,390.75,False,175.17,False,False,-29.36,-19.03,False,,False,EXIT
PITTIENG,Pitti Engineering Limited,Industrials,Metal Fabrication,964.5999755859375,False,117.8,False,True,-1.33,-0.68,False,1705.0,True,EXIT
GOPAL,Gopal Snacks Limited,Consumer Defensive,Packaged Foods,273.6000061035156,False,73.64999999999999,False,False,-22.95,-28.25,False,,False,EXIT
PREMEXPLN,Premier Explosives Limited,Basic Materials,Specialty Chemicals,649.1500244140625,False,45.82,True,True,45.52,44.35,True,417.0,True,HOLD
UNICHEMLAB,Unichem Laboratories Limited,Healthcare,Drug Manufacturers - Specialty & Generic,507.1499938964844,False,297.56000000000006,False,True,-14.18,-3.95,False,2111.0,True,EXIT
SAMBHV,SAMBHV,Basic Materials,Steel,121.97000122070312,False,164.8,False,True,-3.42,-4.45,False,1511.0,True,EXIT
UEL,Ujaas Energy Limited,Technology,Solar,270.6700134277344,False,3.93,True,True,116.97,115.67,True,486.0,False,HOLD
WHEELS,Wheels India Limited,Consumer Cyclical,Auto Parts,1411.699951171875,False,163.46,True,True,83.73,89.14,True,4977.0,False,HOLD
CARYSIL,Carysil Limited,Consumer Cyclical,"Furnishings, Fixtures & Appliances",1251.699951171875,True,98.19,True,True,48.33,53.82,True,816.0,True,ADD
MAYURUNIQ,Mayur Uniquoters Limited,Consumer Cyclical,Textile Manufacturing,775.5499877929688,False,191.73,True,True,35.09,40.61,True,880.0,True,HOLD
HERITGFOOD,Heritage Foods Limited,Consumer Defensive,Packaged Foods,362.04998779296875,False,124.32999999999998,False,False,-21.76,-27.07,False,4135.0,True,EXIT
STEELCAS,Steelcast Limited,Basic Materials,Steel,332.54998779296875,True,90.69,False,True,57.8,56.6,True,,False,HOLD
NIITMTS,NIIT Learning Systems Limited,Consumer Defensive,Education & Training Services,249.80999755859375,False,255.82,True,False,-23.62,-28.92,False,1653.0,True,EXIT
ROUTE,Route Mobile Limited,Communication Services,Telecom Services,535.5,False,322.84,False,False,-24.51,-43.77,False,4576.0,True,EXIT
VENUSPIPES,Venus Pipes and Tubes Limited,Basic Materials,Steel,1619.5999755859375,False,101.96000000000001,False,True,17.6,16.52,True,,False,HOLD
ASHOKA,Ashoka Buildcon Limited,Industrials,Engineering & Construction,117.9800033569336,False,2549.9999999999995,True,False,-45.11,-44.36,False,10037.0,True,EXIT
RELTD,Ravindra Energy Limited,Technology,Solar,166.57000732421875,False,80.96000000000001,True,True,11.17,10.52,True,765.0,False,HOLD
FUSION,Fusion Finance Limited,Financial Services,Credit Services,206.16000366210938,False,385.05,False,True,34.74,34.0,True,,False,HOLD
VSSL,Vardhman Special Steels Limited,Basic Materials,Steel,337.6499938964844,True,108.75999999999999,False,True,27.84,26.72,True,1764.0,True,HOLD
DPABHUSHAN,D. P. Abhushan Limited,Consumer Cyclical,Luxury Goods,1474.300048828125,False,239.86,True,True,-20.65,-15.0,False,3307.0,True,HOLD
CRIZAC,CRIZAC,Consumer Defensive,Education & Training Services,186.6199951171875,False,174.38,False,False,-39.62,-44.81,False,849.0,True,EXIT
DALMIASUG,Dalmia Bharat Sugar and Industries Limited,Consumer Defensive,Confectioners,418.95001220703125,False,235.72,False,True,18.28,12.71,True,3725.0,True,HOLD
NITINSPIN,Nitin Spinners Limited,Consumer Cyclical,Textile Manufacturing,558.75,True,177.55,False,True,54.73,60.21,True,,False,HOLD
HLEGLAS,HLE Glascoat Limited,Industrials,Specialty Industrial Machinery,474.5,False,47.77,False,True,3.9,4.54,True,649.0,False,HOLD
BUILDPRO,Shankara Buildpro Limited,Consumer Cyclical,Home Improvement Retail,1273.199951171875,False,102.75999999999999,False,False,,,False,5267.0,True,EXIT
EUROPRATIK,EUROPRATIK,Basic Materials,Building Materials,323.1499938964844,False,81.94,False,True,,,False,284.0,True,EXIT
DIVGIITTS,Divgi TorqTransfer Systems Limited,Consumer Cyclical,Auto Parts,1056.199951171875,True,46.93,False,True,50.15,55.63,True,,False,HOLD
APCOTEXIND,Apcotex Industries Limited,Basic Materials,Specialty Chemicals,622.5999755859375,False,161.20000000000002,True,True,48.5,47.33,True,352.0,False,HOLD
ARSSBL,ARSSBL,Financial Services,Financial Conglomerates,500.6000061035156,False,101.91,False,False,,,False,844.0,True,EXIT
GRAUWEIL,Grauer & Weil (India) Limited,Basic Materials,Specialty Chemicals,67.5999984741211,False,164.01999999999998,False,False,,,False,,False,EXIT
KKCL,Kewal Kiran Clothing Limited,Consumer Cyclical,Apparel Manufacturing,516.5,False,125.57,False,True,-17.3,-11.65,False,1003.0,True,EXIT
UFBL,UFBL,Consumer Cyclical,Restaurants,798.0999755859375,False,45.82,True,True,204.23,209.35,True,1074.0,False,HOLD
NPST,NPST,Technology,Software - Application,1564.9000244140625,False,46.94,False,True,-31.62,-32.01,False,173.0,True,EXIT
WINDMACHIN,Windsor Machines Limited,Industrials,Specialty Industrial Machinery,303.6499938964844,False,25.96,False,True,-8.44,-7.78,False,393.0,False,EXIT
JASH,Jash Engineering Limited,Industrials,Specialty Industrial Machinery,506.45001220703125,False,85.26,False,True,-8.77,-8.11,False,735.0,True,EXIT
WONDERLA,Wonderla Holidays Limited,Consumer Cyclical,Leisure,484.5,False,105.45,False,False,-29.63,-23.95,False,,False,EXIT
MONARCH,Monarch Networth Capital Limited,Financial Services,Capital Markets,393.1499938964844,False,181.19,True,True,12.1,11.46,True,328.0,True,HOLD
SHANTIGEAR,Shanthi Gears Limited,Industrials,Specialty Industrial Machinery,399.3500061035156,False,65.0,False,False,-34.4,-33.68,False,,False,EXIT
BEPL,Bhansali Engineering Polymers Limited,Basic Materials,Chemicals,126.13999938964844,False,205.31,False,True,8.69,7.63,True,1398.0,True,HOLD
POKARNA,Pokarna Limited,Industrials,Building Products & Equipment,959.0,False,80.6,False,True,0.27,0.92,True,925.0,True,HOLD
PANAMAPET,Panama Petrochem Limited,Energy,Oil & Gas Refining & Marketing,528.8499755859375,True,212.5,True,True,39.53,45.48,True,1776.0,True,ADD
ELPROINTL,Elpro International Limited,Unknown,Unknown,175.52999877929688,True,271.30999999999995,False,False,,,False,,False,EXIT
RPSGVENT,RPSG Ventures Limited,Technology,Information Technology Services,909.5999755859375,False,304.16,True,True,-1.44,-2.02,False,9608.0,True,HOLD
JTLIND,JTL Industries Limited,Basic Materials,Steel,77.55000305175781,False,98.86999999999999,False,True,4.57,3.53,True,2040.0,False,HOLD
MMFL,M M Forgings Limited,Industrials,Metal Fabrication,658.25,True,98.12,False,True,106.66,107.06,True,1563.0,False,HOLD
TVSSRICHAK,TVS Srichakra Limited,Consumer Cyclical,Auto Parts,3954.5,False,71.23,False,False,29.43,34.97,True,3254.0,True,EXIT
DCAL,Dishman Carbogen Amcis Limited,Healthcare,Biotechnology,188.3000030517578,False,101.21000000000001,False,False,-36.44,-26.06,False,2712.0,True,EXIT
SANGAMIND,Sangam (India) Limited,Consumer Cyclical,Textile Manufacturing,586.3499755859375,False,121.49,False,True,46.78,52.27,True,2843.0,True,HOLD
DREDGECORP,Dredging Corporation of India Limited,Industrials,Engineering & Construction,1061.800048828125,False,169.05,False,True,60.61,61.12,True,,False,HOLD
PRINCEPIPE,Prince Pipes and Fittings Limited,Industrials,Building Products & Equipment,271.95001220703125,False,106.85999999999999,False,True,-13.06,-12.39,False,,False,EXIT
BALMLAWRIE,Balmer Lawrie & Co. Ltd.,Industrials,Conglomerates,173.82000732421875,False,276.59000000000003,True,False,-22.81,-22.11,False,3254.0,False,EXIT
ARVSMART,Arvind SmartSpaces Limited,Real Estate,Real Estate - Development,658.9500122070312,False,96.44,False,True,21.03,3.88,True,713.0,True,HOLD
DDEVPLSTIK,Ddev Plastiks Industries Limited,Basic Materials,Specialty Chemicals,285.79998779296875,False,201.82000000000002,False,True,-5.17,-6.19,False,,False,EXIT
STALLION,STALLION,Basic Materials,Specialty Chemicals,254.0,False,43.84,False,True,97.94,96.63,True,,False,HOLD
INTERARCH,Interarch Building Solutions Limited,Industrials,Engineering & Construction,1697.0,False,134.52,False,False,-32.7,-31.98,False,,False,EXIT
NAVNETEDUL,Navneet Education Limited,Communication Services,Publishing,132.02000427246094,False,366.0,False,False,8.02,-11.68,False,1781.0,True,EXIT
IMAGICAA,Imagicaaworld Entertainment Limited,Communication Services,Entertainment,49.099998474121094,False,88.78999999999999,False,True,-10.33,-29.79,False,410.0,True,EXIT
RAMCOIND,Ramco Industries Limited,Industrials,Building Products & Equipment,377.20001220703125,True,306.26,True,True,23.73,24.32,True,1659.0,True,ADD
RSYSTEMS,R Systems International Limited,Technology,Information Technology Services,245.0500030517578,False,213.01,True,False,-46.94,-47.24,False,1958.0,True,EXIT
DIAMONDYD,Prataap Snacks Limited,Consumer Defensive,Packaged Foods,1206.4000244140625,False,9.719999999999999,False,True,32.8,27.13,True,1708.0,True,HOLD
BOROLTD,Borosil Limited,Consumer Cyclical,"Furnishings, Fixtures & Appliances",241.0399932861328,False,74.66,False,False,-37.05,-31.35,False,1090.0,True,EXIT
SASKEN,Sasken Technologies Limited,Technology,Information Technology Services,1902.9000244140625,False,53.92999999999999,False,True,27.42,26.67,True,446.0,True,HOLD
RML,Rane (Madras) Limited,Consumer Cyclical,Auto Parts,1055.4000244140625,False,107.48,True,True,17.06,22.62,True,3463.0,False,HOLD
VIMTALABS,Vimta Labs Limited,Healthcare,Diagnostics & Research,645.6500244140625,False,79.66,True,True,-14.37,-4.13,False,318.0,True,HOLD
NSIL,Nalwa Sons Investments Limited,Financial Services,Asset Management,5711.0,False,54.5,False,False,-19.93,-20.43,False,134.0,False,EXIT
CHEMPLASTS,Chemplast Sanmar Limited,Basic Materials,Chemicals,178.57000732421875,False,279.87,False,False,-61.43,-62.29,False,5892.0,False,EXIT
KITEX,Kitex Garments Limited,Consumer Cyclical,Apparel Manufacturing,137.94000244140625,False,35.61,False,False,-30.89,-25.22,False,983.0,True,EXIT
TCPLPACK,TCPL Packaging Limited,Consumer Cyclical,Packaging & Containers,3300.10009765625,False,97.79999999999998,False,True,-16.65,-11.0,False,1770.0,True,EXIT
CARRARO,CARRARO,Consumer Cyclical,Auto Parts,497.79998779296875,False,130.55,True,False,5.46,11.05,True,1808.0,True,HOLD
ADFFOODS,ADF Foods Limited,Consumer Defensive,Packaged Foods,262.95001220703125,False,91.97,True,True,13.69,8.15,True,590.0,True,HOLD
GANECOS,Ganesha Ecosphere Limited,Consumer Cyclical,Textile Manufacturing,1037.5,False,57.49,False,True,-38.02,-32.33,False,1133.0,False,EXIT
ROSSARI,Rossari Biotech Limited,Basic Materials,Specialty Chemicals,508.8999938964844,False,147.44,False,False,-26.3,-27.26,False,2080.0,True,EXIT
SIYSIL,Siyaram Silk Mills Limited,Consumer Cyclical,Textile Manufacturing,620.0,False,237.26,False,True,-5.13,0.49,False,2233.0,False,EXIT
MAITHANALL,Maithan Alloys Limited,Basic Materials,Steel,976.75,False,816.4300000000001,False,False,-12.3,-13.3,False,2989.0,False,EXIT
PARAGMILK,Parag Milk Foods Limited,Consumer Defensive,Packaged Foods,219.8800048828125,False,135.04000000000002,False,False,-3.71,-9.13,False,3432.0,True,EXIT
GATEWAY,Gateway Distriparks Limited,Industrials,Integrated Freight & Logistics,58.040000915527344,False,237.52,False,False,-18.99,-18.3,False,1681.0,True,EXIT
NOCIL,NOCIL Limited,Basic Materials,Specialty Chemicals,167.05999755859375,False,71.27000000000001,False,True,-8.95,-9.96,False,1617.0,False,EXIT
RAMKY,Ramky Infrastructure Limited,Industrials,Engineering & Construction,401.29998779296875,False,271.07000000000005,False,False,-32.14,-31.42,False,2402.0,False,EXIT
BLSE,BLSE,Industrials,Specialty Business Services,314.5,False,57.5,False,True,66.45,66.94,True,519.0,True,HOLD
ANTELOPUS,ANTELOPUS,Energy,Oil & Gas E&P,792.0999755859375,False,132.71,False,True,23.75,30.14,True,,False,HOLD
ORIENTCEM,Orient Cement Limited,Basic Materials,Building Materials,137.27000427246094,False,365.23,False,False,-45.96,-46.87,False,,False,EXIT
JUBLCPL,Jubilant Agri and Consumer Products Limited,Basic Materials,Specialty Chemicals,1782.0,False,127.86000000000001,True,False,-28.21,-29.16,False,1521.0,True,EXIT
HIKAL,Hikal Limited,Healthcare,Drug Manufacturers - Specialty & Generic,224.72000122070312,False,77.6,False,True,-38.86,-28.46,False,2023.0,False,EXIT
KIRIINDUS,Kiri Industries Limited,Basic Materials,Specialty Chemicals,429.70001220703125,False,5566.5,True,False,-27.56,-28.52,False,1497.0,False,EXIT
GSPCROP,GSPCROP,Basic Materials,Agricultural Inputs,595.0,True,43.14,False,False,,,False,1406.0,False,EXIT
ZAGGLE,Zaggle Prepaid Ocean Services Limited,Technology,Software - Infrastructure,203.97999572753906,False,138.07999999999998,True,False,-51.68,-51.94,False,1304.0,True,EXIT
GKENERGY,GKENERGY,Utilities,Utilities - Renewable,133.47000122070312,False,211.81,False,False,,,False,1095.0,True,EXIT
LCL,LCL,Industrials,Specialty Industrial Machinery,519.25,True,0.0,False,False,,,False,,False,EXIT
AUTOAXLES,Automotive Axles Limited,Consumer Cyclical,Auto Parts,1821.4000244140625,False,174.35000000000002,False,True,-1.54,4.07,False,,False,EXIT
EFCIL,EFC (I) Limited,Real Estate,Real Estate Services,183.58999633789062,False,246.27,True,False,,,False,657.0,True,EXIT
FMGOETZE,Federal-Mogul Goetze (India) Limited,Consumer Cyclical,Auto Parts,491.25,False,170.65,True,True,-18.52,-12.87,False,1769.0,True,HOLD
SUNCLAY,Sundaram-Clayton Limited,Industrials,Metal Fabrication,1234.5,False,602.01,True,False,-34.58,-33.86,False,2109.0,True,EXIT
PATELENG,Patel Engineering Limited,Industrials,Engineering & Construction,29.540000915527344,False,269.15999999999997,False,False,-25.52,-24.82,False,5008.0,True,EXIT
SPORTKING,Sportking India Limited,Consumer Cyclical,Textile Manufacturing,209.94000244140625,False,120.78,False,True,86.57,91.97,True,,False,HOLD
MEDIASSIST,MEDIASSIST,Healthcare,Healthcare Plans,353.0,False,87.96000000000001,False,False,-51.02,-40.54,False,151.0,True,EXIT
MUFIN,Mufin Green Finance Limited,Financial Services,Credit Services,137.7899932861328,False,27.330000000000002,True,True,51.61,50.79,True,,False,HOLD
JINDALPOLY,Jindal Poly Films Limited,Consumer Cyclical,Packaging & Containers,628.5,False,325.08,False,True,6.99,12.58,True,7557.0,False,HOLD
TALBROAUTO,Talbros Automotive Components Limited,Consumer Cyclical,Auto Parts,422.04998779296875,True,104.12,False,True,49.29,54.77,True,827.0,True,HOLD
CONFIPET,Confidence Petroleum India Limited,Energy,Oil & Gas Refining & Marketing,82.73999786376953,False,92.89,False,True,58.33,63.76,True,3146.0,True,HOLD
RAJRATAN,Rajratan Global Wire Limited,Basic Materials,Steel,527.2000122070312,False,72.6,False,True,50.38,49.2,True,935.0,True,HOLD
FLAIR,FLAIR,Industrials,Business Equipment & Supplies,251.35000610351562,False,132.95,False,False,-27.54,-26.83,False,1080.0,True,EXIT
RHETAN,Rhetan TMT Limited,Basic Materials,Steel,33.7599983215332,True,10.299999999999999,False,True,,,False,,False,EXIT
VINDHYATEL,Vindhya Telelinks Limited,Industrials,Engineering & Construction,2438.39990234375,False,222.25,False,True,56.66,57.18,True,4088.0,False,HOLD
ORISSAMINE,The Orissa Minerals Development Company Limited,Basic Materials,Steel,4450.7001953125,False,17.88,False,True,-10.5,-11.5,False,,False,EXIT
STOVEKRAFT,Stove Kraft Limited,Consumer Cyclical,"Furnishings, Fixtures & Appliances",808.8499755859375,False,41.989999999999995,False,True,22.58,28.13,True,1448.0,True,HOLD
INDNIPPON,India Nippon Electricals Limited,Consumer Cyclical,Auto Parts,1124.300048828125,False,111.16999999999999,True,True,30.66,36.19,True,845.0,True,HOLD
GLOBUSSPR,Globus Spirits Limited,Consumer Defensive,Beverages - Wineries & Distilleries,889.5999755859375,False,100.53,False,False,-23.98,-29.27,False,2537.0,True,EXIT
BBL,Bharat Bijlee Limited,Industrials,Electrical Equipment & Parts,2299.5,False,111.48999999999998,False,False,-24.33,-23.63,False,1902.0,True,EXIT
NILKAMAL,Nilkamal Limited,Consumer Cyclical,"Furnishings, Fixtures & Appliances",1731.300048828125,False,115.58999999999999,False,True,-5.95,-0.33,False,3313.0,True,EXIT
SPAL,S.P. Apparels Limited,Consumer Cyclical,Apparel Manufacturing,1067.949951171875,False,100.94,True,True,32.73,38.25,True,1395.0,True,HOLD
MARATHON,Marathon Nextgen Realty Limited,Real Estate,Real Estate - Development,380.1499938964844,False,202.95999999999998,False,False,-30.23,-46.74,False,717.0,False,EXIT
ARKADE,ARKADE,Real Estate,Real Estate - Development,134.5399932861328,False,211.76999999999998,False,True,-16.01,-32.7,False,683.0,True,EXIT
EVEREADY,Eveready Industries India Limited,Industrials,Electrical Equipment & Parts,350.6000061035156,False,187.34999999999997,True,True,-20.71,-20.02,False,1458.0,False,HOLD
ADOR,Ador Welding Limited,Industrials,Specialty Industrial Machinery,1518.4000244140625,False,92.47000000000001,False,True,43.53,44.08,True,1117.0,True,HOLD
MANGLMCEM,Mangalam Cement Limited,Basic Materials,Building Materials,901.5,False,128.95,False,True,18.99,17.9,True,,False,HOLD
XPROINDIA,Xpro India Limited,Basic Materials,Specialty Chemicals,1068.0999755859375,False,32.660000000000004,False,False,-10.3,-11.3,False,533.0,True,EXIT
SUNDROP,Sundrop Brands Limited,Consumer Defensive,Packaged Foods,662.4000244140625,False,24.31,False,False,-16.74,-22.08,False,916.0,False,EXIT
SIRCA,Sirca Paints India Limited,Basic Materials,Specialty Chemicals,453.20001220703125,False,67.02000000000001,True,False,-4.75,-5.77,False,372.0,True,EXIT
PARKHOTELS,PARKHOTELS,Consumer Cyclical,Lodging,120.75,False,65.67999999999999,False,False,-33.58,-27.89,False,631.0,True,EXIT
KNACK,KNACK,Consumer Cyclical,Packaging & Containers,215.32000732421875,True,0.0,False,False,,,False,,False,EXIT
SATIN,Satin Creditcare Network Limited,Financial Services,Credit Services,226.88999938964844,False,401.70000000000005,False,True,53.71,52.88,True,,False,HOLD
VEEDOL,Veedol Corporation Limited,Basic Materials,Specialty Chemicals,1524.5999755859375,False,191.62,True,True,-11.9,-12.9,False,1970.0,True,HOLD
PANACEABIO,Panacea Biotec Limited,Healthcare,Biotechnology,404.29998779296875,False,22.470000000000002,False,False,-17.3,-7.05,False,679.0,False,EXIT
UTKARSHBNK,Utkarsh Small Finance Bank Limited,Financial Services,Banks - Regional,14.020000457763672,False,945.4200000000001,False,False,-37.54,-37.96,False,,False,EXIT
RANEHOLDIN,Rane Holdings Limited,Consumer Cyclical,Auto Parts,1748.9000244140625,False,198.99,False,True,9.67,15.26,True,4382.0,True,HOLD
SAIPARENT,SAIPARENT,Healthcare,Drug Manufacturers - General,587.5,False,0.0,False,False,,,False,163.0,True,EXIT
HUBTOWN,Hubtown Limited,Real Estate,Real Estate - Development,178.74000549316406,False,148.49,True,False,-36.08,-52.52,False,564.0,False,EXIT
FISCHER,Fischer Medical Ventures Limited,Healthcare,Medical Devices,38.97999954223633,False,32.67,True,False,-75.97,-65.33,False,111.0,True,EXIT
VERANDA,Veranda Learning Solutions Limited,Consumer Defensive,Education & Training Services,246.6999969482422,False,24.72,True,True,6.89,1.39,True,471.0,True,HOLD
SILVERTUC,Silver Touch Technologies Limited,Technology,Information Technology Services,203.17999267578125,False,41.68,True,False,-78.18,-78.29,False,288.0,True,EXIT
BOMDYEING,The Bombay Dyeing and Manufacturing Company Limited,Consumer Cyclical,Textile Manufacturing,119.94999694824219,False,46.620000000000005,False,False,-36.31,-30.62,False,4430.0,False,EXIT
EPACKPEB,EPACKPEB,Industrials,Engineering & Construction,251.25,False,96.63,False,True,,,False,1134.0,True,EXIT
RISHABH,Rishabh Instruments Limited,Technology,Scientific & Technical Instruments,671.9000244140625,True,81.53,False,True,125.58,124.23,True,720.0,True,HOLD
RAJESHEXPO,Rajesh Exports Limited,Consumer Cyclical,Luxury Goods,81.94000244140625,False,238.56,False,False,-65.25,-59.49,False,423099.0,True,EXIT
KICL,Kalyani Investment Company Limited,Financial Services,Asset Management,5423.5,False,43.13,False,True,6.55,5.94,True,78.0,True,HOLD
GIPCL,Gujarat Industries Power Company Limited,Utilities,Utilities - Regulated Electric,164.72999572753906,False,408.82000000000005,True,True,-9.2,-20.46,False,1416.0,False,HOLD
INA,Insolation Energy Limited,Technology,Solar,107.87000274658203,False,181.7,True,False,,,False,1334.0,True,EXIT
AJMERA,Ajmera Realty & Infra India Limited,Real Estate,Real Estate - Development,123.04000091552734,False,149.79000000000002,True,False,-17.16,-33.83,False,738.0,True,EXIT
CAMLINFINE,Camlin Fine Sciences Limited,Basic Materials,Specialty Chemicals,124.37000274658203,False,148.77,True,False,-52.67,-53.56,False,1682.0,False,EXIT
SOLARA,Solara Active Pharma Sciences Limited,Healthcare,Drug Manufacturers - Specialty & Generic,514.2000122070312,False,53.44,False,False,-28.64,-18.31,False,1617.0,False,EXIT
THEJO,Thejo Engineering Limited,Industrials,Specialty Industrial Machinery,2215.199951171875,False,49.25,False,True,-8.9,-8.24,False,559.0,False,EXIT
TASTYBITE,Tasty Bite Eatables Limited,Consumer Defensive,Packaged Foods,9524.5,False,35.300000000000004,False,True,-11.97,-17.34,False,,False,EXIT
ADVAIT,Advait Energy Transitions Limited,Industrials,Specialty Industrial Machinery,2186.89990234375,False,53.17,True,False,,,False,399.0,True,EXIT
RAMCOSYS,Ramco Systems Limited,Technology,Software - Application,669.75,False,41.5,False,True,68.07,67.07,True,626.0,False,HOLD
BETA,BETA,Healthcare,Drug Manufacturers - Specialty & Generic,2504.0,True,45.59,True,True,29.13,39.07,True,362.0,True,ADD
REPCOHOME,Repco Home Finance Limited,Financial Services,Mortgage Finance,380.8500061035156,False,475.41999999999996,True,False,-6.9,-7.46,False,,False,EXIT
EASEMYTRIP,Easy Trip Planners Limited,Consumer Cyclical,Travel Services,6.539999961853027,False,53.45,False,False,-39.7,-34.0,False,1049.0,False,EXIT
STYLEBAAZA,Baazar Style Retail Limited,Consumer Cyclical,Apparel Retail,336.6499938964844,False,98.15,True,True,-1.08,4.53,False,1344.0,True,HOLD
NITCO,NITCO Limited,Industrials,Building Products & Equipment,96.91000366210938,False,68.16,False,True,-27.13,-26.42,False,885.0,False,EXIT
GANDHAR,Gandhar Oil Refinery (India) Limited,Energy,Oil & Gas Refining & Marketing,236.82000732421875,False,301.42,False,True,43.7,49.54,True,4113.0,False,HOLD
GREENPANEL,Greenpanel Industries Limited,Basic Materials,Lumber & Wood Production,190.05999755859375,False,52.349999999999994,False,False,-34.42,-35.36,False,1783.0,False,EXIT
PIXTRANS,PIX Transmissions Limited,Industrials,Specialty Industrial Machinery,1986.5,False,106.88,False,True,24.3,24.89,True,589.0,True,HOLD
SHK,S H Kelkar and Company Limited,Basic Materials,Specialty Chemicals,170.88999938964844,False,89.09,False,True,-33.55,-34.48,False,2123.0,True,EXIT
COSMOFIRST,Cosmo First Limited,Consumer Cyclical,Packaging & Containers,927.1500244140625,False,155.97,False,True,-20.96,-15.3,False,3065.0,False,EXIT
PRAKASH,Prakash Industries Limited,Basic Materials,Steel,130.22999572753906,False,333.14,False,False,-31.29,-32.23,False,2935.0,True,EXIT
PROTEAN,Protean eGov Technologies Limited,Technology,Information Technology Services,566.9000244140625,False,97.13,False,False,-29.22,-29.63,False,882.0,False,EXIT
BRIGHOTEL,BRIGHOTEL,Consumer Cyclical,Lodging,59.90999984741211,False,318.84,False,False,-39.33,-33.63,False,404.0,True,EXIT
SPANDANA,Spandana Sphoorty Financial Limited,Financial Services,Credit Services,252.6999969482422,False,472.33,False,True,-1.92,-2.5,False,,False,EXIT
ORIENTHOT,Oriental Hotels Limited,Consumer Cyclical,Lodging,126.12000274658203,False,65.27999999999999,False,True,-20.27,-14.61,False,440.0,True,EXIT
MOLDTKPAC,Mold-Tek Packaging Limited,Consumer Cyclical,Packaging & Containers,681.5999755859375,False,82.69,True,True,-25.03,-19.37,False,631.0,True,HOLD
APOLLOPIPE,Apollo Pipes Limited,Industrials,Building Products & Equipment,507.25,False,20.96,False,True,24.08,24.67,True,1182.0,True,HOLD
SANSTAR,SANSTAR,Basic Materials,Chemicals,112.95999908447266,False,34.82,False,True,27.24,26.12,True,1110.0,False,HOLD
JISLJALEQS,Jain Irrigation Systems Limited,Industrials,Conglomerates,28.299999237060547,False,96.71,False,False,-45.02,-44.27,False,8536.0,False,EXIT
PRABHA,Prabha Energy Limited,Energy,Oil & Gas E&P,157.55999755859375,False,1.5,True,False,-56.05,-47.45,False,33.45,False,EXIT
GNA,G N A Axles Limited,Consumer Cyclical,Auto Parts,538.7000122070312,False,132.23000000000002,True,True,69.09,74.53,True,1583.0,False,HOLD
SAGCEM,Sagar Cements Limited,Basic Materials,Building Materials,172.08999633789062,False,169.51,False,False,-28.85,-29.8,False,2505.0,False,EXIT
TAJGVK,TAJGVK Hotels & Resorts Limited,Consumer Cyclical,Lodging,353.8999938964844,False,415.95000000000005,True,False,-24.89,-19.22,False,450.0,True,EXIT
BHARATRAS,Bharat Rasayan Limited,Basic Materials,Agricultural Inputs,1370.300048828125,False,145.72,False,False,-52.53,-53.41,False,1301.0,False,EXIT
PARACABLES,Paramount Communications Limited,Technology,Communication Equipment,67.37000274658203,False,59.75,False,True,23.97,23.24,True,1555.0,True,HOLD
JNKINDIA,JNK India Limited,Industrials,Specialty Industrial Machinery,413.3500061035156,False,65.36999999999999,False,True,37.12,37.68,True,480.0,False,HOLD
SHRINGARMS,Shringar House of Mangalsutra Limited,Consumer Cyclical,Luxury Goods,233.7899932861328,False,102.21000000000001,False,True,,,False,,False,EXIT
EMSLIMITED,EMS Limited,Industrials,Engineering & Construction,398.8500061035156,False,90.53999999999999,False,True,-37.85,-37.11,False,966.0,True,EXIT
BAJEL,Bajel Projects Limited,Utilities,Utilities - Regulated Electric,191.92999267578125,False,21.12,True,True,-13.28,-24.44,False,2598.0,True,HOLD
LANDMARK,Landmark Cars Limited,Consumer Cyclical,Auto & Truck Dealerships,561.3499755859375,False,37.31,False,True,3.09,8.69,True,765.0,False,HOLD
VENKEYS,Venky's (India) Limited,Consumer Defensive,Farm Products,1565.0,False,192.31,False,True,3.48,-2.0,False,,False,EXIT
EXICOM,Exicom Tele-Systems Limited,Industrials,Electrical Equipment & Parts,153.22000122070312,False,274.13,True,True,1.43,2.08,True,1020.0,False,HOLD
EPACK,EPACK Durable Limited,Consumer Cyclical,"Furnishings, Fixtures & Appliances",231.27999877929688,False,47.75,False,False,-53.02,-47.29,False,2171.0,True,EXIT
HPL,HPL Electric & Power Limited,Industrials,Electrical Equipment & Parts,339.5,False,91.00999999999999,False,False,-46.57,-45.82,False,1700.0,True,EXIT
NIBE,Nibe Limited,Industrials,Conglomerates,1399.5,False,56.629999999999995,True,True,-9.03,-8.36,False,507.0,True,HOLD
NELCO,Nelco Limited,Technology,Communication Equipment,1007.5999755859375,False,6.419999999999999,False,True,9.07,8.43,True,320.0,False,HOLD
ALEMBICLTD,Alembic Limited,Real Estate,Real Estate - Development,84.83999633789062,False,317.39,False,False,-9.51,-26.27,False,1121.0,False,EXIT
GOCLCORP,GOCL Corporation Limited,Basic Materials,Specialty Chemicals,428.20001220703125,False,1522.0,True,True,22.75,21.65,True,1233.0,False,HOLD
JGCHEM,JGCHEM,Basic Materials,Other Industrial Metals & Mining,622.2000122070312,True,65.87,False,True,25.13,24.02,True,847.0,True,HOLD
VINCOFE,Vintage Coffee and Beverages Limited,Consumer Defensive,Beverages - Non-Alcoholic,147.11000061035156,False,78.74,True,False,3.02,-2.46,False,309.0,True,EXIT
PENIND,Pennar Industries Limited,Industrials,Specialty Industrial Machinery,161.49000549316406,False,138.81,True,False,-33.57,-32.84,False,3227.0,True,EXIT
GEOJITFSL,Geojit Financial Services Limited,Financial Services,Capital Markets,77.66000366210938,False,77.85,False,True,2.96,2.35,True,481.0,False,HOLD
ARMANFIN,Arman Financial Services Limited,Financial Services,Credit Services,1984.4000244140625,False,85.75999999999999,True,True,28.82,28.1,True,,False,HOLD
TCIEXP,TCI Express Limited,Industrials,Integrated Freight & Logistics,546.2000122070312,False,81.44,False,False,-24.92,-24.22,False,1254.0,False,EXIT
HONDAPOWER,Honda India Power Products Limited,Industrials,Specialty Industrial Machinery,2104.39990234375,False,65.86,False,False,-31.47,-30.75,False,,False,EXIT
SAKSOFT,Saksoft Limited,Technology,Information Technology Services,165.5500030517578,False,133.27,True,False,-29.08,-29.48,False,883.0,True,EXIT
LAOPALA,La Opala RG Limited,Consumer Cyclical,"Furnishings, Fixtures & Appliances",193.6999969482422,False,92.30000000000001,False,False,-33.18,-27.5,False,,False,EXIT
BFUTILITIE,BF Utilities Limited,Industrials,Infrastructure Operations,563.0499877929688,False,158.23000000000002,True,False,-27.82,-27.11,False,969.0,False,EXIT
NGLFINE,NGL Fine-Chem Limited,Healthcare,Drug Manufacturers - General,3457.800048828125,True,48.050000000000004,False,True,172.26,181.26,True,368.0,True,HOLD
TEAMLEASE,TeamLease Services Limited,Industrials,Staffing & Employment Services,1253.5,False,147.04,True,False,-34.38,-33.66,False,11156.0,True,EXIT
ESAFSFB,ESAF Small Finance Bank,Financial Services,Banks - Regional,39.849998474121094,False,226.52,False,True,26.08,25.38,True,,False,HOLD
HUHTAMAKI,Huhtamaki India Limited,Consumer Cyclical,Packaging & Containers,284.70001220703125,False,124.57,True,True,25.88,31.43,True,2037.0,True,HOLD
GMBREW,G.M. Breweries Limited,Consumer Defensive,Beverages - Wineries & Distilleries,901.0999755859375,False,159.68,True,False,32.69,27.02,True,748.0,True,HOLD
MUKANDLTD,Mukand Limited,Basic Materials,Steel,141.13999938964844,False,604.15,False,True,-1.13,-2.17,False,5568.0,False,EXIT
INDIANHUME,The Indian Hume Pipe Company Limited,Industrials,Engineering & Construction,388.75,False,141.1,False,True,-8.03,-7.36,False,,False,EXIT
VENUSREM,Venus Remedies Limited,Healthcare,Drug Manufacturers - Specialty & Generic,1522.5999755859375,False,116.17,True,True,202.42,211.22,True,640.0,True,HOLD
HINDOILEXP,Hindustan Oil Exploration Company Limited,Energy,Oil & Gas E&P,163.83999633789062,False,62.74999999999999,False,True,-9.55,-2.23,False,570.0,False,EXIT
KPEL,K.P. Energy Limited,Industrials,Engineering & Construction,291.6000061035156,False,181.39999999999998,True,False,-40.81,-40.07,False,936.0,True,EXIT
RICOAUTO,Rico Auto Industries Limited,Consumer Cyclical,Auto Parts,142.52000427246094,False,50.51,False,True,100.14,105.5,True,2302.0,False,HOLD
INDOCO,Indoco Remedies Limited,Healthcare,Drug Manufacturers - Specialty & Generic,221.41000366210938,False,124.35,False,False,-40.33,-29.93,False,1817.0,False,EXIT
MSPL,MSP Steel & Power Limited,Basic Materials,Steel,35.599998474121094,False,183.29,True,False,8.35,7.3,True,2905.0,True,HOLD
SOMANYCERA,Somany Ceramics Limited,Industrials,Building Products & Equipment,499.6000061035156,False,81.19,False,True,-11.39,-10.71,False,2659.0,True,EXIT
VIDYAWIRES,VIDYAWIRES,Industrials,Electrical Equipment & Parts,97.91000366210938,False,59.77,False,False,,,False,1481.0,True,EXIT
SAKAR,Sakar Healthcare Limited,Healthcare,Drug Manufacturers - Specialty & Generic,904.7999877929688,True,30.479999999999997,True,True,160.4,169.47,True,178.0,True,ADD
TIRUMALCHM,Thirumalai Chemicals Limited,Basic Materials,Specialty Chemicals,164.67999267578125,False,167.91,False,False,-47.92,-48.82,False,2132.0,False,EXIT
AEROPLANE,AEROPLANE,Consumer Defensive,Farm Products,190.9600067138672,False,0.0,False,False,,,False,,False,EXIT
KCP,The KCP Limited,Basic Materials,Building Materials,152.1199951171875,False,197.11,True,False,-28.21,-29.17,False,2846.0,False,EXIT
TINNARUBR,Tinna Rubber and Infrastructure Limited,Basic Materials,Specialty Chemicals,1120.800048828125,False,61.68000000000001,True,True,24.16,23.06,True,530.0,False,HOLD
HGS,Hinduja Global Solutions Limited,Industrials,Specialty Business Services,412.5,False,87.83000000000001,False,False,-29.7,-28.98,False,4986.0,False,EXIT
DCXINDIA,DCX Systems Limited,Industrials,Aerospace & Defense,179.05999755859375,False,15.829999999999998,False,False,-36.78,-36.05,False,1424.0,False,EXIT
INDSWFTLAB,Ind-Swift Laboratories Limited,Healthcare,Drug Manufacturers - Specialty & Generic,237.24000549316406,False,254.91000000000003,False,True,124.16,133.48,True,1673.0,False,HOLD
ASIANENE,Asian Energy Services Limited,Energy,Oil & Gas Equipment & Services,402.70001220703125,False,58.75999999999999,True,True,4.1,11.03,True,465.0,True,HOLD
NDRAUTO,NDR Auto Components Limited,Consumer Cyclical,Auto Parts,848.2000122070312,False,62.09,True,True,-22.6,-16.94,False,713.0,True,HOLD
SBC,SBC Exports Limited,Industrials,Conglomerates,41.099998474121094,False,34.26,False,True,127.37,127.73,True,231.0,True,HOLD
DYCL,Dynamic Cables Limited,Industrials,Electrical Equipment & Parts,422.8500061035156,False,89.75,True,True,-0.85,-0.2,False,1025.0,True,HOLD
AWFIS,AWFIS,Industrials,Rental & Leasing Services,269.6000061035156,False,70.86,True,False,-58.7,-57.92,False,1208.0,True,EXIT
JAYKAY,Jaykay Enterprises Limited,Industrials,Specialty Business Services,152.5,False,232.53,True,False,,,False,81.0,True,EXIT
HATHWAY,Hathway Cable and Datacom Limited,Communication Services,Entertainment,10.8100004196167,False,88.56,False,False,-11.44,-30.88,False,1307.0,False,EXIT
BGRENERGY,BGR Energy Systems Limited,Industrials,Engineering & Construction,260.8500061035156,False,1247.16,True,False,100.81,101.23,True,3441.0,False,HOLD
SCILAL,Shipping Corporation of India Land and Assets Limited,Real Estate,Real Estate Services,41.0099983215332,False,30.5,False,False,-5.35,-22.17,False,18.0,True,EXIT
SERVOTECH,Servotech Renewable Power System Limited,Industrials,Electrical Equipment & Parts,85.12000274658203,False,37.459999999999994,True,False,-38.22,-37.49,False,674.0,True,EXIT
CANTABIL,Cantabil Retail India Limited,Consumer Cyclical,Apparel Manufacturing,233.2100067138672,False,95.74000000000001,False,False,-19.45,-13.8,False,,False,EXIT
SIMPLEXINF,Simplex Infrastructures Limited,Industrials,Engineering & Construction,260.54998779296875,False,40.01,False,True,-14.36,-13.68,False,6202.0,False,EXIT
ALGOQUANT,Algoquant Fintech Limited,Financial Services,Capital Markets,66.73999786376953,True,33.4,True,False,,,False,235.0,True,EXIT
INSECTICID,Insecticides (India) Limited,Basic Materials,Agricultural Inputs,649.7999877929688,False,139.42000000000002,False,False,-38.17,-39.1,False,2000.0,True,EXIT
BCG,Brightcom Group Limited,Communication Services,Advertising Agencies,9.880000114440918,False,872.1400000000001,False,False,-21.62,-40.92,False,7397.0,False,EXIT
GRMOVER,GRM Overseas Limited,Consumer Defensive,Packaged Foods,90.55000305175781,False,74.6,False,False,-24.51,-29.8,False,1379.0,False,EXIT
PFS,PTC India Financial Services Limited,Financial Services,Credit Services,28.770000457763672,False,271.46000000000004,False,False,-29.76,-30.22,False,,False,EXIT
GOODYEAR,Goodyear India Limited,Consumer Cyclical,Auto Parts,795.5999755859375,False,61.5,False,False,,,False,,False,EXIT
HINDWAREAP,Hindware Home Innovation Limited,Consumer Cyclical,"Furnishings, Fixtures & Appliances",214.83999633789062,False,56.620000000000005,False,False,-32.48,-26.79,False,2872.0,False,EXIT
VIKRAN,VIKRAN,Industrials,Engineering & Construction,72.5,False,123.81,False,False,,,False,,False,EXIT
EIHAHOTELS,EIH Associated Hotels Limited,Consumer Cyclical,Lodging,295.0,False,87.16999999999999,True,False,-31.87,-26.19,False,197.0,True,EXIT
TIL,TIL Limited,Industrials,Farm & Heavy Construction Machinery,232.5,False,30.77,False,False,-33.4,-32.68,False,1472.0,False,EXIT
JINDRILL,Jindal Drilling & Industries Limited,Energy,Oil & Gas Equipment & Services,601.5,False,277.40000000000003,True,True,-16.85,-9.34,False,828.0,True,HOLD
NUCLEUS,Nucleus Software Exports Limited,Technology,Software - Application,699.9500122070312,False,105.41,False,False,-35.29,-35.66,False,832.0,True,EXIT
WINDLAS,Windlas Biotech Limited,Healthcare,Drug Manufacturers - Specialty & Generic,839.6500244140625,False,66.45,False,True,-24.76,-14.46,False,760.0,True,EXIT
TBZ,Tribhovandas Bhimji Zaveri Limited,Consumer Cyclical,Luxury Goods,276.04998779296875,False,202.29999999999998,True,True,35.65,41.17,True,2620.0,True,HOLD
JAICORPLTD,Jai Corp Limited,Basic Materials,Specialty Chemicals,103.16999816894531,False,169.26999999999998,True,False,-8.89,-9.9,False,748.0,False,EXIT
KRSNAA,Krsnaa Diagnostics Limited,Healthcare,Diagnostics & Research,567.5999755859375,False,101.42999999999999,True,False,-49.36,-38.9,False,717.0,True,EXIT
CAPACITE,Capacit'e Infraprojects Limited,Industrials,Engineering & Construction,210.5,False,191.54,False,False,-34.35,-33.63,False,2350.0,True,EXIT
MARSONS,Marsons Limited,Industrials,Electrical Equipment & Parts,103.44999694824219,False,46.33,True,False,,,False,168.0,True,EXIT
BFINVEST,BF Investment Limited,Financial Services,Asset Management,478.3999938964844,False,282.01,False,True,0.5,-0.09,False,1074.0,False,EXIT
KRISHNADEF,KRISHNADEF,Industrials,Specialty Industrial Machinery,1186.199951171875,False,34.230000000000004,True,True,44.21,44.76,True,194.0,True,HOLD
CEINSYS,Ceinsys Tech Limited,Industrials,Engineering & Construction,842.4500122070312,False,133.42,True,False,,,False,418.0,True,EXIT
MTNL,Mahanagar Telephone Nigam Limited,Communication Services,Telecom Services,27.510000228881836,False,3107.2500000000005,False,False,-23.77,-43.04,False,3398.0,False,EXIT
RACLGEAR,RACL Geartech Limited,Consumer Cyclical,Auto Parts,1387.5999755859375,False,48.949999999999996,True,True,35.9,41.42,True,415.0,True,HOLD
MCLOUD,Magellanic Cloud Limited,Technology,Information Technology Services,29.020000457763672,False,114.22999999999999,True,False,-72.32,-72.46,False,600.0,True,EXIT
PAUSHAKLTD,Paushak Limited,Basic Materials,Specialty Chemicals,695.2000122070312,False,42.39,False,False,,,False,,False,EXIT
WEL,Wonder Electricals Limited,Consumer Cyclical,"Furnishings, Fixtures & Appliances",134.77999877929688,False,9.12,False,True,-23.53,-17.87,False,894.0,True,EXIT
AURUM,Aurum PropTech Limited,Real Estate,Real Estate Services,231.27000427246094,False,16.349999999999998,False,True,38.51,21.15,True,988.0,False,HOLD
STUDDS,STUDDS,Consumer Cyclical,Auto Parts,432.25,False,78.12,False,False,,,False,584.0,True,EXIT
5PAISA,5paisa Capital Limited,Financial Services,Capital Markets,384.3999938964844,False,46.28,False,True,-1.12,-1.7,False,395.0,False,EXIT
SURYODAY,Suryoday Small Finance Bank Limited,Financial Services,Banks - Regional,161.32000732421875,False,196.74,False,True,24.79,24.09,True,,False,HOLD
JISLDVREQS,Jain Irrigation Systems Limited,Industrials,Conglomerates,20.799999237060547,False,96.71,False,False,-27.2,-26.49,False,,False,EXIT
MAHASTEEL,Mahamaya Steel Industries Limited,Basic Materials,Steel,1021.4000244140625,False,9.6,True,True,176.27,174.73,True,802.0,True,HOLD
SHALBY,Shalby Limited,Healthcare,Medical Care Facilities,161.8699951171875,False,37.38,False,False,-36.54,-26.16,False,1087.0,True,EXIT
ACCELYA,Accelya Solutions India Limited,Technology,Information Technology Services,1143.5999755859375,False,107.95,False,False,-23.31,-23.76,False,529.0,True,EXIT
MBEL,MBEL,Industrials,Engineering & Construction,267.70001220703125,False,92.64,False,False,-44.54,-43.79,False,909.0,True,EXIT
HITECH,Hi-Tech Pipes Limited,Basic Materials,Steel,83.93000030517578,False,76.17,True,False,-12.19,-13.19,False,3068.0,True,EXIT
DELTACORP,Delta Corp Limited,Consumer Cyclical,Resorts & Casinos,63.81999969482422,False,224.75,False,False,-34.46,-28.77,False,964.0,False,EXIT
GOCOLORS,Go Fashion (India) Limited,Consumer Cyclical,Apparel Retail,329.25,False,53.41,False,False,-64.59,-58.83,False,190.0,True,EXIT
MACPOWER,Macpower CNC Machines Limited,Industrials,Specialty Industrial Machinery,1824.300048828125,True,33.88,False,True,116.63,117.01,True,,False,HOLD
YATRA,Yatra Online Limited,Consumer Cyclical,Travel Services,104.52999877929688,False,46.82,True,False,-2.23,3.38,False,845.0,False,EXIT
GARUDA,GARUDA,Industrials,Engineering & Construction,194.50999450683594,False,113.39,True,True,8.49,9.12,True,226.0,False,HOLD
BLUSPRING,Bluspring Enterprises Limited,Industrials,Specialty Business Services,112.36000061035156,False,34.05,False,True,32.81,33.39,True,3484.0,True,HOLD
CNL,Creative Newtech Limited,Technology,Electronics & Computer Distribution,1083.6500244140625,True,69.0,True,True,71.26,70.24,True,1783.0,True,ADD
IPL,India Pesticides Limited,Basic Materials,Agricultural Inputs,143.7100067138672,False,119.81,False,False,-41.52,-42.44,False,885.0,False,EXIT
MVELECTRO,MVELECTRO,Industrials,Electrical Equipment & Parts,614.7999877929688,True,0.0,False,False,,,False,,False,EXIT
SMCGLOBAL,SMC Global Securities Limited,Financial Services,Capital Markets,79.38999938964844,False,81.36,False,True,9.75,9.12,True,1778.0,True,HOLD
TARSONS,Tarsons Products Limited,Healthcare,Medical Instruments & Supplies,313.5,False,14.319999999999999,False,True,-28.2,-17.88,False,392.0,True,EXIT
VOEPL,Virtuoso Optoelectronics Limited,Technology,Consumer Electronics,494.20001220703125,True,22.79,False,False,,,False,,False,EXIT
DOLPHIN,Dolphin Offshore Enterprises (India) Limited,Energy,Oil & Gas Equipment & Services,417.5,False,72.02,True,True,-6.05,1.16,False,340.0,False,HOLD
SUMMITSEC,Summit Securities Limited,Financial Services,Capital Markets,1466.800048828125,False,65.09,False,False,-31.19,-31.64,False,141.0,False,EXIT
DIFFNKG,DIFFNKG,Industrials,Specialty Industrial Machinery,395.54998779296875,False,50.31999999999999,False,True,19.72,20.32,True,335.0,True,HOLD
IFGLEXPOR,IFGL Refractories Limited,Basic Materials,Building Materials,225.3000030517578,False,40.86,False,True,-7.03,-8.05,False,1653.0,True,EXIT
ASIANTILES,Asian Granito India Limited,Industrials,Building Products & Equipment,53.84000015258789,False,75.72,False,False,-12.42,-11.75,False,1564.0,False,EXIT
WENDT,Wendt (India) Limited,Industrials,Tools & Accessories,8124.5,False,18.03,False,True,-23.21,-22.51,False,234.0,True,EXIT
PNGSREVA,PNGSREVA,Consumer Cyclical,Luxury Goods,515.75,True,68.75,False,False,,,False,,False,EXIT
SHANTIGOLD,SHANTIGOLD,Consumer Cyclical,Luxury Goods,227.91000366210938,False,145.06,False,True,-16.43,-10.79,False,1106.0,True,EXIT
ATULAUTO,Atul Auto Limited,Consumer Cyclical,Auto Manufacturers,509.1499938964844,False,42.260000000000005,False,True,5.68,11.27,True,667.0,False,HOLD
KAPSTON,Kapston Services Limited,Industrials,Specialty Business Services,566.0499877929688,True,28.139999999999997,True,True,118.83,119.21,True,689.0,True,ADD
SPMLINFRA,SPML Infra Limited,Industrials,Engineering & Construction,188.11000061035156,False,74.67999999999999,False,False,-38.06,-37.33,False,1701.0,False,EXIT
GTLINFRA,GTL Infrastructure Limited,Technology,Communication Equipment,1.2400000095367432,False,1631.05,True,False,-22.12,-22.57,False,1398.0,False,EXIT
MOTISONS,MOTISONS,Consumer Cyclical,Luxury Goods,14.079999923706055,False,63.7,False,False,-37.19,-31.49,False,,False,EXIT
OMAXE,Omaxe Limited,Real Estate,Real Estate - Development,84.9000015258789,False,696.86,True,True,3.0,-13.92,False,1839.0,False,HOLD
DOLLAR,Dollar Industries Limited,Consumer Cyclical,Apparel Manufacturing,278.5,False,107.43,False,False,-34.26,-28.57,False,1710.0,True,EXIT
ONEPOINT,One Point One Solutions Limited,Industrials,Specialty Business Services,58.810001373291016,False,37.550000000000004,False,True,19.75,20.35,True,256.0,True,HOLD
VIDHIING,Vidhi Specialty Food Ingredients Limited,Basic Materials,Specialty Chemicals,314.29998779296875,False,53.25000000000001,False,False,-18.44,-19.42,False,537.0,False,EXIT
DLINKINDIA,D-Link (India) Limited,Technology,Communication Equipment,437.3500061035156,False,104.05999999999999,False,False,-17.11,-17.59,False,1384.0,True,EXIT
MOBIKWIK,MOBIKWIK,Technology,Software - Infrastructure,206.67999267578125,False,78.97,True,False,-16.34,-16.82,False,1170.0,True,EXIT
IKIO,IKIO Technologies Limited,Technology,Electronic Components,197.7100067138672,False,38.09,False,True,-1.42,-1.99,False,486.0,True,EXIT
KABRAEXTRU,Kabra Extrusiontechnik Limited,Industrials,Specialty Industrial Machinery,510.75,False,13.950000000000001,False,True,95.1,95.53,True,670.0,False,HOLD
WALCHANNAG,Walchandnagar Industries Limited,Industrials,Engineering & Construction,236.88999938964844,False,29.89,False,True,23.41,24.0,True,,False,HOLD
NITTAGELA,Nitta Gelatin India Limited,Basic Materials,Specialty Chemicals,1681.699951171875,False,103.25999999999999,False,False,,,False,,False,EXIT
DSSL,Dynacons Systems & Solutions Limited,Technology,Information Technology Services,1259.800048828125,False,84.69000000000001,True,True,21.84,21.12,True,1267.0,True,HOLD
INDORAMA,Indo Rama Synthetics (India) Limited,Consumer Cyclical,Textile Manufacturing,56.40999984741211,False,161.20000000000002,False,True,2.11,7.71,True,4259.0,True,HOLD
DIGITIDE,Digitide Solutions Limited,Industrials,Specialty Business Services,104.0999984741211,False,23.97,False,False,-55.25,-54.48,False,3269.0,True,EXIT
TTKHLTCARE,TTK Healthcare Limited,Healthcare,Drug Manufacturers - General,1059.0,False,61.44,False,True,-23.34,-13.04,False,,False,EXIT
SDBL,Som Distilleries & Breweries Limited,Consumer Defensive,Beverages - Brewers,74.94999694824219,False,121.55,True,False,-49.88,-55.0,False,1443.0,True,EXIT
JAGSNPHARM,Jagsonpal Pharmaceuticals Limited,Healthcare,Drug Manufacturers - Specialty & Generic,232.97000122070312,False,45.47,False,True,-24.9,-14.59,False,269.0,True,EXIT
IGPL,I G Petrochemicals Limited,Basic Materials,Chemicals,482.6000061035156,False,53.92,False,True,-0.56,-1.59,False,2352.0,False,EXIT
BHARATSE,Bharat Seats Limited,Consumer Cyclical,Auto Parts,237.0500030517578,False,42.23,True,True,111.64,116.98,True,1289.0,True,HOLD
JAYBARMARU,Jay Bharat Maruti Limited,Consumer Cyclical,Auto Parts,132.36000061035156,False,139.68,True,True,35.04,40.56,True,2344.0,False,HOLD
AMRUTANJAN,Amrutanjan Health Care Limited,Healthcare,Drug Manufacturers - Specialty & Generic,527.3499755859375,False,57.910000000000004,False,False,-35.81,-25.43,False,177.0,True,EXIT
NAVKARCORP,Navkar Corporation Limited,Industrials,Integrated Freight & Logistics,100.66000366210938,False,38.07,False,False,-21.11,-20.42,False,371.0,True,EXIT
IVALUE,iValue Infosolutions Limited,Technology,Information Technology Services,278.8999938964844,False,103.66,False,True,,,False,1296.0,False,EXIT
ARFIN,Arfin India Limited,Basic Materials,Aluminum,87.1500015258789,False,15.44,False,True,132.7,131.29,True,616.0,True,HOLD
IZMO,IZMO Limited,Technology,Software - Application,977.5,False,47.56,False,True,154.16,152.63,True,225.0,True,HOLD
RATNAVEER,Ratnaveer Precision Engineering Limited,Basic Materials,Steel,207.88999938964844,False,67.59,False,True,51.85,50.67,True,,False,HOLD
ASALCBR,Associated Alcohols & Breweries Limited,Consumer Defensive,Beverages - Wineries & Distilleries,735.0,False,82.64,False,False,-29.09,-34.35,False,1075.0,True,EXIT
IGARASHI,Igarashi Motors India Limited,Consumer Cyclical,Auto Parts,456.54998779296875,False,12.139999999999999,False,True,-24.37,-18.71,False,176.0,True,EXIT
GPTINFRA,GPT Infraprojects Limited,Industrials,Engineering & Construction,114.81999969482422,False,97.31,True,True,-13.89,-13.21,False,1188.0,True,HOLD
SOLARWORLD,SOLARWORLD,Technology,Solar,166.5500030517578,False,117.00999999999999,False,False,,,False,545.0,True,EXIT
AYMSYNTEX,AYM Syntex Limited,Consumer Cyclical,Textile Manufacturing,256.6000061035156,False,14.450000000000001,True,True,16.89,22.46,True,1489.0,True,HOLD
UGROCAP,UGRO Capital Limited,Financial Services,Credit Services,96.44999694824219,False,174.82,False,False,-47.21,-47.59,False,,False,EXIT
PNBGILTS,PNB Gilts Ltd.,Financial Services,Capital Markets,80.87000274658203,False,369.7,False,False,-25.28,-25.76,False,,False,EXIT
TEXINFRA,Texmaco Infrastructure & Holdings Limited,Real Estate,Real Estate Services,111.77999877929688,False,10.940000000000001,False,True,25.96,8.75,True,24.0,False,HOLD
QUADFUTURE,QUADFUTURE,Industrials,Railroads,369.8500061035156,False,45.230000000000004,False,True,-10.69,-10.01,False,,False,EXIT
SESHAPAPER,Seshasayee Paper and Boards Limited,Basic Materials,Paper & Paper Products,233.05999755859375,False,92.03,False,False,-16.29,-17.28,False,2083.0,False,EXIT
SHRIRAMPPS,Shriram Properties Limited,Real Estate,Real Estate - Development,86.94999694824219,False,114.56,False,True,9.59,-7.41,False,865.0,False,EXIT
ALLTIME,ALLTIME,Consumer Defensive,Household & Personal Products,218.92999267578125,False,35.41,False,False,,,False,558.0,True,EXIT
AEROENTER,Aeroflex Enterprises Limited,Basic Materials,Steel,127.11000061035156,False,64.23,False,True,27.04,25.93,True,578.0,True,HOLD
SIGNPOST,Signpost India Limited,Communication Services,Advertising Agencies,267.70001220703125,False,70.12,True,True,37.28,17.19,True,453.0,True,HOLD
STEELXIND,Steel Exchange India Limited,Basic Materials,Steel,10.649999618530273,False,31.79,False,True,-5.33,-6.35,False,506.0,True,EXIT
UDS,Updater Services Limited,Industrials,Specialty Business Services,210.5399932861328,False,86.81,False,True,-26.49,-25.79,False,2736.0,True,EXIT
ONIDA,Onida Electronics Limited,Consumer Cyclical,"Furnishings, Fixtures & Appliances",38.970001220703125,False,74.74,False,True,80.1,85.52,True,,False,HOLD
GENESYS,Genesys International Corporation Limited,Technology,Software - Application,220.75,False,32.57,False,False,-67.53,-67.71,False,284.0,True,EXIT
ALLCARGO,Allcargo Logistics Limited,Industrials,Integrated Freight & Logistics,9.75,False,123.92,False,False,-78.63,-77.8,False,19062.0,False,EXIT
CLSEL,Chaman Lal Setia Exports Ltd.,Consumer Defensive,Packaged Foods,278.8999938964844,False,114.77,False,True,-5.97,-11.38,False,,False,EXIT
ASTEC,Astec LifeSciences Limited,Basic Materials,Agricultural Inputs,620.6500244140625,False,75.22,False,False,-27.61,-28.56,False,677.0,False,EXIT
FAZE3Q,Faze Three Limited,Consumer Cyclical,Textile Manufacturing,570.5999755859375,False,43.97,False,True,-3.79,1.83,False,690.0,True,EXIT
JAGRAN,Jagran Prakashan Limited,Communication Services,Publishing,63.08000183105469,False,196.96999999999997,False,False,0.79,-18.81,False,2363.0,False,EXIT
SPIC,Southern Petrochemical Industries Corporation Limited,Basic Materials,Agricultural Inputs,67.77999877929688,False,211.49,False,False,-25.94,-26.9,False,3086.0,True,EXIT
BHARATWIRE,Bharat Wire Ropes Limited,Basic Materials,Steel,192.3699951171875,False,72.45,False,True,0.9,-0.14,False,622.0,True,EXIT
NINSYS,NINtec Systems Limited,Technology,Information Technology Services,740.7000122070312,False,32.010000000000005,True,True,69.95,68.94,True,140.0,True,HOLD
IMPAL,India Motor Parts & Accessories Limited,Consumer Cyclical,Auto Parts,1087.0999755859375,False,92.75,True,True,-6.22,-0.6,False,741.0,True,HOLD
DCW,DCW Limited,Basic Materials,Chemicals,46.91999816894531,False,48.18,False,False,-41.54,-42.46,False,1327.0,False,EXIT
JYOTISTRUC,Jyoti Structures Limited,Industrials,Specialty Industrial Machinery,11.640000343322754,False,56.03,False,True,-36.95,-36.22,False,3636.0,False,EXIT
WAAREEINDO,Indosolar Limited,Technology,Solar,311.25,False,236.88,False,False,-23.05,-23.49,False,,False,EXIT
PUNJABCHEM,Punjab Chemicals and Crop Protection Limited,Basic Materials,Chemicals,1112.199951171875,False,65.4,False,False,-18.85,-19.83,False,1006.0,False,EXIT
PRECAM,Precision Camshafts Limited,Consumer Cyclical,Auto Parts,142.02000427246094,False,51.25000000000001,False,False,-29.68,-24.01,False,1080.0,False,EXIT
AGL,AGL,Industrials,Integrated Freight & Logistics,13.710000038146973,False,0.0,False,False,,,False,,False,EXIT
UNIENTER,Uniphos Enterprises Limited,Basic Materials,Chemicals,96.80000305175781,False,25.61,False,False,-41.92,-42.84,False,,False,EXIT
CAPITALSFB,Capital Small Finance Bank Limited,Financial Services,Banks - Regional,289.54998779296875,False,147.79999999999998,False,True,-8.85,-9.4,False,,False,EXIT
SULA,Sula Vineyards Limited,Consumer Defensive,Beverages - Wineries & Distilleries,153.77999877929688,False,25.65,False,False,-42.21,-47.38,False,579.0,True,EXIT
MOL,Meghmani Organics Limited,Basic Materials,Agricultural Inputs,58.38999938964844,False,71.3,False,True,-36.85,-37.78,False,2557.0,False,EXIT
CENTENKA,Century Enka Limited,Consumer Cyclical,Textile Manufacturing,610.4500122070312,False,147.16,True,True,11.89,17.47,True,2072.0,False,HOLD
ASIANHOTNR,Asian Hotels (North) Limited,Consumer Cyclical,Lodging,316.1000061035156,False,164.85000000000002,True,True,-7.11,-1.49,False,354.0,False,HOLD
MENONBE,Menon Bearings Limited,Consumer Cyclical,Auto Parts,246.5500030517578,True,45.57,True,True,80.3,85.72,True,243.0,True,ADD
GALAPREC,GALAPREC,Industrials,Specialty Industrial Machinery,997.0,False,35.480000000000004,False,True,15.38,15.99,True,238.0,True,HOLD
PASHUPATI,Pashupati Cotspin Limited,Consumer Cyclical,Textile Manufacturing,83.76000213623047,False,10.39,False,False,10.03,15.61,True,661.0,False,EXIT
RGL,Renaissance Global Limited,Consumer Cyclical,Luxury Goods,116.7699966430664,False,65.47,False,True,-3.24,2.38,False,2591.0,False,EXIT
SHREEPUSHK,Shree Pushkar Chemicals & Fertilisers Limited,Basic Materials,Specialty Chemicals,411.3999938964844,False,70.1,True,True,6.99,5.94,True,806.0,True,HOLD
RUPA,Rupa & Company Limited,Consumer Cyclical,Apparel Manufacturing,165.2899932861328,False,72.49,False,True,-30.28,-24.6,False,1430.0,False,EXIT
GPTHEALTH,GPT Healthcare Limited,Healthcare,Medical Care Facilities,157.13999938964844,False,42.22,False,True,-16.79,-6.54,False,337.0,True,EXIT
KALAMANDIR,Sai Silks (Kalamandir) Limited,Consumer Cyclical,Apparel Retail,86.95999908447266,False,126.49000000000001,False,False,-60.53,-54.78,False,1462.0,True,EXIT
KROSS,KROSS,Consumer Cyclical,Auto Parts,206.05999755859375,False,57.81999999999999,False,True,9.88,15.46,True,,False,HOLD
DEN,DEN Networks Limited,Communication Services,Entertainment,27.260000228881836,False,167.32,False,False,-9.89,-29.35,False,1307.0,False,EXIT
NIITLTD,NIIT Limited,Consumer Defensive,Education & Training Services,96.33999633789062,False,20.84,False,True,-17.79,-23.12,False,513.0,False,EXIT
SURAKSHA,SURAKSHA,Healthcare,Diagnostics & Research,265.5,False,32.19,False,False,-27.09,-16.77,False,252.0,True,EXIT
EXPLEOSOL,Expleo Solutions Limited,Technology,Information Technology Services,835.5,False,123.98,False,False,-30.36,-30.76,False,1025.0,True,EXIT
DHANBANK,Dhanlaxmi Bank Limited,Financial Services,Banks - Regional,33.220001220703125,False,104.46000000000001,False,True,20.53,19.85,True,,False,HOLD
ICEMAKE,Ice Make Refrigeration Limited,Industrials,Specialty Industrial Machinery,817.4500122070312,False,15.03,False,True,5.51,6.15,True,480.0,True,HOLD
EXCELINDUS,Excel Industries Limited,Basic Materials,Specialty Chemicals,1012.4000244140625,False,75.66999999999999,False,True,-18.32,-19.3,False,1178.0,False,EXIT
FINOPB,Fino Payments Bank Limited,Financial Services,Banks - Regional,157.57000732421875,False,67.31,False,False,-42.94,-43.34,False,,False,EXIT
INDOBORAX,Indo Borax & Chemicals Limited,Basic Materials,Chemicals,429.5,False,50.260000000000005,False,True,56.29,55.1,True,225.0,False,HOLD
INDOTHAI,Indo Thai Securities Limited,Financial Services,Capital Markets,94.62000274658203,False,54.21,True,False,-53.45,-53.8,False,58.0,False,EXIT
RSL,RSL,Basic Materials,Steel,154.92999267578125,True,21.369999999999997,False,False,,,False,,False,EXIT
ROTO,Roto Pumps Limited,Industrials,Specialty Industrial Machinery,66.33999633789062,False,24.770000000000003,False,True,-26.51,-25.81,False,298.0,True,EXIT
GULPOLY,Gulshan Polyols Limited,Basic Materials,Chemicals,201.2100067138672,False,107.33,True,True,11.37,10.3,True,2020.0,True,HOLD
OAL,Oriental Aromatics Limited,Basic Materials,Specialty Chemicals,378.3500061035156,False,9.16,False,True,3.01,1.97,True,935.0,True,HOLD
ELECTHERM,Electrotherm (India) Limited,Basic Materials,Steel,1021.4000244140625,False,98.42,False,True,24.0,22.9,True,4272.0,False,HOLD
RUBYMILLS,The Ruby Mills Limited,Consumer Cyclical,Textile Manufacturing,374.8500061035156,False,43.56,False,True,48.88,54.37,True,260.0,False,HOLD
EKC,Everest Kanto Cylinder Limited,Industrials,Specialty Industrial Machinery,114.55000305175781,False,146.85000000000002,False,False,-18.97,-18.28,False,1699.0,False,EXIT
SYNCOMF,Syncom Formulations (India) Limited,Healthcare,Drug Manufacturers - Specialty & Generic,14.34000015258789,False,76.43,True,True,-37.69,-27.3,False,463.0,True,HOLD
GODAVARIB,GODAVARIB,Basic Materials,Chemicals,240.10000610351562,False,118.74,True,False,-20.95,-21.93,False,2015.0,False,EXIT
BLKASHYAP,B.L. Kashyap and Sons Limited,Industrials,Engineering & Construction,54.970001220703125,False,43.82,False,True,-28.36,-27.64,False,1349.0,False,EXIT
GYFTR,Gyftr Limited,Industrials,Specialty Business Services,159.41000366210938,False,21.81,False,False,,,False,,False,EXIT
BOROSCI,Borosil Scientific Limited,Consumer Cyclical,Packaging & Containers,137.6300048828125,False,42.94,True,True,-23.15,-17.49,False,434.0,True,HOLD
BHAGYANGR,Bhagyanagar India Limited,Basic Materials,Copper,380.6499938964844,False,59.15,True,True,320.27,318.33,True,1847.0,False,HOLD
MWL,MWL,Basic Materials,Steel,40.91999816894531,True,51.89,False,True,118.33,116.96,True,1060.0,True,HOLD
DOLATALGO,Dolat Algotech Limited,Financial Services,Capital Markets,71.86000061035156,False,128.93,False,False,-24.17,-24.65,False,530.0,True,EXIT
HARIOMPIPE,Hariom Pipe Industries Limited,Basic Materials,Steel,400.29998779296875,False,75.69999999999999,True,True,-13.91,-14.91,False,1604.0,True,HOLD
ALLDIGI,Alldigi Tech Limited,Industrials,Specialty Business Services,812.2999877929688,False,82.73,False,False,-28.94,-28.23,False,546.0,True,EXIT
PLATIND,Platinum Industries Limited,Basic Materials,Specialty Chemicals,228.19000244140625,False,0.0,False,False,-20.86,-21.84,False,392.0,True,EXIT
RAJRILTD,Raj Rayon Industries Limited,Consumer Cyclical,Textile Manufacturing,22.200000762939453,False,33.989999999999995,False,False,-29.76,-24.08,False,,False,EXIT
ARIHANT,Arihant Foundations & Housing Limited,Real Estate,Real Estate - Development,1124.300048828125,True,60.63,False,False,,,False,,False,EXIT
MANAKCOAT,Manaksia Coated Metals & Industries Limited,Industrials,Metal Fabrication,114.36000061035156,False,40.83,True,False,-28.77,-28.06,False,782.0,True,EXIT
BUTTERFLY,Butterfly Gandhimathi Appliances Limited,Consumer Cyclical,"Furnishings, Fixtures & Appliances",683.5999755859375,False,45.64,False,True,-14.73,-9.09,False,,False,EXIT
STLNETWORK,STLNETWORK,Communication Services,Telecom Services,25.079999923706055,False,98.57,False,True,,,False,1180.0,True,EXIT
ALICON,Alicon Castalloy Limited,Industrials,Metal Fabrication,722.9000244140625,False,34.440000000000005,False,False,-18.33,-17.64,False,1526.0,True,EXIT
IRMENERGY,IRM Energy Limited,Utilities,Utilities - Regulated Gas,294.45001220703125,False,53.220000000000006,False,True,9.89,-1.88,False,980.0,False,EXIT
AVADHSUGAR,Avadh Sugar & Energy Limited,Consumer Defensive,Confectioners,635.0999755859375,False,87.31,False,True,45.81,40.06,True,,False,HOLD
SEPC,SEPC Limited,Industrials,Engineering & Construction,6.25,False,53.540000000000006,True,False,-52.07,-51.3,False,1208.0,False,EXIT
LINCOLN,Lincoln Pharmaceuticals Limited,Healthcare,Drug Manufacturers - Specialty & Generic,594.5999755859375,False,87.89000000000001,False,True,-10.26,-0.06,False,623.0,True,EXIT
SUMEETINDS,Sumeet Industries Limited,Consumer Cyclical,Textile Manufacturing,16.420000076293945,False,34.379999999999995,False,False,-43.37,-37.66,False,1406.0,False,EXIT
ULTRAMAR,Ultramarine & Pigments Limited,Basic Materials,Specialty Chemicals,397.95001220703125,False,80.79,False,False,,,False,,False,EXIT
SRM,SRM,Industrials,Engineering & Construction,513.9000244140625,False,111.02,False,True,2.92,3.56,True,528.0,True,HOLD
ANDHRSUGAR,The Andhra Sugars Limited,Basic Materials,Chemicals,99.9800033569336,False,83.22,False,True,22.75,21.65,True,2368.0,False,HOLD
CENTRUM,Centrum Capital Limited,Financial Services,Financial Conglomerates,26.25,False,165.4,True,False,-37.33,-37.75,False,9895.0,False,EXIT
ANDHRAPAP,Andhra Paper Limited,Basic Materials,Paper & Paper Products,61.0,False,59.14,False,False,-24.51,-25.48,False,,False,EXIT
LAXMIDENTL,LAXMIDENTL,Healthcare,Medical Instruments & Supplies,215.55999755859375,False,28.98,False,False,-61.85,-51.3,False,239.0,True,EXIT
GCSL,Gretex Corporate Services Limited,Financial Services,Capital Markets,517.3499755859375,True,18.69,False,True,,,False,262.0,True,EXIT
ORIENTTECH,ORIENTTECH,Technology,Information Technology Services,259.04998779296875,False,43.830000000000005,False,False,-12.3,-12.81,False,840.0,True,EXIT
AWHCL,Antony Waste Handling Cell Limited,Industrials,Waste Management,417.3500061035156,False,75.45,False,False,-37.7,-36.96,False,934.0,True,EXIT
ARROWGREEN,Arrow Greentech Limited,Consumer Cyclical,Packaging & Containers,772.2999877929688,False,47.35,False,True,-8.31,-2.69,False,243.0,True,EXIT
APEX,Apex Frozen Foods Limited,Consumer Defensive,Farm Products,385.8500061035156,False,38.85,False,True,73.19,67.25,True,,False,HOLD
GHCLTEXTIL,GHCL Textiles Limited,Consumer Cyclical,Textile Manufacturing,120.86000061035156,True,96.2,False,True,40.36,45.87,True,,False,HOLD
GREENPOWER,Orient Green Power Company Limited,Utilities,Utilities - Independent Power Producers,9.789999961853027,False,147.47,True,False,-20.95,-31.91,False,413.0,False,EXIT
ARIHANTSUP,Arihant Superstructures Limited,Real Estate,Real Estate - Development,261.8999938964844,False,32.58,False,False,-26.27,-42.83,False,510.0,False,EXIT
RIIL,Reliance Industrial Infrastructure Limited,Industrials,Engineering & Construction,754.2999877929688,False,12.17,False,False,-16.59,-15.9,False,102.0,False,EXIT
NAHARSPING,Nahar Spinning Mills Limited,Consumer Cyclical,Textile Manufacturing,307.1000061035156,False,56.940000000000005,False,True,38.54,44.05,True,,False,HOLD
VHL,Vardhman Holdings Limited,Financial Services,Credit Services,3554.5,False,216.02999999999997,False,True,-12.81,-13.34,False,70.0,False,EXIT
JPOLYINVST,Jindal Poly Investment and Finance Company Limited,Financial Services,Asset Management,1040.699951171875,False,857.5099999999999,True,False,35.06,34.31,True,3125.0,False,HOLD
BIL,Bhartiya International Ltd.,Consumer Cyclical,Footwear & Accessories,827.1500244140625,False,30.990000000000002,False,True,-14.15,-8.52,False,1029.0,True,EXIT
HMAAGRO,HMA Agro Industries Limited,Consumer Defensive,Packaged Foods,22.09000015258789,False,164.75,False,False,-28.08,-33.34,False,4862.0,True,EXIT
MANALIPETC,Manali Petrochemicals Limited,Basic Materials,Specialty Chemicals,64.3499984741211,False,129.96,False,True,-5.5,-6.52,False,1672.0,False,EXIT
BAJAJHCARE,Bajaj HealthCare Limited,Healthcare,Drug Manufacturers - Specialty & Generic,330.25,False,64.05,False,False,-42.75,-32.33,False,,False,EXIT
NELCAST,Nelcast Limited,Industrials,Metal Fabrication,124.75,False,48.81,False,True,-33.91,-33.18,False,1267.0,False,EXIT
JINDALPHOT,Jindal Photo Limited,Financial Services,Asset Management,1059.9000244140625,False,222.42,False,False,21.5,20.82,True,1412.0,False,EXIT
AVTNPL,AVT Natural Products Limited,Basic Materials,Specialty Chemicals,71.7699966430664,False,64.8,False,True,-3.11,-4.14,False,582.0,False,EXIT
BCLIND,BCL Industries Limited,Consumer Defensive,Beverages - Wineries & Distilleries,37.34000015258789,False,114.97999999999999,True,True,-13.66,-19.02,False,2815.0,True,HOLD
AMBIKCO,Ambika Cotton Mills Limited,Consumer Cyclical,Textile Manufacturing,1654.0999755859375,False,71.56,False,True,7.88,13.46,True,,False,HOLD
YUKEN,Yuken India Limited,Industrials,Specialty Industrial Machinery,804.5,False,15.489999999999998,False,True,-27.13,-26.42,False,457.0,True,EXIT
TNPL,Tamil Nadu Newsprint and Papers Limited,Basic Materials,Paper & Paper Products,153.8800048828125,False,276.6,False,True,-5.42,-6.44,False,,False,EXIT
ARIS,Arisinfra Solutions Limited,Industrials,Engineering & Construction,136.5,False,52.72,True,True,-12.17,-11.49,False,768.0,True,HOLD
GANDHITUBE,Gandhi Special Tubes Limited,Industrials,Metal Fabrication,882.0999755859375,False,68.36,True,True,17.19,17.8,True,173.0,True,HOLD
SALZERELEC,Salzer Electronics Limited,Industrials,Electrical Equipment & Parts,571.0499877929688,False,52.94,True,False,-43.14,-42.39,False,1418.0,True,EXIT
DAMCAPITAL,DAMCAPITAL,Financial Services,Capital Markets,151.0,False,72.69,False,False,-33.18,-33.62,False,250.0,True,EXIT
SHREDIGCEM,Shree Digvijay Cement Company Limited,Basic Materials,Building Materials,71.55999755859375,False,35.53,False,False,-16.98,-17.97,False,792.0,False,EXIT
AMNPLST,Amines & Plasticizers Limited,Basic Materials,Chemicals,199.27999877929688,False,36.53,False,True,-11.68,-12.68,False,661.0,True,EXIT
MADRASFERT,Madras Fertilizers Limited,Basic Materials,Agricultural Inputs,66.58000183105469,False,80.42,False,False,-30.19,-31.13,False,,False,EXIT
GRPLTD,GRP Limited,Consumer Cyclical,Auto Parts,1981.699951171875,False,8.35,False,True,-14.94,-9.3,False,550.0,True,EXIT
EIMCOELECO,Eimco Elecon (India) Limited,Industrials,Farm & Heavy Construction Machinery,1800.300048828125,False,48.74000000000001,True,True,-29.48,-28.76,False,228.0,True,HOLD
CREST,Crest Ventures Limited,Financial Services,Financial Conglomerates,365.25,False,48.51,False,True,-10.12,-10.66,False,,False,EXIT
GKSL,GKSL,Healthcare,Medical Care Facilities,133.7100067138672,False,17.060000000000002,False,False,,,False,40.24,True,EXIT
HITECHGEAR,The Hi-Tech Gears Limited,Consumer Cyclical,Auto Parts,563.75,False,20.979999999999997,False,False,-28.26,-22.59,False,1169.0,False,EXIT
MAMATA,MAMATA,Industrials,Specialty Industrial Machinery,425.29998779296875,False,15.06,False,True,-14.02,-13.34,False,255.0,True,EXIT
BALAJITELE,Balaji Telefilms Limited,Communication Services,Entertainment,90.43000030517578,False,49.089999999999996,False,False,7.32,-12.37,False,625.0,False,EXIT
SWELECTES,Swelect Energy Systems Limited,Technology,Solar,691.25,False,55.17,False,True,6.01,5.39,True,622.0,True,HOLD
MONTECARLO,Monte Carlo Fashions Limited,Consumer Cyclical,Apparel Manufacturing,505.6499938964844,False,144.6,True,False,-19.2,-13.55,False,1118.0,False,EXIT
SUYOG,Suyog Telematics Limited,Communication Services,Telecom Services,852.0,False,63.06,False,True,17.61,-2.22,False,193.0,True,EXIT
SALASAR,Salasar Techno Engineering Limited,Basic Materials,Steel,5.840000152587891,False,42.199999999999996,False,False,-21.15,-22.13,False,1447.0,True,EXIT
THEMISMED,Themis Medicare Limited,Healthcare,Drug Manufacturers - Specialty & Generic,108.9800033569336,False,36.82,False,True,-18.73,-8.46,False,406.0,True,EXIT
MUNJALAU,Munjal Auto Industries Limited,Consumer Cyclical,Auto Parts,102.11000061035156,False,40.74,False,True,29.96,35.5,True,2123.0,False,HOLD
AFSL,Abans Financial Services Limited,Financial Services,Capital Markets,201.24000549316406,False,104.07000000000001,False,False,-14.43,-14.95,False,4377.0,False,EXIT
STEL,STEL Holdings Limited,Financial Services,Asset Management,535.5499877929688,False,11.99,False,True,22.88,22.19,True,22.0,True,HOLD
JARO,JARO,Consumer Defensive,Education & Training Services,456.79998779296875,False,50.44,False,False,,,False,199.0,True,EXIT
LGHL,LGHL,Consumer Cyclical,Luxury Goods,197.8000030517578,False,15.24,True,False,-41.88,-36.17,False,202.0,False,EXIT
HIMATSEIDE,Himatsingka Seide Limited,Consumer Cyclical,Textile Manufacturing,79.13999938964844,False,61.97,False,False,-46.89,-41.17,False,3184.0,False,EXIT
PRIMESECU,Prime Securities Limited,Financial Services,Capital Markets,302.04998779296875,False,29.290000000000003,False,True,6.51,5.89,True,89.0,True,HOLD
WEALTH,Wealth First Portfolio Managers Limited,Financial Services,Capital Markets,939.3499755859375,False,38.67,False,False,-31.42,-31.87,False,331.0,False,EXIT
KRISHIVAL,KRISHIVAL,Consumer Defensive,Packaged Foods,397.79998779296875,False,21.48,True,True,6.74,1.24,True,202.0,True,HOLD
MATRIMONY,Matrimony.com Limited,Communication Services,Internet Content & Information,480.3500061035156,False,34.17,False,True,6.04,-13.64,False,481.0,False,EXIT
KAMDHENU,Kamdhenu Limited,Basic Materials,Steel,35.189998626708984,False,85.62,True,True,12.97,11.9,True,924.0,False,HOLD
SOLEX,SOLEX,Technology,Solar,903.4000244140625,False,86.16,True,False,-32.43,-32.82,False,662.0,True,EXIT
MASTERTR,Master Trust Limited,Financial Services,Capital Markets,80.61000061035156,False,126.08999999999999,False,False,-56.89,-57.23,False,584.0,True,EXIT
RSWM,RSWM Limited,Consumer Cyclical,Textile Manufacturing,205.30999755859375,False,52.02,False,True,25.38,30.93,True,4826.0,True,HOLD
PRECOT,Precot Limited,Consumer Cyclical,Textile Manufacturing,771.7000122070312,False,28.29,False,True,47.96,53.45,True,993.0,False,HOLD
HEALTHX,Health X Platform Limited,Healthcare,Pharmaceutical Retailers,303.20001220703125,False,48.900000000000006,False,True,-10.11,0.09,False,,False,EXIT
SUDARCOLOR,Sudarshan Colorants India Limited,Basic Materials,Specialty Chemicals,410.70001220703125,False,48.519999999999996,False,True,-35.31,-36.25,False,973.0,False,EXIT
GKWLIMITED,GKW Limited,Industrials,Specialty Business Services,1651.5,False,40.09,True,False,-6.27,-5.6,False,117.78,False,EXIT
DHAMPURSUG,Dhampur Sugar Mills Limited,Consumer Defensive,Confectioners,159.42999267578125,False,86.03999999999999,False,True,17.16,11.59,True,3484.0,False,HOLD
GEMAROMA,GEMAROMA,Basic Materials,Chemicals,178.8800048828125,False,36.18,False,False,,,False,504.0,True,EXIT
SURAJEST,SURAJEST,Real Estate,Real Estate - Development,208.47000122070312,False,75.47,False,False,-15.63,-32.32,False,549.0,True,EXIT
UTTAMSUGAR,Uttam Sugar Mills Limited,Consumer Defensive,Confectioners,258.7200012207031,False,100.28,False,True,7.1,1.6,True,2047.0,False,HOLD
SIGACHI,Sigachi Industries Limited,Healthcare,Drug Manufacturers - Specialty & Generic,25.40999984741211,False,121.52999999999999,False,False,-37.8,-27.42,False,488.0,True,EXIT
EXCELSOFT,EXCELSOFT,Technology,Software - Application,77.68000030517578,False,53.39,False,False,,,False,233.0,True,EXIT
MAXIND,Max India Limited,Healthcare,Medical Care Facilities,169.4600067138672,False,121.85000000000001,False,False,-33.28,-22.92,False,233.0,False,EXIT
CONSOFINVT,Consolidated Finvest & Holdings Limited,Financial Services,Capital Markets,281.6499938964844,False,63.26,False,True,41.92,41.14,True,,False,HOLD
ZUARI,Zuari Agro Chemicals Limited,Basic Materials,Agricultural Inputs,227.4600067138672,False,989.3599999999999,True,False,-42.1,-43.02,False,8103.0,False,EXIT
BSHSL,Bombay Super Hybrid Seeds Limited,Basic Materials,Agricultural Inputs,90.27999877929688,False,23.14,False,False,-36.51,-37.44,False,,False,EXIT
TVSELECT,TVS Electronics Limited,Technology,Computer Hardware,458.8999938964844,False,8.36,False,False,6.95,6.33,True,4112.0,False,EXIT
MAFATIND,Mafatlal Industries Limited,Unknown,Unknown,127.5199966430664,False,89.98,False,False,,,False,,False,EXIT
GAUDIUMIVF,GAUDIUMIVF,Healthcare,Medical Care Facilities,128.35000610351562,False,21.849999999999998,False,False,,,False,71.0,True,EXIT
KECL,Kirloskar Electric Company Limited,Industrials,Specialty Industrial Machinery,150.1699981689453,False,15.13,False,True,18.41,19.02,True,680.0,False,HOLD
INDOAMIN,Indo Amines Limited,Basic Materials,Chemicals,131.25999450683594,False,79.33,True,True,-9.81,-10.82,False,1079.0,True,HOLD
UNIECOM,UNIECOM,Technology,Software - Application,84.38999938964844,False,20.45,False,False,-33.42,-33.8,False,135.0,True,EXIT
FAIRCHEMOR,Fairchem Organics Limited,Basic Materials,Specialty Chemicals,750.0,False,14.569999999999999,False,True,-17.17,-18.16,False,,False,EXIT
TEMBO,Tembo Global Industries Limited,Industrials,Metal Fabrication,62.099998474121094,False,96.35,False,True,23.8,24.4,True,744.0,True,HOLD
DVL,Dhunseri Ventures Limited,Financial Services,Capital Markets,283.05999755859375,False,112.34,False,True,-22.98,-23.47,False,4172.0,False,EXIT
SGIL,Synergy Green Industries Limited,Industrials,Metal Fabrication,617.9000244140625,True,7.64,False,True,12.82,13.44,True,,False,HOLD
GAYAPROJ,Gayatri Projects Limited,Industrials,Engineering & Construction,19.799999237060547,False,2272.04,False,True,129.29,129.64,True,,False,HOLD
IRISDOREME,Iris Clothings Limited,Consumer Cyclical,Apparel Manufacturing,55.77000045776367,False,16.55,False,True,57.84,63.31,True,,False,HOLD
PDMJEPAPER,Pudumjee Paper Products Limited,Basic Materials,Paper & Paper Products,97.80999755859375,False,93.59,False,True,-29.43,-30.38,False,,False,EXIT
NRAIL,N R Agarwal Industries Limited,Basic Materials,Paper & Paper Products,527.75,True,46.65,False,True,36.08,34.94,True,,False,HOLD
CONTROLPR,Control Print Limited,Industrials,Business Equipment & Supplies,579.9000244140625,False,38.959999999999994,False,False,-28.03,-27.32,False,425.0,True,EXIT
RAJOOENG,Rajoo Engineers Limited,Industrials,Specialty Industrial Machinery,51.5,False,50.84,True,False,-56.3,-55.52,False,254.0,True,EXIT
IFBAGRO,IFB Agro Industries Limited,Consumer Defensive,Beverages - Wineries & Distilleries,980.0999755859375,False,59.650000000000006,True,False,26.17,20.54,True,1246.0,False,HOLD
ESTER,Ester Industries Limited,Basic Materials,Specialty Chemicals,99.22000122070312,False,43.22,False,True,-10.76,-11.76,False,1282.0,True,EXIT
TNPETRO,Tamilnadu Petroproducts Limited,Basic Materials,Specialty Chemicals,99.55000305175781,False,97.46000000000001,False,True,-1.58,-2.61,False,2150.0,False,EXIT
COMSYN,Commercial Syn Bags Limited,Consumer Cyclical,Packaging & Containers,269.0299987792969,True,26.31,False,True,90.22,95.61,True,341.0,True,HOLD
BHAGERIA,Bhageria Industries Limited,Basic Materials,Specialty Chemicals,206.16000366210938,False,68.44,False,True,12.91,11.84,True,597.0,True,HOLD
MODISONLTD,Modison Limited,Industrials,Electrical Equipment & Parts,292.8500061035156,False,72.53,True,True,79.55,80.01,True,490.0,True,HOLD
BORANA,BORANA,Consumer Cyclical,Textile Manufacturing,343.3500061035156,False,64.61,False,True,44.65,50.15,True,,False,HOLD
PVP,PVP Ventures Limited,Industrials,Conglomerates,34.66999816894531,False,7.38,False,True,74.96,75.44,True,159.97,False,HOLD
HEXATRADEX,Hexa Tradex Limited,Financial Services,Credit Services,159.22000122070312,False,8.72,False,False,-16.89,-17.4,False,133.23,False,EXIT
WCIL,WCIL,Industrials,Integrated Freight & Logistics,87.91999816894531,False,38.82,False,False,-29.96,-29.25,False,1726.0,True,EXIT
DHARMAJ,Dharmaj Crop Guard Limited,Basic Materials,Agricultural Inputs,281.04998779296875,False,54.650000000000006,True,True,-18.6,-19.58,False,951.0,True,HOLD
SADHNANIQ,Sadhana Nitro Chem Limited,Basic Materials,Chemicals,3.1700000762939453,False,86.43,True,False,-54.99,-55.87,False,267.0,False,EXIT
SALSTEEL,S.A.L. Steel Limited,Basic Materials,Steel,59.0099983215332,False,21.060000000000002,False,True,266.9,265.11,True,,False,HOLD
MICEL,MIC Electronics Limited,Technology,Electronic Components,37.029998779296875,False,24.03,False,False,-24.24,-24.68,False,218.0,False,EXIT
DENTA,DENTA,Industrials,Engineering & Construction,336.45001220703125,False,60.900000000000006,False,True,2.4,3.04,True,239.0,False,HOLD
SUPREMEINF,Supreme Infrastructure India Limited,Industrials,Engineering & Construction,88.38999938964844,False,6815.37,True,True,-27.28,-26.57,False,2570.0,False,HOLD
WANBURY,Wanbury Limited,Healthcare,Drug Manufacturers - Specialty & Generic,246.14999389648438,False,66.13,False,False,-19.63,-9.36,False,661.0,False,EXIT
REGAAL,REGAAL,Consumer Defensive,Packaged Foods,83.5199966430664,False,55.57,False,True,,,False,915.0,True,EXIT
SRHHYPOLTD,Sree Rayalaseema Hi-Strength Hypo Limited,Basic Materials,Chemicals,498.3500061035156,False,89.50999999999999,False,True,-20.61,-21.58,False,1650.0,False,EXIT
STERTOOLS,Sterling Tools Limited,Industrials,Tools & Accessories,232.14999389648438,False,29.330000000000005,False,False,-29.52,-28.81,False,1026.0,True,EXIT
ROHLTD,Royal Orchid Hotels Limited,Consumer Cyclical,Lodging,323.20001220703125,False,32.18,False,False,-31.24,-25.56,False,319.0,True,EXIT
KOTHARIPET,Kothari Petrochemicals Limited,Basic Materials,Specialty Chemicals,145.50999450683594,False,72.5,True,True,-10.86,-11.87,False,334.0,False,HOLD
LIKHITHA,Likhitha Infrastructure Limited,Energy,Oil & Gas Equipment & Services,226.61000061035156,False,39.209999999999994,False,True,-30.77,-22.86,False,520.0,True,EXIT
KOPRAN,Kopran Limited,Healthcare,Drug Manufacturers - General,177.7100067138672,False,45.580000000000005,False,True,-2.85,7.31,False,630.0,True,EXIT
SVLL,Shree Vasu Logistics Limited,Industrials,Trucking,746.0,False,4.04,False,True,-12.14,-11.47,False,,False,EXIT
BODALCHEM,Bodal Chemicals Limited,Basic Materials,Specialty Chemicals,68.86000061035156,False,47.82000000000001,False,True,-3.02,-4.05,False,2055.0,False,EXIT
NDTV,New Delhi Television Limited,Communication Services,Broadcasting,76.13999938964844,False,330.12,True,False,-27.84,-47.06,False,571.0,False,EXIT
GANESHBE,Ganesh Benzoplast Limited,Basic Materials,Specialty Chemicals,120.36000061035156,False,73.33,False,True,33.65,32.52,True,477.0,False,HOLD
PROSTARM,PROSTARM,Industrials,Electrical Equipment & Parts,146.39999389648438,False,32.96,False,False,-32.79,-32.07,False,351.0,True,EXIT
SANDESH,The Sandesh Limited,Communication Services,Publishing,1096.550048828125,False,134.92,False,True,-6.13,-25.64,False,419.0,False,EXIT
JITFINFRA,JITF Infralogistics Limited,Industrials,Engineering & Construction,344.04998779296875,False,48.14,False,True,-5.59,-4.93,False,2535.0,False,EXIT
STANLEY,STANLEY,Consumer Cyclical,"Furnishings, Fixtures & Appliances",143.19000244140625,False,14.9,False,False,-65.46,-59.7,False,432.0,False,EXIT
CIFL,Capital India Finance Limited,Financial Services,Credit Services,21.940000534057617,False,50.75,True,False,-38.36,-38.78,False,,False,EXIT
ORICONENT,Oricon Enterprises Limited,Consumer Cyclical,Packaging & Containers,53.290000915527344,False,34.12,False,False,-13.6,-7.96,False,1167.0,False,EXIT
VISAKAIND,Visaka Industries Limited,Industrials,Building Products & Equipment,103.5199966430664,False,102.80000000000001,False,True,7.79,8.42,True,1653.0,False,HOLD
SCODATUBES,Scoda Tubes Limited,Basic Materials,Steel,140.30999755859375,False,38.839999999999996,False,False,-29.91,-30.86,False,,False,EXIT
KOKUYOCMLN,Kokuyo Camlin Limited,Industrials,Business Equipment & Supplies,83.9800033569336,False,24.78,True,False,-33.42,-32.7,False,689.0,True,EXIT
TIRUPATIFL,Tirupati Forge Limited,Industrials,Metal Fabrication,70.5,False,6.29,False,True,87.39,87.84,True,,False,HOLD
RITCO,Ritco Logistics Limited,Industrials,Integrated Freight & Logistics,306.20001220703125,False,36.07,False,True,0.51,1.16,True,1187.0,True,HOLD
VHLTD,Viceroy Hotels Limited,Consumer Cyclical,Lodging,127.01000213623047,False,22.79,False,False,12.5,18.07,True,138.0,False,EXIT
SEJALLTD,Sejal Glass Limited,Industrials,Building Products & Equipment,715.0,False,24.490000000000002,False,False,19.72,20.32,True,244.0,True,EXIT
OMINFRAL,Om Infra Limited,Industrials,Engineering & Construction,87.52999877929688,False,22.529999999999998,False,False,-29.9,-29.19,False,1114.0,False,EXIT
QUICKHEAL,Quick Heal Technologies Limited,Technology,Software - Application,151.1699981689453,False,37.34,False,False,-52.51,-52.77,False,342.0,False,EXIT
KRYSTAL,KRYSTAL,Industrials,Specialty Business Services,602.5499877929688,False,55.46,False,True,-10.07,-9.4,False,1113.0,True,EXIT
VLSFINANCE,VLS Finance Limited,Financial Services,Capital Markets,262.75,False,170.82999999999998,False,True,6.78,6.16,True,4625.0,False,HOLD
MVGJL,Manoj Vaibhav Gems 'N' Jewellers Limited,Consumer Cyclical,Luxury Goods,172.52000427246094,False,114.98,False,True,-31.29,-25.61,False,,False,EXIT
MMP,MMP Industries Limited,Basic Materials,Aluminum,343.6499938964844,False,41.83,True,True,31.73,30.6,True,692.0,True,HOLD
SYSTMTXC,Systematix Corporate Services Limited,Financial Services,Capital Markets,59.099998474121094,False,28.640000000000004,False,False,,,False,168.0,True,EXIT
ARIHANTCAP,Arihant Capital Markets Limited,Financial Services,Capital Markets,75.79000091552734,False,40.25,False,False,-26.74,-27.21,False,241.0,True,EXIT
FINKURVE,Finkurve Financial Services Limited,Financial Services,Credit Services,60.45000076293945,False,26.029999999999998,True,False,,,False,,False,EXIT
GICHSGFIN,GIC Housing Finance Limited,Financial Services,Mortgage Finance,153.36000061035156,False,154.82,False,False,-19.85,-20.36,False,,False,EXIT
RADHIKAJWE,Radhika Jeweltech Limited,Consumer Cyclical,Luxury Goods,68.61000061035156,False,74.78999999999999,False,False,-40.25,-34.55,False,,False,EXIT
SICALLOG,Sical Logistics Limited,Industrials,Integrated Freight & Logistics,102.06999969482422,False,72.93,True,True,-9.92,-9.25,False,1303.0,False,HOLD
ADVANCE,ADVANCE,Basic Materials,Agricultural Inputs,121.20999908447266,False,27.78,False,True,,,False,496.0,True,EXIT
NCLIND,NCL Industries Limited,Basic Materials,Building Materials,174.0800018310547,False,95.39,False,False,-21.42,-22.39,False,2104.0,False,EXIT
DECCANCE,Deccan Cements Limited,Basic Materials,Building Materials,562.25,False,29.7,True,False,-51.26,-52.15,False,527.0,False,EXIT
SARLAPOLY,Sarla Performance Fibers Limited,Consumer Cyclical,Textile Manufacturing,99.30000305175781,False,106.14999999999999,True,True,-17.14,-11.49,False,426.0,False,HOLD
VALIANTORG,Valiant Organics Limited,Basic Materials,Chemicals,297.75,False,33.239999999999995,False,True,-17.36,-18.35,False,1153.0,False,EXIT
NRL,Nupur Recyclers Limited,Industrials,Waste Management,115.0199966430664,False,14.219999999999999,False,True,57.19,57.7,True,240.0,False,HOLD
ASAL,Automotive Stampings and Assemblies Limited,Consumer Cyclical,Auto Parts,498.54998779296875,False,29.83,False,True,-2.36,3.25,False,,False,EXIT
ADVENTHTL,Advent Hotels International Limited,Consumer Cyclical,Lodging,145.47999572753906,False,56.67,True,False,,,False,0.0,True,EXIT
ANUHPHR,Anuh Pharma Limited,Healthcare,Drug Manufacturers - Specialty & Generic,77.63999938964844,False,41.040000000000006,False,False,-30.74,-20.4,False,,False,EXIT
RAMASTEEL,Rama Steel Tubes Limited,Basic Materials,Steel,4.760000228881836,False,13.16,False,False,-60.36,-61.22,False,1337.0,False,EXIT
OCCLLTD,OCCL Limited,Basic Materials,Chemicals,156.19000244140625,False,74.82,False,True,11.7,10.64,True,,False,HOLD
VASCONEQ,Vascon Engineers Limited,Industrials,Engineering & Construction,34.47999954223633,False,48.9,False,False,-36.3,-35.57,False,1077.0,True,EXIT
ECOSMOBLTY,ECOSMOBLTY,Industrials,Rental & Leasing Services,131.5500030517578,False,57.58,False,False,-61.36,-60.57,False,642.0,True,EXIT
RMDRIP,RMDRIP,Industrials,Farm & Heavy Construction Machinery,17.760000228881836,False,35.1,True,False,-59.88,-59.09,False,131.0,True,EXIT
AHCL,AHCL,Healthcare,Drug Manufacturers - Specialty & Generic,14.449999809265137,False,31.630000000000003,False,True,,,False,,False,EXIT
ZUARIIND,Zuari Industries Limited,Industrials,Conglomerates,261.3999938964844,False,221.74,True,False,-20.97,-20.27,False,871.0,True,EXIT
HARDWYN,Hardwyn India Limited,Industrials,Building Products & Equipment,11.260000228881836,False,13.2,False,False,15.42,16.03,True,184.0,True,EXIT
PVSL,Popular Vehicles and Services Limited,Consumer Cyclical,Auto & Truck Dealerships,109.29000091552734,False,14.96,False,False,-16.86,-11.22,False,5616.0,False,EXIT
AGARIND,Agarwal Industrial Corporation Limited,Basic Materials,Specialty Chemicals,514.2000122070312,False,43.57,False,False,-50.51,-51.4,False,2399.0,True,EXIT
MODIS,Modi's Navnirman Limited,Real Estate,Real Estate - Development,393.70001220703125,True,25.700000000000003,True,False,,,False,74.97,True,EXIT
INDOFARM,INDOFARM,Industrials,Farm & Heavy Construction Machinery,150.80999755859375,False,74.69,True,False,-34.34,-33.62,False,368.0,True,EXIT
MEIL,MEIL,Industrials,Electrical Equipment & Parts,273.6000061035156,False,46.959999999999994,False,False,,,False,549.0,True,EXIT
GLOSTERLTD,Gloster Limited,Consumer Cyclical,Textile Manufacturing,659.9000244140625,False,19.62,False,True,-10.78,-5.14,False,735.0,True,EXIT
BIRLACABLE,Birla Cable Limited,Technology,Communication Equipment,266.9200134277344,False,16.89,False,True,54.38,53.47,True,792.0,False,HOLD
SUBEXLTD,Subex Limited,Technology,Software - Application,13.890000343322754,False,28.53,False,True,7.21,6.59,True,372.0,False,HOLD
GEECEE,GeeCee Ventures Limited,Real Estate,Real Estate - Development,371.8999938964844,False,42.09,False,True,12.39,-4.65,False,201.0,False,EXIT
SOUTHWEST,South West Pinnacle Exploration Limited,Energy,Oil & Gas Equipment & Services,231.8000030517578,False,39.97,True,True,47.44,53.17,True,180.0,True,HOLD
DWARKESH,Dwarikesh Sugar Industries Limited,Consumer Defensive,Confectioners,42.279998779296875,False,131.2,False,True,5.0,-0.49,False,,False,EXIT
KUANTUM,Kuantum Papers Limited,Basic Materials,Paper & Paper Products,86.29000091552734,False,41.949999999999996,False,False,-29.89,-30.84,False,,False,EXIT
LOKESHMACH,Lokesh Machines Limited,Industrials,Specialty Industrial Machinery,351.25,False,1.85,False,True,60.6,61.11,True,,False,HOLD
PREMIERPOL,Premier Polyfilm Ltd.,Basic Materials,Specialty Chemicals,70.55000305175781,False,34.949999999999996,False,True,34.63,33.5,True,,False,HOLD
KELLTONTEC,Kellton Tech Solutions Limited,Technology,Software - Application,14.039999961853027,False,91.33,True,False,-50.91,-51.18,False,1098.0,True,EXIT
XCHANGING,Xchanging Solutions Limited,Technology,Information Technology Services,68.0199966430664,False,57.839999999999996,False,False,-26.6,-27.02,False,307.0,False,EXIT
DBOL,Dhampur Bio Organics Limited,Consumer Defensive,Farm Products,116.70999908447266,False,92.91,False,True,45.87,40.11,True,2408.0,False,HOLD
BIRLAMONEY,Aditya Birla Money Limited,Financial Services,Capital Markets,133.4600067138672,False,59.46,True,False,-26.39,-26.86,False,164.0,True,EXIT
ELDEHSG,Eldeco Housing and Industries Limited,Real Estate,Real Estate Services,749.7000122070312,False,24.279999999999998,False,False,15.89,-1.2,False,169.0,False,EXIT
MAANALU,Maan Aluminium Limited,Basic Materials,Aluminum,124.88999938964844,False,13.030000000000001,True,False,1.0,-0.03,False,42.16,True,EXIT
BAJAJINDEF,BAJAJINDEF,Industrials,Farm & Heavy Construction Machinery,231.25,False,23.619999999999997,False,False,-50.02,-49.26,False,179.0,True,EXIT
EVERESTIND,Everest Industries Limited,Industrials,Building Products & Equipment,481.8999938964844,False,188.86999999999998,True,True,-11.74,-11.07,False,1707.0,True,HOLD
ONMOBILE,OnMobile Global Limited,Communication Services,Telecom Services,68.30999755859375,False,61.809999999999995,True,True,43.22,23.05,True,865.0,False,HOLD
PATELRMART,PATELRMART,Consumer Cyclical,Department Stores,219.44000244140625,False,39.300000000000004,False,True,,,False,,False,EXIT
ATL,Allcargo Terminals Limited,Industrials,Integrated Freight & Logistics,25.020000457763672,False,44.209999999999994,False,False,-23.12,-22.42,False,758.0,True,EXIT
HMVL,Hindustan Media Ventures Limited,Communication Services,Publishing,93.87000274658203,False,48.690000000000005,False,True,22.45,2.55,True,933.0,False,HOLD
MAGADSUGAR,Magadh Sugar & Energy Limited,Consumer Defensive,Confectioners,531.5499877929688,False,84.21,False,True,0.96,-4.5,False,,False,EXIT
DCMSIL,DCM Shriram International Limited,Industrials,Industrial Distribution,82.94999694824219,False,27.71,False,False,,,False,574.0,True,EXIT
DPSCLTD,India Power Corporation Limited,Utilities,Utilities - Regulated Electric,7.360000133514404,False,12.82,False,False,-32.4,-43.05,False,833.0,False,EXIT
VIVIANA,VIVIANA,Industrials,Engineering & Construction,703.7999877929688,False,0.0,False,False,-47.45,-46.7,False,,False,EXIT
HERANBA,Heranba Industries Limited,Basic Materials,Agricultural Inputs,176.61000061035156,False,88.61999999999999,False,False,-54.3,-55.18,False,1410.0,True,EXIT
BLAL,BEML Land Assets Limited,Financial Services,Shell Companies,171.97999572753906,False,1.96,False,False,-20.92,-21.42,False,,False,EXIT
XTRANET,XTRANET,Technology,Information Technology Services,143.02000427246094,True,0.0,False,False,,,False,,False,EXIT
BESTAGRO,Best Agrolife Limited,Basic Materials,Agricultural Inputs,19.84000015258789,False,129.56,False,True,-39.28,-40.21,False,1873.0,False,EXIT
STCINDIA,The State Trading Corporation of India Limited,Industrials,Conglomerates,118.62999725341797,False,641.5699999999999,True,False,-5.7,-5.04,False,15539.0,False,EXIT
SHALPAINTS,Shalimar Paints Limited,Basic Materials,Specialty Chemicals,84.37000274658203,False,64.85,True,True,7.55,6.49,True,599.0,True,HOLD
TRANSPEK,Transpek Industry Limited,Basic Materials,Chemicals,1232.5999755859375,False,45.65,False,False,,,False,,False,EXIT
LAXMIINDIA,LAXMIINDIA,Financial Services,Credit Services,134.2899932861328,False,54.55,False,True,-22.4,-22.89,False,,False,EXIT
MUKKA,Mukka Proteins Limited,Consumer Defensive,Packaged Foods,24.010000228881836,False,51.77000000000001,False,True,-12.12,-17.49,False,1269.0,False,EXIT
SPECIALITY,Speciality Restaurants Limited,Consumer Cyclical,Restaurants,150.14999389648438,False,21.55,False,True,9.28,14.87,True,436.0,True,HOLD
PANACHE,Panache Digilife Limited,Technology,Communication Equipment,481.45001220703125,True,16.66,True,True,87.37,86.25,True,116.0,True,ADD
CHEMCON,Chemcon Speciality Chemicals Limited,Basic Materials,Specialty Chemicals,191.58999633789062,False,23.6,False,False,-20.8,-21.78,False,,False,EXIT
DMCC,DMCC Speciality Chemicals Limited,Basic Materials,Chemicals,313.1000061035156,False,27.33,False,True,-11.7,-12.71,False,431.0,True,EXIT
SAURASHCEM,Saurashtra Cement Limited,Basic Materials,Building Materials,60.70000076293945,False,56.949999999999996,False,False,-53.02,-53.9,False,1765.0,False,EXIT
CCCL,Consolidated Construction Consortium Limited,Industrials,Engineering & Construction,15.170000076293945,False,88.95,False,False,-10.57,-9.9,False,882.0,False,EXIT
COFFEEDAY,Coffee Day Enterprises Limited,Consumer Cyclical,Restaurants,31.06999969482422,False,228.00000000000003,False,False,-25.27,-19.61,False,4142.0,False,EXIT
TVTODAY,T.V. Today Network Limited,Communication Services,Broadcasting,113.22000122070312,False,18.490000000000002,False,False,-6.73,-26.23,False,993.0,True,EXIT
AQYLON,Aqylon Nexus Limited,Communication Services,Broadcasting,26.729999542236328,False,11.45,True,False,-85.11,-103.55,False,180.0,False,EXIT
INNOVANA,INNOVANA,Technology,Software - Application,338.25,False,37.55,False,False,-40.76,-41.1,False,103.0,True,EXIT
CHEVIOT,Cheviot Company Limited,Consumer Cyclical,Textile Manufacturing,1142.800048828125,False,69.80000000000001,False,True,-13.96,-8.32,False,122.0,True,EXIT
WELINV,Welspun Investments and Commercials Limited,Financial Services,Capital Markets,1807.0,False,3.95,False,True,69.36,68.46,True,,False,HOLD
INNOVISION,INNOVISION,Industrials,Staffing & Employment Services,282.20001220703125,False,22.979999999999997,False,False,,,False,893.0,True,EXIT
KILITCH,Kilitch Drugs (India) Limited,Healthcare,Drug Manufacturers - Specialty & Generic,192.1999969482422,False,30.17,False,True,-30.48,-20.14,False,198.0,True,EXIT
BAFNAPH,Bafna Pharmaceuticals Limited,Healthcare,Drug Manufacturers - Specialty & Generic,279.29998779296875,True,11.1,True,True,212.56,221.29,True,185.0,False,ADD
GTPL,GTPL Hathway Limited,Communication Services,Entertainment,59.02000045776367,False,38.910000000000004,False,False,-36.6,-55.7,False,3477.0,True,EXIT
SCPL,Sheetal Cool Products Limited,Consumer Defensive,Packaged Foods,631.3499755859375,True,19.11,False,True,143.25,136.85,True,,False,HOLD
EMAMIPAP,Emami Paper Mills Limited,Basic Materials,Paper & Paper Products,111.18000030517578,False,93.67999999999999,False,True,19.05,17.96,True,,False,HOLD
ORBTEXP,Orbit Exports Limited,Consumer Cyclical,Textile Manufacturing,265.3500061035156,True,29.18,False,True,28.95,34.49,True,218.0,True,HOLD
EIFFL,Euro India Fresh Foods Limited,Consumer Defensive,Packaged Foods,282.75,False,7.23,False,True,20.63,15.04,True,,False,HOLD
20MICRONS,20 Microns Limited,Basic Materials,Other Industrial Metals & Mining,188.52999877929688,False,67.76,True,True,-23.51,-24.48,False,913.0,True,HOLD
KSOLVES,Ksolves India Limited,Technology,Software - Application,277.25,False,35.129999999999995,True,False,-17.97,-18.44,False,137.0,True,EXIT
MERCURYEV,Mercury Ev-Tech Limited,Consumer Cyclical,Auto Manufacturers,34.599998474121094,False,4.4,False,False,,,False,,False,EXIT
BIGBLOC,Bigbloc Construction Limited,Industrials,Building Products & Equipment,46.93000030517578,False,7.12,False,False,-15.17,-14.49,False,243.0,False,EXIT
UNITEDPOLY,United Polyfab Gujarat Limited,Consumer Cyclical,Textile Manufacturing,30.15999984741211,False,25.43,True,False,-36.18,-30.49,False,908.0,False,EXIT
JAYAGROGN,Jayant Agro-Organics Limited,Basic Materials,Specialty Chemicals,217.0399932861328,False,50.41,False,True,-14.3,-15.29,False,2778.0,False,EXIT
MANBA,MANBA,Financial Services,Credit Services,132.13999938964844,False,48.87,False,True,-8.85,-9.4,False,,False,EXIT
FABTECH,FABTECH,Healthcare,Health Information Services,147.4199981689453,False,38.08,False,False,,,False,327.0,True,EXIT
EMKAY,Emkay Global Financial Services Limited,Financial Services,Capital Markets,239.4199981689453,False,19.53,False,False,1.14,0.55,True,360.0,True,EXIT
SNOWMAN,Snowman Logistics Limited,Industrials,Integrated Freight & Logistics,39.20000076293945,False,14.5,False,False,-31.52,-30.8,False,,False,EXIT
KANORICHEM,Kanoria Chemicals & Industries Limited,Basic Materials,Chemicals,154.1300048828125,False,136.44000000000003,True,True,73.12,71.88,True,1578.0,False,HOLD
GANESHCP,GANESHCP,Consumer Defensive,Packaged Foods,161.5800018310547,False,147.21,False,False,,,False,,False,EXIT
PROZONER,Prozone Realty Limited,Real Estate,Real Estate - Diversified,42.939998626708984,False,10.7,False,False,9.75,-7.26,False,185.0,False,EXIT
VAKRANGEE,Vakrangee Limited,Technology,Information Technology Services,6.019999980926514,False,11.02,False,False,-37.03,-37.38,False,6502.0,False,EXIT
ADSL,Allied Digital Services Limited,Technology,Information Technology Services,115.36000061035156,False,47.169999999999995,True,False,-35.72,-36.08,False,366.0,True,EXIT
PYRAMID,Pyramid Technoplast Limited,Consumer Cyclical,Packaging & Containers,172.85000610351562,False,28.82,False,True,-3.93,1.68,False,,False,EXIT
AMANTA,AMANTA,Healthcare,Drug Manufacturers - Specialty & Generic,162.8300018310547,False,17.330000000000002,False,True,,,False,,False,EXIT
HTMEDIA,HT Media Limited,Communication Services,Publishing,27.65999984741211,False,54.27,False,True,27.44,7.48,True,2502.0,False,HOLD
SUTLEJTEX,Sutlej Textiles and Industries Limited,Consumer Cyclical,Textile Manufacturing,38.34000015258789,False,86.31,False,True,-7.99,-2.37,False,3076.0,False,EXIT
CHEMBONDCH,Chembond Chemicals Limited,Basic Materials,Specialty Chemicals,249.2899932861328,False,37.26,False,True,37.29,36.15,True,69.4,True,HOLD
GLOTTIS,GLOTTIS,Industrials,Integrated Freight & Logistics,67.7699966430664,False,37.08,False,True,,,False,,False,EXIT
ONWARDTEC,Onward Technologies Limited,Technology,Information Technology Services,284.75,False,43.55,True,True,-16.02,-16.5,False,491.0,True,HOLD
ABINFRA,ABINFRA,Industrials,Engineering & Construction,10.180000305175781,False,19.34,False,False,-51.97,-51.2,False,,False,EXIT
SATIA,Satia Industries Limited,Basic Materials,Paper & Paper Products,62.29999923706055,False,89.94999999999999,False,False,-27.67,-28.62,False,,False,EXIT
AHLWEST,Asian Hotels (West) Limited,Consumer Cyclical,Lodging,545.0,False,57.83,False,True,267.32,272.29,True,432.0,False,HOLD
NBIFIN,N.B.I. Industrial Finance Company Limited,Financial Services,Capital Markets,2152.89990234375,False,13.13,True,True,-22.53,-23.02,False,,False,HOLD
HINDCOMPOS,Hindustan Composites Limited,Consumer Cyclical,Auto Parts,418.20001220703125,False,32.43,False,False,-22.94,-17.28,False,325.0,True,EXIT
TREL,Transindia Real Estate Limited,Real Estate,Real Estate Services,27.829999923706055,False,36.95,False,True,-6.08,-22.89,False,136.0,False,EXIT
PPL,Prakash Pipes Limited,Industrials,Building Products & Equipment,260.75,False,43.260000000000005,False,True,-32.79,-32.07,False,,False,EXIT
MALLCOM,Mallcom (India) Limited,Industrials,Security & Protection Services,1005.25,False,26.760000000000005,False,False,-22.67,-21.97,False,487.0,True,EXIT
MINDTECK,Mindteck (India) Limited,Technology,Information Technology Services,191.75,False,31.52,False,False,-3.76,-4.32,False,424.0,True,EXIT
KRONOX,KRONOX,Basic Materials,Specialty Chemicals,167.7100067138672,False,27.55,False,True,-3.01,-4.04,False,100.0,True,EXIT
TPLPLASTEH,TPL Plastech Limited,Consumer Cyclical,Packaging & Containers,75.73999786376953,False,29.060000000000002,True,True,-10.5,-4.87,False,349.0,True,HOLD
RBZJEWEL,RBZ Jewellers Limited,Consumer Cyclical,Luxury Goods,152.27000427246094,False,54.79,False,True,6.31,11.9,True,,False,HOLD
ZIMLAB,ZIM Laboratories Limited,Healthcare,Drug Manufacturers - Specialty & Generic,111.16999816894531,False,10.43,False,True,28.01,37.97,True,397.0,False,HOLD
ZFSTEERING,ZF Steering Gear (India) Limited,Consumer Cyclical,Auto Parts,657.2999877929688,False,20.63,False,False,,,False,,False,EXIT
LINC,Linc Limited,Industrials,Business Equipment & Supplies,100.44999694824219,False,32.74,False,False,-27.97,-27.25,False,543.0,True,EXIT
NAHARPOLY,Nahar Poly Films Limited,Consumer Cyclical,Packaging & Containers,247.5,False,78.84,False,False,-29.17,-23.5,False,723.0,False,EXIT
SOFTTECH,SoftTech Engineers Limited,Technology,Software - Application,423.0,False,4.95,False,True,6.8,6.17,True,95.0,True,HOLD
PRIMO,Primo Chemicals Limited,Basic Materials,Chemicals,23.959999084472656,False,15.360000000000001,False,True,-15.57,-16.56,False,701.0,False,EXIT
DCI,DC Infotech and Communication Limited,Technology,Electronics & Computer Distribution,351.5,False,21.21,True,True,39.18,38.35,True,556.0,True,HOLD
SHIVAUM,SHIVAUM,Basic Materials,Steel,428.20001220703125,True,6.08,False,True,37.14,36.0,True,548.0,True,HOLD
CEWATER,CEWATER,Utilities,Utilities - Regulated Water,275.6000061035156,False,30.95,False,False,-44.57,-54.9,False,594.0,True,EXIT
SAYAJIHOTL,Sayaji Hotels Limited,Consumer Cyclical,Lodging,312.0,True,23.65,False,False,,,False,,False,EXIT
DHUNINV,Dhunseri Investments Limited,Financial Services,Capital Markets,966.2999877929688,False,59.330000000000005,False,False,-39.31,-39.73,False,,False,EXIT
OSWALGREEN,Oswal Greentech Limited,Financial Services,Asset Management,21.719999313354492,False,103.89999999999999,True,False,-54.75,-55.09,False,458.0,False,EXIT
PANSARI,Pansari Developers Limited,Real Estate,Real Estate - Development,321.75,False,22.02,False,True,51.14,33.62,True,60.0,False,HOLD
MUFTI,MUFTI,Consumer Cyclical,Apparel Retail,86.94999694824219,False,47.42,False,False,-38.03,-32.33,False,618.0,True,EXIT
APTECHT,Aptech Limited,Consumer Defensive,Education & Training Services,94.7300033569336,False,23.53,False,False,-27.42,-32.69,False,460.0,True,EXIT
GFLLIMITED,GFL Limited,Financial Services,Asset Management,48.880001068115234,False,61.35000000000001,False,False,-26.76,-27.23,False,6971.51,False,EXIT
PASUPTAC,Pasupati Acrylon Limited,Consumer Cyclical,Textile Manufacturing,65.2699966430664,False,69.92,False,True,31.16,36.69,True,,False,HOLD
VISACHROME,VISA Chrome Limited,Basic Materials,Steel,37.529998779296875,False,1123.6499999999999,False,False,6.43,5.37,True,,False,EXIT
HITECHCORP,Hitech Corporation Limited,Consumer Cyclical,Packaging & Containers,323.0,True,20.43,True,True,67.52,72.97,True,561.0,True,ADD
MANAKSTEEL,Manaksia Steels Limited,Basic Materials,Steel,80.68000030517578,False,39.92,True,True,24.94,23.83,True,742.0,False,HOLD
NAHARINDUS,Nahar Industrial Enterprises Limited,Consumer Cyclical,Textile Manufacturing,130.44000244140625,False,51.34,False,True,1.84,7.44,True,2006.0,False,HOLD
MOLDTECH,Mold-Tek Technologies Limited,Industrials,Engineering & Construction,192.08999633789062,False,10.09,False,True,37.2,37.76,True,161.0,False,HOLD
3IINFOLTD,3i Infotech Limited,Technology,Information Technology Services,27.1299991607666,False,34.3,False,True,13.92,13.25,True,1344.0,False,HOLD
URJA,Urja Global Limited,Technology,Solar,9.670000076293945,False,1.19,False,False,-32.87,-33.25,False,163.56,False,EXIT
OSWALAGRO,Oswal Agro Mills Limited,Real Estate,Real Estate - Development,38.84000015258789,False,69.2,False,False,-38.37,-54.77,False,162.0,True,EXIT
MUNJALSHOW,Munjal Showa Limited,Consumer Cyclical,Auto Parts,136.1199951171875,False,21.97,False,True,-7.78,-2.16,False,1669.0,False,EXIT
PENINLAND,Peninsula Land Limited,Real Estate,Real Estate - Development,15.800000190734863,False,153.64,True,False,-46.79,-63.09,False,993.0,False,EXIT
REPRO,Repro India Limited,Industrials,Specialty Business Services,354.29998779296875,False,34.8,True,False,-38.13,-37.39,False,479.0,False,EXIT
DISHTV,Dish TV India Limited,Communication Services,Entertainment,2.8299999237060547,False,807.36,False,False,-31.35,-50.52,False,6166.0,False,EXIT
CHEMFAB,Chemfab Alkalis Limited,Basic Materials,Specialty Chemicals,378.0,False,12.67,False,False,-48.2,-49.1,False,334.0,True,EXIT
IRIS,IRIS RegTech Solutions Limited,Technology,Software - Application,238.1999969482422,False,126.49000000000001,True,False,-38.8,-39.14,False,120.0,True,EXIT
PTL,PTL Enterprises Limited,Real Estate,Real Estate Services,39.22999954223633,False,46.17,True,False,10.19,-6.83,False,450.0,True,EXIT
CSM,CSM,Technology,Information Technology Services,105.5,True,0.0,False,False,,,False,,False,EXIT
RUSHIL,Rushil Décor Limited,Consumer Cyclical,"Furnishings, Fixtures & Appliances",16.979999542236328,False,34.78,False,False,-39.97,-34.27,False,898.0,True,EXIT
RKSWAMY,RKSWAMY,Communication Services,Advertising Agencies,106.41000366210938,False,22.099999999999998,False,False,-17.54,-36.89,False,332.0,False,EXIT
MODINATUR,Modi Naturals Limited,Consumer Defensive,Packaged Foods,399.95001220703125,False,50.27,True,False,,,False,474.0,False,EXIT
GLOBAL,Global Education Limited,Consumer Defensive,Education & Training Services,101.58999633789062,False,26.520000000000003,False,True,55.63,49.81,True,74.0,False,HOLD
UNIVPHOTO,Universus Photo Imagings Limited,Healthcare,Medical Devices,466.70001220703125,False,79.94,False,True,61.05,70.79,True,62.0,False,HOLD
BMWVENTLTD,BMWVENTLTD,Basic Materials,Steel,58.91999816894531,False,41.34,False,False,,,False,,False,EXIT
PLASTIBLEN,Plastiblends India Limited,Basic Materials,Specialty Chemicals,198.44000244140625,False,44.2,False,True,-0.58,-1.61,False,,False,EXIT
KNAGRI,KNAGRI,Consumer Defensive,Farm Products,202.8300018310547,False,0.0,False,True,-18.85,-24.17,False,2224.0,False,EXIT
THEINVEST,The Investment Trust of India Limited,Financial Services,Capital Markets,99.30999755859375,False,30.07,False,False,-40.86,-41.27,False,640.0,False,EXIT
SCHAND,S Chand And Company Limited,Communication Services,Publishing,141.6300048828125,False,263.64,False,False,-15.52,-34.9,False,794.0,False,EXIT
MCLEODRUSS,McLeod Russel India Limited,Consumer Defensive,Packaged Foods,51.43000030517578,False,181.61999999999998,False,False,44.87,39.12,True,1596.0,False,EXIT
SHREERAMA,Shree Rama Multi-Tech Limited,Consumer Cyclical,Packaging & Containers,37.90999984741211,False,24.770000000000003,False,False,-23.11,-17.44,False,,False,EXIT
KANPRPLA,Kanpur Plastipack Limited,Consumer Cyclical,Packaging & Containers,205.3800048828125,False,45.19,True,True,-10.6,-4.97,False,627.0,True,HOLD
MAJESAUT,Majestic Auto Limited,Real Estate,Real Estate Services,443.79998779296875,False,96.89999999999999,False,False,,,False,,False,EXIT
TERASOFT,Tera Software Limited,Technology,Information Technology Services,407.70001220703125,False,24.799999999999997,True,False,36.3,35.5,True,131.0,False,HOLD
ORIENTCER,Orient Ceratech Limited,Basic Materials,Specialty Chemicals,42.77000045776367,False,21.860000000000003,False,True,5.83,4.78,True,366.0,False,HOLD
MANCREDIT,Mangal Credit and Fincorp Limited,Financial Services,Credit Services,229.99000549316406,False,15.3,True,True,23.15,22.46,True,,False,HOLD
SUKHJITS,The Sukhjit Starch & Chemicals Limited,Basic Materials,Specialty Chemicals,162.9199981689453,False,34.17,False,False,-9.56,-10.57,False,1498.0,True,EXIT
UGARSUGAR,The Ugar Sugar Works Limited,Consumer Defensive,Confectioners,46.4900016784668,False,105.42,True,True,14.03,8.49,True,1794.0,True,HOLD
KHAICHEM,Khaitan Chemicals and Fertilizers Limited,Basic Materials,Agricultural Inputs,51.709999084472656,False,54.019999999999996,False,False,-56.04,-56.91,False,,False,EXIT
KAMATHOTEL,Kamat Hotels (India) Limited,Consumer Cyclical,Lodging,167.25999450683594,False,40.269999999999996,False,False,-45.96,-40.25,False,264.0,True,EXIT
SREEL,Sreeleathers Limited,Consumer Cyclical,Footwear & Accessories,221.22000122070312,False,28.74,False,True,-17.15,-11.5,False,,False,EXIT
RAMANEWS,Shree Rama Newsprint Limited,Consumer Defensive,Beverages - Non-Alcoholic,33.7599983215332,False,68.53999999999999,False,True,1.97,-3.49,False,,False,EXIT
CSLFINANCE,CSL Finance Limited,Financial Services,Credit Services,221.94000244140625,False,86.12,False,False,-30.84,-31.29,False,,False,EXIT
ENIL,Entertainment Network (India) Limited,Communication Services,Broadcasting,101.48999786376953,False,24.16,False,False,-24.46,-43.72,False,621.0,False,EXIT
UNIVASTU,Univastu India Limited,Industrials,Engineering & Construction,132.2100067138672,False,7.01,False,True,50.76,51.29,True,171.0,True,HOLD
IL&FSENGG,IL&FS Engineering and Construction Company Limited,Industrials,Engineering & Construction,35.5,False,22.419999999999998,True,True,1.6,2.24,True,3267.0,False,HOLD
NILASPACES,Nila Spaces Limited,Real Estate,Real Estate - Development,11.930000305175781,False,28.56,True,False,-0.14,-17.03,False,136.0,True,EXIT
MGEL,Mangalam Global Enterprise Limited,Consumer Defensive,Farm Products,14.84000015258789,False,32.61,False,True,-8.51,-13.9,False,2092.0,True,EXIT
ELIN,Elin Electronics Limited,Industrials,Electrical Equipment & Parts,95.73999786376953,False,24.11,False,False,-50.72,-49.96,False,1180.0,True,EXIT
INTLCONV,International Conveyors Limited,Industrials,Specialty Industrial Machinery,74.62999725341797,False,103.1,True,False,-19.02,-18.33,False,215.0,False,EXIT
HLVLTD,HLV Limited,Consumer Cyclical,Lodging,7.179999828338623,False,26.17,False,False,-55.39,-49.66,False,718.0,False,EXIT
UNIDT,United Drilling Tools Limited,Energy,Oil & Gas Equipment & Services,234.63999938964844,False,18.97,False,True,3.98,10.91,True,175.0,False,HOLD
GUJAPOLLO,Gujarat Apollo Industries Limited,Industrials,Specialty Industrial Machinery,357.8999938964844,False,5.15,False,False,-25.95,-25.24,False,77.9,False,EXIT
DICIND,DIC India Limited,Basic Materials,Specialty Chemicals,521.0,False,19.03,False,True,-17.98,-18.97,False,892.0,True,EXIT
SIGMA,Sigma Solve Limited,Technology,Information Technology Services,47.25,False,23.89,False,True,18.53,17.83,True,31.94,True,HOLD
ZEEMEDIA,Zee Media Corporation Limited,Communication Services,Broadcasting,6.900000095367432,False,103.64000000000001,False,False,-32.56,-51.72,False,867.0,False,EXIT
DENORA,De Nora India Limited,Industrials,Electrical Equipment & Parts,877.0499877929688,False,13.469999999999999,False,True,-1.05,-0.4,False,,False,EXIT
ALBERTDAVD,Albert David Limited,Healthcare,Drug Manufacturers - Specialty & Generic,804.0,False,47.97,False,True,-15.33,-5.08,False,362.0,False,EXIT
SILINV,SIL Investments Limited,Financial Services,Asset Management,429.20001220703125,False,56.02,False,False,-29.26,-29.72,False,178.0,False,EXIT
ADVANIHOTR,Advani Hotels & Resorts (India) Limited,Consumer Cyclical,Lodging,50.06999969482422,False,25.820000000000004,True,False,-23.26,-17.59,False,71.0,False,EXIT
MAZDA,Mazda Limited,Industrials,Specialty Industrial Machinery,234.4600067138672,False,27.500000000000004,False,True,-21.17,-20.47,False,,False,EXIT
IGCL,IGCL,Basic Materials,Agricultural Inputs,72.63999938964844,False,45.95,False,False,-35.59,-36.53,False,590.0,True,EXIT
THOMASCOTT,Thomas Scott (India) Limited,Consumer Cyclical,Textile Manufacturing,349.04998779296875,False,19.179999999999996,False,True,5.1,10.69,True,,False,HOLD
BBTCL,B&B Triplewall Containers Limited,Consumer Cyclical,Packaging & Containers,222.64999389648438,False,20.44,False,True,0.05,5.65,True,492.0,True,HOLD
ORIENTBELL,Orient Bell Limited,Industrials,Building Products & Equipment,326.1000061035156,False,13.169999999999998,False,True,4.0,4.64,True,705.0,False,HOLD
KOTYARK,KOTYARK,Basic Materials,Specialty Chemicals,41.790000915527344,False,10.78,False,True,88.28,86.99,True,288.0,True,HOLD
MIRZAINT,Mirza International Limited,Consumer Cyclical,Footwear & Accessories,33.369998931884766,False,40.489999999999995,False,False,-11.93,-6.3,False,1399.0,False,EXIT
PPAP,PPAP Automotive Limited,Consumer Cyclical,Auto Parts,305.29998779296875,False,47.84,True,True,16.03,21.6,True,554.0,True,HOLD
WSI,W.S. Industries (India) Limited,Industrials,Engineering & Construction,60.47999954223633,False,6.42,False,False,-27.25,-26.54,False,326.0,False,EXIT
AARTISURF,Aarti Surfactants Limited,Basic Materials,Specialty Chemicals,520.0,False,18.41,False,True,3.81,2.77,True,659.0,True,HOLD
MAWANASUG,Mawana Sugars Limited,Consumer Defensive,Confectioners,114.36000061035156,False,96.43,False,True,29.89,24.24,True,1485.0,False,HOLD
KRITINUT,Kriti Nutrients Limited,Consumer Defensive,Packaged Foods,86.44999694824219,False,33.910000000000004,False,True,-14.26,-19.62,False,734.0,True,EXIT
FOCUS,Focus Lighting and Fixtures Limited,Consumer Cyclical,"Furnishings, Fixtures & Appliances",68.58000183105469,False,5.49,False,False,-42.71,-37.01,False,224.0,False,EXIT
SRGHFL,SRG Housing Finance Limited,Financial Services,Mortgage Finance,287.04998779296875,False,32.49,False,True,-16.31,-16.83,False,,False,EXIT
LIBERTSHOE,Liberty Shoes Ltd.,Consumer Cyclical,Footwear & Accessories,251.4499969482422,False,14.829999999999998,False,False,-30.17,-24.5,False,526.0,False,EXIT
NAHARCAP,Nahar Capital and Financial Services Limited,Financial Services,Capital Markets,263.94000244140625,False,63.13000000000001,False,True,-14.85,-15.37,False,52.0,False,EXIT
VINYLINDIA,Vinyl Chemicals (India) Limited,Basic Materials,Specialty Chemicals,244.52000427246094,False,18.669999999999998,False,True,-17.48,-18.46,False,,False,EXIT
DAVANGERE,Davangere Sugar Company Limited,Consumer Defensive,Confectioners,3.0799999237060547,False,8.5,False,False,-3.51,-8.94,False,,False,EXIT
ACL,Andhra Cements Limited,Basic Materials,Building Materials,48.0099983215332,False,158.21,False,False,-28.35,-29.31,False,,False,EXIT
ARIES,Aries Agro Limited,Basic Materials,Agricultural Inputs,344.79998779296875,False,51.7,True,False,-13.85,-14.84,False,622.0,True,EXIT
HALEOSLABS,Haleos Labs Limited,Healthcare,Biotechnology,1432.300048828125,False,17.32,False,True,10.07,20.15,True,378.0,False,HOLD
DONEAR,Donear Industries Limited,Consumer Cyclical,Textile Manufacturing,84.12000274658203,False,27.950000000000003,False,False,-23.85,-18.19,False,914.0,True,EXIT
ATALREAL,Atal Realtech Limited,Industrials,Engineering & Construction,34.56999969482422,True,6.49,True,True,78.9,79.37,True,96.0,True,ADD
NDLVENTURE,NDL Ventures Limited,Communication Services,Entertainment,129.3699951171875,False,0.76,False,True,119.34,98.13,True,1080.0,True,HOLD
ABCOTS,ABCOTS,Consumer Cyclical,Textile Manufacturing,201.66000366210938,False,13.030000000000001,False,False,-63.29,-57.53,False,298.0,True,EXIT
RAMAPHO,Rama Phosphates Limited,Basic Materials,Agricultural Inputs,120.25,False,52.49,False,False,-20.48,-21.45,False,,False,EXIT
SBGLP,Suratwwala Business Group Limited,Real Estate,Real Estate - Development,25.200000762939453,False,37.9,True,False,-27.93,-44.46,False,72.0,False,EXIT
ASAHISONG,Asahi Songwon Colors Limited,Basic Materials,Specialty Chemicals,355.8500061035156,False,34.83,True,True,13.48,12.41,True,562.0,True,HOLD
BATLIBOI,Batliboi Limited,Industrials,Specialty Industrial Machinery,87.7699966430664,False,15.76,False,False,,,False,,False,EXIT
AEPL,Artemis Electricals and Projects Limited,Industrials,Electrical Equipment & Parts,16.010000228881836,False,8.71,True,False,,,False,72.35,True,EXIT
TREJHARA,Trejhara Solutions Limited,Technology,Software - Application,171.38999938964844,False,8.67,False,False,-25.65,-26.07,False,116.0,True,EXIT
MUTHOOTCAP,Muthoot Capital Services Limited,Financial Services,Credit Services,256.1199951171875,False,25.810000000000002,False,True,-11.47,-12.01,False,,False,EXIT
MONEYBOXX,Moneyboxx Finance Limited,Financial Services,Credit Services,61.04999923706055,False,1.34,False,False,,,False,,False,EXIT
AUTOIND,Autoline Industries Limited,Consumer Cyclical,Auto Parts,92.94999694824219,False,38.53,True,True,17.67,23.23,True,677.0,False,HOLD
XTGLOBAL,XTGlobal Infotech Limited,Technology,Software - Application,32.11000061035156,False,13.03,False,False,-2.27,-2.84,False,242.0,False,EXIT
BANSWRAS,Banswara Syntex Limited,Consumer Cyclical,Textile Manufacturing,124.19000244140625,False,37.18,False,True,-20.31,-14.66,False,1499.0,False,EXIT
CYBERTECH,CyberTech Systems and Software Limited,Technology,Information Technology Services,136.99000549316406,False,31.740000000000002,False,False,-11.21,-11.73,False,236.0,True,EXIT
SARVESHWAR,Sarveshwar Foods Limited,Consumer Defensive,Packaged Foods,3.4200000762939453,False,31.79,True,False,-58.14,-63.2,False,1134.0,True,EXIT
RADIANTCMS,Radiant Cash Management Services Limited,Industrials,Specialty Business Services,38.560001373291016,False,32.25,False,False,-34.06,-33.34,False,427.0,True,EXIT
KOTHARIPRO,Kothari Products Limited,Industrials,Conglomerates,68.5199966430664,False,37.92,False,False,-15.97,-15.29,False,6866.0,False,EXIT
LORDSCHLO,Lords Chloro Alkali Limited,Basic Materials,Chemicals,142.42999267578125,False,29.529999999999998,False,False,-35.78,-36.72,False,,False,EXIT
ESSARSHPNG,Essar Shipping Limited,Industrials,Marine Shipping,20.020000457763672,False,166.78000000000003,False,False,-27.93,-27.22,False,2194.0,False,EXIT
KAYA,Kaya Limited,Consumer Defensive,Household & Personal Products,276.95001220703125,False,96.18,False,False,-36.74,-41.95,False,421.0,False,EXIT
HARRMALAYA,Harrisons Malayalam Limited,Consumer Defensive,Farm Products,223.38999938964844,False,29.130000000000003,False,True,2.72,-2.75,False,512.0,True,EXIT
SURAJLTD,Suraj Limited,Basic Materials,Steel,223.0399932861328,False,8.319999999999999,False,False,-40.99,-41.91,False,367.0,False,EXIT
VRAJ,VRAJ,Basic Materials,Steel,125.33999633789062,False,32.010000000000005,False,False,-30.19,-31.14,False,516.0,False,EXIT
DJML,DJ Mediaprint & Logistics Limited,Industrials,Specialty Business Services,111.29000091552734,False,11.379999999999999,True,True,-5.04,-4.38,False,82.0,True,HOLD
EUROBOND,EUROBOND,Industrials,Building Products & Equipment,162.57000732421875,False,26.56,True,False,-33.2,-32.48,False,423.0,True,EXIT
FOODSIN,Foods and Inns Limited,Consumer Defensive,Packaged Foods,53.4900016784668,False,27.689999999999998,False,False,-46.09,-51.23,False,1020.0,False,EXIT
TOLINS,TOLINS,Consumer Cyclical,Auto Parts,101.9800033569336,False,35.68,False,False,-43.3,-37.59,False,292.0,True,EXIT
SHIVALIK,Shivalik Rasayan Limited,Basic Materials,Agricultural Inputs,255.05999755859375,False,11.88,False,False,-58.83,-59.69,False,312.0,True,EXIT
AFIL,AFIL,Financial Services,Credit Services,9.829999923706055,False,44.27,False,True,36.4,35.65,True,,False,HOLD
RUBFILA,Rubfila International Limited,Basic Materials,Specialty Chemicals,71.41999816894531,False,26.610000000000003,False,False,-10.15,-11.16,False,550.0,True,EXIT
INSPIRISYS,Inspirisys Solutions Limited,Technology,Information Technology Services,103.19999694824219,False,40.93,True,True,-8.49,-9.02,False,589.0,False,HOLD
KESORAMIND,Kesoram Industries Limited,Basic Materials,Building Materials,12.600000381469727,False,156.62,False,True,147.66,146.21,True,3882.0,False,HOLD
MANOMAY,Manomay Tex India Limited,Consumer Cyclical,Textile Manufacturing,218.1300048828125,False,19.65,False,True,26.06,31.6,True,,False,HOLD
SINCLAIR,Sinclairs Hotels Limited,Consumer Cyclical,Lodging,76.9800033569336,False,14.85,True,False,-32.12,-26.44,False,19.63,True,EXIT
MARKOLINES,MARKOLINES,Industrials,Infrastructure Operations,179.5,True,26.229999999999997,True,True,,,False,347.0,False,HOLD
GOKUL,Gokul Refoils & Solvent Limited,Consumer Defensive,Packaged Foods,39.439998626708984,False,18.48,False,False,-3.1,-8.53,False,6349.0,False,EXIT
ORIENTPPR,Orient Paper & Industries Limited,Basic Materials,Paper & Paper Products,17.520000457763672,False,96.79,False,False,-41.72,-42.63,False,1615.0,True,EXIT
OMAXAUTO,Omax Autos Limited,Consumer Cyclical,Auto Parts,201.42999267578125,False,40.489999999999995,True,True,26.65,32.19,True,1287.0,False,HOLD
S&SPOWER,S&S Power Switchgear Limited,Industrials,Electrical Equipment & Parts,322.1000061035156,False,10.11,True,False,-22.17,-21.47,False,186.0,True,EXIT
MANORG,Mangalam Organics Limited,Basic Materials,Specialty Chemicals,449.29998779296875,False,20.79,False,False,-5.69,-6.71,False,530.0,True,EXIT
GINNIFILA,Ginni Filaments Limited,Consumer Cyclical,Textile Manufacturing,45.27000045776367,False,35.48,False,True,-29.23,-23.56,False,1084.0,False,EXIT
TARACHAND,Tara Chand Infralogistic Solutions Limited,Industrials,Farm & Heavy Construction Machinery,50.119998931884766,False,27.7,False,False,-37.54,-36.8,False,,False,EXIT
MEDICO,Medico Remedies Limited,Healthcare,Drug Manufacturers - Specialty & Generic,46.099998474121094,False,13.120000000000001,False,True,1.44,11.57,True,,False,HOLD
EMAMIREAL,Emami Realty Limited,Real Estate,Real Estate - Development,73.19000244140625,False,189.46999999999997,True,False,-21.84,-38.45,False,1041.0,False,EXIT
SHAH,Shah Metacorp Limited,Basic Materials,Steel,3.9100000858306885,False,13.53,False,False,5.71,4.66,True,277.0,False,EXIT
UYFINCORP,U. Y. Fincorp Limited,Financial Services,Credit Services,21.020000457763672,False,48.28,True,True,14.09,13.44,True,,False,HOLD
VPRPL,Vishnu Prakash R Punglia Limited,Industrials,Engineering & Construction,37.11000061035156,False,171.42,False,False,-82.5,-81.67,False,,False,EXIT
CPEDU,Career Point Edutech Ltd.,Consumer Defensive,Education & Training Services,209.1999969482422,False,22.95,False,False,,,False,50.0,True,EXIT
JKIPL,JKIPL,Industrials,Farm & Heavy Construction Machinery,97.75,False,106.04000000000002,False,True,,,False,381.0,True,EXIT
MBLINFRA,MBL Infrastructures Limited,Industrials,Engineering & Construction,24.809999465942383,False,30.69,False,False,-43.86,-43.11,False,2343.0,False,EXIT
HCL-INSYS,HCL Infosystems Limited,Technology,Electronics & Computer Distribution,11.420000076293945,False,32.92,True,False,-28.01,-28.42,False,7848.0,False,EXIT
DCMSRIND,DCM Shriram Industries Limited,Consumer Defensive,Confectioners,44.34000015258789,False,47.44,False,False,-74.45,-79.4,False,2351.0,False,EXIT
GVKPIL,GVK Power & Infrastructure Limited,Utilities,Utilities - Independent Power Producers,2.3499999046325684,False,839.51,False,False,-29.98,-40.7,False,4098.0,False,EXIT
MEGASTAR,Megastar Foods Limited,Consumer Defensive,Packaged Foods,323.6499938964844,False,9.3,False,True,32.52,26.85,True,361.0,True,HOLD
DREAMFOLKS,Dreamfolks Services Limited,Industrials,Airports & Air Services,70.33000183105469,False,53.46,False,False,-52.89,-52.13,False,1292.0,True,EXIT
MANAKSIA,Manaksia Limited,Industrials,Metal Fabrication,58.34000015258789,False,52.33,False,False,-24.86,-24.15,False,1679.0,False,EXIT
AVG,AVG Logistics Limited,Industrials,Integrated Freight & Logistics,198.83999633789062,False,26.159999999999997,False,True,-24.4,-23.7,False,552.0,True,EXIT
KRITI,Kriti Industries (India) Limited,Industrials,Building Products & Equipment,67.62000274658203,False,21.42,False,False,-63.96,-63.17,False,867.0,False,EXIT
SAHYADRI,Sahyadri Industries Limited,Industrials,Building Products & Equipment,349.8500061035156,False,29.0,False,True,11.74,12.36,True,,False,HOLD
DIGISPICE,DiGiSPICE Technologies Limited,Financial Services,Financial Conglomerates,17.790000915527344,False,18.97,True,False,-21.38,-21.88,False,2111.0,False,EXIT
BEDMUTHA,Bedmutha Industries Limited,Basic Materials,Steel,112.05000305175781,False,22.69,False,False,-25.54,-26.5,False,1049.0,True,EXIT
TRANSWORLD,Transworld Shipping Lines Limited,Industrials,Marine Shipping,159.49000549316406,False,71.79,False,False,-44.81,-44.06,False,718.0,False,EXIT
VARDHACRLC,Vardhman Acrylics Limited,Consumer Cyclical,Textile Manufacturing,45.11000061035156,False,199.9,False,True,-10.75,-5.12,False,,False,EXIT
SHARDUL,Shardul Securities Limited,Financial Services,Capital Markets,43.029998779296875,False,262.16999999999996,False,False,,,False,,False,EXIT
AMBALALSA,Ambalal Sarabhai Enterprises Limited,Healthcare,Drug Manufacturers - Specialty & Generic,48.27000045776367,True,18.340000000000003,False,False,,,False,,False,EXIT
RMC,RMC Switchgears Limited,Industrials,Electrical Equipment & Parts,333.95001220703125,False,19.09,False,False,,,False,318.0,True,EXIT
NIMBSPROJ,Nimbus Projects Limited,Unknown,Unknown,178.0,False,103.12,False,False,,,False,176.0,True,EXIT
GOACARBON,Goa Carbon Limited,Basic Materials,Specialty Chemicals,380.8500061035156,False,55.849999999999994,True,False,-23.25,-24.22,False,344.0,False,EXIT
VALIANTLAB,Valiant Laboratories Limited,Healthcare,Drug Manufacturers - Specialty & Generic,67.80999755859375,False,10.84,False,False,-39.25,-28.85,False,334.0,False,EXIT
ASHIMASYN,Ashima Limited,Real Estate,Real Estate - Development,17.489999771118164,False,19.69,False,True,-15.52,-32.21,False,449.0,False,EXIT
SHANKARA,Shankara Building Products Limited,Consumer Cyclical,Home Improvement Retail,142.0,False,46.14,False,True,-98.86,-93.02,False,5697.0,True,EXIT
PAKKA,Pakka Limited,Basic Materials,Paper & Paper Products,71.86000061035156,False,21.27,False,False,-64.22,-65.07,False,408.0,False,EXIT
NURECA,Nureca Limited,Healthcare,Medical Devices,334.25,False,13.700000000000001,False,True,25.28,35.25,True,256.0,False,HOLD
KCPSUGIND,K.C.P. Sugar and Industries Corporation Limited,Consumer Defensive,Confectioners,29.920000076293945,False,41.519999999999996,False,True,-4.29,-9.71,False,442.0,False,EXIT
KAVDEFENCE,KAVDEFENCE,Technology,Communication Equipment,60.2599983215332,False,2.43,False,False,5.62,5.0,True,170.37,False,EXIT
OILCOUNTUB,Oil Country Tubular Limited,Energy,Oil & Gas Equipment & Services,61.0,False,67.78999999999999,False,True,-45.03,-36.73,False,,False,EXIT
DBEIL,DBEIL,Industrials,Engineering & Construction,7.210000038146973,False,39.65,False,False,-52.27,-51.5,False,,False,EXIT
NDL,Nandan Denim Limited,Consumer Cyclical,Textile Manufacturing,2.319999933242798,False,33.129999999999995,False,False,-44.45,-38.74,False,,False,EXIT
RUCHIRA,Ruchira Papers Limited,Basic Materials,Paper & Paper Products,111.0199966430664,False,44.150000000000006,False,False,-23.63,-24.6,False,,False,EXIT
TAKE,TAKE LIMITED,Healthcare,Health Information Services,22.989999771118164,False,11.260000000000002,False,False,140.44,149.65,True,2212.9,False,EXIT
SHEMAROO,Shemaroo Entertainment Limited,Communication Services,Entertainment,120.83999633789062,False,180.85999999999999,True,True,19.29,-0.56,False,707.0,False,HOLD
ATLANTAA,Atlantaa Limited,Industrials,Infrastructure Operations,45.189998626708984,False,44.940000000000005,False,True,25.17,25.76,True,541.0,False,HOLD
IITL,Industrial Investment Trust Limited,Financial Services,Credit Services,146.6300048828125,False,45.18,False,False,-18.5,-19.0,False,339.07,False,EXIT
HALDER,Halder Venture Limited,Consumer Defensive,Farm Products,263.6300048828125,False,50.56999999999999,True,False,,,False,884.0,False,EXIT
DYNPRO,Dynemic Products Limited,Basic Materials,Specialty Chemicals,269.70001220703125,False,19.94,False,True,-25.01,-25.98,False,368.0,True,EXIT
BELLACASA,Bella Casa Fashion & Retail Limited,Consumer Cyclical,Textile Manufacturing,241.9499969482422,False,20.13,False,False,-49.83,-44.11,False,,False,EXIT
HILINFRA,HILINFRA,Industrials,Infrastructure Operations,45.11000061035156,False,32.07,False,False,,,False,573.0,False,EXIT
SOMATEX,Soma Textiles & Industries Limited,Consumer Cyclical,Textile Manufacturing,94.2300033569336,False,10.21,False,False,3.27,8.87,True,272.93,False,EXIT
DEVX,Dev Accelerator Limited,Real Estate,Real Estate Services,34.0,False,12.75,False,False,,,False,127.0,True,EXIT
TRACXN,Tracxn Technologies Limited,Technology,Software - Application,29.790000915527344,False,10.120000000000001,False,False,-51.2,-51.47,False,,False,EXIT
MEDICAMEQ,Medicamen Biotech Limited,Healthcare,Drug Manufacturers - Specialty & Generic,236.4499969482422,False,10.31,False,False,-51.36,-40.88,False,179.0,False,EXIT
CLEDUCATE,CL Educate Limited,Consumer Defensive,Education & Training Services,56.77000045776367,False,36.7,True,False,-32.12,-37.35,False,358.0,True,EXIT
GENUSPAPER,Genus Paper & Boards Limited,Basic Materials,Paper & Paper Products,12.470000267028809,False,9.459999999999999,False,False,-36.91,-37.84,False,863.0,True,EXIT
REMSONSIND,Remsons Industries Limited,Consumer Cyclical,Auto Parts,88.70999908447266,False,18.04,True,False,-35.27,-29.58,False,377.0,True,EXIT
VGL,VGL,Consumer Cyclical,Textile Manufacturing,60.91999816894531,False,69.63,True,False,-42.53,-36.83,False,827.0,False,EXIT
MODIRUBBER,Modi Rubber Limited,Real Estate,Real Estate Services,122.63999938964844,False,24.48,False,False,14.3,-2.77,False,146.0,False,EXIT
ELGIRUBCO,Elgi Rubber Company Limited,Consumer Cyclical,Auto Parts,60.84000015258789,False,240.24,True,True,11.36,16.94,True,489.0,False,HOLD
APOLSINHOT,Apollo Sindoori Hotels Limited,Industrials,Specialty Business Services,1233.199951171875,False,10.51,False,True,-13.11,-12.43,False,542.0,True,EXIT
HPAL,HP Adhesives Limited,Basic Materials,Specialty Chemicals,33.540000915527344,False,11.71,False,False,-34.84,-35.77,False,251.0,True,EXIT
VARDMNPOLY,Vardhman Polytex Limited,Consumer Cyclical,Textile Manufacturing,6.699999809265137,False,7.670000000000001,False,False,-40.22,-34.52,False,1051.0,False,EXIT
CINELINE,Cineline India Limited,Communication Services,Entertainment,89.62999725341797,False,14.79,True,True,12.69,-7.07,False,286.0,False,HOLD
SUNDRMBRAK,Sundaram Brake Linings Limited,Consumer Cyclical,Auto Parts,797.5,False,12.359999999999998,False,True,-8.35,-2.72,False,,False,EXIT
A2ZINFRA,A2Z Infra Engineering Limited,Industrials,Engineering & Construction,16.600000381469727,False,9.12,False,True,-20.25,-19.56,False,1349.0,False,EXIT
AVONMORE,Avonmore Capital & Management Services Limited,Financial Services,Capital Markets,11.09000015258789,False,34.48,False,False,-43.2,-43.59,False,,False,EXIT
VERTOZ,Vertoz Limited,Technology,Software - Infrastructure,35.65999984741211,False,26.04,False,False,-66.38,-66.55,False,254.0,True,EXIT
PRITIKAUTO,Pritika Auto Industries Limited,Industrials,Specialty Industrial Machinery,17.93000030517578,False,19.88,False,True,-2.8,-2.15,False,423.0,True,EXIT
MAHEPC,Mahindra EPC Irrigation Limited,Industrials,Farm & Heavy Construction Machinery,108.55999755859375,False,14.4,False,False,-26.12,-25.41,False,284.0,False,EXIT
NATHBIOGEN,Nath Bio-Genes (India) Limited,Basic Materials,Agricultural Inputs,156.1699981689453,False,36.62,False,False,-14.46,-15.45,False,268.0,True,EXIT
APCL,Anjani Portland Cement Limited,Basic Materials,Building Materials,102.8499984741211,False,28.78,False,False,-31.61,-32.55,False,801.0,False,EXIT
OMFREIGHT,OMFREIGHT,Industrials,Integrated Freight & Logistics,92.61000061035156,False,19.96,False,True,,,False,489.0,True,EXIT
RHL,Robust Hotels Limited,Consumer Cyclical,Lodging,169.44000244140625,False,24.700000000000003,False,False,-47.69,-41.97,False,,False,EXIT
NILAINFRA,Nila Infrastructures Limited,Real Estate,Real Estate - Development,7.420000076293945,False,25.019999999999996,True,False,-23.36,-39.95,False,247.0,True,EXIT
DCMNVL,DCM Nouvelle Limited,Consumer Cyclical,Textile Manufacturing,164.75999450683594,False,8.43,False,True,-17.09,-11.44,False,1081.0,False,EXIT
SICAGEN,Sicagen India Limited,Basic Materials,Steel,66.66000366210938,False,18.07,False,False,,,False,,False,EXIT
LEMERITE,LEMERITE,Consumer Cyclical,Textile Manufacturing,23.149999618530273,False,5.52,False,False,-75.66,-69.87,False,525.0,True,EXIT
SPENCERS,Spencer's Retail Limited,Consumer Cyclical,Department Stores,32.02000045776367,False,249.32999999999998,True,False,-52.39,-46.66,False,2645.0,False,EXIT
TIGERLOGS,Tiger Logistics (India) Limited,Industrials,Integrated Freight & Logistics,26.540000915527344,False,21.490000000000002,True,False,,,False,330.0,False,EXIT
COASTCORP,Coastal Corporation Limited,Consumer Defensive,Packaged Foods,42.709999084472656,False,26.42,False,False,26.5,20.87,True,613.0,True,EXIT
GULFPETRO,GP Petroleums Limited,Energy,Oil & Gas Refining & Marketing,59.5,False,40.62,True,True,33.42,39.54,True,790.0,False,HOLD
RPPINFRA,R.P.P. Infra Projects Limited,Industrials,Engineering & Construction,60.83000183105469,False,30.39,False,False,-57.41,-56.64,False,1439.0,True,EXIT
CORDSCABLE,Cords Cable Industries Limited,Industrials,Electrical Equipment & Parts,223.24000549316406,False,20.650000000000002,False,True,20.71,21.32,True,,False,HOLD
GOLDTECH,AION-TECH Solutions Limited,Technology,Information Technology Services,52.88999938964844,False,10.07,False,True,-31.21,-31.6,False,93.0,False,EXIT
AARON,Aaron Industries Limited,Industrials,Specialty Industrial Machinery,139.99000549316406,False,6.789999999999999,False,False,-44.87,-44.12,False,,False,EXIT
AXITA,Axita Cotton Limited,Consumer Cyclical,Textile Manufacturing,7.300000190734863,False,6.31,True,False,-20.2,-14.54,False,653.0,True,EXIT
PONNIERODE,Ponni Sugars (Erode) Limited,Consumer Defensive,Confectioners,334.79998779296875,False,40.06,False,True,18.76,13.18,True,,False,HOLD
EXXARO,Exxaro Tiles Limited,Industrials,Building Products & Equipment,6.21999979019165,False,4.1,False,False,-26.86,-26.15,False,325.0,False,EXIT
PODDARMENT,Poddar Pigments Limited,Basic Materials,Specialty Chemicals,265.25,False,14.76,False,True,-10.88,-11.88,False,,False,EXIT
UFO,UFO Moviez India Limited,Communication Services,Entertainment,67.36000061035156,False,24.03,False,False,3.63,-16.02,False,612.0,False,EXIT
RVHL,Ravinder Heights Limited,Real Estate,Real Estate - Development,43.689998626708984,False,55.81,True,False,19.97,2.83,True,12.0,False,HOLD
MANAKALUCO,Manaksia Aluminium Company Limited,Basic Materials,Aluminum,44.59000015258789,False,7.5600000000000005,False,True,36.36,35.23,True,,False,HOLD
NDGL,Naga Dhunseri Group Limited,Financial Services,Capital Markets,2700.0,False,64.03999999999999,False,False,-38.19,-38.61,False,,False,EXIT
SIKKO,Sikko Industries Limited,Basic Materials,Agricultural Inputs,6.110000133514404,True,9.12,True,True,69.59,68.36,True,61.3,True,ADD
BPL,BPL Limited,Technology,Consumer Electronics,53.5099983215332,False,14.36,False,False,-35.89,-36.25,False,198.0,False,EXIT
DIAMINESQ,Diamines and Chemicals Limited,Basic Materials,Chemicals,247.1999969482422,False,12.780000000000001,False,False,-41.6,-42.51,False,110.34,False,EXIT
UCAL,UCAL Limited,Consumer Cyclical,Auto Parts,120.87999725341797,False,33.32,False,True,-24.49,-18.82,False,870.0,False,EXIT
DPWIRES,D.P. Wires Limited,Industrials,Metal Fabrication,164.49000549316406,False,17.580000000000002,False,False,-27.43,-26.72,False,,False,EXIT
KMSUGAR,K.M. Sugar Mills Limited,Consumer Defensive,Confectioners,27.850000381469727,False,53.42,True,True,-2.12,-7.56,False,659.0,True,HOLD
RNBDENIMS,R & B Denims Limited,Consumer Cyclical,Textile Manufacturing,9.0600004196167,False,23.22,False,False,,,False,296.0,False,EXIT
ZEELEARN,Zee Learn Limited,Consumer Defensive,Education & Training Services,7.78000020980835,False,62.63,False,True,-22.77,-28.07,False,517.0,False,EXIT
BTTL,Bhilwara Technical Textiles Limited,Consumer Cyclical,Textile Manufacturing,42.900001525878906,False,17.88,False,False,,,False,,False,EXIT
IVC,IL&FS Investment Managers Limited,Financial Services,Financial Conglomerates,8.300000190734863,False,18.189999999999998,False,True,-6.89,-7.45,False,215.0,False,EXIT
SUMIT,Sumit Woods Limited,Real Estate,Real Estate - Development,52.18000030517578,False,6.050000000000001,False,False,-35.32,-51.76,False,94.0,True,EXIT
WORTHPERI,Worth Peripherals Limited,Consumer Cyclical,Packaging & Containers,157.1999969482422,False,14.63,False,True,-6.21,-0.59,False,297.0,False,EXIT
TRF,TRF Limited,Industrials,Specialty Industrial Machinery,234.5500030517578,False,18.04,False,False,-35.69,-34.96,False,1162.56,False,EXIT
SAKUMA,Sakuma Exports Limited,Consumer Defensive,Farm Products,1.6799999475479126,False,9.51,False,False,-37.43,-42.63,False,4546.0,False,EXIT
PAVNAIND,Pavna Industries Limited,Consumer Cyclical,Auto Parts,19.020000457763672,False,8.809999999999999,False,False,-58.79,-53.05,False,298.0,True,EXIT
STARTECK,Starteck Finance Limited,Financial Services,Credit Services,256.04998779296875,False,23.61,False,False,-27.61,-28.07,False,,False,EXIT
BIMETAL,Bimetal Bearings Limited,Consumer Cyclical,Auto Parts,651.9500122070312,False,11.73,False,False,,,False,,False,EXIT
ALMONDZ,Almondz Global Securities Limited,Financial Services,Capital Markets,14.369999885559082,False,33.79,False,False,-36.34,-36.77,False,150.0,True,EXIT
FCSSOFT,FCS Software Solutions Limited,Technology,Information Technology Services,1.4700000286102295,False,9.24,True,False,-44.23,-44.54,False,133.41,False,EXIT
JAYSREETEA,Jay Shree Tea & Industries Limited,Consumer Defensive,Farm Products,85.80000305175781,False,64.22,False,False,-22.11,-27.41,False,858.0,True,EXIT
AHLEAST,Asian Hotels (East) Limited,Consumer Cyclical,Lodging,142.9600067138672,False,73.64,True,False,-16.9,-11.25,False,202.0,False,EXIT
LOTUSEYE,Lotus Eye Hospital and Institute Limited,Healthcare,Medical Care Facilities,115.61000061035156,False,1.2400000000000002,False,False,41.38,51.24,True,,False,EXIT
NIPPOBATRY,Indo National Limited,Industrials,Electrical Equipment & Parts,325.3999938964844,False,31.15,False,False,-36.87,-36.14,False,641.0,False,EXIT
SURANAT&P,Surana Telecom and Power Limited,Utilities,Utilities - Independent Power Producers,16.530000686645508,False,24.810000000000002,True,False,-2.63,-14.06,False,36.0,False,EXIT
ALPINETEX,ALPINETEX,Consumer Cyclical,Textile Manufacturing,63.7400016784668,False,0.0,False,False,,,False,,False,EXIT
LYKALABS,Lyka Labs Limited,Healthcare,Biotechnology,68.06999969482422,False,11.9,False,False,-51.18,-40.7,False,194.0,False,EXIT
RADIOCITY,Music Broadcast Limited,Communication Services,Broadcasting,6.820000171661377,False,67.74,True,True,-3.99,-23.52,False,201.0,True,HOLD
STARPAPER,Star Paper Mills Limited,Basic Materials,Paper & Paper Products,152.8300018310547,False,35.34,True,True,-13.87,-14.86,False,360.0,True,HOLD
EQUIPPP,Equippp Social Impact Technologies Limited,Technology,Information Technology Services,22.350000381469727,False,1.49,False,True,-1.02,-1.6,False,560.34,False,EXIT
SAHLIBHFI,Shalibhadra Finance Limited,Financial Services,Credit Services,75.20999908447266,False,19.48,False,False,,,False,,False,EXIT
CHEMBOND,Chembond Material Technologies Limited,Basic Materials,Specialty Chemicals,179.0800018310547,False,20.86,False,True,-4.6,-5.62,False,440.0,False,EXIT
SETCO,Setco Automotive Limited,Consumer Cyclical,Auto Parts,17.920000076293945,False,130.54000000000002,True,False,7.69,13.28,True,691.0,True,HOLD
GLOBECIVIL,GLOBECIVIL,Industrials,Engineering & Construction,43.290000915527344,False,23.31,False,False,-53.02,-52.25,False,326.0,True,EXIT
PIGL,Power & Instrumental (Gujarat) Limited,Industrials,Engineering & Construction,109.5,False,14.280000000000001,True,False,-22.39,-21.69,False,169.0,True,EXIT
GEEKAYWIRE,Geekay Wires Limited,Industrials,Electrical Equipment & Parts,22.959999084472656,False,30.110000000000003,False,False,-38.89,-38.15,False,,False,EXIT
SHIVAMAUTO,Shivam Autotech Limited,Consumer Cyclical,Auto Parts,17.59000015258789,False,81.33,True,False,-48.58,-42.86,False,636.0,False,EXIT
SRD,Shankar Lal Rampal Dye-Chem Limited,Basic Materials,Specialty Chemicals,37.060001373291016,False,13.49,False,False,-57.66,-58.53,False,,False,EXIT
VIKASLIFE,Vikas Lifecare Limited,Consumer Defensive,Farm Products,1.2599999904632568,False,167.38000000000002,True,False,-43.88,-49.04,False,480.0,True,EXIT
UNITEDTEA,The United Nilgiri Tea Estates Company Limited,Consumer Defensive,Farm Products,469.75,False,21.94,True,False,2.31,-3.16,False,62.0,True,EXIT
VETO,Veto Switchgears and Cables Limited,Industrials,Electrical Equipment & Parts,121.16999816894531,False,25.13,False,True,-8.07,-7.41,False,300.0,True,EXIT
AFFORDABLE,Affordable Robotic & Automation Limited,Industrials,Specialty Industrial Machinery,193.77000427246094,False,12.079999999999998,False,False,-58.69,-57.91,False,163.0,True,EXIT
RCOM,Reliance Communications Limited,Communication Services,Telecom Services,0.8299999833106995,False,11125.0,True,False,-35.76,-54.87,False,25594.0,False,EXIT
KALYANIFRG,Kalyani Forge Limited,Consumer Cyclical,Auto Parts,631.75,False,9.56,False,True,-20.1,-14.45,False,,False,EXIT
AAREYDRUGS,Aarey Drugs & Pharmaceuticals Limited,Healthcare,Drug Manufacturers - Specialty & Generic,83.80999755859375,False,4.52,False,True,9.52,19.6,True,,False,HOLD
SINTERCOM,Sintercom India Limited,Consumer Cyclical,Auto Parts,86.98999786376953,False,1.43,False,False,-43.27,-37.56,False,,False,EXIT
VMSTMT,VMSTMT,Basic Materials,Steel,48.22999954223633,False,21.04,False,False,,,False,,False,EXIT
AARVI,Aarvi Encon Limited,Industrials,Staffing & Employment Services,154.00999450683594,False,17.61,False,True,46.93,47.47,True,510.0,True,HOLD
MARALOVER,Maral Overseas Limited,Consumer Cyclical,Textile Manufacturing,53.349998474121094,False,27.37,False,True,-24.95,-19.28,False,,False,EXIT
RVTH,Revathi Equipment India Limited,Industrials,Farm & Heavy Construction Machinery,720.5999755859375,False,16.64,False,True,-27.32,-26.61,False,212.0,False,EXIT
GENCON,Generic Engineering Construction and Projects Limited,Industrials,Engineering & Construction,39.41999816894531,False,8.5,False,False,-12.21,-11.53,False,302.0,True,EXIT
AKSHARCHEM,AksharChem (India) Limited,Basic Materials,Specialty Chemicals,278.6099853515625,False,11.540000000000003,False,True,1.71,0.67,True,380.0,False,HOLD
SHIVATEX,Shiva Texyarn Limited,Consumer Cyclical,Textile Manufacturing,161.1300048828125,False,10.219999999999999,False,False,-22.88,-17.22,False,553.0,False,EXIT
GICL,GICL,Industrials,Integrated Freight & Logistics,20.739999771118164,False,10.17,True,False,-89.07,-88.22,False,157.0,True,EXIT
GLOBALVECT,Global Vectra Helicorp Limited,Industrials,Airports & Air Services,158.82000732421875,False,32.29,False,False,-35.0,-34.27,False,,False,EXIT
BALAJEE,BALAJEE,Consumer Cyclical,Packaging & Containers,27.389999389648438,False,11.01,False,False,-54.81,-49.07,False,579.0,True,EXIT
ASMS,Avio Smart Market Stack Limited,Technology,Information Technology Services,7.349999904632568,False,5.97,False,False,-47.26,-47.55,False,1163.0,False,EXIT
SPCENET,Spacenet Enterprises India Limited,Financial Services,Capital Markets,3.869999885559082,False,16.07,False,False,-40.78,-41.18,False,157.0,True,EXIT
AERONEU,Aeroflex Neu Limited,Consumer Cyclical,Packaging & Containers,83.26000213623047,False,2.73,False,True,-38.46,-32.76,False,129.0,True,EXIT
ALANKIT,Alankit Limited,Technology,Information Technology Services,8.430000305175781,False,19.1,False,False,-49.2,-49.48,False,312.0,False,EXIT
KOTARISUG,Kothari Sugars and Chemicals Limited,Consumer Defensive,Confectioners,26.40999984741211,False,26.67,True,False,-11.8,-17.17,False,433.0,False,EXIT
DSFCL,DSFCL,Basic Materials,Specialty Chemicals,25.0,False,8.25,False,False,,,False,429.0,True,EXIT
SONAMLTD,Sonam Limited,Consumer Cyclical,"Furnishings, Fixtures & Appliances",54.290000915527344,False,0.0,False,True,9.54,15.12,True,,False,HOLD
ESSENTIA,Integra Essentia Limited,Consumer Defensive,Food Distribution,1.2899999618530273,False,5.41,False,False,-32.66,-37.9,False,442.0,True,EXIT
BCONCEPTS,Brand Concepts Limited,Consumer Cyclical,Footwear & Accessories,170.91000366210938,False,6.58,False,False,-57.2,-51.46,False,292.0,True,EXIT
BASML,Bannari Amman Spinning Mills Ltd,Consumer Cyclical,Textile Manufacturing,28.34000015258789,False,13.75,False,True,-14.48,-8.84,False,1560.0,False,EXIT
MAHESHWARI,Maheshwari Logistics Limited,Industrials,Integrated Freight & Logistics,73.0,False,16.849999999999998,False,True,16.14,16.75,True,1147.0,False,HOLD
VIJIFIN,Viji Finance Limited,Financial Services,Credit Services,11.470000267028809,False,4.33,True,True,166.7,165.37,True,,False,HOLD
SMARTLINK,Smartlink Holdings Limited,Technology,Communication Equipment,218.0,False,16.580000000000002,False,True,47.2,46.33,True,215.0,True,HOLD
PKTEA,The Peria Karamalai Tea and Produce Company Limited,Consumer Defensive,Farm Products,698.2999877929688,False,23.189999999999998,True,False,16.94,11.37,True,72.79,False,HOLD
NITIRAJ,Nitiraj Engineers Limited,Technology,Scientific & Technical Instruments,210.61000061035156,False,2.72,False,True,-3.5,-4.06,False,67.81,False,EXIT
SSDL,SSDL,Consumer Cyclical,Apparel Retail,53.869998931884766,False,23.409999999999997,False,False,-51.53,-45.8,False,604.0,True,EXIT
ZODIACLOTH,Zodiac Clothing Company Limited,Consumer Cyclical,Apparel Manufacturing,75.70999908447266,False,35.05,True,False,-36.89,-31.2,False,405.0,False,EXIT
ROSSELLIND,Rossell India Limited,Industrials,Conglomerates,56.529998779296875,False,63.44,True,True,-23.24,-22.54,False,367.0,True,HOLD
CPCAP,CP Capital Limited,Financial Services,Credit Services,117.55999755859375,False,42.58,False,True,-30.38,-30.84,False,,False,EXIT
PLAZACABLE,Plaza Wires Limited,Industrials,Electrical Equipment & Parts,46.400001525878906,False,7.300000000000001,False,True,-22.36,-21.66,False,,False,EXIT
NOVAAGRI,Nova Agritech Limited,Basic Materials,Agricultural Inputs,24.31999969482422,False,12.84,False,False,-58.64,-59.5,False,294.0,True,EXIT
CCHHL,Country Club Hospitality & Holidays Limited,Consumer Cyclical,Lodging,12.5600004196167,False,18.54,False,False,-40.49,-34.79,False,520.63,False,EXIT
NECLIFE,Nectar Lifesciences Limited,Healthcare,Drug Manufacturers - Specialty & Generic,10.489999771118164,False,145.75,True,False,-41.33,-30.92,False,2779.0,False,EXIT
SAKHTISUG,Sakthi Sugars Limited,Consumer Defensive,Confectioners,17.579999923706055,False,195.89999999999998,False,False,-24.03,-29.32,False,3063.0,False,EXIT
QMSMEDI,QMSMEDI,Healthcare,Medical Instruments & Supplies,111.69000244140625,False,11.239999999999998,False,True,29.31,39.26,True,,False,HOLD
VSTL,Vibhor Steel Tubes Limited,Basic Materials,Steel,106.41999816894531,False,8.79,False,False,-36.84,-37.77,False,,False,EXIT
PILITA,Pil Italica Lifestyle Limited,Consumer Cyclical,"Furnishings, Fixtures & Appliances",8.529999732971191,False,3.54,False,False,-51.75,-46.02,False,,False,EXIT
JMA,Jullundur Motor Agency (Delhi) Limited,Consumer Cyclical,Auto Parts,87.08000183105469,False,29.71,True,True,-15.43,-9.78,False,556.0,True,HOLD
SHRADHA,Shradha Realty Limited,Real Estate,Real Estate - Development,33.7400016784668,False,26.86,True,False,-31.93,-48.41,False,110.0,False,EXIT
TEAMGTY,Team India Guaranty Limited,Financial Services,Asset Management,220.0500030517578,False,2.09,False,False,-31.49,-31.94,False,,False,EXIT
SIGIND,Signet Industries Limited,Industrials,Conglomerates,70.61000061035156,False,16.17,False,True,22.04,22.64,True,,False,HOLD
SHREYANIND,Shreyans Industries Limited,Basic Materials,Paper & Paper Products,142.8000030517578,False,32.53,False,False,-42.54,-43.45,False,,False,EXIT
VIKASECO,Vikas Ecotech Limited,Basic Materials,Specialty Chemicals,1.1200000047683716,False,6.58,False,False,-53.3,-54.18,False,397.0,False,EXIT
INTENTECH,Intense Technologies Limited,Technology,Software - Infrastructure,79.94999694824219,False,28.69,True,False,-10.54,-11.05,False,127.4,True,EXIT
TAINWALCHM,Tainwala Chemicals and Plastics (India) Limited,Basic Materials,Specialty Chemicals,203.27000427246094,False,10.79,False,True,-14.29,-15.29,False,,False,EXIT
GILLANDERS,Gillanders Arbuthnot and Company Limited,Consumer Defensive,Farm Products,92.12000274658203,False,28.15,True,False,-23.24,-28.54,False,947.0,False,EXIT
RANASUG,Rana Sugars Limited,Consumer Defensive,Confectioners,13.289999961853027,False,57.13,False,True,-6.06,-11.47,False,1713.0,True,EXIT
AUSOMENT,AuSom Enterprise Limited,Financial Services,Capital Markets,140.0399932861328,False,19.48,False,True,25.83,25.12,True,2393.0,True,HOLD
DRCSYSTEMS,DRC Systems India Limited,Technology,Information Technology Services,12.979999542236328,False,19.93,True,False,-31.1,-31.49,False,65.0,True,EXIT
LANCORHOL,Lancor Holdings Limited,Real Estate,Real Estate - Development,26.780000686645508,False,45.879999999999995,True,True,30.39,13.12,True,190.0,True,HOLD
RPPL,Rajshree Polypack Limited,Consumer Cyclical,Packaging & Containers,26.110000610351562,False,17.259999999999998,True,True,-6.64,-1.02,False,330.0,True,HOLD
AIRAN,Airan Limited,Technology,Information Technology Services,15.069999694824219,False,12.110000000000001,False,False,-48.07,-48.36,False,106.0,True,EXIT
MURUDCERA,Murudeshwar Ceramics Ltd.,Industrials,Building Products & Equipment,31.520000457763672,False,10.79,True,False,-33.11,-32.39,False,202.0,True,EXIT
RACE,Race Eco Chain Limited,Industrials,Waste Management,107.61000061035156,False,6.77,True,False,-61.96,-61.18,False,555.0,True,EXIT
ASPINWALL,Aspinwall and Company Limited,Consumer Defensive,Farm Products,230.1300048828125,False,19.7,False,False,-13.51,-18.87,False,336.0,True,EXIT
VIPCLOTHNG,VIP Clothing Limited,Consumer Cyclical,Apparel Manufacturing,20.209999084472656,False,9.81,False,False,-58.89,-53.15,False,,False,EXIT
CENTEXT,Century Extrusions Limited,Basic Materials,Aluminum,22.56999969482422,False,10.969999999999999,True,True,-6.17,-7.19,False,431.0,True,HOLD
SILGO,Silgo Retail Limited,Consumer Cyclical,Luxury Goods,69.20999908447266,False,5.27,True,False,14.7,20.27,True,44.37,True,HOLD
ARCHIDPLY,Archidply Industries Limited,Basic Materials,Lumber & Wood Production,95.30000305175781,False,7.98,False,True,-9.78,-10.79,False,550.0,True,EXIT
RUDRA,Rudra Global Infra Products Limited,Basic Materials,Steel,17.979999542236328,False,13.52,False,False,,,False,561.0,True,EXIT
KHADIM,Khadim India Limited,Consumer Cyclical,Footwear & Accessories,93.06999969482422,False,3.4499999999999997,False,False,-76.22,-70.43,False,799.0,False,EXIT
VIRINCHI,Virinchi Limited,Technology,Software - Application,15.630000114440918,False,30.299999999999997,False,False,-44.66,-44.98,False,406.0,False,EXIT
BROOKS,Brooks Laboratories Limited,Healthcare,Drug Manufacturers - Specialty & Generic,59.900001525878906,False,24.58,True,False,-77.55,-66.9,False,91.0,False,EXIT
SUPREME,Supreme Holdings & Hospitality (India) Limited,Real Estate,Real Estate - Development,43.529998779296875,False,0.56,False,False,-28.96,-45.49,False,78.33,False,EXIT
SUPERHOUSE,Superhouse Limited,Consumer Cyclical,Footwear & Accessories,161.5399932861328,False,7.13,False,True,-11.56,-5.92,False,800.0,False,EXIT
BYKE,The Byke Hospitality Limited,Consumer Cyclical,Lodging,32.9900016784668,False,6.709999999999999,False,False,-66.48,-60.72,False,,False,EXIT
NIRAJ,Niraj Cement Structurals Limited,Industrials,Engineering & Construction,29.3700008392334,False,21.130000000000003,True,False,-47.24,-46.48,False,606.0,False,EXIT
IVP,IVP Limited,Basic Materials,Specialty Chemicals,177.13999938964844,False,18.68,False,True,-1.47,-2.5,False,,False,EXIT
ARVEE,Arvee Laboratories (India) Ltd.,Basic Materials,Specialty Chemicals,155.10000610351562,False,2.08,False,False,-14.09,-15.09,False,61.35,False,EXIT
VASWANI,Vaswani Industries Limited,Basic Materials,Steel,52.56999969482422,False,20.16,True,False,-2.29,-3.32,False,389.0,True,EXIT
UMIYA-MRO,Umiya Buildcon Limited,Real Estate,Real Estate - Development,88.5199966430664,False,33.37,False,True,20.38,3.24,True,123.0,False,HOLD
MODTHREAD,Modern Threads (India) Limited,Consumer Cyclical,Textile Manufacturing,46.2599983215332,False,12.19,False,True,-15.1,-9.46,False,,False,EXIT
VIPULLTD,Vipul Limited,Real Estate,Real Estate - Diversified,12.479999542236328,False,44.839999999999996,False,True,34.85,17.53,True,284.0,False,HOLD
DELPHIFX,Delphi World Money Limited,Financial Services,Capital Markets,6.739999771118164,False,6.97,False,False,-48.6,-48.97,False,9163.53,False,EXIT
METROGLOBL,MetroGlobal Limited,Industrials,Conglomerates,130.2100067138672,False,17.46,False,False,,,False,,False,EXIT
TRIGYN,Trigyn Technologies Limited,Technology,Information Technology Services,53.95000076293945,False,11.2,False,False,-38.98,-39.33,False,1280.0,False,EXIT
TICL,Twamev Construction and Infrastructure Limited,Industrials,Engineering & Construction,10.119999885559082,False,7.630000000000001,False,False,-70.75,-69.94,False,708.0,False,EXIT
INDOUS,Indo Us Bio-Tech Limited,Basic Materials,Agricultural Inputs,80.7699966430664,False,13.120000000000001,True,False,-57.48,-58.36,False,49.39,True,EXIT
BHARATGEAR,Bharat Gears Limited,Consumer Cyclical,Auto Parts,107.66999816894531,False,16.509999999999998,False,False,13.54,19.11,True,,False,EXIT
TIPSFILMS,Tips Films Limited,Communication Services,Entertainment,386.79998779296875,False,25.33,False,True,-3.29,-22.84,False,,False,EXIT
NATCAPSUQ,Natural Capsules Limited,Healthcare,Drug Manufacturers - Specialty & Generic,170.17999267578125,False,24.67,True,False,-35.75,-25.38,False,170.0,False,EXIT
AMJLAND,AMJ Land Holdings Limited,Real Estate,Real Estate - Development,38.15999984741211,False,14.790000000000001,False,False,-21.35,-37.96,False,333.0,False,EXIT
EMMBI,Emmbi Industries Limited,Consumer Cyclical,Packaging & Containers,85.22000122070312,False,7.890000000000001,True,False,-29.16,-23.49,False,404.0,True,EXIT
INDTERRAIN,Indian Terrain Fashions Limited,Consumer Cyclical,Apparel Retail,31.90999984741211,False,10.030000000000001,False,False,-20.48,-14.83,False,,False,EXIT
MHLXMIRU,Mahalaxmi Rubtech Limited,Consumer Cyclical,Textile Manufacturing,155.02999877929688,False,21.79,True,False,-38.41,-32.71,False,267.0,True,EXIT
NECCLTD,North Eastern Carrying Corporation Limited,Industrials,Trucking,14.880000114440918,False,7.750000000000001,True,False,-39.26,-38.52,False,572.0,False,EXIT
SRTL,SRTL,Consumer Cyclical,Textile Manufacturing,40.290000915527344,False,4.46,False,False,,,False,,False,EXIT
MKPL,M. K. Proteins Limited,Consumer Defensive,Packaged Foods,4.190000057220459,False,6.83,False,False,-38.06,-43.26,False,,False,EXIT
MCL,M Tek Copper Limited,Basic Materials,Copper,58.79999923706055,False,3.67,False,False,9.87,8.8,True,,False,EXIT
BAIDFIN,Baid Finserv Limited,Financial Services,Credit Services,9.979999542236328,False,14.98,False,False,-21.5,-22.0,False,,False,EXIT
KRITIKA,Kritika Wires Limited,Basic Materials,Steel,5.559999942779541,False,6.199999999999999,False,False,-40.22,-41.14,False,,False,EXIT
DCM,DCM Limited,Industrials,Metal Fabrication,82.0,False,6.5,False,False,-23.41,-22.71,False,961.69,False,EXIT
SADBHAV,Sadbhav Engineering Limited,Industrials,Engineering & Construction,8.859999656677246,False,171.57,False,False,-37.2,-36.47,False,5240.0,False,EXIT
SANGINITA,Sanginita Chemicals Limited,Basic Materials,Chemicals,57.91999816894531,False,9.899999999999999,True,True,477.54,475.15,True,230.0,True,HOLD
INCREDIBLE,Incredible Industries Limited,Basic Materials,Steel,33.970001220703125,False,11.52,False,False,-18.72,-19.71,False,,False,EXIT
RELIABLE,Reliable Data Services Limited,Technology,Information Technology Services,147.0399932861328,False,8.35,False,True,75.62,74.58,True,131.0,True,HOLD
DEVIT,Dev Information Technology Limited,Technology,Information Technology Services,26.700000762939453,False,90.32,True,False,-44.42,-44.73,False,171.0,True,EXIT
LAL,Lorenzini Apparels Limited,Consumer Cyclical,Apparel Manufacturing,8.739999771118164,False,4.35,False,True,-26.52,-20.86,False,,False,EXIT
KAMOPAINTS,Kamdhenu Ventures Limited,Basic Materials,Steel,4.550000190734863,False,5.54,False,False,-55.78,-56.66,False,292.0,False,EXIT
TTL,T.T. Limited,Consumer Cyclical,Textile Manufacturing,5.849999904632568,False,2.3,False,False,-62.05,-56.3,False,,False,EXIT
FILATFASH,Filatex Fashions Limited,Consumer Cyclical,Apparel Manufacturing,0.18000000715255737,False,2.83,False,False,-82.09,-76.28,False,186.0,True,EXIT
DGCONTENT,Digicontent Limited,Communication Services,Internet Content & Information,25.899999618530273,False,20.03,True,False,-19.63,-38.95,False,20.0,False,EXIT
BRNL,Bharat Road Network Limited,Industrials,Infrastructure Operations,17.670000076293945,False,96.43,False,False,-13.37,-12.69,False,401.0,False,EXIT
AARTECH,Aartech Solonics Limited,Industrials,Electrical Equipment & Parts,46.220001220703125,False,4.4,True,False,-32.86,-32.14,False,36.35,True,EXIT
HPIL,Hindprakash Industries Limited,Basic Materials,Specialty Chemicals,126.05000305175781,False,2.74,False,False,-6.61,-7.62,False,103.61,False,EXIT
LAGNAM,Lagnam Spintex Limited,Consumer Cyclical,Textile Manufacturing,82.12999725341797,False,14.39,False,True,-23.21,-17.55,False,,False,EXIT
ALPHAGEO,Alphageo (India) Limited,Energy,Oil & Gas Equipment & Services,244.69000244140625,False,15.520000000000001,False,True,-14.93,-7.46,False,429.0,False,EXIT
INDBANK,Indbank Merchant Banking Services Limited,Financial Services,Capital Markets,33.08000183105469,False,7.65,False,False,-1.74,-2.32,False,,False,EXIT
BTML,Bodhi Tree Multimedia Limited,Communication Services,Entertainment,8.0,False,6.91,False,True,9.62,-10.1,False,89.0,True,EXIT
INDOWIND,Indowind Energy Limited,Utilities,Utilities - Renewable,9.0,False,14.91,True,False,-42.53,-52.91,False,38.81,False,EXIT
HECPROJECT,HEC Infra Projects Limited,Industrials,Engineering & Construction,134.94000244140625,False,12.58,False,True,-13.14,-12.47,False,,False,EXIT
ALPA,Alpa Laboratories Limited,Healthcare,Drug Manufacturers - Specialty & Generic,67.97000122070312,False,15.16,False,False,-45.62,-35.17,False,112.0,False,EXIT
WIPL,The Western India Plywoods Limited,Basic Materials,Lumber & Wood Production,169.97000122070312,False,2.7,False,True,7.63,6.57,True,116.0,True,HOLD
BALPHARMA,Bal Pharma Limited,Healthcare,Drug Manufacturers - Specialty & Generic,90.9000015258789,False,6.28,False,True,-19.81,-9.54,False,339.0,False,EXIT
MITCON,MITCON Consultancy & Engineering Services Limited,Industrials,Engineering & Construction,79.5,False,8.09,True,True,4.84,5.47,True,129.0,False,HOLD
SHAHALLOYS,Shah Alloys Limited,Basic Materials,Steel,69.88999938964844,False,65.04,False,True,17.16,16.07,True,880.0,False,HOLD
DTIL,Dhunseri Tea & Industries Limited,Consumer Defensive,Packaged Foods,136.07000732421875,False,73.52999999999999,True,False,-27.53,-32.79,False,456.0,True,EXIT
SECMARK,SecMark Consultancy Limited,Industrials,Consulting Services,125.04000091552734,False,8.13,True,True,-13.63,-12.95,False,35.11,True,HOLD
PRAENG,Prajay Engineers Syndicate Limited,Real Estate,Real Estate - Development,19.8799991607666,False,18.64,True,False,23.0,5.83,True,109.0,False,HOLD
KEYFINSERV,Keynote Financial Services Limited,Financial Services,Capital Markets,249.0500030517578,False,27.44,True,False,-7.95,-8.51,False,25.32,False,EXIT
RUCHINFRA,Ruchi Infrastructure Limited,Industrials,Specialty Business Services,5.610000133514404,False,10.93,False,False,-29.34,-28.63,False,2636.0,False,EXIT
CALSOFT,California Software Company Limited,Technology,Software - Application,21.739999771118164,False,14.63,True,True,63.57,62.6,True,10.86,False,HOLD
ISHANCH,Ishan Dyes and Chemicals Limited,Basic Materials,Chemicals,48.560001373291016,False,10.63,False,False,-24.66,-25.62,False,101.43,True,EXIT
BALAXI,Balaxi Pharmaceuticals Limited,Healthcare,Drug Manufacturers - Specialty & Generic,24.200000762939453,False,1.41,False,False,-60.92,-50.38,False,336.0,False,EXIT
AIROLAM,Airo Lam Limited,Consumer Cyclical,"Furnishings, Fixtures & Appliances",92.75,False,3.87,False,False,-24.33,-18.66,False,211.0,True,EXIT
CORALFINAC,Coral India Finance and Housing Limited,Real Estate,Real Estate Services,33.45000076293945,False,14.779999999999998,False,False,-12.8,-29.53,False,,False,EXIT
MAGNUM,Magnum Ventures Limited,Basic Materials,Paper & Paper Products,19.360000610351562,False,24.94,True,False,-24.06,-25.02,False,396.0,True,EXIT
TARMAT,Tarmat Limited,Industrials,Engineering & Construction,54.119998931884766,False,6.24,False,True,-3.48,-2.82,False,276.0,False,EXIT
SURANASOL,Surana Solar Limited,Technology,Solar,26.510000228881836,False,6.760000000000001,True,False,-18.95,-19.41,False,92.55,False,EXIT
INDIANCARD,The Indian Card Clothing Company Limited,Consumer Cyclical,Textile Manufacturing,220.02000427246094,False,11.690000000000001,False,False,-30.13,-24.45,False,85.0,False,EXIT
JOCIL,Jocil Limited,Basic Materials,Specialty Chemicals,148.1999969482422,False,8.290000000000001,False,True,-14.13,-15.13,False,919.0,False,EXIT
SALONA,Salona Cotspin Limited,Consumer Cyclical,Textile Manufacturing,240.6300048828125,False,4.300000000000001,False,False,-8.32,-2.69,False,,False,EXIT
MUKTAARTS,Mukta Arts Limited,Communication Services,Entertainment,55.0,False,11.81,True,False,-14.8,-34.2,False,308.0,False,EXIT
PRAXIS,Praxis Home Retail Limited,Consumer Cyclical,Specialty Retail,6.800000190734863,False,228.70000000000002,False,False,-43.3,-37.59,False,,False,EXIT
STEELCITY,Steel City Securities Limited,Financial Services,Capital Markets,82.91999816894531,False,14.290000000000001,False,False,-25.86,-26.34,False,70.0,True,EXIT
BSL,BSL Limited,Consumer Cyclical,Textile Manufacturing,124.0,False,4.359999999999999,False,False,-25.94,-20.28,False,,False,EXIT
ISFT,IntraSoft Technologies Limited,Consumer Cyclical,Internet Retail,78.6500015258789,False,13.28,False,False,-28.68,-23.0,False,1170.0,False,EXIT
TEXMOPIPES,Texmo Pipes and Products Limited,Industrials,Building Products & Equipment,43.52000045776367,False,14.059999999999999,False,False,-30.7,-29.99,False,635.0,False,EXIT
CROWN,Crown Lifters Limited,Industrials,Rental & Leasing Services,109.44000244140625,False,8.9,False,False,-34.55,-33.83,False,,False,EXIT
URAVIDEF,Uravi Defence and Technology Limited,Consumer Cyclical,Auto Parts,107.45999908447266,False,1.43,False,False,-90.09,-84.27,False,41.99,False,EXIT
MAHAPEXLTD,Maha Rashtra Apex Corporation Limited,Financial Services,Credit Services,47.869998931884766,False,64.42,False,False,-58.99,-59.32,False,10.0,False,EXIT
SAMBHAAV,Sambhaav Media Limited,Communication Services,Publishing,6.369999885559082,False,1.18,False,False,9.43,-10.29,False,48.33,False,EXIT
GTL,GTL Limited,Communication Services,Telecom Services,7.670000076293945,False,666.75,True,False,-1.37,-20.95,False,3942.0,False,EXIT
ONELIFECAP,Onelife Capital Advisors Limited,Financial Services,Capital Markets,33.5,False,18.82,True,True,175.44,174.07,True,6.41,False,HOLD
USK,Udayshivakumar Infra Limited,Industrials,Engineering & Construction,21.649999618530273,False,26.69,False,False,-48.1,-47.34,False,577.0,False,EXIT
REPL,Rudrabhishek Enterprises Limited,Industrials,Consulting Services,67.08000183105469,False,18.200000000000003,False,False,-64.66,-63.87,False,107.97,True,EXIT
AVROIND,Avro India Limited,Consumer Cyclical,"Furnishings, Fixtures & Appliances",8.640000343322754,False,4.31,False,False,-56.33,-50.59,False,67.48,True,EXIT
WEIZMANIND,Weizmann Limited,Consumer Cyclical,Textile Manufacturing,78.9800033569336,False,5.92,False,False,-39.82,-34.12,False,135.0,False,EXIT
PAR,Par Drugs and Chemicals Limited,Healthcare,Drug Manufacturers - Specialty & Generic,103.52999877929688,False,13.11,False,True,-13.5,-3.27,False,,False,EXIT
VITAL,VITAL,Basic Materials,Specialty Chemicals,51.45000076293945,False,0.0,False,False,-6.12,-7.13,False,134.0,True,EXIT
XELPMOC,Xelpmoc Design and Tech Limited,Technology,Information Technology Services,81.88999938964844,False,7.59,True,False,-13.54,-14.04,False,14.74,False,EXIT
LAMBODHARA,Lambodhara Textiles Limited,Consumer Cyclical,Textile Manufacturing,113.4800033569336,False,11.01,False,False,-18.95,-13.3,False,,False,EXIT
ANIKINDS,Anik Industries Limited,Consumer Defensive,Food Distribution,42.20000076293945,False,3.3400000000000003,False,False,-56.41,-61.49,False,610.0,False,EXIT
GSLSU,Global Surfaces Limited,Basic Materials,Building Materials,26.809999465942383,False,30.419999999999998,False,False,-82.25,-83.05,False,225.0,False,EXIT
KREBSBIO,Krebs Biochemicals & Industries Limited,Healthcare,Drug Manufacturers - Specialty & Generic,57.22999954223633,False,16.93,False,False,-39.58,-29.18,False,,False,EXIT
VLEGOV,VL E-Governance & IT Solutions Limited,Technology,Information Technology Services,10.739999771118164,False,2.51,False,False,-82.28,-82.36,False,,False,EXIT
GANGESSECU,Ganges Securities Limited,Consumer Defensive,Packaged Foods,116.86000061035156,False,8.11,False,False,-25.54,-30.82,False,41.93,False,EXIT
AAATECH,AAA Technologies Limited,Technology,Information Technology Services,99.4800033569336,False,2.6,False,True,8.16,7.52,True,,False,HOLD
LATTEYS,Latteys Industries Limited,Industrials,Specialty Industrial Machinery,20.06999969482422,False,3.5700000000000003,True,False,-5.75,-5.09,False,80.0,True,EXIT
ZENITHEXPO,Zenith Exports Limited,Consumer Cyclical,Textile Manufacturing,238.16000366210938,False,2.53,False,True,-2.8,2.81,False,,False,EXIT
BCPL,BCPL Railway Infrastructure Limited,Industrials,Infrastructure Operations,69.5199966430664,False,6.450000000000001,False,False,,,False,161.0,True,EXIT
ABAN,Aban Offshore Limited,Energy,Oil & Gas Drilling,19.989999771118164,False,849.68,False,False,-69.18,-60.21,False,,False,EXIT
VISHWARAJ,Vishwaraj Sugar Industries Limited,Consumer Defensive,Confectioners,5.400000095367432,False,48.4,False,False,-40.55,-45.73,False,,False,EXIT
HINDCON,Hindcon Chemicals Limited,Basic Materials,Specialty Chemicals,22.15999984741211,False,3.2199999999999998,False,False,-36.82,-37.75,False,85.59,False,EXIT
CUBEXTUB,Cubex Tubings Limited,Basic Materials,Copper,81.33999633789062,False,7.450000000000001,True,False,-9.61,-10.61,False,267.0,True,EXIT
GVPTECH,GVP Infotech Limited,Technology,Information Technology Services,7.0,False,95.72,True,False,-34.06,-34.44,False,1491.0,False,EXIT
DBSTOCKBRO,DB (International) Stock Brokers Limited,Financial Services,Capital Markets,32.810001373291016,False,3.4699999999999998,False,True,25.26,24.56,True,48.25,False,HOLD
SURYALAXMI,Suryalakshmi Cotton Mills Limited,Consumer Cyclical,Textile Manufacturing,60.619998931884766,False,3.12,False,True,-20.92,-15.26,False,727.0,True,EXIT
LANDSMILL,Landsmill Green Limited,Industrials,Conglomerates,0.7900000214576721,False,1.6600000000000001,False,False,-33.37,-32.64,False,39.65,False,EXIT
OBCL,OBCL Limited,Industrials,Trucking,53.47999954223633,False,10.91,False,False,-5.62,-4.96,False,488.0,False,EXIT
TOTAL,Total Transport Systems Limited,Industrials,Integrated Freight & Logistics,66.98999786376953,False,7.79,False,True,-17.43,-16.75,False,665.0,True,EXIT
NAVKARURB,Navkar Urbanstructure Limited,Basic Materials,Building Materials,0.9900000095367432,False,3.2,False,False,-63.69,-64.54,False,,False,EXIT
FELDVR,Future Enterprises Limited,Consumer Cyclical,Department Stores,2.369999885559082,False,0.0,False,False,-44.74,-39.03,False,,False,EXIT
SOMICONVEY,Somi Conveyor Beltings Limited,Industrials,Specialty Industrial Machinery,93.91999816894531,False,5.029999999999999,False,False,-42.1,-41.36,False,,False,EXIT
AKSHOPTFBR,Aksh Optifibre Limited,Technology,Communication Equipment,6.460000038146973,False,17.560000000000002,False,True,-25.01,-25.44,False,618.0,False,EXIT
HILTON,Hilton Metal Forging Limited,Industrials,Metal Fabrication,21.1200008392334,False,3.4499999999999997,False,False,-68.36,-67.56,False,,False,EXIT
SIL,Standard Industries Limited,Consumer Cyclical,Textile Manufacturing,19.0,False,19.5,False,True,-9.05,-3.42,False,437.0,False,EXIT
BEARDSELL,Beardsell Limited,Industrials,Building Products & Equipment,26.790000915527344,False,11.430000000000001,True,False,-21.25,-20.56,False,268.0,True,EXIT
LOVABLE,Lovable Lingerie Limited,Consumer Cyclical,Apparel Manufacturing,72.5999984741211,False,10.82,False,False,-30.02,-24.34,False,,False,EXIT
JETFREIGHT,Jet Freight Logistics Limited,Industrials,Integrated Freight & Logistics,22.459999084472656,False,6.8100000000000005,False,True,58.6,59.11,True,461.0,False,HOLD
SHYAMCENT,Shyam Century Ferrous Limited,Basic Materials,Steel,5.070000171661377,False,11.17,False,False,-38.59,-39.52,False,133.0,False,EXIT
ARTNIRMAN,Art Nirman Limited,Real Estate,Real Estate - Development,41.90999984741211,False,1.34,False,False,-11.95,-28.68,False,,False,EXIT
NARMADA,Narmada Agrobase Limited,Basic Materials,Agricultural Inputs,13.670000076293945,False,3.86,False,False,12.72,11.65,True,,False,EXIT
GROBTEA,The Grob Tea Company Limited,Consumer Defensive,Farm Products,900.2999877929688,False,43.77,False,False,-18.02,-23.35,False,,False,EXIT
COMPUSOFT,Compucom Software Limited,Consumer Defensive,Education & Training Services,13.199999809265137,False,3.3600000000000003,False,False,-35.75,-40.96,False,75.0,False,EXIT
LOYALTEX,Loyal Textile Mills Limited,Consumer Cyclical,Textile Manufacturing,214.0,False,64.68,False,False,-51.83,-46.1,False,1763.0,False,EXIT
VAISHALI,Vaishali Pharma Limited,Healthcare,Drug Manufacturers - Specialty & Generic,8.210000038146973,False,5.73,False,True,-49.68,-39.21,False,,False,EXIT
DUCON,Ducon Infratechnologies Limited,Industrials,Specialty Industrial Machinery,3.369999885559082,False,10.98,False,False,-47.22,-46.46,False,451.0,True,EXIT
MOTOGENFIN,The Motor & General Finance Limited,Real Estate,Real Estate Services,26.549999237060547,False,146.85,True,True,13.49,-3.56,False,15.16,False,HOLD
RAJSREESUG,Rajshree Sugars & Chemicals Limited,Consumer Defensive,Confectioners,31.3700008392334,False,71.34,True,False,-24.51,-29.8,False,830.0,False,EXIT
NORBTEAEXP,Norben Tea & Exports Limited,Consumer Defensive,Farm Products,66.93000030517578,False,1.27,False,False,94.12,88.04,True,,False,EXIT
RELCHEMQ,Reliance Chemotex Industries Limited,Consumer Cyclical,Textile Manufacturing,130.05999755859375,False,5.26,False,False,-34.19,-28.5,False,366.0,False,EXIT
OSWALSEEDS,ShreeOswal Seeds and Chemicals Limited,Basic Materials,Agricultural Inputs,10.489999771118164,False,13.620000000000001,True,False,-17.97,-18.95,False,272.0,False,EXIT
SPLIL,SPL Industries Limited,Consumer Cyclical,Apparel Manufacturing,32.61000061035156,False,7.45,False,True,-27.61,-21.94,False,340.0,False,EXIT
SEMAC,Semac Construction Limited,Industrials,Engineering & Construction,306.0,False,7.19,False,False,-48.71,-47.95,False,325.0,False,EXIT
DIGJAMLMTD,Digjam Limited,Consumer Cyclical,Textile Manufacturing,49.0,False,3.94,False,True,-21.95,-16.29,False,,False,EXIT
BHANDARI,Bhandari Hosiery Exports Limited,Consumer Cyclical,Apparel Manufacturing,2.8499999046325684,False,7.7700000000000005,False,False,-54.18,-48.45,False,21.03,True,EXIT
SMLT,Sarthak Metals Limited,Industrials,Metal Fabrication,70.5,False,4.609999999999999,False,False,-38.8,-38.06,False,,False,EXIT
INVENTURE,Inventure Growth & Securities Limited,Financial Services,Capital Markets,0.8999999761581421,False,14.530000000000001,True,False,-46.59,-46.97,False,311.87,False,EXIT
BAGFILMS,B.A.G. Films and Media Limited,Communication Services,Broadcasting,4.360000133514404,False,3.74,False,False,-19.9,-39.23,False,145.0,False,EXIT
BANKA,Banka BioLoo Limited,Industrials,Pollution & Treatment Controls,84.8499984741211,False,2.84,False,True,-8.45,-7.78,False,54.18,True,EXIT
RAJMET,Rajnandini Metal Limited,Basic Materials,Copper,3.319999933242798,False,0.0,False,False,-33.61,-34.55,False,,False,EXIT
MOKSH,Moksh Ornaments Limited,Consumer Cyclical,Luxury Goods,10.550000190734863,False,0.0,False,False,-34.7,-29.01,False,,False,EXIT
KAKATCEM,Kakatiya Cement Sugar and Industries Limited,Basic Materials,Building Materials,114.08999633789062,False,24.060000000000002,False,False,-29.7,-30.65,False,,False,EXIT
PALASHSECU,Palash Securities Limited,Consumer Defensive,Packaged Foods,90.66000366210938,False,28.8,True,False,-24.09,-29.38,False,6.04,True,EXIT
SADBHIN,Sadbhav Infrastructure Project Limited,Industrials,Engineering & Construction,2.6700000762939453,False,198.38,False,False,-37.71,-36.98,False,3548.0,False,EXIT
GOYALALUM,Goyal Aluminiums Limited,Basic Materials,Aluminum,6.449999809265137,False,3.5,True,False,-16.21,-17.19,False,82.41,False,EXIT
RHFL,Reliance Home Finance Limited,Financial Services,Mortgage Finance,1.8300000429153442,False,2.61,False,False,-66.73,-67.02,False,,False,EXIT
BVCL,Barak Valley Cements Limited,Basic Materials,Building Materials,41.34000015258789,False,5.27,False,False,-6.72,-7.74,False,234.0,False,EXIT
AAKASH,Aakash Exploration Services Limited,Energy,Oil & Gas Equipment & Services,9.039999961853027,False,3.24,False,True,-23.36,-15.66,False,93.0,False,EXIT
SELMC,SEL Manufacturing Company Limited,Consumer Cyclical,Textile Manufacturing,26.989999771118164,False,167.88,False,False,-21.99,-16.33,False,3774.0,False,EXIT
GLOBE,Globe Enterprises (India) Limited,Consumer Cyclical,Textile Manufacturing,2.0299999713897705,False,7.950000000000001,False,False,-20.42,-14.76,False,524.0,True,EXIT
AMDIND,AMD Industries Limited,Consumer Cyclical,Packaging & Containers,47.25,False,9.889999999999999,True,False,-18.41,-12.76,False,190.0,True,EXIT
PARASPETRO,Paras Petrofils Limited,Consumer Cyclical,Textile Manufacturing,2.4700000286102295,False,2.22,False,True,-11.02,-5.39,False,,False,EXIT
REGENCERAM,Regency Ceramics Limited,Industrials,Building Products & Equipment,32.709999084472656,False,23.84,False,False,-41.74,-40.99,False,,False,EXIT
GRADIENTE,Gradiente Infotainment Limited,Communication Services,Entertainment,2.4700000286102295,False,0.0,False,False,,,False,,False,EXIT
LPDC,Landmark Property Development Company Limited,Real Estate,Real Estate Services,6.300000190734863,False,1.57,False,False,-6.75,-23.55,False,,False,EXIT
FIBERWEB,Fiberweb (India) Limited,Consumer Cyclical,Textile Manufacturing,29.489999771118164,False,13.059999999999999,False,False,-49.67,-43.94,False,286.13,False,EXIT
KOHINOOR,Kohinoor Foods Limited,Consumer Defensive,Packaged Foods,23.170000076293945,False,94.61999999999999,False,False,-34.16,-39.38,False,1420.0,False,EXIT
GATECH,GACM Technologies Limited,Financial Services,Asset Management,0.6800000071525574,False,7.1,False,True,25.68,24.98,True,385.56,False,HOLD
PATINTLOG,Patel Integrated Logistics Limited,Industrials,Integrated Freight & Logistics,14.170000076293945,False,9.59,True,True,-13.12,-12.45,False,454.0,False,HOLD
CINEVISTA,Cinevista Limited,Communication Services,Entertainment,14.869999885559082,False,6.1,True,False,0.31,-19.29,False,59.0,False,EXIT
BLBLIMITED,BLB Limited,Financial Services,Capital Markets,16.209999084472656,False,33.32,False,True,-9.21,-9.76,False,2522.0,False,EXIT
NIBL,NRB Industrial Bearings Limited,Industrials,Tools & Accessories,32.86000061035156,False,29.460000000000004,True,True,29.41,29.99,True,81.0,False,HOLD
HISARMETAL,Hisar Metal Industries Limited,Basic Materials,Steel,161.6199951171875,False,3.3800000000000003,False,True,-25.2,-26.16,False,,False,EXIT
NOIDATOLL,Noida Toll Bridge Company Limited,Industrials,Infrastructure Operations,4.21999979019165,False,27.199999999999996,False,False,7.32,7.95,True,130.0,False,EXIT
KHAITANLTD,Khaitan (India) Limited,Industrials,Industrial Distribution,150.49000549316406,False,6.039999999999999,False,True,29.46,30.04,True,77.61,True,HOLD
DHARAN,Dharan Infra-EPC Limited,Real Estate,Real Estate - Development,0.15000000596046448,False,35.050000000000004,False,False,-55.51,-71.7,False,129.0,False,EXIT
ENERGYDEV,Energy Development Company Limited,Utilities,Utilities - Regulated Electric,16.239999771118164,False,27.28,True,False,-13.19,-24.35,False,150.0,False,EXIT
ROLLT,Rollatainers Limited,Real Estate,Real Estate Services,3.009999990463257,False,18.549999999999997,False,True,121.64,103.24,True,560.0,False,HOLD
ORIENTLTD,Orient Press Limited,Consumer Cyclical,Packaging & Containers,78.5,False,1.9300000000000002,False,True,-23.29,-17.63,False,,False,EXIT
TOKYOPLAST,Tokyo Plast International Limited,Consumer Cyclical,Packaging & Containers,80.0,False,0.45,False,False,-44.37,-38.66,False,79.93,False,EXIT
RSSOFTWARE,R S Software (India) Limited,Technology,Information Technology Services,30.059999465942383,False,33.0,False,False,-60.47,-60.68,False,352.0,False,EXIT
ZENITHSTL,Zenith Steel Pipes & Industries Limited,Basic Materials,Steel,5.320000171661377,False,4.54,False,False,-36.3,-37.24,False,229.36,False,EXIT
BANARBEADS,Banaras Beads Limited,Consumer Cyclical,Footwear & Accessories,114.38999938964844,False,1.8900000000000001,False,False,-6.31,-0.69,False,,False,EXIT
HDIL,Housing Development and Infrastructure Limited,Real Estate,Real Estate - Diversified,1.559999942779541,False,11.67,False,False,-40.82,-57.19,False,2380.0,False,EXIT
ATAM,Atam Valves Limited,Industrials,Specialty Industrial Machinery,65.04000091552734,False,3.58,False,False,-34.68,-33.95,False,,False,EXIT
TOUCHWOOD,Touchwood Entertainment Limited,Communication Services,Advertising Agencies,67.88999938964844,False,4.0600000000000005,False,False,-20.11,-39.44,False,68.85,True,EXIT
PIONEEREMB,Pioneer Embroideries Limited,Consumer Cyclical,Textile Manufacturing,22.84000015258789,False,9.84,False,False,-53.69,-47.96,False,375.0,True,EXIT
CTE,Cambridge Technology Enterprises Limited,Technology,Information Technology Services,37.75,False,10.89,False,True,-13.17,-13.67,False,206.0,False,EXIT
ODIGMA,Odigma Consultancy Solutions Limited,Communication Services,Advertising Agencies,22.729999542236328,False,1.8,False,False,-19.45,-38.78,False,,False,EXIT
CURAA,CURAA,Technology,Software - Application,73.55000305175781,False,1.79,False,False,-79.36,-79.46,False,52.97,False,EXIT
PARSVNATH,Parsvnath Developers Limited,Real Estate,Real Estate - Development,1.6200000047683716,False,419.7099999999999,True,False,-79.48,-95.37,False,1189.0,False,EXIT
ACCURACY,Accuracy Shipping Limited,Industrials,Integrated Freight & Logistics,4.769999980926514,False,3.7800000000000002,False,False,-40.19,-39.45,False,945.0,True,EXIT
VINEETLAB,Vineet Laboratories Limited,Basic Materials,Chemicals,35.650001525878906,False,12.64,False,False,2.95,1.91,True,,False,EXIT
NAGREEKEXP,Nagreeka Exports Limited,Consumer Cyclical,Textile Manufacturing,22.219999313354492,False,3.06,False,False,-25.87,-20.2,False,630.0,False,EXIT
PRAKASHSTL,Prakash Steelage Limited,Basic Materials,Steel,3.9600000381469727,False,0.84,False,False,-35.87,-36.8,False,1123.0,False,EXIT
NGIL,Nakoda Group of Industries Limited,Consumer Defensive,Packaged Foods,39.68000030517578,False,1.63,True,True,44.3,38.55,True,59.62,False,HOLD
BONLON,Bonlon Industries Limited,Basic Materials,Other Industrial Metals & Mining,40.84000015258789,False,7.02,False,False,,,False,623.0,True,EXIT
ALKALI,Alkali Metals Limited,Basic Materials,Specialty Chemicals,66.2699966430664,False,6.959999999999999,False,False,-28.61,-29.56,False,,False,EXIT
JHS,JHS Svendgaard Laboratories Limited,Consumer Defensive,Household & Personal Products,7.920000076293945,False,5.619999999999999,False,False,-29.06,-34.31,False,140.29,False,EXIT
DIGIDRIVE,Digidrive Distributors Limited,Consumer Cyclical,Internet Retail,17.299999237060547,False,9.56,True,False,-55.34,-49.61,False,50.0,True,EXIT
UMAEXPORTS,Uma Exports Limited,Consumer Defensive,Farm Products,20.010000228881836,False,3.3000000000000003,False,False,-52.93,-58.02,False,1731.0,True,EXIT
IL&FSTRANS,IL&FS Transportation Networks Limited,Industrials,Infrastructure Operations,2.0899999141693115,False,0.0,False,False,-34.7,-33.97,False,8717.0,True,EXIT
ROML,Raj Oil Mills Limited,Consumer Defensive,Packaged Foods,44.529998779296875,False,4.67,True,False,-1.62,-7.06,False,341.0,False,EXIT
GENSOL,Gensol Engineering Limited,Technology,Solar,17.209999084472656,False,16.91,False,False,-66.47,-66.64,False,963.0,True,EXIT
AJOONI,Ajooni Biotech Limited,Consumer Defensive,Packaged Foods,3.8399999141693115,False,2.27,False,False,-28.08,-33.34,False,,False,EXIT
DAMODARIND,Damodar Industries Limited,Consumer Cyclical,Textile Manufacturing,29.0,False,7.44,False,False,-30.92,-25.24,False,,False,EXIT
AGRITECH,Agri-tech (India) Limited,Consumer Defensive,Farm Products,108.30999755859375,False,0.91,True,False,-23.24,-28.54,False,0.38,False,EXIT
GATECHDVR,GACM Technologies Limited,Financial Services,Asset Management,0.5199999809265137,False,7.1,False,True,13.04,12.39,True,233.33,False,HOLD
RKEC,RKEC Projects Limited,Industrials,Engineering & Construction,26.600000381469727,False,10.98,False,False,-69.17,-68.37,False,399.0,True,EXIT
CAPTRUST,Capital Trust Limited,Financial Services,Credit Services,20.280000686645508,False,46.82,True,True,-71.43,-71.7,False,,False,HOLD
SECURKLOUD,SecureKloud Technologies Limited,Technology,Software - Application,19.40999984741211,False,157.37,False,False,-22.47,-22.91,False,849.0,False,EXIT
ATLASCYCLE,Atlas Cycles (Haryana) Limited,Consumer Cyclical,Leisure,96.94999694824219,False,8.030000000000001,True,False,-35.74,-30.05,False,684.28,False,EXIT
TFL,Transwarranty Finance Limited,Financial Services,Mortgage Finance,10.920000076293945,False,4.430000000000001,True,False,-40.03,-40.44,False,,False,EXIT
DELTAMAGNT,Delta Manufacturing Limited,Consumer Cyclical,Textile Manufacturing,59.369998931884766,False,12.41,False,False,-43.22,-37.51,False,124.0,False,EXIT
FMNL,Future Market Networks Limited,Real Estate,Real Estate Services,9.300000190734863,False,7.93,False,False,-17.59,-34.25,False,161.0,False,EXIT
HGM,Handson Global Management (HGM) Limited,Technology,Information Technology Services,48.25,False,7.5,False,False,-12.96,-13.47,False,22.47,True,EXIT
PALREDTEC,Palred Technologies Limited,Technology,Consumer Electronics,47.54999923706055,False,5.26,False,True,-15.59,-16.08,False,148.0,False,EXIT
ANMOL,Anmol India Limited,Energy,Thermal Coal,10.430000305175781,False,11.239999999999998,False,False,-43.53,-35.27,False,,False,EXIT
SUNDARAM,Sundaram Multi Pap Limited,Basic Materials,Paper & Paper Products,1.25,False,4.0600000000000005,False,False,-42.38,-43.29,False,194.34,False,EXIT
AGROPHOS,Agro Phos (India) Limited,Basic Materials,Agricultural Inputs,28.079999923706055,False,2.7600000000000002,False,False,-33.16,-34.11,False,131.0,False,EXIT
SUPREMEENG,Supreme Engineering Limited,Basic Materials,Steel,2.3299999237060547,False,9.649999999999999,False,True,69.32,68.09,True,,False,HOLD
MALUPAPER,Malu Paper Mills Limited,Basic Materials,Paper & Paper Products,31.84000015258789,False,14.66,False,False,-21.47,-22.44,False,,False,EXIT
BALKRISHNA,Balkrishna Paper Mills Limited,Consumer Cyclical,Packaging & Containers,17.3700008392334,False,6.51,False,False,-23.73,-18.07,False,198.0,True,EXIT
SHIVAMILLS,Shiva Mills Limited,Consumer Cyclical,Textile Manufacturing,64.44999694824219,False,2.9000000000000004,False,True,-22.09,-16.43,False,,False,EXIT
ANSALAPI,Ansal Properties & Infrastructure Limited,Real Estate,Real Estate - Development,3.509999990463257,False,165.47,True,False,-21.41,-38.03,False,1406.0,False,EXIT
SUVIDHAA,Suvidhaa Infoserve Limited,Technology,Information Technology Services,2.5299999713897705,False,9.309999999999999,True,False,-47.47,-47.77,False,285.0,False,EXIT
ICDSLTD,ICDS Limited,Real Estate,Real Estate Services,41.150001525878906,False,2.58,False,False,0.4,-16.49,False,6.45,False,EXIT
ADROITINFO,Adroit Infotech Limited,Technology,Information Technology Services,10.079999923706055,False,3.81,False,True,-16.26,-16.75,False,52.95,False,EXIT
TRU,TruCap Finance Limited,Financial Services,Credit Services,4.440000057220459,False,103.62,True,False,-72.27,-72.53,False,,False,EXIT
ORCHASP,Orchasp Limited,Technology,Software - Application,1.5199999809265137,False,1.05,False,False,-49.21,-49.5,False,104.67,False,EXIT
KSR,KSR Footwear Limited,Consumer Cyclical,Footwear & Accessories,27.290000915527344,False,18.62,False,False,,,False,,False,EXIT
BIOFILCHEM,Biofil Chemicals and Pharmaceuticals Limited,Healthcare,Drug Manufacturers - Specialty & Generic,32.63999938964844,False,2.7800000000000002,False,False,-41.17,-30.76,False,,False,EXIT
RAJTV,Raj Television Network Limited,Communication Services,Broadcasting,10.329999923706055,False,0.79,False,False,-63.25,-81.99,False,,False,EXIT
HYBRIDFIN,Hybrid Financial Services Limited,Financial Services,Capital Markets,16.90999984741211,False,2.55,False,False,0.95,0.36,True,7.07,True,EXIT
MANUGRAPH,Manugraph India Limited,Industrials,Specialty Industrial Machinery,15.600000381469727,False,9.58,False,False,-21.75,-21.06,False,446.0,False,EXIT
VINNY,Vinny Overseas Limited,Consumer Cyclical,Textile Manufacturing,1.0399999618530273,False,0.9299999999999999,False,False,-32.09,-26.4,False,,False,EXIT
AHLADA,Ahlada Engineers Limited,Industrials,Building Products & Equipment,38.86000061035156,False,2.45,False,False,-45.38,-44.62,False,259.0,False,EXIT
SVPGLOB,SVP Global Textiles Limited,Consumer Cyclical,Textile Manufacturing,3.880000114440918,False,376.41999999999996,True,True,-4.52,1.09,False,2489.0,False,HOLD
BLUECOAST,Blue Coast Hotels Limited,Consumer Cyclical,Lodging,26.200000762939453,False,2.1,False,False,-70.9,-65.12,False,134.89,False,EXIT
PRITI,Priti International Limited,Consumer Cyclical,"Furnishings, Fixtures & Appliances",36.20000076293945,False,0.8999999999999999,False,False,-67.09,-61.32,False,,False,EXIT
COUNCODOS,Country Condo's Limited,Real Estate,Real Estate - Development,6.070000171661377,False,0.6,False,True,1.57,-15.33,False,,False,EXIT
MASKINVEST,Mask Investments Limited,Financial Services,Capital Markets,158.57000732421875,False,0.1,False,True,-9.72,-10.27,False,,False,EXIT
LCCINFOTEC,LCC Infotech Limited,Consumer Defensive,Education & Training Services,3.700000047683716,False,1.34,True,False,-10.39,-15.77,False,11.0,False,EXIT
WEWIN,We Win Limited,Technology,Information Technology Services,45.5,False,4.5,False,False,-17.22,-17.7,False,78.49,True,EXIT
KARMAENG,Karma Energy Limited,Utilities,Utilities - Renewable,41.709999084472656,False,2.6999999999999997,True,False,-17.45,-28.49,False,41.88,False,EXIT
JAIPURKURT,Nandani Creation Limited,Consumer Cyclical,Apparel Manufacturing,29.329999923706055,False,1.57,False,False,-39.73,-34.03,False,70.0,True,EXIT
ARCHIES,Archies Limited,Consumer Cyclical,Specialty Retail,13.920000076293945,False,4.89,False,False,-37.64,-31.95,False,194.95,False,EXIT
GAYAHWS,Gayatri Highways Limited,Industrials,Infrastructure Operations,1.9500000476837158,False,15.02,False,False,-21.34,-20.64,False,86.0,False,EXIT
SHEKHAWATI,Shekhawati Industries Limited,Consumer Cyclical,Textile Manufacturing,13.770000457763672,False,8.11,False,False,-47.94,-42.22,False,363.26,False,EXIT
RKDL,Ravi Kumar Distilleries Limited,Consumer Defensive,Beverages - Wineries & Distilleries,19.059999465942383,False,0.14,False,False,-32.56,-37.79,False,,False,EXIT
AKI,AKI India Limited,Consumer Cyclical,Footwear & Accessories,4.329999923706055,False,4.19,True,False,-68.65,-62.88,False,80.96,True,EXIT
DHRUV,Dhruv Consultancy Services Limited,Industrials,Engineering & Construction,24.190000534057617,False,33.690000000000005,True,False,-70.09,-69.28,False,102.0,True,EXIT
21STCENMGM,Twentyfirst Century Management Services Limited,Financial Services,Capital Markets,43.16999816894531,False,28.68,False,True,-28.99,-29.45,False,260.0,False,EXIT
OSIAHYPER,Osia Hyper Retail Limited,Consumer Cyclical,Department Stores,2.680000066757202,False,5.1,False,False,-89.26,-83.44,False,,False,EXIT
DANGEE,Dangee Dums Limited,Consumer Cyclical,Restaurants,2.9800000190734863,False,1.86,False,False,-44.23,-38.52,False,19.89,True,EXIT
CELEBRITY,Celebrity Fashions Limited,Consumer Cyclical,Apparel Manufacturing,6.909999847412109,False,15.72,False,False,-55.94,-50.2,False,,False,EXIT
TPHQ,Teamo Productions HQ Limited,Industrials,Engineering & Construction,0.4099999964237213,False,12.200000000000001,True,False,-51.89,-51.13,False,2.6,False,EXIT
AKASH,Akash Infra-Projects Limited,Industrials,Engineering & Construction,26.3799991607666,False,2.8200000000000003,False,False,-7.88,-7.21,False,140.82,False,EXIT
GOLDENTOBC,Golden Tobacco Limited,Consumer Defensive,Tobacco,24.049999237060547,False,0.0,False,False,-32.83,-38.07,False,96.08,False,EXIT
PRUDMOULI,Prudential Sugar Corporation Ltd.,Consumer Defensive,Confectioners,13.239999771118164,False,6.16,False,False,-67.8,-72.8,False,104.84,False,EXIT
MANGALAM,Mangalam Drugs & Organics Limited,Healthcare,Drug Manufacturers - Specialty & Generic,27.280000686645508,False,44.41,True,False,-81.28,-70.61,False,369.0,False,EXIT
AMBICAAGAR,Ambica Agarbathies Aroma & Industries Limited,Consumer Defensive,Household & Personal Products,24.510000228881836,False,3.45,True,False,-9.01,-14.41,False,98.07,True,EXIT
SAGARDEEP,Sagardeep Alloys Limited,Basic Materials,Copper,24.690000534057617,False,2.13,True,False,-9.82,-10.83,False,142.0,False,EXIT
LFIC,Lakshmi Finance & Industrial Corporation Limited,Financial Services,Asset Management,139.72000122070312,False,9.09,False,False,-36.38,-36.81,False,,False,EXIT
VIVIMEDLAB,Vivimed Labs Limited,Healthcare,Drug Manufacturers - Specialty & Generic,4.880000114440918,False,176.46000000000004,False,False,-17.46,-7.21,False,1462.0,False,EXIT
TNTELE,Tamilnadu Telecommunications Limited,Technology,Communication Equipment,9.220000267028809,False,14.889999999999999,False,False,-51.45,-51.72,False,,False,EXIT
BANG,Bang Overseas Limited,Consumer Cyclical,Apparel Manufacturing,30.459999084472656,False,5.949999999999999,False,False,-51.01,-45.28,False,194.0,False,EXIT
HBSL,HB Stockholdings Limited,Financial Services,Capital Markets,58.16999816894531,False,25.740000000000002,False,False,-32.56,-33.01,False,,False,EXIT
LASA,Lasa Supergenerics Limited,Healthcare,Drug Manufacturers - Specialty & Generic,7.699999809265137,False,34.08,False,False,-41.45,-31.04,False,,False,EXIT
MITTAL,Mittal Life Style Limited,Consumer Cyclical,Textile Manufacturing,0.8899999856948853,False,2.3299999999999996,True,False,-58.24,-52.5,False,72.02,False,EXIT
ADL,Archidply Decor Limited,Consumer Cyclical,"Furnishings, Fixtures & Appliances",73.75,False,0.32000000000000006,False,False,-28.06,-22.38,False,54.28,False,EXIT
ABMINTLLTD,ABM International Limited,Basic Materials,Specialty Chemicals,43.79999923706055,False,4.21,False,False,-22.95,-23.92,False,155.95,False,EXIT
MADHUCON,Madhucon Projects Limited,Industrials,Engineering & Construction,5.349999904632568,False,444.52,True,False,-28.86,-28.14,False,2599.0,False,EXIT
AROGRANITE,Aro Granite Industries Limited,Industrials,Building Products & Equipment,24.770000457763672,False,11.930000000000001,False,False,-40.69,-39.95,False,252.55,False,EXIT
MOHITIND,Mohit Industries Limited,Consumer Cyclical,Textile Manufacturing,26.09000015258789,False,0.92,False,True,-27.73,-22.06,False,191.0,False,EXIT
ORIENTALTL,Oriental Trimex Limited,Industrials,Building Products & Equipment,5.179999828338623,False,2.2600000000000002,False,False,-55.48,-54.71,False,,False,EXIT
SEYAIND,Seya Industries Limited,Basic Materials,Specialty Chemicals,12.75,False,2.8800000000000003,False,False,-39.42,-40.34,False,,False,EXIT
NKIND,N.K Industries Limited,Consumer Defensive,Household & Personal Products,63.9900016784668,False,3.6199999999999997,True,False,5.41,-0.08,False,493.13,False,EXIT
GSS,GSS Infotech Limited,Technology,Information Technology Services,13.34000015258789,False,51.120000000000005,True,False,-55.72,-55.96,False,46.14,False,EXIT
GANGAFORGE,Ganga Forging Limited,Industrials,Metal Fabrication,2.200000047683716,False,3.73,False,False,-42.4,-41.65,False,,False,EXIT
SUPERSPIN,Super Spinning Mills Limited,Consumer Cyclical,Textile Manufacturing,6.239999771118164,False,8.57,True,False,-42.17,-36.46,False,521.0,False,EXIT
ASHOKAMET,Ashoka Metcast Limited,Basic Materials,Steel,14.020000457763672,False,10.8,True,False,-25.03,-26.0,False,67.03,False,EXIT
SITINET,SITI Networks Limited,Communication Services,Entertainment,0.28999999165534973,False,196.85,True,False,-30.85,-50.02,False,1608.0,False,EXIT
CEREBRAINT,Cerebra Integrated Technologies Limited,Industrials,Waste Management,2.809999942779541,False,71.64999999999999,True,False,-70.06,-69.25,False,261.0,False,EXIT
CYBERMEDIA,Cyber Media (India) Limited,Communication Services,Publishing,16.209999084472656,False,3.52,False,False,14.11,-5.67,False,101.8,False,EXIT
KAUSHALYA,Kaushalya Infrastructure Development Corporation Limited,Industrials,Engineering & Construction,934.0,False,1.5599999999999998,False,True,1.67,2.31,True,14.56,False,HOLD
DNAMEDIA,Diligent Media Corporation Limited,Communication Services,Publishing,2.700000047683716,False,8.879999999999999,False,False,-33.29,-52.43,False,127.76,False,EXIT
AKSHAR,Akshar Spintex Limited,Consumer Cyclical,Textile Manufacturing,0.4099999964237213,False,7.3999999999999995,False,False,-32.63,-26.95,False,,False,EXIT
GTECJAINX,G-Tec Jainx Education Limited,Consumer Defensive,Education & Training Services,31.1299991607666,False,4.04,True,True,24.34,18.73,True,6.5,False,HOLD
EASTSILK,Eastern Silk Industries Limited,Consumer Cyclical,Textile Manufacturing,66.1500015258789,False,14.35,True,True,3572.15,3569.21,True,434.0,True,HOLD
MADHAV,Madhav Marbles and Granites Limited,Industrials,Building Products & Equipment,34.959999084472656,False,2.6,False,False,-24.29,-23.59,False,76.96,False,EXIT
LEXUS,Lexus Granito (India) Limited,Industrials,Building Products & Equipment,14.6899995803833,False,2.22,False,False,-58.22,-57.44,False,,False,EXIT
KEEPLEARN,DSJ Keep Learning Limited,Consumer Defensive,Education & Training Services,1.940000057220459,False,1.6300000000000001,False,False,-35.91,-41.13,False,,False,EXIT
SIMBHALS,Simbhaoli Sugars Limited,Consumer Defensive,Confectioners,7.090000152587891,False,32.809999999999995,True,False,-54.09,-59.18,False,1263.0,False,EXIT
KANANIIND,Kanani Industries Limited,Consumer Cyclical,Luxury Goods,1.5,False,2.58,False,False,-34.95,-29.26,False,496.0,False,EXIT
WILLAMAGOR,Williamson Magor & Co. Limited,Financial Services,Credit Services,26.489999771118164,False,50.220000000000006,False,False,-27.8,-28.27,False,51.0,False,EXIT
PNC,Pritish Nandy Communications Ltd,Communication Services,Entertainment,19.469999313354492,False,13.77,True,False,-19.06,-38.4,False,58.0,False,EXIT
PEARLPOLY,Pearl Polymers Limited,Consumer Cyclical,Packaging & Containers,16.350000381469727,False,10.55,False,False,-63.19,-57.43,False,,False,EXIT
NAGREEKCAP,Nagreeka Capital & Infrastructure Ltd.,Financial Services,Asset Management,23.18000030517578,False,12.1,False,False,-19.25,-19.75,False,,False,EXIT
IMPEXFERRO,Impex Ferro Tech Limited,Basic Materials,Other Industrial Metals & Mining,3.319999933242798,False,6.430000000000001,True,True,68.35,67.12,True,506.0,True,HOLD
SANWARIA,Sanwaria Consumer Limited,Consumer Defensive,Farm Products,0.20000000298023224,False,4.21,False,False,-43.49,-48.65,False,,False,EXIT
SGL,STL Global Limited,Consumer Cyclical,Textile Manufacturing,9.869999885559082,False,1.3900000000000001,False,False,-38.86,-33.17,False,,False,EXIT
AKG,AKG Exim Limited,Industrials,Industrial Distribution,8.579999923706055,False,0.36000000000000004,False,False,-38.0,-37.26,False,123.67,False,EXIT
TGBHOTELS,TGB Banquets and Hotels Limited,Consumer Cyclical,Lodging,9.180000305175781,False,1.44,False,False,-31.58,-25.9,False,164.01,False,EXIT
TREEHOUSE,Tree House Education & Accessories Limited,Consumer Defensive,Education & Training Services,6.230000019073486,False,10.32,False,False,-6.13,-11.54,False,209.0,False,EXIT
INFOMEDIA,Infomedia Press Limited,Financial Services,Shell Companies,5.510000228881836,False,3.6800000000000006,False,False,-21.94,-22.43,False,186.0,False,EXIT
KHANDSE,Khandwala Securities Limited,Financial Services,Capital Markets,17.6299991607666,False,1.7599999999999998,True,False,-31.95,-32.4,False,10.29,True,EXIT
NEXTMEDIA,Next Mediaworks Limited,Communication Services,Broadcasting,3.799999952316284,False,4.99,True,False,-24.44,-43.7,False,1.45,False,EXIT
AGSTRA,AGS Transact Technologies Limited,Technology,Software - Infrastructure,2.0,False,194.26,True,False,-68.24,-68.41,False,1806.0,False,EXIT
LIBAS,Libas Consumer Products Limited,Consumer Cyclical,Apparel Manufacturing,9.9399995803833,False,0.0,False,False,-21.49,-15.84,False,91.91,True,EXIT
TARAPUR,Tarapur Transformers Limited,Industrials,Specialty Industrial Machinery,14.239999771118164,False,2.04,False,False,-48.5,-47.74,False,,False,EXIT
LAXMICOT,Laxmi Cotspin Limited,Consumer Cyclical,Textile Manufacturing,14.550000190734863,False,10.64,True,False,-52.85,-47.12,False,216.0,False,EXIT
ARSHIYA,Arshiya Limited,Industrials,Integrated Freight & Logistics,0.9300000071525574,False,98.67,False,False,-74.43,-73.61,False,1140.0,False,EXIT
KSHITIJPOL,Kshitij Polyline Limited,Industrials,Business Equipment & Supplies,2.799999952316284,False,3.6900000000000004,True,False,-19.8,-19.11,False,59.36,False,EXIT
VCL,Vaxtex Cotfab Limited,Consumer Cyclical,Textile Manufacturing,1.399999976158142,False,6.28,False,False,8.28,13.87,True,,False,EXIT
FLFL,Future Lifestyle Fashions Limited,Consumer Cyclical,Apparel Manufacturing,1.2100000381469727,False,0.0,False,False,-41.56,-35.85,False,6297.0,False,EXIT
KRIDHANINF,Kridhan Infra Limited,Basic Materials,Steel,2.299999952316284,False,2.6900000000000004,False,False,-48.38,-49.28,False,726.75,False,EXIT
ANKITMETAL,Ankit Metal & Power Limited,Basic Materials,Steel,1.5399999618530273,False,0.0,True,False,-27.06,-28.01,False,1148.0,True,EXIT
HAVISHA,Sri Havisha Hospitality and Infrastructure Limited,Consumer Cyclical,Lodging,1.399999976158142,False,5.03,True,False,-44.84,-39.13,False,2.89,False,EXIT
MFML,Mahalaxmi Fabric Mills Limited,Consumer Cyclical,Textile Manufacturing,18.81999969482422,False,8.3,True,False,-49.2,-43.47,False,166.0,False,EXIT
SHRENIK,Shrenik Limited,Basic Materials,Paper & Paper Products,0.3199999928474426,False,1.4400000000000002,False,False,-47.75,-48.65,False,,False,EXIT
TCIFINANCE,TCI Finance Limited,Financial Services,Credit Services,14.9399995803833,False,1.9900000000000002,False,False,5.9,5.29,True,,False,EXIT
ACEINTEG,Ace Integrated Solutions Limited,Industrials,Staffing & Employment Services,18.8799991607666,False,0.9500000000000002,True,False,-28.26,-27.55,False,9.14,False,EXIT
FEL,Future Enterprises Limited,Consumer Cyclical,Department Stores,0.3799999952316284,False,0.0,False,False,-44.84,-39.13,False,20186.0,False,EXIT
SHYAMTEL,Shyam Telecom Limited,Technology,Communication Equipment,14.770000457763672,False,5.03,True,True,-3.08,-3.65,False,799.0,False,HOLD
ASTRON,Astron Paper & Board Mill Limited,Basic Materials,Paper & Paper Products,3.6600000858306885,False,21.18,False,False,-78.95,-79.76,False,512.0,False,EXIT
TECILCHEM,Tecil Chemicals and Hydro Power Ltd.,Financial Services,Shell Companies,8.569999694824219,False,0.42000000000000004,False,False,-58.17,-58.5,False,0.0,True,EXIT
SILLYMONKS,Silly Monks Entertainment Limited,Communication Services,Entertainment,16.1299991607666,False,2.35,True,False,10.06,-9.67,False,22.22,False,EXIT
RADAAN,Radaan Mediaworks India Limited,Communication Services,Entertainment,3.0899999141693115,False,4.79,True,False,-6.23,-25.74,False,35.54,False,EXIT
TVVISION,TV Vision Limited,Communication Services,Broadcasting,4.25,False,34.48,True,False,-24.02,-43.29,False,176.0,False,EXIT
EUROTEXIND,Eurotex Industries and Exports Limited,Real Estate,Real Estate - Development,13.630000114440918,False,4.87,False,False,0.36,-16.53,False,,False,EXIT
HEADSUP,Heads UP Ventures Limited,Consumer Cyclical,Apparel Retail,7.019999980926514,False,7.42,True,False,-41.44,-35.73,False,1.42,True,EXIT
VIVIDHA,Visagar Polytex Limited,Consumer Cyclical,Textile Manufacturing,0.5299999713897705,False,1.54,False,False,-37.88,-32.18,False,,False,EXIT
UMESLTD,Usha Martin Education & Solutions Limited,Consumer Defensive,Education & Training Services,5.400000095367432,False,0.39,True,True,-9.03,-14.42,False,6.19,False,HOLD
TIJARIA,Tijaria Polypipes Limited,Industrials,Building Products & Equipment,5.900000095367432,False,1.3,False,True,-32.86,-32.13,False,,False,EXIT
MTEDUCARE,MT Educare Limited,Consumer Defensive,Education & Training Services,1.9500000476837158,False,11.29,False,True,-13.77,-19.13,False,305.0,False,EXIT
BOHRAIND,Bohra Industries Limited,Basic Materials,Agricultural Inputs,14.960000038146973,False,4.25,False,False,-59.19,-60.06,False,,False,EXIT
AURUS,Aurus Gem Corporation Limited,Consumer Cyclical,Luxury Goods,4.789999961853027,False,16.91,False,False,-43.27,-37.56,False,,False,EXIT
GLFL,Gujarat Lease Financing Limited,Financial Services,Shell Companies,5.449999809265137,False,0.23,False,False,-19.87,-20.37,False,0.69,False,EXIT
KALYANI,Kalyani Commercials Limited,Consumer Cyclical,Auto & Truck Dealerships,138.08999633789062,True,2.74,True,False,-11.43,-5.79,False,901.0,False,EXIT
RETAIL,JHS Svendgaard Retail Ventures Limited,Consumer Defensive,Grocery Stores,17.399999618530273,False,0.42000000000000004,False,False,-56.08,-61.15,False,,False,EXIT
NIRAJISPAT,Niraj Ispat Industries Limited,Consumer Cyclical,Apparel Manufacturing,199.41000366210938,False,1.21,False,False,-62.83,-57.08,False,,False,EXIT
UNIINFO,Uniinfo Telecom Services Limited,Communication Services,Telecom Services,12.229999542236328,False,1.5300000000000002,False,False,-26.61,-45.84,False,50.1,False,EXIT
BILVYAPAR,BIL Vyapar Limited,Basic Materials,Specialty Chemicals,4.25,False,2.9800000000000004,False,False,-68.81,-69.65,False,4735.57,False,EXIT
CREATIVEYE,Creative Eye Limited,Communication Services,Entertainment,6.099999904632568,False,5.180000000000001,False,False,-4.93,-24.46,False,,False,EXIT
ORTINGLOBE,Ortin Global Limited,Healthcare,Drug Manufacturers - Specialty & Generic,14.630000114440918,False,0.74,False,True,-27.82,-17.5,False,,False,EXIT
ARENTERP,Rajdarshan Industries Limited,Basic Materials,Other Industrial Metals & Mining,36.7400016784668,False,0.8400000000000001,True,False,-30.24,-31.19,False,1.9,False,EXIT
FLEXITUFF,Flexituff Ventures International Limited,Consumer Cyclical,Textile Manufacturing,3.509999990463257,False,134.89,False,False,-96.57,-90.73,False,1457.0,False,EXIT
LAKPRE,Lakshmi Precision Screws Limited,Industrials,Tools & Accessories,4.940000057220459,False,0.0,False,False,-31.78,-31.06,False,425.0,False,EXIT
DCMFINSERV,DCM Financial Services Limited,Financial Services,Credit Services,5.380000114440918,False,1.03,False,True,-12.66,-13.19,False,3.96,False,EXIT
ANTGRAPHIC,Antarctica Limited,Consumer Cyclical,Packaging & Containers,0.7400000095367432,False,0.0,False,False,-47.72,-42.0,False,,False,EXIT
GLOBALE,Globale Tessile Limited,Consumer Cyclical,Textile Manufacturing,10.350000381469727,False,1.4,False,False,-37.82,-32.13,False,,False,EXIT
DSKULKARNI,D S Kulkarni Developers Limited,Real Estate,Real Estate - Development,11.5,False,0.9600000000000001,False,False,-4.09,-20.92,False,,False,EXIT
MEP,MEP Infrastructure Developers Limited,Industrials,Infrastructure Operations,0.5799999833106995,False,0.0,False,False,-69.18,-68.37,False,2815.0,False,EXIT
COMPINFO,Compuage Infocom Limited,Technology,Electronics & Computer Distribution,1.100000023841858,False,0.0,False,False,-64.25,-64.44,False,4515.0,False,EXIT
BLUECHIP,Blue Chip India Limited,Financial Services,Capital Markets,1.690000057220459,False,0.44999999999999996,False,False,-70.31,-70.58,False,,False,EXIT
PREMIER,Premier Limited,Industrials,Specialty Industrial Machinery,2.8299999237060547,False,5.869999999999999,True,False,-30.23,-29.51,False,99.96,False,EXIT
SHANTI,Shanti Overseas (India) Limited,Consumer Defensive,Farm Products,6.71999979019165,False,2.87,False,False,-37.85,-43.05,False,210.44,False,EXIT
ORTEL,Ortel Communications Limited,Communication Services,Entertainment,2.299999952316284,False,0.0,False,True,67.02,46.53,True,203.0,False,HOLD
SETUINFRA,Setubandhan Infrastructure Limited,Industrials,Engineering & Construction,0.4000000059604645,False,0.0,False,False,-23.16,-22.46,False,283.49,False,EXIT
CLCIND,CLC Industries Limited,Consumer Cyclical,Textile Manufacturing,53.61000061035156,False,8.83,True,False,-92.47,-86.65,False,1638.0,False,EXIT
BIRLANU,BIRLANU,Industrials,Building Products & Equipment,1607.4000244140625,False,119.52,False,True,-25.52,-24.82,False,3615.0,True,EXIT
FRONTSP,Frontier Springs Limited,,,1407.0999755859375,False,0.0,False,False,,,False,,False,EXIT
RELINFRA,RELINFRA,Utilities,Utilities - Independent Power Producers,72.73999786376953,False,2900.2200000000003,False,False,-69.51,-79.19,False,26952.0,False,EXIT
RELIANCE,RELIANCE,Energy,Oil & Gas Refining & Marketing,1327.300048828125,False,83556.0,False,False,-16.25,-8.75,False,962820.0,True,EXIT
ABMKNO,ABM Knowledgeware Limited,,,192.89999389648438,False,0.0,False,False,,,False,,False,EXIT
OMPOWER,OMPOWER,Industrials,Engineering & Construction,170.16000366210938,False,0.0,False,False,,,False,,False,EXIT
AKCAPIT,A. K. Capital Services Limited,,,1758.199951171875,True,0.0,False,False,,,False,,False,EXIT
3BBLACKBIO,3B Blackbio Dx Limited,,,1244.5999755859375,False,0.0,False,False,,,False,,False,EXIT
ABSLAMC,ABSLAMC,Financial Services,Asset Management,1011.7999877929688,False,1043.23,False,True,14.06,13.4,True,1955.0,True,HOLD
AARNAV,Aarnav Fashions Limited,,,30.6200008392334,True,0.0,False,False,,,False,,False,EXIT
AASTHA,AASTHA,Consumer Cyclical,Textile Manufacturing,73.51000213623047,False,0.0,False,False,,,False,,False,EXIT
WELSPLSOL,Welspun Specialty Solutions Limited,,,48.40999984741211,False,0.0,False,False,,,False,,False,EXIT
BEEKAY,Beekay Steel Industries Limited,,,394.0,False,0.0,False,False,,,False,,False,EXIT
BENGALASM,Bengal & Assam Company Limited,,,6260.0,False,0.0,False,False,,,False,,False,EXIT
RECLTD,RECLTD,Financial Services,Credit Services,343.75,False,16085.990000000002,False,False,-15.13,-15.65,False,,False,EXIT
SHBAJRG,Shri Bajrang Alliance Limited,,,177.42999267578125,False,0.0,False,False,,,False,,False,EXIT
BIRLAPREC,Birla Precision Technologies Limited,,,34.59000015258789,False,0.0,False,False,,,False,,False,EXIT
MENNPIS,Menon Pistons Limited,,,74.55000305175781,False,0.0,False,False,,,False,,False,EXIT
MCX,MCX,Financial Services,Financial Data & Stock Exchanges,2759.300048828125,False,1344.33,False,True,74.01,73.09,True,1113.0,True,HOLD
BOSCHLTD,BOSCHLTD,Consumer Cyclical,Auto Parts,43505.0,True,2773.2,False,True,2.12,7.72,True,18087.0,True,HOLD
EMPOWER,Empower India Limited,,,2.309999942779541,False,0.0,False,False,,,False,,False,EXIT
RPOWER,RPOWER,Utilities,Utilities - Independent Power Producers,23.959999084472656,False,651.11,False,False,-39.65,-50.11,False,10396.0,False,EXIT
BLIL,Balmer Lawrie Investments Limited,,,70.80999755859375,False,0.0,False,False,,,False,,False,EXIT
THAKDEV,Thakkers Developers Limited,,,142.4600067138672,False,0.0,False,False,,,False,,False,EXIT
MADHAVIPL,Madhav Infra Projects Limited,,,7.480000019073486,False,0.0,False,False,,,False,,False,EXIT
MANIPALHOS,MANIPALHOS,Healthcare,Medical Care Facilities,686.3499755859375,True,0.0,False,False,,,False,,False,EXIT
BI,Bilcare Limited,,,60.75,False,0.0,False,False,,,False,,False,EXIT
RAMBHAJO,RAMBHAJO,Consumer Cyclical,Luxury Goods,193.89999389648438,False,0.0,False,False,,,False,,False,EXIT
THACKER,Thacker and Company Limited,,,1049.199951171875,False,0.0,False,False,,,False,,False,EXIT
RIR,Rir Power Electronics Limited,Technology,Semiconductors,157.9600067138672,True,7.930000000000001,False,False,,,False,,False,EXIT
KUSUMGAR,KUSUMGAR,Consumer Cyclical,Textile Manufacturing,637.0499877929688,True,0.0,False,False,,,False,,False,EXIT
LAHOTIOV,Lahoti Overseas Limited,,,43.060001373291016,False,0.0,False,False,,,False,,False,EXIT
KPL,Kwality Pharmaceuticals Limited,,,3134.10009765625,True,0.0,False,False,,,False,,False,EXIT
RAJPALAYAM,Rajapalayam Mills Limited,Unknown,Unknown,837.3499755859375,True,114.35000000000001,False,False,,,False,,False,EXIT
CMPDI,CMPDI,Basic Materials,Other Industrial Metals & Mining,246.8300018310547,False,656.6099999999999,False,False,,,False,,False,EXIT
CHALET,CHALET,Consumer Cyclical,Lodging,837.0999755859375,False,576.38,False,True,-15.02,-9.38,False,1718.0,True,EXIT
SONAL,Sonal Mercantile Limited,,,91.4000015258789,False,0.0,False,False,,,False,,False,EXIT
SHINDL,Sharat Industries Limited,,,163.3000030517578,True,0.0,False,False,,,False,,False,EXIT
TCC,TCC Concept Limited,,,273.95001220703125,False,0.0,False,False,,,False,83.0,True,EXIT
CORONA,CORONA,Healthcare,Drug Manufacturers - General,2081.300048828125,True,164.35000000000002,False,False,,,False,1196.0,True,EXIT
DAICHI,Dai-ichi Karkaria Limited,,,319.95001220703125,True,0.0,False,False,,,False,,False,EXIT
CMRGREEN,CMRGREEN,Basic Materials,Aluminum,221.27000427246094,False,0.0,False,False,,,False,,False,EXIT
QUINT,Quint Digital Limited,,,37.060001373291016,False,0.0,False,False,,,False,,False,EXIT
COCKERILL,John Cockerill India Limited,Industrials,Metal Fabrication,9525.5,False,18.419999999999998,False,False,,,False,,False,EXIT
HBESD,HB Estate Developers Limited,Unknown,Unknown,75.04000091552734,False,0.0,False,False,,,False,,False,EXIT
FERMENTA,Fermenta Biotech Limited,,,547.9500122070312,True,0.0,False,False,,,False,,False,EXIT
FEDDERSHOL,Fedders Holding Limited,,,43.130001068115234,False,0.0,False,False,,,False,,False,EXIT
MCCHRLS-B,Mac Charles (India) Limited,,,674.0999755859375,False,0.0,False,False,,,False,,False,EXIT
ASHOKLEY,ASHOKLEY,Industrials,Farm & Heavy Construction Machinery,174.0,False,3471.03,False,True,44.41,44.96,True,48535.0,True,HOLD
ASHIKAG,ASHIKAG,,,427.45001220703125,False,0.0,False,False,,,False,,False,EXIT
MERCANTILE,Mercantile Ventures Limited,,,24.770000457763672,False,0.0,False,False,,,False,,False,EXIT
BLACKROSE,Black Rose Industries Limited,,,110.7699966430664,False,0.0,False,False,,,False,,False,EXIT
UNITECH,UNITECH,Real Estate,Real Estate - Diversified,4.079999923706055,False,2455.74,False,False,-30.24,-46.75,False,3431.0,False,EXIT
BAJAJST,Bajaj Steel Industries Limited,,,393.54998779296875,False,0.0,False,False,,,False,,False,EXIT
BHARATCOAL,BHARATCOAL,Basic Materials,Coking Coal,34.0,False,325.23,False,False,,,False,14246.0,False,EXIT
BIOCON,BIOCON,Healthcare,Biotechnology,426.1000061035156,False,385.6,False,True,8.22,18.31,True,15262.0,True,HOLD
BNAGROCHEM,BN Agrochem Limited,,,265.04998779296875,False,0.0,False,False,,,False,,False,EXIT
BNALTD,B & A Limited,,,408.3999938964844,False,0.0,False,False,,,False,,False,EXIT
TVSMOTOR,TVSMOTOR,Consumer Cyclical,Auto Manufacturers,4466.2001953125,True,3242.2799999999997,False,True,39.13,44.64,True,44089.0,True,HOLD
TURTLEMINT,TURTLEMINT,Financial Services,Insurance Brokers,115.43000030517578,False,47.9,False,False,,,False,,False,EXIT
TCS,TCS,Technology,Information Technology Services,2425.699951171875,False,50484.0,False,False,-25.48,-25.91,False,267021.0,True,EXIT
TECHNVISN,TechNVision Ventures Limited,,,5528.60009765625,False,0.0,False,False,,,False,,False,EXIT
TENNIND,TENNIND,Consumer Cyclical,Auto Parts,554.4500122070312,False,593.23,False,False,,,False,5468.0,False,EXIT
DECNGOLD,Deccan Gold Mines Limited,,,213.61000061035156,False,0.0,False,False,,,False,,False,EXIT
TAMBOLIIN,Tamboli Industries Limited,,,230.0,True,0.0,False,False,,,False,,False,EXIT
TAALTECH,TAAL Tech Limited,,,4534.0,True,0.0,False,False,,,False,,False,EXIT
ASTAR,Asian Star Company Limited,,,599.0,False,0.0,False,False,,,False,,False,EXIT
PRICOLLTD,PRICOLLTD,Consumer Cyclical,Auto Parts,732.7999877929688,True,253.82999999999998,False,True,62.28,67.73,True,2692.0,True,HOLD
PRADPME,Pradeep Metals Limited,,,520.0,False,0.0,False,False,,,False,,False,EXIT
RSDFIN,RSD Finance Limited,,,137.5800018310547,False,0.0,False,False,,,False,,False,EXIT
KLBRENG-B,Kilburn Engineering Limited,,,378.20001220703125,False,0.0,False,False,,,False,,False,EXIT
RRIL,RRIL Limited,,,17.170000076293945,False,0.0,False,False,,,False,,False,EXIT
SUZLON,SUZLON,Industrials,Specialty Industrial Machinery,47.5,False,2189.17,False,False,-31.34,-30.62,False,20403.0,False,EXIT
VELJAN,Veljan Denison Limited,,,1702.199951171875,False,0.0,False,False,,,False,,False,EXIT
ARTEMISMED,Artemis Medicare Services Limited,,,315.95001220703125,False,0.0,False,True,,25.31,False,937.0,True,EXIT
COMFINTE,Comfort Intech Limited,,,6.559999942779541,False,0.0,False,False,,,False,,False,EXIT
PREMCO,Premco Global Limited,,,380.6000061035156,False,0.0,False,False,,,False,,False,EXIT
MMWL,Media Matrix Worldwide Limited,Communication Services,Entertainment,15.600000381469727,True,5.85,False,False,,,False,,False,EXIT
HESTERBIO,HESTERBIO,Healthcare,Drug Manufacturers - Specialty & Generic,2493.800048828125,False,136.17000000000002,False,True,11.93,21.99,True,311.0,True,HOLD
PRAVEG,Praveg Limited,,,275.6499938964844,False,0.0,False,False,,,False,,False,EXIT
SHRIKRISH,Shri Krishna Devcon Limited,Unknown,Unknown,40.630001068115234,False,0.0,False,False,,,False,,False,EXIT
HALDYNGL,Haldyn Glass Limited,,,130.7100067138672,True,0.0,False,False,,,False,,False,EXIT
SKMEGGPROD,SKMEGGPROD,Consumer Defensive,Packaged Foods,249.77000427246094,False,86.57,False,True,52.68,46.88,True,701.0,False,HOLD
HEXAGON,HEXAGON,Consumer Defensive,Packaged Foods,64.06999969482422,False,0.0,False,False,,,False,,False,EXIT
JUBLFOOD,JUBLFOOD,Consumer Cyclical,Restaurants,495.0,False,428.48,False,False,-32.21,-26.52,False,6105.0,True,EXIT
KAMAHOLD,KAMA Holdings Limited,,,2502.60009765625,False,0.0,False,False,,,False,,False,EXIT
EMBDL,EMBDL,Real Estate,Real Estate - Diversified,65.27999877929688,False,852.3,False,False,-21.06,-37.69,False,2111.0,True,EXIT
ELITECON,Elitecon International Limited,,,17.280000686645508,False,0.0,False,False,,,False,,False,EXIT
KIRANVYPAR,Kiran Vyapar Limited,,,197.0800018310547,True,0.0,False,False,,,False,,False,EXIT
KOTIC,Kothari Industrial Corporation Limited,,,151.4499969482422,False,0.0,False,False,,,False,,False,EXIT
NATIONSTD,National Standard (India) Limited,,,182.25999450683594,False,0.0,False,False,,,False,,False,EXIT
CPL,Captain Polyplast Limited,Industrials,Farm & Heavy Construction Machinery,69.76000213623047,True,27.780000000000005,False,False,,,False,,False,EXIT
INDPRUD,Industrial And Prudential Investment Company Limited,,,6449.0,False,0.0,False,False,,,False,,False,EXIT
INFOBEAN,INFOBEAN,Technology,Software - Application,162.9199981689453,False,62.35,False,False,10.12,9.48,True,395.0,True,EXIT
SCANSTL,Scan Steels Limited,,,62.4900016784668,True,0.0,False,False,,,False,,False,EXIT
SEIL,Shanti Educational Initiatives Limited,,,202.2899932861328,False,0.0,False,False,,,False,,False,EXIT
PML,Paul Merchants Limited,,,502.1499938964844,False,0.0,False,False,,,False,,False,EXIT
PIONRINV,Pioneer Investcorp Limited,,,87.62999725341797,False,0.0,False,False,,,False,,False,EXIT
INVPRECQ,Investment & Precision Castings Limited,,,1137.9000244140625,True,0.0,False,False,,,False,,False,EXIT
IONEXCHANG,IONEXCHANG,Industrials,Pollution & Treatment Controls,385.6499938964844,False,156.49,False,True,-21.08,-20.39,False,2737.0,True,EXIT
NILE,Nile Limited,,,1483.4000244140625,False,0.0,False,False,,,False,,False,EXIT
3PLAND,3P Land Holdings Ltd,Unknown,Unknown,31.5,False,1.65,False,False,-18.53,-37.3,False,205.25,False,EXIT
DISAQ,DISA India Limited,,,11722.0,False,0.0,False,False,,,False,,False,EXIT
ZSARACOM,Saraswati Commercial (India) Limited,,,11803.0,False,0.0,False,False,,,False,,False,EXIT
KANCHI,Kanchi Karpooram Limited,,,372.0,False,0.0,False,False,,,False,,False,EXIT
SAMPANN,SAMPANN,Unknown,Unknown,27.020000457763672,False,6.98,False,False,14.06,-15.58,False,93.0,True,EXIT
NEAGI,Neelamalai Agro Industries Limited,,,3159.39990234375,False,0.0,False,False,,,False,,False,EXIT
IOC,IOC,Energy,Oil & Gas Refining & Marketing,142.0,False,35909.45,False,False,-11.67,-4.3,False,841756.0,False,EXIT
ACSTECH,ACS Technologies Limited,,,50.599998474121094,True,0.0,False,False,,,False,,False,EXIT
ABANSENT,ABans Enterprises Limited,,,26.469999313354492,False,0.0,False,False,,,False,,False,EXIT
IWP,The Indian Wood Products Company Limited,,,33.470001220703125,False,0.0,False,False,,,False,,False,EXIT
SURYALA,Suryalata Spinning Mills Limited,,,408.25,False,0.0,False,False,,,False,,False,EXIT
SAPPL,Shree Ajit Pulp and Paper Limited,,,299.54998779296875,True,0.0,False,False,,,False,,False,EXIT
ELCIDIN,Elcid Investments Limited,,,111515.0,False,0.0,False,False,,,False,,False,EXIT
ZODIAC,Zodiac Energy Limited,,,250.8000030517578,False,0.0,False,False,,-47.75,False,408.0,True,EXIT
DRAGARWQ,Dr. Agarwal's Eye Hospital Limited,,,5386.5,True,0.0,False,False,,,False,,False,EXIT
SINGERIND,Singer India Limited,,,69.25,False,0.0,False,False,,,False,483.0,False,EXIT
SIKA,Sika Interplant Systems Limited,,,1068.4000244140625,False,0.0,False,False,,,False,,False,EXIT
GUJRAFFIA,Gujarat Raffia Industries Limited,,,39.709999084472656,False,0.0,False,False,,-3.71,False,47.56,False,EXIT
WPIL,WPIL Limited,,,434.54998779296875,False,0.0,False,False,,,False,,False,EXIT
GRANDOAK,Grand Oak Canyons Distillery Limited,,,42.93000030517578,False,0.0,False,False,,,False,,False,EXIT
AIAENG,AIAENG,Industrials,Specialty Industrial Machinery,4790.2998046875,False,1270.15,False,True,48.77,49.3,True,4909.0,False,HOLD
GNRL,Gujarat Natural Resources Limited,,,102.30000305175781,False,0.0,False,False,,,False,,False,EXIT
GRAVISSHO,Graviss Hospitality Limited,,,29.920000076293945,False,0.0,False,False,,,False,,False,EXIT
