Symbol,Company,Sector,Industry,Current_Price,ATH_Price_Flag,TTM_Net_Profit,ATH_Profit_Flag,Above_MA200_Flag,RS_vs_Sector,RS_vs_Benchmark,Outperformance_Flag,ATH_Sales,Signal
RELIANCE,Reliance Industries Limited,Energy,Oil & Gas Refining & Marketing,1319.0,False,83556.0,True,False,-18.54,-10.34,False,962820.0,EXIT
BHARTIARTL,Bharti Airtel Limited,Communication Services,Telecom Services,1970.5,False,30925.3,False,True,19.49,-0.41,False,172985.0,EXIT
HDFCBANK,HDFC Bank Limited,Financial Services,Banks - Regional,753.0,False,49307.979999999996,False,False,-30.01,-30.14,False,,EXIT
ICICIBANK,ICICI Bank Limited,Financial Services,Banks - Regional,1460.0,True,56090.159999999996,True,True,-5.53,-5.77,False,,HOLD
SBIN,State Bank of India,Financial Services,Banks - Regional,1045.0,False,62161.45,False,True,27.02,26.63,True,,HOLD
TCS,Tata Consultancy Services Limited,Technology,Information Technology Services,2473.699951171875,False,50484.0,True,False,-21.78,-22.61,False,267021.0,EXIT
BAJFINANCE,Bajaj Finance Limited,Financial Services,Credit Services,1153.0,True,20303.53,True,True,27.09,26.7,True,,ADD
LT,Larsen & Toubro Limited,Industrials,Engineering & Construction,4025.0,False,16280.750000000002,True,True,10.6,7.22,True,255734.0,HOLD
HINDUNILVR,Hindustan Unilever Limited,Consumer Defensive,Household & Personal Products,2138.0,False,15028.0,True,False,-13.23,-21.26,False,63121.0,EXIT
SUNPHARMA,Sun Pharmaceutical Industries Limited,Healthcare,Drug Manufacturers - Specialty & Generic,1963.5,True,10511.350000000002,False,True,9.95,15.5,True,52578.0,HOLD
INFY,Infosys Limited,Technology,Information Technology Services,1180.0,False,332.4,False,False,-23.87,-24.69,False,162990.0,EXIT
MARUTI,Maruti Suzuki India Limited,Consumer Cyclical,Auto Manufacturers,14150.0,False,15241.6,True,False,7.17,10.04,True,152913.0,HOLD
TITAN,Titan Company Limited,Consumer Cyclical,Luxury Goods,5000.0,True,4825.0,True,True,43.02,45.8,True,60456.0,ADD
ADANIENT,Adani Enterprises Limited,Energy,Thermal Coal,3068.0,False,7007.960000000001,False,True,18.35,25.52,True,127540.0,HOLD
M&M,Mahindra & Mahindra Limited,Consumer Cyclical,Auto Manufacturers,3428.60009765625,False,18880.07,True,True,0.66,3.54,True,159211.0,HOLD
ADANIPOWER,Adani Power Limited,Utilities,Utilities - Independent Power Producers,213.64999389648438,False,14687.210000000001,False,True,96.67,83.42,True,56203.0,HOLD
ADANIPORTS,Adani Ports and Special Economic Zone Limited,Industrials,Marine Shipping,1701.0,False,13317.560000000001,True,True,24.7,21.29,True,30475.0,HOLD
KOTAKBANK,Kotak Mahindra Bank Limited,Financial Services,Banks - Regional,397.5,False,15827.900000000001,False,False,-4.98,-5.23,False,,EXIT
AXISBANK,Axis Bank Limited,Financial Services,Banks - Regional,1272.0,False,28489.31,True,False,15.08,14.75,True,,HOLD
HCLTECH,HCL Technologies Limited,Technology,Information Technology Services,1377.0,False,13188.0,False,False,-9.24,-10.15,False,117055.0,EXIT
ITC,ITC Limited,Consumer Defensive,Tobacco,287.0,False,20494.55,False,False,-28.13,-36.06,False,75323.0,EXIT
ULTRACEMCO,UltraTech Cement Limited,Basic Materials,Building Materials,12054.0,False,9533.34,True,True,-1.65,-5.47,False,75955.0,HOLD
NTPC,NTPC Limited,Utilities,Utilities - Regulated Electric,350.8999938964844,False,28706.79,True,False,12.03,1.06,True,188138.0,HOLD
BAJAJFINSV,Bajaj Finserv Ltd.,Financial Services,Financial Conglomerates,2096.0,False,9800.970000000001,True,True,4.68,4.4,True,133822.0,HOLD
BAJAJ-AUTO,Bajaj Auto Limited,Consumer Cyclical,Auto Manufacturers,11856.0,False,11759.400000000001,True,True,39.61,42.4,True,50995.0,HOLD
HAL,Hindustan Aeronautics Limited,Industrials,Aerospace & Defense,4690.0,False,9115.6,True,True,4.05,0.68,True,30981.0,HOLD
JSWSTEEL,JSW Steel Limited,Basic Materials,Steel,1292.300048828125,True,25344.0,True,True,24.64,20.75,True,175006.0,ADD
ONGC,Oil and Natural Gas Corporation Limited,Energy,Oil & Gas Integrated,242.0,False,41424.38,False,False,-10.76,-2.78,False,632291.0,EXIT
NESTLEIND,Nestlé India Limited,Consumer Defensive,Packaged Foods,1530.0,True,3477.1800000000003,False,True,37.81,29.44,True,24394.0,HOLD
BEL,Bharat Electronics Limited,Industrials,Aerospace & Defense,392.1499938964844,False,5828.57,True,False,2.34,-1.02,False,23769.0,EXIT
ETERNAL,Eternal Limited,Consumer Cyclical,Internet Retail,310.5,False,393.0,False,True,-6.0,-3.09,False,20243.0,EXIT
LICI,Life Insurance Corporation of India,Financial Services,Insurance - Life,428.5,False,47354.67,False,True,-7.9,-8.13,False,889970.0,EXIT
POWERGRID,Power Grid Corporation of India Limited,Utilities,Utilities - Regulated Electric,287.0,False,16504.74,False,True,4.31,-6.44,False,45843.0,EXIT
ASIANPAINT,Asian Paints Limited,Basic Materials,Specialty Chemicals,2810.0,False,4764.83,False,True,14.47,10.61,True,35495.0,HOLD
DMART,Avenue Supermarts Limited,Consumer Defensive,Discount Stores,4015.0,False,3146.09,True,False,-1.18,-9.29,False,59358.0,EXIT
COALINDIA,Coal India Limited,Energy,Thermal Coal,416.0,False,35645.79,False,False,-1.02,6.7,False,144762.0,EXIT
SHRIRAMFIN,Shriram Finance Limited,Financial Services,Credit Services,1090.199951171875,True,11162.76,False,True,73.11,72.52,True,,HOLD
TATASTEEL,Tata Steel Limited,Basic Materials,Steel,191.0,False,11034.54,False,False,23.74,19.85,True,243959.0,EXIT
HINDZINC,Hindustan Zinc Limited,Basic Materials,Other Industrial Metals & Mining,547.0,False,16652.0,True,False,30.61,26.7,True,34098.0,HOLD
ADANIGREEN,Adani Green Energy Limited,Utilities,Utilities - Renewable,1395.0,False,1283.0,False,True,50.45,38.45,True,11212.0,HOLD
HINDALCO,Hindalco Industries Limited,Basic Materials,Aluminum,994.9000244140625,False,13391.0,False,True,46.92,42.97,True,238496.0,HOLD
EICHERMOT,Eicher Motors Limited,Consumer Cyclical,Auto Manufacturers,8050.0,True,5772.5199999999995,True,True,37.84,40.64,True,18451.0,ADD
DIVISLAB,Divi's Laboratories Limited,Healthcare,Drug Manufacturers - Specialty & Generic,8585.0,True,2541.0,False,True,24.51,29.97,True,9360.0,HOLD
GRASIM,Grasim Industries Limited,Basic Materials,Building Materials,3260.0,True,5908.91,False,True,18.65,14.78,True,148478.0,HOLD
TVSMOTOR,TVS Motor Company Limited,Consumer Cyclical,Auto Manufacturers,4389.0,True,3242.2799999999997,True,True,45.8,48.58,True,44089.0,ADD
INDIGO,InterGlobe Aviation Limited,Industrials,Airlines,5400.0,False,5500.0,False,True,-8.36,-11.69,False,80803.0,EXIT
IOC,Indian Oil Corporation Limited,Energy,Oil & Gas Refining & Marketing,143.6999969482422,False,42402.35,True,False,-11.08,-3.09,False,841756.0,EXIT
ADANIENSOL,Adani Energy Solutions Limited,Utilities,Utilities - Independent Power Producers,1647.0,False,2897.6299999999997,True,True,116.48,102.7,True,23767.0,HOLD
TORNTPHARM,Torrent Pharmaceuticals Limited,Healthcare,Drug Manufacturers - Specialty & Generic,5050.0,True,2181.0,True,True,26.87,32.32,True,11516.0,ADD
SBILIFE,SBI Life Insurance Company Limited,Financial Services,Insurance - Life,1915.0,False,2700.68,False,False,1.91,1.63,True,,EXIT
WIPRO,Wipro Limited,Technology,Information Technology Services,188.66000366210938,False,13219.0,True,False,-26.46,-27.26,False,90488.0,EXIT
VAML,Vedanta Aluminium Metal Limited,Basic Materials,Aluminum,459.95001220703125,False,7410.0,False,False,,,False,,EXIT
HYUNDAI,HYUNDAI,Consumer Cyclical,Auto Manufacturers,2207.0,False,4747.88,False,True,-6.69,-3.79,False,69829.0,EXIT
JIOFIN,Jio Financial Services Limited,Financial Services,Asset Management,263.0,False,1696.1100000000001,True,True,-25.01,-25.16,False,2043.0,HOLD
SOLARINDS,Solar Industries India Limited,Basic Materials,Specialty Chemicals,18659.0,True,1677.55,True,True,34.08,30.16,True,7540.0,ADD
PIDILITIND,Pidilite Industries Limited,Basic Materials,Specialty Chemicals,1642.5,True,2292.03,True,True,13.78,9.92,True,13140.0,ADD
DLF,DLF Limited,Real Estate,Real Estate - Development,668.5499877929688,False,4516.79,False,True,-1.21,-18.98,False,9926.0,EXIT
TMCV,TMCV,Consumer Cyclical,Auto Manufacturers,452.5,False,5193.0,False,False,,,False,,EXIT
TRENT,Trent Limited,Consumer Cyclical,Apparel Retail,3050.0,False,1719.65,False,False,-49.11,-46.1,False,17135.0,EXIT
MOTHERSON,Samvardhana Motherson International Limited,Consumer Cyclical,Auto Parts,155.00999450683594,True,3859.6800000000003,True,True,54.51,57.27,True,113663.0,ADD
CHOLAFIN,Cholamandalam Investment and Finance Company Limited,Financial Services,Credit Services,1888.199951171875,True,5729.22,True,True,28.15,27.76,True,,ADD
ABB,ABB India Limited,Industrials,Specialty Industrial Machinery,7601.0,False,3042.87,True,True,39.55,36.11,True,13203.0,HOLD
TATACAP,TATACAP,Financial Services,Credit Services,364.75,True,4306.27,True,True,,,False,,HOLD
ICICIAMC,ICICIAMC,Financial Services,Asset Management,3099.10009765625,False,3479.24,False,False,,,False,4977.0,EXIT
CUMMINSIND,Cummins India Limited,Industrials,Specialty Industrial Machinery,5550.0,False,2268.92,True,True,54.02,50.54,True,10391.0,HOLD
VBL,Varun Beverages Limited,Consumer Defensive,Beverages - Non-Alcoholic,445.0,False,3961.97,True,False,-10.0,-18.05,False,21685.0,EXIT
BSE,BSE Limited,Financial Services,Financial Data & Stock Exchanges,3575.0,False,2496.9799999999996,True,True,43.74,43.28,True,3212.0,HOLD
TECHM,Tech Mahindra Limited,Technology,Information Technology Services,1649.0,False,5081.5,True,True,10.66,9.63,True,53290.0,HOLD
POWERINDIA,Hitachi Energy India Limited,Industrials,Electrical Equipment & Parts,32000.0,False,907.37,False,True,54.22,50.74,True,,HOLD
BHEL,Bharat Heavy Electricals Limited,Industrials,Specialty Industrial Machinery,411.1499938964844,False,2513.08,False,True,76.08,72.55,True,39561.0,HOLD
IDEA,Vodafone Idea Limited,Communication Services,Telecom Services,12.859999656677246,False,69388.3,True,True,110.99,89.87,True,44958.0,HOLD
PFC,Power Finance Corporation Limited,Financial Services,Credit Services,421.5,False,25900.96,True,True,-0.35,-0.61,False,,HOLD
POLYCAB,Polycab India Limited,Industrials,Electrical Equipment & Parts,9034.0,False,2770.92,True,True,33.33,29.9,True,22408.0,HOLD
BPCL,Bharat Petroleum Corporation Limited,Energy,Oil & Gas Refining & Marketing,329.95001220703125,False,21524.66,False,False,-9.11,-1.17,False,473187.0,EXIT
CGPOWER,CG Power and Industrial Solutions Limited,Industrials,Electrical Equipment & Parts,826.0999755859375,False,1232.56,False,True,25.27,21.86,True,13632.0,HOLD
SIEMENS,Siemens Limited,Industrials,Specialty Industrial Machinery,3900.0,False,1555.2000000000003,False,True,27.42,24.01,True,22240.0,HOLD
UNIONBANK,Union Bank of India,Financial Services,Banks - Regional,174.0,False,20645.76,False,True,31.26,30.85,True,,HOLD
BRITANNIA,Britannia Industries Limited,Consumer Defensive,Packaged Foods,5531.0,False,2438.9700000000003,True,False,-1.48,-9.59,False,17943.0,EXIT
PNB,Punjab National Bank,Financial Services,Banks - Regional,113.0,False,19082.13,False,False,4.82,4.54,True,,EXIT
LTM,LTM Limited,Technology,Information Technology Services,4690.0,False,5083.299999999999,False,False,-10.61,-11.51,False,38008.0,EXIT
APOLLOHOSP,Apollo Hospitals Enterprise Limited,Healthcare,Medical Care Facilities,8820.0,True,1854.0,True,True,9.44,15.0,True,21794.0,ADD
BAJAJHLDNG,Bajaj Holdings & Investment Limited,Financial Services,Asset Management,11599.0,False,9636.75,True,True,-21.05,-21.22,False,1702.0,HOLD
BANKBARODA,Bank of Baroda Limited,Financial Services,Banks - Regional,247.25,False,16496.15,False,False,0.44,0.17,True,,EXIT
MUTHOOTFIN,Muthoot Finance Limited,Financial Services,Credit Services,2890.89990234375,False,10590.330000000002,True,False,6.82,6.52,True,,HOLD
TMPV,Tata Motors Passenger Vehicles Limited,Consumer Cyclical,Auto Manufacturers,349.29998779296875,False,89363.0,True,False,-54.17,-51.15,False,439695.0,EXIT
LODHA,Lodha Developers Limited,Real Estate,Real Estate - Development,1239.800048828125,False,4011.6000000000004,True,True,15.64,-2.34,False,13780.0,HOLD
TATAPOWER,The Tata Power Company Limited,Utilities,Utilities - Independent Power Producers,382.0,False,3863.26,False,False,3.89,-6.86,False,65478.0,EXIT
BOSCHLTD,Bosch Limited,Consumer Cyclical,Auto Parts,41300.0,True,2773.2,True,True,-5.63,-2.73,False,18087.0,HOLD
GROWW,GROWW,Financial Services,Capital Markets,192.60000610351562,False,2346.6699999999996,False,False,,,False,4061.0,EXIT
SBIFUNDS,SBIFUNDS,Financial Services,Asset Management,588.0499877929688,True,1241.6,False,False,,,False,,EXIT
GAIL,GAIL (India) Limited,Utilities,Utilities - Regulated Gas,174.3000030517578,False,8101.85,False,True,5.76,-5.03,False,145668.0,EXIT
HDFCLIFE,HDFC Life Insurance Company Limited,Financial Services,Insurance - Life,553.0999755859375,False,2075.2200000000003,True,False,-30.28,-30.41,False,101482.0,EXIT
CIPLA,Cipla Limited,Healthcare,Drug Manufacturers - Specialty & Generic,1474.4000244140625,False,3317.1099999999997,False,True,-12.58,-6.87,False,27548.0,EXIT
IRFC,Indian Railway Finance Corporation Limited,Financial Services,Credit Services,90.25,False,7159.4,False,False,-33.74,-33.86,False,,EXIT
LLOYDSME,Lloyds Metals and Energy Limited,Basic Materials,Steel,2050.60009765625,True,3680.8400000000006,True,True,40.81,36.87,True,6721.0,ADD
ENRIN,Siemens Energy India Limited,Utilities,Utilities - Renewable,3256.0,False,1309.8,False,True,8.64,-2.23,False,,EXIT
CANBK,Canara Bank,Financial Services,Banks - Regional,127.0999984741211,False,18203.559999999998,True,False,15.38,15.05,True,,HOLD
MARICO,Marico Limited,Consumer Defensive,Household & Personal Products,880.9500122070312,True,1762.0,True,True,27.19,18.89,True,10831.0,ADD
INDIANB,Indian Bank,Financial Services,Banks - Regional,845.0,False,11952.93,True,False,31.45,31.05,True,,HOLD
ZYDUSLIFE,Zydus Lifesciences Limited,Healthcare,Drug Manufacturers - Specialty & Generic,1121.0,False,4952.299999999999,True,True,7.57,13.14,True,23242.0,HOLD
JINDALSTEL,Jindal Steel Limited,Basic Materials,Steel,1105.0999755859375,False,3573.9399999999996,False,False,15.76,11.9,True,53212.0,EXIT
HDFCAMC,HDFC Asset Management Company Limited,Financial Services,Asset Management,2600.60009765625,False,2229.21,False,False,-12.14,-12.35,False,4051.0,EXIT
GMRAIRPORT,GMR Airports Limited,Industrials,Airports & Air Services,105.55000305175781,False,672.86,True,True,16.45,13.06,True,11088.0,HOLD
GVT&D,GE Vernova T&D India Limited,Industrials,Specialty Industrial Machinery,4370.0,False,1120.26,True,True,51.12,47.65,True,4020.0,HOLD
ABCAPITAL,Aditya Birla Capital Limited,Financial Services,Financial Conglomerates,424.3500061035156,True,3773.86,False,True,64.33,63.78,True,,HOLD
LUPIN,Lupin Limited,Healthcare,Drug Manufacturers - Specialty & Generic,2393.0,True,4627.4400000000005,True,True,17.67,23.17,True,22708.0,ADD
GODREJCP,Godrej Consumer Products Limited,Consumer Defensive,Household & Personal Products,1085.9000244140625,False,1814.0300000000002,False,False,-11.2,-19.24,False,14364.0,EXIT
INDIAMART,IndiaMART InterMESH Limited,Communication Services,Internet Content & Information,1798.5999755859375,False,410.75,False,False,-16.34,-35.77,False,1388.0,EXIT
HEROMOTOCO,Hero MotoCorp Limited,Consumer Cyclical,Auto Manufacturers,5460.0,False,5741.7300000000005,True,True,18.81,21.65,True,40923.0,HOLD
UNITDSPR,UNITDSPR,Consumer Defensive,Beverages - Wineries & Distilleries,1530.0,False,1837.0,True,True,18.96,10.72,True,12069.0,HOLD
AMBUJACEM,Ambuja Cements Limited,Basic Materials,Building Materials,444.0,False,2610.85,False,False,-28.21,-31.95,False,19985.0,EXIT
TATACONSUM,Tata Consumer Products Limited,Consumer Defensive,Packaged Foods,1110.0,False,1564.8200000000002,True,False,6.88,-1.28,False,17618.0,EXIT
MAXHEALTH,Max Healthcare Institute Limited,Healthcare,Medical Care Facilities,1100.4000244140625,False,1442.41,True,True,-22.44,-16.67,False,7028.0,HOLD
BHARATFORG,Bharat Forge Limited,Consumer Cyclical,Auto Parts,2211.0,True,1079.65,False,True,85.25,87.93,True,15682.0,HOLD
INDHOTEL,The Indian Hotels Company Limited,Consumer Cyclical,Lodging,752.0,False,2157.36,True,True,-6.42,-3.52,False,8335.0,HOLD
VEDL,Vedanta Limited,Basic Materials,Other Industrial Metals & Mining,267.25,False,21066.0,True,False,-38.31,-42.02,False,152968.0,EXIT
INDUSTOWER,Indus Towers Limited,Communication Services,Telecom Services,395.29998779296875,False,7051.400000000001,False,False,29.61,9.57,True,30123.0,EXIT
MANKIND,Mankind Pharma Limited,Healthcare,Drug Manufacturers - Specialty & Generic,2483.0,False,1969.4799999999998,False,True,-13.94,-8.23,False,12207.0,EXIT
JSWENERGY,JSW Energy Limited,Utilities,Utilities - Independent Power Producers,569.0,False,2005.6,True,True,17.33,6.23,True,11745.0,HOLD
LGEINDIA,LGEINDIA,Technology,Consumer Electronics,1569.800048828125,False,1770.3999999999999,False,True,,,False,,EXIT
RECLTD,REC Limited,Financial Services,Credit Services,368.1000061035156,False,16085.990000000002,False,True,-10.06,-10.28,False,,EXIT
LAURUSLABS,Laurus Labs Limited,Healthcare,Drug Manufacturers - Specialty & Generic,1811.4000244140625,True,1061.42,True,True,103.35,108.29,True,6041.0,ADD
ASHOKLEY,Ashok Leyland Limited,Industrials,Farm & Heavy Construction Machinery,174.5500030517578,False,3471.03,True,True,43.51,40.06,True,48535.0,HOLD
OFSS,Oracle Financial Services Software Limited,Technology,Software - Infrastructure,11332.0,False,3508.7,True,True,31.43,30.27,True,6847.0,HOLD
LENSKART,LENSKART,Healthcare,Medical Instruments & Supplies,568.3499755859375,True,552.0400000000001,False,False,,,False,6653.0,EXIT
MAZDOCK,Mazagon Dock Shipbuilders Limited,Industrials,Aerospace & Defense,2390.0,False,2560.52,False,False,-13.85,-17.17,False,11432.0,EXIT
DRREDDY,Dr. Reddy's Laboratories Limited,Healthcare,Drug Manufacturers - Specialty & Generic,1180.0,False,3311.3999999999996,False,False,-14.02,-8.31,False,32644.0,EXIT
NYKAA,FSN E-Commerce Ventures Limited,Consumer Cyclical,Internet Retail,344.8999938964844,False,199.44,False,True,56.46,59.21,True,7950.0,HOLD
SHREECEM,Shree Cement Limited,Basic Materials,Building Materials,27000.0,False,2009.3700000000003,False,True,-13.18,-16.96,False,20404.0,EXIT
AUROPHARMA,Aurobindo Pharma Limited,Healthcare,Drug Manufacturers - Specialty & Generic,1554.699951171875,True,3559.7700000000004,False,True,33.6,39.0,True,31724.0,HOLD
IDBI,IDBI Bank Limited,Financial Services,Banks - Regional,84.70999908447266,False,8107.52,True,False,-10.84,-11.06,False,,EXIT
FEDERALBNK,The Federal Bank Limited,Financial Services,Banks - Regional,371.70001220703125,True,4609.45,True,True,85.25,84.6,True,,ADD
PERSISTENT,Persistent Systems Limited,Technology,Information Technology Services,5575.0,False,1789.41,True,True,6.17,5.16,True,11939.0,HOLD
PAYTM,One97 Communications Limited,Technology,Software - Infrastructure,1410.0,False,752.0,True,True,27.14,26.01,True,9978.0,HOLD
DIXON,Dixon Technologies (India) Limited,Technology,Consumer Electronics,13892.0,False,1169.46,True,True,-21.69,-22.53,False,38860.0,HOLD
MEESHO,MEESHO,Consumer Cyclical,Internet Retail,191.57000732421875,False,1201.22,True,False,,,False,9390.0,EXIT
HINDPETRO,Hindustan Petroleum Corporation Limited,Energy,Oil & Gas Refining & Marketing,395.0,False,26452.260000000002,True,False,-15.27,-7.16,False,440403.0,EXIT
ICICIGI,ICICI Lombard General Insurance Company Limited,Financial Services,Insurance - Diversified,1675.0,False,2355.57,False,False,-15.08,-15.28,False,,EXIT
BHARTIHEXA,BHARTIHEXA,Communication Services,Telecom Services,1645.800048828125,False,1780.4,False,True,3.94,-15.76,False,,EXIT
NAUKRI,Info Edge (India) Limited,Communication Services,Internet Content & Information,1268.800048828125,False,1449.8200000000002,False,True,7.52,-12.22,False,2850.0,EXIT
HAVELLS,Havells India Limited,Industrials,Electrical Equipment & Parts,1285.0,False,1661.9399999999998,True,False,-14.99,-18.31,False,21778.0,EXIT
NHPC,NHPC Limited,Utilities,Utilities - Renewable,79.25,False,3597.94,False,True,0.89,-9.77,False,10607.0,EXIT
INDUSINDBK,IndusInd Bank Limited,Financial Services,Banks - Regional,1028.9000244140625,False,2363.27,False,True,26.69,26.31,True,,HOLD
AUBANK,AU Small Finance Bank Limited,Financial Services,Banks - Regional,1060.0,True,2876.34,True,True,38.5,38.06,True,,ADD
LTF,L&T Finance Limited,Financial Services,Credit Services,318.0,False,3148.81,True,True,53.62,53.12,True,,HOLD
SRF,SRF Limited,Industrials,Conglomerates,2645.0,False,2205.87,True,False,-13.05,-16.38,False,14870.0,EXIT
WAAREEENER,WAAREEENER,Technology,Solar,2676.0,False,3718.9799999999996,True,False,-17.91,-18.77,False,14444.0,EXIT
COFORGE,Coforge Limited,Technology,Information Technology Services,1768.0,False,1698.5,True,True,-0.4,-1.36,False,5557.0,HOLD
NTPCGREEN,NTPCGREEN,Utilities,Utilities - Renewable,90.69999694824219,False,668.23,True,False,-7.78,-18.21,False,2210.0,EXIT
NMDC,NMDC Limited,Basic Materials,Steel,83.80000305175781,False,7229.24,False,True,17.82,13.95,True,25965.0,HOLD
DABUR,Dabur India Limited,Consumer Defensive,Household & Personal Products,425.79998779296875,False,2033.3600000000001,True,False,-17.29,-25.29,False,12563.0,EXIT
ICICIPRULI,ICICI Prudential Life Insurance Company Limited,Financial Services,Insurance - Life,522.3499755859375,False,1699.3199999999997,True,False,-17.89,-18.07,False,89683.0,EXIT
SWIGGY,SWIGGY,Consumer Cyclical,Internet Retail,288.0,False,2656.0,True,False,-34.55,-31.58,False,15227.0,EXIT
OIL,Oil India Limited,Energy,Oil & Gas Integrated,452.0,False,6619.9400000000005,False,True,-8.77,-0.84,False,36084.0,EXIT
NAM-INDIA,Nippon Life India Asset Management Limited,Financial Services,Asset Management,1165.0,True,1688.44,False,True,40.4,39.96,True,2344.0,HOLD
POLICYBZR,PB Fintech Limited,Financial Services,Insurance Brokers,1650.0,False,704.78,True,False,-12.12,-12.33,False,4977.0,EXIT
IDFCFIRSTB,IDFC First Bank Limited,Financial Services,Banks - Regional,86.0,False,2410.58,False,True,22.64,22.28,True,,HOLD
JSWINFRA,JSW Infrastructure Limited,Industrials,Marine Shipping,329.0,False,1508.7,False,True,6.6,3.23,True,4476.0,HOLD
ASTERDM,Aster DM Quality Care Limited,Healthcare,Medical Care Facilities,815.1500244140625,True,357.15999999999997,False,True,26.48,31.93,True,10253.0,HOLD
ATGL,Adani Total Gas Limited,Utilities,Utilities - Regulated Gas,667.5999755859375,False,633.95,False,True,18.28,7.15,True,5000.0,HOLD
BAJAJHFL,BAJAJHFL,Financial Services,Mortgage Finance,86.8499984741211,False,2632.66,False,False,-27.92,-28.06,False,,EXIT
YESBANK,Yes Bank Limited,Financial Services,Banks - Regional,23.0,False,3919.19,False,True,19.03,18.68,True,,HOLD
FORTIS,Fortis Healthcare Limited,Healthcare,Medical Care Facilities,940.0,False,1041.78,True,True,-1.21,4.42,False,7783.0,HOLD
TORNTPOWER,Torrent Power Limited,Utilities,Utilities - Independent Power Producers,1391.699951171875,False,2416.4300000000003,False,False,14.07,3.05,True,29165.0,EXIT
SAIL,Steel Authority of India Limited,Basic Materials,Steel,165.0,False,4598.13,False,True,36.31,32.38,True,105378.0,HOLD
PRESTIGE,Prestige Estates Projects Limited,Real Estate,Real Estate - Diversified,1670.0,False,1138.9,False,True,17.63,-0.38,False,8315.0,EXIT
BIOCON,Biocon Limited,Healthcare,Biotechnology,427.0,False,385.6,False,True,0.86,6.48,True,15262.0,HOLD
ALKEM,Alkem Laboratories Limited,Healthcare,Drug Manufacturers - Specialty & Generic,5707.0,False,2301.8,False,True,5.93,11.51,True,12965.0,HOLD
MCX,Multi Commodity Exchange of India Limited,Financial Services,Financial Data & Stock Exchanges,2642.10009765625,False,1134.08,True,True,69.52,68.95,True,1113.0,HOLD
UNOMINDA,Uno Minda Limited,Consumer Cyclical,Auto Parts,1210.0,False,1197.13,True,True,8.06,10.93,True,16775.0,HOLD
PHOENIXLTD,The Phoenix Mills Limited,Real Estate,Real Estate - Diversified,1955.0,False,1216.69,False,True,48.04,29.64,True,3972.0,HOLD
OBEROIRLTY,Oberoi Realty Limited,Real Estate,Real Estate - Development,1861.0999755859375,False,2290.68,True,True,30.29,12.11,True,5286.0,HOLD
SUZLON,Suzlon Energy Limited,Industrials,Specialty Industrial Machinery,48.099998474121094,False,2189.17,False,False,-28.76,-32.05,False,20403.0,EXIT
IOB,Indian Overseas Bank,Financial Services,Banks - Regional,34.099998474121094,False,5878.05,True,False,-12.13,-12.34,False,,EXIT
NATIONALUM,National Aluminium Company Limited,Basic Materials,Aluminum,369.0,False,6141.8,True,True,103.34,99.23,True,16788.0,HOLD
SCHAEFFLER,Schaeffler India Limited,Consumer Cyclical,Auto Parts,4069.199951171875,False,1251.32,True,True,-8.66,-5.75,False,9686.0,HOLD
GODREJPROP,Godrej Properties Limited,Real Estate,Real Estate - Development,2089.699951171875,False,1827.1499999999999,True,True,14.9,-3.07,False,4923.0,HOLD
KALYANKJIL,Kalyan Jewellers India Limited,Consumer Cyclical,Luxury Goods,608.0,False,1350.3799999999999,True,True,-3.56,-0.67,False,25045.0,HOLD
GLENMARK,Glenmark Pharmaceuticals Limited,Healthcare,Drug Manufacturers - Specialty & Generic,2230.0,False,1361.84,True,True,-2.78,2.86,False,13322.0,HOLD
SBICARD,SBI Cards and Payment Services Limited,Financial Services,Credit Services,665.0499877929688,False,2386.34,False,False,-22.09,-22.26,False,,EXIT
BANKINDIA,Bank of India Limited,Financial Services,Banks - Regional,140.5,False,11032.19,False,False,23.95,23.58,True,,EXIT
GICRE,General Insurance Corporation of India,Financial Services,Insurance - Reinsurance,358.04998779296875,False,9662.380000000001,False,False,-11.48,-11.69,False,50345.0,EXIT
COROMANDEL,Coromandel International Limited,Basic Materials,Agricultural Inputs,2115.300048828125,False,1531.64,False,True,-19.56,-23.32,False,29628.0,EXIT
MAHABANK,Bank of Maharashtra,Financial Services,Banks - Regional,79.56999969482422,False,7371.5599999999995,True,True,42.09,41.64,True,,HOLD
BERGEPAINT,Berger Paints India Limited,Basic Materials,Specialty Chemicals,526.5499877929688,False,1182.6100000000001,True,True,-8.3,-12.1,False,11545.0,HOLD
JSL,Jindal Stainless Limited,Basic Materials,Steel,731.7000122070312,False,3193.45,False,False,2.48,-1.35,False,39312.0,EXIT
ABBOTINDIA,Abbott India Limited,Healthcare,Drug Manufacturers - Specialty & Generic,27895.0,False,1552.02,False,True,-27.75,-21.95,False,,EXIT
RADICO,Radico Khaitan Limited,Consumer Defensive,Beverages - Wineries & Distilleries,4459.10009765625,True,694.51,True,True,60.62,52.1,True,4843.0,ADD
RBLBANK,RBL Bank Limited,Financial Services,Banks - Regional,379.95001220703125,False,920.8199999999999,False,True,42.12,41.66,True,,HOLD
APARINDS,APAR Industries Limited,Industrials,Electrical Equipment & Parts,14746.0,False,1192.73,True,True,66.43,62.92,True,18581.0,HOLD
LINDEINDIA,Linde India Limited,Basic Materials,Specialty Chemicals,6980.5,False,496.37,False,True,5.02,1.19,True,3136.0,HOLD
HDBFS,HDBFS,Financial Services,Credit Services,684.8499755859375,False,2179.7000000000003,False,False,-13.26,-13.47,False,,EXIT
COLPAL,Colgate-Palmolive (India) Limited,Consumer Defensive,Household & Personal Products,2077.0,False,1340.88,True,False,-4.91,-13.0,False,1960.0,EXIT
MRF,MRF Limited,Consumer Cyclical,Auto Parts,133730.0,False,2420.1899999999996,False,False,-16.25,-13.32,False,28152.0,EXIT
M&MFIN,Mahindra & Mahindra Financial Services Limited,Financial Services,Credit Services,405.5,True,3216.08,True,True,52.39,51.89,True,,ADD
FACT,The Fertilisers and Chemicals Travancore Limited,Basic Materials,Agricultural Inputs,843.25,False,146.06,False,False,-10.85,-14.64,False,6198.0,EXIT
TIINDIA,Tube Investments of India Limited,Industrials,Conglomerates,2766.0,False,496.71000000000004,False,False,-3.14,-6.49,False,19465.0,EXIT
MFSL,Max Financial Services Limited,Financial Services,Insurance - Life,1542.5,False,136.67000000000002,False,False,0.04,-0.23,False,46576.0,EXIT
SUNDARMFIN,Sundaram Finance Limited,Financial Services,Credit Services,4828.7001953125,False,2123.7200000000003,True,True,0.99,0.72,True,,HOLD
MOTILALOFS,Motilal Oswal Financial Services Limited,Financial Services,Capital Markets,867.9500122070312,False,3222.4199999999996,True,True,-10.59,-10.81,False,8340.0,HOLD
UPL,UPL Limited,Basic Materials,Agricultural Inputs,620.0,False,2441.0,False,False,-7.97,-11.77,False,53576.0,EXIT
APLAPOLLO,APL Apollo Tubes Limited,Basic Materials,Steel,1941.5,False,1194.67,True,True,20.69,16.81,True,20690.0,HOLD
VMM,VMM,Consumer Cyclical,Department Stores,111.19999694824219,False,891.9199999999998,True,False,-29.11,-26.15,False,10716.0,EXIT
TATACOMM,Tata Communications Limited,Communication Services,Telecom Services,1780.0999755859375,False,952.74,False,True,21.73,1.79,True,23109.0,HOLD
ATHERENERG,Ather Energy Limited,Consumer Cyclical,Auto Manufacturers,1272.699951171875,True,517.1299999999999,False,True,259.21,261.48,True,,HOLD
THERMAX,Thermax Limited,Industrials,Conglomerates,4122.2001953125,False,593.36,False,True,7.48,4.11,True,10389.0,HOLD
FLUOROCHEM,Gujarat Fluorochemicals Limited,Basic Materials,Specialty Chemicals,4483.5,False,578.0,False,True,27.18,23.28,True,5685.0,HOLD
SONACOMS,Sona BLW Precision Forgings Limited,Consumer Cyclical,Auto Parts,785.0,True,647.88,False,True,71.71,74.43,True,3226.0,HOLD
BALKRISIND,Balkrishna Industries Limited,Consumer Cyclical,Auto Parts,2492.199951171875,False,1420.68,False,True,-11.14,-8.23,False,10447.0,EXIT
KEI,KEI Industries Limited,Industrials,Electrical Equipment & Parts,5023.2998046875,False,941.47,True,True,30.07,26.65,True,9736.0,HOLD
HINDCOPPER,Hindustan Copper Limited,Basic Materials,Copper,495.04998779296875,False,918.54,True,True,108.06,103.94,True,2071.0,HOLD
RVNL,Rail Vikas Nigam Limited,Industrials,Engineering & Construction,232.89999389648438,False,874.7199999999999,False,False,-34.28,-37.56,False,21879.0,EXIT
PIRAMALFIN,Piramal Finance Limited,Financial Services,Credit Services,2047.800048828125,False,1636.6,False,False,,,False,12882.0,EXIT
360ONE,360 One Wam Limited,Financial Services,Asset Management,1147.800048828125,False,1231.22,True,True,4.36,4.07,True,3684.0,HOLD
PREMIERENE,PREMIERENE,Technology,Solar,1020.7000122070312,False,1434.12,True,True,-3.0,-3.95,False,6519.0,HOLD
BDL,Bharat Dynamics Limited,Industrials,Aerospace & Defense,1265.0,False,420.33000000000004,False,False,-20.85,-24.16,False,,EXIT
AIIL,Authum Investment & Infrastructure Limited,Financial Services,Capital Markets,548.7999877929688,False,2098.14,False,True,-5.18,-5.43,False,,EXIT
ANTHEM,ANTHEM,Healthcare,Biotechnology,829.8499755859375,True,575.95,False,True,1.79,7.4,True,1845.0,HOLD
PAGEIND,Page Industries Limited,Consumer Cyclical,Apparel Manufacturing,40200.0,False,763.8299999999999,False,True,-22.04,-19.1,False,,EXIT
GLAXO,GlaxoSmithKline Pharmaceuticals Limited,Healthcare,Drug Manufacturers - General,2662.300048828125,False,1041.3600000000001,False,True,-20.07,-14.32,False,3749.0,EXIT
AEGISLOG,AEGISLOG,Energy,Oil & Gas Refining & Marketing,1388.300048828125,True,898.1500000000001,True,True,86.08,91.37,True,8627.0,ADD
MPHASIS,Mphasis Limited,Technology,Information Technology Services,2429.0,False,1883.03,True,False,-16.02,-16.89,False,14230.0,EXIT
GODREJIND,Godrej Industries Limited,Industrials,Conglomerates,1337.0999755859375,False,1240.52,True,True,18.36,14.96,True,19657.0,HOLD
IPCALAB,Ipca Laboratories Limited,Healthcare,Drug Manufacturers - Specialty & Generic,1725.5999755859375,False,1141.12,False,True,8.44,14.01,True,8897.0,HOLD
SUPREMEIND,The Supreme Industries Limited,Industrials,Building Products & Equipment,3530.0,False,1069.96,True,False,-18.59,-21.9,False,10446.0,EXIT
VOLTAS,Voltas Limited,Consumer Cyclical,"Furnishings, Fixtures & Appliances",1324.800048828125,False,375.88,False,False,-7.33,-4.42,False,15413.0,EXIT
WELCORP,Welspun Corp Limited,Basic Materials,Steel,1715.300048828125,True,2219.8599999999997,True,True,90.22,86.14,True,17340.0,ADD
AJANTPHARM,Ajanta Pharma Limited,Healthcare,Drug Manufacturers - Specialty & Generic,3513.89990234375,True,1130.03,True,True,19.91,25.4,True,4648.0,ADD
AIAENG,AIA Engineering Limited,Industrials,Specialty Industrial Machinery,4684.60009765625,False,1270.15,True,True,49.86,46.39,True,4909.0,HOLD
PETRONET,Petronet LNG Limited,Energy,Oil & Gas Refining & Marketing,284.8500061035156,False,3912.5299999999997,False,True,-11.52,-3.52,False,59899.0,EXIT
JKCEMENT,J.K. Cement Limited,Basic Materials,Building Materials,5563.5,False,1109.43,True,True,-17.94,-21.71,False,11879.0,HOLD
PIIND,PI Industries Limited,Basic Materials,Agricultural Inputs,2793.0,False,1320.8,False,False,-34.6,-38.32,False,7978.0,EXIT
NLCINDIA,NLC India Limited,Utilities,Utilities - Regulated Electric,298.04998779296875,False,3339.04,True,True,33.98,22.42,True,16165.0,HOLD
GLAND,Gland Pharma Limited,Healthcare,Drug Manufacturers - Specialty & Generic,2579.199951171875,False,1030.18,False,True,19.89,25.38,True,5665.0,HOLD
NH,Narayana Hrudayalaya Limited,Healthcare,Medical Care Facilities,1919.699951171875,False,805.6,False,True,-12.01,-6.31,False,3590.0,EXIT
POONAWALLA,Poonawalla Fincorp Limited,Financial Services,Credit Services,471.8999938964844,False,775.32,False,True,7.85,7.55,True,,HOLD
CONCOR,Container Corporation of India Limited,Industrials,Railroads,525.0,False,1242.0,False,True,-10.12,-13.45,False,8887.0,EXIT
CPPLUS,CPPLUS,Industrials,Building Products & Equipment,3428.699951171875,False,390.04,False,True,,,False,3112.0,EXIT
IRCTC,Indian Railway Catering & Tourism Corporation Limited,Consumer Cyclical,Travel Services,513.5,False,1393.45,True,False,-36.56,-33.58,False,4675.0,EXIT
HUDCO,Housing and Urban Development Corporation Limited,Financial Services,Credit Services,199.3800048828125,False,4255.25,False,False,-10.01,-10.23,False,,EXIT
3MINDIA,3M India Limited,Industrials,Conglomerates,35955.0,False,526.45,False,True,14.75,11.36,True,4189.0,HOLD
ASTRAL,Astral Limited,Industrials,Building Products & Equipment,1435.5999755859375,False,581.0999999999999,True,False,0.69,-2.66,False,5832.0,EXIT
NAVINFLUOR,Navin Fluorine International Limited,Basic Materials,Chemicals,7555.0,True,610.14,True,True,49.73,45.77,True,1687.0,ADD
ENDURANCE,Endurance Technologies Limited,Consumer Cyclical,Auto Parts,2787.60009765625,False,951.71,True,True,4.7,7.58,True,8846.0,HOLD
PATANJALI,Patanjali Foods Limited,Consumer Defensive,Packaged Foods,364.0,False,1656.3000000000002,True,False,-38.44,-46.3,False,34157.0,EXIT
EXIDEIND,Exide Industries Limited,Consumer Cyclical,Auto Parts,444.70001220703125,False,931.6700000000001,False,True,9.41,12.28,True,17238.0,HOLD
HSCL,Himadri Speciality Chemical Limited,Basic Materials,Specialty Chemicals,750.6500244140625,False,804.2,True,True,61.23,57.23,True,4613.0,HOLD
MEDANTA,Global Health Limited,Healthcare,Medical Care Facilities,1444.9000244140625,True,556.1800000000001,False,True,-2.59,3.05,False,3692.0,EXIT
LTTS,L&T Technology Services Limited,Technology,Information Technology Services,3564.800048828125,False,1307.0,True,False,-20.75,-21.59,False,10670.0,EXIT
UBL,United Breweries Limited,Consumer Defensive,Beverages - Brewers,1438.4000244140625,False,464.21999999999997,False,False,-22.28,-30.25,False,8915.0,EXIT
COCHINSHIP,Cochin Shipyard Limited,Industrials,Aerospace & Defense,1441.9000244140625,False,716.51,False,False,-17.77,-21.09,False,4820.0,EXIT
EMCURE,EMCURE,Healthcare,Drug Manufacturers - Specialty & Generic,1969.699951171875,True,924.3499999999999,True,True,34.01,39.4,True,7896.0,ADD
DELHIVERY,Delhivery Limited,Industrials,Integrated Freight & Logistics,470.0,False,275.6,True,True,7.73,4.36,True,8932.0,HOLD
KPRMILL,K.P.R. Mill Limited,Consumer Cyclical,Textile Manufacturing,1063.699951171875,False,853.02,True,True,-8.22,-5.31,False,6388.0,HOLD
PWL,Physicswallah Limited,Consumer Defensive,Education & Training Services,126.02999877929688,False,588.95,False,False,,,False,2887.0,EXIT
STARHEALTH,Star Health and Allied Insurance Company Limited,Financial Services,Insurance - Life,592.5999755859375,False,1227.47,False,True,31.48,31.08,True,,HOLD
MANAPPURAM,Manappuram Finance Limited,Financial Services,Credit Services,365.0,True,974.5699999999999,False,True,42.71,42.26,True,,HOLD
BLUESTARCO,Blue Star Limited,Industrials,Building Products & Equipment,1729.199951171875,False,622.31,True,False,0.27,-3.08,False,11968.0,EXIT
ANANDRATHI,Anand Rathi Wealth Limited,Financial Services,Asset Management,2058.699951171875,True,365.66999999999996,False,True,53.82,53.31,True,1107.0,HOLD
TATAINVEST,Tata Investment Corporation Limited,Financial Services,Asset Management,676.6500244140625,False,323.24,False,False,-4.97,-5.22,False,385.0,EXIT
HEXT,Hexaware Technologies Limited,Technology,Information Technology Services,559.8499755859375,False,1353.3,False,False,-23.54,-24.36,False,13430.0,EXIT
ESCORTS,Escorts Kubota Limited,Industrials,Farm & Heavy Construction Machinery,3135.5,False,2394.35,True,False,-6.32,-9.66,False,10244.0,EXIT
ITCHOTELS,ITCHOTELS,Consumer Cyclical,Resorts & Casinos,165.22000122070312,False,731.27,True,False,-34.27,-31.29,False,3560.0,EXIT
DALBHARAT,Dalmia Bharat Limited,Basic Materials,Building Materials,1844.5999755859375,False,697.0,False,False,-17.53,-21.3,False,14691.0,EXIT
HONAUT,Honeywell Automation India Limited,Industrials,Electrical Equipment & Parts,38570.0,False,556.1999999999999,False,True,-2.03,-5.38,False,,EXIT
IREDA,Indian Renewable Energy Development Agency Limited,Financial Services,Credit Services,123.0,False,1826.22,False,False,-20.38,-20.55,False,,EXIT
GODFRYPHLP,Godfrey Phillips India Limited,Consumer Defensive,Tobacco,2247.0,False,1419.4199999999998,True,False,-20.19,-28.18,False,5611.0,EXIT
KARURVYSYA,The Karur Vysya Bank Limited,Financial Services,Banks - Regional,348.1000061035156,True,2692.0699999999997,False,True,56.39,55.87,True,,HOLD
NUVAMA,Nuvama Wealth Management Limited,Financial Services,Asset Management,1765.699951171875,False,828.74,False,True,23.03,22.66,True,4162.0,HOLD
UCOBANK,UCO Bank,Financial Services,Banks - Regional,26.309999465942383,False,2816.74,False,False,-14.49,-14.69,False,,EXIT
SCHNEIDER,Schneider Electric Infrastructure Limited,Industrials,Electrical Equipment & Parts,1346.0999755859375,False,212.56,False,True,32.89,29.46,True,,HOLD
KIMS,Krishna Institute of Medical Sciences Limited,Healthcare,Medical Care Facilities,820.5999755859375,True,241.4,False,True,-2.14,3.5,False,3035.0,EXIT
AEGISVOPAK,AEGISVOPAK,Energy,Oil & Gas Equipment & Services,301.79998779296875,True,231.81,False,True,19.72,26.86,True,621.0,HOLD
CRISIL,CRISIL Limited,Financial Services,Financial Data & Stock Exchanges,4424.89990234375,False,862.79,True,True,-19.97,-20.15,False,3649.0,HOLD
KIRLOSENG,Kirloskar Oil Engines Limited,Industrials,Specialty Industrial Machinery,2225.199951171875,False,574.32,True,True,153.82,150.12,True,6349.0,HOLD
WOCKPHARMA,Wockhardt Limited,Healthcare,Drug Manufacturers - Specialty & Generic,2028.4000244140625,False,340.0,False,True,15.3,20.82,True,4830.0,HOLD
LALPATHLAB,Dr. Lal PathLabs Limited,Healthcare,Diagnostics & Research,1900.4000244140625,False,391.3,False,True,9.09,14.65,True,2461.0,HOLD
IKS,IKS,Healthcare,Health Information Services,1846.4000244140625,False,688.6400000000001,False,True,4.7,10.29,True,973.0,HOLD
CUPID,Cupid Limited,Consumer Defensive,Household & Personal Products,230.9499969482422,True,108.23,True,True,637.27,624.9,True,183.0,ADD
TATATECH,Tata Technologies Limited,Technology,Information Technology Services,763.7999877929688,False,561.8399999999999,False,True,6.1,5.09,True,5168.0,HOLD
GRSE,Garden Reach Shipbuilders & Engineers Limited,Industrials,Aerospace & Defense,2582.699951171875,False,535.2,False,True,-1.55,-4.9,False,,EXIT
MRPL,Mangalore Refinery and Petrochemicals Limited,Energy,Oil & Gas Refining & Marketing,174.05999755859375,False,2784.1899999999996,False,True,29.02,35.9,True,109026.0,HOLD
TVSHLTD,TVS Holdings Limited,Consumer Cyclical,Auto Parts,14836.0,False,1863.0700000000002,True,True,19.48,22.32,True,44993.0,HOLD
HFCL,HFCL Limited,Technology,Communication Equipment,202.52000427246094,False,536.96,False,True,173.5,171.46,True,4743.0,HOLD
RRKABEL,R R Kabel Limited,Industrials,Electrical Equipment & Parts,2631.89990234375,True,581.1,False,True,95.84,92.27,True,7618.0,HOLD
ABSLAMC,Aditya Birla Sun Life AMC Limited,Financial Services,Asset Management,1017.7999877929688,False,1043.23,False,True,17.31,16.97,True,1955.0,HOLD
JUBLFOOD,Jubilant FoodWorks Limited,Consumer Cyclical,Restaurants,470.0,False,428.48,True,False,-34.74,-31.77,False,6105.0,EXIT
CHOLAHLDNG,Cholamandalam Financial Holdings Limited,Financial Services,Credit Services,1574.5999755859375,False,2441.29,True,False,-18.68,-18.86,False,,EXIT
LICHSGFIN,LIC Housing Finance Limited,Financial Services,Mortgage Finance,519.0,False,5753.3,True,False,-13.76,-13.97,False,,EXIT
SHYAMMETL,Shyam Metalics and Energy Limited,Basic Materials,Steel,1025.0999755859375,True,1123.1599999999999,False,True,3.6,-0.23,False,15138.0,EXIT
STLTECH,Sterlite Technologies Limited,Technology,Communication Equipment,584.9000244140625,False,283.0,False,True,403.18,399.72,True,6925.0,HOLD
NIACL,The New India Assurance Company Limited,Financial Services,Insurance - Diversified,175.4600067138672,False,1254.58,False,True,-11.8,-12.02,False,43354.0,EXIT
METROBRAND,Metro Brands Limited,Consumer Cyclical,Apparel Retail,1034.9000244140625,False,438.26,False,False,-21.8,-18.85,False,2450.0,EXIT
BANDHANBNK,Bandhan Bank Limited,Financial Services,Banks - Regional,173.64999389648438,False,1613.36,False,True,1.55,1.28,True,,HOLD
CENTRALBK,Central Bank of India,Financial Services,Banks - Regional,31.459999084472656,False,4615.120000000001,True,False,-17.23,-17.42,False,,EXIT
SAILIFE,SAILIFE,Healthcare,Diagnostics & Research,1333.4000244140625,True,353.34999999999997,True,True,59.0,64.23,True,1642.0,ADD
PGHH,Procter & Gamble Hygiene and Health Care Limited,Consumer Defensive,Household & Personal Products,8649.0,False,790.7199999999999,False,False,-33.92,-41.82,False,,EXIT
CDSL,Central Depository Services (India) Limited,Financial Services,Capital Markets,1322.199951171875,False,416.23,False,False,-15.37,-15.57,False,1082.0,EXIT
ZFCVINDIA,ZF Commercial Vehicle Control Systems India Limited,Consumer Cyclical,Auto Parts,2447.800048828125,False,390.97,False,True,5.65,8.53,True,3831.0,HOLD
PNBHOUSING,PNB Housing Finance Limited,Financial Services,Mortgage Finance,1090.0,False,2260.03,True,True,30.25,29.85,True,,HOLD
ANGELONE,Angel One Limited,Financial Services,Capital Markets,302.0,False,820.3,False,True,12.86,12.54,True,5239.0,HOLD
APOLLOTYRE,Apollo Tyres Limited,Consumer Cyclical,Auto Parts,436.6000061035156,False,1372.42,False,False,-8.86,-5.94,False,26123.0,EXIT
SJVN,SJVN Limited,Utilities,Utilities - Renewable,69.41999816894531,False,877.85,False,False,-19.7,-29.81,False,3072.0,EXIT
MSUMI,Motherson Sumi Wiring India Limited,Consumer Cyclical,Auto Parts,41.47999954223633,False,624.77,True,False,2.69,5.57,True,9319.0,HOLD
ITI,ITI Limited,Technology,Communication Equipment,282.1499938964844,False,518.4399999999999,False,False,-5.34,-6.27,False,3616.0,EXIT
PTCIL,PTC Industries Limited,Industrials,Metal Fabrication,17981.0,False,101.55999999999999,True,True,19.91,16.5,True,308.0,HOLD
SYRMA,Syrma SGS Technology Limited,Technology,Electronic Components,1360.5999755859375,False,368.11,False,True,78.32,76.87,True,3787.0,HOLD
AMBER,Amber Enterprises India Limited,Consumer Cyclical,"Furnishings, Fixtures & Appliances",7400.0,False,381.06,True,True,-13.89,-10.96,False,6744.0,HOLD
PPLPHARMA,Piramal Pharma Limited,Healthcare,Drug Manufacturers - Specialty & Generic,199.27999877929688,False,296.1,True,True,-6.12,-0.45,False,9151.0,HOLD
IIFL,IIFL Finance Limited,Financial Services,Credit Services,617.8499755859375,False,1959.56,True,True,40.09,39.65,True,,HOLD
CRAFTSMAN,Craftsman Automation Limited,Consumer Cyclical,Auto Parts,10338.5,True,464.94000000000005,False,True,52.17,54.93,True,5690.0,HOLD
NETWEB,Netweb Technologies India Limited,Technology,Computer Hardware,4586.0,False,229.22,False,True,111.45,109.8,True,,HOLD
GUJENERGY,Gujarat Energy Limited,Utilities,Utilities - Regulated Gas,277.54998779296875,False,1225.5299999999997,False,False,-30.24,-40.06,False,,EXIT
ACMESOLAR,ACME Solar Holdings Limited,Utilities,Utilities - Renewable,371.1000061035156,False,619.1899999999999,False,True,40.95,29.21,True,1777.0,HOLD
NBCC,NBCC (India) Limited,Industrials,Engineering & Construction,95.5,False,720.04,True,False,-12.62,-15.94,False,12039.0,EXIT
GABRIEL,Gabriel India Limited,Consumer Cyclical,Auto Parts,1527.4000244140625,True,297.65999999999997,True,True,44.61,47.39,True,4063.0,ADD
CREDITACC,CreditAccess Grameen Limited,Financial Services,Credit Services,1558.199951171875,False,1145.22,False,True,20.4,20.05,True,,HOLD
KAYNES,Kaynes Technology India Limited,Technology,Electronic Components,3805.0,False,358.67,True,False,-44.57,-45.26,False,2722.0,EXIT
ACC,ACC Limited,Basic Materials,Building Materials,1398.0,False,1164.46,False,False,-23.33,-27.08,False,22210.0,EXIT
SUMICHEM,Sumitomo Chemical India Limited,Basic Materials,Agricultural Inputs,515.8499755859375,False,580.03,True,True,-19.42,-23.18,False,3511.0,HOLD
ACUTAAS,Acutaas Chemicals Limited,Basic Materials,Specialty Chemicals,3116.39990234375,False,214.73,False,True,139.61,135.39,True,990.0,HOLD
REDINGTON,Redington Limited,Technology,Information Technology Services,347.8500061035156,True,1588.37,True,True,35.65,34.47,True,99334.0,ADD
GILLETTE,Gillette India Limited,Consumer Defensive,Household & Personal Products,7719.0,False,430.34000000000003,False,False,-24.97,-32.92,False,,EXIT
RUBICON,RUBICON,Healthcare,Drug Manufacturers - General,1500.800048828125,True,223.89,False,False,,,False,1284.0,EXIT
AWL,AWL Agri Business Limited,Consumer Defensive,Packaged Foods,190.3000030517578,False,1147.61,False,False,-23.06,-31.02,False,63672.0,EXIT
NEULANDLAB,Neuland Laboratories Limited,Healthcare,Drug Manufacturers - Specialty & Generic,19675.0,True,363.98999999999995,True,True,40.82,46.17,True,1559.0,ADD
IRB,IRB Infrastructure Developers Limited,Industrials,Infrastructure Operations,20.18000030517578,False,954.1399999999999,False,False,-10.6,-13.94,False,7613.0,EXIT
DATAPATTNS,Data Patterns (India) Limited,Industrials,Aerospace & Defense,4428.7998046875,False,267.93,False,True,72.18,68.66,True,,HOLD
TIMKEN,Timken India Limited,Industrials,Tools & Accessories,3216.10009765625,False,507.39000000000004,True,False,0.31,-3.05,False,3194.0,EXIT
FORCEMOT,Force Motors Limited,Consumer Cyclical,Auto Manufacturers,18494.0,False,1251.8600000000001,True,False,2.82,5.7,True,8072.0,HOLD
GODIGIT,GODIGIT,Financial Services,Insurance - Property & Casualty,262.75,False,514.23,False,False,-32.91,-33.02,False,,EXIT
CEMPRO,Cemindia Projects Limited,Industrials,Engineering & Construction,1363.300048828125,False,631.12,True,True,70.59,67.08,True,9097.0,HOLD
GRINDWELL,Grindwell Norton Limited,Industrials,Building Products & Equipment,2087.800048828125,False,423.87,True,True,35.15,31.72,True,2737.0,HOLD
BELRISE,BELRISE,Consumer Cyclical,Auto Parts,241.86000061035156,True,496.84999999999997,False,True,63.71,66.44,True,8291.0,HOLD
TATAELXSI,Tata Elxsi Limited,Technology,Software - Application,3761.89990234375,False,644.21,True,False,-42.14,-42.85,False,849.0,EXIT
DEEPAKNTR,Deepak Nitrite Limited,Basic Materials,Chemicals,1713.800048828125,False,550.44,False,True,-7.01,-10.81,False,8282.0,EXIT
ANANTRAJ,Anant Raj Limited,Real Estate,Real Estate - Development,626.1500244140625,False,554.85,True,True,24.16,6.07,True,2060.0,HOLD
CGCL,Capri Global Capital Limited,Financial Services,Credit Services,227.47000122070312,False,1066.5400000000002,True,True,25.11,24.74,True,,HOLD
ASAHIINDIA,Asahi India Glass Limited,Consumer Cyclical,Auto Parts,897.0499877929688,False,380.55999999999995,True,False,2.23,5.11,True,4594.0,HOLD
AFFLE,Affle 3i Limited,Communication Services,Advertising Agencies,1663.0,False,447.39,True,True,0.06,-19.58,False,2266.0,HOLD
PFOCUS,Prime Focus Limited,Communication Services,Entertainment,298.75,False,218.75,False,True,120.18,98.93,True,4644.0,HOLD
KIOCL,KIOCL Limited,Basic Materials,Steel,394.8999938964844,False,126.47,False,True,7.94,4.09,True,3006.0,HOLD
PFIZER,Pfizer Limited,Healthcare,Drug Manufacturers - General,4914.60009765625,False,735.15,True,True,-13.46,-7.75,False,678.0,HOLD
KPIL,Kalpataru Projects International Limited,Industrials,Engineering & Construction,1283.5,False,1025.41,True,True,12.88,9.5,True,22316.0,HOLD
EMMVEE,EMMVEE,Technology,Solar,319.54998779296875,False,1274.17,False,False,,,False,2336.0,EXIT
CESC,CESC Limited,Utilities,Utilities - Regulated Electric,165.97999572753906,False,1485.0,True,False,6.09,-4.71,False,9584.0,EXIT
AADHARHFC,AADHARHFC,Financial Services,Mortgage Finance,504.1499938964844,False,1095.88,False,True,-3.8,-4.05,False,,EXIT
RAMCOCEM,The Ramco Cements Limited,Basic Materials,Building Materials,945.25,False,648.7199999999999,False,False,-19.1,-22.86,False,9376.0,EXIT
IGL,Indraprastha Gas Limited,Utilities,Utilities - Regulated Gas,156.1699981689453,False,1549.6299999999999,False,False,-17.32,-27.49,False,14928.0,EXIT
SANSERA,Sansera Engineering Limited,Consumer Cyclical,Auto Parts,3452.699951171875,True,324.09000000000003,True,True,152.15,154.68,True,3017.0,ADD
FSL,Firstsource Solutions Limited,Technology,Information Technology Services,324.3500061035156,False,655.5799999999999,True,True,-8.39,-9.3,False,7980.0,HOLD
IFCI,IFCI Limited,Financial Services,Credit Services,77.30999755859375,False,211.35000000000002,False,True,28.8,28.4,True,,HOLD
SUNDRMFAST,Sundram Fasteners Limited,Consumer Cyclical,Auto Parts,993.25,False,564.75,True,True,-6.38,-3.47,False,5955.0,HOLD
CUB,City Union Bank Limited,Financial Services,Banks - Regional,204.64999389648438,False,1074.29,False,True,22.97,22.61,True,,HOLD
EIHOTEL,EIH Limited,Consumer Cyclical,Lodging,330.1000061035156,False,628.28,False,False,-20.21,-17.27,False,2743.0,EXIT
GRANULES,Granules India Limited,Healthcare,Drug Manufacturers - Specialty & Generic,843.2000122070312,False,662.35,True,True,76.56,81.67,True,4512.0,HOLD
AETHER,Aether Industries Limited,Basic Materials,Specialty Chemicals,1509.5,True,235.20000000000002,True,True,99.45,95.35,True,839.0,ADD
SAGILITY,Sagility Limited,Healthcare,Health Information Services,43.880001068115234,False,890.76,True,False,-13.09,-7.38,False,5570.0,EXIT
CARBORUNIV,Carborundum Universal Limited,Industrials,Conglomerates,1095.5,False,184.54000000000002,False,True,16.72,13.33,True,2828.0,HOLD
ASTRAZEN,AstraZeneca Pharma India Limited,Healthcare,Drug Manufacturers - Specialty & Generic,8300.0,False,187.51999999999998,False,False,-17.39,-11.65,False,,EXIT
SUNTV,Sun TV Network Limited,Communication Services,Broadcasting,503.79998779296875,False,1439.5100000000002,False,False,4.54,-15.17,False,4282.0,EXIT
HBLENGINE,HBLENGINE,Industrials,Electrical Equipment & Parts,739.2000122070312,False,814.89,True,False,21.66,18.25,True,2209.0,HOLD
ATUL,Atul Ltd,Basic Materials,Specialty Chemicals,6777.0,False,743.96,True,True,3.25,-0.58,False,5075.0,HOLD
CAMS,Computer Age Management Services Limited,Technology,Information Technology Services,791.0,False,361.06000000000006,False,True,4.54,3.54,True,1334.0,HOLD
HATSUN,Hatsun Agro Product Limited,Consumer Defensive,Packaged Foods,884.7999877929688,False,380.34999999999997,True,False,1.18,-6.95,False,8700.0,EXIT
DEEPAKFERT,Deepak Fertilisers And Petrochemicals Corporation Limited,Basic Materials,Chemicals,1576.0,False,1014.09,True,True,-0.04,-3.86,False,4243.0,HOLD
SHRIPISTON,SPR Auto Technologies Limited,Consumer Cyclical,Auto Parts,4524.39990234375,True,559.5,True,True,81.77,84.47,True,3550.0,ADD
GESHIP,The Great Eastern Shipping Company Limited,Industrials,Marine Shipping,1398.4000244140625,False,2942.52,True,True,48.97,45.51,True,4835.0,HOLD
CAPLIPOINT,Caplin Point Laboratories Limited,Healthcare,Drug Manufacturers - Specialty & Generic,2566.10009765625,True,629.36,True,True,18.59,24.09,True,1937.0,ADD
TRITURBINE,Triveni Turbine Limited,Industrials,Specialty Industrial Machinery,611.5999755859375,False,349.7,False,True,2.42,-0.94,False,2006.0,EXIT
BAYERCROP,Bayer CropScience Limited,Basic Materials,Agricultural Inputs,4303.2998046875,False,689.2,True,False,-32.45,-36.18,False,727.0,EXIT
BRIGADE,Brigade Enterprises Limited,Real Estate,Real Estate - Development,583.6500244140625,False,481.89,False,False,-8.11,-25.79,False,5074.0,EXIT
URBANCO,Urban Company Limited,Technology,Software - Application,146.19000244140625,False,192.2,False,True,,,False,1144.0,EXIT
KAJARIACER,Kajaria Ceramics Limited,Industrials,Building Products & Equipment,1214.699951171875,False,394.96999999999997,False,True,1.01,-2.34,False,4635.0,EXIT
ERIS,Eris Lifesciences Limited,Healthcare,Drug Manufacturers - Specialty & Generic,1383.199951171875,False,643.9100000000001,False,False,-34.34,-28.49,False,2894.0,EXIT
CHENNPETRO,Chennai Petroleum Corporation Limited,Energy,Oil & Gas Refining & Marketing,1325.5,True,3494.89,True,True,91.79,96.92,True,76271.0,ADD
SAMMAANCAP,Sammaan Capital Limited,Financial Services,Mortgage Finance,161.0800018310547,False,9073.83,True,True,23.48,23.11,True,,HOLD
ONESOURCE,ONESOURCE,Healthcare,Biotechnology,1560.5,False,128.78,True,False,-26.67,-20.87,False,1445.0,EXIT
JYOTICNC,Jyoti CNC Automation Limited,Industrials,Specialty Industrial Machinery,858.2999877929688,False,336.0,True,True,-16.69,-20.01,False,1818.0,HOLD
ZYDUSWELL,Zydus Wellness Limited,Consumer Defensive,Packaged Foods,559.8499755859375,False,501.70000000000005,True,True,39.03,30.66,True,2709.0,HOLD
CHOICEIN,Choice International Limited,Financial Services,Capital Markets,828.0999755859375,True,225.57000000000002,True,True,5.31,5.02,True,921.0,ADD
CASTROLIND,Castrol India Limited,Energy,Oil & Gas Refining & Marketing,185.83999633789062,False,964.3100000000001,False,False,-28.37,-19.89,False,,EXIT
SARDAEN,Sarda Energy & Minerals Limited,Basic Materials,Steel,516.2000122070312,False,1105.9,True,False,16.39,12.52,True,4643.0,HOLD
ELGIEQUIP,Elgi Equipments Limited,Industrials,Specialty Industrial Machinery,582.5999755859375,False,430.20000000000005,True,True,2.77,-0.59,False,3510.0,HOLD
GMDCLTD,Gujarat Mineral Development Corporation Limited,Energy,Thermal Coal,561.0,False,956.67,False,False,35.21,41.92,True,3498.0,EXIT
JSWCEMENT,JSWCEMENT,Basic Materials,Building Materials,132.89999389648438,False,634.0699999999999,True,True,,,False,6002.0,HOLD
CHALET,Chalet Hotels Limited,Consumer Cyclical,Lodging,821.5,False,576.38,True,False,-15.64,-12.71,False,1718.0,EXIT
CENTURYPLY,Century Plyboards (India) Limited,Basic Materials,Lumber & Wood Production,772.7999877929688,False,262.71,False,True,3.31,-0.52,False,4528.0,EXIT
AARTIIND,Aarti Industries Limited,Basic Materials,Specialty Chemicals,486.79998779296875,False,468.0,False,True,18.69,14.82,True,7271.0,HOLD
ASTRAMICRO,Astra Microwave Products Limited,Technology,Communication Equipment,1848.800048828125,True,192.96000000000004,True,True,92.21,90.68,True,1044.0,ADD
TDPOWERSYS,TD Power Systems Limited,Industrials,Specialty Industrial Machinery,1112.4000244140625,False,231.6,True,True,118.95,115.32,True,1279.0,HOLD
MTARTECH,MTAR Technologies Limited,Industrials,Specialty Industrial Machinery,6012.0,False,140.01,True,True,320.14,316.06,True,676.0,HOLD
CHAMBLFERT,Chambal Fertilisers and Chemicals Limited,Basic Materials,Agricultural Inputs,455.0,False,1828.24,True,True,-13.41,-17.19,False,27773.0,HOLD
PGEL,PG Electroplast Limited,Technology,Electronic Components,618.0,False,196.56,False,True,-24.8,-25.61,False,4870.0,EXIT
EMAMILTD,Emami Limited,Consumer Defensive,Household & Personal Products,406.0,False,775.27,False,False,-31.51,-39.42,False,3809.0,EXIT
ABDL,ABDL,Consumer Defensive,Beverages - Wineries & Distilleries,619.5499877929688,False,213.23000000000002,True,True,24.6,16.32,True,3520.0,HOLD
INOXINDIA,INOX India Limited,Industrials,Specialty Industrial Machinery,1920.4000244140625,False,262.57,False,True,67.04,63.54,True,1296.0,HOLD
POLYMED,Poly Medicure Limited,Healthcare,Medical Instruments & Supplies,1727.9000244140625,False,320.89000000000004,False,True,-22.07,-16.31,False,1669.0,EXIT
LMW,LMW Limited,Industrials,Specialty Industrial Machinery,16182.0,False,145.34,False,True,6.2,2.84,True,4719.0,HOLD
J&KBANK,Jammu and Kashmir Bank Limited,Financial Services,Banks - Regional,156.1199951171875,False,2293.38,False,True,48.7,48.21,True,,HOLD
TATACHEM,Tata Chemicals Limited,Basic Materials,Chemicals,674.6500244140625,False,2494.0,False,False,-30.71,-34.45,False,17204.0,EXIT
TRAVELFOOD,TRAVELFOOD,Consumer Cyclical,Restaurants,1344.5999755859375,True,452.1,False,True,23.2,26.03,True,1688.0,HOLD
OLAELEC,OLAELEC,Consumer Cyclical,Auto Manufacturers,38.7400016784668,False,2285.0,True,True,-12.36,-9.44,False,5010.0,HOLD
DIACABS,Diamond Power Infrastructure Limited,Industrials,Specialty Industrial Machinery,322.8500061035156,False,158.17000000000002,True,True,88.19,84.63,True,3153.0,HOLD
ECLERX,eClerx Services Limited,Technology,Information Technology Services,1922.199951171875,False,523.02,True,True,-2.84,-3.79,False,3366.0,HOLD
VTL,Vardhman Textiles Limited,Consumer Cyclical,Textile Manufacturing,588.3499755859375,False,868.05,False,True,32.04,34.85,True,10137.0,HOLD
MEDPLUS,MedPlus Health Services Limited,Healthcare,Pharmaceutical Retailers,696.4000244140625,False,197.32999999999998,False,False,-34.74,-28.89,False,6136.0,EXIT
CROMPTON,Crompton Greaves Consumer Electricals Limited,Consumer Cyclical,"Furnishings, Fixtures & Appliances",266.29998779296875,False,924.01,True,True,-25.02,-22.07,False,7028.0,HOLD
ARE&M,Amara Raja Energy & Mobility Limited,Industrials,Electrical Equipment & Parts,932.2999877929688,False,780.8499999999999,False,True,-3.9,-7.24,False,12846.0,EXIT
GRWRHITECH,Garware Hi-Tech Films Limited,Basic Materials,Specialty Chemicals,7182.0,True,338.22999999999996,True,True,115.19,111.04,True,2109.0,ADD
RATNAMANI,Ratnamani Metals & Tubes Limited,Basic Materials,Steel,2371.800048828125,False,482.54,False,False,-9.28,-13.07,False,5186.0,EXIT
THELEELA,Leela Palaces Hotels & Resorts Limited,Consumer Cyclical,Lodging,501.79998779296875,True,445.92999999999995,True,True,13.53,16.39,True,1301.0,ADD
MINDACORP,Minda Corporation Limited,Consumer Cyclical,Auto Parts,727.5999755859375,True,327.65,True,True,40.66,43.45,True,5056.0,ADD
PSB,Punjab & Sind Bank,Financial Services,Banks - Regional,23.760000228881836,False,1358.92,False,False,-21.85,-22.02,False,,EXIT
NATCOPHARM,NATCO Pharma Limited,Healthcare,Drug Manufacturers - Specialty & Generic,929.0999755859375,False,1418.5,False,False,-10.88,-5.19,False,4430.0,EXIT
JINDALSAW,Jindal Saw Limited,Basic Materials,Steel,259.29998779296875,False,821.46,False,True,25.15,21.26,True,20958.0,HOLD
TBOTEK,TBOTEK,Consumer Cyclical,Travel Services,1615.9000244140625,False,260.12,False,True,6.31,9.19,True,1737.0,HOLD
KPITTECH,KPIT Technologies Limited,Technology,Software - Infrastructure,619.25,False,582.62,False,False,-53.02,-53.65,False,5842.0,EXIT
COHANCE,COHANCE,Healthcare,Drug Manufacturers - Specialty & Generic,425.3500061035156,False,179.17,False,False,-67.62,-61.55,False,1340.0,EXIT
THANGAMAYL,Thangamayil Jewellery Limited,Consumer Cyclical,Luxury Goods,4965.5,False,378.23999999999995,False,True,151.99,154.52,True,,HOLD
KFINTECH,KFin Technologies Limited,Technology,Software - Application,945.0,False,325.61,True,False,-18.34,-19.19,False,1056.0,EXIT
FIVESTAR,Five-Star Business Finance Limited,Financial Services,Credit Services,551.4000244140625,False,1084.02,False,True,-12.6,-12.81,False,,EXIT
NIVABUPA,Niva Bupa Health Insurance Company Limited,Financial Services,Insurance - Life,86.55999755859375,False,642.01,False,True,1.49,1.22,True,,HOLD
BIKAJI,Bikaji Foods International Limited,Consumer Defensive,Packaged Foods,650.0,False,258.27,False,False,-10.8,-18.85,False,2622.0,EXIT
PINELABS,PINELABS,Technology,Software - Infrastructure,152.1699981689453,False,126.11000000000001,True,False,,,False,2274.0,EXIT
DCMSHRIRAM,DCM Shriram Limited,Industrials,Conglomerates,1029.800048828125,False,1388.1600000000003,True,False,-26.75,-30.05,False,12077.0,EXIT
KANSAINER,Kansai Nerolac Paints Limited,Basic Materials,Specialty Chemicals,204.17999267578125,False,563.0,False,False,-19.56,-23.32,False,7823.0,EXIT
GPIL,Godawari Power & Ispat Limited,Basic Materials,Steel,244.3699951171875,False,800.74,False,False,28.18,24.28,True,5745.0,EXIT
BASF,BASF India Limited,Basic Materials,Specialty Chemicals,3729.699951171875,False,420.1,False,False,-23.94,-27.69,False,15260.0,EXIT
ABREL,Aditya Birla Real Estate Limited,Real Estate,Real Estate Services,1432.0999755859375,False,240.17,False,False,-11.85,-29.48,False,7645.0,EXIT
NAVA,Nava Limited,Industrials,Conglomerates,579.9000244140625,False,786.66,False,False,-8.25,-11.58,False,3984.0,EXIT
APLLTD,Alembic Pharmaceuticals Limited,Healthcare,Drug Manufacturers - Specialty & Generic,805.75,False,646.9399999999999,False,True,-26.76,-20.96,False,6672.0,EXIT
CLEANMAX,CLEANMAX,Utilities,Utilities - Renewable,1349.5,False,77.43,False,False,,,False,2776.0,EXIT
HAPPYFORGE,HAPPYFORGE,Industrials,Metal Fabrication,1699.199951171875,True,295.81,False,True,79.16,75.62,True,1409.0,HOLD
JBMA,JBM Auto Limited,Consumer Cyclical,Auto Parts,662.5999755859375,False,208.35000000000002,True,True,-2.03,0.87,False,5472.0,HOLD
SYNGENE,Syngene International Limited,Healthcare,Diagnostics & Research,402.20001220703125,False,258.6,False,False,-53.77,-47.79,False,3373.0,EXIT
CIEINDIA,CIE Automotive India Limited,Consumer Cyclical,Auto Parts,419.6499938964844,False,892.8199999999999,False,False,-4.37,-1.47,False,9406.0,EXIT
RAINBOW,Rainbow Children's Medicare Limited,Healthcare,Medical Care Facilities,1545.5999755859375,False,285.39,False,True,-9.42,-3.74,False,1516.0,EXIT
CCL,CCL Products (India) Limited,Consumer Defensive,Packaged Foods,1152.4000244140625,False,404.11999999999995,True,True,32.24,23.91,True,3106.0,HOLD
PARADEEP,Paradeep Phosphates Limited,Basic Materials,Agricultural Inputs,144.9199981689453,False,1046.95,False,True,-34.72,-38.44,False,13820.0,EXIT
IGIL,International Gemological Institute Limited,Basic Materials,Other Precious Metals & Mining,364.95001220703125,False,615.86,True,True,-3.09,-6.9,False,1229.0,HOLD
AGARWALEYE,AGARWALEYE,Healthcare,Medical Instruments & Supplies,483.29998779296875,False,103.5,True,True,-3.67,1.98,False,1711.0,HOLD
FINCABLES,Finolex Cables Limited,Industrials,Electrical Equipment & Parts,998.0499877929688,False,713.72,True,True,12.08,8.69,True,5319.0,HOLD
USHAMART,Usha Martin Limited,Basic Materials,Steel,504.04998779296875,True,498.26,True,True,35.86,31.93,True,3746.0,ADD
AEQUS,AEQUS,Industrials,Aerospace & Defense,233.66000366210938,False,170.22,True,False,,,False,965.0,EXIT
KSB,KSB Limited,Industrials,Specialty Industrial Machinery,857.75,False,258.70000000000005,False,True,0.17,-3.18,False,2696.0,EXIT
MAHSCOOTER,Maharashtra Scooters Ltd.,Financial Services,Asset Management,13937.0,False,11.45,False,True,-13.51,-13.72,False,,EXIT
CONCORDBIO,Concord Biotech Limited,Healthcare,Biotechnology,1414.5999755859375,False,259.55,False,True,-29.53,-23.71,False,1200.0,EXIT
KIRLOSBROS,Kirloskar Brothers Limited,Industrials,Specialty Industrial Machinery,1859.699951171875,False,439.6,True,True,-2.03,-5.38,False,4492.0,HOLD
GALLANTT,Gallantt Ispat Limited,Basic Materials,Steel,627.5999755859375,False,513.3399999999999,True,True,-18.3,-22.06,False,4293.0,HOLD
JUBLPHARMA,Jubilant Pharmova Limited,Healthcare,Drug Manufacturers - Specialty & Generic,933.1500244140625,False,431.80000000000007,False,False,-30.25,-24.43,False,9111.0,EXIT
AZAD,AZAD,Industrials,Specialty Industrial Machinery,2306.800048828125,False,125.47999999999999,False,True,57.51,54.02,True,457.0,HOLD
FINEORG,Fine Organic Industries Limited,Basic Materials,Specialty Chemicals,4933.7001953125,False,417.07000000000005,False,True,-7.08,-10.88,False,3023.0,EXIT
WELSPUNLIV,Welspun Living Limited,Consumer Cyclical,Textile Manufacturing,154.6300048828125,False,204.44,False,True,19.88,22.72,True,10545.0,HOLD
SOBHA,Sobha Limited,Real Estate,Real Estate - Development,1372.300048828125,False,171.74,False,False,-0.6,-18.37,False,4039.0,EXIT
HONASA,Honasa Consumer Limited,Consumer Defensive,Household & Personal Products,458.20001220703125,False,199.94,False,True,72.39,63.79,True,2067.0,HOLD
ZENTEC,Zen Technologies Limited,Industrials,Aerospace & Defense,1656.4000244140625,False,168.51000000000002,False,True,6.43,3.06,True,974.0,HOLD
VENTIVE,VENTIVE,Consumer Cyclical,Lodging,622.25,False,425.65,False,False,-26.5,-23.55,False,1605.0,EXIT
BEML,BEML Limited,Industrials,Conglomerates,1743.699951171875,False,553.86,True,False,-10.95,-14.28,False,4337.0,EXIT
APOLLO,Apollo Micro Systems Limited,Industrials,Aerospace & Defense,397.3500061035156,False,95.81,True,True,132.5,128.84,True,562.0,HOLD
LTFOODS,LT Foods Limited,Consumer Defensive,Packaged Foods,415.29998779296875,False,644.97,True,True,-9.86,-17.92,False,8681.0,HOLD
ALIVUS,Alivus Life Sciences Limited,Healthcare,Drug Manufacturers - Specialty & Generic,1214.4000244140625,False,594.54,False,True,10.84,16.39,True,1885.0,HOLD
SHADOWFAX,SHADOWFAX,Industrials,Integrated Freight & Logistics,240.77999877929688,True,65.69,True,False,,,False,2485.0,EXIT
PRIVISCL,Privi Speciality Chemicals Limited,Basic Materials,Specialty Chemicals,3597.0,True,255.89999999999998,True,True,45.6,41.65,True,2101.0,ADD
SHAILY,Shaily Engineering Plastics Limited,Basic Materials,Specialty Chemicals,3056.0,True,169.92,True,True,89.92,85.84,True,787.0,ADD
DEVYANI,Devyani International Limited,Consumer Cyclical,Restaurants,116.76000213623047,False,38.769999999999996,False,False,-35.64,-32.67,False,3349.0,EXIT
AMAGI,AMAGI,Technology,Software - Application,669.7000122070312,True,44.86,False,False,,,False,1163.0,EXIT
FRACTAL,FRACTAL,Technology,Software - Infrastructure,803.4500122070312,False,263.8,False,False,,,False,2765.0,EXIT
UJJIVANSFB,Ujjivan Small Finance Bank Limited,Financial Services,Banks - Regional,71.13999938964844,True,887.45,False,True,60.15,59.62,True,,HOLD
CANHLIFE,CANHLIFE,Financial Services,Insurance - Life,150.9199981689453,True,113.94,False,False,,,False,,EXIT
VOGL,Vedanta Oil and Gas Limited,Basic Materials,Other Industrial Metals & Mining,35.2400016784668,False,1048.0,False,False,,,False,,EXIT
CEATLTD,CEAT Limited,Consumer Cyclical,Auto Parts,3542.5,False,515.62,False,False,1.82,4.7,True,13172.0,EXIT
VIJAYA,Vijaya Diagnostic Centre Limited,Healthcare,Diagnostics & Research,1354.0,True,164.31,False,True,14.48,20.01,True,681.0,HOLD
ANURAS,Anupam Rasayan India Ltd,Basic Materials,Specialty Chemicals,1209.800048828125,False,155.84,False,False,5.29,1.46,True,1602.0,EXIT
VGUARD,V-Guard Industries Limited,Industrials,Electrical Equipment & Parts,314.70001220703125,False,373.28999999999996,True,False,-18.11,-21.43,False,5578.0,EXIT
DOMS,DOMS Industries Limited,Industrials,Business Equipment & Supplies,2292.0,False,230.19,False,False,-2.74,-6.08,False,1913.0,EXIT
INGERRAND,Ingersoll-Rand (India) Limited,Industrials,Specialty Industrial Machinery,4327.0,False,256.03,False,True,13.07,9.68,True,,HOLD
PRUDENT,Prudent Corporate Advisory Services Limited,Financial Services,Asset Management,3359.199951171875,True,243.28,False,True,21.24,20.87,True,1133.0,HOLD
SCI,The Shipping Corporation of India Limited,Industrials,Marine Shipping,292.6499938964844,False,1352.9,True,True,37.42,33.98,True,5794.0,HOLD
SKFINDUS,SKFINDUS,Industrials,Tools & Accessories,2697.699951171875,False,290.37,False,False,,,False,,EXIT
VINATIORGA,Vinati Organics Limited,Basic Materials,Specialty Chemicals,1323.0999755859375,False,437.74,True,False,-27.54,-31.28,False,2248.0,EXIT
EIDPARRY,E.I.D.- Parry (India) Limited,Basic Materials,Agricultural Inputs,780.2999877929688,False,1236.14,True,False,-36.49,-40.2,False,3168.0,EXIT
INOXWIND,Inox Wind Limited,Industrials,Specialty Industrial Machinery,78.9000015258789,False,406.25,False,False,-49.75,-52.99,False,4445.0,EXIT
TMB,Tamilnad Mercantile Bank Limited,Financial Services,Banks - Regional,861.5499877929688,True,1431.5499999999997,False,True,89.73,89.06,True,,HOLD
VEDPOWER,Vedanta Power Limited,Utilities,Utilities - Independent Power Producers,35.20000076293945,False,511.0,False,False,,,False,,EXIT
ARVIND,Arvind Limited,Consumer Cyclical,Textile Manufacturing,528.9500122070312,False,413.94000000000005,True,True,59.9,62.65,True,7723.0,HOLD
BBOX,Black Box Limited,Technology,Software - Application,753.7000122070312,False,217.52,True,True,45.68,44.43,True,6288.0,HOLD
SPLPETRO,Supreme Petrochem Limited,Basic Materials,Specialty Chemicals,715.9000244140625,False,518.26,True,True,-14.95,-18.73,False,1613.0,HOLD
JSWDULUX,JSW Dulux Limited,Unknown,Unknown,3015.5,False,399.4,False,False,-5.98,-22.04,False,,EXIT
CARTRADE,CarTrade Tech Limited,Consumer Cyclical,Auto & Truck Dealerships,2803.300048828125,False,214.57999999999998,False,True,20.98,23.82,True,641.0,HOLD
APTUS,Aptus Value Housing Finance India Limited,Financial Services,Mortgage Finance,263.6000061035156,False,923.42,False,False,-26.96,-27.11,False,,EXIT
SWANDEF,SWANDEF,Industrials,Aerospace & Defense,2527.199951171875,False,226.29000000000002,False,True,685.86,680.94,True,2534.0,HOLD
NAZARA,Nazara Technologies Limited,Communication Services,Electronic Gaming & Multimedia,339.54998779296875,False,154.54000000000002,False,True,16.29,-3.58,False,1624.0,EXIT
GRAPHITE,Graphite India Limited,Industrials,Electrical Equipment & Parts,657.9500122070312,False,383.0,False,True,23.22,19.81,True,6737.0,HOLD
ACE,Action Construction Equipment Limited,Industrials,Farm & Heavy Construction Machinery,1105.4000244140625,False,444.53,True,True,-2.49,-5.84,False,3327.0,HOLD
HEG,HEG Limited,Industrials,Electrical Equipment & Parts,665.25,False,586.4100000000001,False,True,23.33,19.93,True,6591.0,HOLD
PARKHOSPS,PARKHOSPS,Healthcare,Medical Care Facilities,288.6000061035156,True,212.07000000000002,True,False,,,False,109.93,EXIT
LLOYDSENGG,Lloyds Engineering Works Limited,Industrials,Specialty Industrial Machinery,91.83999633789062,True,189.88,True,True,31.53,28.1,True,846.0,ADD
VISL,VISL,Basic Materials,Steel,33.88999938964844,False,264.0,False,False,,,False,,EXIT
NSLNISP,NMDC Steel Limited,Basic Materials,Steel,43.369998931884766,False,776.2199999999999,False,True,18.53,14.66,True,,HOLD
TRIDENT,Trident Limited,Consumer Cyclical,Textile Manufacturing,24.940000534057617,False,395.24,False,False,-21.62,-18.68,False,6998.0,EXIT
JPPOWER,Jaiprakash Power Ventures Limited,Utilities,Utilities - Independent Power Producers,18.760000228881836,False,764.1099999999999,False,True,-1.23,-11.83,False,6763.0,EXIT
PCBL,PCBL Chemical Limited,Basic Materials,Specialty Chemicals,326.79998779296875,False,291.3,False,True,-19.62,-23.38,False,8404.0,EXIT
ENGINERSIN,Engineers India Limited,Industrials,Engineering & Construction,226.8000030517578,False,691.59,True,True,7.99,4.62,True,3330.0,HOLD
JSWHL,JSW Holdings Limited,Financial Services,Asset Management,12016.0,False,79.47,False,False,-42.19,-42.27,False,407.0,EXIT
KEC,KEC International Limited,Industrials,Engineering & Construction,478.75,False,605.6,True,False,-43.62,-46.87,False,21847.0,EXIT
BLUESTONE,BLUESTONE,Consumer Cyclical,Luxury Goods,802.7000122070312,True,144.12,True,True,,,False,1770.0,HOLD
HOMEFIRST,Home First Finance Company India Limited,Financial Services,Mortgage Finance,1170.199951171875,False,568.38,False,True,-7.01,-7.24,False,,EXIT
BALRAMCHIN,Balrampur Chini Mills Limited,Consumer Defensive,Confectioners,646.7999877929688,True,378.46,False,True,18.11,9.87,True,5594.0,HOLD
INDGN,INDGN,Healthcare,Health Information Services,545.25,False,415.20000000000005,False,True,-16.26,-10.53,False,2839.0,EXIT
WABAG,VA Tech Wabag Limited,Industrials,Engineering & Construction,2012.0,False,370.6,True,True,26.21,22.79,True,3457.0,HOLD
INDIACEM,The India Cements Limited,Basic Materials,Building Materials,390.95001220703125,False,221.93,False,False,6.83,2.99,True,5628.0,EXIT
NUVOCO,Nuvoco Vistas Corporation Limited,Basic Materials,Building Materials,350.6000061035156,False,323.02,False,True,-18.61,-22.38,False,10733.0,EXIT
AVANTIFEED,Avanti Feeds Limited,Consumer Defensive,Packaged Foods,907.2999877929688,False,604.55,True,False,40.4,32.01,True,5612.0,HOLD
BLUEDART,Blue Dart Express Limited,Industrials,Integrated Freight & Logistics,5427.0,False,221.16,False,True,-9.48,-12.81,False,5720.0,EXIT
SOUTHBANK,The South Indian Bank Limited,Financial Services,Banks - Regional,47.06999969482422,True,1481.71,True,True,56.57,56.05,True,,ADD
LLOYDSENT,Lloyds Enterprises Limited,Basic Materials,Steel,81.56999969482422,False,299.15999999999997,True,True,-0.18,-4.0,False,1488.0,HOLD
AVALON,Avalon Technologies Limited,Technology,Electronic Components,1751.800048828125,True,112.94,False,True,101.27,99.68,True,1098.0,HOLD
METROPOLIS,Metropolis Healthcare Limited,Healthcare,Diagnostics & Research,596.4500122070312,False,137.35,False,True,6.52,12.1,True,1331.0,HOLD
JAINREC,JAINREC,Basic Materials,Other Industrial Metals & Mining,350.20001220703125,False,303.45,False,False,,,False,7126.0,EXIT
SHILPAMED,Shilpa Medicare Limited,Healthcare,Drug Manufacturers - Specialty & Generic,623.5499877929688,True,243.32999999999998,True,True,35.11,40.5,True,1281.0,ADD
RKFORGE,Ramkrishna Forgings Limited,Industrials,Metal Fabrication,681.1500244140625,False,125.88,False,True,18.82,15.42,True,4034.0,HOLD
SEDEMAC,SEDEMAC,Consumer Cyclical,Auto Parts,2752.10009765625,True,91.07000000000001,False,False,,,False,,EXIT
IRCON,Ircon International Limited,Industrials,Engineering & Construction,131.8800048828125,False,595.47,False,False,-26.04,-29.33,False,12514.0,EXIT
ATLANTAELE,ATLANTAELE,Industrials,Electrical Equipment & Parts,1589.800048828125,False,217.47,False,True,,,False,1244.0,EXIT
GRAVITA,Gravita India Limited,Industrials,Metal Fabrication,1663.9000244140625,False,389.2,True,True,-8.7,-12.04,False,3869.0,HOLD
IEX,Indian Energy Exchange Limited,Financial Services,Capital Markets,128.0,False,504.34,True,False,-7.85,-8.08,False,535.0,EXIT
MARKSANS,Marksans Pharma Limited,Healthcare,Drug Manufacturers - General,262.25,False,417.9,True,True,6.07,11.65,True,2623.0,HOLD
JMFINANCIL,JM Financial Limited,Financial Services,Capital Markets,120.88999938964844,False,1141.5,True,False,-25.25,-25.41,False,4786.0,EXIT
UTLSOLAR,UTLSOLAR,Technology,Solar,389.29998779296875,True,292.41,False,False,,,False,1541.0,EXIT
UTIAMC,UTI Asset Management Company Limited,Financial Services,Asset Management,915.75,False,718.39,False,False,-34.26,-34.37,False,1851.0,EXIT
JUBLINGREA,Jubilant Ingrevia Limited,Basic Materials,Specialty Chemicals,757.4500122070312,False,314.26,False,True,-0.76,-4.58,False,4949.0,EXIT
SIGNATURE,Signatureglobal (India) Limited,Real Estate,Real Estate - Development,833.6500244140625,False,1279.03,True,False,-13.68,-31.29,False,2498.0,EXIT
JKTYRE,JK Tyre & Industries Limited,Consumer Cyclical,Auto Parts,410.29998779296875,False,649.87,True,False,16.73,19.58,True,10313.0,HOLD
ZENSARTECH,Zensar Technologies Limited,Technology,Information Technology Services,518.0,False,776.2,True,False,-38.87,-39.59,False,5281.0,EXIT
ABLBL,ABLBL,Consumer Cyclical,Apparel Retail,95.91000366210938,False,185.96,False,False,-38.43,-35.45,False,7830.0,EXIT
TI,Tilaknagar Industries Ltd.,Consumer Defensive,Beverages - Wineries & Distilleries,465.79998779296875,False,204.59,False,True,-4.72,-12.81,False,1434.0,EXIT
TECHNOE,Techno Electric & Engineering Company Limited,Industrials,Engineering & Construction,999.4000244140625,False,473.86,True,False,-31.27,-34.55,False,2269.0,EXIT
TEGA,Tega Industries Limited,Industrials,Specialty Industrial Machinery,1587.699951171875,False,142.66,False,False,-17.6,-20.91,False,1639.0,EXIT
TITAGARH,Titagarh Rail Systems Limited,Industrials,Railroads,859.0499877929688,False,169.75,False,True,1.11,-2.25,False,3868.0,EXIT
PVRINOX,PVR INOX Limited,Communication Services,Entertainment,1141.4000244140625,False,392.9,True,True,29.42,9.38,True,6107.0,HOLD
JWL,Jupiter Wagons Limited,Industrials,Railroads,264.95001220703125,False,171.07999999999998,False,False,-22.85,-26.15,False,3871.0,EXIT
MGL,Mahanagar Gas Limited,Utilities,Utilities - Regulated Gas,1115.699951171875,False,842.77,False,False,-11.22,-21.56,False,7264.0,EXIT
ZEEL,Zee Entertainment Enterprises Limited,Communication Services,Broadcasting,98.13999938964844,False,589.8000000000001,False,True,-0.98,-20.61,False,8637.0,EXIT
VIYASH,Viyash Scientific Limited,Healthcare,Drug Manufacturers - Specialty & Generic,263.70001220703125,False,119.6,False,True,46.1,51.42,True,1551.0,HOLD
SIGMAADV,Sigma Advanced Systems Limited,Industrials,Aerospace & Defense,654.7000122070312,True,266.27,True,True,464.27,459.85,True,103.0,ADD
PGHL,Procter & Gamble Health Limited,Healthcare,Drug Manufacturers - Specialty & Generic,6501.5,False,326.91,False,True,-6.07,-0.4,False,,EXIT
EDELWEISS,Edelweiss Financial Services Limited,Financial Services,Financial Conglomerates,116.33000183105469,False,546.63,False,True,13.06,12.74,True,11078.0,HOLD
CANFINHOME,Can Fin Homes Limited,Financial Services,Mortgage Finance,817.0,False,1102.1399999999999,False,False,5.66,5.37,True,,EXIT
RATEGAIN,RateGain Travel Technologies Limited,Technology,Software - Application,965.4000244140625,True,194.38,False,True,119.86,118.16,True,1077.0,HOLD
OLECTRA,Olectra Greentech Limited,Industrials,Farm & Heavy Construction Machinery,1344.199951171875,False,177.5,True,True,-8.51,-11.85,False,1802.0,HOLD
JLHL,Jupiter Life Line Hospitals Limited,Healthcare,Medical Care Facilities,319.0,False,194.48999999999998,False,True,0.44,6.06,True,1262.0,HOLD
BLUEJET,Blue Jet Healthcare Limited,Healthcare,Biotechnology,589.5,False,305.78,False,True,-36.82,-30.95,False,538.0,EXIT
AAVAS,Aavas Financiers Limited,Financial Services,Mortgage Finance,1439.0,False,686.9200000000001,True,True,-19.1,-19.28,False,,HOLD
KTKBANK,The Karnataka Bank Limited,Financial Services,Banks - Regional,289.45001220703125,True,1437.3700000000001,True,True,57.8,57.28,True,,ADD
GODREJAGRO,Godrej Agrovet Limited,Consumer Defensive,Packaged Foods,565.0499877929688,False,450.97,False,False,-27.63,-35.56,False,9561.0,EXIT
LUMAXTECH,Lumax Auto Technologies Limited,Consumer Cyclical,Auto Parts,1625.699951171875,False,278.86,True,True,41.51,44.3,True,3637.0,HOLD
SANOFICONR,SANOFICONR,Healthcare,Drug Manufacturers - General,4539.5,False,266.0,False,True,-17.32,-11.58,False,,EXIT
IIFLCAPS,IIFL Capital Services Limited,Financial Services,Capital Markets,336.6499938964844,False,570.11,False,True,3.13,2.85,True,2520.0,HOLD
E2E,E2E Networks Limited,Technology,Software - Infrastructure,543.0,True,69.48,False,True,159.82,157.87,True,,HOLD
SHREEJISPG,SHREEJISPG,Industrials,Marine Shipping,666.5499877929688,True,164.72,True,True,,,False,731.0,HOLD
BBTC,The Bombay Burmah Trading Corporation Limited,Consumer Defensive,Packaged Foods,1537.199951171875,False,1242.67,True,False,-16.13,-24.14,False,18298.0,EXIT
ASKAUTOLTD,ASKAUTOLTD,Consumer Cyclical,Auto Parts,569.6500244140625,True,275.14,False,True,12.53,15.39,True,3601.0,HOLD
VARROC,Varroc Engineering Limited,Consumer Cyclical,Auto Parts,686.9000244140625,False,245.63,False,True,23.42,26.26,True,12036.0,HOLD
SANDUMA,The Sandur Manganese & Iron Ores Limited,Basic Materials,Steel,212.0500030517578,False,657.11,False,False,41.87,37.93,True,3135.0,EXIT
WEWORK,WEWORK,Real Estate,Real Estate Services,744.5999755859375,True,86.56,False,True,,,False,1949.0,EXIT
FIRSTCRY,FIRSTCRY,Consumer Cyclical,Internet Retail,214.61000061035156,False,140.22,True,False,-46.34,-43.34,False,7660.0,EXIT
TIMETECHNO,Time Technoplast Limited,Consumer Cyclical,Packaging & Containers,210.14999389648438,False,468.72,True,True,-14.98,-12.06,False,5457.0,HOLD
RITES,RITES Limited,Industrials,Engineering & Construction,219.30999755859375,False,410.27,False,False,-14.65,-17.97,False,2662.0,EXIT
WHIRLPOOL,Whirlpool of India Limited,Consumer Cyclical,"Furnishings, Fixtures & Appliances",824.4500122070312,False,371.62,False,False,-45.31,-42.31,False,7919.0,EXIT
MANORAMA,Manorama Industries Limited,Consumer Defensive,Packaged Foods,1633.0,True,201.73,True,True,13.03,4.82,True,771.0,ADD
PARAS,Paras Defence and Space Technologies Limited,Industrials,Aerospace & Defense,1292.300048828125,False,88.10000000000001,False,True,103.14,99.55,True,365.0,HOLD
AKUMS,AKUMS,Healthcare,Drug Manufacturers - Specialty & Generic,681.2000122070312,False,255.19,False,True,22.1,27.57,True,4178.0,HOLD
MANYAVAR,Vedant Fashions Limited,Consumer Cyclical,Apparel Manufacturing,418.75,False,400.07,False,False,-51.59,-48.58,False,1368.0,EXIT
RELAXO,Relaxo Footwears Limited,Consumer Cyclical,Footwear & Accessories,408.70001220703125,False,179.27,False,True,-15.65,-12.72,False,,EXIT
FINPIPE,Finolex Industries Limited,Industrials,Building Products & Equipment,165.7899932861328,False,599.05,False,False,-19.07,-22.38,False,4647.0,EXIT
VOLTAMP,Voltamp Transformers Limited,Industrials,Electrical Equipment & Parts,10021.0,False,305.38,False,True,16.0,12.61,True,,HOLD
SAREGAMA,Saregama India Limited,Communication Services,Entertainment,514.2000122070312,False,223.44,True,True,23.56,3.6,True,1171.0,HOLD
INTELLECT,Intellect Design Arena Limited,Technology,Software - Application,748.8499755859375,False,378.49,True,False,-27.92,-28.71,False,2506.0,EXIT
HCG,HealthCare Global Enterprises Limited,Healthcare,Medical Care Facilities,671.75,False,32.62,False,True,-0.85,4.77,False,2218.0,EXIT
SBFC,SBFC Finance Limited,Financial Services,Credit Services,92.08000183105469,False,471.82,True,False,-13.91,-14.12,False,,EXIT
TSFINV,TSF Investments Limited,Financial Services,Asset Management,454.29998779296875,False,521.78,False,True,-6.99,-7.23,False,291.0,EXIT
AFCONS,AFCONS,Industrials,Engineering & Construction,275.95001220703125,False,428.29999999999995,False,False,-33.71,-36.99,False,13268.0,EXIT
SKYGOLD,Sky Gold and Diamonds Limited,Consumer Cyclical,Luxury Goods,691.8499755859375,True,275.4,True,True,144.61,147.15,True,3548.0,ADD
SUDEEPPHRM,SUDEEPPHRM,Healthcare,Drug Manufacturers - Specialty & Generic,867.5999755859375,True,151.13,False,False,,,False,502.0,EXIT
BLACKBUCK,BlackBuck Limited,Technology,Software - Application,551.0,False,168.82,True,False,19.33,18.24,True,867.0,HOLD
BLS,BLS International Services Limited,Industrials,Specialty Business Services,250.75,False,686.7,True,False,-35.66,-38.93,False,2193.0,EXIT
LOTUSDEV,LOTUSDEV,Industrials,Engineering & Construction,197.66000366210938,False,297.24,True,True,,,False,548.0,HOLD
RPOWER,Reliance Power Limited,Utilities,Utilities - Independent Power Producers,23.8700008392334,False,651.11,False,False,-47.99,-57.33,False,10396.0,EXIT
SWANCORP,Swan Corp Limited,Industrials,Conglomerates,310.20001220703125,False,301.5,False,False,-31.64,-34.93,False,5017.0,EXIT
KIRLPNU,Kirloskar Pneumatic Company Limited,Industrials,Specialty Industrial Machinery,1463.300048828125,False,245.9,True,True,9.9,6.52,True,1640.0,HOLD
PGIL,Pearl Global Industries Limited,Consumer Cyclical,Apparel Manufacturing,2103.39990234375,True,277.65999999999997,True,True,43.06,45.84,True,4699.0,ADD
WAAREERTL,Waaree Renewable Technologies Limited,Industrials,Engineering & Construction,919.6500244140625,False,478.3,True,False,-13.59,-16.92,False,1598.0,EXIT
STAR,Strides Pharma Science Limited,Healthcare,Drug Manufacturers - Specialty & Generic,1028.5,False,510.85,False,True,12.43,17.97,True,4565.0,HOLD
ELECON,Elecon Engineering Company Limited,Industrials,Specialty Industrial Machinery,428.29998779296875,False,323.78,False,False,-25.7,-28.99,False,2227.0,EXIT
MMTC,MMTC Limited,Industrials,Conglomerates,63.650001525878906,False,387.38,False,True,-5.59,-8.93,False,30000.0,EXIT
THYROCARE,Thyrocare Technologies Limited,Healthcare,Diagnostics & Research,592.5499877929688,True,128.32,False,True,24.15,29.61,True,687.0,HOLD
ALKYLAMINE,Alkyl Amines Chemicals Limited,Basic Materials,Specialty Chemicals,1824.4000244140625,False,183.09,False,True,-23.26,-27.02,False,993.0,EXIT
RAILTEL,RailTel Corporation of India Limited,Communication Services,Telecom Services,292.25,False,336.03,True,False,-2.82,-22.42,False,1964.0,EXIT
TEJASNET,Tejas Networks Limited,Technology,Communication Equipment,519.5999755859375,False,804.0000000000001,True,True,-13.82,-14.7,False,8923.0,HOLD
BANCOINDIA,Banco Products (India) Limited,Consumer Cyclical,Auto Parts,657.75,False,481.67999999999995,True,True,6.51,9.38,True,1105.0,HOLD
PNGJL,PNGJL,Consumer Cyclical,Luxury Goods,658.0499877929688,False,445.82,True,True,5.89,8.76,True,7586.0,HOLD
PCJEWELLER,PC Jeweller Limited,Consumer Cyclical,Luxury Goods,9.640000343322754,False,714.46,False,False,-43.75,-40.76,False,9610.0,EXIT
VESUVIUS,Vesuvius India Limited,Industrials,Specialty Industrial Machinery,451.3999938964844,False,260.62,False,False,-13.7,-17.02,False,,EXIT
BATAINDIA,Bata India Limited,Consumer Cyclical,Footwear & Accessories,709.6500244140625,False,166.23,False,False,-48.16,-45.15,False,3489.0,EXIT
SONATSOFTW,Sonata Software Limited,Technology,Information Technology Services,345.8500061035156,False,464.39,True,True,-9.23,-10.14,False,991.0,HOLD
TARIL,TARIL,Industrials,Electrical Equipment & Parts,295.5,False,258.56,True,False,-44.35,-47.61,False,2017.0,EXIT
NCC,NCC Limited,Industrials,Engineering & Construction,144.4199981689453,False,774.4300000000001,False,False,-34.23,-37.51,False,22199.0,EXIT
CYIENT,Cyient Limited,Industrials,Conglomerates,858.5499877929688,False,404.5,False,False,-29.05,-32.34,False,7360.0,EXIT
SGMART,SG Mart Limited,Industrials,Industrial Distribution,699.25,True,130.1,True,True,,,False,5856.0,HOLD
TTKPRESTIG,TTK Prestige Limited,Consumer Cyclical,"Furnishings, Fixtures & Appliances",644.2999877929688,False,155.68,False,True,-5.91,-3.0,False,2626.0,EXIT
QPOWER,QPOWER,Industrials,Electrical Equipment & Parts,1158.0,False,121.33,False,True,50.94,47.47,True,337.0,HOLD
IXIGO,IXIGO,Consumer Cyclical,Travel Services,199.60000610351562,False,92.02,False,False,-21.37,-18.43,False,914.0,EXIT
EUREKAFORB,Eureka Forbes Limited,Consumer Cyclical,"Furnishings, Fixtures & Appliances",453.6499938964844,False,162.63,True,False,-28.67,-25.71,False,2437.0,EXIT
SUVEN,Suven Life Sciences Limited,Healthcare,Drug Manufacturers - Specialty & Generic,307.20001220703125,False,276.35,True,True,4.57,10.16,True,625.0,HOLD
ESABINDIA,ESAB India Limited,Industrials,Tools & Accessories,5614.5,False,206.69,True,False,5.04,1.67,True,339.0,HOLD
LEMONTREE,Lemon Tree Hotels Limited,Consumer Cyclical,Lodging,114.02999877929688,False,227.08999999999997,True,False,-30.31,-27.35,False,1286.0,EXIT
GENUSPOWER,Genus Power Infrastructures Limited,Industrials,Electrical Equipment & Parts,316.0,False,572.63,True,True,-14.81,-18.13,False,2442.0,HOLD
RELIGARE,Religare Enterprises Limited,Financial Services,Insurance - Life,261.1000061035156,False,176.62,False,True,-4.18,-4.42,False,7385.0,EXIT
EQUITASBNK,Equitas Small Finance Bank Limited,Financial Services,Banks - Regional,76.26000213623047,False,710.08,False,True,29.09,28.69,True,,HOLD
SFL,Sheela Foam Limited,Consumer Cyclical,"Furnishings, Fixtures & Appliances",790.75,False,163.92000000000002,False,True,9.68,12.54,True,3439.0,HOLD
GRINFRA,G R Infraprojects Limited,Industrials,Engineering & Construction,907.0,False,902.8399999999999,False,False,-27.04,-30.33,False,9482.0,EXIT
TIPSMUSIC,Tips Music Limited,Communication Services,Entertainment,688.5499877929688,False,207.26000000000002,False,True,33.37,13.28,True,,HOLD
EMBDL,Embassy Developments Limited,Real Estate,Real Estate - Diversified,60.790000915527344,False,852.3,True,False,-28.5,-45.92,False,2111.0,EXIT
PRICOLLTD,Pricol Limited,Consumer Cyclical,Auto Parts,732.8499755859375,True,253.82999999999998,True,True,63.01,65.75,True,2692.0,ADD
BSOFT,Birlasoft Limited,Technology,Information Technology Services,321.5,False,563.25,False,False,-23.96,-24.78,False,5375.0,EXIT
MAHLIFE,Mahindra Lifespace Developers Limited,Real Estate,Real Estate - Development,398.25,False,335.76,True,True,21.22,3.17,True,1086.0,HOLD
JAYNECOIND,Jayaswal Neco Industries Limited,Basic Materials,Steel,88.18000030517578,False,551.9,False,True,79.21,75.16,True,6297.0,HOLD
AVL,Aditya Vision Limited,Consumer Cyclical,Specialty Retail,623.6500244140625,False,116.91999999999999,False,True,51.49,54.26,True,2260.0,HOLD
SMLMAH,SMLMAH,Consumer Cyclical,Auto Manufacturers,5464.0,True,201.07,False,True,49.65,52.42,True,,HOLD
STARCEMENT,Star Cement Limited,Basic Materials,Building Materials,203.9600067138672,False,444.64,False,False,-17.57,-21.34,False,3163.0,EXIT
POWERMECH,Power Mech Projects Limited,Industrials,Engineering & Construction,2593.0,False,363.89,True,True,-18.9,-22.21,False,5234.0,HOLD
SUDARSCHEM,Sudarshan Chemical Industries Limited,Basic Materials,Specialty Chemicals,1068.300048828125,False,252.89999999999998,False,True,-25.73,-29.48,False,3346.0,EXIT
KRBL,KRBL Limited,Consumer Defensive,Packaged Foods,373.70001220703125,False,648.0400000000001,True,True,4.18,-3.97,False,5594.0,HOLD
WELENT,Welspun Enterprises Limited,Industrials,Engineering & Construction,606.75,False,349.88,False,True,23.84,20.43,True,3584.0,HOLD
RHIM,RHI Magnesita India Limited,Industrials,Metal Fabrication,412.25,False,653.2900000000001,True,False,-21.46,-24.77,False,2892.0,EXIT
V2RETAIL,V2 Retail Limited,Consumer Cyclical,Apparel Retail,218.63999938964844,False,161.47,True,True,16.04,18.89,True,1884.0,HOLD
ICIL,Indo Count Industries Limited,Consumer Cyclical,Textile Manufacturing,409.70001220703125,False,125.44999999999999,False,True,49.43,52.2,True,3772.0,HOLD
INDIASHLTR,India Shelter Finance Corporation Limited,Financial Services,Mortgage Finance,726.5,False,383.58,False,False,-24.44,-24.59,False,,EXIT
CERA,Cera Sanitaryware Limited,Industrials,Building Products & Equipment,6280.5,False,204.22,False,True,-4.02,-7.37,False,1926.0,EXIT
GAEL,Gujarat Ambuja Exports Limited,Consumer Defensive,Packaged Foods,180.67999267578125,False,304.28000000000003,False,True,67.41,58.84,True,4927.0,HOLD
YATHARTH,Yatharth Hospital & Trauma Care Services Limited,Healthcare,Medical Care Facilities,833.9500122070312,True,176.15,True,True,20.54,26.03,True,860.0,ADD
BORORENEW,Borosil Renewables Limited,Technology,Solar,553.9500122070312,False,382.49,True,True,-14.21,-15.09,False,1476.0,HOLD
WESTLIFE,Westlife Foodworld Limited,Consumer Cyclical,Restaurants,531.2000122070312,False,5.22,False,True,-34.12,-31.15,False,2491.0,EXIT
KIRLFER,Kirloskar Ferrous Industries Limited,Industrials,Metal Fabrication,475.04998779296875,False,271.53999999999996,False,False,,,False,,EXIT
NEWGEN,Newgen Software Technologies Limited,Technology,Software - Infrastructure,562.75,False,281.65999999999997,False,False,-35.45,-36.2,False,1487.0,EXIT
IMFA,Indian Metals and Ferro Alloys Limited,Basic Materials,Other Industrial Metals & Mining,1492.0,False,374.12,False,True,105.19,101.07,True,2780.0,HOLD
TTML,Tata Teleservices (Maharashtra) Limited,Communication Services,Telecom Services,40.209999084472656,False,1128.49,True,False,-17.13,-36.55,False,2972.0,EXIT
CLEAN,Clean Science and Technology Limited,Basic Materials,Specialty Chemicals,764.1500244140625,False,248.3,False,False,-37.97,-41.68,False,936.0,EXIT
TANLA,Tanla Platforms Limited,Technology,Software - Application,614.1500244140625,False,526.27,True,True,-4.49,-5.43,False,4028.0,HOLD
GMRP&UI,GMR Power And Urban Infra Limited,Energy,Thermal Coal,97.18000030517578,False,1176.4399999999998,False,False,-20.75,-12.49,False,6344.0,EXIT
INDIAGLYCO,India Glycols Limited,Basic Materials,Chemicals,1145.199951171875,True,292.76,False,True,36.37,32.45,True,3768.0,HOLD
KRN,KRN,Technology,Electronic Components,1212.0999755859375,False,73.31,True,True,43.25,42.02,True,430.0,HOLD
SJS,S.J.S. Enterprises Limited,Consumer Cyclical,Auto Parts,2483.39990234375,True,161.07,False,True,107.14,109.77,True,398.0,HOLD
SANOFI,Sanofi India Limited,Healthcare,Drug Manufacturers - General,3381.800048828125,False,353.3,False,False,-50.0,-44.05,False,2013.0,EXIT
SAFARI,Safari Industries (India) Limited,Consumer Cyclical,Footwear & Accessories,1548.0999755859375,False,167.79,False,False,-34.26,-31.29,False,1772.0,EXIT
ORKLAINDIA,ORKLAINDIA,Consumer Defensive,Packaged Foods,573.5999755859375,False,231.16,False,False,,,False,2395.0,EXIT
CELLO,Cello World Limited,Consumer Cyclical,"Furnishings, Fixtures & Appliances",345.54998779296875,False,312.44,False,False,-49.6,-46.6,False,2136.0,EXIT
MAHSEAMLES,Maharashtra Seamless Limited,Basic Materials,Steel,573.7000122070312,False,818.05,False,False,-15.75,-19.53,False,5716.0,EXIT
NESCO,Nesco Limited,Industrials,Conglomerates,1073.4000244140625,False,416.55999999999995,True,False,-21.79,-25.1,False,732.0,EXIT
RAIN,Rain Industries Limited,Basic Materials,Specialty Chemicals,229.52999877929688,False,333.34999999999997,False,True,49.21,45.25,True,21011.0,HOLD
GNFC,Gujarat Narmada Valley Fertilizers & Chemicals Limited,Basic Materials,Chemicals,516.0999755859375,False,808.0,False,True,-4.72,-8.52,False,10227.0,EXIT
ELANTAS,ELANTAS Beck India Limited,Basic Materials,Specialty Chemicals,9797.0,False,109.73999999999998,False,False,,,False,,EXIT
MIDHANI,Mishra Dhatu Nigam Limited,Basic Materials,Steel,403.6499938964844,False,131.47,False,True,3.78,-0.05,False,1074.0,EXIT
SHARDACROP,Sharda Cropchem Limited,Basic Materials,Agricultural Inputs,826.1500244140625,False,694.5799999999999,True,False,-26.6,-30.34,False,4320.0,EXIT
HMT,HMT Limited,Industrials,Farm & Heavy Construction Machinery,61.400001525878906,False,131.54,False,True,5.34,1.97,True,275.0,HOLD
KPIGREEN,KPI Green Energy Limited,Utilities,Utilities - Renewable,380.8500061035156,False,491.67999999999995,True,False,-22.23,-32.27,False,1735.0,EXIT
ABFRL,Aditya Birla Fashion and Retail Limited,Consumer Cyclical,Apparel Manufacturing,62.40999984741211,False,551.23,True,False,-23.34,-20.39,False,12418.0,EXIT
REDTAPE,REDTAPE Limited,Consumer Cyclical,Footwear & Accessories,130.7899932861328,False,240.54999999999998,True,True,-4.36,-1.46,False,2021.0,HOLD
SKFINDIA,SKF India Limited,Industrials,Tools & Accessories,1506.5,False,305.46,False,False,-70.64,-73.83,False,4920.0,EXIT
JYOTHYLAB,Jyothy Labs Limited,Consumer Defensive,Household & Personal Products,206.05999755859375,False,333.19,False,False,-35.1,-42.98,False,2847.0,EXIT
JSLL,JSLL,Healthcare,Medical Care Facilities,582.5,False,221.81,False,False,-4.98,0.68,False,469.0,EXIT
GPPL,Gujarat Pipavav Port Limited,Industrials,Marine Shipping,151.3699951171875,False,466.78999999999996,True,False,-6.88,-10.22,False,988.0,EXIT
KWIL,KWIL,Consumer Defensive,Packaged Foods,33.15999984741211,False,285.5,False,False,,,False,,EXIT
PICCADIL,Piccadily Agro Industries Limited,Consumer Defensive,Beverages - Wineries & Distilleries,752.0,True,138.07,True,True,22.62,14.35,True,797.0,ADD
OMNI,OMNI,Industrials,Specialty Industrial Machinery,602.2999877929688,True,49.769999999999996,False,False,,,False,343.0,EXIT
GARFIBRES,Garware Technical Fibres Limited,Consumer Cyclical,Textile Manufacturing,761.5999755859375,False,198.56,False,True,-22.84,-19.89,False,1540.0,EXIT
TCI,Transport Corporation of India Limited,Industrials,Integrated Freight & Logistics,914.5999755859375,False,450.5,True,False,-23.11,-26.41,False,4492.0,EXIT
EPL,EPL Limited,Consumer Cyclical,Packaging & Containers,226.6999969482422,False,388.90000000000003,True,True,-7.38,-4.47,False,4213.0,HOLD
KINGFA,Kingfa Science & Technology (India) Limited,Basic Materials,Specialty Chemicals,5185.5,False,185.24999999999997,True,True,60.68,56.69,True,1745.0,HOLD
JKPAPER,JK Paper Limited,Basic Materials,Paper & Paper Products,385.75,False,328.62,False,True,9.22,5.38,True,6718.0,HOLD
RCF,Rashtriya Chemicals and Fertilizers Limited,Basic Materials,Agricultural Inputs,127.62000274658203,False,427.45,False,False,-14.98,-18.76,False,21452.0,EXIT
DYNAMATECH,Dynamatic Technologies Limited,Consumer Cyclical,Auto Parts,10763.0,False,32.41,False,True,60.03,62.77,True,1626.0,HOLD
MBAPL,Madhya Bharat Agro Products Limited,Basic Materials,Agricultural Inputs,160.00999450683594,True,119.72999999999999,False,True,82.72,78.66,True,,HOLD
JKLAKSHMI,JK Lakshmi Cement Limited,Basic Materials,Building Materials,568.6500244140625,False,331.15,False,False,-42.9,-46.59,False,6788.0,EXIT
SUPRIYA,Supriya Lifescience Limited,Healthcare,Biotechnology,879.6500244140625,False,209.13,False,True,23.48,28.95,True,696.0,HOLD
DBL,Dilip Buildcon Limited,Industrials,Engineering & Construction,444.3500061035156,False,1302.36,True,False,-4.77,-8.12,False,10537.0,EXIT
HNDFDS,Hindustan Foods Limited,Industrials,Conglomerates,589.0499877929688,False,144.62999999999997,True,True,5.46,2.09,True,3564.0,HOLD
SUPRAJIT,Suprajit Engineering Limited,Consumer Cyclical,Auto Parts,512.7000122070312,False,182.67000000000002,True,True,4.91,7.79,True,3277.0,HOLD
BALAMINES,Balaji Amines Limited,Basic Materials,Specialty Chemicals,2025.199951171875,False,204.14000000000001,False,True,18.62,14.75,True,2346.0,HOLD
GALAXYSURF,Galaxy Surfactants Limited,Basic Materials,Specialty Chemicals,1988.800048828125,False,267.38,False,True,-26.39,-30.13,False,4462.0,EXIT
ETHOSLTD,Ethos Limited,Consumer Cyclical,Luxury Goods,2962.699951171875,False,94.77,True,True,3.38,6.26,True,1252.0,HOLD
BIRLACORPN,Birla Corporation Limited,Basic Materials,Building Materials,906.0999755859375,False,553.75,False,False,-32.54,-36.27,False,9656.0,EXIT
NEPHROPLUS,NEPHROPLUS,Healthcare,Medical Care Facilities,688.75,False,107.59,False,False,,,False,756.0,EXIT
BAJAJCON,Bajaj Consumer Care Limited,Consumer Defensive,Household & Personal Products,523.7999877929688,False,223.01,True,True,137.18,128.15,True,984.0,HOLD
INOXGREEN,Inox Green Energy Services Limited,Utilities,Utilities - Renewable,174.32000732421875,False,102.41,True,False,13.97,2.95,True,368.0,HOLD
PRECWIRE,Precision Wires India Limited,Industrials,Electrical Equipment & Parts,379.1000061035156,False,155.27,True,True,115.03,111.41,True,881.0,HOLD
CAMPUS,Campus Activewear Limited,Consumer Cyclical,Footwear & Accessories,223.1999969482422,False,150.08999999999997,False,False,-24.44,-21.49,False,1194.0,EXIT
TRANSRAILL,TRANSRAILL,Industrials,Engineering & Construction,500.25,False,403.04,False,False,-30.82,-34.11,False,5308.0,EXIT
ASHAPURMIN,Ashapura Minechem Limited,Basic Materials,Other Industrial Metals & Mining,717.8499755859375,False,401.41,False,True,34.68,30.76,True,2739.0,HOLD
POWERICA,POWERICA,Industrials,Specialty Industrial Machinery,519.4000244140625,False,0.0,False,False,,,False,2653.0,EXIT
SPARC,Sun Pharma Advanced Research Company Limited,Healthcare,Drug Manufacturers - Specialty & Generic,207.92999267578125,False,1969.4799999999998,True,True,28.35,33.79,True,239.0,HOLD
FDC,FDC Limited,Healthcare,Drug Manufacturers - Specialty & Generic,404.6499938964844,False,281.42,False,True,-25.65,-19.86,False,2108.0,EXIT
GOKULAGRO,Gokul Agro Resources Limited,Consumer Defensive,Packaged Foods,231.5800018310547,True,421.34,True,True,55.64,47.15,True,19551.0,ADD
AJAXENGG,AJAXENGG,Industrials,Farm & Heavy Construction Machinery,594.0,False,225.14999999999998,False,True,-13.52,-16.85,False,,EXIT
AXISCADES,AXISCADES Technologies Limited,Industrials,Engineering & Construction,1572.9000244140625,False,71.92,False,True,21.24,17.84,True,1031.0,HOLD
SENCO,Senco Gold Limited,Consumer Cyclical,Luxury Goods,388.1000061035156,False,574.31,True,True,15.65,18.5,True,6328.0,HOLD
SUNFLAG,Sunflag Iron and Steel Company Limited,Basic Materials,Steel,366.8500061035156,False,202.35000000000002,False,True,31.27,27.36,True,3536.0,HOLD
LATENTVIEW,Latent View Analytics Limited,Industrials,Consulting Services,297.8500061035156,False,153.45,False,False,-27.53,-30.82,False,848.0,EXIT
ACI,Archean Chemical Industries Limited,Basic Materials,Chemicals,535.5999755859375,False,96.83000000000001,False,False,-19.59,-23.36,False,1441.0,EXIT
PAISALO,Paisalo Digital Limited,Financial Services,Credit Services,72.29000091552734,False,237.2,True,True,132.98,132.11,True,,HOLD
MAPMYINDIA,C. E. Info Systems Limited,Technology,Software - Infrastructure,1196.0,False,134.16000000000003,False,False,-36.2,-36.94,False,463.0,EXIT
KOVAI,Kovai Medical Center and Hospital Limited,Healthcare,Medical Care Facilities,5832.5,False,240.79999999999998,False,False,,,False,,EXIT
VIKRAMSOLR,VIKRAMSOLR,Technology,Solar,177.8000030517578,False,318.2,False,False,,,False,3423.0,EXIT
MAXESTATES,MAXESTATES,Real Estate,Real Estate - Development,400.3500061035156,False,29.549999999999997,False,False,-1.82,-19.58,False,160.0,EXIT
GREENLAM,Greenlam Industries Limited,Consumer Cyclical,"Furnishings, Fixtures & Appliances",251.6999969482422,False,87.32000000000001,False,True,1.73,4.62,True,2569.0,HOLD
SHAKTIPUMP,Shakti Pumps (India) Limited,Industrials,Specialty Industrial Machinery,518.7999877929688,False,212.32999999999998,False,False,-43.64,-46.9,False,2516.0,EXIT
BECTORFOOD,Mrs. Bectors Food Specialities Limited,Consumer Defensive,Packaged Foods,211.27000427246094,False,140.88,True,False,-24.74,-32.69,False,1742.0,EXIT
GSFC,Gujarat State Fertilizers & Chemicals Limited,Basic Materials,Agricultural Inputs,160.80999755859375,False,672.78,False,False,-20.79,-24.55,False,11369.0,EXIT
PNCINFRA,PNC Infratech Limited,Industrials,Engineering & Construction,247.5800018310547,False,831.6600000000001,False,True,-23.38,-26.68,False,8650.0,EXIT
UNIMECH,UNIMECH,Industrials,Aerospace & Defense,1259.800048828125,False,63.28,False,True,10.27,6.89,True,243.0,HOLD
DODLA,Dodla Dairy Limited,Consumer Defensive,Food Distribution,1046.300048828125,False,241.98000000000002,False,False,-15.69,-23.7,False,3720.0,EXIT
KENNAMET,Kennametal India Limited,Industrials,Tools & Accessories,2907.5,False,138.5,False,False,,,False,,EXIT
VMART,V-Mart Retail Limited,Consumer Cyclical,Department Stores,777.9500122070312,False,155.35,False,True,-8.2,-5.29,False,,EXIT
GANESHHOU,Ganesh Housing Limited,Real Estate,Real Estate - Development,778.1500244140625,False,250.12,False,True,0.8,-16.99,False,959.0,EXIT
KALPATARU,KALPATARU,Real Estate,Real Estate - Development,300.70001220703125,False,282.26,True,False,-7.61,-25.29,False,3633.0,EXIT
IBULLSLTD,IBULLSLTD,Real Estate,Real Estate - Development,27.09000015258789,False,419.07,False,True,93.89,74.9,True,310.0,HOLD
KUSUMGAR,KUSUMGAR,Consumer Cyclical,Textile Manufacturing,615.7999877929688,True,0.0,False,False,,,False,,EXIT
DBREALTY,Valor Estate Limited,Real Estate,Real Estate - Development,113.02999877929688,False,143.98,False,False,-24.86,-42.33,False,1133.0,EXIT
FIEMIND,Fiem Industries Limited,Consumer Cyclical,Auto Parts,2338.39990234375,False,255.59,True,True,14.36,17.21,True,2423.0,HOLD
JUSTDIAL,Just Dial Limited,Communication Services,Internet Content & Information,710.6500244140625,False,543.8000000000001,True,True,0.54,-19.11,False,1043.0,HOLD
JSFB,Jana Small Finance Bank Limited,Financial Services,Banks - Regional,584.8499755859375,False,406.65999999999997,False,True,22.5,22.13,True,,HOLD
ISGEC,Isgec Heavy Engineering Limited,Industrials,Specialty Industrial Machinery,838.9500122070312,False,239.20999999999998,False,False,-24.75,-28.05,False,6422.0,EXIT
KMEW,Knowledge Marine & Engineering Works Limited,Industrials,Marine Shipping,2493.5,False,82.08,True,True,203.0,199.18,True,195.0,HOLD
AARTIPHARM,Aarti Pharmalabs Limited,Healthcare,Drug Manufacturers - Specialty & Generic,675.7999877929688,False,186.5,False,False,-32.6,-26.76,False,2115.0,EXIT
EBGNG,EBGNG,Technology,Computer Hardware,535.2000122070312,False,142.43,False,True,67.67,66.28,True,1411.0,HOLD
ARVINDFASN,Arvind Fashions Limited,Consumer Cyclical,Apparel Retail,449.1499938964844,False,94.68,True,False,-27.75,-24.8,False,4644.0,EXIT
SENORES,SENORES,Healthcare,Drug Manufacturers - General,1355.300048828125,False,126.37,True,True,93.72,98.72,True,398.0,HOLD
ITDC,India Tourism Development Corporation Limited,Consumer Cyclical,Lodging,715.2000122070312,False,82.69999999999999,True,True,17.03,19.88,True,570.0,HOLD
DCBBANK,DCB Bank Limited,Financial Services,Banks - Regional,191.08999633789062,False,760.85,True,True,36.82,36.39,True,,HOLD
GOKEX,Gokaldas Exports Limited,Consumer Cyclical,Apparel Manufacturing,816.7999877929688,False,100.12,False,True,-7.47,-4.56,False,3864.0,EXIT
CEIGALL,CEIGALL,Industrials,Engineering & Construction,344.75,False,311.88,False,True,29.51,26.08,True,3437.0,HOLD
SIS,SIS Limited,Industrials,Security & Protection Services,425.1000061035156,False,414.55,True,True,10.22,6.84,True,4931.0,HOLD
TVSSCS,TVS Supply Chain Solutions Limited,Industrials,Integrated Freight & Logistics,136.89999389648438,False,114.28,True,True,8.71,5.33,True,9996.0,HOLD
SKIPPER,Skipper Limited,Industrials,Engineering & Construction,549.1500244140625,False,213.14,True,True,4.76,1.39,True,4624.0,HOLD
SAPPHIRE,Sapphire Foods India Limited,Consumer Cyclical,Restaurants,187.47999572753906,False,33.23,False,False,-49.34,-46.33,False,2451.0,EXIT
CORDELIA,CORDELIA,Industrials,Marine Shipping,806.75,False,28.93,False,False,,,False,,EXIT
ALOKINDS,Alok Industries Limited,Consumer Cyclical,Textile Manufacturing,12.039999961853027,False,719.98,False,False,-43.59,-40.6,False,24153.0,EXIT
TIIL,Technocraft Industries (India) Limited,Industrials,Tools & Accessories,2628.199951171875,False,285.30999999999995,True,True,-17.72,-21.03,False,2596.0,HOLD
MASTEK,Mastek Limited,Technology,Information Technology Services,1893.199951171875,False,412.43,True,True,-26.82,-27.62,False,3455.0,HOLD
MASFIN,MAS Financial Services Limited,Financial Services,Credit Services,317.6499938964844,False,389.33,True,True,-0.57,-0.83,False,,HOLD
FEDFINA,Fedbank Financial Services Limited,Financial Services,Credit Services,150.3699951171875,False,302.82,True,True,10.06,9.75,True,,HOLD
AEROFLEX,Aeroflex Industries Limited,Industrials,Metal Fabrication,431.3999938964844,False,60.09,False,True,129.59,125.94,True,373.0,HOLD
STYLAMIND,Stylam Industries Limited,Consumer Cyclical,"Furnishings, Fixtures & Appliances",3453.0,True,169.77,True,True,85.95,88.64,True,1025.0,ADD
PRAJIND,Praj Industries Limited,Industrials,Engineering & Construction,315.04998779296875,False,69.15,False,False,-34.54,-37.81,False,3528.0,EXIT
MOIL,MOIL Limited,Basic Materials,Other Industrial Metals & Mining,282.04998779296875,False,303.59000000000003,False,False,-17.28,-21.05,False,1438.0,EXIT
OPTIEMUS,Optiemus Infracom Limited,Technology,Electronics & Computer Distribution,657.7999877929688,False,66.01,False,True,5.65,4.65,True,4106.0,HOLD
KSHINTL,KSHINTL,Industrials,Electrical Equipment & Parts,878.2000122070312,True,99.0,False,False,,,False,1928.0,EXIT
HAPPSTMNDS,Happiest Minds Technologies Limited,Technology,Information Technology Services,384.0,False,226.2,False,False,-40.57,-41.28,False,2061.0,EXIT
GOLDIAM,Goldiam International Limited,Consumer Cyclical,Luxury Goods,362.95001220703125,False,170.60000000000002,False,True,38.23,41.02,True,781.0,HOLD
KRISHANA,Krishana Phoschem Limited,Basic Materials,Agricultural Inputs,180.3800048828125,True,146.98000000000002,False,True,66.87,62.86,True,,HOLD
HCC,Hindustan Construction Company Limited,Industrials,Engineering & Construction,21.809999465942383,False,117.73999999999998,False,True,-17.29,-20.61,False,10668.0,EXIT
STYL,STYL,Technology,Software - Infrastructure,368.04998779296875,False,263.76,False,True,,,False,1558.0,EXIT
NIRLON,Nirlon Limited,Real Estate,Real Estate Services,620.1500244140625,True,345.98,False,False,,,False,,EXIT
CSBBANK,CSB Bank Limited,Financial Services,Banks - Regional,332.79998779296875,False,664.62,False,False,-25.42,-25.57,False,,EXIT
RPEL,Raghav Productivity Enhancers Limited,Basic Materials,Chemicals,1245.5999755859375,False,60.53,True,True,98.06,93.97,True,200.0,HOLD
INNOVACAP,Innova Captab Limited,Healthcare,Drug Manufacturers - Specialty & Generic,956.4000244140625,False,140.92,False,True,-2.88,2.76,False,1244.0,EXIT
SETL,Standard Engineering Technology Limited,Industrials,Specialty Industrial Machinery,278.54998779296875,False,80.05000000000001,False,True,48.92,45.46,True,614.0,HOLD
GREAVESCOT,Greaves Cotton Limited,Industrials,Specialty Industrial Machinery,232.6699981689453,False,105.17999999999999,False,True,5.03,1.66,True,2918.0,HOLD
NEOGEN,Neogen Chemicals Limited,Basic Materials,Specialty Chemicals,2056.10009765625,False,35.559999999999995,False,True,32.46,28.55,True,778.0,HOLD
CCAVENUE,AvenuesAI Limited,Technology,Software - Infrastructure,17.43000030517578,False,279.03,True,True,9.37,8.35,True,3993.0,HOLD
SAATVIKGL,Saatvik Green Energy Limited,Technology,Solar,437.79998779296875,False,337.28,False,True,,,False,2158.0,EXIT
AHLUCONT,Ahluwalia Contracts (India) Limited,Industrials,Engineering & Construction,833.5999755859375,False,265.85999999999996,False,False,-19.67,-22.98,False,4099.0,EXIT
RPTECH,Rashi Peripherals Limited,Technology,Electronics & Computer Distribution,883.6500244140625,True,277.58,True,True,202.63,200.41,True,13258.0,ADD
ENTERO,Entero Healthcare Solutions Limited,Healthcare,Medical Distribution,1233.199951171875,False,115.04,True,True,-16.1,-10.37,False,409.0,HOLD
SMARTWORKS,SMARTWORKS,Real Estate,Real Estate Services,481.6499938964844,False,22.39,True,True,26.47,8.35,True,1374.0,HOLD
PRSMJOHNSN,Prism Johnson Limited,Basic Materials,Building Materials,108.87999725341797,False,88.85000000000001,False,False,-28.96,-32.7,False,7427.0,EXIT
KISSHT,KISSHT,Financial Services,Credit Services,313.6000061035156,False,154.82,False,False,,,False,,EXIT
SUBROS,Subros Limited,Consumer Cyclical,Auto Parts,817.2999877929688,False,165.64999999999998,True,True,-10.65,-7.73,False,3368.0,HOLD
IFBIND,IFB Industries Limited,Consumer Cyclical,"Furnishings, Fixtures & Appliances",1354.0,False,111.64,False,True,-6.33,-3.43,False,5092.0,EXIT
CYIENTDLM,Cyient DLM Limited,Industrials,Aerospace & Defense,671.7000122070312,False,57.410000000000004,False,True,49.19,45.73,True,1520.0,HOLD
INDIGOPNTS,Indigo Paints Limited,Basic Materials,Specialty Chemicals,1087.4000244140625,False,177.63,True,True,-10.92,-14.71,False,1277.0,HOLD
GULFOILLUB,Gulf Oil Lubricants India Limited,Basic Materials,Specialty Chemicals,1115.0999755859375,False,347.63,False,True,-6.01,-9.81,False,3554.0,EXIT
JAIBALAJI,Jai Balaji Industries Limited,Basic Materials,Steel,60.59000015258789,False,129.95,False,False,-46.56,-50.25,False,6414.0,EXIT
JAMNAAUTO,Jamna Auto Industries Limited,Consumer Cyclical,Auto Parts,140.86000061035156,True,230.98000000000002,False,True,47.58,50.36,True,2361.0,HOLD
SHILCTECH,Shilchar Technologies Limited,Industrials,Electrical Equipment & Parts,4682.5,False,112.22,False,False,,,False,623.0,EXIT
CENTUM,Centum Electronics Limited,Technology,Electronic Components,3676.5,True,72.10000000000001,True,True,71.24,69.83,True,750.0,ADD
SURYAROSNI,Surya Roshni Limited,Basic Materials,Steel,237.32000732421875,False,285.81,False,False,-26.78,-30.53,False,7997.0,EXIT
CRAMC,CRAMC,Financial Services,Asset Management,261.20001220703125,False,230.68999999999997,False,False,,,False,,EXIT
PTC,PTC India Limited,Utilities,Utilities - Independent Power Producers,180.11000061035156,False,605.63,False,True,5.56,-5.22,False,18346.0,EXIT
VADILALIND,Vadilal Industries Limited,Consumer Defensive,Packaged Foods,7356.5,True,155.42000000000002,True,True,45.27,36.85,True,1238.0,ADD
IONEXCHANG,Ion Exchange (India) Limited,Industrials,Pollution & Treatment Controls,429.95001220703125,False,156.49,False,True,-7.52,-10.86,False,2737.0,EXIT
PDSL,PDS Limited,Industrials,Specialty Business Services,357.25,False,127.16999999999999,False,True,0.13,-3.23,False,12578.0,EXIT
CARERATING,CARE Ratings Limited,Financial Services,Financial Data & Stock Exchanges,1715.5999755859375,False,171.17999999999998,True,True,-1.79,-2.05,False,402.0,HOLD
DEEDEV,DEEDEV,Industrials,Metal Fabrication,692.3499755859375,False,195.54,True,True,149.16,145.46,True,827.0,HOLD
LGBBROSLTD,L.G. Balakrishnan & Bros Limited,Consumer Cyclical,Auto Parts,1532.4000244140625,False,309.17,False,False,14.48,17.34,True,2578.0,EXIT
BALUFORGE,Balu Forge Industries Limited,Industrials,Metal Fabrication,444.8500061035156,False,258.9,True,False,-30.32,-33.61,False,924.0,EXIT
RUSTOMJEE,Keystone Realtors Limited,Real Estate,Real Estate - Development,396.79998779296875,False,78.86000000000001,False,False,-23.78,-41.26,False,2222.0,EXIT
GOODLUCK,Goodluck India Limited,Basic Materials,Steel,1507.199951171875,False,180.43,True,True,39.05,35.12,True,3936.0,HOLD
EMIL,Electronics Mart India Limited,Consumer Cyclical,Specialty Retail,131.35000610351562,False,107.13000000000001,False,True,-3.4,-0.5,False,6965.0,EXIT
ORCHPHARMA,Orchid Pharma Limited,Healthcare,Drug Manufacturers - Specialty & Generic,990.6500244140625,False,57.019999999999996,False,True,16.94,22.45,True,1948.0,HOLD
SHARDAMOTR,Sharda Motor Industries Limited,Consumer Cyclical,Auto Parts,912.2999877929688,False,339.93,True,True,-21.03,-18.09,False,2837.0,HOLD
PURVA,Puravankara Limited,Real Estate,Real Estate - Development,207.6699981689453,False,283.39,True,False,-14.88,-32.47,False,2185.0,EXIT
QUESS,Quess Corp Limited,Industrials,Staffing & Employment Services,345.04998779296875,False,251.93,False,True,17.15,13.76,True,19100.0,HOLD
LXCHEM,Laxmi Organic Industries Limited,Basic Materials,Specialty Chemicals,180.4600067138672,False,136.06,False,True,-8.97,-12.76,False,3084.0,EXIT
BLISSGVS,Bliss GVS Pharma Limited,Healthcare,Drug Manufacturers - Specialty & Generic,466.45001220703125,False,129.14,True,True,158.94,163.51,True,899.0,HOLD
LUMAXIND,Lumax Industries Limited,Consumer Cyclical,Auto Parts,5772.5,False,172.48000000000002,True,True,46.88,49.66,True,3400.0,HOLD
THOMASCOOK,Thomas Cook (India) Limited,Consumer Cyclical,Travel Services,107.1500015258789,False,218.85000000000002,False,False,-41.18,-38.19,False,11248.0,EXIT
GUJALKALI,Gujarat Alkalies and Chemicals Limited,Basic Materials,Chemicals,697.25,False,106.25,False,True,20.53,16.65,True,4516.0,HOLD
BANSALWIRE,BANSALWIRE,Basic Materials,Steel,318.5,False,143.08,False,True,-19.75,-23.51,False,3507.0,EXIT
DATAMATICS,Datamatics Global Services Limited,Technology,Information Technology Services,824.9500122070312,False,175.82999999999998,False,True,-22.02,-22.85,False,1723.0,EXIT
SSWL,Steel Strips Wheels Limited,Consumer Cyclical,Auto Parts,317.8500061035156,True,212.43000000000004,False,True,38.82,41.62,True,4429.0,HOLD
TRIVENI,Triveni Engineering & Industries Limited,Consumer Defensive,Confectioners,232.3000030517578,False,257.32,False,False,-28.89,-36.82,False,5689.0,EXIT
GVPIL,GE Power India Limited,Industrials,Engineering & Construction,758.0,False,252.60999999999999,True,True,145.25,141.56,True,3343.0,HOLD
PILANIINVS,Pilani Investment and Industries Corporation Limited,Financial Services,Asset Management,4346.7998046875,False,67.87,False,False,-18.37,-18.55,False,305.0,EXIT
SWSOLAR,Sterling and Wilson Renewable Energy Limited,Technology,Solar,208.41000366210938,False,223.53,False,True,-26.83,-27.63,False,8210.0,EXIT
RBA,Restaurant Brands Asia Limited,Consumer Cyclical,Restaurants,70.76000213623047,False,184.77,True,True,-23.64,-20.69,False,2551.0,HOLD
SYMPHONY,Symphony Limited,Consumer Cyclical,"Furnishings, Fixtures & Appliances",682.75,False,359.0,True,False,-45.44,-42.45,False,1576.0,EXIT
ICRA,ICRA Limited,Financial Services,Financial Data & Stock Exchanges,5131.5,False,189.87,True,False,-25.41,-25.56,False,498.0,EXIT
TFCILTD,Tourism Finance Corporation of India Limited,Financial Services,Credit Services,105.62000274658203,True,154.12,True,True,81.14,80.51,True,,ADD
UNIVCABLES,Universal Cables Limited,Industrials,Electrical Equipment & Parts,1431.800048828125,True,163.1,True,True,97.89,94.31,True,2407.0,ADD
EPIGRAL,Epigral Limited,Basic Materials,Chemicals,1120.699951171875,False,271.02,False,False,-44.0,-47.69,False,2550.0,EXIT
RTNPOWER,RattanIndia Power Limited,Utilities,Utilities - Independent Power Producers,8.800000190734863,False,156.06,False,False,-26.41,-36.34,False,3364.0,EXIT
RENUKA,Shree Renuka Sugars Limited,Consumer Defensive,Confectioners,22.329999923706055,False,515.1,False,False,-22.4,-30.37,False,11844.0,EXIT
YASHO,Yasho Industries Limited,Basic Materials,Specialty Chemicals,3884.800048828125,True,25.259999999999998,False,True,111.12,106.98,True,672.0,HOLD
VRLLOG,VRL Logistics Limited,Industrials,Trucking,272.1000061035156,False,261.2,False,True,-11.05,-14.38,False,,EXIT
NORTHARC,Northern Arc Capital Limited,Financial Services,Credit Services,284.6499938964844,False,428.64,False,True,20.32,19.96,True,,HOLD
HIRECT,Hind Rectifiers Limited,Industrials,Electrical Equipment & Parts,1339.4000244140625,True,44.68,True,True,39.75,36.3,True,655.0,ADD
AGI,AGI Greenpac Limited,Consumer Cyclical,Packaging & Containers,704.25,False,375.03,True,True,-33.56,-30.59,False,2712.0,HOLD
FCL,Fineotex Chemical Limited,Basic Materials,Specialty Chemicals,39.27000045776367,False,122.34999999999998,False,True,52.87,48.9,True,569.0,HOLD
RPGLIFE,RPG Life Sciences Limited,Healthcare,Drug Manufacturers - Specialty & Generic,2756.800048828125,False,109.07999999999998,False,True,6.72,12.3,True,653.0,HOLD
MPSLTD,MPS Limited,Communication Services,Publishing,2770.5,True,188.37,True,True,35.44,15.32,True,727.0,ADD
RESPONIND,Responsive Industries Limited,Basic Materials,Specialty Chemicals,173.3000030517578,False,148.42000000000002,False,False,-20.64,-24.4,False,2515.0,EXIT
DHANUKA,Dhanuka Agritech Limited,Basic Materials,Agricultural Inputs,1023.2999877929688,False,268.77,False,False,-39.09,-42.8,False,2035.0,EXIT
NETWORK18,Network18 Media & Investments Limited,Communication Services,Entertainment,29.3799991607666,False,223.24,False,False,-34.67,-53.86,False,9297.0,EXIT
TEXRAIL,Texmaco Rail & Engineering Limited,Industrials,Railroads,112.91000366210938,False,195.14000000000001,False,False,-23.29,-26.59,False,5107.0,EXIT
HAWKINCOOK,Hawkins Cookers Limited,Consumer Cyclical,"Furnishings, Fixtures & Appliances",8496.5,False,103.68,False,False,,,False,,EXIT
SGFIN,SG Finserve Limited,Financial Services,Capital Markets,702.5999755859375,True,152.94000000000003,False,True,,,False,,EXIT
VAIBHAVGBL,Vaibhav Global Limited,Consumer Cyclical,Luxury Goods,265.70001220703125,False,252.64999999999998,False,True,10.6,13.47,True,3380.0,HOLD
SUNTECK,Sunteck Realty Limited,Real Estate,Real Estate - Development,308.1000061035156,False,197.36,True,False,-7.94,-25.62,False,808.0,EXIT
PACEDIGITK,Pace Digitek Limited,Technology,Communication Equipment,201.58999633789062,False,296.31,False,True,,,False,2321.0,EXIT
NACLIND,NACL Industries Limited,Basic Materials,Agricultural Inputs,178.58999633789062,False,31.86,False,True,-43.27,-46.97,False,2116.0,EXIT
SWARAJENG,Swaraj Engines Limited,Consumer Cyclical,Auto Parts,3630.60009765625,False,202.16,False,False,-17.52,-14.59,False,,EXIT
MHRIL,Mahindra Holidays & Resorts India Limited,Consumer Cyclical,Resorts & Casinos,218.9600067138672,False,60.31999999999999,False,False,-46.44,-43.44,False,1400.0,EXIT
ELECTCAST,Electrosteel Castings Limited,Industrials,Building Products & Equipment,71.80000305175781,False,205.2,False,False,-35.53,-38.81,False,7478.0,EXIT
BANARISUG,Bannari Amman Sugars Limited,Consumer Defensive,Confectioners,3487.199951171875,False,147.92000000000002,False,False,-5.16,-13.24,False,,EXIT
STYRENIX,Styrenix Performance Materials Limited,Basic Materials,Chemicals,2487.300048828125,False,186.46000000000004,False,True,-13.74,-17.52,False,2982.0,EXIT
ANUP,The Anup Engineering Limited,Industrials,Specialty Industrial Machinery,2175.39990234375,False,110.38000000000001,False,True,-18.31,-21.63,False,733.0,EXIT
MSTCLTD,MSTC Limited,Industrials,Conglomerates,608.7999877929688,False,218.43,False,True,28.03,24.61,True,5689.0,HOLD
IDEAFORGE,ideaForge Technology Limited,Technology,Computer Hardware,887.0999755859375,False,143.11,False,True,101.56,99.96,True,317.0,HOLD
JUNIPER,Juniper Hotels Limited,Consumer Cyclical,Lodging,197.75,False,141.61,True,False,-39.07,-36.09,False,944.0,EXIT
RTNINDIA,RattanIndia Enterprises Limited,Consumer Cyclical,Internet Retail,33.11000061035156,False,1170.8600000000001,True,False,-46.2,-43.2,False,6866.0,EXIT
RAYMONDLSL,Raymond Lifestyle Limited,Consumer Cyclical,Apparel Manufacturing,727.2999877929688,False,159.69,True,False,-45.89,-42.89,False,6535.0,EXIT
MIDWESTLTD,MIDWESTLTD,Basic Materials,Building Materials,1214.9000244140625,False,115.20000000000002,False,False,,,False,370.0,EXIT
SBCL,Shivalik Bimetal Controls Limited,Industrials,Metal Fabrication,763.4500122070312,True,95.86000000000001,True,True,40.1,36.65,True,509.0,ADD
AVANTEL,Avantel Limited,Technology,Communication Equipment,162.99000549316406,False,16.13,False,True,23.69,22.57,True,249.0,HOLD
IOLCP,IOL Chemicals and Pharmaceuticals Limited,Healthcare,Drug Manufacturers - Specialty & Generic,151.6999969482422,False,137.64,False,True,41.11,46.46,True,2217.0,HOLD
SHOPERSTOP,Shoppers Stop Limited,Consumer Cyclical,Department Stores,403.3500061035156,False,62.46,False,True,-31.05,-28.09,False,4436.0,EXIT
63MOONS,63 moons technologies limited,Technology,Software - Application,897.0499877929688,False,56.26,False,True,-13.38,-14.26,False,568.0,EXIT
RAYMONDREL,Raymond Realty Limited,Real Estate,Real Estate - Development,669.75,False,230.31000000000003,False,True,12.13,-5.81,False,565.0,EXIT
VIPIND,V.I.P. Industries Limited,Consumer Cyclical,Footwear & Accessories,310.3999938964844,False,338.01,True,False,-38.77,-35.79,False,2245.0,EXIT
RALLIS,Rallis India Limited,Basic Materials,Agricultural Inputs,217.82000732421875,False,237.0,False,False,-41.95,-45.65,False,2967.0,EXIT
CMSINFO,CMS Info Systems Limited,Industrials,Specialty Business Services,275.3999938964844,False,327.6,False,False,-41.12,-44.39,False,2425.0,EXIT
LASERPOWER,LASERPOWER,Industrials,Electrical Equipment & Parts,295.1000061035156,True,0.0,False,False,,,False,,EXIT
WEBELSOLAR,Websol Energy System Limited,Technology,Solar,97.58000183105469,False,256.64,True,True,-27.29,-28.09,False,575.0,HOLD
RAMRAT,Ram Ratna Wires Limited,Industrials,Electrical Equipment & Parts,429.95001220703125,False,107.06,True,True,25.21,21.79,True,3677.0,HOLD
TATVA,Tatva Chintan Pharma Chem Limited,Basic Materials,Specialty Chemicals,1771.0,False,51.38,False,True,57.82,53.84,True,434.0,HOLD
REFEX,Refex Industries Limited,Energy,Thermal Coal,306.79998779296875,False,229.71000000000004,True,True,-40.33,-31.52,False,2468.0,HOLD
KIRLOSIND,Kirloskar Industries Limited,Industrials,Metal Fabrication,3952.60009765625,False,158.92,False,True,-8.51,-11.85,False,6629.0,EXIT
WAKEFIT,WAKEFIT,Consumer Cyclical,"Furnishings, Fixtures & Appliances",130.0500030517578,False,182.20999999999998,False,False,,,False,,EXIT
VISHNU,Vishnu Chemicals Limited,Basic Materials,Specialty Chemicals,599.7000122070312,False,142.26,False,True,9.83,5.98,True,1447.0,HOLD
SOTL,Savita Oil Technologies Limited,Basic Materials,Specialty Chemicals,630.0999755859375,True,181.83,False,True,56.17,52.19,True,3813.0,HOLD
MUTHOOTMF,MUTHOOTMF,Financial Services,Credit Services,235.66000366210938,False,540.89,False,True,45.21,44.74,True,,HOLD
AYE,AYE,Financial Services,Credit Services,172.60000610351562,False,225.01,False,False,,,False,,EXIT
MAHLOG,Mahindra Logistics Limited,Industrials,Integrated Freight & Logistics,416.29998779296875,False,59.629999999999995,False,True,25.57,22.15,True,6105.0,HOLD
KDDL,KDDL Limited,Consumer Cyclical,Luxury Goods,3463.199951171875,True,88.10999999999999,False,True,24.39,27.22,True,1648.0,HOLD
TARC,TARC Limited,Real Estate,Real Estate - Development,135.6999969482422,False,92.64,True,False,-12.96,-30.58,False,369.0,EXIT
AURIONPRO,Aurionpro Solutions Limited,Technology,Software - Application,739.5499877929688,False,200.82,True,False,-50.03,-50.69,False,1173.0,EXIT
MOSCHIP,MOSCHIP,Technology,Semiconductor Equipment & Materials,210.22999572753906,False,25.66,False,True,20.77,19.67,True,387.0,HOLD
INDOSTAR,IndoStar Capital Finance Limited,Financial Services,Credit Services,245.25,False,989.2800000000001,True,True,-17.59,-17.78,False,,HOLD
GHCL,GHCL Limited,Basic Materials,Chemicals,444.1000061035156,False,516.03,False,False,-25.43,-29.18,False,4545.0,EXIT
SANATHAN,SANATHAN,Consumer Cyclical,Textile Manufacturing,484.79998779296875,False,86.89,False,True,-11.82,-8.9,False,3329.0,EXIT
POCL,Pondy Oxides And Chemicals Limited,Basic Materials,Specialty Chemicals,550.4500122070312,False,114.61,False,True,16.42,12.56,True,2057.0,HOLD
SAMHI,SAMHI Hotels Limited,Consumer Cyclical,Lodging,181.67999267578125,False,456.43000000000006,True,True,-28.1,-25.15,False,1130.0,HOLD
KSCL,Kaveri Seed Company Limited,Basic Materials,Agricultural Inputs,780.5,False,382.32,True,False,-29.23,-32.97,False,1202.0,EXIT
MANINDS,Man Industries (India) Limited,Basic Materials,Steel,548.5999755859375,False,170.49,False,True,24.36,20.47,True,3505.0,HOLD
NRBBEARING,NRB Bearings Limited,Consumer Cyclical,Auto Parts,433.79998779296875,True,142.75,False,True,45.91,48.69,True,1078.0,HOLD
MANINFRA,Man Infraconstruction Limited,Industrials,Engineering & Construction,99.81999969482422,False,200.57999999999998,False,False,-43.7,-46.96,False,1890.0,EXIT
CAPILLARY,CAPILLARY,Technology,Software - Infrastructure,495.54998779296875,False,71.45,True,False,,,False,598.0,EXIT
BAJAJHIND,Bajaj Hindusthan Sugar Limited,Consumer Defensive,Confectioners,17.520000457763672,False,684.3100000000001,True,False,-20.76,-28.74,False,6806.0,EXIT
ASHIANA,Ashiana Housing Limited,Real Estate,Real Estate - Development,385.54998779296875,False,117.88999999999999,True,True,32.57,14.37,True,944.0,HOLD
GUFICBIO,Gufic Biosciences Limited,Healthcare,Drug Manufacturers - Specialty & Generic,390.5,False,64.21000000000001,False,True,-9.14,-3.46,False,820.0,EXIT
GUJTHEM,Gujarat Themis Biosyn Limited,Healthcare,Drug Manufacturers - Specialty & Generic,356.6000061035156,False,46.67,False,False,-15.19,-9.47,False,170.0,EXIT
SHAREINDIA,Share India Securities Limited,Financial Services,Capital Markets,180.74000549316406,False,354.71000000000004,False,True,1.06,0.79,True,1483.0,HOLD
JTEKTINDIA,JTEKT India Limited,Consumer Cyclical,Auto Parts,141.74000549316406,False,76.9,False,True,4.38,7.26,True,2044.0,HOLD
AGIIL,AGI Infra Limited,Real Estate,Real Estate - Development,309.1499938964844,False,94.86,True,False,57.21,38.69,True,325.0,HOLD
FOSECOIND,Foseco India Limited,Basic Materials,Chemicals,5204.5,False,87.01,True,True,-3.98,-7.79,False,643.0,HOLD
GMMPFAUDLR,GMM Pfaudler Limited,Industrials,Specialty Industrial Machinery,858.4500122070312,False,63.269999999999996,False,False,-40.5,-43.76,False,3446.0,EXIT
ZOTA,Zota Health Care Limited,Healthcare,Biotechnology,1265.699951171875,False,70.88,True,False,-6.22,-0.56,False,292.0,EXIT
PSPPROJECT,PSP Projects Limited,Industrials,Engineering & Construction,949.5499877929688,False,57.68,False,True,23.75,20.34,True,2512.0,HOLD
EIEL,EIEL,Industrials,Engineering & Construction,222.63999938964844,False,207.46999999999997,False,True,-11.07,-14.4,False,1046.0,EXIT
RAYMOND,Raymond Limited,Industrials,Specialty Industrial Machinery,602.0,False,5462.66,False,True,-10.01,-13.34,False,8215.0,EXIT
AARTIDRUGS,Aarti Drugs Limited,Healthcare,Drug Manufacturers - Specialty & Generic,407.25,False,194.92,False,True,-27.58,-21.77,False,2716.0,EXIT
VSTTILLERS,V.S.T. Tillers Tractors Limited,Industrials,Farm & Heavy Construction Machinery,4472.7998046875,False,104.72,False,False,-2.57,-5.91,False,1006.0,EXIT
KERNEX,Kernex Microsystems (India) Limited,Technology,Software - Application,2278.0,False,88.33,True,True,102.23,100.63,True,190.0,HOLD
JINDWORLD,Jindal Worldwide Limited,Consumer Cyclical,Textile Manufacturing,40.40999984741211,False,69.81,False,True,-5.68,-2.78,False,2559.0,EXIT
BAJAJELEC,Bajaj Electricals Limited,Consumer Cyclical,"Furnishings, Fixtures & Appliances",337.6499938964844,False,161.58999999999997,False,False,-52.78,-49.76,False,6662.0,EXIT
HEMIPROP,Hemisphere Properties India Limited,Real Estate,Real Estate - Diversified,140.0,False,8.66,False,True,24.96,6.86,True,,HOLD
KSL,Kalyani Steels Limited,Basic Materials,Steel,886.5,False,257.86,True,True,1.55,-2.28,False,1982.0,HOLD
DEEPINDS,Deep Industries Limited,Energy,Oil & Gas E&P,649.2999877929688,True,235.19,False,True,22.69,29.74,True,477.0,HOLD
EMUDHRA,eMudhra Limited,Technology,Software - Application,477.8500061035156,False,114.66,True,False,-42.41,-43.11,False,519.0,EXIT
NOVARTIND,Novartis India Limited,Healthcare,Drug Manufacturers - Specialty & Generic,1635.699951171875,True,73.55,False,False,,,False,,EXIT
BOSCH-HCIL,Bosch Home Comfort India Limited,Consumer Cyclical,"Furnishings, Fixtures & Appliances",1390.199951171875,False,115.11,False,False,-28.05,-25.09,False,,EXIT
SANDHAR,Sandhar Technologies Limited,Consumer Cyclical,Auto Parts,647.9500122070312,False,198.66,True,True,26.74,29.56,True,3884.0,HOLD
BHAGCHEM,Bhagiradha Chemicals & Industries Limited,Basic Materials,Agricultural Inputs,298.3500061035156,False,18.17,False,True,-2.77,-6.58,False,502.0,EXIT
SINDHUTRAD,Sindhu Trade Links Limited,Industrials,Conglomerates,24.5,False,57.44,False,True,-9.16,-12.49,False,1140.0,EXIT
WSTCSTPAPR,West Coast Paper Mills Limited,Basic Materials,Paper & Paper Products,569.0,False,150.59,False,True,9.08,5.24,True,4921.0,HOLD
VSTIND,VST Industries Limited,Consumer Defensive,Tobacco,219.2899932861328,False,275.47,True,False,-19.24,-27.23,False,471.0,EXIT
OSWALPUMPS,OSWALPUMPS,Industrials,Electrical Equipment & Parts,331.25,False,376.27000000000004,False,False,-56.14,-59.37,False,1430.0,EXIT
LUXIND,Lux Industries Limited,Consumer Cyclical,Apparel Manufacturing,1260.0,False,103.81,False,True,-15.56,-12.63,False,2583.0,EXIT
SEAMECLTD,Seamec Limited,Industrials,Marine Shipping,1457.199951171875,False,306.35,True,True,82.59,79.04,True,729.0,HOLD
ORIENTELEC,Orient Electric Limited,Consumer Cyclical,"Furnishings, Fixtures & Appliances",175.5500030517578,False,115.27,False,False,-26.76,-23.81,False,,EXIT
DBCORP,D. B. Corp Limited,Communication Services,Publishing,210.52999877929688,False,339.26,False,False,-6.33,-25.89,False,2463.0,EXIT
SPECTRUM,SPECTRUM,Industrials,Electrical Equipment & Parts,2547.39990234375,True,50.11,False,True,57.61,54.12,True,397.0,HOLD
ELLEN,ELLEN,Basic Materials,Chemicals,273.04998779296875,False,103.94,False,False,-52.75,-56.42,False,,EXIT
INDIQUBE,INDIQUBE,Real Estate,Real Estate Services,171.97000122070312,False,100.92,False,False,-8.32,-25.99,False,,EXIT
INDOTECH,Indo Tech Transformers Limited,Industrials,Electrical Equipment & Parts,3470.699951171875,True,92.77,False,True,106.36,102.76,True,,HOLD
HARSHA,Harsha Engineers International Limited,Industrials,Tools & Accessories,407.54998779296875,False,155.2,True,True,-1.68,-5.03,False,1408.0,HOLD
JKIL,J. Kumar Infraprojects Limited,Industrials,Engineering & Construction,485.20001220703125,False,410.04,True,False,-32.15,-35.43,False,5693.0,EXIT
TRUALT,TRUALT,Energy,Oil & Gas Refining & Marketing,437.8500061035156,False,192.16,True,True,,,False,1908.0,HOLD
UNICHEMLAB,Unichem Laboratories Limited,Healthcare,Drug Manufacturers - Specialty & Generic,505.25,False,297.56000000000006,False,True,-27.6,-21.8,False,2111.0,EXIT
ROSSTECH,Rossell Techsys Limited,Industrials,Aerospace & Defense,1067.0999755859375,True,25.740000000000002,False,True,81.38,77.84,True,260.0,HOLD
ROLEXRINGS,Rolex Rings Limited,Industrials,Metal Fabrication,139.10000610351562,False,141.4,False,True,-3.04,-6.39,False,,EXIT
PREMEXPLN,Premier Explosives Limited,Basic Materials,Specialty Chemicals,661.7999877929688,False,45.82,True,True,54.24,50.26,True,417.0,HOLD
GREENPLY,Greenply Industries Limited,Basic Materials,Lumber & Wood Production,287.3999938964844,False,98.62,False,True,-10.4,-14.19,False,2488.0,EXIT
SANGHVIMOV,Sanghvi Movers Limited,Industrials,Rental & Leasing Services,437.5,False,184.29,True,True,65.64,62.13,True,782.0,HOLD
SAMBHV,SAMBHV,Basic Materials,Steel,119.95999908447266,False,124.86,False,True,-4.74,-8.54,False,1511.0,EXIT
MARINE,Marine Electricals (India) Limited,Industrials,Electrical Equipment & Parts,287.75,False,60.13,True,True,61.4,57.9,True,767.0,HOLD
ADVENZYMES,Advanced Enzyme Technologies Limited,Basic Materials,Specialty Chemicals,323.75,False,168.72000000000003,True,True,-11.35,-15.14,False,637.0,HOLD
XPROINDIA,Xpro India Limited,Basic Materials,Specialty Chemicals,1302.800048828125,False,30.2,False,True,16.37,12.51,True,533.0,HOLD
HGINFRA,H.G. Infra Engineering Limited,Industrials,Engineering & Construction,546.8499755859375,False,330.37,False,False,-48.49,-51.74,False,5378.0,EXIT
NFL,National Fertilizers Limited,Basic Materials,Agricultural Inputs,71.83999633789062,False,361.99,False,False,-25.11,-28.85,False,29587.0,EXIT
SMSPHARMA,SMS Pharmaceuticals Limited,Healthcare,Drug Manufacturers - General,363.54998779296875,False,101.97999999999999,True,True,48.54,53.84,True,783.0,HOLD
GRAUWEIL,Grauer & Weil (India) Limited,Basic Materials,Specialty Chemicals,78.76000213623047,False,164.01999999999998,False,False,,,False,,EXIT
POLYPLEX,Polyplex Corporation Limited,Basic Materials,Specialty Chemicals,1094.800048828125,False,83.57000000000001,False,True,-0.53,-4.35,False,7652.0,EXIT
HEIDELBERG,HeidelbergCement India Limited,Basic Materials,Building Materials,155.50999450683594,False,139.59,False,False,-27.47,-31.21,False,,EXIT
VENUSPIPES,Venus Pipes and Tubes Limited,Basic Materials,Steel,1564.300048828125,False,101.96000000000001,False,True,14.36,10.5,True,,HOLD
WHEELS,Wheels India Limited,Consumer Cyclical,Auto Parts,1415.699951171875,False,163.46,True,True,81.06,83.75,True,4977.0,HOLD
KNRCON,KNR Constructions Limited,Industrials,Engineering & Construction,126.52999877929688,False,437.0799999999999,False,False,-41.95,-45.21,False,4753.0,EXIT
KOLTEPATIL,Kolte-Patil Developers Limited,Real Estate,Real Estate - Development,391.3999938964844,False,97.2,False,True,7.79,-10.1,False,1717.0,EXIT
CRIZAC,CRIZAC,Consumer Defensive,Education & Training Services,195.8800048828125,False,174.38,False,False,-37.57,-45.43,False,849.0,EXIT
PITTIENG,Pitti Engineering Limited,Industrials,Metal Fabrication,928.4000244140625,False,117.8,False,True,-0.8,-4.15,False,1705.0,EXIT
ROUTE,Route Mobile Limited,Communication Services,Telecom Services,537.0499877929688,False,322.84,False,False,-24.94,-44.25,False,4576.0,EXIT
ASHOKA,Ashoka Buildcon Limited,Industrials,Engineering & Construction,121.12000274658203,False,2549.9999999999995,True,False,-40.38,-43.65,False,10037.0,EXIT
UFLEX,Uflex Limited,Consumer Cyclical,Packaging & Containers,482.25,False,317.1,False,True,-25.17,-22.22,False,15036.0,EXIT
GOPAL,Gopal Snacks Limited,Consumer Defensive,Packaged Foods,278.8999938964844,False,73.64999999999999,False,False,-19.74,-27.72,False,,EXIT
FUSION,Fusion Finance Limited,Financial Services,Credit Services,210.77999877929688,False,385.05,False,True,28.1,27.71,True,,HOLD
INDRAMEDCO,Indraprastha Medical Corporation Limited,Healthcare,Medical Care Facilities,368.8999938964844,False,175.17,False,False,-29.47,-23.65,False,,EXIT
CARYSIL,Carysil Limited,Consumer Cyclical,"Furnishings, Fixtures & Appliances",1188.300048828125,True,98.19,True,True,34.12,36.93,True,816.0,ADD
RELTD,Ravindra Energy Limited,Technology,Solar,166.80999755859375,False,80.96000000000001,True,True,11.95,10.91,True,765.0,HOLD
NIITMTS,NIIT Learning Systems Limited,Consumer Defensive,Education & Training Services,246.61000061035156,False,255.82,True,False,-18.64,-26.63,False,1653.0,EXIT
UNIPARTS,Uniparts India Limited,Industrials,Farm & Heavy Construction Machinery,737.4500122070312,True,158.3,True,True,110.05,106.44,True,929.0,ADD
FILATEX,Filatex India Limited,Consumer Cyclical,Textile Manufacturing,76.69999694824219,True,191.11,True,True,30.75,33.57,True,4252.0,ADD
MAYURUNIQ,Mayur Uniquoters Limited,Consumer Cyclical,Textile Manufacturing,783.9500122070312,False,191.73,True,True,41.16,43.95,True,880.0,HOLD
ARSSBL,ARSSBL,Financial Services,Financial Conglomerates,511.20001220703125,False,101.91,False,False,,,False,844.0,EXIT
RML,Rane (Madras) Limited,Consumer Cyclical,Auto Parts,1210.800048828125,False,107.48,True,True,37.83,40.63,True,3463.0,HOLD
DREDGECORP,Dredging Corporation of India Limited,Industrials,Engineering & Construction,1096.5,False,169.05,False,True,64.39,60.89,True,,HOLD
NPST,NPST,Technology,Software - Application,1523.0,False,46.94,False,True,-36.79,-37.53,False,173.0,EXIT
JASH,Jash Engineering Limited,Industrials,Specialty Industrial Machinery,500.6000061035156,False,85.26,False,True,-13.72,-17.05,False,735.0,EXIT
APCOTEXIND,Apcotex Industries Limited,Basic Materials,Specialty Chemicals,617.5999755859375,False,161.20000000000002,True,True,44.54,40.59,True,352.0,HOLD
GANECOS,Ganesha Ecosphere Limited,Consumer Cyclical,Textile Manufacturing,1156.5999755859375,False,39.21,False,True,-29.99,-27.03,False,1133.0,EXIT
SHANTIGEAR,Shanthi Gears Limited,Industrials,Specialty Industrial Machinery,415.0,False,65.0,False,False,-23.4,-26.7,False,,EXIT
STEELCAS,Steelcast Limited,Basic Materials,Steel,325.8999938964844,True,90.69,False,True,47.43,43.48,True,,HOLD
MOREPENLAB,Morepen Laboratories Limited,Healthcare,Drug Manufacturers - Specialty & Generic,57.650001525878906,False,94.87,False,True,-10.9,-5.21,False,1812.0,EXIT
EUROPRATIK,EUROPRATIK,Basic Materials,Building Materials,301.70001220703125,False,81.94,False,True,,,False,284.0,EXIT
RSYSTEMS,R Systems International Limited,Technology,Information Technology Services,273.79998779296875,False,213.01,True,False,-39.05,-39.77,False,1958.0,EXIT
RPSGVENT,RPSG Ventures Limited,Technology,Information Technology Services,952.2999877929688,False,304.16,True,True,-5.62,-6.55,False,9608.0,HOLD
MONARCH,Monarch Networth Capital Limited,Financial Services,Capital Markets,384.54998779296875,False,181.19,True,True,6.36,6.07,True,328.0,HOLD
CHEMPLASTS,Chemplast Sanmar Limited,Basic Materials,Chemicals,196.10000610351562,False,279.87,False,False,-54.46,-58.12,False,5892.0,EXIT
HERITGFOOD,Heritage Foods Limited,Consumer Defensive,Packaged Foods,335.1000061035156,False,124.32999999999998,False,False,-26.57,-34.51,False,4135.0,EXIT
KKCL,Kewal Kiran Clothing Limited,Consumer Cyclical,Apparel Manufacturing,509.95001220703125,False,125.57,False,True,-16.37,-13.44,False,1003.0,EXIT
NITINSPIN,Nitin Spinners Limited,Consumer Cyclical,Textile Manufacturing,572.3499755859375,True,177.55,False,True,49.06,51.83,True,,HOLD
CARRARO,CARRARO,Consumer Cyclical,Auto Parts,542.7999877929688,False,130.55,True,True,4.42,7.3,True,1808.0,HOLD
INTERARCH,Interarch Building Solutions Limited,Industrials,Engineering & Construction,1846.0999755859375,False,134.52,False,False,-16.93,-20.25,False,,EXIT
WONDERLA,Wonderla Holidays Limited,Consumer Cyclical,Leisure,485.20001220703125,False,85.22,False,False,-30.35,-27.39,False,,EXIT
STALLION,STALLION,Basic Materials,Specialty Chemicals,265.45001220703125,False,43.84,False,True,101.25,97.14,True,,HOLD
BUILDPRO,Shankara Buildpro Limited,Consumer Cyclical,Home Improvement Retail,1343.5999755859375,True,102.75999999999999,False,False,,,False,5267.0,EXIT
TVSSRICHAK,TVS Srichakra Limited,Consumer Cyclical,Auto Parts,3987.89990234375,False,71.23,False,False,27.69,30.52,True,3254.0,EXIT
DPABHUSHAN,D. P. Abhushan Limited,Consumer Cyclical,Luxury Goods,1420.199951171875,False,239.86,True,True,-21.66,-18.72,False,3307.0,HOLD
SANGAMIND,Sangam (India) Limited,Consumer Cyclical,Textile Manufacturing,609.5,True,121.49,False,True,38.54,41.34,True,2843.0,HOLD
ELPROINTL,Elpro International Limited,Unknown,Unknown,178.3699951171875,True,271.30999999999995,False,False,,,False,,EXIT
ADFFOODS,ADF Foods Limited,Consumer Defensive,Packaged Foods,273.75,False,91.97,True,True,19.76,11.51,True,590.0,HOLD
NAVNETEDUL,Navneet Education Limited,Communication Services,Publishing,132.17999267578125,False,366.0,False,False,3.46,-16.23,False,1781.0,EXIT
HLEGLAS,HLE Glascoat Limited,Industrials,Specialty Industrial Machinery,422.8500061035156,False,47.77,False,True,-4.93,-8.27,False,649.0,EXIT
JTLIND,JTL Industries Limited,Basic Materials,Steel,75.7300033569336,False,98.86999999999999,False,True,5.96,2.12,True,2040.0,HOLD
VSSL,Vardhman Special Steels Limited,Basic Materials,Steel,304.0,True,108.75999999999999,False,True,16.49,12.62,True,1764.0,HOLD
BALMLAWRIE,Balmer Lawrie & Co. Ltd.,Industrials,Conglomerates,174.13999938964844,False,276.59000000000003,True,False,-18.0,-21.32,False,3254.0,EXIT
DIVGIITTS,Divgi TorqTransfer Systems Limited,Consumer Cyclical,Auto Parts,975.5999755859375,False,46.93,False,True,49.03,51.81,True,,HOLD
DCAL,Dishman Carbogen Amcis Limited,Healthcare,Biotechnology,188.0500030517578,False,101.21000000000001,False,False,-33.96,-28.12,False,2712.0,EXIT
WINDMACHIN,Windsor Machines Limited,Industrials,Specialty Industrial Machinery,281.04998779296875,False,25.96,False,True,-16.88,-20.2,False,393.0,EXIT
PRINCEPIPE,Prince Pipes and Fittings Limited,Industrials,Building Products & Equipment,263.3999938964844,False,77.93,False,False,-23.31,-26.61,False,,EXIT
KITEX,Kitex Garments Limited,Consumer Cyclical,Apparel Manufacturing,146.33999633789062,False,35.61,False,False,-40.19,-37.21,False,983.0,EXIT
POKARNA,Pokarna Limited,Industrials,Building Products & Equipment,932.4500122070312,False,80.6,False,True,4.21,0.85,True,925.0,HOLD
GATEWAY,Gateway Distriparks Limited,Industrials,Integrated Freight & Logistics,58.13999938964844,False,381.78,True,False,-16.59,-19.91,False,1681.0,EXIT
ANTELOPUS,ANTELOPUS,Energy,Oil & Gas E&P,834.5499877929688,False,132.71,False,True,30.16,37.01,True,,HOLD
BEPL,Bhansali Engineering Polymers Limited,Basic Materials,Chemicals,120.72000122070312,False,205.31,False,True,3.36,-0.47,False,1398.0,EXIT
EFCIL,EFC (I) Limited,Real Estate,Real Estate Services,193.9600067138672,False,246.27,True,False,,,False,657.0,EXIT
MAITHANALL,Maithan Alloys Limited,Basic Materials,Steel,963.9000244140625,False,816.4300000000001,False,False,-12.18,-15.96,False,2989.0,EXIT
TCPLPACK,TCPL Packaging Limited,Consumer Cyclical,Packaging & Containers,3250.800048828125,False,97.79999999999998,False,True,-13.32,-10.39,False,1770.0,EXIT
BBL,Bharat Bijlee Limited,Industrials,Electrical Equipment & Parts,2564.5,False,142.17000000000002,True,False,-13.59,-16.91,False,1902.0,EXIT
DALMIASUG,Dalmia Bharat Sugar and Industries Limited,Consumer Defensive,Confectioners,411.8500061035156,False,235.72,False,True,14.26,6.05,True,3725.0,HOLD
NSIL,Nalwa Sons Investments Limited,Financial Services,Asset Management,5622.0,False,54.5,False,False,-18.89,-19.07,False,134.0,EXIT
RAMCOIND,Ramco Industries Limited,Industrials,Building Products & Equipment,332.1499938964844,False,306.26,True,True,15.61,12.22,True,1659.0,HOLD
BOROLTD,Borosil Limited,Consumer Cyclical,"Furnishings, Fixtures & Appliances",233.47000122070312,False,74.66,False,False,-35.7,-32.72,False,1090.0,EXIT
ORIENTCEM,Orient Cement Limited,Basic Materials,Building Materials,139.50999450683594,False,365.23,False,False,-43.21,-46.91,False,,EXIT
ROSSARI,Rossari Biotech Limited,Basic Materials,Specialty Chemicals,508.25,False,147.44,False,False,-28.96,-32.7,False,2080.0,EXIT
DDEVPLSTIK,Ddev Plastiks Industries Limited,Basic Materials,Specialty Chemicals,288.3500061035156,False,201.82000000000002,False,True,-3.12,-6.94,False,,EXIT
JINDALPOLY,Jindal Poly Films Limited,Consumer Cyclical,Packaging & Containers,625.0,False,325.08,False,True,4.39,7.27,True,7557.0,HOLD
DIAMONDYD,Prataap Snacks Limited,Consumer Defensive,Packaged Foods,1163.800048828125,False,9.719999999999999,False,True,23.88,15.6,True,1708.0,HOLD
SUNCLAY,Sundaram-Clayton Limited,Industrials,Metal Fabrication,1253.0,False,602.01,True,False,-37.15,-40.42,False,2109.0,EXIT
ZAGGLE,Zaggle Prepaid Ocean Services Limited,Technology,Software - Infrastructure,205.85000610351562,False,138.07999999999998,True,False,-49.58,-50.24,False,1304.0,EXIT
SASKEN,Sasken Technologies Limited,Technology,Information Technology Services,1902.300048828125,False,53.92999999999999,False,True,26.64,25.51,True,446.0,HOLD
INDOTHAI,Indo Thai Securities Limited,Financial Services,Capital Markets,170.75,False,54.21,True,False,-15.54,-15.73,False,58.0,EXIT
PANAMAPET,Panama Petrochem Limited,Energy,Oil & Gas Refining & Marketing,460.75,False,212.5,True,True,19.0,26.16,True,1776.0,HOLD
UFBL,UFBL,Consumer Cyclical,Restaurants,700.4500122070312,False,59.14,True,True,149.96,152.49,True,1074.0,HOLD
NOCIL,NOCIL Limited,Basic Materials,Specialty Chemicals,174.0500030517578,False,64.30000000000001,False,True,-4.67,-8.48,False,1617.0,EXIT
SIYSIL,Siyaram Silk Mills Limited,Consumer Cyclical,Textile Manufacturing,629.2999877929688,False,230.89,False,True,-5.22,-2.32,False,2233.0,EXIT
FLAIR,FLAIR,Industrials,Business Equipment & Supplies,252.0,False,132.95,False,False,-27.87,-31.17,False,1080.0,EXIT
HIKAL,Hikal Limited,Healthcare,Drug Manufacturers - Specialty & Generic,229.89999389648438,False,77.6,False,True,-38.39,-32.51,False,2023.0,EXIT
BLSE,BLSE,Industrials,Specialty Business Services,299.79998779296875,False,57.5,False,True,62.15,58.66,True,519.0,HOLD
AUTOAXLES,Automotive Axles Limited,Consumer Cyclical,Auto Parts,1880.5,False,174.35000000000002,False,True,-6.04,-3.13,False,,EXIT
VIMTALABS,Vimta Labs Limited,Healthcare,Diagnostics & Research,620.1500244140625,False,79.66,True,True,-20.65,-14.89,False,318.0,HOLD
ARVSMART,Arvind SmartSpaces Limited,Real Estate,Real Estate - Development,600.6500244140625,False,96.44,False,True,12.26,-5.68,False,713.0,EXIT
GSPCROP,GSPCROP,Basic Materials,Agricultural Inputs,587.8499755859375,True,43.14,False,False,,,False,1406.0,EXIT
PARAGMILK,Parag Milk Foods Limited,Consumer Defensive,Packaged Foods,225.47000122070312,False,135.04000000000002,False,False,-2.46,-10.56,False,3432.0,EXIT
HUBTOWN,Hubtown Limited,Real Estate,Real Estate - Development,190.50999450683594,False,148.49,True,False,-30.43,-47.82,False,564.0,EXIT
KIRIINDUS,Kiri Industries Limited,Basic Materials,Specialty Chemicals,425.6000061035156,False,5566.5,True,False,-23.06,-26.82,False,1497.0,EXIT
JUBLCPL,Jubilant Agri and Consumer Products Limited,Basic Materials,Specialty Chemicals,1822.300048828125,False,127.86000000000001,True,False,-15.37,-19.14,False,1521.0,EXIT
NILKAMAL,Nilkamal Limited,Consumer Cyclical,"Furnishings, Fixtures & Appliances",1699.9000244140625,False,115.58999999999999,False,True,-3.16,-0.26,False,3313.0,EXIT
EPACKPEB,EPACKPEB,Industrials,Engineering & Construction,243.9499969482422,False,96.63,False,True,,,False,1134.0,EXIT
MEDIASSIST,MEDIASSIST,Healthcare,Healthcare Plans,361.0,False,87.96000000000001,False,False,-42.09,-36.19,False,151.0,EXIT
IMAGICAA,Imagicaaworld Entertainment Limited,Communication Services,Entertainment,49.09000015258789,False,88.78999999999999,False,True,-8.07,-27.61,False,410.0,EXIT
INDNIPPON,India Nippon Electricals Limited,Consumer Cyclical,Auto Parts,1173.199951171875,False,111.16999999999999,True,True,41.94,44.73,True,845.0,HOLD
CONFIPET,Confidence Petroleum India Limited,Energy,Oil & Gas Refining & Marketing,83.7699966430664,False,92.89,False,True,53.73,59.92,True,3146.0,HOLD
MMFL,M M Forgings Limited,Industrials,Metal Fabrication,554.4000244140625,False,98.12,False,True,63.45,59.95,True,1563.0,HOLD
FMGOETZE,Federal-Mogul Goetze (India) Limited,Consumer Cyclical,Auto Parts,474.45001220703125,False,170.65,True,True,-23.13,-20.19,False,1769.0,HOLD
SATIN,Satin Creditcare Network Limited,Financial Services,Credit Services,230.6999969482422,False,401.70000000000005,False,True,54.57,54.06,True,,HOLD
MARATHON,Marathon Nextgen Realty Limited,Real Estate,Real Estate - Development,402.25,False,202.95999999999998,False,False,-29.18,-46.59,False,717.0,EXIT
GKENERGY,GKENERGY,Utilities,Utilities - Renewable,131.1699981689453,False,211.81,False,False,,,False,1095.0,EXIT
RAMKY,Ramky Infrastructure Limited,Industrials,Engineering & Construction,389.1499938964844,False,271.07000000000005,False,False,-34.13,-37.41,False,2402.0,EXIT
ARKADE,ARKADE,Real Estate,Real Estate - Development,140.64999389648438,False,211.76999999999998,False,True,-11.44,-29.08,False,683.0,EXIT
MANGLMCEM,Mangalam Cement Limited,Basic Materials,Building Materials,945.5,False,128.95,False,True,36.14,32.22,True,,HOLD
PARKHOTELS,PARKHOTELS,Consumer Cyclical,Lodging,124.52999877929688,False,65.67999999999999,False,False,-26.88,-23.93,False,631.0,EXIT
MUFIN,Mufin Green Finance Limited,Financial Services,Credit Services,133.10000610351562,False,27.330000000000002,True,True,47.09,46.61,True,,HOLD
PATELENG,Patel Engineering Limited,Industrials,Engineering & Construction,28.850000381469727,False,269.15999999999997,False,False,-23.75,-27.05,False,5008.0,EXIT
UTKARSHBNK,Utkarsh Small Finance Bank Limited,Financial Services,Banks - Regional,14.5600004196167,False,1150.98,False,True,-38.43,-38.53,False,,EXIT
NITCO,NITCO Limited,Industrials,Building Products & Equipment,108.08999633789062,False,68.16,False,True,-15.66,-18.98,False,885.0,EXIT
PANACEABIO,Panacea Biotec Limited,Healthcare,Biotechnology,423.45001220703125,False,22.470000000000002,False,True,-5.14,0.51,False,679.0,EXIT
STOVEKRAFT,Stove Kraft Limited,Consumer Cyclical,"Furnishings, Fixtures & Appliances",754.5999755859375,False,41.989999999999995,False,True,22.72,25.55,True,1448.0,HOLD
GLOBUSSPR,Globus Spirits Limited,Consumer Defensive,Beverages - Wineries & Distilleries,900.8499755859375,False,100.53,False,False,-25.28,-33.23,False,2537.0,EXIT
SPORTKING,Sportking India Limited,Consumer Cyclical,Textile Manufacturing,229.6300048828125,True,120.78,False,True,99.47,102.12,True,,HOLD
FISCHER,Fischer Medical Ventures Limited,Healthcare,Medical Devices,38.66999816894531,False,32.67,True,False,-70.43,-64.35,False,111.0,EXIT
SILVERTUC,Silver Touch Technologies Limited,Technology,Information Technology Services,197.3800048828125,False,41.68,True,False,-77.94,-78.42,False,288.0,EXIT
ADVAIT,Advait Energy Transitions Limited,Industrials,Specialty Industrial Machinery,2359.199951171875,True,53.17,True,False,,,False,399.0,EXIT
TALBROAUTO,Talbros Automotive Components Limited,Consumer Cyclical,Auto Parts,417.6499938964844,True,104.12,False,True,39.49,42.29,True,827.0,HOLD
ADOR,Ador Welding Limited,Industrials,Specialty Industrial Machinery,1503.300048828125,False,92.47000000000001,False,True,52.23,48.76,True,1117.0,HOLD
RAJRATAN,Rajratan Global Wire Limited,Basic Materials,Steel,513.5,False,72.6,False,True,34.18,30.26,True,935.0,HOLD
BOMDYEING,The Bombay Dyeing and Manufacturing Company Limited,Consumer Cyclical,Textile Manufacturing,121.91999816894531,False,46.620000000000005,False,False,-33.8,-30.83,False,4430.0,EXIT
SUNDROP,Sundrop Brands Limited,Consumer Defensive,Packaged Foods,679.5,False,24.31,False,True,-13.58,-21.61,False,916.0,EXIT
RAJESHEXPO,Rajesh Exports Limited,Consumer Cyclical,Luxury Goods,84.80000305175781,False,238.56,False,False,-61.06,-58.02,False,423099.0,EXIT
PROTEAN,Protean eGov Technologies Limited,Technology,Information Technology Services,630.8499755859375,False,97.13,False,False,-23.7,-24.51,False,882.0,EXIT
GIPCL,Gujarat Industries Power Company Limited,Utilities,Utilities - Regulated Electric,161.47999572753906,False,408.82000000000005,True,True,-12.05,-22.36,False,1416.0,HOLD
RANEHOLDIN,Rane Holdings Limited,Consumer Cyclical,Auto Parts,1872.5999755859375,False,198.99,True,True,16.11,18.96,True,4382.0,HOLD
VERANDA,Veranda Learning Solutions Limited,Consumer Defensive,Education & Training Services,254.4499969482422,False,24.72,True,True,12.9,4.69,True,471.0,HOLD
SPAL,S.P. Apparels Limited,Consumer Cyclical,Apparel Manufacturing,988.7000122070312,False,100.94,True,True,18.33,21.18,True,1395.0,HOLD
EVEREADY,Eveready Industries India Limited,Industrials,Electrical Equipment & Parts,355.6499938964844,False,187.34999999999997,True,True,-14.99,-18.31,False,1458.0,HOLD
AJMERA,Ajmera Realty & Infra India Limited,Real Estate,Real Estate - Development,130.41000366210938,False,149.79000000000002,True,False,-11.93,-29.56,False,738.0,EXIT
SOLARA,Solara Active Pharma Sciences Limited,Healthcare,Drug Manufacturers - Specialty & Generic,515.8499755859375,False,53.44,False,False,-25.42,-19.63,False,1617.0,EXIT
INA,Insolation Energy Limited,Technology,Solar,112.75,False,181.7,True,False,,,False,1334.0,EXIT
CAMLINFINE,Camlin Fine Sciences Limited,Basic Materials,Specialty Chemicals,128.47000122070312,False,112.53999999999999,True,False,-53.94,-57.61,False,1682.0,EXIT
JNKINDIA,JNK India Limited,Industrials,Specialty Industrial Machinery,410.8500061035156,False,65.36999999999999,False,True,25.85,22.43,True,480.0,HOLD
RHETAN,Rhetan TMT Limited,Basic Materials,Steel,31.1200008392334,True,10.299999999999999,False,True,,,False,,EXIT
SAIPARENT,SAIPARENT,Healthcare,Drug Manufacturers - General,554.5499877929688,False,0.0,False,False,,,False,163.0,EXIT
REPCOHOME,Repco Home Finance Limited,Financial Services,Mortgage Finance,385.95001220703125,False,475.41999999999996,True,False,-8.13,-8.36,False,,EXIT
EASEMYTRIP,Easy Trip Planners Limited,Consumer Cyclical,Travel Services,6.599999904632568,False,53.45,False,False,-40.76,-37.77,False,1049.0,EXIT
KICL,Kalyani Investment Company Limited,Financial Services,Asset Management,5522.0,False,43.13,False,True,11.97,11.65,True,78.0,HOLD
SIRCA,Sirca Paints India Limited,Basic Materials,Specialty Chemicals,430.70001220703125,False,67.02000000000001,True,False,-2.05,-5.87,False,372.0,EXIT
ORISSAMINE,The Orissa Minerals Development Company Limited,Basic Materials,Steel,4106.2998046875,False,17.88,False,False,-15.9,-19.68,False,,EXIT
VEEDOL,Veedol Corporation Limited,Basic Materials,Specialty Chemicals,1412.199951171875,False,191.62,True,False,-16.81,-20.58,False,1970.0,EXIT
TASTYBITE,Tasty Bite Eatables Limited,Consumer Defensive,Packaged Foods,9430.0,False,35.300000000000004,False,True,-12.53,-20.57,False,,EXIT
GREENPANEL,Greenpanel Industries Limited,Basic Materials,Lumber & Wood Production,196.72000122070312,False,52.349999999999994,False,False,-31.09,-34.82,False,1783.0,EXIT
RISHABH,Rishabh Instruments Limited,Technology,Scientific & Technical Instruments,650.2000122070312,True,81.53,False,True,124.05,122.32,True,720.0,HOLD
VINDHYATEL,Vindhya Telelinks Limited,Industrials,Engineering & Construction,2383.0,False,222.25,False,True,51.13,47.66,True,4088.0,HOLD
ORIENTHOT,Oriental Hotels Limited,Consumer Cyclical,Lodging,135.38999938964844,False,65.27999999999999,False,True,-12.76,-9.84,False,440.0,EXIT
ALEMBICLTD,Alembic Limited,Real Estate,Real Estate - Development,91.66999816894531,False,317.39,False,False,-4.83,-22.55,False,1121.0,EXIT
KNACK,KNACK,Consumer Cyclical,Packaging & Containers,197.27999877929688,False,0.0,False,False,,,False,,EXIT
NELCO,Nelco Limited,Technology,Communication Equipment,1000.7999877929688,False,6.419999999999999,False,True,11.2,10.17,True,320.0,HOLD
COSMOFIRST,Cosmo First Limited,Consumer Cyclical,Packaging & Containers,910.0499877929688,False,155.97,False,True,-20.27,-17.33,False,3065.0,EXIT
SPANDANA,Spandana Sphoorty Financial Limited,Financial Services,Credit Services,262.3999938964844,False,472.33,False,True,-3.61,-3.86,False,,EXIT
GNA,G N A Axles Limited,Consumer Cyclical,Auto Parts,537.2000122070312,False,132.23000000000002,True,True,68.25,70.98,True,1583.0,HOLD
THEJO,Thejo Engineering Limited,Industrials,Specialty Industrial Machinery,2169.10009765625,False,49.25,False,True,-9.31,-12.65,False,559.0,EXIT
EMSLIMITED,EMS Limited,Industrials,Engineering & Construction,414.3500061035156,False,90.53999999999999,False,True,-33.41,-36.68,False,966.0,EXIT
PIXTRANS,PIX Transmissions Limited,Industrials,Specialty Industrial Machinery,1701.0999755859375,False,106.88,False,True,10.99,7.61,True,589.0,HOLD
SHK,S H Kelkar and Company Limited,Basic Materials,Specialty Chemicals,166.5399932861328,False,89.09,False,True,-35.88,-39.59,False,2123.0,EXIT
TAJGVK,TAJGVK Hotels & Resorts Limited,Consumer Cyclical,Lodging,363.45001220703125,False,425.39000000000004,True,True,-20.8,-17.86,False,450.0,HOLD
SAGCEM,Sagar Cements Limited,Basic Materials,Building Materials,172.6699981689453,False,169.51,False,False,-29.56,-33.29,False,2505.0,EXIT
APOLLOPIPE,Apollo Pipes Limited,Industrials,Building Products & Equipment,515.8499755859375,False,20.96,False,True,25.9,22.48,True,1182.0,HOLD
BRIGHOTEL,BRIGHOTEL,Consumer Cyclical,Lodging,61.040000915527344,False,318.84,False,False,-35.55,-32.57,False,404.0,EXIT
BETA,BETA,Healthcare,Drug Manufacturers - Specialty & Generic,2353.0,False,35.55,False,True,25.58,31.03,True,362.0,HOLD
HUHTAMAKI,Huhtamaki India Limited,Consumer Cyclical,Packaging & Containers,300.0,False,124.57,True,True,29.33,32.15,True,2037.0,HOLD
LANDMARK,Landmark Cars Limited,Consumer Cyclical,Auto & Truck Dealerships,542.9000244140625,False,37.31,False,True,2.4,5.29,True,765.0,HOLD
SANSTAR,SANSTAR,Basic Materials,Chemicals,116.8499984741211,False,34.82,False,True,29.18,25.27,True,1110.0,HOLD
PENIND,Pennar Industries Limited,Industrials,Specialty Industrial Machinery,169.1199951171875,False,138.81,True,False,-28.87,-32.16,False,3227.0,EXIT
MOLDTKPAC,Mold-Tek Packaging Limited,Consumer Cyclical,Packaging & Containers,675.0999755859375,False,82.69,True,True,-24.78,-21.83,False,631.0,HOLD
PRAKASH,Prakash Industries Limited,Basic Materials,Steel,125.5,False,333.14,False,False,-24.85,-28.6,False,2935.0,EXIT
EPACK,EPACK Durable Limited,Consumer Cyclical,"Furnishings, Fixtures & Appliances",229.94000244140625,False,47.75,False,False,-47.54,-44.53,False,2171.0,EXIT
EXICOM,Exicom Tele-Systems Limited,Industrials,Electrical Equipment & Parts,163.9499969482422,False,274.13,True,True,4.17,0.8,True,1020.0,HOLD
JISLJALEQS,Jain Irrigation Systems Limited,Industrials,Conglomerates,31.329999923706055,False,96.71,False,False,-39.34,-42.61,False,8536.0,EXIT
GANDHAR,Gandhar Oil Refinery (India) Limited,Energy,Oil & Gas Refining & Marketing,231.63999938964844,False,301.42,False,True,30.85,37.68,True,4113.0,HOLD
RAMCOSYS,Ramco Systems Limited,Technology,Software - Application,563.9500122070312,False,41.5,False,True,43.96,42.73,True,626.0,HOLD
JAYKAY,Jaykay Enterprises Limited,Industrials,Specialty Business Services,165.32000732421875,False,232.53,True,False,,,False,81.0,EXIT
VINCOFE,Vintage Coffee and Beverages Limited,Consumer Defensive,Beverages - Non-Alcoholic,152.38999938964844,False,78.74,True,True,2.27,-5.86,False,309.0,HOLD
ESAFSFB,ESAF Small Finance Bank,Financial Services,Banks - Regional,40.91999816894531,False,227.66,False,True,26.52,26.13,True,,HOLD
PRABHA,Prabha Energy Limited,Energy,Oil & Gas E&P,153.77999877929688,False,1.5,True,False,-54.69,-45.49,False,33.45,EXIT
SAKSOFT,Saksoft Limited,Technology,Information Technology Services,176.57000732421875,False,133.27,True,True,-18.39,-19.25,False,883.0,HOLD
SHRINGARMS,Shringar House of Mangalsutra Limited,Consumer Cyclical,Luxury Goods,229.85000610351562,False,102.21000000000001,False,True,,,False,,EXIT
BFUTILITIE,BF Utilities Limited,Industrials,Infrastructure Operations,576.2000122070312,False,158.23000000000002,True,False,-21.87,-25.18,False,969.0,EXIT
NIBE,Nibe Limited,Industrials,Conglomerates,1364.4000244140625,False,56.629999999999995,True,True,-17.51,-20.83,False,507.0,HOLD
HPL,HPL Electric & Power Limited,Industrials,Electrical Equipment & Parts,335.95001220703125,False,91.00999999999999,False,False,-43.11,-46.37,False,1700.0,EXIT
HINDOILEXP,Hindustan Oil Exploration Company Limited,Energy,Oil & Gas E&P,161.1300048828125,False,62.74999999999999,False,True,-14.29,-6.21,False,570.0,EXIT
GEOJITFSL,Geojit Financial Services Limited,Financial Services,Capital Markets,77.5199966430664,False,77.85,False,True,1.11,0.83,True,481.0,HOLD
BHARATRAS,Bharat Rasayan Limited,Basic Materials,Agricultural Inputs,1337.199951171875,False,145.72,False,False,-51.23,-54.91,False,1301.0,EXIT
HONDAPOWER,Honda India Power Products Limited,Industrials,Specialty Industrial Machinery,2096.0,False,65.86,False,False,-28.7,-31.99,False,,EXIT
PARACABLES,Paramount Communications Limited,Technology,Communication Equipment,66.38999938964844,False,59.75,False,True,16.47,15.4,True,1555.0,HOLD
VENUSREM,Venus Remedies Limited,Healthcare,Drug Manufacturers - Specialty & Generic,1584.0999755859375,False,116.17,True,True,189.54,193.91,True,640.0,HOLD
VENKEYS,Venky's (India) Limited,Consumer Defensive,Farm Products,1565.0,False,192.31,False,True,7.24,-0.92,False,,EXIT
HESTERBIO,Hester Biosciences Limited,Healthcare,Drug Manufacturers - Specialty & Generic,2442.39990234375,False,136.17000000000002,True,True,0.73,6.35,True,311.0,HOLD
TIRUMALCHM,Thirumalai Chemicals Limited,Basic Materials,Specialty Chemicals,183.1199951171875,False,167.91,False,False,-38.38,-42.1,False,2132.0,EXIT
KCP,The KCP Limited,Basic Materials,Building Materials,152.97000122070312,False,197.11,False,False,-25.57,-29.31,False,2846.0,EXIT
KPEL,K.P. Energy Limited,Industrials,Engineering & Construction,316.25,False,181.39999999999998,True,False,-39.29,-42.55,False,936.0,EXIT
TCIEXP,TCI Express Limited,Industrials,Integrated Freight & Logistics,557.25,False,81.44,False,True,-23.26,-26.56,False,1254.0,EXIT
BGRENERGY,BGR Energy Systems Limited,Industrials,Engineering & Construction,278.3999938964844,False,1247.16,True,False,186.37,182.59,True,3441.0,HOLD
AEROPLANE,AEROPLANE,Consumer Defensive,Farm Products,198.6199951171875,True,0.0,False,False,,,False,,EXIT
TEAMLEASE,TeamLease Services Limited,Industrials,Staffing & Employment Services,1239.800048828125,False,147.04,True,False,-34.06,-37.34,False,11156.0,EXIT
INDIANHUME,The Indian Hume Pipe Company Limited,Industrials,Engineering & Construction,414.5,False,141.1,False,True,-0.03,-3.39,False,,EXIT
CANTABIL,Cantabil Retail India Limited,Consumer Cyclical,Apparel Manufacturing,247.24000549316406,False,95.74000000000001,False,False,-13.34,-10.42,False,,EXIT
GMBREW,G.M. Breweries Limited,Consumer Defensive,Beverages - Wineries & Distilleries,896.2000122070312,False,159.68,True,False,35.41,27.06,True,748.0,HOLD
UEL,Ujaas Energy Limited,Technology,Solar,184.47000122070312,False,3.93,True,True,84.9,83.41,True,486.0,HOLD
LAOPALA,La Opala RG Limited,Consumer Cyclical,"Furnishings, Fixtures & Appliances",187.80999755859375,False,92.30000000000001,False,False,-39.32,-36.34,False,,EXIT
BAJEL,Bajel Projects Limited,Utilities,Utilities - Regulated Electric,177.35000610351562,False,21.12,True,True,-19.83,-29.93,False,2598.0,HOLD
MUKANDLTD,Mukand Limited,Basic Materials,Steel,143.60000610351562,False,604.15,False,True,0.98,-2.85,False,5568.0,EXIT
ARMANFIN,Arman Financial Services Limited,Financial Services,Credit Services,1994.300048828125,False,85.75999999999999,True,True,18.41,18.06,True,,HOLD
STYLEBAAZA,Baazar Style Retail Limited,Consumer Cyclical,Apparel Retail,278.04998779296875,False,98.15,True,False,-4.59,-1.69,False,1344.0,EXIT
INDOCO,Indoco Remedies Limited,Healthcare,Drug Manufacturers - Specialty & Generic,221.75999450683594,False,124.35,False,False,-39.18,-33.29,False,1817.0,EXIT
NGLFINE,NGL Fine-Chem Limited,Healthcare,Drug Manufacturers - General,3292.800048828125,True,48.050000000000004,False,True,141.12,145.8,True,368.0,HOLD
DCXINDIA,DCX Systems Limited,Industrials,Aerospace & Defense,183.5500030517578,False,15.829999999999998,False,False,-30.13,-33.42,False,1424.0,EXIT
TINNARUBR,Tinna Rubber and Infrastructure Limited,Basic Materials,Specialty Chemicals,1106.800048828125,False,61.68000000000001,True,True,22.0,18.11,True,530.0,HOLD
SOMANYCERA,Somany Ceramics Limited,Industrials,Building Products & Equipment,509.0,False,81.19,False,True,-5.39,-8.73,False,2659.0,EXIT
TIL,TIL Limited,Industrials,Farm & Heavy Construction Machinery,259.8999938964844,False,30.77,False,True,-23.99,-27.29,False,1472.0,EXIT
SBC,SBC Exports Limited,Industrials,Conglomerates,41.9900016784668,True,34.26,False,True,131.69,128.04,True,231.0,HOLD
GOCLCORP,GOCL Corporation Limited,Basic Materials,Specialty Chemicals,416.1499938964844,False,1522.0,True,True,17.72,13.85,True,1233.0,HOLD
AWFIS,AWFIS,Industrials,Rental & Leasing Services,277.29998779296875,False,70.86,True,False,-54.19,-57.42,False,1208.0,EXIT
JGCHEM,JGCHEM,Basic Materials,Other Industrial Metals & Mining,508.3999938964844,True,65.87,False,True,4.56,0.73,True,847.0,HOLD
HGS,Hinduja Global Solutions Limited,Industrials,Specialty Business Services,430.54998779296875,False,87.83000000000001,False,True,-26.24,-29.54,False,4986.0,EXIT
NDRAUTO,NDR Auto Components Limited,Consumer Cyclical,Auto Parts,824.6500244140625,False,62.09,True,True,-23.48,-20.53,False,713.0,HOLD
VIDYAWIRES,VIDYAWIRES,Industrials,Electrical Equipment & Parts,93.2300033569336,False,59.77,False,False,,,False,1481.0,EXIT
INDSWFTLAB,Ind-Swift Laboratories Limited,Healthcare,Drug Manufacturers - Specialty & Generic,228.6300048828125,False,254.91000000000003,False,True,104.42,109.35,True,1673.0,HOLD
MSPL,MSP Steel & Power Limited,Basic Materials,Steel,35.06999969482422,False,183.29,True,False,2.88,-0.95,False,2905.0,EXIT
SAKAR,Sakar Healthcare Limited,Healthcare,Drug Manufacturers - Specialty & Generic,922.5,True,30.479999999999997,True,True,159.48,164.05,True,178.0,ADD
SERVOTECH,Servotech Renewable Power System Limited,Industrials,Electrical Equipment & Parts,85.75,False,37.459999999999994,True,False,-37.67,-40.94,False,674.0,EXIT
ASIANENE,Asian Energy Services Limited,Energy,Oil & Gas Equipment & Services,410.6499938964844,False,58.75999999999999,True,True,5.93,13.45,True,465.0,HOLD
ALGOQUANT,Algoquant Fintech Limited,Financial Services,Capital Markets,69.33999633789062,True,33.4,True,False,,,False,235.0,EXIT
GOODYEAR,Goodyear India Limited,Consumer Cyclical,Auto Parts,857.1500244140625,False,61.5,False,False,,,False,,EXIT
SCILAL,Shipping Corporation of India Land and Assets Limited,Real Estate,Real Estate Services,41.88999938964844,False,30.5,False,False,-4.15,-21.88,False,18.0,EXIT
RICOAUTO,Rico Auto Industries Limited,Consumer Cyclical,Auto Parts,142.07000732421875,True,50.51,False,True,97.4,100.06,True,2302.0,HOLD
DYCL,Dynamic Cables Limited,Industrials,Electrical Equipment & Parts,402.45001220703125,False,89.75,True,True,1.0,-2.35,False,1025.0,HOLD
HATHWAY,Hathway Cable and Datacom Limited,Communication Services,Entertainment,11.050000190734863,False,88.56,False,False,-12.32,-31.8,False,1307.0,EXIT
MARSONS,Marsons Limited,Industrials,Electrical Equipment & Parts,110.44999694824219,False,46.33,True,False,,,False,168.0,EXIT
EIHAHOTELS,EIH Associated Hotels Limited,Consumer Cyclical,Lodging,312.54998779296875,False,87.16999999999999,True,False,-28.01,-25.05,False,197.0,EXIT
BCG,Brightcom Group Limited,Communication Services,Advertising Agencies,9.350000381469727,False,872.1400000000001,False,False,-18.65,-38.05,False,7397.0,EXIT
SIMPLEXINF,Simplex Infrastructures Limited,Industrials,Engineering & Construction,235.63999938964844,False,40.01,False,False,-23.96,-27.26,False,6202.0,EXIT
INSECTICID,Insecticides (India) Limited,Basic Materials,Agricultural Inputs,663.5999755859375,False,139.42000000000002,True,False,-37.16,-40.88,False,2000.0,EXIT
GRMOVER,GRM Overseas Limited,Consumer Defensive,Packaged Foods,94.87999725341797,False,74.6,False,False,-20.88,-28.86,False,1379.0,EXIT
VIKRAN,VIKRAN,Industrials,Engineering & Construction,72.54000091552734,False,123.81,False,False,,,False,,EXIT
TBZ,Tribhovandas Bhimji Zaveri Limited,Consumer Cyclical,Luxury Goods,287.70001220703125,False,202.29999999999998,True,True,42.44,45.23,True,2620.0,HOLD
HINDWAREAP,Hindware Home Innovation Limited,Consumer Cyclical,"Furnishings, Fixtures & Appliances",222.22999572753906,False,56.620000000000005,False,False,-25.85,-22.9,False,2872.0,EXIT
CAPACITE,Capacit'e Infraprojects Limited,Industrials,Engineering & Construction,213.61000061035156,False,191.54,False,False,-30.4,-33.68,False,2350.0,EXIT
NUCLEUS,Nucleus Software Exports Limited,Technology,Software - Application,696.7000122070312,False,105.41,False,False,-35.64,-36.39,False,832.0,EXIT
KRISHNADEF,KRISHNADEF,Industrials,Specialty Industrial Machinery,1218.300048828125,False,34.230000000000004,True,True,49.49,46.02,True,194.0,HOLD
JINDRILL,Jindal Drilling & Industries Limited,Energy,Oil & Gas Equipment & Services,611.1500244140625,False,277.40000000000003,True,True,-14.36,-6.28,False,828.0,HOLD
JAICORPLTD,Jai Corp Limited,Basic Materials,Specialty Chemicals,103.83000183105469,False,169.26999999999998,True,False,-4.11,-7.92,False,748.0,EXIT
PFS,PTC India Financial Services Limited,Financial Services,Credit Services,28.40999984741211,False,271.46000000000004,False,False,-34.46,-34.57,False,,EXIT
IPL,India Pesticides Limited,Basic Materials,Agricultural Inputs,148.57000732421875,False,119.81,False,False,-34.12,-37.84,False,885.0,EXIT
WINDLAS,Windlas Biotech Limited,Healthcare,Drug Manufacturers - Specialty & Generic,867.7999877929688,False,66.45,False,True,-20.91,-15.15,False,760.0,EXIT
CEINSYS,Ceinsys Tech Limited,Industrials,Engineering & Construction,833.0999755859375,False,133.42,True,False,,,False,418.0,EXIT
NITTAGELA,Nitta Gelatin India Limited,Basic Materials,Specialty Chemicals,1729.199951171875,False,97.25,False,False,,,False,,EXIT
JAYBARMARU,Jay Bharat Maruti Limited,Consumer Cyclical,Auto Parts,162.1699981689453,False,139.68,True,True,84.64,87.32,True,2344.0,HOLD
STUDDS,STUDDS,Consumer Cyclical,Auto Parts,447.95001220703125,False,78.12,False,False,,,False,584.0,EXIT
BLUSPRING,Bluspring Enterprises Limited,Industrials,Specialty Business Services,114.77999877929688,False,34.05,False,True,26.58,23.17,True,3484.0,HOLD
SHALBY,Shalby Limited,Healthcare,Medical Care Facilities,163.83999633789062,False,37.38,False,False,-31.16,-25.33,False,1087.0,EXIT
MCLOUD,Magellanic Cloud Limited,Technology,Information Technology Services,29.229999542236328,False,114.22999999999999,True,False,-69.57,-70.11,False,600.0,EXIT
SURYODAY,Suryoday Small Finance Bank Limited,Financial Services,Banks - Regional,163.72999572753906,False,196.74,False,True,23.5,23.13,True,,HOLD
GOCOLORS,Go Fashion (India) Limited,Consumer Cyclical,Apparel Retail,323.79998779296875,False,53.41,False,False,-65.49,-62.44,False,190.0,EXIT
HITECH,Hi-Tech Pipes Limited,Basic Materials,Steel,85.48999786376953,False,76.17,True,False,-4.2,-8.01,False,3068.0,EXIT
BFINVEST,BF Investment Limited,Financial Services,Asset Management,483.0,False,282.01,False,True,-3.02,-3.27,False,1074.0,EXIT
KRSNAA,Krsnaa Diagnostics Limited,Healthcare,Diagnostics & Research,540.7999877929688,False,101.42999999999999,True,False,-45.95,-40.02,False,717.0,EXIT
ACCELYA,Accelya Solutions India Limited,Technology,Information Technology Services,1141.9000244140625,False,107.95,False,False,-22.35,-23.18,False,529.0,EXIT
MTNL,Mahanagar Telephone Nigam Limited,Communication Services,Telecom Services,28.110000610351562,False,3107.2500000000005,False,False,-24.01,-43.34,False,3398.0,EXIT
SMCGLOBAL,SMC Global Securities Limited,Financial Services,Capital Markets,79.94000244140625,False,81.36,False,True,9.01,8.71,True,1778.0,HOLD
AURUM,Aurum PropTech Limited,Real Estate,Real Estate Services,218.6199951171875,False,16.349999999999998,False,True,27.1,8.97,True,988.0,HOLD
DELTACORP,Delta Corp Limited,Consumer Cyclical,Resorts & Casinos,63.400001525878906,False,224.75,False,False,-32.44,-29.48,False,964.0,EXIT
MBEL,MBEL,Industrials,Engineering & Construction,294.70001220703125,False,92.64,False,False,,,False,909.0,EXIT
TARSONS,Tarsons Products Limited,Healthcare,Medical Instruments & Supplies,317.3999938964844,False,14.319999999999999,False,True,-25.66,-19.86,False,392.0,EXIT
YATRA,Yatra Online Limited,Consumer Cyclical,Travel Services,107.62999725341797,False,46.82,True,False,2.32,5.21,True,845.0,HOLD
SUMMITSEC,Summit Securities Limited,Financial Services,Capital Markets,1522.199951171875,False,65.09,False,False,-29.82,-29.95,False,141.0,EXIT
MAHASTEEL,Mahamaya Steel Industries Limited,Basic Materials,Steel,1027.0999755859375,True,9.6,True,True,186.83,182.48,True,802.0,ADD
VIDHIING,Vidhi Specialty Food Ingredients Limited,Basic Materials,Specialty Chemicals,340.8999938964844,False,53.25000000000001,False,True,-15.66,-19.43,False,537.0,EXIT
WENDT,Wendt (India) Limited,Industrials,Tools & Accessories,8206.0,False,18.03,False,True,-18.16,-21.47,False,234.0,EXIT
5PAISA,5paisa Capital Limited,Financial Services,Capital Markets,353.25,False,46.28,False,True,-12.08,-12.29,False,395.0,EXIT
SOLARWORLD,SOLARWORLD,Technology,Solar,184.6199951171875,False,117.00999999999999,False,False,,,False,545.0,EXIT
ASIANTILES,Asian Granito India Limited,Industrials,Building Products & Equipment,53.83000183105469,False,75.72,False,False,-9.46,-12.79,False,1564.0,EXIT
JISLDVREQS,Jain Irrigation Systems Limited,Industrials,Conglomerates,22.530000686645508,False,96.71,False,False,-22.96,-26.26,False,,EXIT
INFOBEAN,InfoBeans Technologies Limited,Technology,Software - Application,171.9499969482422,False,62.35,True,True,21.38,20.28,True,395.0,HOLD
MOTISONS,MOTISONS,Consumer Cyclical,Luxury Goods,14.25,False,63.7,False,True,-38.21,-35.23,False,,EXIT
MOBIKWIK,MOBIKWIK,Technology,Software - Infrastructure,214.77000427246094,False,78.97,True,True,-12.42,-13.31,False,1170.0,HOLD
SPMLINFRA,SPML Infra Limited,Industrials,Engineering & Construction,196.1300048828125,False,74.67999999999999,False,True,-33.97,-37.24,False,1701.0,EXIT
GARUDA,GARUDA,Industrials,Engineering & Construction,172.5,False,113.39,True,False,-5.4,-8.74,False,226.0,EXIT
DLINKINDIA,D-Link (India) Limited,Technology,Communication Equipment,450.79998779296875,False,104.05999999999999,False,True,-15.69,-16.56,False,1384.0,EXIT
WEL,Wonder Electricals Limited,Consumer Cyclical,"Furnishings, Fixtures & Appliances",123.0199966430664,False,9.12,False,False,-33.03,-30.06,False,894.0,EXIT
OMAXE,Omaxe Limited,Real Estate,Real Estate - Development,85.37999725341797,False,696.86,True,True,1.8,-16.01,False,1839.0,HOLD
GTLINFRA,GTL Infrastructure Limited,Technology,Communication Equipment,1.309999942779541,False,1631.05,True,True,-17.94,-18.8,False,1398.0,HOLD
WALCHANNAG,Walchandnagar Industries Limited,Industrials,Engineering & Construction,229.3300018310547,False,29.89,False,True,16.61,13.22,True,,HOLD
DOLPHIN,Dolphin Offshore Enterprises (India) Limited,Energy,Oil & Gas Equipment & Services,405.45001220703125,False,72.02,True,True,-18.3,-10.1,False,340.0,HOLD
DSSL,Dynacons Systems & Solutions Limited,Technology,Information Technology Services,1253.300048828125,False,84.69000000000001,True,True,22.54,21.44,True,1267.0,HOLD
SHANTIGOLD,SHANTIGOLD,Consumer Cyclical,Luxury Goods,219.61000061035156,False,145.06,False,True,-12.16,-9.24,False,1106.0,EXIT
VOEPL,Virtuoso Optoelectronics Limited,Technology,Consumer Electronics,498.45001220703125,True,22.79,False,False,,,False,,EXIT
PAUSHAKLTD,Paushak Limited,Basic Materials,Specialty Chemicals,652.7999877929688,True,39.32,False,False,,,False,,EXIT
IKIO,IKIO Technologies Limited,Technology,Electronic Components,201.5399932861328,False,38.09,False,True,-2.31,-3.26,False,486.0,EXIT
NAVKARCORP,Navkar Corporation Limited,Industrials,Integrated Freight & Logistics,103.26000213623047,False,38.07,False,True,-19.08,-22.39,False,371.0,EXIT
SESHAPAPER,Seshasayee Paper and Boards Limited,Basic Materials,Paper & Paper Products,237.8699951171875,False,92.03,False,False,-11.84,-15.62,False,2083.0,EXIT
ASALCBR,Associated Alcohols & Breweries Limited,Consumer Defensive,Beverages - Wineries & Distilleries,777.8499755859375,False,82.64,False,False,-19.42,-27.4,False,1075.0,EXIT
JAGSNPHARM,Jagsonpal Pharmaceuticals Limited,Healthcare,Drug Manufacturers - Specialty & Generic,235.3699951171875,False,45.47,False,True,-24.02,-18.24,False,269.0,EXIT
PNBGILTS,PNB Gilts Ltd.,Financial Services,Capital Markets,83.51000213623047,False,369.7,False,True,-24.64,-24.8,False,,EXIT
SIGNPOST,Signpost India Limited,Communication Services,Advertising Agencies,280.0,False,70.12,True,True,34.85,14.74,True,453.0,HOLD
ARFIN,Arfin India Limited,Basic Materials,Aluminum,85.48999786376953,False,15.44,False,True,126.2,122.02,True,616.0,HOLD
DIGITIDE,Digitide Solutions Limited,Industrials,Specialty Business Services,100.1500015258789,False,23.97,False,False,-56.79,-60.02,False,3269.0,EXIT
ONEPOINT,One Point One Solutions Limited,Industrials,Specialty Business Services,56.900001525878906,False,37.550000000000004,False,True,14.46,11.07,True,256.0,HOLD
IFGLEXPOR,IFGL Refractories Limited,Basic Materials,Building Materials,207.35000610351562,False,40.86,False,True,-14.16,-17.94,False,1653.0,EXIT
GPTINFRA,GPT Infraprojects Limited,Industrials,Engineering & Construction,114.0199966430664,False,97.31,True,True,-12.04,-15.37,False,1188.0,HOLD
DOLLAR,Dollar Industries Limited,Consumer Cyclical,Apparel Manufacturing,267.3999938964844,False,107.43,False,False,-37.48,-34.5,False,1710.0,EXIT
IVALUE,iValue Infosolutions Limited,Technology,Information Technology Services,274.70001220703125,False,103.66,False,True,,,False,1296.0,EXIT
SDBL,Som Distilleries & Breweries Limited,Consumer Defensive,Beverages - Brewers,71.41000366210938,False,121.55,True,False,-48.59,-56.39,False,1443.0,EXIT
CNL,Creative Newtech Limited,Technology,Electronics & Computer Distribution,1015.9000244140625,True,69.0,True,True,57.34,56.02,True,1783.0,ADD
RACLGEAR,RACL Geartech Limited,Consumer Cyclical,Auto Parts,1291.300048828125,False,48.949999999999996,True,True,28.33,31.15,True,415.0,HOLD
AMRUTANJAN,Amrutanjan Health Care Limited,Healthcare,Drug Manufacturers - Specialty & Generic,521.2000122070312,False,57.910000000000004,False,False,-34.14,-28.29,False,177.0,EXIT
IZMO,IZMO Limited,Technology,Software - Application,988.9000244140625,False,47.56,False,True,171.16,169.14,True,225.0,HOLD
AYMSYNTEX,AYM Syntex Limited,Consumer Cyclical,Textile Manufacturing,251.60000610351562,False,14.450000000000001,True,True,15.48,18.33,True,1489.0,HOLD
INDORAMA,Indo Rama Synthetics (India) Limited,Consumer Cyclical,Textile Manufacturing,63.4900016784668,False,161.20000000000002,False,True,18.22,21.07,True,4259.0,HOLD
ONIDA,Onida Electronics Limited,Consumer Cyclical,"Furnishings, Fixtures & Appliances",39.849998474121094,False,74.74,False,True,154.33,156.85,True,,HOLD
ASTEC,Astec LifeSciences Limited,Basic Materials,Agricultural Inputs,628.2999877929688,False,72.59,False,False,-29.81,-33.54,False,677.0,EXIT
MACPOWER,Macpower CNC Machines Limited,Industrials,Specialty Industrial Machinery,1457.800048828125,False,33.88,False,True,38.5,35.06,True,,HOLD
UGROCAP,UGRO Capital Limited,Financial Services,Credit Services,97.62999725341797,False,174.82,False,False,-47.39,-47.44,False,,EXIT
NINSYS,NINtec Systems Limited,Technology,Information Technology Services,751.5,False,32.010000000000005,True,True,72.76,71.35,True,140.0,HOLD
TEXINFRA,Texmaco Infrastructure & Holdings Limited,Real Estate,Real Estate Services,113.93000030517578,False,10.940000000000001,False,True,29.06,10.91,True,24.0,HOLD
IGPL,I G Petrochemicals Limited,Basic Materials,Chemicals,496.6499938964844,False,53.92,False,True,1.95,-1.88,False,2352.0,EXIT
ALLTIME,ALLTIME,Consumer Defensive,Household & Personal Products,221.9499969482422,False,35.41,False,False,,,False,558.0,EXIT
TTKHLTCARE,TTK Healthcare Limited,Healthcare,Drug Manufacturers - General,1049.199951171875,False,61.44,False,True,-27.39,-21.59,False,,EXIT
KAPSTON,Kapston Services Limited,Industrials,Specialty Business Services,525.9000244140625,True,28.139999999999997,True,True,102.04,98.45,True,689.0,ADD
SULA,Sula Vineyards Limited,Consumer Defensive,Beverages - Wineries & Distilleries,165.32000732421875,False,25.65,False,False,-38.54,-46.4,False,579.0,EXIT
SHRIRAMPPS,Shriram Properties Limited,Real Estate,Real Estate - Development,85.6500015258789,False,114.56,False,True,4.9,-12.94,False,865.0,EXIT
STEELXIND,Steel Exchange India Limited,Basic Materials,Steel,11.399999618530273,False,31.79,False,True,9.76,5.91,True,506.0,HOLD
ATULAUTO,Atul Auto Limited,Consumer Cyclical,Auto Manufacturers,563.3499755859375,False,42.260000000000005,False,True,19.26,22.1,True,667.0,HOLD
DIFFNKG,DIFFNKG,Industrials,Specialty Industrial Machinery,406.1000061035156,False,50.31999999999999,False,True,25.88,22.46,True,335.0,HOLD
IGARASHI,Igarashi Motors India Limited,Consumer Cyclical,Auto Parts,467.1499938964844,False,12.139999999999999,False,True,-27.55,-24.59,False,176.0,EXIT
CLSEL,Chaman Lal Setia Exports Ltd.,Consumer Defensive,Packaged Foods,292.29998779296875,False,114.77,False,True,-3.09,-11.19,False,,EXIT
PUNJABCHEM,Punjab Chemicals and Crop Protection Limited,Basic Materials,Chemicals,1151.9000244140625,False,63.959999999999994,False,True,-18.26,-22.03,False,1006.0,EXIT
BOROSCI,Borosil Scientific Limited,Consumer Cyclical,Packaging & Containers,153.4199981689453,False,42.94,True,True,-11.14,-8.23,False,434.0,HOLD
GALAPREC,GALAPREC,Industrials,Specialty Industrial Machinery,1090.5,False,35.480000000000004,False,True,29.73,26.31,True,238.0,HOLD
GPTHEALTH,GPT Healthcare Limited,Healthcare,Medical Care Facilities,163.94000244140625,False,42.22,False,True,-19.33,-13.58,False,337.0,EXIT
BHARATSE,Bharat Seats Limited,Consumer Cyclical,Auto Parts,223.36000061035156,False,42.23,True,True,93.47,96.14,True,1289.0,HOLD
JAGRAN,Jagran Prakashan Limited,Communication Services,Publishing,62.880001068115234,False,196.96999999999997,False,False,0.77,-18.89,False,2363.0,EXIT
QUADFUTURE,QUADFUTURE,Industrials,Railroads,360.95001220703125,False,45.230000000000004,False,True,-15.93,-19.25,False,,EXIT
KABRAEXTRU,Kabra Extrusiontechnik Limited,Industrials,Specialty Industrial Machinery,418.6000061035156,False,13.950000000000001,False,True,42.59,39.14,True,670.0,HOLD
UDS,Updater Services Limited,Industrials,Specialty Business Services,206.05999755859375,False,86.81,False,True,-28.98,-32.27,False,2736.0,EXIT
MOL,Meghmani Organics Limited,Basic Materials,Agricultural Inputs,54.36000061035156,False,71.3,False,False,-43.68,-47.38,False,2557.0,EXIT
DCW,DCW Limited,Basic Materials,Chemicals,46.72999954223633,False,48.18,False,False,-38.91,-42.62,False,1327.0,EXIT
SUMEETINDS,Sumeet Industries Limited,Consumer Cyclical,Textile Manufacturing,21.18000030517578,False,34.379999999999995,False,False,-20.29,-17.35,False,1406.0,EXIT
PNGSREVA,PNGSREVA,Consumer Cyclical,Luxury Goods,443.25,True,68.75,False,False,,,False,,EXIT
SPIC,Southern Petrochemical Industries Corporation Limited,Basic Materials,Agricultural Inputs,67.33999633789062,False,211.49,False,False,-29.22,-32.96,False,3086.0,EXIT
IMPAL,India Motor Parts & Accessories Limited,Consumer Cyclical,Auto Parts,1104.5999755859375,False,92.75,True,True,-1.18,1.71,False,741.0,HOLD
BHARATWIRE,Bharat Wire Ropes Limited,Basic Materials,Steel,202.77000427246094,False,72.45,False,True,12.55,8.7,True,622.0,HOLD
AEROENTER,Aeroflex Enterprises Limited,Basic Materials,Steel,123.30000305175781,False,64.23,False,True,19.68,15.81,True,578.0,HOLD
PASHUPATI,Pashupati Cotspin Limited,Consumer Cyclical,Textile Manufacturing,85.31999969482422,False,10.39,False,False,13.77,16.63,True,661.0,EXIT
GODAVARIB,GODAVARIB,Basic Materials,Chemicals,260.6499938964844,False,118.74,True,False,-16.26,-20.04,False,2015.0,EXIT
CENTENKA,Century Enka Limited,Consumer Cyclical,Textile Manufacturing,621.5999755859375,False,147.16,True,True,18.8,21.64,True,2072.0,HOLD
PRECAM,Precision Camshafts Limited,Consumer Cyclical,Auto Parts,143.30999755859375,False,51.25000000000001,False,False,-26.54,-23.58,False,1080.0,EXIT
CAPITALSFB,Capital Small Finance Bank Limited,Financial Services,Banks - Regional,295.6499938964844,False,147.79999999999998,False,True,-7.4,-7.63,False,,EXIT
FINOPB,Fino Payments Bank Limited,Financial Services,Banks - Regional,162.25,False,67.31,False,False,-41.3,-41.38,False,,EXIT
UNIENTER,Uniphos Enterprises Limited,Basic Materials,Chemicals,97.08000183105469,False,25.61,False,False,-38.99,-42.7,False,,EXIT
SKMEGGPROD,SKM Egg Products Export (India) Limited,Consumer Defensive,Packaged Foods,242.3300018310547,False,86.57,False,True,63.17,54.63,True,701.0,HOLD
KALAMANDIR,Sai Silks (Kalamandir) Limited,Consumer Cyclical,Apparel Retail,90.02999877929688,False,126.49000000000001,False,False,-55.55,-52.52,False,1462.0,EXIT
SURAKSHA,SURAKSHA,Healthcare,Diagnostics & Research,252.10000610351562,False,32.19,False,False,-27.0,-21.2,False,252.0,EXIT
ICEMAKE,Ice Make Refrigeration Limited,Industrials,Specialty Industrial Machinery,825.25,False,15.03,False,True,3.69,0.33,True,480.0,HOLD
NIITLTD,NIIT Limited,Consumer Defensive,Education & Training Services,96.86000061035156,False,20.84,False,True,-11.47,-19.51,False,513.0,EXIT
DEN,DEN Networks Limited,Communication Services,Entertainment,27.719999313354492,False,130.61,False,False,-11.81,-31.3,False,1307.0,EXIT
FAZE3Q,Faze Three Limited,Consumer Cyclical,Textile Manufacturing,551.25,False,43.97,False,True,-20.29,-17.35,False,690.0,EXIT
RATNAVEER,Ratnaveer Precision Engineering Limited,Basic Materials,Steel,205.7899932861328,False,67.59,False,True,43.87,39.92,True,,HOLD
JYOTISTRUC,Jyoti Structures Limited,Industrials,Specialty Industrial Machinery,11.600000381469727,False,56.03,False,True,-31.52,-34.8,False,3636.0,EXIT
BUTTERFLY,Butterfly Gandhimathi Appliances Limited,Consumer Cyclical,"Furnishings, Fixtures & Appliances",736.5,False,45.64,False,True,-5.16,-2.25,False,,EXIT
ELECTHERM,Electrotherm (India) Limited,Basic Materials,Steel,1008.0,False,98.42,False,True,10.17,6.32,True,4272.0,HOLD
SHREEPUSHK,Shree Pushkar Chemicals & Fertilisers Limited,Basic Materials,Specialty Chemicals,405.8500061035156,False,70.1,True,True,4.52,0.68,True,806.0,HOLD
RUPA,Rupa & Company Limited,Consumer Cyclical,Apparel Manufacturing,163.6300048828125,False,72.49,False,True,-30.12,-27.15,False,1430.0,EXIT
PLATIND,Platinum Industries Limited,Basic Materials,Specialty Chemicals,225.52999877929688,False,0.0,False,False,-19.53,-23.3,False,392.0,EXIT
ASIANHOTNR,Asian Hotels (North) Limited,Consumer Cyclical,Lodging,303.3500061035156,False,164.85000000000002,True,False,-13.28,-10.36,False,354.0,EXIT
MANAKCOAT,Manaksia Coated Metals & Industries Limited,Industrials,Metal Fabrication,120.08000183105469,False,26.729999999999997,True,False,-24.48,-27.78,False,782.0,EXIT
WAAREEINDO,Indosolar Limited,Technology,Solar,322.0,False,236.88,False,False,4.65,3.66,True,,EXIT
ROTO,Roto Pumps Limited,Industrials,Specialty Industrial Machinery,67.4800033569336,False,24.770000000000003,False,True,-23.92,-27.22,False,298.0,EXIT
DHANBANK,Dhanlaxmi Bank Limited,Financial Services,Banks - Regional,32.72999954223633,False,104.46000000000001,False,True,19.3,18.95,True,,HOLD
KROSS,KROSS,Consumer Cyclical,Auto Parts,203.38999938964844,False,57.81999999999999,False,True,10.33,13.19,True,,HOLD
RGL,Renaissance Global Limited,Consumer Cyclical,Luxury Goods,115.5,False,65.47,False,False,1.65,4.54,True,2591.0,EXIT
RUBYMILLS,The Ruby Mills Limited,Consumer Cyclical,Textile Manufacturing,369.75,False,43.56,False,True,44.93,47.71,True,260.0,HOLD
EXPLEOSOL,Expleo Solutions Limited,Technology,Information Technology Services,805.1500244140625,False,123.98,False,False,-35.1,-35.84,False,1025.0,EXIT
ARIHANT,Arihant Foundations & Housing Limited,Real Estate,Real Estate - Development,1137.9000244140625,True,60.63,False,False,,,False,,EXIT
EXCELINDUS,Excel Industries Limited,Basic Materials,Specialty Chemicals,1021.7000122070312,False,75.66999999999999,False,True,-24.99,-28.74,False,1178.0,EXIT
ALLDIGI,Alldigi Tech Limited,Industrials,Specialty Business Services,814.4000244140625,False,82.73,False,False,-22.54,-25.84,False,546.0,EXIT
SYNCOMF,Syncom Formulations (India) Limited,Healthcare,Drug Manufacturers - Specialty & Generic,13.1899995803833,False,76.43,True,False,-37.45,-31.58,False,463.0,EXIT
BLKASHYAP,B.L. Kashyap and Sons Limited,Industrials,Engineering & Construction,54.31999969482422,False,43.82,False,True,-29.35,-32.64,False,1349.0,EXIT
GULPOLY,Gulshan Polyols Limited,Basic Materials,Chemicals,198.5,False,107.33,True,True,18.97,15.1,True,2020.0,HOLD
OAL,Oriental Aromatics Limited,Basic Materials,Specialty Chemicals,378.8500061035156,False,7.15,False,True,1.33,-2.49,False,935.0,EXIT
GYFTR,Gyftr Limited,Industrials,Specialty Business Services,161.69000244140625,True,21.81,False,False,,,False,,EXIT
BHAGYANGR,Bhagyanagar India Limited,Basic Materials,Copper,387.45001220703125,False,59.15,True,True,319.79,315.07,True,1847.0,HOLD
ANDHRAPAP,Andhra Paper Limited,Basic Materials,Paper & Paper Products,61.9900016784668,False,59.14,False,False,-22.18,-25.94,False,,EXIT
AWHCL,Antony Waste Handling Cell Limited,Industrials,Waste Management,429.6499938964844,False,75.45,False,False,-30.39,-33.67,False,934.0,EXIT
HARIOMPIPE,Hariom Pipe Industries Limited,Basic Materials,Steel,402.70001220703125,False,75.69999999999999,True,True,-8.65,-12.45,False,1604.0,HOLD
INDOBORAX,Indo Borax & Chemicals Limited,Basic Materials,Chemicals,418.70001220703125,False,50.260000000000005,True,True,47.32,43.36,True,225.0,HOLD
ALLCARGO,Allcargo Logistics Limited,Industrials,Integrated Freight & Logistics,8.199999809265137,False,123.92,False,False,-77.93,-81.11,False,19062.0,EXIT
AGL,AGL,Industrials,Integrated Freight & Logistics,12.460000038146973,False,0.0,False,False,,,False,,EXIT
DOLATALGO,Dolat Algotech Limited,Financial Services,Capital Markets,67.55999755859375,False,128.93,False,False,-28.43,-28.57,False,530.0,EXIT
EKC,Everest Kanto Cylinder Limited,Industrials,Specialty Industrial Machinery,109.77999877929688,False,146.85000000000002,False,False,-14.88,-18.2,False,1699.0,EXIT
ORIENTTECH,ORIENTTECH,Technology,Information Technology Services,261.5,False,43.830000000000005,False,False,-11.73,-12.62,False,840.0,EXIT
STLNETWORK,STLNETWORK,Communication Services,Telecom Services,24.729999542236328,False,98.57,False,True,,,False,1180.0,EXIT
MENONBE,Menon Bearings Limited,Consumer Cyclical,Auto Parts,221.08999633789062,True,45.57,True,True,60.94,63.69,True,243.0,ADD
RSL,RSL,Basic Materials,Steel,142.88999938964844,True,21.369999999999997,False,False,,,False,,EXIT
GCSL,Gretex Corporate Services Limited,Financial Services,Capital Markets,508.75,True,18.69,False,True,,,False,262.0,EXIT
RAJRILTD,Raj Rayon Industries Limited,Consumer Cyclical,Textile Manufacturing,21.219999313354492,False,33.989999999999995,False,False,-27.59,-24.63,False,,EXIT
LAXMIDENTL,LAXMIDENTL,Healthcare,Medical Instruments & Supplies,218.1300048828125,False,28.98,False,False,-57.84,-51.84,False,239.0,EXIT
GREENPOWER,Orient Green Power Company Limited,Utilities,Utilities - Independent Power Producers,10.079999923706055,False,147.47,True,False,-21.62,-31.67,False,413.0,EXIT
APEX,Apex Frozen Foods Limited,Consumer Defensive,Farm Products,380.3999938964844,False,38.85,False,True,65.16,56.6,True,,HOLD
LINCOLN,Lincoln Pharmaceuticals Limited,Healthcare,Drug Manufacturers - Specialty & Generic,580.75,False,87.89000000000001,False,True,-1.87,3.76,False,623.0,EXIT
SEPC,SEPC Limited,Industrials,Engineering & Construction,6.019999980926514,False,53.540000000000006,True,False,-50.59,-53.83,False,1208.0,EXIT
SRM,SRM,Industrials,Engineering & Construction,496.3999938964844,False,111.02,False,True,5.97,2.61,True,528.0,HOLD
GENESYS,Genesys International Corporation Limited,Technology,Software - Application,298.75,False,32.57,False,False,-53.06,-53.69,False,284.0,EXIT
BAJAJHCARE,Bajaj HealthCare Limited,Healthcare,Drug Manufacturers - Specialty & Generic,340.3999938964844,False,64.05,False,False,-38.17,-32.3,False,,EXIT
ARIHANTSUP,Arihant Superstructures Limited,Real Estate,Real Estate - Development,259.8500061035156,False,32.58,False,False,-26.78,-44.22,False,510.0,EXIT
ULTRAMAR,Ultramarine & Pigments Limited,Basic Materials,Specialty Chemicals,385.20001220703125,False,80.79,False,False,,,False,,EXIT
CENTRUM,Centrum Capital Limited,Financial Services,Financial Conglomerates,24.09000015258789,False,165.4,True,False,-43.01,-43.08,False,9895.0,EXIT
RIIL,Reliance Industrial Infrastructure Limited,Industrials,Engineering & Construction,746.8499755859375,False,12.17,False,False,-14.21,-17.54,False,102.0,EXIT
UNITECH,Unitech Limited,Real Estate,Real Estate - Diversified,4.260000228881836,False,2455.74,True,False,-27.81,-45.23,False,3431.0,EXIT
GRPLTD,GRP Limited,Consumer Cyclical,Auto Parts,2028.699951171875,False,8.35,False,True,-18.87,-15.94,False,550.0,EXIT
MANALIPETC,Manali Petrochemicals Limited,Basic Materials,Specialty Chemicals,66.63999938964844,False,129.96,False,True,-0.3,-4.12,False,1672.0,EXIT
ANDHRSUGAR,The Andhra Sugars Limited,Basic Materials,Chemicals,85.4800033569336,False,83.22,False,True,10.71,6.86,True,2368.0,HOLD
ALICON,Alicon Castalloy Limited,Industrials,Metal Fabrication,702.75,False,34.440000000000005,False,False,-23.5,-26.81,False,1526.0,EXIT
AMNPLST,Amines & Plasticizers Limited,Basic Materials,Chemicals,197.50999450683594,False,36.53,False,True,-14.42,-18.2,False,661.0,EXIT
JINDALPHOT,Jindal Photo Limited,Financial Services,Asset Management,1064.0,False,222.42,False,False,19.03,18.68,True,1412.0,EXIT
ARROWGREEN,Arrow Greentech Limited,Consumer Cyclical,Packaging & Containers,727.5,False,47.35,False,True,-11.14,-8.23,False,243.0,EXIT
AVTNPL,AVT Natural Products Limited,Basic Materials,Specialty Chemicals,70.70999908447266,False,64.8,False,True,-7.98,-11.78,False,582.0,EXIT
GHCLTEXTIL,GHCL Textiles Limited,Consumer Cyclical,Textile Manufacturing,114.36000061035156,True,70.37,False,True,23.82,26.65,True,,HOLD
VHL,Vardhman Holdings Limited,Financial Services,Credit Services,3425.199951171875,False,216.02999999999997,False,False,-17.91,-18.09,False,70.0,EXIT
BCLIND,BCL Industries Limited,Consumer Defensive,Beverages - Wineries & Distilleries,37.88999938964844,False,114.97999999999999,True,True,-10.56,-18.61,False,2815.0,HOLD
MONTECARLO,Monte Carlo Fashions Limited,Consumer Cyclical,Apparel Manufacturing,533.0,False,144.6,True,False,-16.1,-13.17,False,1118.0,EXIT
DAMCAPITAL,DAMCAPITAL,Financial Services,Capital Markets,153.7100067138672,False,72.69,False,False,-34.04,-34.15,False,250.0,EXIT
HITECHGEAR,The Hi-Tech Gears Limited,Consumer Cyclical,Auto Parts,574.5499877929688,False,20.979999999999997,False,False,-26.69,-23.73,False,1169.0,EXIT
JPOLYINVST,Jindal Poly Investment and Finance Company Limited,Financial Services,Asset Management,1029.199951171875,False,857.5099999999999,True,False,30.08,29.68,True,3125.0,HOLD
MADRASFERT,Madras Fertilizers Limited,Basic Materials,Agricultural Inputs,66.76000213623047,False,80.42,False,False,-29.47,-33.2,False,,EXIT
SHREDIGCEM,Shree Digvijay Cement Company Limited,Basic Materials,Building Materials,73.93000030517578,False,35.53,False,False,-13.49,-17.27,False,792.0,EXIT
MWL,MWL,Basic Materials,Steel,37.900001525878906,True,51.89,False,True,108.54,104.41,True,1060.0,HOLD
GANDHITUBE,Gandhi Special Tubes Limited,Industrials,Metal Fabrication,881.2000122070312,False,68.36,True,True,11.44,8.06,True,173.0,HOLD
CREST,Crest Ventures Limited,Financial Services,Financial Conglomerates,389.70001220703125,False,48.51,False,True,1.61,1.34,True,,HOLD
STEL,STEL Holdings Limited,Financial Services,Asset Management,565.75,False,11.99,False,True,33.51,33.09,True,22.0,HOLD
NELCAST,Nelcast Limited,Industrials,Metal Fabrication,121.3499984741211,False,48.81,False,False,-29.88,-33.17,False,1267.0,EXIT
IRMENERGY,IRM Energy Limited,Utilities,Utilities - Regulated Gas,265.0,False,53.220000000000006,False,False,-6.3,-16.76,False,980.0,EXIT
ARIS,Arisinfra Solutions Limited,Industrials,Engineering & Construction,129.94000244140625,False,52.72,True,True,-14.61,-17.93,False,768.0,HOLD
TNPL,Tamil Nadu Newsprint and Papers Limited,Basic Materials,Paper & Paper Products,154.8800048828125,False,276.6,False,True,-1.92,-5.73,False,,EXIT
JARO,JARO,Consumer Defensive,Education & Training Services,472.54998779296875,False,50.44,False,False,,,False,199.0,EXIT
SALZERELEC,Salzer Electronics Limited,Industrials,Electrical Equipment & Parts,591.2999877929688,False,52.94,True,False,-29.83,-33.12,False,1418.0,EXIT
LGHL,LGHL,Consumer Cyclical,Luxury Goods,201.30999755859375,False,10.83,True,False,-39.0,-36.01,False,202.0,EXIT
HMAAGRO,HMA Agro Industries Limited,Consumer Defensive,Packaged Foods,20.889999389648438,False,164.75,False,False,-28.81,-36.73,False,4862.0,EXIT
EIMCOELECO,Eimco Elecon (India) Limited,Industrials,Farm & Heavy Construction Machinery,1837.800048828125,False,48.74000000000001,True,True,-24.82,-28.12,False,228.0,HOLD
WANBURY,Wanbury Limited,Healthcare,Drug Manufacturers - Specialty & Generic,286.20001220703125,False,66.13,False,True,-4.02,1.63,False,661.0,EXIT
AFSL,Abans Financial Services Limited,Financial Services,Capital Markets,201.72000122070312,False,104.07000000000001,False,False,-13.3,-13.5,False,4377.0,EXIT
SALASAR,Salasar Techno Engineering Limited,Basic Materials,Steel,5.900000095367432,False,42.199999999999996,False,False,-18.35,-22.12,False,1447.0,EXIT
BALAJITELE,Balaji Telefilms Limited,Communication Services,Entertainment,84.54000091552734,False,49.089999999999996,False,False,4.64,-15.06,False,625.0,EXIT
SUYOG,Suyog Telematics Limited,Communication Services,Telecom Services,865.7000122070312,False,63.06,False,True,16.37,-3.5,False,193.0,EXIT
NAHARSPING,Nahar Spinning Mills Limited,Consumer Cyclical,Textile Manufacturing,311.1499938964844,False,56.940000000000005,False,True,22.05,24.88,True,,HOLD
MUNJALAU,Munjal Auto Industries Limited,Consumer Cyclical,Auto Parts,103.68000030517578,False,40.74,False,True,31.97,34.79,True,2123.0,HOLD
RSWM,RSWM Limited,Consumer Cyclical,Textile Manufacturing,224.75999450683594,False,52.02,False,True,39.25,42.05,True,4826.0,HOLD
MASTERTR,Master Trust Limited,Financial Services,Capital Markets,84.8499984741211,False,126.08999999999999,False,False,-52.21,-52.25,False,584.0,EXIT
AVADHSUGAR,Avadh Sugar & Energy Limited,Consumer Defensive,Confectioners,558.7000122070312,False,87.31,False,True,24.2,15.92,True,,HOLD
KRISHIVAL,KRISHIVAL,Consumer Defensive,Packaged Foods,389.3500061035156,False,21.48,True,True,6.48,-1.68,False,202.0,HOLD
BIRLANU,BirlaNu Limited,Industrials,Building Products & Equipment,1341.300048828125,False,119.52,False,False,-41.34,-44.6,False,3615.0,EXIT
FAIRCHEMOR,Fairchem Organics Limited,Basic Materials,Specialty Chemicals,813.0,False,14.569999999999999,False,True,-10.1,-13.89,False,,EXIT
GKSL,GKSL,Healthcare,Medical Care Facilities,127.73999786376953,False,17.060000000000002,False,False,,,False,40.24,EXIT
GEMAROMA,GEMAROMA,Basic Materials,Chemicals,196.2100067138672,False,36.18,False,True,,,False,504.0,EXIT
GAUDIUMIVF,GAUDIUMIVF,Healthcare,Medical Care Facilities,134.75,False,21.849999999999998,False,False,,,False,71.0,EXIT
MAMATA,MAMATA,Industrials,Specialty Industrial Machinery,403.1499938964844,False,15.06,False,False,-18.68,-21.99,False,255.0,EXIT
HIMATSEIDE,Himatsingka Seide Limited,Consumer Cyclical,Textile Manufacturing,80.98999786376953,False,61.97,False,False,-46.94,-43.94,False,3184.0,EXIT
BIL,Bhartiya International Ltd.,Consumer Cyclical,Footwear & Accessories,760.8499755859375,False,30.990000000000002,False,False,-23.65,-20.7,False,1029.0,EXIT
SIGACHI,Sigachi Industries Limited,Healthcare,Drug Manufacturers - Specialty & Generic,26.610000610351562,False,121.52999999999999,False,True,-37.65,-31.78,False,488.0,EXIT
WEALTH,Wealth First Portfolio Managers Limited,Financial Services,Capital Markets,939.25,False,38.67,False,False,-28.98,-29.11,False,331.0,EXIT
ZUARI,Zuari Agro Chemicals Limited,Basic Materials,Agricultural Inputs,233.27000427246094,False,969.86,True,False,-25.06,-28.81,False,8103.0,EXIT
SOLEX,SOLEX,Technology,Solar,946.7999877929688,False,86.16,True,False,-34.88,-35.63,False,662.0,EXIT
AMBIKCO,Ambika Cotton Mills Limited,Consumer Cyclical,Textile Manufacturing,1778.9000244140625,False,71.56,False,True,10.89,13.76,True,,HOLD
HEALTHX,Health X Platform Limited,Healthcare,Pharmaceutical Retailers,315.0,False,48.900000000000006,False,True,0.16,5.78,True,,HOLD
THEMISMED,Themis Medicare Limited,Healthcare,Drug Manufacturers - Specialty & Generic,107.05999755859375,False,36.82,False,True,-8.9,-3.22,False,406.0,EXIT
YUKEN,Yuken India Limited,Industrials,Specialty Industrial Machinery,718.5999755859375,False,15.489999999999998,False,False,-34.23,-37.51,False,457.0,EXIT
GKWLIMITED,GKW Limited,Industrials,Specialty Business Services,1660.199951171875,False,40.09,True,False,-6.98,-10.32,False,117.78,EXIT
PRECOT,Precot Limited,Consumer Cyclical,Textile Manufacturing,819.0,True,28.29,False,True,32.36,35.18,True,993.0,HOLD
KAMDHENU,Kamdhenu Limited,Basic Materials,Steel,34.54999923706055,False,85.62,True,True,14.16,10.3,True,924.0,HOLD
MAFATIND,Mafatlal Industries Limited,Unknown,Unknown,134.61000061035156,False,89.98,False,False,,,False,,EXIT
CONSOFINVT,Consolidated Finvest & Holdings Limited,Financial Services,Capital Markets,295.75,False,63.26,False,True,46.35,45.87,True,,HOLD
UNIECOM,UNIECOM,Technology,Software - Application,86.20999908447266,False,20.45,False,False,-31.72,-32.49,False,135.0,EXIT
DENTA,DENTA,Industrials,Engineering & Construction,364.04998779296875,False,60.900000000000006,False,True,15.87,12.47,True,239.0,HOLD
RAJOOENG,Rajoo Engineers Limited,Industrials,Specialty Industrial Machinery,52.45000076293945,False,50.84,True,False,-53.07,-56.31,False,254.0,EXIT
PRIMESECU,Prime Securities Limited,Financial Services,Capital Markets,277.45001220703125,False,29.290000000000003,False,False,-3.88,-4.13,False,89.0,EXIT
SURAJEST,SURAJEST,Real Estate,Real Estate - Development,201.67999267578125,False,75.47,False,False,-17.43,-34.99,False,549.0,EXIT
SGIL,Synergy Green Industries Limited,Industrials,Metal Fabrication,592.2000122070312,True,7.64,False,True,10.58,7.2,True,,HOLD
GAYAPROJ,Gayatri Projects Limited,Industrials,Engineering & Construction,19.979999542236328,False,2272.04,False,True,124.93,121.29,True,,HOLD
BHAGERIA,Bhageria Industries Limited,Basic Materials,Specialty Chemicals,219.57000732421875,False,68.44,False,True,8.27,4.43,True,597.0,HOLD
INDOAMIN,Indo Amines Limited,Basic Materials,Chemicals,126.23999786376953,False,79.33,True,True,-16.85,-20.62,False,1079.0,HOLD
MICEL,MIC Electronics Limited,Technology,Electronic Components,38.650001525878906,False,25.47,False,False,-28.44,-29.23,False,218.0,EXIT
SWELECTES,Swelect Energy Systems Limited,Technology,Solar,613.5,False,55.17,False,False,-12.5,-13.39,False,622.0,EXIT
KOPRAN,Kopran Limited,Healthcare,Drug Manufacturers - General,190.27000427246094,False,45.580000000000005,False,True,9.07,14.63,True,630.0,HOLD
TVSELECT,TVS Electronics Limited,Technology,Computer Hardware,495.6000061035156,False,8.36,False,True,14.11,13.06,True,4112.0,HOLD
WCIL,WCIL,Industrials,Integrated Freight & Logistics,90.4800033569336,False,38.82,False,False,-15.82,-19.14,False,1726.0,EXIT
ESTER,Ester Industries Limited,Basic Materials,Specialty Chemicals,86.66999816894531,False,43.22,False,False,-24.36,-28.11,False,1282.0,EXIT
IFBAGRO,IFB Agro Industries Limited,Consumer Defensive,Beverages - Wineries & Distilleries,984.0,False,59.650000000000006,True,False,15.91,7.69,True,1246.0,HOLD
STERTOOLS,Sterling Tools Limited,Industrials,Tools & Accessories,255.0500030517578,False,29.330000000000005,False,True,-26.71,-30.01,False,1026.0,EXIT
CONTROLPR,Control Print Limited,Industrials,Business Equipment & Supplies,571.4500122070312,False,38.959999999999994,False,False,-25.19,-28.49,False,425.0,EXIT
KECL,Kirloskar Electric Company Limited,Industrials,Specialty Industrial Machinery,135.25999450683594,False,15.13,False,True,8.17,4.8,True,680.0,HOLD
VHLTD,Viceroy Hotels Limited,Consumer Cyclical,Lodging,133.0,False,24.36,False,False,19.04,21.88,True,138.0,EXIT
MAXIND,Max India Limited,Healthcare,Medical Care Facilities,174.63999938964844,False,121.85000000000001,False,True,-27.81,-22.0,False,233.0,EXIT
DHARMAJ,Dharmaj Crop Guard Limited,Basic Materials,Agricultural Inputs,269.8500061035156,False,54.650000000000006,True,True,-18.79,-22.56,False,951.0,HOLD
IRISDOREME,Iris Clothings Limited,Consumer Cyclical,Apparel Manufacturing,53.52000045776367,False,16.55,False,True,63.0,65.74,True,,HOLD
MATRIMONY,Matrimony.com Limited,Communication Services,Internet Content & Information,430.95001220703125,False,34.17,False,False,-6.57,-26.13,False,481.0,EXIT
PDMJEPAPER,Pudumjee Paper Products Limited,Basic Materials,Paper & Paper Products,96.30000305175781,False,93.59,False,True,-24.21,-27.96,False,,EXIT
SICALLOG,Sical Logistics Limited,Industrials,Integrated Freight & Logistics,106.91000366210938,False,72.93,True,True,-4.66,-8.0,False,1303.0,HOLD
STANLEY,STANLEY,Consumer Cyclical,"Furnishings, Fixtures & Appliances",155.8800048828125,False,14.9,False,False,-59.57,-56.53,False,432.0,EXIT
BSHSL,Bombay Super Hybrid Seeds Limited,Basic Materials,Agricultural Inputs,86.0,False,23.14,False,False,-37.77,-41.48,False,,EXIT
EXCELSOFT,EXCELSOFT,Technology,Software - Application,82.98999786376953,False,53.39,False,False,,,False,233.0,EXIT
BODALCHEM,Bodal Chemicals Limited,Basic Materials,Specialty Chemicals,73.97000122070312,False,47.82000000000001,False,True,2.0,-1.83,False,2055.0,EXIT
SEJALLTD,Sejal Glass Limited,Industrials,Building Products & Equipment,742.5499877929688,False,24.490000000000002,False,True,48.22,44.76,True,244.0,HOLD
FINKURVE,Finkurve Financial Services Limited,Financial Services,Credit Services,59.720001220703125,False,26.029999999999998,True,False,,,False,,EXIT
SCODATUBES,Scoda Tubes Limited,Basic Materials,Steel,150.82000732421875,False,38.839999999999996,False,True,-22.7,-26.46,False,,EXIT
LIKHITHA,Likhitha Infrastructure Limited,Energy,Oil & Gas Equipment & Services,226.10000610351562,False,39.209999999999994,False,True,-30.49,-21.96,False,520.0,EXIT
DHAMPURSUG,Dhampur Sugar Mills Limited,Consumer Defensive,Confectioners,143.83999633789062,False,80.85999999999999,False,True,7.31,-0.85,False,3484.0,EXIT
MODISONLTD,Modison Limited,Industrials,Electrical Equipment & Parts,281.79998779296875,False,72.53,True,True,67.14,63.63,True,490.0,HOLD
NDTV,New Delhi Television Limited,Communication Services,Broadcasting,77.38999938964844,False,330.12,True,False,-28.75,-48.01,False,571.0,EXIT
HEXATRADEX,Hexa Tradex Limited,Financial Services,Credit Services,157.89999389648438,False,8.72,False,False,-17.17,-17.36,False,133.23,EXIT
JITFINFRA,JITF Infralogistics Limited,Industrials,Engineering & Construction,345.25,False,48.14,False,True,0.26,-3.09,False,2535.0,EXIT
TNPETRO,Tamilnadu Petroproducts Limited,Basic Materials,Specialty Chemicals,97.8499984741211,False,97.46000000000001,False,True,1.28,-2.54,False,2150.0,EXIT
COMSYN,Commercial Syn Bags Limited,Consumer Cyclical,Packaging & Containers,208.72000122070312,True,26.31,False,True,51.16,53.92,True,341.0,HOLD
BORANA,BORANA,Consumer Cyclical,Textile Manufacturing,318.8500061035156,False,64.61,False,True,37.48,40.28,True,,HOLD
KOKUYOCMLN,Kokuyo Camlin Limited,Industrials,Business Equipment & Supplies,85.93000030517578,False,24.78,True,False,-26.9,-30.19,False,689.0,EXIT
OMINFRAL,Om Infra Limited,Industrials,Engineering & Construction,91.5999984741211,False,22.529999999999998,False,False,-24.33,-27.63,False,1114.0,EXIT
ARIHANTCAP,Arihant Capital Markets Limited,Financial Services,Capital Markets,77.4800033569336,False,40.25,False,False,-27.04,-27.18,False,241.0,EXIT
ROHLTD,Royal Orchid Hotels Limited,Consumer Cyclical,Lodging,313.79998779296875,False,32.18,False,False,-27.6,-24.64,False,319.0,EXIT
TEMBO,Tembo Global Industries Limited,Industrials,Metal Fabrication,560.4000244140625,False,96.35,True,False,10.48,7.1,True,744.0,HOLD
ORICONENT,Oricon Enterprises Limited,Consumer Cyclical,Packaging & Containers,54.2400016784668,False,34.12,False,False,1.31,4.2,True,1167.0,EXIT
UTTAMSUGAR,Uttam Sugar Mills Limited,Consumer Defensive,Confectioners,240.4499969482422,False,100.28,False,True,-4.14,-12.23,False,2047.0,EXIT
RADHIKAJWE,Radhika Jeweltech Limited,Consumer Cyclical,Luxury Goods,71.22000122070312,False,74.78999999999999,False,True,-33.69,-30.72,False,,EXIT
REGAAL,REGAAL,Consumer Defensive,Packaged Foods,85.97000122070312,False,55.57,False,True,,,False,915.0,EXIT
DVL,Dhunseri Ventures Limited,Financial Services,Capital Markets,245.88999938964844,False,112.34,False,False,-34.22,-34.33,False,4172.0,EXIT
KRYSTAL,KRYSTAL,Industrials,Specialty Business Services,602.2000122070312,False,55.46,False,True,-7.77,-11.11,False,1113.0,EXIT
SYSTMTXC,Systematix Corporate Services Limited,Financial Services,Capital Markets,60.220001220703125,False,28.640000000000004,False,False,,,False,168.0,EXIT
SUDARCOLOR,Sudarshan Colorants India Limited,Basic Materials,Specialty Chemicals,369.29998779296875,False,48.519999999999996,False,False,-38.77,-42.48,False,973.0,EXIT
SALSTEEL,S.A.L. Steel Limited,Basic Materials,Steel,57.689998626708984,False,21.060000000000002,False,True,250.68,246.15,True,,HOLD
SRHHYPOLTD,Sree Rayalaseema Hi-Strength Hypo Limited,Basic Materials,Chemicals,494.1000061035156,False,89.50999999999999,False,False,-21.52,-25.27,False,1650.0,EXIT
RITCO,Ritco Logistics Limited,Industrials,Integrated Freight & Logistics,301.25,False,36.07,False,True,7.52,4.15,True,1187.0,HOLD
SVLL,Shree Vasu Logistics Limited,Industrials,Trucking,736.4000244140625,False,4.04,False,True,-8.21,-11.55,False,,EXIT
QUICKHEAL,Quick Heal Technologies Limited,Technology,Software - Application,159.3000030517578,False,35.31,False,False,-53.15,-53.78,False,342.0,EXIT
OCCLLTD,OCCL Limited,Basic Materials,Chemicals,174.32000732421875,True,47.71,False,True,13.16,9.31,True,,HOLD
TIRUPATIFL,Tirupati Forge Limited,Industrials,Metal Fabrication,73.0999984741211,False,6.29,False,True,87.51,83.96,True,,HOLD
NCLIND,NCL Industries Limited,Basic Materials,Building Materials,182.4499969482422,False,95.39,False,False,-16.09,-19.86,False,2104.0,EXIT
KOTHARIPET,Kothari Petrochemicals Limited,Basic Materials,Specialty Chemicals,147.13999938964844,False,72.5,True,True,-6.44,-10.24,False,334.0,HOLD
MVGJL,Manoj Vaibhav Gems 'N' Jewellers Limited,Consumer Cyclical,Luxury Goods,170.6999969482422,False,114.98,False,True,-24.37,-21.42,False,,EXIT
SUPREMEINF,Supreme Infrastructure India Limited,Industrials,Engineering & Construction,84.16999816894531,False,6815.37,True,True,-28.54,-31.83,False,2570.0,HOLD
CIFL,Capital India Finance Limited,Financial Services,Credit Services,20.760000228881836,False,50.75,True,False,-43.14,-43.21,False,,EXIT
RMDRIP,RMDRIP,Industrials,Farm & Heavy Construction Machinery,18.6200008392334,False,35.1,True,False,-54.34,-57.57,False,131.0,EXIT
GANESHBE,Ganesh Benzoplast Limited,Basic Materials,Specialty Chemicals,113.63999938964844,False,73.33,False,True,21.73,17.85,True,477.0,HOLD
ECOSMOBLTY,ECOSMOBLTY,Industrials,Rental & Leasing Services,135.1999969482422,False,57.58,False,False,-56.35,-59.57,False,642.0,EXIT
NRAIL,N R Agarwal Industries Limited,Basic Materials,Paper & Paper Products,488.1499938964844,False,46.65,False,True,32.31,28.39,True,,HOLD
ADVANCE,ADVANCE,Basic Materials,Agricultural Inputs,124.55999755859375,False,27.78,False,True,,,False,496.0,EXIT
VLSFINANCE,VLS Finance Limited,Financial Services,Capital Markets,254.64999389648438,False,170.82999999999998,False,True,5.84,5.54,True,4625.0,HOLD
ANUHPHR,Anuh Pharma Limited,Healthcare,Drug Manufacturers - Specialty & Generic,80.41000366210938,False,41.040000000000006,False,True,-26.93,-21.13,False,,EXIT
ADVENTHTL,Advent Hotels International Limited,Consumer Cyclical,Lodging,147.8800048828125,False,56.67,True,False,,,False,0.0,EXIT
GICHSGFIN,GIC Housing Finance Limited,Financial Services,Mortgage Finance,148.10000610351562,False,154.82,False,False,-26.16,-26.3,False,,EXIT
ASAL,Automotive Stampings and Assemblies Limited,Consumer Cyclical,Auto Parts,507.8500061035156,False,29.83,False,True,-2.29,0.6,False,,EXIT
SADHNANIQ,Sadhana Nitro Chem Limited,Basic Materials,Chemicals,2.7899999618530273,False,86.43,True,False,-60.12,-63.77,False,267.0,EXIT
SARLAPOLY,Sarla Performance Fibers Limited,Consumer Cyclical,Textile Manufacturing,101.51000213623047,False,106.14999999999999,True,True,-17.5,-14.57,False,426.0,HOLD
MEIL,MEIL,Industrials,Electrical Equipment & Parts,289.0,False,53.37,False,False,,,False,549.0,EXIT
EIFFL,Euro India Fresh Foods Limited,Consumer Defensive,Packaged Foods,299.1000061035156,False,7.23,False,True,27.82,19.52,True,,HOLD
SOUTHWEST,South West Pinnacle Exploration Limited,Energy,Oil & Gas Equipment & Services,240.44000244140625,False,39.97,True,True,61.39,67.37,True,180.0,HOLD
AHCL,AHCL,Healthcare,Drug Manufacturers - Specialty & Generic,14.710000038146973,False,41.62,False,True,,,False,,EXIT
DECCANCE,Deccan Cements Limited,Basic Materials,Building Materials,556.0,False,29.7,True,False,-46.38,-50.07,False,527.0,EXIT
INDOFARM,INDOFARM,Industrials,Farm & Heavy Construction Machinery,161.60000610351562,False,74.69,True,False,-21.02,-24.33,False,368.0,EXIT
PVSL,Popular Vehicles and Services Limited,Consumer Cyclical,Auto & Truck Dealerships,107.19000244140625,False,14.96,False,False,-21.04,-18.1,False,5616.0,EXIT
ZUARIIND,Zuari Industries Limited,Industrials,Conglomerates,259.3500061035156,False,221.74,True,False,-12.64,-15.96,False,871.0,EXIT
HARDWYN,Hardwyn India Limited,Industrials,Building Products & Equipment,11.229999542236328,False,13.2,False,False,11.02,7.64,True,184.0,EXIT
MODIS,Modi's Navnirman Limited,Real Estate,Real Estate - Development,398.54998779296875,True,25.700000000000003,True,False,,,False,74.97,EXIT
BIRLAMONEY,Aditya Birla Money Limited,Financial Services,Capital Markets,134.25,False,59.46,True,False,-26.69,-26.84,False,164.0,EXIT
ELDEHSG,Eldeco Housing and Industries Limited,Real Estate,Real Estate Services,803.5,False,24.279999999999998,False,False,21.51,3.45,True,169.0,EXIT
PATELRMART,PATELRMART,Consumer Cyclical,Department Stores,226.77999877929688,False,39.300000000000004,False,True,,,False,,EXIT
KELLTONTEC,Kellton Tech Solutions Limited,Technology,Software - Application,14.270000457763672,False,91.33,True,False,-53.62,-54.25,False,1098.0,EXIT
BAJAJINDEF,BAJAJINDEF,Industrials,Farm & Heavy Construction Machinery,234.8000030517578,False,23.619999999999997,False,False,-46.36,-49.61,False,179.0,EXIT
PROSTARM,PROSTARM,Industrials,Electrical Equipment & Parts,135.8699951171875,False,32.96,False,False,-41.5,-44.76,False,351.0,EXIT
VALIANTORG,Valiant Organics Limited,Basic Materials,Chemicals,280.0,False,33.239999999999995,False,True,-18.34,-22.1,False,1153.0,EXIT
AGARIND,Agarwal Industrial Corporation Limited,Basic Materials,Specialty Chemicals,514.9500122070312,False,43.57,False,False,-47.94,-51.62,False,2399.0,EXIT
MMP,MMP Industries Limited,Basic Materials,Aluminum,294.6499938964844,False,41.83,True,True,12.84,8.98,True,692.0,HOLD
VASCONEQ,Vascon Engineers Limited,Industrials,Engineering & Construction,33.2599983215332,False,48.9,False,False,-39.15,-42.41,False,1077.0,EXIT
SANDESH,The Sandesh Limited,Communication Services,Publishing,989.5999755859375,False,134.92,False,False,0.59,-19.06,False,419.0,EXIT
TRANSPEK,Transpek Industry Limited,Basic Materials,Chemicals,1414.5,True,45.65,False,False,,,False,,EXIT
VISAKAIND,Visaka Industries Limited,Industrials,Building Products & Equipment,86.98999786376953,False,102.80000000000001,False,True,-0.34,-3.7,False,1653.0,EXIT
LOKESHMACH,Lokesh Machines Limited,Industrials,Specialty Industrial Machinery,335.1000061035156,False,1.85,False,True,70.35,66.83,True,,HOLD
XCHANGING,Xchanging Solutions Limited,Technology,Information Technology Services,67.6500015258789,False,57.839999999999996,False,False,-26.88,-27.68,False,307.0,EXIT
NRL,Nupur Recyclers Limited,Industrials,Waste Management,108.72000122070312,False,14.219999999999999,False,True,47.72,44.26,True,240.0,HOLD
GEECEE,GeeCee Ventures Limited,Real Estate,Real Estate - Development,361.45001220703125,False,42.09,False,True,10.4,-7.51,False,201.0,EXIT
MAANALU,Maan Aluminium Limited,Basic Materials,Aluminum,126.77999877929688,False,13.030000000000001,True,False,4.5,0.67,True,42.16,HOLD
PREMIERPOL,Premier Polyfilm Ltd.,Basic Materials,Specialty Chemicals,73.55999755859375,False,34.949999999999996,False,True,45.47,41.52,True,,HOLD
STCINDIA,The State Trading Corporation of India Limited,Industrials,Conglomerates,119.66000366210938,False,641.5699999999999,True,False,-5.49,-8.84,False,15539.0,EXIT
GLOSTERLTD,Gloster Limited,Consumer Cyclical,Textile Manufacturing,668.5999755859375,False,19.62,False,True,-0.73,2.16,False,735.0,EXIT
VIVIANA,VIVIANA,Industrials,Engineering & Construction,717.9000244140625,False,0.0,False,False,-43.78,-47.03,False,,EXIT
GANESHCP,GANESHCP,Consumer Defensive,Packaged Foods,177.8000030517578,False,147.21,False,False,,,False,,EXIT
BLAL,BEML Land Assets Limited,Financial Services,Shell Companies,174.6199951171875,False,4.23,False,False,-21.03,-21.21,False,,EXIT
HERANBA,Heranba Industries Limited,Basic Materials,Agricultural Inputs,182.74000549316406,False,88.61999999999999,False,False,-52.15,-55.82,False,1410.0,EXIT
DPSCLTD,India Power Corporation Limited,Utilities,Utilities - Regulated Electric,7.53000020980835,False,12.82,False,False,-36.31,-45.97,False,833.0,EXIT
EVERESTIND,Everest Industries Limited,Industrials,Building Products & Equipment,462.8500061035156,False,188.86999999999998,True,True,-16.09,-19.41,False,1707.0,HOLD
DMCC,DMCC Speciality Chemicals Limited,Basic Materials,Chemicals,278.0,False,27.33,False,True,-9.88,-13.67,False,431.0,EXIT
MAGADSUGAR,Magadh Sugar & Energy Limited,Consumer Defensive,Confectioners,534.9500122070312,False,84.21,False,True,0.99,-7.14,False,,EXIT
UNITEDPOLY,United Polyfab Gujarat Limited,Consumer Cyclical,Textile Manufacturing,29.729999542236328,False,25.43,True,False,-13.58,-10.66,False,908.0,EXIT
PVP,PVP Ventures Limited,Industrials,Conglomerates,27.100000381469727,False,7.38,False,False,35.26,31.82,True,159.97,EXIT
HMVL,Hindustan Media Ventures Limited,Communication Services,Publishing,95.08000183105469,False,48.690000000000005,False,True,21.88,1.95,True,933.0,HOLD
CCCL,Consolidated Construction Consortium Limited,Industrials,Engineering & Construction,15.729999542236328,False,88.95,False,False,-5.25,-8.6,False,882.0,EXIT
WELINV,Welspun Investments and Commercials Limited,Financial Services,Capital Markets,1869.9000244140625,True,3.95,False,True,71.91,71.33,True,,HOLD
JAYAGROGN,Jayant Agro-Organics Limited,Basic Materials,Specialty Chemicals,230.9499969482422,False,50.41,False,True,-7.26,-11.06,False,2778.0,EXIT
DWARKESH,Dwarikesh Sugar Industries Limited,Consumer Defensive,Confectioners,39.0,False,131.2,False,False,-3.34,-11.43,False,,EXIT
SUBEXLTD,Subex Limited,Technology,Software - Application,12.850000381469727,False,28.53,False,True,-4.04,-4.98,False,372.0,EXIT
KUANTUM,Kuantum Papers Limited,Basic Materials,Paper & Paper Products,79.3499984741211,False,41.949999999999996,False,False,-39.12,-42.83,False,,EXIT
MANBA,MANBA,Financial Services,Credit Services,137.2899932861328,False,48.87,False,True,-2.65,-2.91,False,,EXIT
INNOVISION,INNOVISION,Industrials,Staffing & Employment Services,285.75,False,22.979999999999997,False,False,,,False,893.0,EXIT
20MICRONS,20 Microns Limited,Basic Materials,Other Industrial Metals & Mining,196.02999877929688,False,66.84,True,True,-18.02,-21.79,False,913.0,HOLD
TVTODAY,T.V. Today Network Limited,Communication Services,Broadcasting,115.76000213623047,False,18.490000000000002,False,False,-9.23,-28.76,False,993.0,EXIT
ATL,Allcargo Terminals Limited,Industrials,Integrated Freight & Logistics,23.280000686645508,False,44.209999999999994,False,False,-23.29,-26.6,False,758.0,EXIT
BESTAGRO,Best Agrolife Limited,Basic Materials,Agricultural Inputs,18.889999389648438,False,108.83,False,False,-45.99,-49.68,False,1873.0,EXIT
INNOVANA,INNOVANA,Technology,Software - Application,322.0,False,37.55,False,False,-40.06,-40.77,False,103.0,EXIT
MUKKA,Mukka Proteins Limited,Consumer Defensive,Packaged Foods,23.290000915527344,False,51.77000000000001,False,False,-13.32,-21.35,False,1269.0,EXIT
RAMASTEEL,Rama Steel Tubes Limited,Basic Materials,Steel,4.21999979019165,False,13.16,False,False,-62.34,-65.98,False,1337.0,EXIT
ONMOBILE,OnMobile Global Limited,Communication Services,Telecom Services,66.58000183105469,False,61.809999999999995,True,True,38.2,18.04,True,865.0,HOLD
GTPL,GTPL Hathway Limited,Communication Services,Entertainment,59.95000076293945,False,38.910000000000004,False,False,-37.0,-56.16,False,3477.0,EXIT
SAURASHCEM,Saurashtra Cement Limited,Basic Materials,Building Materials,60.13999938964844,False,56.949999999999996,False,False,-52.19,-55.86,False,1765.0,EXIT
PYRAMID,Pyramid Technoplast Limited,Consumer Cyclical,Packaging & Containers,184.97000122070312,False,28.82,False,True,3.9,6.78,True,,HOLD
KSOLVES,Ksolves India Limited,Technology,Software - Application,282.79998779296875,False,35.129999999999995,True,False,-14.58,-15.46,False,137.0,EXIT
MERCURYEV,Mercury Ev-Tech Limited,Consumer Cyclical,Auto Manufacturers,35.43000030517578,True,4.4,False,False,,,False,,EXIT
EMKAY,Emkay Global Financial Services Limited,Financial Services,Capital Markets,241.35000610351562,False,19.53,False,False,-2.2,-2.46,False,360.0,EXIT
FABTECH,FABTECH,Healthcare,Health Information Services,149.77000427246094,False,38.08,False,False,,,False,327.0,EXIT
EMAMIPAP,Emami Paper Mills Limited,Basic Materials,Paper & Paper Products,114.9000015258789,False,93.67999999999999,False,True,19.15,15.27,True,,HOLD
LAXMIINDIA,LAXMIINDIA,Financial Services,Credit Services,131.0500030517578,False,54.55,False,True,,,False,,EXIT
NAHARPOLY,Nahar Poly Films Limited,Consumer Cyclical,Packaging & Containers,274.8999938964844,False,78.84,False,True,-23.11,-20.16,False,723.0,EXIT
PANACHE,Panache Digilife Limited,Technology,Communication Equipment,439.54998779296875,False,16.66,True,True,66.43,65.06,True,116.0,HOLD
AMANTA,AMANTA,Healthcare,Drug Manufacturers - Specialty & Generic,172.08999633789062,False,17.330000000000002,False,True,,,False,,EXIT
KILITCH,Kilitch Drugs (India) Limited,Healthcare,Drug Manufacturers - Specialty & Generic,190.86000061035156,False,30.17,False,True,-24.99,-19.2,False,198.0,EXIT
NBIFIN,N.B.I. Industrial Finance Company Limited,Financial Services,Capital Markets,2226.300048828125,False,13.13,True,True,-22.54,-22.7,False,,HOLD
ADSL,Allied Digital Services Limited,Technology,Information Technology Services,116.94000244140625,False,47.169999999999995,True,False,-29.88,-30.66,False,366.0,EXIT
AQYLON,Aqylon Nexus Limited,Communication Services,Broadcasting,26.75,False,11.45,True,False,-83.86,-102.39,False,180.0,EXIT
VAKRANGEE,Vakrangee Limited,Technology,Information Technology Services,5.989999771118164,False,10.95,False,False,-37.99,-38.72,False,6502.0,EXIT
CHEVIOT,Cheviot Company Limited,Consumer Cyclical,Textile Manufacturing,1130.4000244140625,False,69.80000000000001,False,True,-13.42,-10.5,False,122.0,EXIT
SCPL,Sheetal Cool Products Limited,Consumer Defensive,Packaged Foods,638.5999755859375,True,19.11,False,True,119.5,110.58,True,,HOLD
COFFEEDAY,Coffee Day Enterprises Limited,Consumer Cyclical,Restaurants,32.029998779296875,False,228.00000000000003,False,True,-17.23,-14.3,False,4142.0,EXIT
DBOL,Dhampur Bio Organics Limited,Consumer Defensive,Farm Products,102.91000366210938,False,92.91,False,True,33.02,24.68,True,2408.0,HOLD
BIGBLOC,Bigbloc Construction Limited,Industrials,Building Products & Equipment,45.79999923706055,False,7.12,False,False,-22.96,-26.26,False,243.0,EXIT
CHEMCON,Chemcon Speciality Chemicals Limited,Basic Materials,Specialty Chemicals,184.08999633789062,False,23.6,False,False,-21.95,-25.71,False,,EXIT
SPECIALITY,Speciality Restaurants Limited,Consumer Cyclical,Restaurants,132.1199951171875,False,21.55,False,True,-7.16,-4.26,False,436.0,EXIT
ABINFRA,ABINFRA,Industrials,Engineering & Construction,10.0600004196167,False,19.34,False,False,-47.85,-51.09,False,,EXIT
ONWARDTEC,Onward Technologies Limited,Technology,Information Technology Services,293.8500061035156,False,43.55,True,True,-16.92,-17.78,False,491.0,HOLD
SNOWMAN,Snowman Logistics Limited,Industrials,Integrated Freight & Logistics,38.5,False,13.85,False,False,-29.61,-32.9,False,,EXIT
ORBTEXP,Orbit Exports Limited,Consumer Cyclical,Textile Manufacturing,243.7899932861328,False,29.18,False,True,8.53,11.4,True,218.0,HOLD
DCMSIL,DCM Shriram International Limited,Industrials,Industrial Distribution,75.68000030517578,False,27.71,False,False,,,False,574.0,EXIT
PPL,Prakash Pipes Limited,Industrials,Building Products & Equipment,262.25,False,43.260000000000005,False,True,-30.22,-33.5,False,,EXIT
PROZONER,Prozone Realty Limited,Real Estate,Real Estate - Diversified,43.130001068115234,False,10.7,False,False,13.39,-4.56,False,185.0,EXIT
SUTLEJTEX,Sutlej Textiles and Industries Limited,Consumer Cyclical,Textile Manufacturing,38.029998779296875,False,86.31,False,True,-16.95,-14.02,False,3076.0,EXIT
AHLWEST,Asian Hotels (West) Limited,Consumer Cyclical,Lodging,537.0,False,57.83,False,True,265.29,267.55,True,432.0,HOLD
HINDCOMPOS,Hindustan Composites Limited,Consumer Cyclical,Auto Parts,425.54998779296875,False,32.43,False,False,-19.0,-16.06,False,325.0,EXIT
KANORICHEM,Kanoria Chemicals & Industries Limited,Basic Materials,Chemicals,142.97000122070312,False,136.44000000000003,True,True,58.66,54.67,True,1578.0,HOLD
BAFNAPH,Bafna Pharmaceuticals Limited,Healthcare,Drug Manufacturers - Specialty & Generic,268.20001220703125,True,11.1,True,True,203.96,208.23,True,185.0,ADD
MINDTECK,Mindteck (India) Limited,Technology,Information Technology Services,193.3699951171875,False,31.52,False,False,-7.72,-8.64,False,424.0,EXIT
GLOTTIS,GLOTTIS,Industrials,Integrated Freight & Logistics,67.05999755859375,False,37.08,False,True,,,False,,EXIT
TPLPLASTEH,TPL Plastech Limited,Consumer Cyclical,Packaging & Containers,81.26000213623047,False,29.060000000000002,True,True,-2.29,0.61,False,349.0,HOLD
SATIA,Satia Industries Limited,Basic Materials,Paper & Paper Products,62.5,False,89.94999999999999,False,False,-25.85,-29.6,False,,EXIT
MALLCOM,Mallcom (India) Limited,Industrials,Security & Protection Services,975.8499755859375,False,30.04,False,False,-25.77,-29.07,False,487.0,EXIT
PRIMO,Primo Chemicals Limited,Basic Materials,Chemicals,24.299999237060547,False,15.360000000000001,False,True,-13.38,-17.16,False,701.0,EXIT
BIRLACABLE,Birla Cable Limited,Technology,Communication Equipment,214.0,False,16.89,False,True,25.13,24.01,True,792.0,HOLD
CHEMBONDCH,Chembond Chemicals Limited,Basic Materials,Specialty Chemicals,225.42999267578125,False,37.26,False,True,18.88,15.01,True,69.4,HOLD
LINC,Linc Limited,Industrials,Business Equipment & Supplies,101.63999938964844,False,32.74,False,False,-25.95,-29.25,False,543.0,EXIT
ZIMLAB,ZIM Laboratories Limited,Healthcare,Drug Manufacturers - Specialty & Generic,111.2300033569336,False,10.43,False,True,-7.11,-1.44,False,397.0,EXIT
ZFSTEERING,ZF Steering Gear (India) Limited,Consumer Cyclical,Auto Parts,679.0,False,16.23,False,False,,,False,,EXIT
SHIVAUM,SHIVAUM,Basic Materials,Steel,428.04998779296875,True,6.08,False,True,40.69,36.76,True,548.0,HOLD
RBZJEWEL,RBZ Jewellers Limited,Consumer Cyclical,Luxury Goods,152.5399932861328,False,54.79,False,True,7.85,10.72,True,,HOLD
TREL,Transindia Real Estate Limited,Real Estate,Real Estate Services,24.170000076293945,False,36.95,False,False,-15.57,-33.15,False,136.0,EXIT
CEWATER,CEWATER,Utilities,Utilities - Regulated Water,285.79998779296875,False,30.95,False,False,-47.6,-56.95,False,594.0,EXIT
SOFTTECH,SoftTech Engineers Limited,Technology,Software - Application,418.0,False,4.95,False,True,11.13,10.09,True,95.0,HOLD
HTMEDIA,HT Media Limited,Communication Services,Publishing,24.8700008392334,False,54.27,False,True,22.3,2.36,True,2502.0,HOLD
PANSARI,Pansari Developers Limited,Real Estate,Real Estate - Development,329.1000061035156,False,22.02,False,True,53.23,34.76,True,60.0,HOLD
SIGMA,Sigma Solve Limited,Technology,Information Technology Services,50.2400016784668,False,23.89,False,True,28.14,27.0,True,31.94,HOLD
KRONOX,KRONOX,Basic Materials,Specialty Chemicals,153.80999755859375,False,27.55,False,True,-13.86,-17.64,False,100.0,EXIT
SHALPAINTS,Shalimar Paints Limited,Basic Materials,Specialty Chemicals,80.01000213623047,False,64.85,True,True,1.11,-2.72,False,599.0,HOLD
VISACHROME,VISA Chrome Limited,Basic Materials,Steel,37.849998474121094,False,1123.6499999999999,False,False,7.72,3.88,True,,EXIT
HITECHCORP,Hitech Corporation Limited,Consumer Cyclical,Packaging & Containers,319.20001220703125,True,20.43,True,True,63.72,66.46,True,561.0,ADD
MUNJALSHOW,Munjal Showa Limited,Consumer Cyclical,Auto Parts,143.47000122070312,False,21.97,False,True,-8.88,-5.97,False,1669.0,EXIT
REPRO,Repro India Limited,Industrials,Specialty Business Services,398.70001220703125,False,34.8,True,False,-26.91,-30.21,False,479.0,EXIT
MCLEODRUSS,McLeod Russel India Limited,Consumer Defensive,Packaged Foods,51.95000076293945,False,181.61999999999998,False,False,41.84,33.44,True,1596.0,EXIT
DCI,DC Infotech and Communication Limited,Technology,Electronics & Computer Distribution,337.20001220703125,False,21.21,True,True,48.24,46.98,True,556.0,HOLD
CSM,CSM,Technology,Information Technology Services,104.87999725341797,True,0.0,False,False,,,False,,EXIT
OSWALGREEN,Oswal Greentech Limited,Financial Services,Asset Management,21.760000228881836,False,103.89999999999999,True,False,-52.68,-52.71,False,458.0,EXIT
CHEMFAB,Chemfab Alkalis Limited,Basic Materials,Specialty Chemicals,376.95001220703125,False,9.489999999999998,False,False,-48.91,-52.59,False,334.0,EXIT
MUFTI,MUFTI,Consumer Cyclical,Apparel Retail,82.69000244140625,False,47.42,False,False,-45.34,-42.35,False,618.0,EXIT
APTECHT,Aptech Limited,Consumer Defensive,Education & Training Services,95.2699966430664,False,23.53,False,False,-22.95,-30.92,False,460.0,EXIT
GLOBAL,Global Education Limited,Consumer Defensive,Education & Training Services,101.36000061035156,False,26.520000000000003,False,True,62.25,53.72,True,74.0,HOLD
MGEL,Mangalam Global Enterprise Limited,Consumer Defensive,Farm Products,15.510000228881836,False,32.61,False,True,-7.72,-15.79,False,2092.0,EXIT
DISHTV,Dish TV India Limited,Communication Services,Entertainment,2.8399999141693115,False,807.36,False,False,-32.69,-51.9,False,6166.0,EXIT
SHREERAMA,Shree Rama Multi-Tech Limited,Consumer Cyclical,Packaging & Containers,40.36000061035156,False,24.770000000000003,False,False,-8.8,-5.89,False,,EXIT
PTL,PTL Enterprises Limited,Real Estate,Real Estate Services,39.77000045776367,False,46.17,True,True,14.18,-3.78,False,450.0,HOLD
KNAGRI,KNAGRI,Consumer Defensive,Farm Products,207.05999755859375,False,0.0,False,True,-16.72,-24.72,False,2224.0,EXIT
PASUPTAC,Pasupati Acrylon Limited,Consumer Cyclical,Textile Manufacturing,60.4900016784668,False,69.92,False,True,20.17,23.01,True,,HOLD
UNIVPHOTO,Universus Photo Imagings Limited,Healthcare,Medical Devices,480.3999938964844,False,79.94,False,True,73.63,78.76,True,62.0,HOLD
MODINATUR,Modi Naturals Limited,Consumer Defensive,Packaged Foods,394.1000061035156,False,50.27,True,False,,,False,474.0,EXIT
MANCREDIT,Mangal Credit and Fincorp Limited,Financial Services,Credit Services,257.3599853515625,True,15.3,True,True,35.08,34.66,True,,ADD
RKSWAMY,RKSWAMY,Communication Services,Advertising Agencies,101.9800033569336,False,22.099999999999998,False,False,-23.62,-42.95,False,332.0,EXIT
DHUNINV,Dhunseri Investments Limited,Financial Services,Capital Markets,886.9000244140625,False,59.330000000000005,False,False,-44.35,-44.42,False,,EXIT
ENIL,Entertainment Network (India) Limited,Communication Services,Broadcasting,108.80999755859375,False,24.16,False,False,-10.74,-30.24,False,621.0,EXIT
OSWALAGRO,Oswal Agro Mills Limited,Real Estate,Real Estate - Development,38.4900016784668,False,69.2,False,False,-37.85,-55.15,False,162.0,EXIT
SUKHJITS,The Sukhjit Starch & Chemicals Limited,Basic Materials,Specialty Chemicals,164.66000366210938,False,34.17,False,False,-6.05,-9.86,False,1498.0,EXIT
PENINLAND,Peninsula Land Limited,Real Estate,Real Estate - Development,15.8100004196167,False,153.64,True,False,-41.62,-58.87,False,993.0,EXIT
GFLLIMITED,GFL Limited,Financial Services,Asset Management,48.2599983215332,False,61.35000000000001,False,False,-26.54,-26.69,False,6971.51,EXIT
IRIS,IRIS RegTech Solutions Limited,Technology,Software - Application,254.52000427246094,False,126.49000000000001,True,False,-35.82,-36.56,False,120.0,EXIT
THEINVEST,The Investment Trust of India Limited,Financial Services,Capital Markets,101.2300033569336,False,30.07,False,False,-43.04,-43.11,False,640.0,EXIT
SAYAJIHOTL,Sayaji Hotels Limited,Consumer Cyclical,Lodging,304.75,True,23.65,False,False,,,False,,EXIT
KANPRPLA,Kanpur Plastipack Limited,Consumer Cyclical,Packaging & Containers,211.00999450683594,False,45.19,True,True,-4.98,-2.08,False,627.0,HOLD
URJA,Urja Global Limited,Technology,Solar,10.0600004196167,False,1.19,False,False,-31.36,-32.13,False,163.56,EXIT
RUSHIL,Rushil Décor Limited,Consumer Cyclical,"Furnishings, Fixtures & Appliances",16.989999771118164,False,34.78,False,False,-37.81,-34.83,False,898.0,EXIT
SCHAND,S Chand And Company Limited,Communication Services,Publishing,144.6999969482422,False,263.64,False,False,-19.64,-39.02,False,794.0,EXIT
ELIN,Elin Electronics Limited,Industrials,Electrical Equipment & Parts,103.55000305175781,False,24.11,False,False,-42.55,-45.81,False,1180.0,EXIT
BBTCL,B&B Triplewall Containers Limited,Consumer Cyclical,Packaging & Containers,222.47999572753906,False,20.44,False,True,1.96,4.84,True,492.0,HOLD
SREEL,Sreeleathers Limited,Consumer Cyclical,Footwear & Accessories,216.4499969482422,False,28.74,False,True,-17.14,-14.21,False,,EXIT
BMWVENTLTD,BMWVENTLTD,Basic Materials,Steel,57.689998626708984,False,41.34,False,False,,,False,,EXIT
IGCL,IGCL,Basic Materials,Agricultural Inputs,75.47000122070312,False,42.09,False,True,-33.22,-36.95,False,590.0,EXIT
KAMATHOTEL,Kamat Hotels (India) Limited,Consumer Cyclical,Lodging,170.14999389648438,False,40.269999999999996,False,False,-36.81,-33.83,False,264.0,EXIT
UNIVASTU,Univastu India Limited,Industrials,Engineering & Construction,139.97000122070312,True,7.01,False,True,58.6,55.11,True,171.0,HOLD
ZEEMEDIA,Zee Media Corporation Limited,Communication Services,Broadcasting,7.190000057220459,False,103.64000000000001,False,False,-30.6,-49.84,False,867.0,EXIT
ORIENTCER,Orient Ceratech Limited,Basic Materials,Specialty Chemicals,41.0,False,21.860000000000003,False,True,-1.11,-4.93,False,366.0,EXIT
NAHARINDUS,Nahar Industrial Enterprises Limited,Consumer Cyclical,Textile Manufacturing,118.1500015258789,False,51.34,False,True,-8.75,-5.84,False,2006.0,EXIT
IL&FSENGG,IL&FS Engineering and Construction Company Limited,Industrials,Engineering & Construction,35.189998626708984,False,22.419999999999998,True,True,2.22,-1.14,False,3267.0,HOLD
PLASTIBLEN,Plastiblends India Limited,Basic Materials,Specialty Chemicals,190.61000061035156,False,44.2,False,True,0.23,-3.59,False,,EXIT
3IINFOLTD,3i Infotech Limited,Technology,Information Technology Services,24.389999389648438,False,34.3,False,True,0.08,-0.88,False,1344.0,EXIT
DENORA,De Nora India Limited,Industrials,Electrical Equipment & Parts,891.0499877929688,False,10.33,False,True,3.1,-0.26,False,,EXIT
CSLFINANCE,CSL Finance Limited,Financial Services,Credit Services,219.77999877929688,False,86.12,False,False,-32.18,-32.3,False,,EXIT
INTLCONV,International Conveyors Limited,Industrials,Specialty Industrial Machinery,73.7699966430664,False,103.1,True,False,-16.93,-20.25,False,215.0,EXIT
DICIND,DIC India Limited,Basic Materials,Specialty Chemicals,510.1000061035156,False,19.03,False,False,-18.37,-22.14,False,892.0,EXIT
FOCUS,Focus Lighting and Fixtures Limited,Consumer Cyclical,"Furnishings, Fixtures & Appliances",70.44000244140625,False,5.49,False,False,-43.66,-40.67,False,224.0,EXIT
ADVANIHOTR,Advani Hotels & Resorts (India) Limited,Consumer Cyclical,Lodging,51.560001373291016,False,25.820000000000004,True,False,-22.12,-19.18,False,71.0,EXIT
TERASOFT,Tera Software Limited,Technology,Information Technology Services,389.1000061035156,False,24.799999999999997,True,False,24.53,23.41,True,131.0,HOLD
ORIENTBELL,Orient Bell Limited,Industrials,Building Products & Equipment,317.6000061035156,False,13.169999999999998,False,True,1.08,-2.28,False,705.0,EXIT
HLVLTD,HLV Limited,Consumer Cyclical,Lodging,7.210000038146973,False,26.17,False,False,-52.49,-49.48,False,718.0,EXIT
NILASPACES,Nila Spaces Limited,Real Estate,Real Estate - Development,12.739999771118164,False,28.56,True,False,8.63,-9.26,False,136.0,EXIT
ASAHISONG,Asahi Songwon Colors Limited,Basic Materials,Specialty Chemicals,391.3500061035156,False,34.83,True,True,10.05,6.2,True,562.0,HOLD
HALEOSLABS,Haleos Labs Limited,Healthcare,Biotechnology,1589.0,False,17.32,False,True,35.08,40.47,True,378.0,HOLD
WSI,W.S. Industries (India) Limited,Industrials,Engineering & Construction,60.5099983215332,False,6.42,False,False,-25.8,-29.1,False,326.0,EXIT
SRGHFL,SRG Housing Finance Limited,Financial Services,Mortgage Finance,299.70001220703125,False,32.49,False,True,-13.54,-13.75,False,,EXIT
MIRZAINT,Mirza International Limited,Consumer Cyclical,Footwear & Accessories,33.720001220703125,False,40.489999999999995,False,False,-6.99,-4.08,False,1399.0,EXIT
UGARSUGAR,The Ugar Sugar Works Limited,Consumer Defensive,Confectioners,42.560001373291016,False,105.42,True,True,-0.8,-8.91,False,1794.0,HOLD
KHAICHEM,Khaitan Chemicals and Fertilizers Limited,Basic Materials,Agricultural Inputs,49.349998474121094,False,54.019999999999996,False,False,-56.15,-59.81,False,,EXIT
DAVANGERE,Davangere Sugar Company Limited,Consumer Defensive,Confectioners,3.180000066757202,False,8.5,False,False,2.56,-5.57,False,,EXIT
XTGLOBAL,XTGlobal Infotech Limited,Technology,Software - Application,33.380001068115234,False,13.03,False,True,-3.83,-4.77,False,242.0,EXIT
RAMAPHO,Rama Phosphates Limited,Basic Materials,Agricultural Inputs,130.91000366210938,False,52.49,False,False,-18.23,-21.99,False,,EXIT
UNIDT,United Drilling Tools Limited,Energy,Oil & Gas Equipment & Services,231.6300048828125,False,18.97,False,True,-0.51,7.19,False,175.0,EXIT
MAJESAUT,Majestic Auto Limited,Real Estate,Real Estate Services,475.29998779296875,True,96.89999999999999,False,False,,,False,,EXIT
MANAKSTEEL,Manaksia Steels Limited,Basic Materials,Steel,75.20999908447266,False,39.92,True,True,14.79,10.92,True,742.0,HOLD
GUJAPOLLO,Gujarat Apollo Industries Limited,Industrials,Specialty Industrial Machinery,364.0,False,5.15,False,False,-26.13,-29.43,False,77.9,EXIT
LIBERTSHOE,Liberty Shoes Ltd.,Consumer Cyclical,Footwear & Accessories,261.8999938964844,False,14.829999999999998,False,False,-29.28,-26.32,False,526.0,EXIT
VINYLINDIA,Vinyl Chemicals (India) Limited,Basic Materials,Specialty Chemicals,246.25,False,16.5,False,True,-15.07,-18.85,False,,EXIT
SILINV,SIL Investments Limited,Financial Services,Asset Management,427.6000061035156,False,56.02,False,False,-30.65,-30.78,False,178.0,EXIT
SBGLP,Suratwwala Business Group Limited,Real Estate,Real Estate - Development,25.549999237060547,False,37.9,True,False,-25.43,-42.89,False,72.0,EXIT
DONEAR,Donear Industries Limited,Consumer Cyclical,Textile Manufacturing,84.44000244140625,False,27.950000000000003,False,False,-23.25,-20.3,False,914.0,EXIT
MOLDTECH,Mold-Tek Technologies Limited,Industrials,Engineering & Construction,149.19000244140625,False,10.09,False,True,-0.12,-3.48,False,161.0,EXIT
ACL,Andhra Cements Limited,Basic Materials,Building Materials,47.720001220703125,False,158.21,False,False,-30.82,-34.56,False,,EXIT
ARIES,Aries Agro Limited,Basic Materials,Agricultural Inputs,340.70001220703125,False,51.7,True,False,-12.83,-16.61,False,622.0,EXIT
THOMASCOTT,Thomas Scott (India) Limited,Consumer Cyclical,Textile Manufacturing,311.25,False,19.179999999999996,False,False,-11.24,-8.32,False,,EXIT
ABCOTS,ABCOTS,Consumer Cyclical,Textile Manufacturing,200.91000366210938,False,13.030000000000001,False,False,-59.03,-56.0,False,298.0,EXIT
MAZDA,Mazda Limited,Industrials,Specialty Industrial Machinery,221.6300048828125,False,27.500000000000004,False,True,-22.69,-26.0,False,,EXIT
TARACHAND,Tara Chand Infralogistic Solutions Limited,Industrials,Farm & Heavy Construction Machinery,58.84000015258789,False,27.7,False,False,-23.56,-26.86,False,,EXIT
NDLVENTURE,NDL Ventures Limited,Communication Services,Entertainment,129.33999633789062,False,0.76,False,True,113.16,92.0,True,1080.0,HOLD
RAMANEWS,Shree Rama Newsprint Limited,Consumer Defensive,Beverages - Non-Alcoholic,30.850000381469727,False,68.53999999999999,False,True,-5.08,-13.16,False,,EXIT
CYBERTECH,CyberTech Systems and Software Limited,Technology,Information Technology Services,141.58999633789062,False,31.740000000000002,False,True,-9.88,-10.78,False,236.0,EXIT
BANSWRAS,Banswara Syntex Limited,Consumer Cyclical,Textile Manufacturing,127.33999633789062,False,33.94,False,True,-16.95,-14.02,False,1499.0,EXIT
KAYA,Kaya Limited,Consumer Defensive,Household & Personal Products,278.45001220703125,False,96.18,True,False,-30.77,-38.68,False,421.0,EXIT
NAHARCAP,Nahar Capital and Financial Services Limited,Financial Services,Capital Markets,262.7200012207031,False,63.13000000000001,False,True,-18.05,-18.23,False,52.0,EXIT
SARVESHWAR,Sarveshwar Foods Limited,Consumer Defensive,Packaged Foods,3.380000114440918,False,31.79,True,False,-53.49,-61.25,False,1134.0,EXIT
MANORG,Mangalam Organics Limited,Basic Materials,Specialty Chemicals,478.20001220703125,False,20.79,False,False,-0.28,-4.09,False,530.0,EXIT
ESSARSHPNG,Essar Shipping Limited,Industrials,Marine Shipping,20.56999969482422,False,166.78000000000003,False,False,-24.03,-27.33,False,2194.0,EXIT
DJML,DJ Mediaprint & Logistics Limited,Industrials,Specialty Business Services,112.58000183105469,False,11.379999999999999,True,True,1.28,-2.08,False,82.0,HOLD
LORDSCHLO,Lords Chloro Alkali Limited,Basic Materials,Chemicals,147.86000061035156,False,29.529999999999998,False,False,-33.31,-37.04,False,,EXIT
ATALREAL,Atal Realtech Limited,Industrials,Engineering & Construction,33.540000915527344,True,6.49,True,True,73.69,70.16,True,96.0,ADD
MAWANASUG,Mawana Sugars Limited,Consumer Defensive,Confectioners,109.86000061035156,False,96.43,False,True,22.68,14.41,True,1485.0,HOLD
AFIL,AFIL,Financial Services,Credit Services,9.220000267028809,False,44.27,False,True,29.82,29.42,True,,HOLD
OMAXAUTO,Omax Autos Limited,Consumer Cyclical,Auto Parts,190.9199981689453,False,40.489999999999995,True,True,21.79,24.62,True,1287.0,HOLD
EMAMIREAL,Emami Realty Limited,Real Estate,Real Estate - Development,78.27999877929688,False,189.46999999999997,True,False,-21.01,-38.53,False,1041.0,EXIT
MONEYBOXX,Moneyboxx Finance Limited,Financial Services,Credit Services,60.689998626708984,False,1.34,False,False,,,False,,EXIT
MEDICO,Medico Remedies Limited,Healthcare,Drug Manufacturers - Specialty & Generic,49.65999984741211,False,13.120000000000001,False,True,18.34,23.84,True,,HOLD
VRAJ,VRAJ,Basic Materials,Steel,122.94000244140625,False,32.010000000000005,False,False,-24.8,-28.55,False,516.0,EXIT
TOLINS,TOLINS,Consumer Cyclical,Auto Parts,103.81999969482422,False,35.68,False,False,-37.85,-34.86,False,292.0,EXIT
SURAJLTD,Suraj Limited,Basic Materials,Steel,220.91000366210938,False,8.319999999999999,False,False,-36.94,-40.66,False,367.0,EXIT
FOODSIN,Foods and Inns Limited,Consumer Defensive,Packaged Foods,54.33000183105469,False,27.689999999999998,False,False,-45.58,-53.39,False,1020.0,EXIT
PPAP,PPAP Automotive Limited,Consumer Cyclical,Auto Parts,288.3500061035156,False,47.84,True,True,5.13,8.01,True,554.0,HOLD
KOTHARIPRO,Kothari Products Limited,Industrials,Conglomerates,68.66000366210938,False,37.92,False,False,-15.9,-19.22,False,6866.0,EXIT
AUTOIND,Autoline Industries Limited,Consumer Cyclical,Auto Parts,88.86000061035156,False,38.53,True,True,15.05,17.91,True,677.0,HOLD
HARRMALAYA,Harrisons Malayalam Limited,Consumer Defensive,Farm Products,214.6300048828125,False,29.130000000000003,False,True,7.85,-0.32,False,512.0,EXIT
ALBERTDAVD,Albert David Limited,Healthcare,Drug Manufacturers - Specialty & Generic,692.5499877929688,False,47.97,False,False,-31.96,-26.12,False,362.0,EXIT
S&SPOWER,S&S Power Switchgear Limited,Industrials,Electrical Equipment & Parts,334.3500061035156,False,10.11,True,True,-12.13,-15.46,False,186.0,HOLD
INSPIRISYS,Inspirisys Solutions Limited,Technology,Information Technology Services,98.48999786376953,False,40.93,True,True,-11.17,-12.07,False,589.0,HOLD
GINNIFILA,Ginni Filaments Limited,Consumer Cyclical,Textile Manufacturing,45.86000061035156,False,35.48,False,True,-9.4,-6.48,False,1084.0,EXIT
SHIVALIK,Shivalik Rasayan Limited,Basic Materials,Agricultural Inputs,250.27999877929688,False,11.88,False,False,-58.91,-62.57,False,312.0,EXIT
ORIENTPPR,Orient Paper & Industries Limited,Basic Materials,Paper & Paper Products,19.049999237060547,False,96.79,False,False,-33.32,-37.04,False,1615.0,EXIT
KESORAMIND,Kesoram Industries Limited,Basic Materials,Building Materials,13.140000343322754,False,5902.05,True,True,138.14,133.93,True,3882.0,HOLD
MARKOLINES,MARKOLINES,Industrials,Infrastructure Operations,177.27999877929688,False,26.229999999999997,True,False,,,False,347.0,EXIT
RADIANTCMS,Radiant Cash Management Services Limited,Industrials,Specialty Business Services,36.970001220703125,False,32.25,False,False,-39.71,-42.97,False,427.0,EXIT
EUROBOND,EUROBOND,Industrials,Building Products & Equipment,161.14999389648438,False,26.56,True,False,-22.79,-26.09,False,423.0,EXIT
RUBFILA,Rubfila International Limited,Basic Materials,Specialty Chemicals,71.44999694824219,False,26.610000000000003,False,False,-11.63,-15.42,False,550.0,EXIT
BATLIBOI,Batliboi Limited,Industrials,Specialty Industrial Machinery,82.55000305175781,False,15.76,False,False,,,False,,EXIT
GOKUL,Gokul Refoils & Solvent Limited,Consumer Defensive,Packaged Foods,39.43000030517578,False,18.48,False,False,-2.16,-10.26,False,6349.0,EXIT
MBLINFRA,MBL Infrastructures Limited,Industrials,Engineering & Construction,25.1299991607666,False,30.69,False,False,-39.97,-43.24,False,2343.0,EXIT
MUTHOOTCAP,Muthoot Capital Services Limited,Financial Services,Credit Services,237.8800048828125,False,25.810000000000002,False,True,-25.97,-26.12,False,,EXIT
AVG,AVG Logistics Limited,Industrials,Integrated Freight & Logistics,204.0,False,26.159999999999997,False,True,-19.53,-22.84,False,552.0,EXIT
SHAH,Shah Metacorp Limited,Basic Materials,Steel,4.010000228881836,False,13.53,False,False,4.66,0.82,True,277.0,EXIT
CPEDU,Career Point Edutech Ltd.,Consumer Defensive,Education & Training Services,207.47999572753906,False,22.95,False,False,,,False,50.0,EXIT
MANOMAY,Manomay Tex India Limited,Consumer Cyclical,Textile Manufacturing,213.3000030517578,False,19.65,False,True,25.67,28.5,True,,HOLD
UYFINCORP,U. Y. Fincorp Limited,Financial Services,Credit Services,19.760000228881836,False,48.28,True,True,4.3,4.01,True,,HOLD
DIGISPICE,DiGiSPICE Technologies Limited,Financial Services,Financial Conglomerates,17.979999542236328,False,18.97,True,False,-22.26,-22.43,False,2111.0,EXIT
GVKPIL,GVK Power & Infrastructure Limited,Utilities,Utilities - Independent Power Producers,2.390000104904175,False,839.51,False,False,-33.65,-43.38,False,4098.0,EXIT
JKIPL,JKIPL,Industrials,Farm & Heavy Construction Machinery,96.83000183105469,False,106.04000000000002,False,True,,,False,381.0,EXIT
KOTYARK,KOTYARK,Basic Materials,Specialty Chemicals,34.88999938964844,False,10.78,False,True,68.82,64.8,True,288.0,HOLD
HCL-INSYS,HCL Infosystems Limited,Technology,Electronics & Computer Distribution,11.65999984741211,False,32.92,True,False,-24.79,-25.61,False,7848.0,EXIT
MEGASTAR,Megastar Foods Limited,Consumer Defensive,Packaged Foods,327.20001220703125,False,9.3,False,True,26.51,18.21,True,361.0,HOLD
SINCLAIR,Sinclairs Hotels Limited,Consumer Cyclical,Lodging,74.69000244140625,False,14.85,True,False,-33.25,-30.28,False,19.63,EXIT
KRITI,Kriti Industries (India) Limited,Industrials,Building Products & Equipment,69.5999984741211,False,21.42,False,False,-61.75,-64.97,False,867.0,EXIT
MANAKSIA,Manaksia Limited,Industrials,Metal Fabrication,56.66999816894531,False,52.33,False,False,-25.55,-28.85,False,1679.0,EXIT
KCPSUGIND,K.C.P. Sugar and Industries Corporation Limited,Consumer Defensive,Confectioners,32.59000015258789,False,41.519999999999996,False,True,3.25,-4.89,False,442.0,EXIT
KRITINUT,Kriti Nutrients Limited,Consumer Defensive,Packaged Foods,73.69000244140625,False,33.910000000000004,False,False,-30.06,-37.98,False,734.0,EXIT
SHARDUL,Shardul Securities Limited,Financial Services,Capital Markets,43.58000183105469,False,262.16999999999996,False,False,,,False,,EXIT
AEPL,Artemis Electricals and Projects Limited,Industrials,Electrical Equipment & Parts,14.319999694824219,False,8.71,True,False,,,False,72.35,EXIT
VARDHACRLC,Vardhman Acrylics Limited,Consumer Cyclical,Textile Manufacturing,45.11000061035156,False,185.64000000000001,False,True,-13.89,-10.96,False,,EXIT
TRANSWORLD,Transworld Shipping Lines Limited,Industrials,Marine Shipping,161.66000366210938,False,71.79,False,False,-39.25,-42.51,False,718.0,EXIT
DREAMFOLKS,Dreamfolks Services Limited,Industrials,Airports & Air Services,67.4800033569336,False,53.46,False,False,-51.64,-54.88,False,1292.0,EXIT
NIMBSPROJ,Nimbus Projects Limited,Unknown,Unknown,182.58999633789062,False,103.12,False,False,,,False,176.0,EXIT
BEDMUTHA,Bedmutha Industries Limited,Basic Materials,Steel,111.70999908447266,False,22.69,False,False,-20.88,-24.64,False,1049.0,EXIT
GOACARBON,Goa Carbon Limited,Basic Materials,Specialty Chemicals,382.70001220703125,False,55.849999999999994,True,False,-20.35,-24.11,False,344.0,EXIT
ASHIMASYN,Ashima Limited,Real Estate,Real Estate - Development,18.09000015258789,False,19.69,False,True,-15.35,-32.94,False,449.0,EXIT
SHANKARA,Shankara Building Products Limited,Consumer Cyclical,Home Improvement Retail,141.9199981689453,False,46.14,False,True,-95.83,-92.71,False,5697.0,EXIT
NURECA,Nureca Limited,Healthcare,Medical Devices,333.3999938964844,False,13.700000000000001,False,True,27.96,33.39,True,256.0,HOLD
KAVDEFENCE,KAVDEFENCE,Technology,Communication Equipment,58.52000045776367,False,2.43,False,False,-4.55,-5.49,False,170.37,EXIT
DBEIL,DBEIL,Industrials,Engineering & Construction,7.300000190734863,False,39.65,False,False,-47.74,-50.98,False,,EXIT
DCMSRIND,DCM Shriram Industries Limited,Consumer Defensive,Confectioners,41.560001373291016,False,47.44,False,False,-72.09,-79.73,False,2351.0,EXIT
NDL,Nandan Denim Limited,Consumer Cyclical,Textile Manufacturing,2.369999885559082,False,33.129999999999995,False,False,-41.4,-38.41,False,,EXIT
AARTISURF,Aarti Surfactants Limited,Basic Materials,Specialty Chemicals,481.0,False,12.35,False,True,-15.31,-19.09,False,659.0,EXIT
VPRPL,Vishnu Prakash R Punglia Limited,Industrials,Engineering & Construction,28.049999237060547,False,171.42,False,False,-84.24,-87.4,False,,EXIT
SHEMAROO,Shemaroo Entertainment Limited,Communication Services,Entertainment,117.98999786376953,False,180.85999999999999,True,True,16.13,-3.73,False,707.0,HOLD
PAKKA,Pakka Limited,Basic Materials,Paper & Paper Products,71.27999877929688,False,21.27,False,False,-65.0,-68.63,False,408.0,EXIT
SOMATEX,Soma Textiles & Industries Limited,Consumer Cyclical,Textile Manufacturing,95.63999938964844,False,11.08,False,False,-2.71,0.19,False,272.93,EXIT
SAHYADRI,Sahyadri Industries Limited,Industrials,Building Products & Equipment,326.8999938964844,False,29.0,False,True,8.31,4.94,True,,HOLD
VALIANTLAB,Valiant Laboratories Limited,Healthcare,Drug Manufacturers - Specialty & Generic,61.7400016784668,False,10.84,False,False,-42.43,-36.52,False,334.0,EXIT
HILINFRA,HILINFRA,Industrials,Infrastructure Operations,47.0,False,32.07,False,False,,,False,573.0,EXIT
COASTCORP,Coastal Corporation Limited,Consumer Defensive,Packaged Foods,51.040000915527344,False,26.42,False,True,49.13,40.68,True,613.0,HOLD
DYNPRO,Dynemic Products Limited,Basic Materials,Specialty Chemicals,264.20001220703125,False,19.94,False,True,-24.89,-28.64,False,368.0,EXIT
TREJHARA,Trejhara Solutions Limited,Technology,Software - Application,135.9499969482422,False,8.67,False,False,-42.39,-43.1,False,116.0,EXIT
TRACXN,Tracxn Technologies Limited,Technology,Software - Application,30.440000534057617,False,10.120000000000001,False,False,-48.92,-49.58,False,,EXIT
RUCHIRA,Ruchira Papers Limited,Basic Materials,Paper & Paper Products,108.08999633789062,False,44.150000000000006,False,False,-21.12,-24.88,False,,EXIT
DEVX,Dev Accelerator Limited,Real Estate,Real Estate Services,34.33000183105469,False,12.75,False,False,,,False,127.0,EXIT
VGL,VGL,Consumer Cyclical,Textile Manufacturing,61.70000076293945,False,69.63,True,False,-33.63,-30.66,False,827.0,EXIT
MEDICAMEQ,Medicamen Biotech Limited,Healthcare,Drug Manufacturers - Specialty & Generic,240.02000427246094,False,10.31,False,False,-48.82,-42.88,False,179.0,EXIT
BELLACASA,Bella Casa Fashion & Retail Limited,Consumer Cyclical,Textile Manufacturing,246.0399932861328,False,20.13,False,False,-47.89,-44.88,False,,EXIT
AVONMORE,Avonmore Capital & Management Services Limited,Financial Services,Capital Markets,11.359999656677246,False,26.929999999999996,False,False,-42.66,-42.73,False,,EXIT
OILCOUNTUB,Oil Country Tubular Limited,Energy,Oil & Gas Equipment & Services,56.4900016784668,False,61.49,False,True,-52.71,-43.56,False,,EXIT
TAKE,TAKE LIMITED,Healthcare,Health Information Services,22.360000610351562,False,11.260000000000002,False,False,120.95,125.77,True,2212.9,EXIT
APOLSINHOT,Apollo Sindoori Hotels Limited,Industrials,Specialty Business Services,1207.0999755859375,False,10.51,False,False,-16.06,-19.38,False,542.0,EXIT
GENUSPAPER,Genus Paper & Boards Limited,Basic Materials,Paper & Paper Products,12.470000267028809,False,9.459999999999999,False,False,-32.05,-35.78,False,863.0,EXIT
HALDER,Halder Venture Limited,Consumer Defensive,Farm Products,255.0,False,50.56999999999999,True,False,,,False,884.0,EXIT
CLEDUCATE,CL Educate Limited,Consumer Defensive,Education & Training Services,59.279998779296875,False,36.7,True,False,-30.58,-38.49,False,358.0,EXIT
NATHBIOGEN,Nath Bio-Genes (India) Limited,Basic Materials,Agricultural Inputs,158.83999633789062,False,36.62,False,True,-14.24,-18.02,False,268.0,EXIT
VERTOZ,Vertoz Limited,Technology,Software - Infrastructure,35.61000061035156,False,26.04,False,False,-61.84,-62.43,False,254.0,EXIT
MODIRUBBER,Modi Rubber Limited,Real Estate,Real Estate Services,121.37000274658203,False,24.48,False,False,15.09,-2.89,False,146.0,EXIT
OMFREIGHT,OMFREIGHT,Industrials,Integrated Freight & Logistics,88.0,False,19.96,False,True,,,False,489.0,EXIT
SUNDRMBRAK,Sundaram Brake Linings Limited,Consumer Cyclical,Auto Parts,778.4500122070312,False,12.359999999999998,False,True,-19.39,-16.45,False,,EXIT
CINELINE,Cineline India Limited,Communication Services,Entertainment,88.52999877929688,False,14.79,True,True,11.08,-8.71,False,286.0,HOLD
TIGERLOGS,Tiger Logistics (India) Limited,Industrials,Integrated Freight & Logistics,27.440000534057617,False,21.490000000000002,True,False,,,False,330.0,EXIT
HPAL,HP Adhesives Limited,Basic Materials,Specialty Chemicals,33.29999923706055,False,11.71,False,False,-33.21,-36.94,False,251.0,EXIT
ELGIRUBCO,Elgi Rubber Company Limited,Consumer Cyclical,Auto Parts,57.40999984741211,False,240.24,True,True,1.03,3.92,True,489.0,HOLD
RPPINFRA,R.P.P. Infra Projects Limited,Industrials,Engineering & Construction,59.93000030517578,False,38.46,False,False,-54.87,-58.1,False,1439.0,EXIT
MAHEPC,Mahindra EPC Irrigation Limited,Industrials,Farm & Heavy Construction Machinery,107.76000213623047,False,14.4,False,False,-25.25,-28.55,False,284.0,EXIT
SPENCERS,Spencer's Retail Limited,Consumer Cyclical,Department Stores,33.22999954223633,False,249.32999999999998,True,False,-50.2,-47.19,False,2645.0,EXIT
APCL,Anjani Portland Cement Limited,Basic Materials,Building Materials,102.02999877929688,False,28.78,False,False,-31.24,-34.97,False,801.0,EXIT
GOLDTECH,AION-TECH Solutions Limited,Technology,Information Technology Services,54.939998626708984,False,10.07,False,True,-30.85,-31.63,False,93.0,EXIT
REMSONSIND,Remsons Industries Limited,Consumer Cyclical,Auto Parts,83.44000244140625,False,18.04,True,False,-40.6,-37.61,False,377.0,EXIT
RHL,Robust Hotels Limited,Consumer Cyclical,Lodging,172.99000549316406,False,24.700000000000003,False,False,-45.16,-42.17,False,,EXIT
NILAINFRA,Nila Infrastructures Limited,Real Estate,Real Estate - Development,7.659999847412109,False,25.019999999999996,True,False,-18.04,-35.6,False,247.0,EXIT
PRITIKAUTO,Pritika Auto Industries Limited,Industrials,Specialty Industrial Machinery,17.719999313354492,False,19.88,False,True,-1.52,-4.87,False,423.0,EXIT
VARDMNPOLY,Vardhman Polytex Limited,Consumer Cyclical,Textile Manufacturing,6.119999885559082,False,7.670000000000001,False,False,-45.53,-42.53,False,1051.0,EXIT
IITL,Industrial Investment Trust Limited,Financial Services,Credit Services,153.2100067138672,False,45.18,False,True,-8.09,-8.32,False,339.07,EXIT
ATLANTAA,Atlantaa Limited,Industrials,Infrastructure Operations,35.20000076293945,False,44.940000000000005,False,False,2.9,-0.47,False,541.0,EXIT
AARON,Aaron Industries Limited,Industrials,Specialty Industrial Machinery,131.60000610351562,False,6.789999999999999,False,False,-41.64,-44.9,False,,EXIT
AXITA,Axita Cotton Limited,Consumer Cyclical,Textile Manufacturing,7.300000190734863,False,6.31,True,False,-16.56,-13.63,False,653.0,EXIT
ALPINETEX,ALPINETEX,Consumer Cyclical,Textile Manufacturing,71.68000030517578,False,0.0,False,False,,,False,,EXIT
NDGL,Naga Dhunseri Group Limited,Financial Services,Capital Markets,2849.0,False,64.03999999999999,False,True,-35.12,-35.23,False,,EXIT
PODDARMENT,Poddar Pigments Limited,Basic Materials,Specialty Chemicals,251.5500030517578,False,14.76,False,False,-17.08,-20.85,False,,EXIT
BTTL,Bhilwara Technical Textiles Limited,Consumer Cyclical,Textile Manufacturing,46.13999938964844,False,17.88,False,False,,,False,,EXIT
A2ZINFRA,A2Z Infra Engineering Limited,Industrials,Engineering & Construction,17.100000381469727,False,9.12,False,True,-19.73,-23.04,False,1349.0,EXIT
EXXARO,Exxaro Tiles Limited,Industrials,Building Products & Equipment,6.110000133514404,False,4.1,False,False,-27.81,-31.1,False,325.0,EXIT
AMBALALSA,Ambalal Sarabhai Enterprises Limited,Healthcare,Drug Manufacturers - Specialty & Generic,36.83000183105469,True,18.340000000000003,False,False,,,False,,EXIT
ZEELEARN,Zee Learn Limited,Consumer Defensive,Education & Training Services,8.140000343322754,False,56.11,False,True,-20.86,-28.83,False,517.0,EXIT
RMC,RMC Switchgears Limited,Industrials,Electrical Equipment & Parts,292.1499938964844,False,19.09,False,False,,,False,318.0,EXIT
IVC,IL&FS Investment Managers Limited,Financial Services,Financial Conglomerates,8.449999809265137,False,18.189999999999998,False,True,-6.94,-7.18,False,215.0,EXIT
BPL,BPL Limited,Technology,Consumer Electronics,54.4900016784668,False,14.36,False,False,-35.86,-36.6,False,198.0,EXIT
CORDSCABLE,Cords Cable Industries Limited,Industrials,Electrical Equipment & Parts,211.60000610351562,False,20.650000000000002,False,True,10.43,7.05,True,,HOLD
PONNIERODE,Ponni Sugars (Erode) Limited,Consumer Defensive,Confectioners,328.29998779296875,False,40.06,False,True,18.07,9.83,True,,HOLD
RNBDENIMS,R & B Denims Limited,Consumer Cyclical,Textile Manufacturing,9.079999923706055,False,23.22,False,False,,,False,296.0,EXIT
ALMONDZ,Almondz Global Securities Limited,Financial Services,Capital Markets,13.800000190734863,False,33.79,False,False,-40.74,-40.82,False,150.0,EXIT
SAKUMA,Sakuma Exports Limited,Consumer Defensive,Farm Products,1.6399999856948853,False,9.51,False,False,-36.14,-44.01,False,4546.0,EXIT
STARTECK,Starteck Finance Limited,Financial Services,Credit Services,261.1499938964844,False,23.61,False,False,-19.88,-20.05,False,,EXIT
DPWIRES,D.P. Wires Limited,Industrials,Metal Fabrication,164.27000427246094,False,17.580000000000002,False,False,-27.02,-30.32,False,,EXIT
DCMNVL,DCM Nouvelle Limited,Consumer Cyclical,Textile Manufacturing,142.57000732421875,False,8.43,False,True,-31.81,-28.84,False,1081.0,EXIT
FCSSOFT,FCS Software Solutions Limited,Technology,Information Technology Services,1.4900000095367432,False,9.24,True,False,-44.45,-45.14,False,133.41,EXIT
BIMETAL,Bimetal Bearings Limited,Consumer Cyclical,Auto Parts,637.1500244140625,False,11.73,False,False,,,False,,EXIT
GULFPETRO,GP Petroleums Limited,Energy,Oil & Gas Refining & Marketing,52.45000076293945,False,40.62,True,True,14.46,21.74,True,790.0,HOLD
KMSUGAR,K.M. Sugar Mills Limited,Consumer Defensive,Confectioners,28.190000534057617,False,53.42,True,True,8.46,0.28,True,659.0,HOLD
UCAL,UCAL Limited,Consumer Cyclical,Auto Parts,113.51000213623047,False,23.630000000000003,False,True,-29.82,-26.86,False,870.0,EXIT
UFO,UFO Moviez India Limited,Communication Services,Entertainment,68.86000061035156,False,24.03,False,False,5.04,-14.67,False,612.0,EXIT
PAVNAIND,Pavna Industries Limited,Consumer Cyclical,Auto Parts,18.010000228881836,False,8.809999999999999,False,False,-61.77,-58.73,False,298.0,EXIT
AHLEAST,Asian Hotels (East) Limited,Consumer Cyclical,Lodging,143.1199951171875,False,73.64,True,False,-17.04,-14.11,False,202.0,EXIT
TRF,TRF Limited,Industrials,Specialty Industrial Machinery,228.55999755859375,False,18.04,False,False,-33.32,-36.6,False,1162.56,EXIT
LOTUSEYE,Lotus Eye Hospital and Institute Limited,Healthcare,Medical Care Facilities,117.45999908447266,False,1.2400000000000002,False,True,51.78,57.06,True,,HOLD
DIAMINESQ,Diamines and Chemicals Limited,Basic Materials,Chemicals,239.72999572753906,False,12.780000000000001,False,False,-41.37,-45.07,False,110.34,EXIT
SURANAT&P,Surana Telecom and Power Limited,Utilities,Utilities - Independent Power Producers,17.889999389648438,False,24.810000000000002,True,False,1.57,-9.11,False,36.0,EXIT
MARALOVER,Maral Overseas Limited,Consumer Cyclical,Textile Manufacturing,57.0099983215332,False,33.96,False,True,-29.47,-26.51,False,,EXIT
NIPPOBATRY,Indo National Limited,Industrials,Electrical Equipment & Parts,327.1499938964844,False,31.15,False,False,-31.44,-34.72,False,641.0,EXIT
SAHLIBHFI,Shalibhadra Finance Limited,Financial Services,Credit Services,78.5199966430664,False,19.48,False,False,,,False,,EXIT
UNITEDTEA,The United Nilgiri Tea Estates Company Limited,Consumer Defensive,Farm Products,472.79998779296875,False,21.94,True,False,5.95,-2.21,False,62.0,EXIT
SRD,Shankar Lal Rampal Dye-Chem Limited,Basic Materials,Specialty Chemicals,39.209999084472656,False,13.49,False,False,-52.52,-56.19,False,,EXIT
SHIVAMAUTO,Shivam Autotech Limited,Consumer Cyclical,Auto Parts,17.639999389648438,False,81.33,True,False,-47.09,-44.09,False,636.0,EXIT
RADIOCITY,Music Broadcast Limited,Communication Services,Broadcasting,6.809999942779541,False,67.74,True,True,-6.88,-26.43,False,201.0,HOLD
STARPAPER,Star Paper Mills Limited,Basic Materials,Paper & Paper Products,150.6999969482422,False,35.34,True,True,-14.61,-18.39,False,360.0,HOLD
VIKASLIFE,Vikas Lifecare Limited,Consumer Defensive,Farm Products,1.2799999713897705,False,167.38000000000002,True,False,-43.37,-51.2,False,480.0,EXIT
SETCO,Setco Automotive Limited,Consumer Cyclical,Auto Parts,17.899999618530273,False,130.54000000000002,True,False,8.08,10.95,True,691.0,HOLD
JAYSREETEA,Jay Shree Tea & Industries Limited,Consumer Defensive,Farm Products,83.2699966430664,False,64.22,False,False,-20.92,-28.9,False,858.0,EXIT
SUMIT,Sumit Woods Limited,Real Estate,Real Estate - Development,55.060001373291016,False,6.050000000000001,False,False,-22.0,-39.5,False,94.0,EXIT
GEEKAYWIRE,Geekay Wires Limited,Industrials,Electrical Equipment & Parts,23.209999084472656,False,30.110000000000003,False,False,-32.24,-35.52,False,,EXIT
BCONCEPTS,Brand Concepts Limited,Consumer Cyclical,Footwear & Accessories,189.13999938964844,False,6.58,False,False,-50.75,-47.74,False,292.0,EXIT
GLOBECIVIL,GLOBECIVIL,Industrials,Engineering & Construction,39.93000030517578,False,23.31,False,False,-51.65,-54.89,False,326.0,EXIT
AARVI,Aarvi Encon Limited,Industrials,Staffing & Employment Services,155.2100067138672,False,17.61,False,True,48.71,45.24,True,510.0,HOLD
VETO,Veto Switchgears and Cables Limited,Industrials,Electrical Equipment & Parts,123.16999816894531,False,25.13,False,True,-10.35,-13.68,False,300.0,EXIT
SIKKO,Sikko Industries Limited,Basic Materials,Agricultural Inputs,5.369999885559082,False,9.12,True,True,48.1,44.15,True,61.3,HOLD
GLOBALVECT,Global Vectra Helicorp Limited,Industrials,Airports & Air Services,165.10000610351562,False,32.29,False,False,-26.8,-30.09,False,,EXIT
MANAKALUCO,Manaksia Aluminium Company Limited,Basic Materials,Aluminum,34.5,False,7.5600000000000005,False,True,9.16,5.31,True,,HOLD
SINTERCOM,Sintercom India Limited,Consumer Cyclical,Auto Parts,86.98999786376953,False,1.43,False,False,-38.25,-35.27,False,,EXIT
EQUIPPP,Equippp Social Impact Technologies Limited,Technology,Information Technology Services,23.09000015258789,False,1.51,False,True,3.6,2.62,True,560.34,HOLD
GENCON,Generic Engineering Construction and Projects Limited,Industrials,Engineering & Construction,39.619998931884766,False,8.5,False,False,-13.24,-16.56,False,302.0,EXIT
WORTHPERI,Worth Peripherals Limited,Consumer Cyclical,Packaging & Containers,145.92999267578125,False,14.63,False,True,-14.0,-11.07,False,297.0,EXIT
RCOM,Reliance Communications Limited,Communication Services,Telecom Services,0.8399999737739563,False,11125.0,True,False,-21.99,-41.34,False,25594.0,EXIT
SHIVATEX,Shiva Texyarn Limited,Consumer Cyclical,Textile Manufacturing,163.57000732421875,False,10.219999999999999,False,False,-22.34,-19.4,False,553.0,EXIT
CHEMBOND,Chembond Material Technologies Limited,Basic Materials,Specialty Chemicals,173.91000366210938,False,20.86,False,True,-4.56,-8.36,False,440.0,EXIT
DSFCL,DSFCL,Basic Materials,Specialty Chemicals,25.559999465942383,False,8.25,False,False,,,False,429.0,EXIT
BALAJEE,BALAJEE,Consumer Cyclical,Packaging & Containers,27.360000610351562,False,11.01,False,False,-53.34,-50.33,False,579.0,EXIT
AERONEU,Aeroflex Neu Limited,Consumer Cyclical,Packaging & Containers,87.7300033569336,False,3.46,False,True,-33.6,-30.63,False,129.0,EXIT
VMSTMT,VMSTMT,Basic Materials,Steel,44.380001068115234,False,21.04,False,False,,,False,,EXIT
NITIRAJ,Nitiraj Engineers Limited,Technology,Scientific & Technical Instruments,214.8699951171875,False,2.72,False,True,7.53,6.52,True,67.81,HOLD
SONAMLTD,Sonam Limited,Consumer Cyclical,"Furnishings, Fixtures & Appliances",54.15999984741211,False,0.0,False,True,9.66,12.53,True,,HOLD
PIGL,Power & Instrumental (Gujarat) Limited,Industrials,Engineering & Construction,110.83000183105469,False,14.280000000000001,True,False,-18.44,-21.75,False,169.0,EXIT
AAREYDRUGS,Aarey Drugs & Pharmaceuticals Limited,Healthcare,Drug Manufacturers - Specialty & Generic,81.52999877929688,False,4.52,False,True,11.25,16.8,True,,HOLD
LYKALABS,Lyka Labs Limited,Healthcare,Biotechnology,63.84000015258789,False,11.9,False,False,-53.26,-47.28,False,194.0,EXIT
KALYANIFRG,Kalyani Forge Limited,Consumer Cyclical,Auto Parts,599.5999755859375,False,9.56,False,False,-22.02,-19.08,False,,EXIT
ROSSELLIND,Rossell India Limited,Industrials,Conglomerates,58.7400016784668,False,63.44,True,True,-11.64,-14.97,False,367.0,HOLD
MAHESHWARI,Maheshwari Logistics Limited,Industrials,Integrated Freight & Logistics,73.0,False,16.849999999999998,False,True,18.44,15.05,True,1147.0,HOLD
RVTH,Revathi Equipment India Limited,Industrials,Farm & Heavy Construction Machinery,706.6500244140625,False,16.64,False,True,-26.9,-30.19,False,212.0,EXIT
BASML,Bannari Amman Spinning Mills Ltd,Consumer Cyclical,Textile Manufacturing,27.059999465942383,False,13.75,False,True,-17.71,-14.78,False,1560.0,EXIT
AFFORDABLE,Affordable Robotic & Automation Limited,Industrials,Specialty Industrial Machinery,177.5399932861328,False,12.079999999999998,False,False,-55.95,-59.18,False,163.0,EXIT
ASMS,Avio Smart Market Stack Limited,Technology,Information Technology Services,7.079999923706055,False,5.97,False,False,-50.2,-50.85,False,1163.0,EXIT
CCHHL,Country Club Hospitality & Holidays Limited,Consumer Cyclical,Lodging,13.0600004196167,False,18.54,False,False,-33.49,-30.52,False,520.63,EXIT
ALANKIT,Alankit Limited,Technology,Information Technology Services,7.769999980926514,False,19.1,False,False,-53.66,-54.3,False,312.0,EXIT
VSTL,Vibhor Steel Tubes Limited,Basic Materials,Steel,109.80999755859375,False,8.79,False,False,-32.02,-35.75,False,,EXIT
ZODIACLOTH,Zodiac Clothing Company Limited,Consumer Cyclical,Apparel Manufacturing,76.6500015258789,False,35.05,True,False,-33.67,-30.7,False,405.0,EXIT
KOTARISUG,Kothari Sugars and Chemicals Limited,Consumer Defensive,Confectioners,26.1299991607666,False,26.67,True,False,-16.42,-24.43,False,433.0,EXIT
PKTEA,The Peria Karamalai Tea and Produce Company Limited,Consumer Defensive,Farm Products,699.0,False,23.189999999999998,True,False,21.49,13.22,True,72.79,HOLD
SSDL,SSDL,Consumer Cyclical,Apparel Retail,54.060001373291016,False,23.409999999999997,False,False,-50.1,-47.09,False,604.0,EXIT
NOVAAGRI,Nova Agritech Limited,Basic Materials,Agricultural Inputs,23.0,False,12.84,False,False,-58.12,-61.78,False,294.0,EXIT
QMSMEDI,QMSMEDI,Healthcare,Medical Instruments & Supplies,112.30000305175781,False,11.239999999999998,False,True,33.22,38.63,True,,HOLD
NECLIFE,Nectar Lifesciences Limited,Healthcare,Drug Manufacturers - Specialty & Generic,10.720000267028809,False,145.75,True,False,-44.93,-39.01,False,2779.0,EXIT
PILITA,Pil Italica Lifestyle Limited,Consumer Cyclical,"Furnishings, Fixtures & Appliances",8.649999618530273,False,3.54,False,False,-50.25,-47.24,False,,EXIT
SAKHTISUG,Sakthi Sugars Limited,Consumer Defensive,Confectioners,17.440000534057617,False,195.89999999999998,False,False,-22.58,-30.55,False,3063.0,EXIT
JMA,Jullundur Motor Agency (Delhi) Limited,Consumer Cyclical,Auto Parts,88.66999816894531,False,29.71,True,True,-11.56,-8.64,False,556.0,HOLD
AKSHARCHEM,AksharChem (India) Limited,Basic Materials,Specialty Chemicals,255.5399932861328,False,11.540000000000003,False,True,-9.94,-13.73,False,380.0,EXIT
CPCAP,CP Capital Limited,Financial Services,Credit Services,114.56999969482422,False,42.58,True,True,-36.64,-36.74,False,,HOLD
SMARTLINK,Smartlink Holdings Limited,Technology,Communication Equipment,210.4199981689453,False,13.149999999999999,False,True,42.01,40.79,True,215.0,HOLD
SHRADHA,Shradha Realty Limited,Real Estate,Real Estate - Development,33.86000061035156,False,26.86,True,False,-31.49,-48.86,False,110.0,EXIT
SICAGEN,Sicagen India Limited,Basic Materials,Steel,49.970001220703125,False,18.07,False,False,,,False,,EXIT
VIJIFIN,Viji Finance Limited,Financial Services,Credit Services,10.40999984741211,False,4.33,True,True,150.48,149.54,True,,HOLD
AUSOMENT,AuSom Enterprise Limited,Financial Services,Capital Markets,142.13999938964844,False,19.48,False,True,36.81,36.38,True,2393.0,HOLD
INTENTECH,Intense Technologies Limited,Technology,Software - Infrastructure,83.06999969482422,False,28.69,True,False,-4.08,-5.02,False,127.4,EXIT
SPCENET,Spacenet Enterprises India Limited,Financial Services,Capital Markets,3.430000066757202,False,16.07,False,False,-52.18,-52.21,False,157.0,EXIT
BHARATGEAR,Bharat Gears Limited,Consumer Cyclical,Auto Parts,123.56999969482422,False,16.509999999999998,False,True,26.11,28.94,True,,HOLD
TEAMGTY,Team India Guaranty Limited,Financial Services,Asset Management,223.47999572753906,False,2.09,False,False,-20.04,-20.22,False,,EXIT
ESSENTIA,Integra Essentia Limited,Consumer Defensive,Food Distribution,1.149999976158142,False,5.41,False,False,-39.63,-47.48,False,442.0,EXIT
SHREYANIND,Shreyans Industries Limited,Basic Materials,Paper & Paper Products,141.8800048828125,False,32.53,False,False,-39.56,-43.26,False,,EXIT
LANCORHOL,Lancor Holdings Limited,Real Estate,Real Estate - Development,26.540000915527344,False,45.879999999999995,True,True,27.35,9.22,True,190.0,HOLD
VIPCLOTHNG,VIP Clothing Limited,Consumer Cyclical,Apparel Manufacturing,21.5,False,9.81,False,False,-51.68,-48.67,False,,EXIT
GICL,GICL,Industrials,Integrated Freight & Logistics,17.829999923706055,False,10.17,True,False,-86.71,-89.87,False,157.0,EXIT
GILLANDERS,Gillanders Arbuthnot and Company Limited,Consumer Defensive,Farm Products,88.66000366210938,False,28.15,True,False,-36.09,-43.97,False,947.0,EXIT
AIRAN,Airan Limited,Technology,Information Technology Services,15.029999732971191,False,12.110000000000001,False,False,-48.08,-48.75,False,106.0,EXIT
DRCSYSTEMS,DRC Systems India Limited,Technology,Information Technology Services,13.569999694824219,False,19.93,True,False,-26.37,-27.17,False,65.0,EXIT
RACE,Race Eco Chain Limited,Industrials,Waste Management,111.79000091552734,False,6.77,True,False,-57.45,-60.67,False,555.0,EXIT
PLAZACABLE,Plaza Wires Limited,Industrials,Electrical Equipment & Parts,44.0099983215332,False,7.300000000000001,False,True,-24.94,-28.24,False,,EXIT
MURUDCERA,Murudeshwar Ceramics Ltd.,Industrials,Building Products & Equipment,30.700000762939453,False,10.79,True,False,-28.96,-32.25,False,202.0,EXIT
TAINWALCHM,Tainwala Chemicals and Plastics (India) Limited,Basic Materials,Specialty Chemicals,206.82000732421875,False,10.79,False,True,-12.11,-15.89,False,,EXIT
BYKE,The Byke Hospitality Limited,Consumer Cyclical,Lodging,34.45000076293945,False,6.709999999999999,False,False,-62.56,-59.52,False,,EXIT
SILGO,Silgo Retail Limited,Consumer Cyclical,Luxury Goods,69.79000091552734,False,5.27,True,False,21.16,24.0,True,44.37,HOLD
ASPINWALL,Aspinwall and Company Limited,Consumer Defensive,Farm Products,236.19000244140625,False,19.7,False,True,-16.43,-24.44,False,336.0,EXIT
RANASUG,Rana Sugars Limited,Consumer Defensive,Confectioners,12.520000457763672,False,57.13,False,False,-9.0,-17.06,False,1713.0,EXIT
BROOKS,Brooks Laboratories Limited,Healthcare,Drug Manufacturers - Specialty & Generic,61.2599983215332,False,24.58,True,False,-72.07,-65.97,False,91.0,EXIT
KHADIM,Khadim India Limited,Consumer Cyclical,Footwear & Accessories,96.79000091552734,False,3.4499999999999997,False,False,-71.8,-68.74,False,799.0,EXIT
SUPREME,Supreme Holdings & Hospitality (India) Limited,Real Estate,Real Estate - Development,45.9900016784668,False,0.56,False,False,-25.18,-42.64,False,78.33,EXIT
SUPERHOUSE,Superhouse Limited,Consumer Cyclical,Footwear & Accessories,158.57000732421875,False,7.13,False,True,-11.05,-8.14,False,800.0,EXIT
RUDRA,Rudra Global Infra Products Limited,Basic Materials,Steel,18.059999465942383,False,13.52,False,False,,,False,561.0,EXIT
NIRAJ,Niraj Cement Structurals Limited,Industrials,Engineering & Construction,29.079999923706055,False,21.130000000000003,True,False,-44.5,-47.76,False,606.0,EXIT
ARVEE,Arvee Laboratories (India) Ltd.,Basic Materials,Specialty Chemicals,155.44000244140625,False,2.08,False,False,-9.21,-13.0,False,61.35,EXIT
VIRINCHI,Virinchi Limited,Technology,Software - Application,15.319999694824219,False,30.299999999999997,False,False,-48.61,-49.27,False,406.0,EXIT
VASWANI,Vaswani Industries Limited,Basic Materials,Steel,51.810001373291016,False,20.16,True,False,-5.2,-9.0,False,389.0,EXIT
VIPULLTD,Vipul Limited,Real Estate,Real Estate - Diversified,11.449999809265137,False,44.839999999999996,False,True,24.28,6.18,True,284.0,HOLD
SANGINITA,Sanginita Chemicals Limited,Basic Materials,Chemicals,64.05999755859375,False,9.899999999999999,True,True,546.16,540.79,True,230.0,HOLD
EMMBI,Emmbi Industries Limited,Consumer Cyclical,Packaging & Containers,85.61000061035156,False,7.890000000000001,True,False,-29.89,-26.93,False,404.0,EXIT
TIPSFILMS,Tips Films Limited,Communication Services,Entertainment,379.0,False,25.33,False,True,-9.11,-28.64,False,,EXIT
MODTHREAD,Modern Threads (India) Limited,Consumer Cyclical,Textile Manufacturing,48.849998474121094,False,12.19,False,True,-8.4,-5.49,False,,EXIT
UMIYA-MRO,Umiya Buildcon Limited,Real Estate,Real Estate - Development,88.1500015258789,False,33.37,False,True,22.61,4.54,True,123.0,HOLD
TTL,T.T. Limited,Consumer Cyclical,Textile Manufacturing,6.369999885559082,False,2.3,False,False,-58.97,-55.94,False,,EXIT
TRIGYN,Trigyn Technologies Limited,Technology,Information Technology Services,54.88999938964844,False,11.2,False,False,-37.55,-38.29,False,1280.0,EXIT
DELPHIFX,Delphi World Money Limited,Financial Services,Capital Markets,6.809999942779541,False,6.97,False,False,-53.44,-53.47,False,9163.53,EXIT
DCM,DCM Limited,Industrials,Metal Fabrication,83.6500015258789,False,6.5,False,False,-19.36,-22.67,False,961.69,EXIT
INDOUS,Indo Us Bio-Tech Limited,Basic Materials,Agricultural Inputs,83.5999984741211,False,13.120000000000001,True,False,-51.95,-55.63,False,49.39,EXIT
KRITIKA,Kritika Wires Limited,Basic Materials,Steel,6.010000228881836,False,6.199999999999999,False,False,-35.87,-39.58,False,,EXIT
METROGLOBL,MetroGlobal Limited,Industrials,Conglomerates,133.25999450683594,False,17.46,False,False,,,False,,EXIT
ARCHIDPLY,Archidply Industries Limited,Basic Materials,Lumber & Wood Production,81.80000305175781,False,7.98,False,False,-26.28,-30.02,False,550.0,EXIT
SRTL,SRTL,Consumer Cyclical,Textile Manufacturing,40.220001220703125,False,4.46,False,False,,,False,,EXIT
AMJLAND,AMJ Land Holdings Limited,Real Estate,Real Estate - Development,38.119998931884766,False,14.790000000000001,False,False,-24.3,-41.77,False,333.0,EXIT
CENTEXT,Century Extrusions Limited,Basic Materials,Aluminum,20.0,False,8.07,False,False,-14.73,-18.51,False,431.0,EXIT
MKPL,M. K. Proteins Limited,Consumer Defensive,Packaged Foods,4.25,False,6.83,False,False,-36.22,-44.09,False,,EXIT
IVP,IVP Limited,Basic Materials,Specialty Chemicals,158.22999572753906,False,18.68,False,True,-10.25,-14.04,False,,EXIT
NECCLTD,North Eastern Carrying Corporation Limited,Industrials,Trucking,15.680000305175781,False,7.750000000000001,True,False,-30.49,-33.77,False,572.0,EXIT
SADBHAV,Sadbhav Engineering Limited,Industrials,Engineering & Construction,8.640000343322754,False,171.57,False,False,-30.35,-33.63,False,5240.0,EXIT
INCREDIBLE,Incredible Industries Limited,Basic Materials,Steel,33.099998474121094,False,11.52,False,False,-17.26,-21.03,False,,EXIT
RPPL,Rajshree Polypack Limited,Consumer Cyclical,Packaging & Containers,22.329999923706055,False,17.259999999999998,True,True,-16.73,-13.8,False,330.0,HOLD
SIGIND,Signet Industries Limited,Industrials,Conglomerates,55.93000030517578,False,16.17,False,True,-3.72,-7.06,False,,EXIT
LAGNAM,Lagnam Spintex Limited,Consumer Cyclical,Textile Manufacturing,88.44000244140625,False,14.39,False,True,-17.58,-14.64,False,,EXIT
DEVIT,Dev Information Technology Limited,Technology,Information Technology Services,27.1200008392334,False,90.32,True,False,-42.65,-43.36,False,171.0,EXIT
BAIDFIN,Baid Finserv Limited,Financial Services,Credit Services,10.010000228881836,False,14.98,False,False,-20.05,-20.22,False,,EXIT
VIKASECO,Vikas Ecotech Limited,Basic Materials,Specialty Chemicals,1.1100000143051147,False,6.58,False,False,-51.53,-55.2,False,397.0,EXIT
KAMOPAINTS,Kamdhenu Ventures Limited,Basic Materials,Steel,4.559999942779541,False,5.54,False,False,-52.49,-56.16,False,292.0,EXIT
MHLXMIRU,Mahalaxmi Rubtech Limited,Consumer Cyclical,Textile Manufacturing,148.3300018310547,False,21.79,True,False,-39.11,-36.12,False,267.0,EXIT
FILATFASH,Filatex Fashions Limited,Consumer Cyclical,Apparel Manufacturing,0.18000000715255737,False,2.83,False,False,-78.06,-74.98,False,186.0,EXIT
NATCAPSUQ,Natural Capsules Limited,Healthcare,Drug Manufacturers - Specialty & Generic,162.3300018310547,False,24.67,True,False,-35.05,-29.2,False,170.0,EXIT
TICL,Twamev Construction and Infrastructure Limited,Industrials,Engineering & Construction,9.630000114440918,False,7.630000000000001,False,False,-70.16,-73.35,False,708.0,EXIT
INDOWIND,Indowind Energy Limited,Utilities,Utilities - Renewable,9.119999885559082,False,14.91,True,False,-44.89,-54.31,False,38.81,EXIT
AARTECH,Aartech Solonics Limited,Industrials,Electrical Equipment & Parts,46.959999084472656,False,4.4,True,False,-30.66,-33.95,False,36.35,EXIT
LAL,Lorenzini Apparels Limited,Consumer Cyclical,Apparel Manufacturing,8.130000114440918,False,4.35,False,False,-36.2,-33.22,False,,EXIT
BRNL,Bharat Road Network Limited,Industrials,Infrastructure Operations,17.469999313354492,False,96.43,False,False,-16.65,-19.97,False,401.0,EXIT
MCL,M Tek Copper Limited,Basic Materials,Copper,56.16999816894531,False,3.67,False,False,11.23,7.38,True,,EXIT
RELIABLE,Reliable Data Services Limited,Technology,Information Technology Services,146.3699951171875,False,8.35,False,True,90.28,88.76,True,131.0,HOLD
HPIL,Hindprakash Industries Limited,Basic Materials,Specialty Chemicals,127.73999786376953,False,2.74,False,False,-14.83,-18.61,False,103.61,EXIT
WIPL,The Western India Plywoods Limited,Basic Materials,Lumber & Wood Production,168.0,False,2.7,False,True,8.6,4.76,True,116.0,HOLD
INDBANK,Indbank Merchant Banking Services Limited,Financial Services,Capital Markets,32.4900016784668,False,7.65,False,False,-5.23,-5.47,False,,EXIT
ISHANCH,Ishan Dyes and Chemicals Limited,Basic Materials,Chemicals,51.84000015258789,False,10.63,False,False,-7.15,-10.95,False,101.43,EXIT
HECPROJECT,HEC Infra Projects Limited,Industrials,Engineering & Construction,135.49000549316406,False,12.58,False,True,-19.98,-23.29,False,,EXIT
KEYFINSERV,Keynote Financial Services Limited,Financial Services,Capital Markets,253.1999969482422,False,27.44,True,False,-5.68,-5.92,False,25.32,EXIT
PRAENG,Prajay Engineers Syndicate Limited,Real Estate,Real Estate - Development,20.06999969482422,False,18.64,True,False,21.15,3.1,True,109.0,HOLD
INDTERRAIN,Indian Terrain Fashions Limited,Consumer Cyclical,Apparel Retail,33.38999938964844,False,10.030000000000001,False,True,-19.7,-16.76,False,,EXIT
ALPA,Alpa Laboratories Limited,Healthcare,Drug Manufacturers - Specialty & Generic,66.66000366210938,False,15.16,False,False,-42.56,-36.65,False,112.0,EXIT
BALPHARMA,Bal Pharma Limited,Healthcare,Drug Manufacturers - Specialty & Generic,89.48999786376953,False,6.28,False,True,-18.16,-12.42,False,339.0,EXIT
ALPHAGEO,Alphageo (India) Limited,Energy,Oil & Gas Equipment & Services,264.1499938964844,False,15.520000000000001,False,True,-8.87,-0.94,False,429.0,EXIT
SECMARK,SecMark Consultancy Limited,Industrials,Consulting Services,124.45999908447266,False,8.13,True,True,-12.75,-16.08,False,35.11,HOLD
DGCONTENT,Digicontent Limited,Communication Services,Internet Content & Information,23.84000015258789,False,20.03,True,False,-21.5,-40.86,False,20.0,EXIT
RUCHINFRA,Ruchi Infrastructure Limited,Industrials,Specialty Business Services,5.889999866485596,False,10.93,False,False,-22.08,-25.39,False,2636.0,EXIT
DTIL,Dhunseri Tea & Industries Limited,Consumer Defensive,Packaged Foods,130.38999938964844,False,73.52999999999999,True,False,-28.23,-36.16,False,456.0,EXIT
CORALFINAC,Coral India Finance and Housing Limited,Real Estate,Real Estate Services,33.400001525878906,False,14.779999999999998,False,False,-12.47,-30.09,False,,EXIT
ONELIFECAP,Onelife Capital Advisors Limited,Financial Services,Capital Markets,36.09000015258789,False,18.82,True,True,165.15,164.15,True,6.41,HOLD
MAGNUM,Magnum Ventures Limited,Basic Materials,Paper & Paper Products,19.989999771118164,False,24.94,True,False,-18.88,-22.65,False,396.0,EXIT
INDIANCARD,The Indian Card Clothing Company Limited,Consumer Cyclical,Textile Manufacturing,224.2899932861328,False,11.690000000000001,False,True,-30.78,-27.81,False,85.0,EXIT
ISFT,IntraSoft Technologies Limited,Consumer Cyclical,Internet Retail,82.5,False,13.28,False,False,-24.27,-21.33,False,1170.0,EXIT
BALAXI,Balaxi Pharmaceuticals Limited,Healthcare,Drug Manufacturers - Specialty & Generic,24.0,False,1.41,False,False,-60.33,-54.3,False,336.0,EXIT
CALSOFT,California Software Company Limited,Technology,Software - Application,21.809999465942383,False,14.63,True,True,49.56,48.29,True,10.86,HOLD
SHAHALLOYS,Shah Alloys Limited,Basic Materials,Steel,67.44000244140625,False,65.04,False,False,19.24,15.36,True,880.0,EXIT
MITCON,MITCON Consultancy & Engineering Services Limited,Industrials,Engineering & Construction,75.69999694824219,False,8.09,True,True,-5.78,-9.12,False,129.0,HOLD
SAMPANN,Sampann Utpadan India Limited,Basic Materials,Specialty Chemicals,27.139999389648438,False,6.98,True,False,-9.59,-13.38,False,93.0,EXIT
NARMADA,Narmada Agrobase Limited,Basic Materials,Agricultural Inputs,16.260000228881836,False,3.86,False,True,60.16,56.17,True,,HOLD
AIROLAM,Airo Lam Limited,Consumer Cyclical,"Furnishings, Fixtures & Appliances",86.16999816894531,False,3.87,False,False,-29.12,-26.16,False,211.0,EXIT
BTML,Bodhi Tree Multimedia Limited,Communication Services,Entertainment,6.840000152587891,False,6.91,False,False,1.15,-18.51,False,89.0,EXIT
URAVIDEF,Uravi Defence and Technology Limited,Consumer Cyclical,Auto Parts,113.8499984741211,False,1.43,False,False,-85.3,-82.21,False,41.99,EXIT
CROWN,Crown Lifters Limited,Industrials,Rental & Leasing Services,115.11000061035156,False,8.9,False,False,-32.17,-35.46,False,,EXIT
BSL,BSL Limited,Consumer Cyclical,Textile Manufacturing,123.6500015258789,False,4.359999999999999,False,False,-26.59,-23.63,False,,EXIT
SALONA,Salona Cotspin Limited,Consumer Cyclical,Textile Manufacturing,248.05999755859375,False,4.300000000000001,False,False,-10.0,-7.09,False,,EXIT
MUKTAARTS,Mukta Arts Limited,Communication Services,Entertainment,55.400001525878906,False,11.81,True,False,-14.08,-33.54,False,308.0,EXIT
JOCIL,Jocil Limited,Basic Materials,Specialty Chemicals,150.8699951171875,False,8.290000000000001,False,True,-5.31,-9.11,False,919.0,EXIT
SURANASOL,Surana Solar Limited,Technology,Solar,26.270000457763672,False,6.760000000000001,True,False,-22.03,-22.86,False,92.55,EXIT
MAHAPEXLTD,Maha Rashtra Apex Corporation Limited,Financial Services,Credit Services,45.54999923706055,False,64.42,False,False,-61.17,-61.17,False,10.0,EXIT
TEXMOPIPES,Texmo Pipes and Products Limited,Industrials,Building Products & Equipment,42.9900016784668,False,14.059999999999999,False,False,-28.45,-31.74,False,635.0,EXIT
TARMAT,Tarmat Limited,Industrials,Engineering & Construction,50.130001068115234,False,6.24,False,False,-8.83,-12.16,False,276.0,EXIT
USK,Udayshivakumar Infra Limited,Industrials,Engineering & Construction,22.43000030517578,False,26.69,False,False,-39.89,-43.16,False,577.0,EXIT
HINDCON,Hindcon Chemicals Limited,Basic Materials,Specialty Chemicals,23.149999618530273,False,3.2199999999999998,False,False,-31.65,-35.38,False,85.59,EXIT
PAR,Par Drugs and Chemicals Limited,Healthcare,Drug Manufacturers - Specialty & Generic,99.08999633789062,False,13.11,False,True,-12.17,-6.47,False,,EXIT
SAMBHAAV,Sambhaav Media Limited,Communication Services,Publishing,6.579999923706055,False,1.18,False,False,10.87,-8.92,False,48.33,EXIT
DBSTOCKBRO,DB (International) Stock Brokers Limited,Financial Services,Capital Markets,34.15999984741211,False,3.4699999999999998,False,True,16.97,16.63,True,48.25,HOLD
XELPMOC,Xelpmoc Design and Tech Limited,Technology,Information Technology Services,83.4000015258789,False,7.59,True,False,-10.23,-11.14,False,14.74,EXIT
WEIZMANIND,Weizmann Limited,Consumer Cyclical,Textile Manufacturing,77.91000366210938,False,5.92,False,False,-40.07,-37.08,False,135.0,EXIT
GSLSU,Global Surfaces Limited,Basic Materials,Building Materials,27.690000534057617,False,30.419999999999998,False,False,-76.28,-79.88,False,225.0,EXIT
FELDVR,Future Enterprises Limited,Consumer Cyclical,Department Stores,2.490000009536743,False,0.0,False,False,-39.18,-36.2,False,,EXIT
LAMBODHARA,Lambodhara Textiles Limited,Consumer Cyclical,Textile Manufacturing,111.30000305175781,False,11.01,False,False,-20.26,-17.32,False,,EXIT
AVROIND,Avro India Limited,Consumer Cyclical,"Furnishings, Fixtures & Appliances",8.770000457763672,False,4.31,False,False,-50.82,-47.81,False,67.48,EXIT
GVPTECH,GVP Infotech Limited,Technology,Information Technology Services,7.059999942779541,False,95.72,True,False,-38.46,-39.18,False,1491.0,EXIT
REPL,Rudrabhishek Enterprises Limited,Industrials,Consulting Services,65.08000183105469,False,18.200000000000003,False,False,-63.15,-66.36,False,107.97,EXIT
KREBSBIO,Krebs Biochemicals & Industries Limited,Healthcare,Drug Manufacturers - Specialty & Generic,55.790000915527344,False,16.93,False,False,-38.2,-32.33,False,,EXIT
NAVKARURB,Navkar Urbanstructure Limited,Basic Materials,Building Materials,1.0299999713897705,False,3.2,False,False,-54.5,-58.16,False,,EXIT
BCPL,BCPL Railway Infrastructure Limited,Industrials,Infrastructure Operations,70.41000366210938,False,6.450000000000001,False,False,,,False,161.0,EXIT
LATTEYS,Latteys Industries Limited,Industrials,Specialty Industrial Machinery,19.860000610351562,False,3.5700000000000003,True,False,-6.07,-9.41,False,80.0,EXIT
ANIKINDS,Anik Industries Limited,Consumer Defensive,Food Distribution,43.130001068115234,False,3.3400000000000003,False,False,-52.17,-59.94,False,610.0,EXIT
GTL,GTL Limited,Communication Services,Telecom Services,7.440000057220459,False,666.75,True,False,-5.84,-25.41,False,3942.0,EXIT
AAATECH,AAA Technologies Limited,Technology,Information Technology Services,90.5999984741211,False,2.6,False,False,1.85,0.87,True,,EXIT
SURYALAXMI,Suryalakshmi Cotton Mills Limited,Consumer Cyclical,Textile Manufacturing,60.869998931884766,False,3.12,False,True,-19.44,-16.51,False,727.0,EXIT
LANDSMILL,Landsmill Green Limited,Industrials,Conglomerates,0.800000011920929,False,1.6600000000000001,False,False,-35.04,-38.31,False,39.65,EXIT
PRAXIS,Praxis Home Retail Limited,Consumer Cyclical,Specialty Retail,6.559999942779541,False,228.70000000000002,False,False,-48.46,-45.45,False,,EXIT
VITAL,VITAL,Basic Materials,Specialty Chemicals,48.41999816894531,False,0.0,False,False,-13.0,-16.78,False,134.0,EXIT
STEELCITY,Steel City Securities Limited,Financial Services,Capital Markets,76.4000015258789,False,14.290000000000001,False,False,-32.21,-32.34,False,70.0,EXIT
GANGESSECU,Ganges Securities Limited,Consumer Defensive,Packaged Foods,120.0,False,8.11,False,False,-21.03,-29.01,False,41.93,EXIT
SOMICONVEY,Somi Conveyor Beltings Limited,Industrials,Specialty Industrial Machinery,93.44999694824219,False,5.029999999999999,False,False,-39.68,-42.94,False,,EXIT
VLEGOV,VL E-Governance & IT Solutions Limited,Technology,Information Technology Services,10.350000381469727,False,2.51,False,False,-81.52,-81.98,False,,EXIT
VISHWARAJ,Vishwaraj Sugar Industries Limited,Consumer Defensive,Confectioners,5.239999771118164,False,48.4,False,False,-40.24,-48.09,False,,EXIT
OBCL,OBCL Limited,Industrials,Trucking,53.099998474121094,False,10.91,False,False,-5.82,-9.17,False,488.0,EXIT
HILTON,Hilton Metal Forging Limited,Industrials,Metal Fabrication,21.3700008392334,False,3.4499999999999997,False,False,-65.58,-68.79,False,,EXIT
SHYAMCENT,Shyam Century Ferrous Limited,Basic Materials,Steel,5.059999942779541,False,11.17,False,False,-35.8,-39.52,False,133.0,EXIT
CUBEXTUB,Cubex Tubings Limited,Basic Materials,Copper,79.6500015258789,False,7.450000000000001,True,False,-9.74,-13.53,False,267.0,EXIT
ZENITHEXPO,Zenith Exports Limited,Consumer Cyclical,Textile Manufacturing,198.88999938964844,False,2.53,False,False,-17.51,-14.58,False,,EXIT
SIL,Standard Industries Limited,Consumer Cyclical,Textile Manufacturing,16.950000762939453,False,19.5,False,True,-18.8,-15.86,False,437.0,EXIT
GROBTEA,The Grob Tea Company Limited,Consumer Defensive,Farm Products,918.0499877929688,False,43.77,False,False,-13.79,-21.82,False,,EXIT
NORBTEAEXP,Norben Tea & Exports Limited,Consumer Defensive,Farm Products,65.29000091552734,False,1.27,False,False,96.2,87.45,True,,EXIT
COMPUSOFT,Compucom Software Limited,Consumer Defensive,Education & Training Services,13.399999618530273,False,3.3600000000000003,False,False,-30.9,-38.81,False,75.0,EXIT
BEARDSELL,Beardsell Limited,Industrials,Building Products & Equipment,27.5,False,11.430000000000001,True,False,-15.96,-19.28,False,268.0,EXIT
LOVABLE,Lovable Lingerie Limited,Consumer Cyclical,Apparel Manufacturing,73.93000030517578,False,10.82,False,False,-28.55,-25.6,False,,EXIT
JETFREIGHT,Jet Freight Logistics Limited,Industrials,Integrated Freight & Logistics,22.670000076293945,False,6.8100000000000005,False,True,62.79,59.3,True,461.0,HOLD
MOTOGENFIN,The Motor & General Finance Limited,Real Estate,Real Estate Services,26.479999542236328,False,146.85,True,True,14.17,-3.8,False,15.16,HOLD
OSWALSEEDS,ShreeOswal Seeds and Chemicals Limited,Basic Materials,Agricultural Inputs,10.680000305175781,False,13.620000000000001,True,False,-12.34,-16.13,False,272.0,EXIT
LOYALTEX,Loyal Textile Mills Limited,Consumer Cyclical,Textile Manufacturing,200.0500030517578,False,64.68,False,False,-54.2,-51.18,False,1763.0,EXIT
DIGJAMLMTD,Digjam Limited,Consumer Cyclical,Textile Manufacturing,48.59000015258789,False,3.94,False,True,-22.26,-19.31,False,,EXIT
SEMAC,Semac Construction Limited,Industrials,Engineering & Construction,311.70001220703125,False,7.19,False,True,-42.41,-45.67,False,325.0,EXIT
RAJSREESUG,Rajshree Sugars & Chemicals Limited,Consumer Defensive,Confectioners,30.389999389648438,False,71.34,True,False,-28.51,-36.44,False,830.0,EXIT
BAGFILMS,B.A.G. Films and Media Limited,Communication Services,Broadcasting,4.449999809265137,False,3.74,False,False,-20.55,-39.92,False,145.0,EXIT
VAISHALI,Vaishali Pharma Limited,Healthcare,Drug Manufacturers - Specialty & Generic,7.639999866485596,False,5.73,False,False,-50.78,-44.82,False,,EXIT
DUCON,Ducon Infratechnologies Limited,Industrials,Specialty Industrial Machinery,2.9800000190734863,False,10.98,False,False,-48.71,-51.96,False,451.0,EXIT
BHANDARI,Bhandari Hosiery Exports Limited,Consumer Cyclical,Apparel Manufacturing,2.890000104904175,False,7.7700000000000005,False,False,-51.77,-48.75,False,21.03,EXIT
KAKATCEM,Kakatiya Cement Sugar and Industries Limited,Basic Materials,Building Materials,119.87000274658203,False,24.060000000000002,False,False,-24.7,-28.45,False,,EXIT
RHFL,Reliance Home Finance Limited,Financial Services,Mortgage Finance,1.8799999952316284,False,2.61,False,False,-68.16,-68.12,False,,EXIT
INVENTURE,Inventure Growth & Securities Limited,Financial Services,Capital Markets,0.9100000262260437,False,14.530000000000001,True,False,-44.65,-44.72,False,311.87,EXIT
GLOBE,Globe Enterprises (India) Limited,Consumer Cyclical,Textile Manufacturing,2.0999999046325684,False,5.93,False,False,-13.73,-10.81,False,524.0,EXIT
BANKA,Banka BioLoo Limited,Industrials,Pollution & Treatment Controls,87.91999816894531,False,2.84,False,True,5.23,1.86,True,54.18,HOLD
GOYALALUM,Goyal Aluminiums Limited,Basic Materials,Aluminum,6.579999923706055,False,3.5,True,False,-12.87,-16.66,False,82.41,EXIT
SADBHIN,Sadbhav Infrastructure Project Limited,Industrials,Engineering & Construction,2.5199999809265137,False,198.38,False,False,-39.34,-42.6,False,3548.0,EXIT
RELCHEMQ,Reliance Chemotex Industries Limited,Consumer Cyclical,Textile Manufacturing,124.83000183105469,False,5.26,False,False,-37.08,-34.1,False,366.0,EXIT
ARTNIRMAN,Art Nirman Limited,Real Estate,Real Estate - Development,38.18000030517578,False,1.34,False,False,-19.97,-37.5,False,,EXIT
ABAN,Aban Offshore Limited,Energy,Oil & Gas Drilling,16.56999969482422,False,849.68,False,False,-77.25,-67.42,False,,EXIT
SELMC,SEL Manufacturing Company Limited,Consumer Cyclical,Textile Manufacturing,27.469999313354492,False,167.88,False,False,-19.19,-16.25,False,3774.0,EXIT
SMLT,Sarthak Metals Limited,Industrials,Metal Fabrication,69.0,False,4.609999999999999,False,False,-44.43,-47.69,False,,EXIT
BVCL,Barak Valley Cements Limited,Basic Materials,Building Materials,40.61000061035156,False,5.27,False,False,-1.68,-5.49,False,234.0,EXIT
GRADIENTE,Gradiente Infotainment Limited,Communication Services,Entertainment,2.7799999713897705,False,0.0,False,False,,,False,,EXIT
AAKASH,Aakash Exploration Services Limited,Energy,Oil & Gas Equipment & Services,8.979999542236328,False,3.24,False,True,-22.68,-14.36,False,93.0,EXIT
RAJMET,Rajnandini Metal Limited,Basic Materials,Copper,3.309999942779541,False,0.0,False,False,-31.86,-35.59,False,,EXIT
GATECH,GACM Technologies Limited,Financial Services,Asset Management,0.75,False,7.1,False,True,39.69,39.25,True,385.56,HOLD
AMDIND,AMD Industries Limited,Consumer Cyclical,Packaging & Containers,47.52000045776367,False,9.889999999999999,True,True,-13.69,-10.77,False,190.0,HOLD
AKSHOPTFBR,Aksh Optifibre Limited,Technology,Communication Equipment,5.710000038146973,False,17.560000000000002,False,False,-33.55,-34.31,False,618.0,EXIT
SPLIL,SPL Industries Limited,Consumer Cyclical,Apparel Manufacturing,30.0,False,7.45,False,False,-35.33,-32.36,False,340.0,EXIT
PALASHSECU,Palash Securities Limited,Consumer Defensive,Packaged Foods,89.01000213623047,False,28.8,True,False,-22.76,-30.73,False,6.04,EXIT
REGENCERAM,Regency Ceramics Limited,Industrials,Building Products & Equipment,32.900001525878906,False,23.84,False,False,-37.24,-40.51,False,,EXIT
CINEVISTA,Cinevista Limited,Communication Services,Entertainment,14.9399995803833,False,6.1,True,False,-2.27,-21.89,False,59.0,EXIT
KOHINOOR,Kohinoor Foods Limited,Consumer Defensive,Packaged Foods,23.25,False,94.61999999999999,False,False,-29.47,-37.39,False,1420.0,EXIT
FIBERWEB,Fiberweb (India) Limited,Consumer Cyclical,Textile Manufacturing,29.280000686645508,False,13.059999999999999,False,False,-47.1,-44.09,False,286.13,EXIT
MOKSH,Moksh Ornaments Limited,Consumer Cyclical,Luxury Goods,10.199999809265137,False,0.0,False,False,-34.2,-31.23,False,,EXIT
PARASPETRO,Paras Petrofils Limited,Consumer Cyclical,Textile Manufacturing,2.440000057220459,False,2.22,False,True,-7.48,-4.57,False,,EXIT
NIBL,NRB Industrial Bearings Limited,Industrials,Tools & Accessories,35.09000015258789,False,29.460000000000004,True,True,55.72,52.23,True,81.0,HOLD
BLBLIMITED,BLB Limited,Financial Services,Capital Markets,15.390000343322754,False,33.32,False,False,-3.81,-4.06,False,2522.0,EXIT
PATINTLOG,Patel Integrated Logistics Limited,Industrials,Integrated Freight & Logistics,14.010000228881836,False,9.59,True,True,-14.48,-17.8,False,454.0,HOLD
NOIDATOLL,Noida Toll Bridge Company Limited,Industrials,Infrastructure Operations,4.440000057220459,False,27.199999999999996,False,True,18.74,15.34,True,130.0,HOLD
LPDC,Landmark Property Development Company Limited,Real Estate,Real Estate Services,6.300000190734863,False,1.57,False,False,-9.74,-27.39,False,,EXIT
ORIENTLTD,Orient Press Limited,Consumer Cyclical,Packaging & Containers,77.26000213623047,False,1.9300000000000002,False,True,-19.58,-16.64,False,,EXIT
HISARMETAL,Hisar Metal Industries Limited,Basic Materials,Steel,146.47000122070312,False,3.3800000000000003,False,False,-32.66,-36.39,False,,EXIT
TOTAL,Total Transport Systems Limited,Industrials,Integrated Freight & Logistics,52.04999923706055,False,7.79,False,False,-31.45,-34.74,False,665.0,EXIT
ENERGYDEV,Energy Development Company Limited,Utilities,Utilities - Regulated Electric,16.770000457763672,False,27.28,True,False,-14.61,-24.86,False,150.0,EXIT
HDIL,Housing Development and Infrastructure Limited,Real Estate,Real Estate - Diversified,1.649999976158142,False,11.67,False,False,-30.29,-47.69,False,2380.0,EXIT
ZENITHSTL,Zenith Steel Pipes & Industries Limited,Basic Materials,Steel,5.630000114440918,False,4.54,False,False,-32.76,-36.49,False,229.36,EXIT
DHARAN,Dharan Infra-EPC Limited,Real Estate,Real Estate - Development,0.15000000596046448,False,35.050000000000004,False,False,-53.8,-70.89,False,129.0,EXIT
PARSVNATH,Parsvnath Developers Limited,Real Estate,Real Estate - Development,1.7699999809265137,False,419.7099999999999,True,False,-77.25,-94.05,False,1189.0,EXIT
RSSOFTWARE,R S Software (India) Limited,Technology,Information Technology Services,30.68000030517578,False,33.0,False,False,-64.23,-64.8,False,352.0,EXIT
PIONEEREMB,Pioneer Embroideries Limited,Consumer Cyclical,Textile Manufacturing,25.610000610351562,False,9.84,False,False,-45.22,-42.23,False,375.0,EXIT
VINEETLAB,Vineet Laboratories Limited,Basic Materials,Chemicals,38.349998474121094,False,12.64,False,True,11.14,7.29,True,,HOLD
BANARBEADS,Banaras Beads Limited,Consumer Cyclical,Footwear & Accessories,113.9800033569336,False,1.8900000000000001,False,False,-8.73,-5.82,False,,EXIT
ATAM,Atam Valves Limited,Industrials,Specialty Industrial Machinery,65.48999786376953,False,3.58,False,False,-34.69,-37.97,False,,EXIT
TOUCHWOOD,Touchwood Entertainment Limited,Communication Services,Advertising Agencies,66.44999694824219,False,4.0600000000000005,False,False,-18.74,-38.14,False,68.85,EXIT
NGIL,Nakoda Group of Industries Limited,Consumer Defensive,Packaged Foods,40.0,False,1.63,True,True,41.73,33.33,True,59.62,HOLD
TOKYOPLAST,Tokyo Plast International Limited,Consumer Cyclical,Packaging & Containers,79.0,False,0.45,False,False,-43.15,-40.15,False,79.93,EXIT
CURAA,CURAA,Technology,Software - Application,72.5,False,1.52,False,False,-75.84,-76.33,False,52.97,EXIT
ACCURACY,Accuracy Shipping Limited,Industrials,Integrated Freight & Logistics,4.800000190734863,False,3.7800000000000002,False,False,-36.58,-39.85,False,945.0,EXIT
ALKALI,Alkali Metals Limited,Basic Materials,Specialty Chemicals,68.58999633789062,False,6.959999999999999,False,False,-24.2,-27.95,False,,EXIT
ODIGMA,Odigma Consultancy Solutions Limited,Communication Services,Advertising Agencies,22.81999969482422,False,1.8,False,False,-21.17,-40.54,False,,EXIT
PRAKASHSTL,Prakash Steelage Limited,Basic Materials,Steel,4.03000020980835,False,0.84,False,False,-31.89,-35.62,False,1123.0,EXIT
AJOONI,Ajooni Biotech Limited,Consumer Defensive,Packaged Foods,3.990000009536743,False,2.27,False,False,-23.94,-31.9,False,,EXIT
GATECHDVR,GACM Technologies Limited,Financial Services,Asset Management,0.5299999713897705,False,7.1,False,True,-4.74,-4.98,False,233.33,EXIT
IL&FSTRANS,IL&FS Transportation Networks Limited,Industrials,Infrastructure Operations,2.109999895095825,False,0.0,False,False,-36.18,-39.45,False,8717.0,EXIT
DIGIDRIVE,Digidrive Distributors Limited,Consumer Cyclical,Internet Retail,17.760000228881836,False,9.56,True,False,-56.77,-53.74,False,50.0,EXIT
UMAEXPORTS,Uma Exports Limited,Consumer Defensive,Farm Products,20.420000076293945,False,3.3000000000000003,False,False,-54.24,-62.0,False,1731.0,EXIT
NAGREEKEXP,Nagreeka Exports Limited,Consumer Cyclical,Textile Manufacturing,22.479999542236328,False,3.06,False,False,-18.6,-15.67,False,630.0,EXIT
CTE,Cambridge Technology Enterprises Limited,Technology,Information Technology Services,37.650001525878906,False,10.89,False,True,-15.14,-16.02,False,206.0,EXIT
ROML,Raj Oil Mills Limited,Consumer Defensive,Packaged Foods,45.0,False,4.67,True,False,-6.03,-14.11,False,341.0,EXIT
DAMODARIND,Damodar Industries Limited,Consumer Cyclical,Textile Manufacturing,28.049999237060547,False,7.44,False,False,-30.54,-27.58,False,,EXIT
JHS,JHS Svendgaard Laboratories Limited,Consumer Defensive,Household & Personal Products,7.639999866485596,False,5.619999999999999,False,False,-34.73,-42.61,False,140.29,EXIT
BONLON,Bonlon Industries Limited,Basic Materials,Other Industrial Metals & Mining,41.22999954223633,False,7.02,False,False,,,False,623.0,EXIT
AGRITECH,Agri-tech (India) Limited,Consumer Defensive,Farm Products,112.0,False,0.91,True,False,-18.73,-26.72,False,0.38,EXIT
KHAITANLTD,Khaitan (India) Limited,Industrials,Industrial Distribution,155.38999938964844,True,6.039999999999999,False,True,31.37,27.95,True,77.61,HOLD
ATLASCYCLE,Atlas Cycles (Haryana) Limited,Consumer Cyclical,Leisure,97.58000183105469,False,8.030000000000001,True,False,-31.71,-28.75,False,684.28,EXIT
HGM,Handson Global Management (HGM) Limited,Technology,Information Technology Services,49.45000076293945,False,7.5,False,False,-13.13,-14.01,False,22.47,EXIT
FMNL,Future Market Networks Limited,Real Estate,Real Estate Services,9.850000381469727,False,7.93,False,True,-16.55,-34.12,False,161.0,EXIT
RKEC,RKEC Projects Limited,Industrials,Engineering & Construction,26.399999618530273,False,10.98,False,False,-61.6,-64.82,False,399.0,EXIT
DELTAMAGNT,Delta Manufacturing Limited,Consumer Cyclical,Textile Manufacturing,57.91999816894531,False,12.41,False,False,-41.75,-38.76,False,124.0,EXIT
CAPTRUST,Capital Trust Limited,Financial Services,Credit Services,19.06999969482422,False,46.82,True,True,-73.53,-73.47,False,,HOLD
ROLLT,Rollatainers Limited,Real Estate,Real Estate Services,2.5799999237060547,False,18.549999999999997,False,True,88.26,69.34,True,560.0,HOLD
TFL,Transwarranty Finance Limited,Financial Services,Mortgage Finance,11.140000343322754,False,4.430000000000001,True,False,-34.94,-35.05,False,,EXIT
SECURKLOUD,SecureKloud Technologies Limited,Technology,Software - Application,17.829999923706055,False,157.37,False,False,-33.16,-33.92,False,849.0,EXIT
AGROPHOS,Agro Phos (India) Limited,Basic Materials,Agricultural Inputs,29.18000030517578,False,2.7600000000000002,False,False,-34.9,-38.62,False,131.0,EXIT
RAJTV,Raj Television Network Limited,Communication Services,Broadcasting,10.760000228881836,False,0.79,False,False,-60.84,-79.67,False,,EXIT
SUNDARAM,Sundaram Multi Pap Limited,Basic Materials,Paper & Paper Products,1.25,False,4.0600000000000005,False,False,-40.6,-44.3,False,194.34,EXIT
ANMOL,Anmol India Limited,Energy,Thermal Coal,10.010000228881836,False,11.239999999999998,False,False,-48.68,-39.64,False,,EXIT
ADROITINFO,Adroit Infotech Limited,Technology,Information Technology Services,9.869999885559082,False,3.81,False,True,-12.1,-13.0,False,52.95,EXIT
LEMERITE,LEMERITE,Consumer Cyclical,Textile Manufacturing,23.260000228881836,False,5.52,False,False,-71.73,-68.66,False,525.0,EXIT
ORCHASP,Orchasp Limited,Technology,Software - Application,1.649999976158142,False,1.05,False,False,-47.01,-47.69,False,104.67,EXIT
MALUPAPER,Malu Paper Mills Limited,Basic Materials,Paper & Paper Products,33.150001525878906,False,14.66,False,False,-14.33,-18.11,False,,EXIT
BALKRISHNA,Balkrishna Paper Mills Limited,Consumer Cyclical,Packaging & Containers,18.049999237060547,False,6.51,False,False,-20.04,-17.1,False,198.0,EXIT
TRU,TruCap Finance Limited,Financial Services,Credit Services,4.710000038146973,False,103.62,True,False,-75.09,-75.02,False,,EXIT
KSR,KSR Footwear Limited,Consumer Cyclical,Footwear & Accessories,29.670000076293945,False,18.62,False,False,,,False,,EXIT
HYBRIDFIN,Hybrid Financial Services Limited,Financial Services,Capital Markets,18.020000457763672,False,2.71,False,False,17.12,16.78,True,7.07,EXIT
SUVIDHAA,Suvidhaa Infoserve Limited,Technology,Information Technology Services,2.5399999618530273,False,9.309999999999999,True,False,-50.05,-50.71,False,285.0,EXIT
PALREDTEC,Palred Technologies Limited,Technology,Consumer Electronics,45.38999938964844,False,5.26,False,True,-20.08,-20.92,False,148.0,EXIT
LCCINFOTEC,LCC Infotech Limited,Consumer Defensive,Education & Training Services,4.139999866485596,False,1.34,True,False,-2.36,-10.46,False,11.0,EXIT
SHIVAMILLS,Shiva Mills Limited,Consumer Cyclical,Textile Manufacturing,60.310001373291016,False,2.9000000000000004,False,True,-27.69,-24.74,False,,EXIT
ICDSLTD,ICDS Limited,Real Estate,Real Estate Services,39.650001525878906,False,2.58,False,False,6.31,-11.55,False,6.45,EXIT
ANSALAPI,Ansal Properties & Infrastructure Limited,Real Estate,Real Estate - Development,3.390000104904175,False,165.47,True,False,-21.91,-39.41,False,1406.0,EXIT
SUPREMEENG,Supreme Engineering Limited,Basic Materials,Steel,2.130000114440918,False,9.649999999999999,False,True,48.98,45.02,True,,HOLD
BIOFILCHEM,Biofil Chemicals and Pharmaceuticals Limited,Healthcare,Drug Manufacturers - Specialty & Generic,33.06999969482422,False,2.7800000000000002,False,False,-35.13,-29.27,False,,EXIT
PRITI,Priti International Limited,Consumer Cyclical,"Furnishings, Fixtures & Appliances",37.810001373291016,False,0.8999999999999999,False,False,-62.68,-59.64,False,,EXIT
VINNY,Vinny Overseas Limited,Consumer Cyclical,Textile Manufacturing,1.0499999523162842,False,0.9299999999999999,False,False,-23.93,-20.98,False,,EXIT
BLUECOAST,Blue Coast Hotels Limited,Consumer Cyclical,Lodging,24.639999389648438,False,2.1,False,False,-59.21,-56.18,False,134.89,EXIT
GAYAHWS,Gayatri Highways Limited,Industrials,Infrastructure Operations,2.0,False,15.02,False,False,-5.94,-9.29,False,86.0,EXIT
SVPGLOB,SVP Global Textiles Limited,Consumer Cyclical,Textile Manufacturing,3.890000104904175,False,376.41999999999996,True,True,-1.88,1.01,False,2489.0,HOLD
AHLADA,Ahlada Engineers Limited,Industrials,Building Products & Equipment,36.380001068115234,False,0.44,False,False,-42.61,-45.86,False,259.0,EXIT
OSIAHYPER,Osia Hyper Retail Limited,Consumer Cyclical,Department Stores,2.9100000858306885,False,5.1,False,False,-86.11,-83.02,False,,EXIT
RKDL,Ravi Kumar Distilleries Limited,Consumer Defensive,Beverages - Wineries & Distilleries,19.139999389648438,False,0.14,False,False,-30.19,-38.1,False,,EXIT
DHRUV,Dhruv Consultancy Services Limited,Industrials,Engineering & Construction,24.549999237060547,False,33.690000000000005,True,False,-66.2,-69.41,False,102.0,EXIT
ARCHIES,Archies Limited,Consumer Cyclical,Specialty Retail,13.949999809265137,False,4.89,False,False,-35.94,-32.96,False,194.95,EXIT
COUNCODOS,Country Condo's Limited,Real Estate,Real Estate - Development,6.019999980926514,False,0.6,False,True,1.48,-16.32,False,,EXIT
TPHQ,Teamo Productions HQ Limited,Industrials,Engineering & Construction,0.41999998688697815,False,12.200000000000001,True,False,-46.47,-49.72,False,2.6,EXIT
JAIPURKURT,Nandani Creation Limited,Consumer Cyclical,Apparel Manufacturing,26.90999984741211,False,1.57,False,False,-44.19,-41.2,False,70.0,EXIT
MASKINVEST,Mask Investments Limited,Financial Services,Capital Markets,147.0,False,0.1,False,False,-6.02,-6.26,False,,EXIT
WEWIN,We Win Limited,Technology,Information Technology Services,45.59000015258789,False,4.5,False,False,-11.06,-11.96,False,78.49,EXIT
MANUGRAPH,Manugraph India Limited,Industrials,Specialty Industrial Machinery,14.5,False,9.58,False,False,-25.81,-29.1,False,446.0,EXIT
DANGEE,Dangee Dums Limited,Consumer Cyclical,Restaurants,2.9800000190734863,False,1.86,False,False,-41.6,-38.61,False,19.89,EXIT
AKASH,Akash Infra-Projects Limited,Industrials,Engineering & Construction,26.34000015258789,False,2.8200000000000003,False,False,-4.01,-7.35,False,140.82,EXIT
CELEBRITY,Celebrity Fashions Limited,Consumer Cyclical,Apparel Manufacturing,7.110000133514404,False,15.72,False,False,-52.71,-49.69,False,,EXIT
KARMAENG,Karma Energy Limited,Utilities,Utilities - Renewable,38.5,False,2.6999999999999997,True,False,-29.95,-39.78,False,41.88,EXIT
GOLDENTOBC,Golden Tobacco Limited,Consumer Defensive,Tobacco,24.850000381469727,False,0.0,False,False,-28.02,-35.95,False,96.08,EXIT
SHEKHAWATI,Shekhawati Industries Limited,Consumer Cyclical,Textile Manufacturing,13.59000015258789,False,8.11,False,False,-48.01,-45.01,False,363.26,EXIT
PRUDMOULI,Prudential Sugar Corporation Ltd.,Consumer Defensive,Confectioners,13.460000038146973,False,6.16,False,False,-64.86,-72.55,False,104.84,EXIT
LFIC,Lakshmi Finance & Industrial Corporation Limited,Financial Services,Asset Management,141.05999755859375,False,9.09,False,False,-36.85,-36.95,False,,EXIT
AMBICAAGAR,Ambica Agarbathies Aroma & Industries Limited,Consumer Defensive,Household & Personal Products,25.049999237060547,False,3.45,True,True,-5.04,-13.12,False,98.07,HOLD
MANGALAM,Mangalam Drugs & Organics Limited,Healthcare,Drug Manufacturers - Specialty & Generic,26.979999542236328,False,44.41,True,False,-80.71,-74.56,False,369.0,EXIT
AKI,AKI India Limited,Consumer Cyclical,Footwear & Accessories,4.079999923706055,False,4.19,True,False,-71.58,-68.52,False,80.96,EXIT
21STCENMGM,Twentyfirst Century Management Services Limited,Financial Services,Capital Markets,40.970001220703125,False,28.68,False,True,-35.48,-35.59,False,260.0,EXIT
VIVIMEDLAB,Vivimed Labs Limited,Healthcare,Drug Manufacturers - Specialty & Generic,4.980000019073486,False,176.46000000000004,False,False,-10.06,-4.37,False,1462.0,EXIT
TNTELE,Tamilnadu Telecommunications Limited,Technology,Communication Equipment,9.109999656677246,False,14.889999999999999,False,False,-56.11,-56.73,False,,EXIT
SAGARDEEP,Sagardeep Alloys Limited,Basic Materials,Copper,24.489999771118164,False,2.13,True,False,-15.39,-19.17,False,142.0,EXIT
ABMINTLLTD,ABM International Limited,Basic Materials,Specialty Chemicals,42.5099983215332,False,4.21,False,False,-29.45,-33.18,False,155.95,EXIT
MITTAL,Mittal Life Style Limited,Consumer Cyclical,Textile Manufacturing,0.9100000262260437,False,2.3299999999999996,True,False,-53.83,-50.81,False,72.02,EXIT
BANG,Bang Overseas Limited,Consumer Cyclical,Apparel Manufacturing,30.270000457763672,False,5.949999999999999,False,False,-50.56,-47.55,False,194.0,EXIT
ADL,Archidply Decor Limited,Consumer Cyclical,"Furnishings, Fixtures & Appliances",78.97000122070312,False,0.32000000000000006,False,True,-20.13,-17.2,False,54.28,EXIT
AROGRANITE,Aro Granite Industries Limited,Industrials,Building Products & Equipment,25.15999984741211,False,11.930000000000001,False,False,-32.12,-35.4,False,252.55,EXIT
MADHUCON,Madhucon Projects Limited,Industrials,Engineering & Construction,5.28000020980835,False,444.52,True,False,-25.82,-29.12,False,2599.0,EXIT
ORIENTALTL,Oriental Trimex Limited,Industrials,Building Products & Equipment,5.190000057220459,False,2.2600000000000002,False,False,-49.31,-52.56,False,,EXIT
SEYAIND,Seya Industries Limited,Basic Materials,Specialty Chemicals,12.25,False,2.8800000000000003,False,False,-34.17,-37.89,False,,EXIT
CEREBRAINT,Cerebra Integrated Technologies Limited,Industrials,Waste Management,2.9700000286102295,False,71.64999999999999,True,False,-65.55,-68.76,False,261.0,EXIT
ASHOKAMET,Ashoka Metcast Limited,Basic Materials,Steel,14.1899995803833,False,10.8,True,False,-18.95,-22.72,False,67.03,EXIT
SITINET,SITI Networks Limited,Communication Services,Entertainment,0.3100000023841858,False,196.85,True,False,-28.3,-47.57,False,1608.0,EXIT
NKIND,N.K Industries Limited,Consumer Defensive,Household & Personal Products,62.81999969482422,False,3.6199999999999997,True,False,3.13,-5.01,False,493.13,EXIT
LASA,Lasa Supergenerics Limited,Healthcare,Drug Manufacturers - Specialty & Generic,6.929999828338623,False,34.08,False,False,-43.28,-37.37,False,,EXIT
HBSL,HB Stockholdings Limited,Financial Services,Capital Markets,50.5,False,25.740000000000002,False,False,-40.23,-40.32,False,,EXIT
SUPERSPIN,Super Spinning Mills Limited,Consumer Cyclical,Textile Manufacturing,6.139999866485596,False,8.57,True,False,-44.68,-41.68,False,521.0,EXIT
DNAMEDIA,Diligent Media Corporation Limited,Communication Services,Publishing,2.869999885559082,False,8.879999999999999,False,False,-20.68,-40.05,False,127.76,EXIT
CYBERMEDIA,Cyber Media (India) Limited,Communication Services,Publishing,16.190000534057617,False,3.52,False,False,5.7,-14.03,False,101.8,EXIT
GSS,GSS Infotech Limited,Technology,Information Technology Services,13.789999961853027,False,51.120000000000005,True,False,-59.12,-59.72,False,46.14,EXIT
TARAPUR,Tarapur Transformers Limited,Industrials,Specialty Industrial Machinery,15.770000457763672,False,2.04,False,False,-41.13,-44.4,False,,EXIT
MOHITIND,Mohit Industries Limited,Consumer Cyclical,Textile Manufacturing,22.450000762939453,False,0.92,False,False,-35.89,-32.91,False,191.0,EXIT
KAUSHALYA,Kaushalya Infrastructure Development Corporation Limited,Industrials,Engineering & Construction,924.5499877929688,False,1.5599999999999998,False,True,4.02,0.66,True,14.56,HOLD
AKG,AKG Exim Limited,Industrials,Industrial Distribution,10.050000190734863,False,0.26,False,False,-22.35,-25.66,False,123.67,EXIT
MADHAV,Madhav Marbles and Granites Limited,Industrials,Building Products & Equipment,34.220001220703125,False,2.6,False,False,-24.33,-27.63,False,76.96,EXIT
AKSHAR,Akshar Spintex Limited,Consumer Cyclical,Textile Manufacturing,0.4000000059604645,False,7.3999999999999995,False,False,-31.02,-28.06,False,,EXIT
GANGAFORGE,Ganga Forging Limited,Industrials,Metal Fabrication,1.7899999618530273,False,3.73,False,False,-52.7,-55.94,False,,EXIT
EASTSILK,Eastern Silk Industries Limited,Consumer Cyclical,Textile Manufacturing,62.630001068115234,False,14.35,True,False,3379.68,3374.46,True,434.0,HOLD
KEEPLEARN,DSJ Keep Learning Limited,Consumer Defensive,Education & Training Services,1.940000057220459,False,1.6300000000000001,False,False,-32.63,-40.53,False,,EXIT
LEXUS,Lexus Granito (India) Limited,Industrials,Building Products & Equipment,14.640000343322754,False,2.22,False,False,-55.08,-58.31,False,,EXIT
KANANIIND,Kanani Industries Limited,Consumer Cyclical,Luxury Goods,1.5,False,2.58,False,False,-32.95,-29.98,False,496.0,EXIT
NAGREEKCAP,Nagreeka Capital & Infrastructure Ltd.,Financial Services,Asset Management,22.889999389648438,False,12.1,False,False,-16.1,-16.29,False,,EXIT
PEARLPOLY,Pearl Polymers Limited,Consumer Cyclical,Packaging & Containers,16.649999618530273,False,10.55,False,False,-61.02,-57.99,False,,EXIT
GTECJAINX,G-Tec Jainx Education Limited,Consumer Defensive,Education & Training Services,28.049999237060547,False,4.04,True,True,11.39,3.2,True,6.5,HOLD
SIMBHALS,Simbhaoli Sugars Limited,Consumer Defensive,Confectioners,6.960000038146973,False,32.809999999999995,True,False,-53.14,-60.9,False,1263.0,EXIT
PNC,Pritish Nandy Communications Ltd,Communication Services,Entertainment,20.3700008392334,False,13.77,True,False,-10.17,-29.68,False,58.0,EXIT
SANWARIA,Sanwaria Consumer Limited,Consumer Defensive,Farm Products,0.20000000298023224,False,4.21,False,False,-39.99,-47.84,False,,EXIT
WILLAMAGOR,Williamson Magor & Co. Limited,Financial Services,Credit Services,26.56999969482422,False,50.220000000000006,True,False,-27.76,-27.9,False,51.0,EXIT
TGBHOTELS,TGB Banquets and Hotels Limited,Consumer Cyclical,Lodging,9.270000457763672,False,1.44,False,False,-28.64,-25.68,False,164.01,EXIT
KHANDSE,Khandwala Securities Limited,Financial Services,Capital Markets,17.520000457763672,False,1.7599999999999998,True,False,-32.58,-32.7,False,10.29,EXIT
INFOMEDIA,Infomedia Press Limited,Financial Services,Shell Companies,5.380000114440918,False,3.6800000000000006,False,False,-23.43,-23.59,False,186.0,EXIT
TREEHOUSE,Tree House Education & Accessories Limited,Consumer Defensive,Education & Training Services,6.360000133514404,False,10.32,False,False,-1.38,-9.48,False,209.0,EXIT
SGL,STL Global Limited,Consumer Cyclical,Textile Manufacturing,9.880000114440918,False,1.3900000000000001,False,False,-35.41,-32.44,False,,EXIT
LIBAS,Libas Consumer Products Limited,Consumer Cyclical,Apparel Manufacturing,10.09000015258789,False,0.0,False,False,-27.67,-24.71,False,91.91,EXIT
KSHITIJPOL,Kshitij Polyline Limited,Industrials,Business Equipment & Supplies,2.9700000286102295,False,3.6900000000000004,True,False,-11.1,-14.43,False,59.36,EXIT
NEXTMEDIA,Next Mediaworks Limited,Communication Services,Broadcasting,3.869999885559082,False,5.279999999999999,True,False,-24.43,-43.75,False,1.45,EXIT
FLFL,Future Lifestyle Fashions Limited,Consumer Cyclical,Apparel Manufacturing,1.2400000095367432,False,0.0,False,False,-40.21,-37.22,False,6297.0,EXIT
ARSHIYA,Arshiya Limited,Industrials,Integrated Freight & Logistics,0.9599999785423279,False,98.67,False,False,-70.31,-73.5,False,1140.0,EXIT
LAXMICOT,Laxmi Cotspin Limited,Consumer Cyclical,Textile Manufacturing,14.630000114440918,False,10.64,True,False,-53.04,-50.02,False,216.0,EXIT
KRIDHANINF,Kridhan Infra Limited,Basic Materials,Steel,2.299999952316284,False,2.6900000000000004,False,False,-45.87,-49.56,False,726.75,EXIT
ANKITMETAL,Ankit Metal & Power Limited,Basic Materials,Steel,1.6200000047683716,False,0.0,True,False,-18.14,-21.9,False,1148.0,EXIT
SHRENIK,Shrenik Limited,Basic Materials,Paper & Paper Products,0.33000001311302185,False,1.4400000000000002,False,False,-42.35,-46.05,False,,EXIT
MFML,Mahalaxmi Fabric Mills Limited,Consumer Cyclical,Textile Manufacturing,19.84000015258789,False,8.3,True,False,-40.25,-37.27,False,166.0,EXIT
VCL,Vaxtex Cotfab Limited,Consumer Cyclical,Textile Manufacturing,1.1200000047683716,False,6.28,False,False,-18.31,-15.38,False,,EXIT
HAVISHA,Sri Havisha Hospitality and Infrastructure Limited,Consumer Cyclical,Lodging,1.3200000524520874,False,5.03,True,False,-45.72,-42.72,False,2.89,EXIT
ACEINTEG,Ace Integrated Solutions Limited,Industrials,Staffing & Employment Services,19.3700008392334,False,0.9500000000000002,True,False,-22.09,-25.4,False,9.14,EXIT
TCIFINANCE,TCI Finance Limited,Financial Services,Credit Services,15.140000343322754,False,1.9900000000000002,False,False,4.94,4.65,True,,EXIT
FEL,Future Enterprises Limited,Consumer Cyclical,Department Stores,0.3799999952316284,False,0.0,False,False,-43.57,-40.57,False,20186.0,EXIT
SHYAMTEL,Shyam Telecom Limited,Technology,Communication Equipment,17.100000381469727,False,5.03,True,True,14.74,13.69,True,799.0,HOLD
TECILCHEM,Tecil Chemicals and Hydro Power Ltd.,Financial Services,Shell Companies,10.050000190734863,False,0.42000000000000004,False,False,-53.6,-53.63,False,0.0,EXIT
ASTRON,Astron Paper & Board Mill Limited,Basic Materials,Paper & Paper Products,3.880000114440918,False,21.18,False,False,-74.76,-78.37,False,512.0,EXIT
TVVISION,TV Vision Limited,Communication Services,Broadcasting,4.71999979019165,False,34.48,True,False,-19.21,-38.59,False,176.0,EXIT
RADAAN,Radaan Mediaworks India Limited,Communication Services,Entertainment,3.200000047683716,False,4.79,True,True,-2.9,-22.51,False,35.54,HOLD
GLFL,Gujarat Lease Financing Limited,Financial Services,Shell Companies,5.849999904632568,False,0.2,False,False,-10.56,-10.78,False,0.69,EXIT
SILLYMONKS,Silly Monks Entertainment Limited,Communication Services,Entertainment,15.130000114440918,False,2.35,True,False,5.39,-14.33,False,22.22,EXIT
VIVIDHA,Visagar Polytex Limited,Consumer Cyclical,Textile Manufacturing,0.5199999809265137,False,1.54,False,False,-42.15,-39.16,False,,EXIT
EUROTEXIND,Eurotex Industries and Exports Limited,Real Estate,Real Estate - Development,12.6899995803833,False,4.87,False,False,5.02,-12.82,False,,EXIT
BOHRAIND,Bohra Industries Limited,Basic Materials,Agricultural Inputs,15.0,False,4.25,False,False,-55.29,-58.95,False,,EXIT
UMESLTD,Usha Martin Education & Solutions Limited,Consumer Defensive,Education & Training Services,5.510000228881836,False,0.39,True,True,-5.67,-13.76,False,6.19,HOLD
TIJARIA,Tijaria Polypipes Limited,Industrials,Building Products & Equipment,4.980000019073486,False,1.3,False,False,-38.19,-41.46,False,,EXIT
MTEDUCARE,MT Educare Limited,Consumer Defensive,Education & Training Services,2.009999990463257,False,11.29,False,True,-7.58,-15.65,False,305.0,EXIT
HEADSUP,Heads UP Ventures Limited,Consumer Cyclical,Apparel Retail,6.789999961853027,False,7.42,True,False,-38.39,-35.41,False,1.42,EXIT
FLEXITUFF,Flexituff Ventures International Limited,Consumer Cyclical,Textile Manufacturing,4.199999809265137,False,134.89,False,False,-94.11,-91.0,False,1457.0,EXIT
KALYANI,Kalyani Commercials Limited,Consumer Cyclical,Auto & Truck Dealerships,138.08999633789062,True,2.74,True,False,-7.89,-4.98,False,901.0,EXIT
RETAIL,JHS Svendgaard Retail Ventures Limited,Consumer Defensive,Grocery Stores,16.56999969482422,False,0.42000000000000004,False,False,-52.03,-59.81,False,,EXIT
ARENTERP,Rajdarshan Industries Limited,Basic Materials,Other Industrial Metals & Mining,38.959999084472656,False,0.8400000000000001,True,False,-20.49,-24.25,False,1.9,EXIT
AURUS,Aurus Gem Corporation Limited,Consumer Cyclical,Luxury Goods,4.610000133514404,False,16.91,False,False,-44.39,-41.39,False,,EXIT
NIRAJISPAT,Niraj Ispat Industries Limited,Consumer Cyclical,Apparel Manufacturing,215.99000549316406,False,1.21,False,False,-60.31,-57.28,False,,EXIT
UNIINFO,Uniinfo Telecom Services Limited,Communication Services,Telecom Services,12.149999618530273,False,1.5300000000000002,False,False,-26.04,-45.33,False,50.1,EXIT
BILVYAPAR,BIL Vyapar Limited,Basic Materials,Specialty Chemicals,4.039999961853027,False,2.9800000000000004,False,False,-68.46,-72.08,False,4735.57,EXIT
CREATIVEYE,Creative Eye Limited,Communication Services,Entertainment,6.199999809265137,False,5.180000000000001,False,False,-0.17,-19.82,False,,EXIT
ORTINGLOBE,Ortin Global Limited,Healthcare,Drug Manufacturers - Specialty & Generic,15.5,False,0.74,False,True,-11.32,-5.62,False,,EXIT
ANTGRAPHIC,Antarctica Limited,Consumer Cyclical,Packaging & Containers,0.75,False,0.0,False,False,-46.0,-43.0,False,,EXIT
GLOBALE,Globale Tessile Limited,Consumer Cyclical,Textile Manufacturing,10.6899995803833,False,1.4,False,False,-26.33,-23.38,False,,EXIT
DCMFINSERV,DCM Financial Services Limited,Financial Services,Credit Services,4.940000057220459,False,1.03,False,False,-24.24,-24.39,False,3.96,EXIT
LAKPRE,Lakshmi Precision Screws Limited,Industrials,Tools & Accessories,4.809999942779541,False,0.0,False,False,-19.31,-22.62,False,425.0,EXIT
COMPINFO,Compuage Infocom Limited,Technology,Electronics & Computer Distribution,1.149999976158142,False,0.0,False,False,-63.48,-64.05,False,4515.0,EXIT
BLUECHIP,Blue Chip India Limited,Financial Services,Capital Markets,1.7300000190734863,False,0.44999999999999996,False,False,-68.98,-68.94,False,,EXIT
MEP,MEP Infrastructure Developers Limited,Industrials,Infrastructure Operations,0.5299999713897705,False,0.0,False,False,-69.47,-72.66,False,2815.0,EXIT
PREMIER,Premier Limited,Industrials,Specialty Industrial Machinery,2.7899999618530273,False,5.869999999999999,True,False,-30.15,-33.44,False,99.96,EXIT
SHANTI,Shanti Overseas (India) Limited,Consumer Defensive,Farm Products,6.900000095367432,False,2.87,False,False,-38.99,-46.85,False,210.44,EXIT
SABEVENTS,SAB Events & Governance Now Media Limited,Communication Services,Publishing,6.320000171661377,False,0.68,False,False,12.51,-7.3,False,,EXIT
ORTEL,Ortel Communications Limited,Communication Services,Entertainment,1.8700000047683716,False,0.0,False,True,14.86,-4.98,False,203.0,EXIT
SETUINFRA,Setubandhan Infrastructure Limited,Industrials,Engineering & Construction,0.41999998688697815,False,0.0,False,False,-17.66,-20.98,False,283.49,EXIT
BNAGROCHEM,BN Agrochem Limited,,,285.75,False,0.0,False,False,,,False,,EXIT
RAMBHAJO,RAMBHAJO,Consumer Cyclical,Luxury Goods,183.75999450683594,False,0.0,False,False,,,False,,EXIT
BLIL,Balmer Lawrie Investments Limited,,,70.87999725341797,False,0.0,False,False,,,False,,EXIT
RSDFIN,RSD Finance Limited,,,132.8800048828125,True,0.0,False,False,,,False,,EXIT
BNALTD,B & A Limited,,,411.0,False,0.0,False,False,,,False,,EXIT
AASTHA,AASTHA,Consumer Cyclical,Textile Manufacturing,76.12000274658203,False,0.0,False,False,,,False,,EXIT
SHRIKRISH,Shri Krishna Devcon Limited,Unknown,Unknown,40.060001373291016,False,0.0,False,False,,,False,,EXIT
ACSTECH,ACS Technologies Limited,,,40.209999084472656,False,0.0,False,False,,,False,,EXIT
3BBLACKBIO,3B Blackbio Dx Limited,,,1248.0999755859375,False,0.0,False,False,,,False,,EXIT
ZSARACOM,Saraswati Commercial (India) Limited,,,12179.0,False,0.0,False,False,,,False,,EXIT
ZODIAC,Zodiac Energy Limited,,,256.29998779296875,False,0.0,False,False,,-47.92,False,408.0,EXIT
ABMKNO,ABM Knowledgeware Limited,,,198.99000549316406,False,0.0,False,False,,,False,,EXIT
KPL,Kwality Pharmaceuticals Limited,,,2562.0,False,0.0,False,False,,,False,,EXIT
RAJPALAYAM,Rajapalayam Mills Limited,Unknown,Unknown,818.8499755859375,True,114.35000000000001,False,False,,,False,,EXIT
RRIL,RRIL Limited,,,17.3700008392334,False,0.0,False,False,,,False,,EXIT
MADHAVIPL,Madhav Infra Projects Limited,,,7.849999904632568,False,0.0,False,False,,,False,,EXIT
LCL,LCL,Industrials,Specialty Industrial Machinery,525.7000122070312,True,0.0,False,False,,,False,,EXIT
RIR,Rir Power Electronics Limited,Technology,Semiconductors,159.25,True,7.930000000000001,False,False,,,False,,EXIT
CPL,Captain Polyplast Limited,Industrials,Farm & Heavy Construction Machinery,70.48999786376953,True,27.780000000000005,False,False,,,False,,EXIT
DAICHI,Dai-ichi Karkaria Limited,,,321.1000061035156,True,0.0,False,False,,,False,,EXIT
SINGERIND,Singer India Limited,,,64.9000015258789,False,0.0,False,False,,,False,483.0,EXIT
LAHOTIOV,Lahoti Overseas Limited,,,41.4900016784668,False,0.0,False,False,,,False,,EXIT
CORONA,CORONA,Healthcare,Drug Manufacturers - General,2105.699951171875,True,164.35000000000002,False,False,,,False,1196.0,EXIT
HBESD,HB Estate Developers Limited,Unknown,Unknown,75.0,False,0.0,False,False,,,False,,EXIT
CMPDI,CMPDI,Basic Materials,Other Industrial Metals & Mining,247.49000549316406,False,656.6099999999999,False,False,,,False,,EXIT
CMRGREEN,CMRGREEN,Basic Materials,Aluminum,222.5800018310547,False,0.0,False,False,,,False,,EXIT
TENNIND,TENNIND,Consumer Cyclical,Auto Parts,544.5999755859375,False,593.23,False,False,,,False,5468.0,EXIT
TECHNVISN,TechNVision Ventures Limited,,,4466.10009765625,False,0.0,False,False,,,False,,EXIT
COMFINTE,Comfort Intech Limited,,,6.889999866485596,False,0.0,False,False,,,False,,EXIT
HALDYNGL,Haldyn Glass Limited,,,126.26000213623047,True,0.0,False,False,,,False,,EXIT
COCKERILL,John Cockerill India Limited,Industrials,Metal Fabrication,8987.5,False,18.419999999999998,False,False,,,False,,EXIT
THACKER,Thacker and Company Limited,,,1050.0,False,0.0,False,False,,,False,,EXIT
TIMEX,Timex Group India Limited,Consumer Cyclical,Luxury Goods,549.25,False,85.79,False,False,,,False,,EXIT
CMLL,CMLL,Energy,Thermal Coal,566.8499755859375,True,0.0,False,False,,,False,,EXIT
THAKDEV,Thakkers Developers Limited,,,140.47000122070312,False,0.0,False,False,,,False,,EXIT
TCC,TCC Concept Limited,,,291.5,False,0.0,False,False,,,False,83.0,EXIT
ABANSENT,ABans Enterprises Limited,,,25.950000762939453,False,0.0,False,False,,,False,,EXIT
DISAQ,DISA India Limited,,,12332.0,True,0.0,False,False,,,False,,EXIT
BI,Bilcare Limited,,,61.83000183105469,False,0.0,False,False,,,False,,EXIT
PRAVEG,Praveg Limited,,,293.6000061035156,False,0.0,False,False,,,False,,EXIT
KIRANVYPAR,Kiran Vyapar Limited,,,202.99000549316406,True,0.0,False,False,,,False,,EXIT
KLBRENG-B,Kilburn Engineering Limited,,,421.6000061035156,False,0.0,False,False,,,False,,EXIT
RVHL,RVHL,Unknown,Unknown,45.970001220703125,False,55.81,False,False,33.83,4.5,True,12.0,EXIT
FERMENTA,Fermenta Biotech Limited,,,511.70001220703125,True,0.0,False,False,,,False,,EXIT
FEDDERSHOL,Fedders Holding Limited,,,42.400001525878906,False,0.0,False,False,,,False,,EXIT
INDPRUD,Industrial And Prudential Investment Company Limited,,,6550.0,False,0.0,False,False,,,False,,EXIT
PRADPME,Pradeep Metals Limited,,,509.6000061035156,False,0.0,False,False,,,False,,EXIT
MMWL,Media Matrix Worldwide Limited,Communication Services,Entertainment,13.899999618530273,False,5.85,False,False,,,False,,EXIT
BAJAJST,Bajaj Steel Industries Limited,,,385.54998779296875,False,0.0,False,False,,,False,,EXIT
SHBAJRG,Shri Bajrang Alliance Limited,,,187.97999572753906,False,0.0,False,False,,,False,,EXIT
GUJRAFFIA,Gujarat Raffia Industries Limited,,,39.59000015258789,False,0.0,False,False,,-2.71,False,47.56,EXIT
SIKA,Sika Interplant Systems Limited,,,1124.0999755859375,False,0.0,False,False,,,False,,EXIT
BIRLAPREC,Birla Precision Technologies Limited,,,34.79999923706055,False,0.0,False,False,,,False,,EXIT
BHARATCOAL,BHARATCOAL,Basic Materials,Coking Coal,34.09000015258789,False,325.23,False,False,,,False,14246.0,EXIT
BLACKROSE,Black Rose Industries Limited,,,113.86000061035156,False,0.0,False,False,,,False,,EXIT
MCCHRLS-B,Mac Charles (India) Limited,,,690.0,True,0.0,False,False,,,False,,EXIT
QUINT,Quint Digital Limited,,,38.9900016784668,False,0.0,False,False,,,False,,EXIT
TAALTECH,TAAL Tech Limited,,,3984.0,True,0.0,False,False,,,False,,EXIT
TAMBOLIIN,Tamboli Industries Limited,,,210.4600067138672,False,0.0,False,False,,,False,,EXIT
DECNGOLD,Deccan Gold Mines Limited,,,204.27999877929688,False,0.0,False,False,,,False,,EXIT
TURTLEMINT,TURTLEMINT,Financial Services,Insurance Brokers,117.56999969482422,False,47.9,False,False,,,False,,EXIT
MERCANTILE,Mercantile Ventures Limited,,,24.329999923706055,False,0.0,False,False,,,False,,EXIT
MENNPIS,Menon Pistons Limited,,,74.43000030517578,False,0.0,False,False,,,False,,EXIT
SURYALA,Suryalata Spinning Mills Limited,,,410.8999938964844,False,0.0,False,False,,,False,,EXIT
BENGALASM,Bengal & Assam Company Limited,,,6205.0,False,0.0,False,False,,,False,,EXIT
BEEKAY,Beekay Steel Industries Limited,,,392.79998779296875,False,0.0,False,False,,,False,,EXIT
GRANDOAK,Grand Oak Canyons Distillery Limited,,,36.59000015258789,False,0.0,False,False,,,False,,EXIT
GNRL,Gujarat Natural Resources Limited,,,93.2300033569336,False,0.0,False,False,,,False,,EXIT
GRAVISSHO,Graviss Hospitality Limited,,,30.989999771118164,True,0.0,False,False,,,False,,EXIT
SONAL,Sonal Mercantile Limited,,,89.44999694824219,False,0.0,False,False,,,False,,EXIT
INVPRECQ,Investment & Precision Castings Limited,,,1113.0999755859375,True,0.0,False,False,,,False,,EXIT
KOTIC,Kothari Industrial Corporation Limited,,,155.64999389648438,False,0.0,False,False,,,False,,EXIT
EMPOWER,Empower India Limited,,,2.680000066757202,True,0.0,False,False,,,False,,EXIT
ELCIDIN,Elcid Investments Limited,,,111750.0,False,0.0,False,False,,,False,,EXIT
KAMAHOLD,KAMA Holdings Limited,,,2516.39990234375,False,0.0,False,False,,,False,,EXIT
NEAGI,Neelamalai Agro Industries Limited,,,3170.0,False,0.0,False,False,,,False,,EXIT
ASHIKAG,ASHIKAG,,,477.5,True,0.0,False,False,,,False,,EXIT
SCANSTL,Scan Steels Limited,,,59.61000061035156,True,0.0,False,False,,,False,,EXIT
NATIONSTD,National Standard (India) Limited,,,235.50999450683594,False,0.0,False,False,,,False,,EXIT
AKCAPIT,A. K. Capital Services Limited,,,1748.5,True,0.0,False,False,,,False,,EXIT
ELITECON,Elitecon International Limited,,,17.190000534057617,False,0.0,False,False,,,False,,EXIT
PREMCO,Premco Global Limited,,,380.1000061035156,False,0.0,False,False,,,False,,EXIT
ASTAR,Asian Star Company Limited,,,585.0999755859375,False,0.0,False,False,,,False,,EXIT
DRAGARWQ,Dr. Agarwal's Eye Hospital Limited,,,5007.0,True,0.0,False,False,,,False,,EXIT
FRONTSP,Frontier Springs Limited,,,1381.4000244140625,False,0.0,False,False,,,False,,EXIT
VELJAN,Veljan Denison Limited,,,1694.300048828125,False,0.0,False,False,,,False,,EXIT
NILE,Nile Limited,,,1958.199951171875,True,0.0,False,False,,,False,,EXIT
XTRANET,XTRANET,Technology,Information Technology Services,124.01000213623047,True,0.0,False,False,,,False,,EXIT
3PLAND,3P Land Holdings Ltd,Unknown,Unknown,31.6299991607666,False,1.65,False,False,-27.85,-36.62,False,205.25,EXIT
WELSPLSOL,Welspun Specialty Solutions Limited,,,50.72999954223633,False,0.0,False,False,,,False,,EXIT
PML,Paul Merchants Limited,,,493.6499938964844,False,0.0,False,False,,,False,,EXIT
ARTEMISMED,Artemis Medicare Services Limited,,,302.20001220703125,False,0.0,False,True,,18.41,False,937.0,EXIT
KANCHI,Kanchi Karpooram Limited,,,364.6000061035156,False,0.0,False,False,,,False,,EXIT
IWP,The Indian Wood Products Company Limited,,,33.130001068115234,False,0.0,False,False,,,False,,EXIT
INDOMIM,INDOMIM,Industrials,Metal Fabrication,770.1500244140625,True,0.0,False,False,,,False,,EXIT
PIONRINV,Pioneer Investcorp Limited,,,86.95999908447266,False,0.0,False,False,,,False,,EXIT
SEIL,Shanti Educational Initiatives Limited,,,205.0,False,0.0,False,False,,,False,,EXIT
SAPPL,Shree Ajit Pulp and Paper Limited,,,287.45001220703125,False,0.0,False,False,,,False,,EXIT
WPIL,WPIL Limited,,,455.95001220703125,False,0.0,False,False,,,False,,EXIT
HEXAGON,HEXAGON,Consumer Defensive,Packaged Foods,66.3499984741211,False,0.0,False,False,,,False,,EXIT
SHINDL,Sharat Industries Limited,,,160.36000061035156,True,0.0,False,False,,,False,,EXIT
OMPOWER,OMPOWER,Industrials,Engineering & Construction,169.39999389648438,False,0.0,False,False,,,False,,EXIT
AARNAV,Aarnav Fashions Limited,,,30.440000534057617,True,0.0,False,False,,,False,,EXIT
