Symbol,Company,Sector,Industry,Current_Price,ATH_Price_Flag,TTM_Net_Profit,ATH_Profit_Flag,Above_MA200_Flag,RS_vs_Sector,RS_vs_Benchmark,Outperformance_Flag,ATH_Sales,Signal
RELIANCE,Reliance Industries Limited,Energy,Oil & Gas Refining & Marketing,1280.0,False,83556.0,True,False,-19.82,-12.14,False,962820.0,EXIT
BHARTIARTL,Bharti Airtel Limited,Communication Services,Telecom Services,1978.0,False,30925.3,False,True,16.99,-1.72,False,172985.0,EXIT
HDFCBANK,HDFC Bank Limited,Financial Services,Banks - Regional,735.0,False,49307.979999999996,False,False,-29.98,-29.78,False,,EXIT
ICICIBANK,ICICI Bank Limited,Financial Services,Banks - Regional,1450.0999755859375,True,56090.159999999996,True,True,-3.81,-3.72,False,,HOLD
SBIN,State Bank of India,Financial Services,Banks - Regional,1055.0,False,62161.45,False,True,27.72,27.67,True,,HOLD
TCS,Tata Consultancy Services Limited,Technology,Information Technology Services,2413.0,False,50484.0,True,False,-26.11,-25.35,False,267021.0,EXIT
BAJFINANCE,Bajaj Finance Limited,Financial Services,Credit Services,1158.800048828125,True,20303.53,True,True,25.86,25.81,True,,ADD
LT,Larsen & Toubro Limited,Industrials,Engineering & Construction,4057.0,False,16280.750000000002,True,True,8.51,6.96,True,255734.0,HOLD
HINDUNILVR,Hindustan Unilever Limited,Consumer Defensive,Household & Personal Products,2085.300048828125,False,15028.0,True,False,-15.78,-21.84,False,63121.0,EXIT
SUNPHARMA,Sun Pharmaceutical Industries Limited,Healthcare,Drug Manufacturers - Specialty & Generic,1940.0,True,10511.350000000002,False,True,6.62,14.76,True,52578.0,HOLD
INFY,Infosys Limited,Technology,Information Technology Services,1174.0,False,332.4,False,False,-24.46,-23.72,False,162990.0,EXIT
MARUTI,Maruti Suzuki India Limited,Consumer Cyclical,Auto Manufacturers,14190.0,False,15241.6,True,False,4.55,9.07,True,152913.0,HOLD
TITAN,Titan Company Limited,Consumer Cyclical,Luxury Goods,4912.39990234375,True,4825.0,True,True,35.16,39.6,True,60456.0,ADD
ADANIENT,Adani Enterprises Limited,Energy,Thermal Coal,3050.0,False,7007.960000000001,False,True,20.33,26.89,True,127540.0,HOLD
M&M,Mahindra & Mahindra Limited,Consumer Cyclical,Auto Manufacturers,3455.39990234375,False,18880.07,True,True,-1.07,3.46,False,159211.0,HOLD
ADANIPOWER,Adani Power Limited,Utilities,Utilities - Independent Power Producers,208.99000549316406,False,14687.210000000001,False,True,87.77,76.21,True,56203.0,HOLD
ADANIPORTS,Adani Ports and Special Economic Zone Limited,Industrials,Marine Shipping,1700.0,False,13317.560000000001,True,True,22.65,21.06,True,30475.0,HOLD
KOTAKBANK,Kotak Mahindra Bank Limited,Financial Services,Banks - Regional,400.0,False,15827.900000000001,False,False,-4.35,-4.26,False,,EXIT
AXISBANK,Axis Bank Limited,Financial Services,Banks - Regional,1253.9000244140625,False,28489.31,True,False,12.97,12.99,True,,HOLD
HCLTECH,HCL Technologies Limited,Technology,Information Technology Services,1350.0,False,13188.0,False,False,-13.74,-13.06,False,117055.0,EXIT
ITC,ITC Limited,Consumer Defensive,Tobacco,286.95001220703125,False,20494.55,False,False,-28.85,-34.82,False,75323.0,EXIT
ULTRACEMCO,UltraTech Cement Limited,Basic Materials,Building Materials,12190.0,False,9533.34,True,True,-2.8,-4.99,False,75955.0,HOLD
NTPC,NTPC Limited,Utilities,Utilities - Regulated Electric,349.8999938964844,False,28706.79,True,False,10.24,0.78,True,188138.0,HOLD
BAJAJFINSV,Bajaj Finserv Ltd.,Financial Services,Financial Conglomerates,2086.0,False,9800.970000000001,True,True,3.39,3.45,True,133822.0,HOLD
BAJAJ-AUTO,Bajaj Auto Limited,Consumer Cyclical,Auto Manufacturers,11800.0,False,11759.400000000001,True,True,34.81,39.26,True,50995.0,HOLD
HAL,Hindustan Aeronautics Limited,Industrials,Aerospace & Defense,4645.0,False,9115.6,True,True,-1.12,-2.65,False,30981.0,HOLD
JSWSTEEL,JSW Steel Limited,Basic Materials,Steel,1330.0,True,25344.0,True,True,24.41,22.15,True,175006.0,ADD
ONGC,Oil and Natural Gas Corporation Limited,Energy,Oil & Gas Integrated,240.1999969482422,False,41424.38,False,False,-9.05,-1.67,False,632291.0,EXIT
NESTLEIND,Nestlé India Limited,Consumer Defensive,Packaged Foods,1520.0,True,3477.1800000000003,False,True,36.38,29.97,True,24394.0,HOLD
BEL,Bharat Electronics Limited,Industrials,Aerospace & Defense,390.0,False,5828.57,True,False,-1.72,-3.24,False,23769.0,EXIT
ETERNAL,Eternal Limited,Consumer Cyclical,Internet Retail,310.3500061035156,False,393.0,False,True,-5.94,-1.4,False,20243.0,EXIT
LICI,Life Insurance Corporation of India,Financial Services,Insurance - Life,393.0,False,47354.67,False,False,-16.16,-16.02,False,889970.0,EXIT
POWERGRID,Power Grid Corporation of India Limited,Utilities,Utilities - Regulated Electric,281.75,False,16504.74,False,False,3.69,-5.6,False,45843.0,EXIT
ASIANPAINT,Asian Paints Limited,Basic Materials,Specialty Chemicals,2760.0,False,4764.83,False,True,11.38,9.15,True,35495.0,HOLD
DMART,Avenue Supermarts Limited,Consumer Defensive,Discount Stores,3946.0,False,3146.09,True,False,-5.3,-11.43,False,59358.0,EXIT
COALINDIA,Coal India Limited,Energy,Thermal Coal,415.5,False,35645.79,False,False,-1.8,5.38,False,144762.0,EXIT
SHRIRAMFIN,Shriram Finance Limited,Financial Services,Credit Services,1122.4000244140625,True,11162.76,False,True,74.28,74.02,True,,HOLD
TATASTEEL,Tata Steel Limited,Basic Materials,Steel,192.99000549316406,False,11034.54,False,True,19.05,16.8,True,243959.0,HOLD
HINDZINC,Hindustan Zinc Limited,Basic Materials,Other Industrial Metals & Mining,596.9500122070312,False,16652.0,True,True,39.93,37.62,True,34098.0,HOLD
ADANIGREEN,Adani Green Energy Limited,Utilities,Utilities - Renewable,1380.0,False,1283.0,False,True,48.4,37.9,True,11212.0,HOLD
HINDALCO,Hindalco Industries Limited,Basic Materials,Aluminum,1040.0,False,13391.0,False,True,49.59,47.25,True,238496.0,HOLD
EICHERMOT,Eicher Motors Limited,Consumer Cyclical,Auto Manufacturers,7986.5,True,5772.5199999999995,True,True,32.02,36.47,True,18451.0,ADD
DIVISLAB,Divi's Laboratories Limited,Healthcare,Drug Manufacturers - Specialty & Generic,8388.0,True,2541.0,False,True,18.71,26.77,True,9360.0,HOLD
GRASIM,Grasim Industries Limited,Basic Materials,Building Materials,3224.0,True,5908.91,False,True,13.38,11.15,True,148478.0,HOLD
TVSMOTOR,TVS Motor Company Limited,Consumer Cyclical,Auto Manufacturers,4455.2001953125,True,3242.2799999999997,True,True,40.8,45.23,True,44089.0,ADD
INDIGO,InterGlobe Aviation Limited,Industrials,Airlines,5400.0,False,5500.0,False,True,-9.2,-10.71,False,80803.0,EXIT
IOC,Indian Oil Corporation Limited,Energy,Oil & Gas Refining & Marketing,144.0,False,42402.35,True,False,-9.57,-2.18,False,841756.0,EXIT
ADANIENSOL,Adani Energy Solutions Limited,Utilities,Utilities - Independent Power Producers,1642.0,False,2897.6299999999997,True,True,112.85,100.62,True,23767.0,HOLD
TORNTPHARM,Torrent Pharmaceuticals Limited,Healthcare,Drug Manufacturers - Specialty & Generic,5000.0,True,2181.0,False,True,27.2,35.2,True,11516.0,HOLD
SBILIFE,SBI Life Insurance Company Limited,Financial Services,Insurance - Life,1879.9000244140625,False,2700.68,False,False,-2.96,-2.88,False,,EXIT
WIPRO,Wipro Limited,Technology,Information Technology Services,186.99000549316406,False,13219.0,True,False,-28.84,-28.07,False,90488.0,EXIT
VAML,Vedanta Aluminium Metal Limited,Basic Materials,Aluminum,467.95001220703125,False,7410.0,False,False,,,False,,EXIT
HYUNDAI,HYUNDAI,Consumer Cyclical,Auto Manufacturers,2218.5,False,4747.88,False,True,-7.37,-2.82,False,69829.0,EXIT
JIOFIN,Jio Financial Services Limited,Financial Services,Asset Management,261.95001220703125,False,1696.1100000000001,True,False,-25.6,-25.41,False,2043.0,EXIT
SOLARINDS,Solar Industries India Limited,Basic Materials,Specialty Chemicals,18400.0,True,1677.55,True,True,21.47,19.21,True,7540.0,ADD
PIDILITIND,Pidilite Industries Limited,Basic Materials,Specialty Chemicals,1665.0,True,2292.03,True,True,9.2,6.98,True,13140.0,ADD
DLF,DLF Limited,Real Estate,Real Estate - Development,649.0999755859375,False,4516.79,False,True,-3.89,-20.99,False,9926.0,EXIT
TMCV,TMCV,Consumer Cyclical,Auto Manufacturers,450.20001220703125,False,5193.0,False,False,,,False,,EXIT
TRENT,Trent Limited,Consumer Cyclical,Apparel Retail,3129.0,False,1719.65,False,False,-49.92,-45.27,False,17135.0,EXIT
MOTHERSON,Samvardhana Motherson International Limited,Consumer Cyclical,Auto Parts,154.35000610351562,True,3859.6800000000003,True,True,49.98,54.39,True,113663.0,ADD
CHOLAFIN,Cholamandalam Investment and Finance Company Limited,Financial Services,Credit Services,1880.0,True,5729.22,True,True,23.63,23.6,True,,ADD
ABB,ABB India Limited,Industrials,Specialty Industrial Machinery,7690.5,False,3042.87,True,True,48.8,47.16,True,13203.0,HOLD
TATACAP,TATACAP,Financial Services,Credit Services,371.8999938964844,True,4306.27,True,True,,,False,,HOLD
ICICIAMC,ICICIAMC,Financial Services,Asset Management,3081.800048828125,False,3479.24,False,False,,,False,4977.0,EXIT
CUMMINSIND,Cummins India Limited,Industrials,Specialty Industrial Machinery,5440.0,False,2268.92,True,True,49.0,47.36,True,10391.0,HOLD
VBL,Varun Beverages Limited,Consumer Defensive,Beverages - Non-Alcoholic,437.0,False,3961.97,True,False,-12.02,-18.1,False,21685.0,EXIT
BSE,BSE Limited,Financial Services,Financial Data & Stock Exchanges,3534.60009765625,False,2496.9799999999996,True,True,45.33,45.21,True,3212.0,HOLD
TECHM,Tech Mahindra Limited,Technology,Information Technology Services,1650.0,False,5081.5,True,True,6.42,6.97,True,53290.0,HOLD
POWERINDIA,Hitachi Energy India Limited,Industrials,Electrical Equipment & Parts,32400.0,False,907.37,False,True,49.32,47.68,True,,HOLD
BHEL,Bharat Heavy Electricals Limited,Industrials,Specialty Industrial Machinery,412.3999938964844,False,2513.08,False,True,63.69,62.01,True,39561.0,HOLD
IDEA,Vodafone Idea Limited,Communication Services,Telecom Services,12.800000190734863,False,69388.3,True,True,100.95,81.13,True,44958.0,HOLD
PFC,Power Finance Corporation Limited,Financial Services,Credit Services,418.0,False,25900.96,True,True,-3.11,-3.02,False,,HOLD
POLYCAB,Polycab India Limited,Industrials,Electrical Equipment & Parts,9200.0,False,2770.92,True,True,30.33,28.73,True,22408.0,HOLD
BPCL,Bharat Petroleum Corporation Limited,Energy,Oil & Gas Refining & Marketing,326.25,False,21524.66,False,False,-7.92,-0.57,False,473187.0,EXIT
CGPOWER,CG Power and Industrial Solutions Limited,Industrials,Electrical Equipment & Parts,889.5,False,1232.56,False,True,28.24,26.65,True,13632.0,HOLD
SIEMENS,Siemens Limited,Industrials,Specialty Industrial Machinery,3980.0,False,1555.2000000000003,False,True,26.66,25.07,True,22240.0,HOLD
UNIONBANK,Union Bank of India,Financial Services,Banks - Regional,175.8000030517578,False,20645.76,True,True,33.33,33.26,True,,HOLD
BRITANNIA,Britannia Industries Limited,Consumer Defensive,Packaged Foods,5440.0,False,2438.9700000000003,True,False,-1.42,-7.58,False,17943.0,EXIT
PNB,Punjab National Bank,Financial Services,Banks - Regional,113.55000305175781,False,19082.13,False,False,5.38,5.43,True,,EXIT
LTM,LTM Limited,Technology,Information Technology Services,4506.0,False,5083.299999999999,False,False,-17.0,-16.3,False,38008.0,EXIT
APOLLOHOSP,Apollo Hospitals Enterprise Limited,Healthcare,Medical Care Facilities,8910.0,True,1854.0,True,True,10.27,18.38,True,21794.0,ADD
BAJAJHLDNG,Bajaj Holdings & Investment Limited,Financial Services,Asset Management,11496.0,False,9636.75,True,True,-21.34,-21.17,False,1702.0,HOLD
BANKBARODA,Bank of Baroda Limited,Financial Services,Banks - Regional,245.60000610351562,False,16496.15,False,False,-2.14,-2.05,False,,EXIT
MUTHOOTFIN,Muthoot Finance Limited,Financial Services,Credit Services,2892.0,False,10590.330000000002,True,False,5.32,5.37,True,,HOLD
TMPV,Tata Motors Passenger Vehicles Limited,Consumer Cyclical,Auto Manufacturers,349.79998779296875,False,89363.0,True,False,-55.34,-50.67,False,439695.0,EXIT
LODHA,Lodha Developers Limited,Real Estate,Real Estate - Development,1250.0,False,4011.6000000000004,True,True,14.52,-2.81,False,13780.0,HOLD
TATAPOWER,The Tata Power Company Limited,Utilities,Utilities - Independent Power Producers,383.0,False,3863.26,False,False,4.54,-4.77,False,65478.0,EXIT
BOSCHLTD,Bosch Limited,Consumer Cyclical,Auto Parts,42920.0,True,2773.2,True,True,-2.92,1.62,False,18087.0,HOLD
GROWW,GROWW,Financial Services,Capital Markets,191.83999633789062,False,2346.6699999999996,False,False,,,False,4061.0,EXIT
SBIFUNDS,SBIFUNDS,Financial Services,Asset Management,573.9500122070312,False,1241.6,False,False,,,False,,EXIT
GAIL,GAIL (India) Limited,Utilities,Utilities - Regulated Gas,176.9600067138672,False,8101.85,False,True,8.59,-0.83,False,145668.0,EXIT
HDFCLIFE,HDFC Life Insurance Company Limited,Financial Services,Insurance - Life,545.0,False,2075.2200000000003,True,False,-30.52,-30.31,False,101482.0,EXIT
CIPLA,Cipla Limited,Healthcare,Drug Manufacturers - Specialty & Generic,1458.800048828125,False,3317.1099999999997,False,True,-15.12,-6.84,False,27548.0,EXIT
IRFC,Indian Railway Finance Corporation Limited,Financial Services,Credit Services,88.9000015258789,False,7159.4,False,False,-35.08,-34.85,False,,EXIT
LLOYDSME,Lloyds Metals and Energy Limited,Basic Materials,Steel,2087.10009765625,True,3680.8400000000006,True,True,42.03,39.72,True,6721.0,ADD
ENRIN,Siemens Energy India Limited,Utilities,Utilities - Renewable,3289.800048828125,False,1309.8,False,True,6.16,-3.19,False,,EXIT
CANBK,Canara Bank,Financial Services,Banks - Regional,128.91000366210938,False,18203.559999999998,True,False,15.85,15.85,True,,HOLD
MARICO,Marico Limited,Consumer Defensive,Household & Personal Products,852.0,True,1762.0,True,True,21.18,14.88,True,10831.0,ADD
INDIANB,Indian Bank,Financial Services,Banks - Regional,854.0,False,11952.93,True,False,30.49,30.43,True,,HOLD
ZYDUSLIFE,Zydus Lifesciences Limited,Healthcare,Drug Manufacturers - Specialty & Generic,1121.0999755859375,False,4952.299999999999,True,True,4.49,12.64,True,23242.0,HOLD
JINDALSTEL,Jindal Steel Limited,Basic Materials,Steel,1113.4000244140625,False,3573.9399999999996,False,False,9.48,7.25,True,53212.0,EXIT
HDFCAMC,HDFC Asset Management Company Limited,Financial Services,Asset Management,2562.0,False,2229.21,False,False,-13.93,-13.8,False,4051.0,EXIT
GMRAIRPORT,GMR Airports Limited,Industrials,Airports & Air Services,107.0,False,672.86,True,True,12.74,11.18,True,11088.0,HOLD
GVT&D,GE Vernova T&D India Limited,Industrials,Specialty Industrial Machinery,4410.0,False,1120.26,True,True,53.95,52.3,True,4020.0,HOLD
ABCAPITAL,Aditya Birla Capital Limited,Financial Services,Financial Conglomerates,424.70001220703125,True,3773.86,False,True,46.63,46.49,True,,HOLD
LUPIN,Lupin Limited,Healthcare,Drug Manufacturers - Specialty & Generic,2388.0,False,4627.4400000000005,True,True,15.89,23.97,True,22708.0,HOLD
GODREJCP,Godrej Consumer Products Limited,Consumer Defensive,Household & Personal Products,1069.0,False,1814.0300000000002,False,False,-10.35,-16.44,False,14364.0,EXIT
INDIAMART,IndiaMART InterMESH Limited,Communication Services,Internet Content & Information,1775.699951171875,False,410.75,False,False,-14.42,-32.71,False,1388.0,EXIT
HEROMOTOCO,Hero MotoCorp Limited,Consumer Cyclical,Auto Manufacturers,5690.0,False,5741.7300000000005,True,True,16.54,21.03,True,40923.0,HOLD
UNITDSPR,UNITDSPR,Consumer Defensive,Beverages - Wineries & Distilleries,1520.0,False,1837.0,True,True,17.0,10.72,True,12069.0,HOLD
AMBUJACEM,Ambuja Cements Limited,Basic Materials,Building Materials,445.0,False,2610.85,False,False,-28.16,-30.28,False,19985.0,EXIT
TATACONSUM,Tata Consumer Products Limited,Consumer Defensive,Packaged Foods,1096.300048828125,False,1564.8200000000002,True,False,5.07,-1.13,False,17618.0,EXIT
MAXHEALTH,Max Healthcare Institute Limited,Healthcare,Medical Care Facilities,1080.0,False,1442.41,True,True,-27.69,-19.33,False,7028.0,HOLD
BHARATFORG,Bharat Forge Limited,Consumer Cyclical,Auto Parts,2197.10009765625,True,1079.65,False,True,80.88,85.21,True,15682.0,HOLD
INDHOTEL,The Indian Hotels Company Limited,Consumer Cyclical,Lodging,741.0499877929688,False,2157.36,True,True,-10.0,-5.44,False,8335.0,HOLD
VEDL,Vedanta Limited,Basic Materials,Other Industrial Metals & Mining,277.0,False,21066.0,True,False,-38.85,-40.93,False,152968.0,EXIT
INDUSTOWER,Indus Towers Limited,Communication Services,Telecom Services,385.8500061035156,False,7051.400000000001,False,False,27.27,8.43,True,30123.0,EXIT
MANKIND,Mankind Pharma Limited,Healthcare,Drug Manufacturers - Specialty & Generic,2435.60009765625,False,1969.4799999999998,False,True,-19.42,-11.11,False,12207.0,EXIT
JSWENERGY,JSW Energy Limited,Utilities,Utilities - Independent Power Producers,566.0,False,2005.6,True,True,10.63,1.15,True,11745.0,HOLD
LGEINDIA,LGEINDIA,Technology,Consumer Electronics,1578.5999755859375,False,1770.3999999999999,False,True,,,False,,EXIT
RECLTD,REC Limited,Financial Services,Credit Services,366.0,False,16085.990000000002,False,True,-11.46,-11.33,False,,EXIT
LAURUSLABS,Laurus Labs Limited,Healthcare,Drug Manufacturers - Specialty & Generic,1835.0,True,1061.42,True,True,102.38,109.88,True,6041.0,ADD
ASHOKLEY,Ashok Leyland Limited,Industrials,Farm & Heavy Construction Machinery,177.0,False,3471.03,True,True,42.63,41.01,True,48535.0,HOLD
OFSS,Oracle Financial Services Software Limited,Technology,Software - Infrastructure,11759.0,False,3508.7,True,True,32.63,33.02,True,6847.0,HOLD
LENSKART,LENSKART,Healthcare,Medical Instruments & Supplies,572.6500244140625,True,552.0400000000001,False,False,,,False,6653.0,EXIT
MAZDOCK,Mazagon Dock Shipbuilders Limited,Industrials,Aerospace & Defense,2380.5,False,2560.52,False,False,-19.03,-20.52,False,11432.0,EXIT
DRREDDY,Dr. Reddy's Laboratories Limited,Healthcare,Drug Manufacturers - Specialty & Generic,1176.0,False,3311.3999999999996,False,False,-15.59,-7.3,False,32644.0,EXIT
NYKAA,FSN E-Commerce Ventures Limited,Consumer Cyclical,Internet Retail,335.3500061035156,False,199.44,False,True,50.12,54.53,True,7950.0,HOLD
SHREECEM,Shree Cement Limited,Basic Materials,Building Materials,26900.0,False,2009.3700000000003,False,True,-12.89,-15.05,False,20404.0,EXIT
AUROPHARMA,Aurobindo Pharma Limited,Healthcare,Drug Manufacturers - Specialty & Generic,1613.4000244140625,True,3559.7700000000004,False,True,37.44,45.38,True,31724.0,HOLD
IDBI,IDBI Bank Limited,Financial Services,Banks - Regional,84.31999969482422,False,8107.52,True,False,-11.24,-11.11,False,,EXIT
FEDERALBNK,The Federal Bank Limited,Financial Services,Banks - Regional,356.45001220703125,True,4609.45,True,True,77.99,77.72,True,,ADD
PERSISTENT,Persistent Systems Limited,Technology,Information Technology Services,5520.0,False,1789.41,True,True,1.63,2.22,True,11939.0,HOLD
PAYTM,One97 Communications Limited,Technology,Software - Infrastructure,1429.0,False,752.0,True,True,31.19,31.6,True,9978.0,HOLD
DIXON,Dixon Technologies (India) Limited,Technology,Consumer Electronics,14310.0,False,1169.46,True,True,-19.9,-19.18,False,38860.0,HOLD
MEESHO,MEESHO,Consumer Cyclical,Internet Retail,189.75,False,1201.22,True,False,,,False,9390.0,EXIT
HINDPETRO,Hindustan Petroleum Corporation Limited,Energy,Oil & Gas Refining & Marketing,394.95001220703125,False,26452.260000000002,True,False,-13.48,-5.97,False,440403.0,EXIT
ICICIGI,ICICI Lombard General Insurance Company Limited,Financial Services,Insurance - Diversified,1684.0,False,2355.57,False,False,-15.63,-15.49,False,,EXIT
BHARTIHEXA,BHARTIHEXA,Communication Services,Telecom Services,1552.699951171875,False,1780.4,False,False,-1.6,-20.06,False,,EXIT
NAUKRI,Info Edge (India) Limited,Communication Services,Internet Content & Information,1242.0,False,1449.8200000000002,False,True,7.03,-11.54,False,2850.0,EXIT
HAVELLS,Havells India Limited,Industrials,Electrical Equipment & Parts,1290.0,False,1661.9399999999998,True,False,-16.78,-18.27,False,21778.0,EXIT
NHPC,NHPC Limited,Utilities,Utilities - Renewable,78.5999984741211,False,3597.94,False,False,-2.78,-11.89,False,10607.0,EXIT
INDUSINDBK,IndusInd Bank Limited,Financial Services,Banks - Regional,1019.0,False,2363.27,False,True,20.3,20.29,True,,HOLD
AUBANK,AU Small Finance Bank Limited,Financial Services,Banks - Regional,1051.300048828125,True,2876.34,True,True,37.54,37.45,True,,ADD
LTF,L&T Finance Limited,Financial Services,Credit Services,318.3999938964844,False,3148.81,True,True,51.92,51.76,True,,HOLD
SRF,SRF Limited,Industrials,Conglomerates,2639.699951171875,False,2205.87,True,False,-15.86,-17.36,False,14870.0,EXIT
WAAREEENER,WAAREEENER,Technology,Solar,2697.0,False,3718.9799999999996,True,False,-16.56,-15.86,False,14444.0,EXIT
COFORGE,Coforge Limited,Technology,Information Technology Services,1777.0,False,1698.5,True,True,-0.59,0.01,False,5557.0,HOLD
NTPCGREEN,NTPCGREEN,Utilities,Utilities - Renewable,90.66000366210938,False,668.23,True,False,-8.88,-17.82,False,2210.0,EXIT
NMDC,NMDC Limited,Basic Materials,Steel,85.80000305175781,False,7229.24,False,True,17.44,15.19,True,25965.0,HOLD
DABUR,Dabur India Limited,Consumer Defensive,Household & Personal Products,414.0,False,2033.3600000000001,True,False,-19.17,-25.21,False,12563.0,EXIT
ICICIPRULI,ICICI Prudential Life Insurance Company Limited,Financial Services,Insurance - Life,516.5499877929688,False,1699.3199999999997,True,False,-20.25,-20.08,False,89683.0,EXIT
SWIGGY,SWIGGY,Consumer Cyclical,Internet Retail,289.8999938964844,False,2656.0,True,False,-33.53,-28.92,False,15227.0,EXIT
OIL,Oil India Limited,Energy,Oil & Gas Integrated,444.0,False,6619.9400000000005,False,False,-8.95,-1.57,False,36084.0,EXIT
NAM-INDIA,Nippon Life India Asset Management Limited,Financial Services,Asset Management,1215.0,True,1688.44,False,True,44.9,44.78,True,2344.0,HOLD
POLICYBZR,PB Fintech Limited,Financial Services,Insurance Brokers,1620.0,False,704.78,True,False,-11.56,-11.43,False,4977.0,EXIT
IDFCFIRSTB,IDFC First Bank Limited,Financial Services,Banks - Regional,85.30000305175781,False,2410.58,False,True,18.94,18.92,True,,HOLD
JSWINFRA,JSW Infrastructure Limited,Industrials,Marine Shipping,334.3999938964844,False,1508.7,False,True,7.09,5.55,True,4476.0,HOLD
ASTERDM,Aster DM Quality Care Limited,Healthcare,Medical Care Facilities,842.0999755859375,True,357.15999999999997,False,True,28.16,36.16,True,10253.0,HOLD
ATGL,Adani Total Gas Limited,Utilities,Utilities - Regulated Gas,660.3499755859375,False,633.95,False,True,16.35,6.71,True,5000.0,HOLD
BAJAJHFL,BAJAJHFL,Financial Services,Mortgage Finance,86.9800033569336,False,2632.66,False,False,-28.16,-27.97,False,,EXIT
YESBANK,Yes Bank Limited,Financial Services,Banks - Regional,22.969999313354492,False,3919.19,False,True,17.69,17.68,True,,HOLD
FORTIS,Fortis Healthcare Limited,Healthcare,Medical Care Facilities,925.0,False,1041.78,True,True,-5.75,2.47,False,7783.0,HOLD
TORNTPOWER,Torrent Power Limited,Utilities,Utilities - Independent Power Producers,1323.5,False,2416.4300000000003,False,False,5.99,-3.36,False,29165.0,EXIT
SAIL,Steel Authority of India Limited,Basic Materials,Steel,175.5,False,4598.13,False,True,38.42,36.11,True,105378.0,HOLD
PRESTIGE,Prestige Estates Projects Limited,Real Estate,Real Estate - Diversified,1593.0,False,1138.9,False,True,12.21,-5.1,False,8315.0,EXIT
BIOCON,Biocon Limited,Healthcare,Biotechnology,425.20001220703125,False,385.6,False,True,1.92,10.08,True,15262.0,HOLD
ALKEM,Alkem Laboratories Limited,Healthcare,Drug Manufacturers - Specialty & Generic,5696.5,False,2301.8,False,True,3.49,11.65,True,12965.0,HOLD
MCX,Multi Commodity Exchange of India Limited,Financial Services,Financial Data & Stock Exchanges,2598.60009765625,False,1134.08,True,True,61.04,60.84,True,1113.0,HOLD
UNOMINDA,Uno Minda Limited,Consumer Cyclical,Auto Parts,1250.0,False,1197.13,True,True,4.69,9.21,True,16775.0,HOLD
PHOENIXLTD,The Phoenix Mills Limited,Real Estate,Real Estate - Diversified,1930.5,False,1216.69,False,True,44.4,26.67,True,3972.0,HOLD
OBEROIRLTY,Oberoi Realty Limited,Real Estate,Real Estate - Development,1806.5,False,2290.68,True,True,25.67,8.19,True,5286.0,HOLD
SUZLON,Suzlon Energy Limited,Industrials,Specialty Industrial Machinery,48.150001525878906,False,2189.17,False,False,-29.07,-30.53,False,20403.0,EXIT
IOB,Indian Overseas Bank,Financial Services,Banks - Regional,34.20000076293945,False,5878.05,True,False,-11.55,-11.43,False,,EXIT
NATIONALUM,National Aluminium Company Limited,Basic Materials,Aluminum,381.0,False,6141.8,True,True,101.84,99.35,True,16788.0,HOLD
SCHAEFFLER,Schaeffler India Limited,Consumer Cyclical,Auto Parts,4089.5,False,1251.32,True,True,-10.16,-5.61,False,9686.0,HOLD
GODREJPROP,Godrej Properties Limited,Real Estate,Real Estate - Development,2099.0,False,1827.1499999999999,True,True,12.45,-4.86,False,4923.0,HOLD
KALYANKJIL,Kalyan Jewellers India Limited,Consumer Cyclical,Luxury Goods,569.5,False,1350.3799999999999,True,True,-13.76,-9.19,False,25045.0,HOLD
GLENMARK,Glenmark Pharmaceuticals Limited,Healthcare,Drug Manufacturers - Specialty & Generic,2259.0,False,1361.84,True,True,-2.25,5.95,False,13322.0,HOLD
SBICARD,SBI Cards and Payment Services Limited,Financial Services,Credit Services,665.7000122070312,False,2386.34,False,False,-21.57,-21.4,False,,EXIT
BANKINDIA,Bank of India Limited,Financial Services,Banks - Regional,141.0,False,11032.19,False,False,23.27,23.24,True,,EXIT
GICRE,General Insurance Corporation of India,Financial Services,Insurance - Reinsurance,359.6499938964844,False,9662.380000000001,False,False,-10.35,-10.23,False,50345.0,EXIT
COROMANDEL,Coromandel International Limited,Basic Materials,Agricultural Inputs,2086.39990234375,False,1531.64,False,False,-22.31,-24.45,False,29628.0,EXIT
MAHABANK,Bank of Maharashtra,Financial Services,Banks - Regional,79.19999694824219,False,7371.5599999999995,True,True,39.68,39.58,True,,HOLD
BERGEPAINT,Berger Paints India Limited,Basic Materials,Specialty Chemicals,545.2000122070312,False,1182.6100000000001,True,True,-6.57,-8.75,False,11545.0,HOLD
JSL,Jindal Stainless Limited,Basic Materials,Steel,744.5,False,3193.45,False,False,0.69,-1.51,False,39312.0,EXIT
ABBOTINDIA,Abbott India Limited,Healthcare,Drug Manufacturers - Specialty & Generic,27785.0,False,1552.02,False,True,-28.93,-20.56,False,,EXIT
RADICO,Radico Khaitan Limited,Consumer Defensive,Beverages - Wineries & Distilleries,4550.0,True,694.51,True,True,60.05,53.49,True,4843.0,ADD
RBLBANK,RBL Bank Limited,Financial Services,Banks - Regional,389.79998779296875,False,920.8199999999999,False,True,42.71,42.6,True,,HOLD
APARINDS,APAR Industries Limited,Industrials,Electrical Equipment & Parts,15666.0,False,1192.73,True,True,72.63,70.94,True,18581.0,HOLD
LINDEINDIA,Linde India Limited,Basic Materials,Specialty Chemicals,7088.0,False,496.37,False,True,6.5,4.29,True,3136.0,HOLD
HDBFS,HDBFS,Financial Services,Credit Services,675.25,False,2179.7000000000003,False,False,-12.88,-12.75,False,,EXIT
COLPAL,Colgate-Palmolive (India) Limited,Consumer Defensive,Household & Personal Products,2040.0,False,1340.88,True,False,-6.53,-12.65,False,1960.0,EXIT
MRF,MRF Limited,Consumer Cyclical,Auto Parts,134405.0,False,2420.1899999999996,False,False,-16.52,-11.95,False,28152.0,EXIT
M&MFIN,Mahindra & Mahindra Financial Services Limited,Financial Services,Credit Services,398.3999938964844,True,3216.08,True,True,51.4,51.24,True,,ADD
FACT,The Fertilisers and Chemicals Travancore Limited,Basic Materials,Agricultural Inputs,840.5999755859375,False,146.06,False,False,-15.17,-17.33,False,6198.0,EXIT
TIINDIA,Tube Investments of India Limited,Industrials,Conglomerates,2787.89990234375,False,496.71000000000004,False,False,-6.53,-8.04,False,19465.0,EXIT
MFSL,Max Financial Services Limited,Financial Services,Insurance - Life,1523.0,False,136.67000000000002,False,False,-0.96,-0.88,False,46576.0,EXIT
SUNDARMFIN,Sundaram Finance Limited,Financial Services,Credit Services,4736.0,False,2123.7200000000003,True,False,-2.26,-2.18,False,,EXIT
MOTILALOFS,Motilal Oswal Financial Services Limited,Financial Services,Capital Markets,880.0,False,3222.4199999999996,True,True,-7.59,-7.49,False,8340.0,HOLD
UPL,UPL Limited,Basic Materials,Agricultural Inputs,577.25,False,2441.0,False,False,-21.85,-23.99,False,53576.0,EXIT
APLAPOLLO,APL Apollo Tubes Limited,Basic Materials,Steel,1948.5,False,1194.67,True,True,19.66,17.41,True,20690.0,HOLD
VMM,VMM,Consumer Cyclical,Department Stores,111.0,False,891.9199999999998,True,False,-33.01,-28.4,False,10716.0,EXIT
TATACOMM,Tata Communications Limited,Communication Services,Telecom Services,1747.800048828125,False,952.74,False,True,17.95,-0.76,False,23109.0,EXIT
ATHERENERG,Ather Energy Limited,Consumer Cyclical,Auto Manufacturers,1470.800048828125,True,517.1299999999999,False,True,267.44,271.33,True,,HOLD
THERMAX,Thermax Limited,Industrials,Conglomerates,4064.89990234375,False,593.36,False,True,11.73,10.17,True,10389.0,HOLD
FLUOROCHEM,Gujarat Fluorochemicals Limited,Basic Materials,Specialty Chemicals,4498.10009765625,False,578.0,False,True,26.83,24.55,True,5685.0,HOLD
SONACOMS,Sona BLW Precision Forgings Limited,Consumer Cyclical,Auto Parts,814.5999755859375,True,647.88,False,True,73.73,78.09,True,3226.0,HOLD
BALKRISIND,Balkrishna Industries Limited,Consumer Cyclical,Auto Parts,2501.60009765625,False,1420.68,False,True,-10.38,-5.82,False,10447.0,EXIT
KEI,KEI Industries Limited,Industrials,Electrical Equipment & Parts,5577.0,True,941.47,True,True,43.64,42.01,True,9736.0,ADD
HINDCOPPER,Hindustan Copper Limited,Basic Materials,Copper,533.7999877929688,False,918.54,True,True,114.4,111.88,True,2071.0,HOLD
RVNL,Rail Vikas Nigam Limited,Industrials,Engineering & Construction,229.0,False,874.7199999999999,False,False,-37.53,-38.97,False,21879.0,EXIT
PIRAMALFIN,Piramal Finance Limited,Financial Services,Credit Services,2136.60009765625,True,1636.6,False,False,,,False,12882.0,EXIT
360ONE,360 One Wam Limited,Financial Services,Asset Management,1192.0,False,1231.22,True,True,7.69,7.73,True,3684.0,HOLD
PREMIERENE,PREMIERENE,Technology,Solar,1044.0,False,1434.12,True,True,-0.02,0.57,False,6519.0,HOLD
BDL,Bharat Dynamics Limited,Industrials,Aerospace & Defense,1240.0,False,420.33000000000004,False,False,-24.48,-25.96,False,,EXIT
AIIL,Authum Investment & Infrastructure Limited,Financial Services,Capital Markets,570.5,False,2098.14,False,True,-5.03,-4.93,False,,EXIT
ANTHEM,ANTHEM,Healthcare,Biotechnology,825.6500244140625,True,575.95,False,True,-0.22,7.96,False,1845.0,EXIT
PAGEIND,Page Industries Limited,Consumer Cyclical,Apparel Manufacturing,40355.0,False,763.8299999999999,False,True,-20.44,-15.86,False,,EXIT
GLAXO,GlaxoSmithKline Pharmaceuticals Limited,Healthcare,Drug Manufacturers - General,2569.699951171875,False,1041.3600000000001,False,True,-21.59,-13.27,False,3749.0,EXIT
AEGISLOG,AEGISLOG,Energy,Oil & Gas Refining & Marketing,1395.800048828125,True,898.1500000000001,True,True,84.64,89.41,True,8627.0,ADD
MPHASIS,Mphasis Limited,Technology,Information Technology Services,2460.0,False,1883.03,True,False,-13.85,-13.17,False,14230.0,EXIT
GODREJIND,Godrej Industries Limited,Industrials,Conglomerates,1320.4000244140625,False,1240.52,True,True,13.49,11.93,True,19657.0,HOLD
IPCALAB,Ipca Laboratories Limited,Healthcare,Drug Manufacturers - Specialty & Generic,1765.0,False,1141.12,True,True,11.47,19.58,True,8897.0,HOLD
SUPREMEIND,The Supreme Industries Limited,Industrials,Building Products & Equipment,3460.60009765625,False,1069.96,False,False,-21.55,-23.04,False,10446.0,EXIT
VOLTAS,Voltas Limited,Consumer Cyclical,"Furnishings, Fixtures & Appliances",1300.5,False,375.88,False,False,-9.92,-5.36,False,15413.0,EXIT
WELCORP,Welspun Corp Limited,Basic Materials,Steel,1788.0999755859375,True,2219.8599999999997,True,True,102.53,100.05,True,17340.0,ADD
AJANTPHARM,Ajanta Pharma Limited,Healthcare,Drug Manufacturers - Specialty & Generic,3437.5,True,1130.03,True,True,18.25,26.31,True,4648.0,ADD
AIAENG,AIA Engineering Limited,Industrials,Specialty Industrial Machinery,4646.60009765625,False,1270.15,True,True,45.41,43.78,True,4909.0,HOLD
PETRONET,Petronet LNG Limited,Energy,Oil & Gas Refining & Marketing,280.79998779296875,False,3912.5299999999997,False,True,-9.9,-2.5,False,59899.0,EXIT
JKCEMENT,J.K. Cement Limited,Basic Materials,Building Materials,5484.5,False,1109.43,True,False,-22.81,-24.95,False,11879.0,EXIT
PIIND,PI Industries Limited,Basic Materials,Agricultural Inputs,2810.0,False,1320.8,False,False,-33.63,-35.73,False,7978.0,EXIT
NLCINDIA,NLC India Limited,Utilities,Utilities - Regulated Electric,303.29998779296875,False,3339.04,True,True,32.6,22.53,True,16165.0,HOLD
GLAND,Gland Pharma Limited,Healthcare,Drug Manufacturers - Specialty & Generic,2545.10009765625,False,1030.18,False,True,17.37,25.43,True,5665.0,HOLD
NH,Narayana Hrudayalaya Limited,Healthcare,Medical Care Facilities,1903.0999755859375,False,805.6,False,True,-7.05,1.18,False,3590.0,EXIT
POONAWALLA,Poonawalla Fincorp Limited,Financial Services,Credit Services,480.75,False,775.32,False,True,5.5,5.55,True,,HOLD
CONCOR,Container Corporation of India Limited,Industrials,Railroads,516.3499755859375,False,1242.0,False,True,-13.42,-14.92,False,8887.0,EXIT
CPPLUS,CPPLUS,Industrials,Building Products & Equipment,3554.699951171875,False,390.04,False,True,226.27,224.22,True,3112.0,HOLD
IRCTC,Indian Railway Catering & Tourism Corporation Limited,Consumer Cyclical,Travel Services,510.25,False,1393.45,True,False,-38.48,-33.85,False,4675.0,EXIT
HUDCO,Housing and Urban Development Corporation Limited,Financial Services,Credit Services,202.83999633789062,False,4255.25,False,False,-11.5,-11.38,False,,EXIT
3MINDIA,3M India Limited,Industrials,Conglomerates,35805.0,False,526.45,False,True,13.57,12.01,True,4189.0,HOLD
ASTRAL,Astral Limited,Industrials,Building Products & Equipment,1434.699951171875,False,581.0999999999999,True,False,-2.05,-3.57,False,5832.0,EXIT
NAVINFLUOR,Navin Fluorine International Limited,Basic Materials,Chemicals,7609.5,True,610.14,True,True,45.22,42.89,True,1687.0,ADD
ENDURANCE,Endurance Technologies Limited,Consumer Cyclical,Auto Parts,2893.39990234375,True,951.71,True,True,3.05,7.57,True,8846.0,ADD
PATANJALI,Patanjali Foods Limited,Consumer Defensive,Packaged Foods,357.0,False,1656.3000000000002,True,False,-39.79,-45.69,False,34157.0,EXIT
EXIDEIND,Exide Industries Limited,Consumer Cyclical,Auto Parts,467.0,False,931.6700000000001,False,True,12.77,17.27,True,17238.0,HOLD
HSCL,Himadri Speciality Chemical Limited,Basic Materials,Specialty Chemicals,748.9500122070312,False,804.2,True,True,57.14,54.78,True,4613.0,HOLD
MEDANTA,Global Health Limited,Healthcare,Medical Care Facilities,1410.300048828125,True,556.1800000000001,False,True,-6.04,2.18,False,3692.0,EXIT
LTTS,L&T Technology Services Limited,Technology,Information Technology Services,3575.300048828125,False,1307.0,True,False,-20.48,-19.76,False,10670.0,EXIT
UBL,United Breweries Limited,Consumer Defensive,Beverages - Brewers,1412.5999755859375,False,464.21999999999997,False,False,-24.81,-30.81,False,8915.0,EXIT
COCHINSHIP,Cochin Shipyard Limited,Industrials,Aerospace & Defense,1425.0,False,716.51,False,False,-20.43,-21.92,False,4820.0,EXIT
EMCURE,EMCURE,Healthcare,Drug Manufacturers - Specialty & Generic,1959.0,True,924.3499999999999,True,True,24.49,32.51,True,7896.0,ADD
DELHIVERY,Delhivery Limited,Industrials,Integrated Freight & Logistics,470.25,False,275.6,True,True,0.08,-1.45,False,8932.0,HOLD
KPRMILL,K.P.R. Mill Limited,Consumer Cyclical,Textile Manufacturing,1078.5,False,853.02,True,True,-7.06,-2.51,False,6388.0,HOLD
PWL,Physicswallah Limited,Consumer Defensive,Education & Training Services,127.80999755859375,False,588.95,False,False,,,False,2887.0,EXIT
STARHEALTH,Star Health and Allied Insurance Company Limited,Financial Services,Insurance - Life,588.0999755859375,False,1227.47,False,True,31.81,31.74,True,,HOLD
MANAPPURAM,Manappuram Finance Limited,Financial Services,Credit Services,363.6000061035156,True,974.5699999999999,False,True,36.42,36.33,True,,HOLD
BLUESTARCO,Blue Star Limited,Industrials,Building Products & Equipment,1665.0,False,622.31,True,False,-7.49,-9.01,False,11968.0,EXIT
ANANDRATHI,Anand Rathi Wealth Limited,Financial Services,Asset Management,2037.5999755859375,False,365.66999999999996,False,True,50.54,50.39,True,1107.0,HOLD
TATAINVEST,Tata Investment Corporation Limited,Financial Services,Asset Management,670.5,False,323.24,False,False,-10.29,-10.18,False,385.0,EXIT
HEXT,Hexaware Technologies Limited,Technology,Information Technology Services,570.5999755859375,False,1353.3,False,False,-26.73,-25.97,False,13430.0,EXIT
ESCORTS,Escorts Kubota Limited,Industrials,Farm & Heavy Construction Machinery,3089.199951171875,False,2394.35,True,False,-12.09,-13.59,False,10244.0,EXIT
ITCHOTELS,ITCHOTELS,Consumer Cyclical,Resorts & Casinos,168.92999267578125,False,731.27,True,False,-35.85,-31.24,False,3560.0,EXIT
DALBHARAT,Dalmia Bharat Limited,Basic Materials,Building Materials,1838.0999755859375,False,697.0,False,False,-20.01,-22.15,False,14691.0,EXIT
HONAUT,Honeywell Automation India Limited,Industrials,Electrical Equipment & Parts,38375.0,False,556.1999999999999,False,True,-0.32,-1.84,False,,EXIT
IREDA,Indian Renewable Energy Development Agency Limited,Financial Services,Credit Services,120.69999694824219,False,1826.22,False,False,-21.96,-21.79,False,,EXIT
GODFRYPHLP,Godfrey Phillips India Limited,Consumer Defensive,Tobacco,2325.0,False,1419.4199999999998,True,False,-27.49,-33.47,False,5611.0,EXIT
KARURVYSYA,The Karur Vysya Bank Limited,Financial Services,Banks - Regional,337.6499938964844,True,2692.0699999999997,False,True,51.74,51.58,True,,HOLD
NUVAMA,Nuvama Wealth Management Limited,Financial Services,Asset Management,1676.0999755859375,False,828.74,False,True,15.73,15.73,True,4162.0,HOLD
UCOBANK,UCO Bank,Financial Services,Banks - Regional,26.489999771118164,False,2816.74,False,False,-12.71,-12.58,False,,EXIT
SCHNEIDER,Schneider Electric Infrastructure Limited,Industrials,Electrical Equipment & Parts,1352.5,False,212.56,False,True,28.49,26.9,True,,HOLD
KIMS,Krishna Institute of Medical Sciences Limited,Healthcare,Medical Care Facilities,802.1500244140625,False,241.4,False,True,-4.01,4.19,False,3035.0,EXIT
AEGISVOPAK,AEGISVOPAK,Energy,Oil & Gas Equipment & Services,283.8500061035156,False,231.81,False,True,4.01,11.03,True,621.0,HOLD
CRISIL,CRISIL Limited,Financial Services,Financial Data & Stock Exchanges,4475.60009765625,False,862.79,True,True,-20.7,-20.53,False,3649.0,HOLD
KIRLOSENG,Kirloskar Oil Engines Limited,Industrials,Specialty Industrial Machinery,2241.39990234375,False,574.32,True,True,156.87,154.98,True,6349.0,HOLD
WOCKPHARMA,Wockhardt Limited,Healthcare,Drug Manufacturers - Specialty & Generic,2006.0999755859375,False,340.0,False,True,17.62,25.68,True,4830.0,HOLD
LALPATHLAB,Dr. Lal PathLabs Limited,Healthcare,Diagnostics & Research,1887.0999755859375,False,391.3,False,True,5.9,14.04,True,2461.0,HOLD
IKS,IKS,Healthcare,Health Information Services,1877.699951171875,False,688.6400000000001,False,True,7.22,15.35,True,973.0,HOLD
CUPID,Cupid Limited,Consumer Defensive,Household & Personal Products,252.11000061035156,True,108.23,True,True,683.82,673.1,True,183.0,ADD
TATATECH,Tata Technologies Limited,Technology,Information Technology Services,754.0,False,561.8399999999999,False,True,4.9,5.47,True,5168.0,HOLD
GRSE,Garden Reach Shipbuilders & Engineers Limited,Industrials,Aerospace & Defense,2507.300048828125,False,535.2,False,False,-8.08,-9.59,False,,EXIT
MRPL,Mangalore Refinery and Petrochemicals Limited,Energy,Oil & Gas Refining & Marketing,170.97000122070312,False,2784.1899999999996,False,True,24.14,30.6,True,109026.0,HOLD
TVSHLTD,TVS Holdings Limited,Consumer Cyclical,Auto Parts,14769.0,False,1863.0700000000002,True,True,16.53,21.02,True,44993.0,HOLD
HFCL,HFCL Limited,Technology,Communication Equipment,212.22999572753906,False,536.96,True,True,183.14,182.61,True,4743.0,HOLD
RRKABEL,R R Kabel Limited,Industrials,Electrical Equipment & Parts,2793.0,True,581.1,False,True,118.1,116.3,True,7618.0,HOLD
ABSLAMC,Aditya Birla Sun Life AMC Limited,Financial Services,Asset Management,1017.0999755859375,False,1043.23,False,True,14.11,14.12,True,1955.0,HOLD
JUBLFOOD,Jubilant FoodWorks Limited,Consumer Cyclical,Restaurants,485.0,False,428.48,True,False,-33.12,-28.51,False,6105.0,EXIT
CHOLAHLDNG,Cholamandalam Financial Holdings Limited,Financial Services,Credit Services,1603.699951171875,False,2441.29,True,False,-15.3,-15.15,False,,EXIT
LICHSGFIN,LIC Housing Finance Limited,Financial Services,Mortgage Finance,512.0499877929688,False,5753.3,True,False,-15.92,-15.77,False,,EXIT
SHYAMMETL,Shyam Metalics and Energy Limited,Basic Materials,Steel,1029.5999755859375,True,1123.1599999999999,False,True,2.93,0.73,True,15138.0,HOLD
STLTECH,Sterlite Technologies Limited,Technology,Communication Equipment,634.6500244140625,True,283.0,False,True,400.62,398.74,True,6925.0,HOLD
NIACL,The New India Assurance Company Limited,Financial Services,Insurance - Diversified,183.75999450683594,False,1254.58,False,True,-11.69,-11.56,False,43354.0,EXIT
METROBRAND,Metro Brands Limited,Consumer Cyclical,Apparel Retail,1001.0,False,438.26,False,False,-23.78,-19.19,False,2450.0,EXIT
BANDHANBNK,Bandhan Bank Limited,Financial Services,Banks - Regional,170.4600067138672,False,1613.36,False,False,-1.43,-1.36,False,,EXIT
CENTRALBK,Central Bank of India,Financial Services,Banks - Regional,31.290000915527344,False,4615.120000000001,True,False,-16.68,-16.54,False,,EXIT
SAILIFE,SAILIFE,Healthcare,Diagnostics & Research,1394.300048828125,True,353.34999999999997,True,True,63.59,71.35,True,1642.0,ADD
PGHH,Procter & Gamble Hygiene and Health Care Limited,Consumer Defensive,Household & Personal Products,8484.5,False,790.7199999999999,False,False,-34.65,-40.58,False,,EXIT
CDSL,Central Depository Services (India) Limited,Financial Services,Capital Markets,1326.5,False,416.23,False,False,-19.57,-19.41,False,1082.0,EXIT
ZFCVINDIA,ZF Commercial Vehicle Control Systems India Limited,Consumer Cyclical,Auto Parts,2589.89990234375,False,390.97,False,True,5.6,10.12,True,3831.0,HOLD
PNBHOUSING,PNB Housing Finance Limited,Financial Services,Mortgage Finance,1121.5999755859375,False,2260.03,True,True,42.08,41.97,True,,HOLD
ANGELONE,Angel One Limited,Financial Services,Capital Markets,299.20001220703125,False,820.3,False,True,10.88,10.91,True,5239.0,HOLD
APOLLOTYRE,Apollo Tyres Limited,Consumer Cyclical,Auto Parts,444.8999938964844,False,1372.42,False,False,-7.51,-2.96,False,26123.0,EXIT
SJVN,SJVN Limited,Utilities,Utilities - Renewable,69.11000061035156,False,877.85,False,False,-21.47,-30.08,False,3072.0,EXIT
MSUMI,Motherson Sumi Wiring India Limited,Consumer Cyclical,Auto Parts,40.970001220703125,False,624.77,False,False,-4.54,0.01,False,9319.0,EXIT
ITI,ITI Limited,Technology,Communication Equipment,281.6000061035156,False,518.4399999999999,False,False,-7.51,-6.87,False,3616.0,EXIT
PTCIL,PTC Industries Limited,Industrials,Metal Fabrication,18092.0,False,101.55999999999999,True,True,18.86,17.29,True,308.0,HOLD
SYRMA,Syrma SGS Technology Limited,Technology,Electronic Components,1434.0999755859375,True,368.11,False,True,95.8,95.81,True,3787.0,HOLD
AMBER,Amber Enterprises India Limited,Consumer Cyclical,"Furnishings, Fixtures & Appliances",7526.0,False,381.06,True,True,-13.3,-8.74,False,6744.0,HOLD
PPLPHARMA,Piramal Pharma Limited,Healthcare,Drug Manufacturers - Specialty & Generic,206.77999877929688,False,296.1,True,True,-5.48,2.74,False,9151.0,HOLD
IIFL,IIFL Finance Limited,Financial Services,Credit Services,610.2000122070312,False,1959.56,True,True,35.5,35.41,True,,HOLD
CRAFTSMAN,Craftsman Automation Limited,Consumer Cyclical,Auto Parts,10408.5,True,464.94000000000005,False,True,52.67,57.07,True,5690.0,HOLD
NETWEB,Netweb Technologies India Limited,Technology,Computer Hardware,4893.7998046875,True,229.22,False,True,117.44,117.31,True,,HOLD
GUJENERGY,Gujarat Energy Limited,Utilities,Utilities - Regulated Gas,272.54998779296875,False,1225.5299999999997,False,False,-31.47,-39.81,False,,EXIT
ACMESOLAR,ACME Solar Holdings Limited,Utilities,Utilities - Renewable,382.25,True,619.1899999999999,False,True,46.93,36.47,True,1777.0,HOLD
NBCC,NBCC (India) Limited,Industrials,Engineering & Construction,96.0,False,720.04,True,False,-15.74,-17.23,False,12039.0,EXIT
GABRIEL,Gabriel India Limited,Consumer Cyclical,Auto Parts,1587.699951171875,True,297.65999999999997,True,True,49.73,54.14,True,4063.0,ADD
CREDITACC,CreditAccess Grameen Limited,Financial Services,Credit Services,1527.5999755859375,False,1145.22,False,True,18.84,18.83,True,,HOLD
KAYNES,Kaynes Technology India Limited,Technology,Electronic Components,3898.0,False,358.67,True,False,-43.35,-42.49,False,2722.0,EXIT
ACC,ACC Limited,Basic Materials,Building Materials,1394.0,False,1164.46,False,False,-24.62,-26.74,False,22210.0,EXIT
SUMICHEM,Sumitomo Chemical India Limited,Basic Materials,Agricultural Inputs,507.54998779296875,False,580.03,True,True,-21.74,-23.87,False,3511.0,HOLD
ACUTAAS,Acutaas Chemicals Limited,Basic Materials,Specialty Chemicals,3282.800048828125,False,214.73,False,True,143.09,140.49,True,990.0,HOLD
REDINGTON,Redington Limited,Technology,Information Technology Services,347.8500061035156,True,1588.37,True,True,32.99,33.38,True,99334.0,ADD
GILLETTE,Gillette India Limited,Consumer Defensive,Household & Personal Products,7688.0,False,430.34000000000003,False,False,-26.4,-32.39,False,,EXIT
RUBICON,RUBICON,Healthcare,Drug Manufacturers - General,1574.5999755859375,True,223.89,False,False,,,False,1284.0,EXIT
AWL,AWL Agri Business Limited,Consumer Defensive,Packaged Foods,193.5399932861328,False,1147.61,False,False,-21.74,-27.76,False,63672.0,EXIT
NEULANDLAB,Neuland Laboratories Limited,Healthcare,Drug Manufacturers - Specialty & Generic,19956.0,True,363.98999999999995,True,True,43.55,51.44,True,1559.0,ADD
IRB,IRB Infrastructure Developers Limited,Industrials,Infrastructure Operations,20.09000015258789,False,954.1399999999999,False,False,-13.32,-14.82,False,7613.0,EXIT
DATAPATTNS,Data Patterns (India) Limited,Industrials,Aerospace & Defense,4446.60009765625,False,267.93,False,True,64.64,62.97,True,,HOLD
TIMKEN,Timken India Limited,Industrials,Tools & Accessories,3309.39990234375,False,507.39000000000004,True,True,7.81,6.26,True,3194.0,HOLD
FORCEMOT,Force Motors Limited,Consumer Cyclical,Auto Manufacturers,18538.0,False,1251.8600000000001,True,False,-4.68,-0.13,False,8072.0,EXIT
GODIGIT,GODIGIT,Financial Services,Insurance - Property & Casualty,280.3999938964844,False,514.23,False,False,-25.58,-25.39,False,,EXIT
CEMPRO,Cemindia Projects Limited,Industrials,Engineering & Construction,1298.199951171875,False,631.12,True,True,70.98,69.28,True,9097.0,HOLD
GRINDWELL,Grindwell Norton Limited,Industrials,Building Products & Equipment,2100.699951171875,False,423.87,True,True,36.4,34.79,True,2737.0,HOLD
BELRISE,BELRISE,Consumer Cyclical,Auto Parts,241.49000549316406,True,496.84999999999997,False,True,68.62,72.99,True,8291.0,HOLD
TATAELXSI,Tata Elxsi Limited,Technology,Software - Application,3749.800048828125,False,644.21,True,False,-42.06,-41.21,False,849.0,EXIT
DEEPAKNTR,Deepak Nitrite Limited,Basic Materials,Chemicals,1736.699951171875,False,550.44,False,True,-6.77,-8.95,False,8282.0,EXIT
ANANTRAJ,Anant Raj Limited,Real Estate,Real Estate - Development,628.2000122070312,False,554.85,True,True,25.64,8.16,True,2060.0,HOLD
CGCL,Capri Global Capital Limited,Financial Services,Credit Services,238.3000030517578,False,1066.5400000000002,True,True,23.53,23.49,True,,HOLD
ASAHIINDIA,Asahi India Glass Limited,Consumer Cyclical,Auto Parts,926.7000122070312,False,380.55999999999995,True,True,1.74,6.27,True,4594.0,HOLD
AFFLE,Affle 3i Limited,Communication Services,Advertising Agencies,1662.5999755859375,False,447.39,True,True,-0.76,-19.23,False,2266.0,HOLD
PFOCUS,Prime Focus Limited,Communication Services,Entertainment,299.70001220703125,False,218.75,False,True,102.45,82.61,True,4644.0,HOLD
KIOCL,KIOCL Limited,Basic Materials,Steel,391.95001220703125,False,126.47,False,True,-2.59,-4.78,False,3006.0,EXIT
PFIZER,Pfizer Limited,Healthcare,Drug Manufacturers - General,4908.0,False,735.15,True,True,-15.98,-7.7,False,678.0,HOLD
KPIL,Kalpataru Projects International Limited,Industrials,Engineering & Construction,1283.0,False,1025.41,True,True,10.89,9.34,True,22316.0,HOLD
EMMVEE,EMMVEE,Technology,Solar,324.6000061035156,False,1274.17,False,False,,,False,2336.0,EXIT
CESC,CESC Limited,Utilities,Utilities - Regulated Electric,163.52000427246094,False,1485.0,True,False,4.75,-4.57,False,9584.0,EXIT
AADHARHFC,AADHARHFC,Financial Services,Mortgage Finance,505.20001220703125,False,1095.88,False,True,-3.05,-2.96,False,,EXIT
RAMCOCEM,The Ramco Cements Limited,Basic Materials,Building Materials,922.1500244140625,False,648.7199999999999,False,False,-22.56,-24.69,False,9376.0,EXIT
IGL,Indraprastha Gas Limited,Utilities,Utilities - Regulated Gas,154.0800018310547,False,1549.6299999999999,False,False,-21.01,-29.63,False,14928.0,EXIT
SANSERA,Sansera Engineering Limited,Consumer Cyclical,Auto Parts,3742.800048828125,True,324.09000000000003,True,True,183.91,188.0,True,3017.0,ADD
FSL,Firstsource Solutions Limited,Technology,Information Technology Services,339.45001220703125,False,655.5799999999999,True,True,-9.47,-8.81,False,7980.0,HOLD
IFCI,IFCI Limited,Financial Services,Credit Services,75.63999938964844,False,211.35000000000002,False,True,28.44,28.38,True,,HOLD
SUNDRMFAST,Sundram Fasteners Limited,Consumer Cyclical,Auto Parts,1030.449951171875,False,564.75,True,True,-0.62,3.91,False,5955.0,HOLD
CUB,City Union Bank Limited,Financial Services,Banks - Regional,204.55999755859375,False,1074.29,False,True,21.46,21.44,True,,HOLD
EIHOTEL,EIH Limited,Consumer Cyclical,Lodging,328.0,False,628.28,False,False,-20.48,-15.9,False,2743.0,EXIT
GRANULES,Granules India Limited,Healthcare,Drug Manufacturers - Specialty & Generic,845.0999755859375,False,662.35,True,True,76.56,84.23,True,4512.0,HOLD
AETHER,Aether Industries Limited,Basic Materials,Specialty Chemicals,1589.4000244140625,True,235.20000000000002,True,True,105.43,102.94,True,839.0,ADD
SAGILITY,Sagility Limited,Healthcare,Health Information Services,43.869998931884766,False,890.76,True,False,-15.79,-7.5,False,5570.0,EXIT
CARBORUNIV,Carborundum Universal Limited,Industrials,Conglomerates,1081.699951171875,False,184.54000000000002,False,True,16.94,15.38,True,2828.0,HOLD
ASTRAZEN,AstraZeneca Pharma India Limited,Healthcare,Drug Manufacturers - Specialty & Generic,8108.5,False,187.51999999999998,False,False,-20.86,-12.55,False,,EXIT
SUNTV,Sun TV Network Limited,Communication Services,Broadcasting,493.3500061035156,False,1439.5100000000002,False,False,2.0,-16.5,False,4282.0,EXIT
HBLENGINE,HBLENGINE,Industrials,Electrical Equipment & Parts,736.5,False,814.89,True,False,18.04,16.47,True,2209.0,HOLD
ATUL,Atul Ltd,Basic Materials,Specialty Chemicals,6794.0,False,743.96,True,True,-0.19,-2.39,False,5075.0,HOLD
CAMS,Computer Age Management Services Limited,Technology,Information Technology Services,811.8499755859375,False,361.06000000000006,False,True,2.23,2.81,True,1334.0,HOLD
HATSUN,Hatsun Agro Product Limited,Consumer Defensive,Packaged Foods,910.5999755859375,False,380.34999999999997,True,False,4.29,-1.9,False,8700.0,EXIT
DEEPAKFERT,Deepak Fertilisers And Petrochemicals Corporation Limited,Basic Materials,Chemicals,1594.4000244140625,False,1014.09,True,True,1.06,-1.14,False,4243.0,HOLD
SHRIPISTON,SPR Auto Technologies Limited,Consumer Cyclical,Auto Parts,4440.7998046875,True,559.5,True,True,73.97,78.32,True,3550.0,ADD
GESHIP,The Great Eastern Shipping Company Limited,Industrials,Marine Shipping,1404.699951171875,False,2942.52,True,True,49.47,47.83,True,4835.0,HOLD
CAPLIPOINT,Caplin Point Laboratories Limited,Healthcare,Drug Manufacturers - Specialty & Generic,2541.800048828125,True,629.36,True,True,17.71,25.77,True,1937.0,ADD
TRITURBINE,Triveni Turbine Limited,Industrials,Specialty Industrial Machinery,623.4500122070312,False,349.7,True,True,14.46,12.89,True,2006.0,HOLD
BAYERCROP,Bayer CropScience Limited,Basic Materials,Agricultural Inputs,4302.89990234375,False,689.2,True,False,-33.5,-35.6,False,727.0,EXIT
BRIGADE,Brigade Enterprises Limited,Real Estate,Real Estate - Development,570.2999877929688,False,481.89,False,False,-10.5,-27.52,False,5074.0,EXIT
URBANCO,Urban Company Limited,Technology,Software - Application,142.5500030517578,False,192.2,False,True,,,False,1144.0,EXIT
KAJARIACER,Kajaria Ceramics Limited,Industrials,Building Products & Equipment,1185.9000244140625,False,394.96999999999997,False,True,-2.68,-4.2,False,4635.0,EXIT
ERIS,Eris Lifesciences Limited,Healthcare,Drug Manufacturers - Specialty & Generic,1375.0999755859375,False,643.9100000000001,False,False,-36.48,-28.06,False,2894.0,EXIT
CHENNPETRO,Chennai Petroleum Corporation Limited,Energy,Oil & Gas Refining & Marketing,1303.9000244140625,True,3494.89,True,True,95.48,99.96,True,76271.0,ADD
SAMMAANCAP,Sammaan Capital Limited,Financial Services,Mortgage Finance,161.52999877929688,False,9073.83,True,True,24.55,24.52,True,,HOLD
ONESOURCE,ONESOURCE,Healthcare,Biotechnology,1553.699951171875,False,128.78,True,False,-30.53,-22.15,False,1445.0,EXIT
JYOTICNC,Jyoti CNC Automation Limited,Industrials,Specialty Industrial Machinery,859.75,False,336.0,True,True,-18.74,-20.23,False,1818.0,HOLD
ZYDUSWELL,Zydus Wellness Limited,Consumer Defensive,Packaged Foods,530.4000244140625,False,501.70000000000005,True,True,36.04,29.63,True,2709.0,HOLD
CHOICEIN,Choice International Limited,Financial Services,Capital Markets,824.3499755859375,True,225.57000000000002,True,True,5.35,5.39,True,921.0,ADD
CASTROLIND,Castrol India Limited,Energy,Oil & Gas Refining & Marketing,191.5399932861328,False,964.3100000000001,False,True,-25.68,-17.84,False,,EXIT
SARDAEN,Sarda Energy & Minerals Limited,Basic Materials,Steel,499.70001220703125,False,1105.9,True,False,-9.45,-11.62,False,4643.0,EXIT
ELGIEQUIP,Elgi Equipments Limited,Industrials,Specialty Industrial Machinery,584.0999755859375,False,430.20000000000005,True,True,-0.46,-1.99,False,3510.0,HOLD
GMDCLTD,Gujarat Mineral Development Corporation Limited,Energy,Thermal Coal,579.9000244140625,False,956.67,False,False,30.6,36.88,True,3498.0,EXIT
JSWCEMENT,JSWCEMENT,Basic Materials,Building Materials,132.0399932861328,False,634.0699999999999,True,True,,,False,6002.0,HOLD
CHALET,Chalet Hotels Limited,Consumer Cyclical,Lodging,839.6500244140625,False,576.38,True,True,-12.61,-8.05,False,1718.0,HOLD
CENTURYPLY,Century Plyboards (India) Limited,Basic Materials,Lumber & Wood Production,768.5999755859375,False,262.71,False,True,0.62,-1.58,False,4528.0,EXIT
AARTIIND,Aarti Industries Limited,Basic Materials,Specialty Chemicals,485.95001220703125,False,468.0,False,True,24.84,22.57,True,7271.0,HOLD
ASTRAMICRO,Astra Microwave Products Limited,Technology,Communication Equipment,1809.4000244140625,True,192.96000000000004,True,True,86.51,86.57,True,1044.0,ADD
TDPOWERSYS,TD Power Systems Limited,Industrials,Specialty Industrial Machinery,1201.9000244140625,False,231.6,True,True,135.71,133.87,True,1279.0,HOLD
MTARTECH,MTAR Technologies Limited,Industrials,Specialty Industrial Machinery,6628.0,False,140.01,True,True,314.89,312.64,True,676.0,HOLD
CHAMBLFERT,Chambal Fertilisers and Chemicals Limited,Basic Materials,Agricultural Inputs,458.6499938964844,False,1828.24,True,True,-21.15,-23.29,False,27773.0,HOLD
PGEL,PG Electroplast Limited,Technology,Electronic Components,603.0,False,196.56,False,True,-28.64,-27.87,False,4870.0,EXIT
EMAMILTD,Emami Limited,Consumer Defensive,Household & Personal Products,402.3500061035156,False,775.27,False,False,-32.63,-38.58,False,3809.0,EXIT
ABDL,ABDL,Consumer Defensive,Beverages - Wineries & Distilleries,614.1500244140625,False,213.23000000000002,True,True,22.77,16.45,True,3520.0,HOLD
INOXINDIA,INOX India Limited,Industrials,Specialty Industrial Machinery,1937.5,False,262.57,False,True,70.59,68.9,True,1296.0,HOLD
POLYMED,Poly Medicure Limited,Healthcare,Medical Instruments & Supplies,1708.5,False,320.89000000000004,False,True,-26.4,-18.05,False,1669.0,EXIT
LMW,LMW Limited,Industrials,Specialty Industrial Machinery,16372.0,False,145.34,False,True,1.84,0.31,True,4719.0,HOLD
J&KBANK,Jammu and Kashmir Bank Limited,Financial Services,Banks - Regional,156.4600067138672,False,2293.38,False,True,49.46,49.31,True,,HOLD
TATACHEM,Tata Chemicals Limited,Basic Materials,Chemicals,666.1500244140625,False,2494.0,False,False,-32.92,-35.03,False,17204.0,EXIT
TRAVELFOOD,TRAVELFOOD,Consumer Cyclical,Restaurants,1348.0,True,452.1,False,True,20.09,24.58,True,1688.0,HOLD
OLAELEC,OLAELEC,Consumer Cyclical,Auto Manufacturers,41.439998626708984,False,2285.0,True,True,-7.26,-2.72,False,5010.0,HOLD
DIACABS,Diamond Power Infrastructure Limited,Industrials,Specialty Industrial Machinery,332.20001220703125,False,158.17000000000002,True,True,96.8,95.05,True,3153.0,HOLD
ECLERX,eClerx Services Limited,Technology,Information Technology Services,1917.800048828125,False,523.02,True,True,-8.31,-7.67,False,3366.0,HOLD
VTL,Vardhman Textiles Limited,Consumer Cyclical,Textile Manufacturing,598.0,False,868.05,False,True,34.49,38.93,True,10137.0,HOLD
MEDPLUS,MedPlus Health Services Limited,Healthcare,Pharmaceutical Retailers,690.2999877929688,False,197.32999999999998,False,False,-33.78,-25.38,False,6136.0,EXIT
CROMPTON,Crompton Greaves Consumer Electricals Limited,Consumer Cyclical,"Furnishings, Fixtures & Appliances",266.1000061035156,False,924.01,True,True,-26.38,-21.79,False,7028.0,HOLD
ARE&M,Amara Raja Energy & Mobility Limited,Industrials,Electrical Equipment & Parts,938.8499755859375,False,780.8499999999999,False,True,-3.92,-5.44,False,12846.0,EXIT
GRWRHITECH,Garware Hi-Tech Films Limited,Basic Materials,Specialty Chemicals,7409.5,True,338.22999999999996,True,True,120.39,117.85,True,2109.0,ADD
RATNAMANI,Ratnamani Metals & Tubes Limited,Basic Materials,Steel,2381.5,False,482.54,False,False,-5.15,-7.33,False,5186.0,EXIT
THELEELA,Leela Palaces Hotels & Resorts Limited,Consumer Cyclical,Lodging,502.25,True,445.92999999999995,True,True,9.21,13.72,True,1301.0,ADD
MINDACORP,Minda Corporation Limited,Consumer Cyclical,Auto Parts,723.0,True,327.65,True,True,41.02,45.46,True,5056.0,ADD
PSB,Punjab & Sind Bank,Financial Services,Banks - Regional,23.799999237060547,False,1358.92,False,False,-21.35,-21.18,False,,EXIT
NATCOPHARM,NATCO Pharma Limited,Healthcare,Drug Manufacturers - Specialty & Generic,917.5499877929688,False,1418.5,False,False,-13.91,-5.63,False,4430.0,EXIT
JINDALSAW,Jindal Saw Limited,Basic Materials,Steel,265.6000061035156,False,821.46,False,True,23.77,21.51,True,20958.0,HOLD
TBOTEK,TBOTEK,Consumer Cyclical,Travel Services,1667.5,False,260.12,False,True,12.08,16.58,True,1737.0,HOLD
KPITTECH,KPIT Technologies Limited,Technology,Software - Infrastructure,623.0,False,582.62,False,False,-53.56,-52.64,False,5842.0,EXIT
COHANCE,COHANCE,Healthcare,Drug Manufacturers - Specialty & Generic,429.45001220703125,False,179.17,False,False,-68.08,-59.45,False,1340.0,EXIT
THANGAMAYL,Thangamayil Jewellery Limited,Consumer Cyclical,Luxury Goods,4953.0,False,378.23999999999995,False,True,150.65,154.82,True,,HOLD
KFINTECH,KFin Technologies Limited,Technology,Software - Application,948.75,False,325.61,True,False,-20.17,-19.45,False,1056.0,EXIT
FIVESTAR,Five-Star Business Finance Limited,Financial Services,Credit Services,547.7000122070312,False,1084.02,False,True,-13.31,-13.18,False,,EXIT
NIVABUPA,Niva Bupa Health Insurance Company Limited,Financial Services,Insurance - Life,87.54000091552734,False,642.01,False,True,2.97,3.02,True,,HOLD
BIKAJI,Bikaji Foods International Limited,Consumer Defensive,Packaged Foods,650.2999877929688,False,258.27,False,False,-9.93,-16.03,False,2622.0,EXIT
PINELABS,PINELABS,Technology,Software - Infrastructure,147.82000732421875,False,126.11000000000001,True,False,,,False,2274.0,EXIT
DCMSHRIRAM,DCM Shriram Limited,Industrials,Conglomerates,1010.0,False,1388.1600000000003,True,False,-29.6,-31.06,False,12077.0,EXIT
KANSAINER,Kansai Nerolac Paints Limited,Basic Materials,Specialty Chemicals,210.3800048828125,False,563.0,False,False,-15.08,-17.24,False,7823.0,EXIT
GPIL,Godawari Power & Ispat Limited,Basic Materials,Steel,246.3300018310547,False,800.74,False,False,21.33,19.07,True,5745.0,EXIT
BASF,BASF India Limited,Basic Materials,Specialty Chemicals,4036.60009765625,False,420.1,False,True,-15.15,-17.3,False,15260.0,EXIT
ABREL,Aditya Birla Real Estate Limited,Real Estate,Real Estate Services,1421.199951171875,False,240.17,False,False,-12.71,-29.7,False,7645.0,EXIT
NAVA,Nava Limited,Industrials,Conglomerates,582.0,False,786.66,False,False,-7.82,-9.33,False,3984.0,EXIT
APLLTD,Alembic Pharmaceuticals Limited,Healthcare,Drug Manufacturers - Specialty & Generic,818.2000122070312,False,646.9399999999999,False,True,-26.02,-17.67,False,6672.0,EXIT
CLEANMAX,CLEANMAX,Utilities,Utilities - Renewable,1380.800048828125,False,77.43,False,False,,,False,2776.0,EXIT
HAPPYFORGE,HAPPYFORGE,Industrials,Metal Fabrication,1817.0,True,295.81,False,True,84.3,82.57,True,1409.0,HOLD
JBMA,JBM Auto Limited,Consumer Cyclical,Auto Parts,663.0499877929688,False,208.35000000000002,True,True,-2.83,1.71,False,5472.0,HOLD
SYNGENE,Syngene International Limited,Healthcare,Diagnostics & Research,406.95001220703125,False,258.6,False,False,-54.33,-45.79,False,3373.0,EXIT
CIEINDIA,CIE Automotive India Limited,Consumer Cyclical,Auto Parts,415.04998779296875,False,892.8199999999999,False,False,-6.73,-2.18,False,9406.0,EXIT
RAINBOW,Rainbow Children's Medicare Limited,Healthcare,Medical Care Facilities,1598.5999755859375,True,285.39,False,True,-5.95,2.27,False,1516.0,EXIT
CCL,CCL Products (India) Limited,Consumer Defensive,Packaged Foods,1138.9000244140625,False,404.11999999999995,True,True,27.09,20.74,True,3106.0,HOLD
PARADEEP,Paradeep Phosphates Limited,Basic Materials,Agricultural Inputs,146.7100067138672,False,1046.95,False,True,-37.31,-39.4,False,13820.0,EXIT
IGIL,International Gemological Institute Limited,Basic Materials,Other Precious Metals & Mining,363.8500061035156,False,615.86,True,True,-3.59,-5.77,False,1229.0,HOLD
AGARWALEYE,AGARWALEYE,Healthcare,Medical Instruments & Supplies,521.0499877929688,True,103.5,True,True,1.15,9.32,True,1711.0,ADD
FINCABLES,Finolex Cables Limited,Industrials,Electrical Equipment & Parts,1003.3499755859375,False,713.72,True,True,11.81,10.25,True,5319.0,HOLD
USHAMART,Usha Martin Limited,Basic Materials,Steel,520.25,True,498.26,True,True,40.15,37.84,True,3746.0,ADD
AEQUS,AEQUS,Industrials,Aerospace & Defense,239.9499969482422,False,170.22,True,False,,,False,965.0,EXIT
KSB,KSB Limited,Industrials,Specialty Industrial Machinery,791.9000244140625,False,258.70000000000005,False,False,-8.9,-10.41,False,2696.0,EXIT
MAHSCOOTER,Maharashtra Scooters Ltd.,Financial Services,Asset Management,13834.0,False,11.45,False,True,-10.26,-10.14,False,,EXIT
CONCORDBIO,Concord Biotech Limited,Healthcare,Biotechnology,1385.0,False,259.55,False,True,-31.1,-22.72,False,1200.0,EXIT
KIRLOSBROS,Kirloskar Brothers Limited,Industrials,Specialty Industrial Machinery,1984.9000244140625,False,439.6,True,True,3.79,2.25,True,4492.0,HOLD
GALLANTT,Gallantt Ispat Limited,Basic Materials,Steel,624.0499877929688,False,513.3399999999999,False,False,-22.06,-24.2,False,4293.0,EXIT
JUBLPHARMA,Jubilant Pharmova Limited,Healthcare,Drug Manufacturers - Specialty & Generic,924.7000122070312,False,431.80000000000007,False,False,-29.86,-21.48,False,9111.0,EXIT
AZAD,AZAD,Industrials,Specialty Industrial Machinery,2446.800048828125,True,125.47999999999999,False,True,54.45,52.8,True,457.0,HOLD
FINEORG,Fine Organic Industries Limited,Basic Materials,Specialty Chemicals,4940.39990234375,False,417.07000000000005,False,True,-7.49,-9.67,False,3023.0,EXIT
WELSPUNLIV,Welspun Living Limited,Consumer Cyclical,Textile Manufacturing,160.77999877929688,False,204.44,False,True,23.21,27.69,True,10545.0,HOLD
SOBHA,Sobha Limited,Real Estate,Real Estate - Development,1361.0,False,171.74,False,False,-1.55,-18.68,False,4039.0,EXIT
HONASA,Honasa Consumer Limited,Consumer Defensive,Household & Personal Products,459.6499938964844,False,199.94,False,True,78.25,71.56,True,2067.0,HOLD
ZENTEC,Zen Technologies Limited,Industrials,Aerospace & Defense,1674.699951171875,False,168.51000000000002,False,True,11.03,9.48,True,974.0,HOLD
VENTIVE,VENTIVE,Consumer Cyclical,Lodging,621.2999877929688,False,425.65,False,False,-27.95,-23.35,False,1605.0,EXIT
BEML,BEML Limited,Industrials,Conglomerates,1671.5999755859375,False,553.86,True,False,-18.95,-20.43,False,4337.0,EXIT
APOLLO,Apollo Micro Systems Limited,Industrials,Aerospace & Defense,399.04998779296875,False,95.81,True,True,120.79,118.98,True,562.0,HOLD
LTFOODS,LT Foods Limited,Consumer Defensive,Packaged Foods,417.1499938964844,False,644.97,True,True,-10.07,-16.17,False,8681.0,HOLD
ALIVUS,Alivus Life Sciences Limited,Healthcare,Drug Manufacturers - Specialty & Generic,1331.0,True,594.54,False,True,22.75,30.78,True,1885.0,HOLD
SHADOWFAX,SHADOWFAX,Industrials,Integrated Freight & Logistics,243.50999450683594,True,65.69,True,False,,,False,2485.0,EXIT
PRIVISCL,Privi Speciality Chemicals Limited,Basic Materials,Specialty Chemicals,3648.0,True,255.89999999999998,True,True,57.55,55.19,True,2101.0,ADD
SHAILY,Shaily Engineering Plastics Limited,Basic Materials,Specialty Chemicals,3176.199951171875,True,169.92,True,True,88.83,86.38,True,787.0,ADD
DEVYANI,Devyani International Limited,Consumer Cyclical,Restaurants,125.08999633789062,False,38.769999999999996,False,True,-31.15,-26.54,False,3349.0,EXIT
AMAGI,AMAGI,Technology,Software - Application,674.3499755859375,True,44.86,False,False,,,False,1163.0,EXIT
FRACTAL,FRACTAL,Technology,Software - Infrastructure,798.1500244140625,False,263.8,False,False,,,False,2765.0,EXIT
UJJIVANSFB,Ujjivan Small Finance Bank Limited,Financial Services,Banks - Regional,69.58999633789062,True,887.45,False,True,54.25,54.08,True,,HOLD
CANHLIFE,CANHLIFE,Financial Services,Insurance - Life,149.92999267578125,True,113.94,False,True,,,False,,EXIT
VOGL,Vedanta Oil and Gas Limited,Basic Materials,Other Industrial Metals & Mining,37.099998474121094,False,1048.0,False,False,,,False,,EXIT
CEATLTD,CEAT Limited,Consumer Cyclical,Auto Parts,3703.5,False,515.62,False,True,7.74,12.25,True,13172.0,HOLD
VIJAYA,Vijaya Diagnostic Centre Limited,Healthcare,Diagnostics & Research,1389.5999755859375,True,164.31,False,True,17.46,25.53,True,681.0,HOLD
ANURAS,Anupam Rasayan India Ltd,Basic Materials,Specialty Chemicals,1216.300048828125,False,155.84,False,False,4.44,2.23,True,1602.0,EXIT
VGUARD,V-Guard Industries Limited,Industrials,Electrical Equipment & Parts,310.25,False,373.28999999999996,True,False,-18.89,-20.37,False,5578.0,EXIT
DOMS,DOMS Industries Limited,Industrials,Business Equipment & Supplies,2250.5,False,230.19,False,False,-9.84,-11.34,False,1913.0,EXIT
INGERRAND,Ingersoll-Rand (India) Limited,Industrials,Specialty Industrial Machinery,4304.7001953125,False,256.03,False,True,11.57,10.01,True,,HOLD
PRUDENT,Prudent Corporate Advisory Services Limited,Financial Services,Asset Management,3335.60009765625,False,243.28,False,True,27.89,27.84,True,1133.0,HOLD
SCI,The Shipping Corporation of India Limited,Industrials,Marine Shipping,300.70001220703125,False,1352.9,True,True,40.66,39.03,True,5794.0,HOLD
SKFINDUS,SKFINDUS,Industrials,Tools & Accessories,2728.89990234375,False,290.37,False,False,,,False,,EXIT
VINATIORGA,Vinati Organics Limited,Basic Materials,Specialty Chemicals,1327.699951171875,False,437.74,True,False,-26.04,-28.16,False,2248.0,EXIT
EIDPARRY,E.I.D.- Parry (India) Limited,Basic Materials,Agricultural Inputs,823.1500244140625,False,1236.14,True,False,-33.15,-35.26,False,3168.0,EXIT
INOXWIND,Inox Wind Limited,Industrials,Specialty Industrial Machinery,78.86000061035156,False,406.25,False,False,-50.6,-52.02,False,4445.0,EXIT
TMB,Tamilnad Mercantile Bank Limited,Financial Services,Banks - Regional,854.6500244140625,True,1431.5499999999997,False,True,94.65,94.3,True,,HOLD
VEDPOWER,Vedanta Power Limited,Utilities,Utilities - Independent Power Producers,35.470001220703125,False,511.0,False,False,,,False,,EXIT
ARVIND,Arvind Limited,Consumer Cyclical,Textile Manufacturing,545.0999755859375,False,413.94000000000005,True,True,65.28,69.65,True,7723.0,HOLD
BBOX,Black Box Limited,Technology,Software - Application,748.75,False,217.52,True,True,40.4,40.74,True,6288.0,HOLD
SPLPETRO,Supreme Petrochem Limited,Basic Materials,Specialty Chemicals,706.0,False,518.26,True,True,-15.78,-17.93,False,1613.0,HOLD
JSWDULUX,JSW Dulux Limited,Unknown,Unknown,3022.10009765625,False,399.4,False,False,-7.33,-22.24,False,,EXIT
CARTRADE,CarTrade Tech Limited,Consumer Cyclical,Auto & Truck Dealerships,2842.199951171875,False,214.57999999999998,False,True,17.18,21.67,True,641.0,HOLD
APTUS,Aptus Value Housing Finance India Limited,Financial Services,Mortgage Finance,264.29998779296875,False,923.42,False,False,-27.2,-27.01,False,,EXIT
SWANDEF,SWANDEF,Industrials,Aerospace & Defense,2551.5,False,226.29000000000002,False,True,654.57,651.55,True,2534.0,HOLD
NAZARA,Nazara Technologies Limited,Communication Services,Electronic Gaming & Multimedia,348.79998779296875,True,154.54000000000002,False,True,16.43,-2.27,False,1624.0,EXIT
GRAPHITE,Graphite India Limited,Industrials,Electrical Equipment & Parts,709.1500244140625,False,383.0,False,True,30.75,29.15,True,6737.0,HOLD
ACE,Action Construction Equipment Limited,Industrials,Farm & Heavy Construction Machinery,1137.800048828125,False,444.53,True,True,1.46,-0.07,False,3327.0,HOLD
HEG,HEG Limited,Industrials,Electrical Equipment & Parts,686.2000122070312,False,586.4100000000001,False,True,27.6,26.01,True,6591.0,HOLD
PARKHOSPS,PARKHOSPS,Healthcare,Medical Care Facilities,284.8500061035156,True,212.07000000000002,True,False,,,False,109.93,EXIT
LLOYDSENGG,Lloyds Engineering Works Limited,Industrials,Specialty Industrial Machinery,93.27999877929688,True,189.88,True,True,30.86,29.26,True,846.0,ADD
VISL,VISL,Basic Materials,Steel,36.529998779296875,False,264.0,False,False,,,False,,EXIT
NSLNISP,NMDC Steel Limited,Basic Materials,Steel,44.77000045776367,False,776.2199999999999,False,True,20.97,18.72,True,,HOLD
TRIDENT,Trident Limited,Consumer Cyclical,Textile Manufacturing,24.90999984741211,False,395.24,False,False,-21.17,-16.58,False,6998.0,EXIT
JPPOWER,Jaiprakash Power Ventures Limited,Utilities,Utilities - Independent Power Producers,18.31999969482422,False,764.1099999999999,False,True,0.15,-9.04,False,6763.0,EXIT
PCBL,PCBL Chemical Limited,Basic Materials,Specialty Chemicals,329.45001220703125,False,291.3,False,True,-19.19,-21.33,False,8404.0,EXIT
ENGINERSIN,Engineers India Limited,Industrials,Engineering & Construction,240.27000427246094,False,691.59,True,True,11.78,10.22,True,3330.0,HOLD
JSWHL,JSW Holdings Limited,Financial Services,Asset Management,12327.0,False,79.47,False,False,-39.61,-39.36,False,407.0,EXIT
KEC,KEC International Limited,Industrials,Engineering & Construction,475.54998779296875,False,605.6,True,False,-46.2,-47.63,False,21847.0,EXIT
BLUESTONE,BLUESTONE,Consumer Cyclical,Luxury Goods,856.0,True,144.12,True,True,,,False,1770.0,HOLD
HOMEFIRST,Home First Finance Company India Limited,Financial Services,Mortgage Finance,1186.9000244140625,False,568.38,False,True,-11.51,-11.38,False,,EXIT
BALRAMCHIN,Balrampur Chini Mills Limited,Consumer Defensive,Confectioners,635.5499877929688,False,378.46,False,True,13.83,7.58,True,5594.0,HOLD
INDGN,INDGN,Healthcare,Health Information Services,540.2999877929688,False,415.20000000000005,False,True,-17.36,-9.06,False,2839.0,EXIT
WABAG,VA Tech Wabag Limited,Industrials,Engineering & Construction,2002.800048828125,False,370.6,True,True,27.42,25.83,True,3457.0,HOLD
INDIACEM,The India Cements Limited,Basic Materials,Building Materials,392.79998779296875,False,221.93,False,False,3.33,1.13,True,5628.0,EXIT
NUVOCO,Nuvoco Vistas Corporation Limited,Basic Materials,Building Materials,346.1000061035156,False,323.02,False,True,-22.69,-24.82,False,10733.0,EXIT
AVANTIFEED,Avanti Feeds Limited,Consumer Defensive,Packaged Foods,899.0999755859375,False,604.55,True,False,37.19,30.78,True,5612.0,HOLD
BLUEDART,Blue Dart Express Limited,Industrials,Integrated Freight & Logistics,5293.5,False,221.16,False,False,-11.24,-12.75,False,5720.0,EXIT
SOUTHBANK,The South Indian Bank Limited,Financial Services,Banks - Regional,46.91999816894531,True,1481.71,True,True,58.71,58.52,True,,ADD
LLOYDSENT,Lloyds Enterprises Limited,Basic Materials,Steel,81.44000244140625,False,299.15999999999997,True,True,2.61,0.4,True,1488.0,HOLD
AVALON,Avalon Technologies Limited,Technology,Electronic Components,1823.199951171875,True,112.94,False,True,109.08,109.0,True,1098.0,HOLD
METROPOLIS,Metropolis Healthcare Limited,Healthcare,Diagnostics & Research,576.75,False,137.35,False,True,1.43,9.6,True,1331.0,HOLD
JAINREC,JAINREC,Basic Materials,Other Industrial Metals & Mining,322.54998779296875,False,303.45,False,False,,,False,7126.0,EXIT
SHILPAMED,Shilpa Medicare Limited,Healthcare,Drug Manufacturers - Specialty & Generic,721.75,True,243.32999999999998,True,True,55.56,63.37,True,1281.0,ADD
RKFORGE,Ramkrishna Forgings Limited,Industrials,Metal Fabrication,706.4500122070312,False,125.88,False,True,20.41,18.84,True,4034.0,HOLD
SEDEMAC,SEDEMAC,Consumer Cyclical,Auto Parts,2846.39990234375,True,91.07000000000001,False,False,,,False,,EXIT
IRCON,Ircon International Limited,Industrials,Engineering & Construction,131.36000061035156,False,595.47,False,False,-27.63,-29.09,False,12514.0,EXIT
ATLANTAELE,ATLANTAELE,Industrials,Electrical Equipment & Parts,1634.5,False,217.47,False,True,,,False,1244.0,EXIT
GRAVITA,Gravita India Limited,Industrials,Metal Fabrication,1688.800048828125,False,389.2,True,True,-7.59,-9.1,False,3869.0,HOLD
IEX,Indian Energy Exchange Limited,Financial Services,Capital Markets,129.58999633789062,False,504.34,True,False,-7.14,-7.03,False,535.0,EXIT
MARKSANS,Marksans Pharma Limited,Healthcare,Drug Manufacturers - General,270.6499938964844,False,417.9,True,True,7.66,15.79,True,2623.0,HOLD
JMFINANCIL,JM Financial Limited,Financial Services,Capital Markets,126.12000274658203,False,1141.5,True,False,-22.46,-22.28,False,4786.0,EXIT
UTLSOLAR,UTLSOLAR,Technology,Solar,390.8500061035156,True,292.41,False,False,,,False,1541.0,EXIT
UTIAMC,UTI Asset Management Company Limited,Financial Services,Asset Management,901.6500244140625,False,718.39,False,False,-35.05,-34.82,False,1851.0,EXIT
JUBLINGREA,Jubilant Ingrevia Limited,Basic Materials,Specialty Chemicals,746.0999755859375,False,314.26,False,True,-0.08,-2.28,False,4949.0,EXIT
SIGNATURE,Signatureglobal (India) Limited,Real Estate,Real Estate - Development,813.7000122070312,False,1279.03,True,False,-15.97,-32.92,False,2498.0,EXIT
JKTYRE,JK Tyre & Industries Limited,Consumer Cyclical,Auto Parts,415.20001220703125,False,649.87,True,False,18.47,22.96,True,10313.0,HOLD
ZENSARTECH,Zensar Technologies Limited,Technology,Information Technology Services,500.3500061035156,False,776.2,True,False,-42.55,-41.7,False,5281.0,EXIT
ABLBL,ABLBL,Consumer Cyclical,Apparel Retail,94.5999984741211,False,185.96,False,False,-39.11,-34.48,False,7830.0,EXIT
TI,Tilaknagar Industries Ltd.,Consumer Defensive,Beverages - Wineries & Distilleries,500.95001220703125,False,204.59,False,True,0.58,-5.59,False,1434.0,EXIT
TECHNOE,Techno Electric & Engineering Company Limited,Industrials,Engineering & Construction,1004.5999755859375,False,473.86,True,False,-32.21,-33.67,False,2269.0,EXIT
TEGA,Tega Industries Limited,Industrials,Specialty Industrial Machinery,1580.5999755859375,False,142.66,False,False,-17.71,-19.2,False,1639.0,EXIT
TITAGARH,Titagarh Rail Systems Limited,Industrials,Railroads,852.9500122070312,False,169.75,False,True,-3.14,-4.66,False,3868.0,EXIT
PVRINOX,PVR INOX Limited,Communication Services,Entertainment,1161.9000244140625,False,392.9,True,True,26.86,8.02,True,6107.0,HOLD
JWL,Jupiter Wagons Limited,Industrials,Railroads,258.8500061035156,False,171.07999999999998,False,False,-27.32,-28.79,False,3871.0,EXIT
MGL,Mahanagar Gas Limited,Utilities,Utilities - Regulated Gas,1115.0999755859375,False,842.77,False,False,-9.38,-18.31,False,7264.0,EXIT
ZEEL,Zee Entertainment Enterprises Limited,Communication Services,Broadcasting,94.55000305175781,False,589.8000000000001,False,True,-4.69,-23.1,False,8637.0,EXIT
VIYASH,Viyash Scientific Limited,Healthcare,Drug Manufacturers - Specialty & Generic,273.79998779296875,False,119.6,False,True,41.02,48.93,True,1551.0,HOLD
SIGMAADV,Sigma Advanced Systems Limited,Industrials,Aerospace & Defense,704.5,True,266.27,True,True,482.78,480.15,True,103.0,ADD
PGHL,Procter & Gamble Health Limited,Healthcare,Drug Manufacturers - Specialty & Generic,6464.5,False,326.91,False,True,-7.62,0.61,False,,EXIT
EDELWEISS,Edelweiss Financial Services Limited,Financial Services,Financial Conglomerates,117.77999877929688,False,546.63,False,True,14.13,14.14,True,11078.0,HOLD
CANFINHOME,Can Fin Homes Limited,Financial Services,Mortgage Finance,811.5,False,1102.1399999999999,False,False,3.04,3.1,True,,EXIT
RATEGAIN,RateGain Travel Technologies Limited,Technology,Software - Application,978.4000244140625,True,194.38,False,True,118.44,118.3,True,1077.0,HOLD
OLECTRA,Olectra Greentech Limited,Industrials,Farm & Heavy Construction Machinery,1399.4000244140625,False,177.5,True,True,-5.86,-7.38,False,1802.0,HOLD
JLHL,Jupiter Life Line Hospitals Limited,Healthcare,Medical Care Facilities,323.95001220703125,True,194.48999999999998,False,True,2.55,10.72,True,1262.0,HOLD
BLUEJET,Blue Jet Healthcare Limited,Healthcare,Biotechnology,591.2000122070312,False,305.78,False,True,-37.85,-29.42,False,538.0,EXIT
AAVAS,Aavas Financiers Limited,Financial Services,Mortgage Finance,1375.699951171875,False,686.9200000000001,True,False,-23.84,-23.66,False,,EXIT
KTKBANK,The Karnataka Bank Limited,Financial Services,Banks - Regional,299.6499938964844,True,1437.3700000000001,True,True,63.8,63.59,True,,ADD
GODREJAGRO,Godrej Agrovet Limited,Consumer Defensive,Packaged Foods,566.4500122070312,False,450.97,False,False,-28.25,-34.23,False,9561.0,EXIT
LUMAXTECH,Lumax Auto Technologies Limited,Consumer Cyclical,Auto Parts,1697.9000244140625,False,278.86,True,True,33.33,37.78,True,3637.0,HOLD
SANOFICONR,SANOFICONR,Healthcare,Drug Manufacturers - General,4551.39990234375,False,266.0,False,True,-26.46,-18.1,False,,EXIT
IIFLCAPS,IIFL Capital Services Limited,Financial Services,Capital Markets,335.3500061035156,False,570.11,False,True,1.25,1.31,True,2520.0,HOLD
E2E,E2E Networks Limited,Technology,Software - Infrastructure,598.6500244140625,True,69.48,False,True,176.51,176.01,True,,HOLD
SHREEJISPG,SHREEJISPG,Industrials,Marine Shipping,661.75,True,164.72,True,True,,,False,731.0,HOLD
BBTC,The Bombay Burmah Trading Corporation Limited,Consumer Defensive,Packaged Foods,1501.5,False,1242.67,True,False,-17.4,-23.45,False,18298.0,EXIT
ASKAUTOLTD,ASKAUTOLTD,Consumer Cyclical,Auto Parts,637.5499877929688,True,275.14,False,True,26.68,31.15,True,3601.0,HOLD
VARROC,Varroc Engineering Limited,Consumer Cyclical,Auto Parts,717.5999755859375,False,245.63,False,True,24.17,28.64,True,12036.0,HOLD
SANDUMA,The Sandur Manganese & Iron Ores Limited,Basic Materials,Steel,214.14999389648438,False,657.11,False,True,35.17,32.87,True,3135.0,HOLD
WEWORK,WEWORK,Real Estate,Real Estate Services,747.7000122070312,True,86.56,False,True,,,False,1949.0,EXIT
FIRSTCRY,FIRSTCRY,Consumer Cyclical,Internet Retail,215.30999755859375,False,140.22,True,False,-49.07,-44.42,False,7660.0,EXIT
TIMETECHNO,Time Technoplast Limited,Consumer Cyclical,Packaging & Containers,207.25999450683594,False,468.72,True,True,-19.38,-14.8,False,5457.0,HOLD
RITES,RITES Limited,Industrials,Engineering & Construction,227.35000610351562,False,410.27,False,True,-14.44,-15.94,False,2662.0,EXIT
WHIRLPOOL,Whirlpool of India Limited,Consumer Cyclical,"Furnishings, Fixtures & Appliances",808.2999877929688,False,371.62,False,False,-47.39,-42.75,False,7919.0,EXIT
MANORAMA,Manorama Industries Limited,Consumer Defensive,Packaged Foods,1607.9000244140625,True,201.73,True,True,15.25,8.98,True,771.0,ADD
PARAS,Paras Defence and Space Technologies Limited,Industrials,Aerospace & Defense,1295.300048828125,False,88.10000000000001,False,True,96.44,94.69,True,365.0,HOLD
AKUMS,AKUMS,Healthcare,Drug Manufacturers - Specialty & Generic,666.0999755859375,False,255.19,False,True,20.44,28.49,True,4178.0,HOLD
MANYAVAR,Vedant Fashions Limited,Consumer Cyclical,Apparel Manufacturing,504.3500061035156,False,400.07,True,True,-41.47,-36.84,False,1368.0,HOLD
RELAXO,Relaxo Footwears Limited,Consumer Cyclical,Footwear & Accessories,416.1499938964844,False,179.27,False,True,-13.13,-8.56,False,,EXIT
FINPIPE,Finolex Industries Limited,Industrials,Building Products & Equipment,167.14999389648438,False,599.05,False,False,-17.75,-19.24,False,4647.0,EXIT
VOLTAMP,Voltamp Transformers Limited,Industrials,Electrical Equipment & Parts,10050.0,False,305.38,False,True,15.98,14.41,True,,HOLD
SAREGAMA,Saregama India Limited,Communication Services,Entertainment,557.25,False,223.44,True,True,30.68,11.79,True,1171.0,HOLD
INTELLECT,Intellect Design Arena Limited,Technology,Software - Application,746.2000122070312,False,378.49,True,False,-28.17,-27.4,False,2506.0,EXIT
HCG,HealthCare Global Enterprises Limited,Healthcare,Medical Care Facilities,669.5,False,32.62,False,True,-3.59,4.61,False,2218.0,EXIT
SBFC,SBFC Finance Limited,Financial Services,Credit Services,93.58999633789062,False,471.82,True,False,-14.2,-14.07,False,,EXIT
TSFINV,TSF Investments Limited,Financial Services,Asset Management,454.1000061035156,False,521.78,False,True,-7.78,-7.67,False,291.0,EXIT
AFCONS,AFCONS,Industrials,Engineering & Construction,280.8999938964844,False,428.29999999999995,False,False,-33.73,-35.19,False,13268.0,EXIT
SKYGOLD,Sky Gold and Diamonds Limited,Consumer Cyclical,Luxury Goods,678.5999755859375,True,275.4,True,True,153.94,158.1,True,3548.0,ADD
SUDEEPPHRM,SUDEEPPHRM,Healthcare,Drug Manufacturers - Specialty & Generic,958.9500122070312,True,151.13,False,False,,,False,502.0,EXIT
BLACKBUCK,BlackBuck Limited,Technology,Software - Application,556.2000122070312,False,168.82,True,False,9.98,10.51,True,867.0,HOLD
BLS,BLS International Services Limited,Industrials,Specialty Business Services,255.6300048828125,False,686.7,True,False,-38.69,-40.13,False,2193.0,EXIT
LOTUSDEV,LOTUSDEV,Industrials,Engineering & Construction,193.02999877929688,False,297.24,True,True,,,False,548.0,HOLD
RPOWER,Reliance Power Limited,Utilities,Utilities - Independent Power Producers,24.170000076293945,False,651.11,False,False,-42.6,-50.64,False,10396.0,EXIT
SWANCORP,Swan Corp Limited,Industrials,Conglomerates,310.6000061035156,False,301.5,False,False,-30.51,-31.97,False,5017.0,EXIT
KIRLPNU,Kirloskar Pneumatic Company Limited,Industrials,Specialty Industrial Machinery,1458.0,False,245.9,True,True,5.06,3.52,True,1640.0,HOLD
PGIL,Pearl Global Industries Limited,Consumer Cyclical,Apparel Manufacturing,2104.5,True,277.65999999999997,True,True,45.13,49.55,True,4699.0,ADD
WAAREERTL,Waaree Renewable Technologies Limited,Industrials,Engineering & Construction,906.0499877929688,False,478.3,True,False,-14.42,-15.92,False,1598.0,EXIT
STAR,Strides Pharma Science Limited,Healthcare,Drug Manufacturers - Specialty & Generic,970.4000244140625,False,510.85,False,False,5.83,13.97,True,4565.0,EXIT
ELECON,Elecon Engineering Company Limited,Industrials,Specialty Industrial Machinery,435.29998779296875,False,323.78,False,False,-26.63,-28.1,False,2227.0,EXIT
MMTC,MMTC Limited,Industrials,Conglomerates,63.779998779296875,False,387.38,False,True,-5.53,-7.05,False,30000.0,EXIT
THYROCARE,Thyrocare Technologies Limited,Healthcare,Diagnostics & Research,600.0,True,128.32,False,True,24.15,32.17,True,687.0,HOLD
ALKYLAMINE,Alkyl Amines Chemicals Limited,Basic Materials,Specialty Chemicals,1939.800048828125,False,183.09,False,True,-14.34,-16.49,False,993.0,EXIT
RAILTEL,RailTel Corporation of India Limited,Communication Services,Telecom Services,289.6000061035156,False,336.03,True,False,-6.71,-25.1,False,1964.0,EXIT
TEJASNET,Tejas Networks Limited,Technology,Communication Equipment,527.5999755859375,False,804.0000000000001,True,True,-13.59,-12.91,False,8923.0,HOLD
BANCOINDIA,Banco Products (India) Limited,Consumer Cyclical,Auto Parts,686.0,False,481.67999999999995,True,True,4.69,9.21,True,1105.0,HOLD
PNGJL,PNGJL,Consumer Cyclical,Luxury Goods,658.75,False,445.82,True,True,7.98,12.49,True,7586.0,HOLD
PCJEWELLER,PC Jeweller Limited,Consumer Cyclical,Luxury Goods,9.800000190734863,False,714.46,False,True,-40.4,-35.77,False,9610.0,EXIT
VESUVIUS,Vesuvius India Limited,Industrials,Specialty Industrial Machinery,450.20001220703125,False,260.62,False,False,-17.18,-18.67,False,,EXIT
BATAINDIA,Bata India Limited,Consumer Cyclical,Footwear & Accessories,730.0499877929688,False,166.23,False,False,-47.24,-42.6,False,3489.0,EXIT
SONATSOFTW,Sonata Software Limited,Technology,Information Technology Services,337.5,False,464.39,True,True,-9.8,-9.15,False,991.0,HOLD
TARIL,TARIL,Industrials,Electrical Equipment & Parts,294.70001220703125,False,258.56,True,False,-48.5,-49.92,False,2017.0,EXIT
NCC,NCC Limited,Industrials,Engineering & Construction,143.57000732421875,False,774.4300000000001,False,False,-34.62,-36.07,False,22199.0,EXIT
CYIENT,Cyient Limited,Industrials,Conglomerates,864.5499877929688,False,404.5,False,False,-31.08,-32.54,False,7360.0,EXIT
SGMART,SG Mart Limited,Industrials,Industrial Distribution,709.5,True,130.1,True,True,,,False,5856.0,HOLD
TTKPRESTIG,TTK Prestige Limited,Consumer Cyclical,"Furnishings, Fixtures & Appliances",628.25,False,155.68,False,True,-8.72,-4.17,False,2626.0,EXIT
QPOWER,QPOWER,Industrials,Electrical Equipment & Parts,1126.199951171875,False,121.33,False,True,52.5,50.85,True,337.0,HOLD
IXIGO,IXIGO,Consumer Cyclical,Travel Services,204.75999450683594,False,92.02,False,False,-23.8,-19.21,False,914.0,EXIT
EUREKAFORB,Eureka Forbes Limited,Consumer Cyclical,"Furnishings, Fixtures & Appliances",472.8999938964844,False,162.63,True,False,-26.39,-21.8,False,2437.0,EXIT
SUVEN,Suven Life Sciences Limited,Healthcare,Drug Manufacturers - Specialty & Generic,326.54998779296875,False,276.35,True,True,9.6,17.71,True,625.0,HOLD
ESABINDIA,ESAB India Limited,Industrials,Tools & Accessories,5654.0,False,206.69,True,False,5.56,4.02,True,339.0,HOLD
LEMONTREE,Lemon Tree Hotels Limited,Consumer Cyclical,Lodging,112.68000030517578,False,227.08999999999997,True,False,-30.27,-25.66,False,1286.0,EXIT
GENUSPOWER,Genus Power Infrastructures Limited,Industrials,Electrical Equipment & Parts,309.54998779296875,False,572.63,True,True,-22.52,-24.0,False,2442.0,HOLD
RELIGARE,Religare Enterprises Limited,Financial Services,Insurance - Life,257.20001220703125,False,176.62,False,True,-2.9,-2.81,False,7385.0,EXIT
EQUITASBNK,Equitas Small Finance Bank Limited,Financial Services,Banks - Regional,75.76000213623047,False,710.08,False,True,26.65,26.6,True,,HOLD
SFL,Sheela Foam Limited,Consumer Cyclical,"Furnishings, Fixtures & Appliances",771.6500244140625,False,163.92000000000002,False,True,2.85,7.38,True,3439.0,HOLD
GRINFRA,G R Infraprojects Limited,Industrials,Engineering & Construction,897.5,False,902.8399999999999,False,False,-30.87,-32.33,False,9482.0,EXIT
TIPSMUSIC,Tips Music Limited,Communication Services,Entertainment,672.5,False,207.26000000000002,False,True,28.25,9.39,True,,HOLD
EMBDL,Embassy Developments Limited,Real Estate,Real Estate - Diversified,61.11000061035156,False,852.3,True,False,-27.92,-44.71,False,2111.0,EXIT
PRICOLLTD,Pricol Limited,Consumer Cyclical,Auto Parts,766.7000122070312,True,253.82999999999998,True,True,65.85,70.22,True,2692.0,ADD
BSOFT,Birlasoft Limited,Technology,Information Technology Services,323.6499938964844,False,563.25,False,False,-22.54,-21.81,False,5375.0,EXIT
MAHLIFE,Mahindra Lifespace Developers Limited,Real Estate,Real Estate - Development,382.8500061035156,False,335.76,True,True,20.79,3.37,True,1086.0,HOLD
JAYNECOIND,Jayaswal Neco Industries Limited,Basic Materials,Steel,91.7699966430664,False,551.9,False,True,65.95,63.57,True,6297.0,HOLD
AVL,Aditya Vision Limited,Consumer Cyclical,Specialty Retail,626.2000122070312,False,116.91999999999999,False,True,42.33,46.76,True,2260.0,HOLD
SMLMAH,SMLMAH,Consumer Cyclical,Auto Manufacturers,5917.5,True,201.07,False,True,56.82,61.21,True,,HOLD
STARCEMENT,Star Cement Limited,Basic Materials,Building Materials,204.5500030517578,False,444.64,False,False,-24.27,-26.4,False,3163.0,EXIT
POWERMECH,Power Mech Projects Limited,Industrials,Engineering & Construction,2573.10009765625,False,363.89,True,True,-19.99,-21.47,False,5234.0,HOLD
SUDARSCHEM,Sudarshan Chemical Industries Limited,Basic Materials,Specialty Chemicals,1084.5,False,252.89999999999998,False,True,-27.2,-29.32,False,3346.0,EXIT
KRBL,KRBL Limited,Consumer Defensive,Packaged Foods,374.8999938964844,False,648.0400000000001,True,True,1.26,-4.92,False,5594.0,HOLD
WELENT,Welspun Enterprises Limited,Industrials,Engineering & Construction,584.0999755859375,False,349.88,False,True,20.1,18.52,True,3584.0,HOLD
RHIM,RHI Magnesita India Limited,Industrials,Metal Fabrication,409.0,False,653.2900000000001,True,False,-25.0,-26.47,False,2892.0,EXIT
V2RETAIL,V2 Retail Limited,Consumer Cyclical,Apparel Retail,217.57000732421875,False,161.47,True,True,18.66,23.15,True,1884.0,HOLD
ICIL,Indo Count Industries Limited,Consumer Cyclical,Textile Manufacturing,418.6499938964844,False,125.44999999999999,False,True,52.94,57.34,True,3772.0,HOLD
INDIASHLTR,India Shelter Finance Corporation Limited,Financial Services,Mortgage Finance,732.75,False,383.58,True,False,-24.94,-24.76,False,,EXIT
CERA,Cera Sanitaryware Limited,Industrials,Building Products & Equipment,6294.5,False,204.22,False,True,-4.32,-5.84,False,1926.0,EXIT
GAEL,Gujarat Ambuja Exports Limited,Consumer Defensive,Packaged Foods,174.8300018310547,False,304.28000000000003,False,True,68.26,61.64,True,4927.0,HOLD
YATHARTH,Yatharth Hospital & Trauma Care Services Limited,Healthcare,Medical Care Facilities,858.3499755859375,True,176.15,True,True,13.12,21.21,True,860.0,ADD
BORORENEW,Borosil Renewables Limited,Technology,Solar,559.4500122070312,False,382.49,True,True,-12.97,-12.3,False,1476.0,HOLD
WESTLIFE,Westlife Foodworld Limited,Consumer Cyclical,Restaurants,587.0,False,5.22,False,True,-26.14,-21.55,False,2491.0,EXIT
KIRLFER,Kirloskar Ferrous Industries Limited,Industrials,Metal Fabrication,461.25,False,271.53999999999996,False,False,,,False,,EXIT
NEWGEN,Newgen Software Technologies Limited,Technology,Software - Infrastructure,556.5499877929688,False,281.65999999999997,False,False,-45.89,-45.01,False,1487.0,EXIT
IMFA,Indian Metals and Ferro Alloys Limited,Basic Materials,Other Industrial Metals & Mining,1489.9000244140625,False,374.12,False,True,106.18,103.69,True,2780.0,HOLD
TTML,Tata Teleservices (Maharashtra) Limited,Communication Services,Telecom Services,39.849998474121094,False,1128.49,True,False,-16.92,-35.18,False,2972.0,EXIT
CLEAN,Clean Science and Technology Limited,Basic Materials,Specialty Chemicals,768.9500122070312,False,248.3,False,False,-38.8,-40.89,False,936.0,EXIT
TANLA,Tanla Platforms Limited,Technology,Software - Application,614.0,False,526.27,True,True,-13.43,-12.75,False,4028.0,HOLD
GMRP&UI,GMR Power And Urban Infra Limited,Energy,Thermal Coal,95.66999816894531,False,1176.4399999999998,False,False,-24.15,-16.35,False,6344.0,EXIT
INDIAGLYCO,India Glycols Limited,Basic Materials,Chemicals,1155.300048828125,True,292.76,False,True,25.77,23.51,True,3768.0,HOLD
KRN,KRN,Technology,Electronic Components,1213.699951171875,False,73.31,True,True,36.86,37.22,True,430.0,HOLD
SJS,S.J.S. Enterprises Limited,Consumer Cyclical,Auto Parts,2510.300048828125,True,161.07,False,True,107.37,111.64,True,398.0,HOLD
SANOFI,Sanofi India Limited,Healthcare,Drug Manufacturers - General,3328.39990234375,False,353.3,False,False,-51.14,-42.62,False,2013.0,EXIT
SAFARI,Safari Industries (India) Limited,Consumer Cyclical,Footwear & Accessories,1500.0,False,167.79,False,False,-36.94,-32.32,False,1772.0,EXIT
ORKLAINDIA,ORKLAINDIA,Consumer Defensive,Packaged Foods,571.0499877929688,False,231.16,False,False,,,False,2395.0,EXIT
CELLO,Cello World Limited,Consumer Cyclical,"Furnishings, Fixtures & Appliances",398.95001220703125,False,312.44,False,False,-40.01,-35.38,False,2136.0,EXIT
MAHSEAMLES,Maharashtra Seamless Limited,Basic Materials,Steel,582.5999755859375,False,818.05,False,True,-16.97,-19.12,False,5716.0,EXIT
NESCO,Nesco Limited,Industrials,Conglomerates,1049.4000244140625,False,416.55999999999995,True,False,-25.3,-26.77,False,732.0,EXIT
RAIN,Rain Industries Limited,Basic Materials,Specialty Chemicals,242.67999267578125,False,333.34999999999997,False,True,54.65,52.3,True,21011.0,HOLD
GNFC,Gujarat Narmada Valley Fertilizers & Chemicals Limited,Basic Materials,Chemicals,538.2999877929688,False,808.0,False,True,-3.29,-5.48,False,10227.0,EXIT
ELANTAS,ELANTAS Beck India Limited,Basic Materials,Specialty Chemicals,11847.5,True,109.73999999999998,False,False,,,False,,EXIT
MIDHANI,Mishra Dhatu Nigam Limited,Basic Materials,Steel,416.1499938964844,False,131.47,False,True,3.25,1.04,True,1074.0,HOLD
SHARDACROP,Sharda Cropchem Limited,Basic Materials,Agricultural Inputs,822.9000244140625,False,694.5799999999999,True,False,-29.19,-31.31,False,4320.0,EXIT
HMT,HMT Limited,Industrials,Farm & Heavy Construction Machinery,61.47999954223633,False,131.54,False,True,4.46,2.92,True,275.0,HOLD
KPIGREEN,KPI Green Energy Limited,Utilities,Utilities - Renewable,377.0,False,491.67999999999995,True,False,-24.79,-33.31,False,1735.0,EXIT
ABFRL,Aditya Birla Fashion and Retail Limited,Consumer Cyclical,Apparel Manufacturing,62.099998474121094,False,551.23,True,False,-26.09,-21.5,False,12418.0,EXIT
REDTAPE,REDTAPE Limited,Consumer Cyclical,Footwear & Accessories,134.24000549316406,False,240.54999999999998,True,True,-1.74,2.79,False,2021.0,HOLD
SKFINDIA,SKF India Limited,Industrials,Tools & Accessories,1509.9000244140625,False,305.46,False,False,-71.23,-72.6,False,4920.0,EXIT
JYOTHYLAB,Jyothy Labs Limited,Consumer Defensive,Household & Personal Products,204.1699981689453,False,333.19,False,False,-36.26,-42.18,False,2847.0,EXIT
JSLL,JSLL,Healthcare,Medical Care Facilities,579.25,False,221.81,False,False,-11.28,-3.03,False,469.0,EXIT
GPPL,Gujarat Pipavav Port Limited,Industrials,Marine Shipping,151.67999267578125,False,466.78999999999996,True,False,-6.94,-8.46,False,988.0,EXIT
KWIL,KWIL,Consumer Defensive,Packaged Foods,32.529998779296875,False,285.5,False,False,,,False,,EXIT
PICCADIL,Piccadily Agro Industries Limited,Consumer Defensive,Beverages - Wineries & Distilleries,764.2000122070312,True,138.07,True,True,17.95,11.66,True,797.0,ADD
OMNI,OMNI,Industrials,Specialty Industrial Machinery,732.5999755859375,True,49.769999999999996,False,False,,,False,343.0,EXIT
GARFIBRES,Garware Technical Fibres Limited,Consumer Cyclical,Textile Manufacturing,797.3499755859375,False,198.56,False,True,-17.83,-13.26,False,1540.0,EXIT
TCI,Transport Corporation of India Limited,Industrials,Integrated Freight & Logistics,928.0,False,450.5,True,False,-23.49,-24.97,False,4492.0,EXIT
EPL,EPL Limited,Consumer Cyclical,Packaging & Containers,229.8699951171875,False,388.90000000000003,True,True,-3.84,0.7,False,4213.0,HOLD
KINGFA,Kingfa Science & Technology (India) Limited,Basic Materials,Specialty Chemicals,5163.5,False,185.24999999999997,True,True,50.84,48.5,True,1745.0,HOLD
JKPAPER,JK Paper Limited,Basic Materials,Paper & Paper Products,385.25,False,328.62,False,True,9.15,6.93,True,6718.0,HOLD
RCF,Rashtriya Chemicals and Fertilizers Limited,Basic Materials,Agricultural Inputs,127.70999908447266,False,427.45,False,False,-18.82,-20.96,False,21452.0,EXIT
DYNAMATECH,Dynamatic Technologies Limited,Consumer Cyclical,Auto Parts,10993.0,False,32.41,False,True,57.03,61.42,True,1626.0,HOLD
MBAPL,Madhya Bharat Agro Products Limited,Basic Materials,Agricultural Inputs,156.92999267578125,False,119.72999999999999,False,True,75.04,72.63,True,,HOLD
JKLAKSHMI,JK Lakshmi Cement Limited,Basic Materials,Building Materials,571.25,False,331.15,False,False,-40.62,-42.71,False,6788.0,EXIT
SUPRIYA,Supriya Lifescience Limited,Healthcare,Biotechnology,913.5999755859375,False,209.13,False,True,26.68,34.68,True,696.0,HOLD
DBL,Dilip Buildcon Limited,Industrials,Engineering & Construction,458.45001220703125,False,1302.36,True,True,-5.73,-7.25,False,10537.0,HOLD
HNDFDS,Hindustan Foods Limited,Industrials,Conglomerates,576.9500122070312,False,144.62999999999997,True,True,0.28,-1.25,False,3564.0,HOLD
SUPRAJIT,Suprajit Engineering Limited,Consumer Cyclical,Auto Parts,524.0999755859375,False,182.67000000000002,True,True,7.56,12.07,True,3277.0,HOLD
BALAMINES,Balaji Amines Limited,Basic Materials,Specialty Chemicals,1998.5,False,204.14000000000001,False,True,29.48,27.2,True,2346.0,HOLD
GALAXYSURF,Galaxy Surfactants Limited,Basic Materials,Specialty Chemicals,2005.800048828125,False,267.38,False,True,-23.4,-25.53,False,4462.0,EXIT
ETHOSLTD,Ethos Limited,Consumer Cyclical,Luxury Goods,2834.39990234375,False,94.77,True,True,-5.69,-1.15,False,1252.0,HOLD
BIRLACORPN,Birla Corporation Limited,Basic Materials,Building Materials,903.0,False,553.75,False,False,-32.41,-34.51,False,9656.0,EXIT
NEPHROPLUS,NEPHROPLUS,Healthcare,Medical Care Facilities,709.9000244140625,False,107.59,False,False,,,False,756.0,EXIT
BAJAJCON,Bajaj Consumer Care Limited,Consumer Defensive,Household & Personal Products,530.4000244140625,False,223.01,True,True,139.27,132.18,True,984.0,HOLD
INOXGREEN,Inox Green Energy Services Limited,Utilities,Utilities - Renewable,178.27999877929688,False,102.41,True,False,16.39,6.76,True,368.0,HOLD
PRECWIRE,Precision Wires India Limited,Industrials,Electrical Equipment & Parts,409.5,False,155.27,True,True,130.27,128.44,True,881.0,HOLD
CAMPUS,Campus Activewear Limited,Consumer Cyclical,Footwear & Accessories,226.5399932861328,False,150.08999999999997,False,False,-23.21,-18.62,False,1194.0,EXIT
TRANSRAILL,TRANSRAILL,Industrials,Engineering & Construction,499.45001220703125,False,403.04,False,False,-31.88,-33.34,False,5308.0,EXIT
ASHAPURMIN,Ashapura Minechem Limited,Basic Materials,Other Industrial Metals & Mining,739.7000122070312,False,401.41,False,True,40.03,37.72,True,2739.0,HOLD
POWERICA,POWERICA,Industrials,Specialty Industrial Machinery,547.3499755859375,False,0.0,False,False,,,False,2653.0,EXIT
SPARC,Sun Pharma Advanced Research Company Limited,Healthcare,Drug Manufacturers - Specialty & Generic,218.35000610351562,False,1969.4799999999998,True,True,37.79,45.72,True,239.0,HOLD
FDC,FDC Limited,Healthcare,Drug Manufacturers - Specialty & Generic,387.54998779296875,False,281.42,False,False,-31.16,-22.77,False,2108.0,EXIT
GOKULAGRO,Gokul Agro Resources Limited,Consumer Defensive,Packaged Foods,227.52999877929688,False,421.34,True,True,53.93,47.4,True,19551.0,HOLD
AJAXENGG,AJAXENGG,Industrials,Farm & Heavy Construction Machinery,607.6500244140625,False,225.14999999999998,False,True,-8.14,-9.65,False,,EXIT
AXISCADES,AXISCADES Technologies Limited,Industrials,Engineering & Construction,1590.300048828125,False,71.92,False,True,15.7,14.14,True,1031.0,HOLD
SENCO,Senco Gold Limited,Consumer Cyclical,Luxury Goods,399.04998779296875,False,574.31,True,True,9.23,13.74,True,6328.0,HOLD
SUNFLAG,Sunflag Iron and Steel Company Limited,Basic Materials,Steel,375.29998779296875,False,202.35000000000002,False,True,25.16,22.89,True,3536.0,HOLD
LATENTVIEW,Latent View Analytics Limited,Industrials,Consulting Services,295.0,False,153.45,False,False,-30.12,-31.58,False,848.0,EXIT
ACI,Archean Chemical Industries Limited,Basic Materials,Chemicals,523.8499755859375,False,96.83000000000001,False,False,-19.91,-22.05,False,1441.0,EXIT
PAISALO,Paisalo Digital Limited,Financial Services,Credit Services,69.13999938964844,False,237.2,True,True,116.6,116.15,True,,HOLD
MAPMYINDIA,C. E. Info Systems Limited,Technology,Software - Infrastructure,1046.4000244140625,False,134.16000000000003,False,False,-46.08,-45.2,False,463.0,EXIT
KOVAI,Kovai Medical Center and Hospital Limited,Healthcare,Medical Care Facilities,5927.0,True,240.79999999999998,False,False,,,False,,EXIT
VIKRAMSOLR,VIKRAMSOLR,Technology,Solar,180.61000061035156,False,318.2,False,False,,,False,3423.0,EXIT
MAXESTATES,MAXESTATES,Real Estate,Real Estate - Development,395.45001220703125,False,29.549999999999997,False,False,-0.92,-18.06,False,160.0,EXIT
GREENLAM,Greenlam Industries Limited,Consumer Cyclical,"Furnishings, Fixtures & Appliances",266.70001220703125,False,87.32000000000001,False,True,9.48,13.99,True,2569.0,HOLD
SHAKTIPUMP,Shakti Pumps (India) Limited,Industrials,Specialty Industrial Machinery,518.7000122070312,False,212.32999999999998,False,False,-39.43,-40.87,False,2516.0,EXIT
BECTORFOOD,Mrs. Bectors Food Specialities Limited,Consumer Defensive,Packaged Foods,212.8000030517578,False,140.88,True,False,-26.69,-32.68,False,1742.0,EXIT
GSFC,Gujarat State Fertilizers & Chemicals Limited,Basic Materials,Agricultural Inputs,162.22999572753906,False,672.78,False,False,-23.36,-25.5,False,11369.0,EXIT
PNCINFRA,PNC Infratech Limited,Industrials,Engineering & Construction,254.5500030517578,False,831.6600000000001,False,True,-20.98,-22.46,False,8650.0,EXIT
UNIMECH,UNIMECH,Industrials,Aerospace & Defense,1344.699951171875,False,63.28,False,True,16.33,14.76,True,243.0,HOLD
DODLA,Dodla Dairy Limited,Consumer Defensive,Food Distribution,1044.5999755859375,False,241.98000000000002,False,False,-17.11,-23.16,False,3720.0,EXIT
KENNAMET,Kennametal India Limited,Industrials,Tools & Accessories,3058.60009765625,True,138.5,False,False,,,False,,EXIT
VMART,V-Mart Retail Limited,Consumer Cyclical,Department Stores,807.0499877929688,False,155.35,False,True,-6.69,-2.14,False,,EXIT
GANESHHOU,Ganesh Housing Limited,Real Estate,Real Estate - Development,778.75,False,250.12,False,True,1.75,-15.42,False,959.0,EXIT
KALPATARU,KALPATARU,Real Estate,Real Estate - Development,286.8500061035156,False,282.26,True,False,-8.18,-25.23,False,3633.0,EXIT
IBULLSLTD,IBULLSLTD,Real Estate,Real Estate - Development,29.049999237060547,False,419.07,False,True,104.37,85.88,True,310.0,HOLD
KUSUMGAR,KUSUMGAR,Consumer Cyclical,Textile Manufacturing,639.9000244140625,True,0.0,False,False,,,False,,EXIT
DBREALTY,Valor Estate Limited,Real Estate,Real Estate - Development,112.04000091552734,False,143.98,False,False,-25.92,-42.74,False,1133.0,EXIT
FIEMIND,Fiem Industries Limited,Consumer Cyclical,Auto Parts,2498.0,True,255.59,True,True,24.55,29.02,True,2423.0,ADD
JUSTDIAL,Just Dial Limited,Communication Services,Internet Content & Information,683.0,False,543.8000000000001,True,True,-4.6,-23.01,False,1043.0,HOLD
JSFB,Jana Small Finance Bank Limited,Financial Services,Banks - Regional,572.5499877929688,False,406.65999999999997,False,True,18.57,18.56,True,,HOLD
ISGEC,Isgec Heavy Engineering Limited,Industrials,Specialty Industrial Machinery,830.9500122070312,False,239.20999999999998,False,False,-26.25,-27.72,False,6422.0,EXIT
KMEW,Knowledge Marine & Engineering Works Limited,Industrials,Marine Shipping,2542.199951171875,False,82.08,True,True,197.02,195.04,True,195.0,HOLD
AARTIPHARM,Aarti Pharmalabs Limited,Healthcare,Drug Manufacturers - Specialty & Generic,683.0,False,186.5,False,False,-33.95,-25.55,False,2115.0,EXIT
EBGNG,EBGNG,Technology,Computer Hardware,527.4000244140625,False,142.43,False,True,62.77,62.97,True,1411.0,HOLD
ARVINDFASN,Arvind Fashions Limited,Consumer Cyclical,Apparel Retail,461.3500061035156,False,94.68,True,False,-23.17,-18.59,False,4644.0,EXIT
SENORES,SENORES,Healthcare,Drug Manufacturers - General,1323.300048828125,False,126.37,True,True,83.93,91.56,True,398.0,HOLD
ITDC,India Tourism Development Corporation Limited,Consumer Cyclical,Lodging,705.3499755859375,False,82.69999999999999,True,True,15.28,19.78,True,570.0,HOLD
DCBBANK,DCB Bank Limited,Financial Services,Banks - Regional,189.1199951171875,False,760.85,True,True,39.68,39.58,True,,HOLD
GOKEX,Gokaldas Exports Limited,Consumer Cyclical,Apparel Manufacturing,805.7000122070312,False,100.12,False,True,-1.03,3.5,False,3864.0,EXIT
CEIGALL,CEIGALL,Industrials,Engineering & Construction,341.70001220703125,False,311.88,False,True,26.49,24.9,True,3437.0,HOLD
SIS,SIS Limited,Industrials,Security & Protection Services,430.54998779296875,False,414.55,True,True,12.52,10.96,True,4931.0,HOLD
TVSSCS,TVS Supply Chain Solutions Limited,Industrials,Integrated Freight & Logistics,135.52000427246094,False,114.28,True,True,4.37,2.83,True,9996.0,HOLD
SKIPPER,Skipper Limited,Industrials,Engineering & Construction,548.5,False,213.14,True,True,1.46,-0.07,False,4624.0,HOLD
SAPPHIRE,Sapphire Foods India Limited,Consumer Cyclical,Restaurants,202.52000427246094,False,33.23,False,False,-43.62,-38.98,False,2451.0,EXIT
CORDELIA,CORDELIA,Industrials,Marine Shipping,831.0499877929688,False,28.93,False,False,,,False,,EXIT
ALOKINDS,Alok Industries Limited,Consumer Cyclical,Textile Manufacturing,11.970000267028809,False,719.98,False,False,-45.11,-40.47,False,24153.0,EXIT
TIIL,Technocraft Industries (India) Limited,Industrials,Tools & Accessories,2628.199951171875,False,285.30999999999995,True,True,-20.6,-22.09,False,2596.0,HOLD
MASTEK,Mastek Limited,Technology,Information Technology Services,1827.9000244140625,False,412.43,True,False,-32.51,-31.71,False,3455.0,EXIT
MASFIN,MAS Financial Services Limited,Financial Services,Credit Services,307.20001220703125,False,389.33,True,False,-2.49,-2.41,False,,EXIT
FEDFINA,Fedbank Financial Services Limited,Financial Services,Credit Services,149.30999755859375,False,302.82,True,True,13.57,13.59,True,,HOLD
AEROFLEX,Aeroflex Industries Limited,Industrials,Metal Fabrication,456.0,False,60.09,False,True,138.72,136.88,True,373.0,HOLD
STYLAMIND,Stylam Industries Limited,Consumer Cyclical,"Furnishings, Fixtures & Appliances",3465.89990234375,True,169.77,True,True,83.16,87.49,True,1025.0,ADD
PRAJIND,Praj Industries Limited,Industrials,Engineering & Construction,317.75,False,69.15,False,False,-33.05,-34.5,False,3528.0,EXIT
MOIL,MOIL Limited,Basic Materials,Other Industrial Metals & Mining,282.70001220703125,False,303.59000000000003,False,False,-18.3,-20.45,False,1438.0,EXIT
OPTIEMUS,Optiemus Infracom Limited,Technology,Electronics & Computer Distribution,590.4500122070312,False,66.01,False,True,-6.85,-6.22,False,4106.0,EXIT
KSHINTL,KSHINTL,Industrials,Electrical Equipment & Parts,903.6500244140625,True,99.0,False,False,,,False,1928.0,EXIT
HAPPSTMNDS,Happiest Minds Technologies Limited,Technology,Information Technology Services,400.79998779296875,False,226.2,False,False,-38.28,-37.44,False,2061.0,EXIT
GOLDIAM,Goldiam International Limited,Consumer Cyclical,Luxury Goods,362.1499938964844,False,170.60000000000002,False,True,29.35,33.81,True,781.0,HOLD
KRISHANA,Krishana Phoschem Limited,Basic Materials,Agricultural Inputs,178.74000549316406,True,146.98000000000002,False,True,60.41,58.04,True,,HOLD
HCC,Hindustan Construction Company Limited,Industrials,Engineering & Construction,21.90999984741211,False,117.73999999999998,False,True,-17.99,-19.48,False,10668.0,EXIT
STYL,STYL,Technology,Software - Infrastructure,363.79998779296875,False,263.76,False,True,,,False,1558.0,EXIT
NIRLON,Nirlon Limited,Real Estate,Real Estate Services,621.5,True,345.98,False,False,,,False,,EXIT
CSBBANK,CSB Bank Limited,Financial Services,Banks - Regional,326.54998779296875,False,664.62,False,False,-27.96,-27.76,False,,EXIT
RPEL,Raghav Productivity Enhancers Limited,Basic Materials,Chemicals,1248.5999755859375,False,60.53,True,True,99.61,97.13,True,200.0,HOLD
INNOVACAP,Innova Captab Limited,Healthcare,Drug Manufacturers - Specialty & Generic,945.0,False,140.92,False,True,-8.75,-0.51,False,1244.0,EXIT
SETL,Standard Engineering Technology Limited,Industrials,Specialty Industrial Machinery,278.0,False,80.05000000000001,False,True,51.95,50.3,True,614.0,HOLD
GREAVESCOT,Greaves Cotton Limited,Industrials,Specialty Industrial Machinery,195.9199981689453,False,105.17999999999999,False,True,-9.46,-10.97,False,2918.0,EXIT
NEOGEN,Neogen Chemicals Limited,Basic Materials,Specialty Chemicals,2012.800048828125,False,35.559999999999995,False,True,37.34,35.04,True,778.0,HOLD
CCAVENUE,AvenuesAI Limited,Technology,Software - Infrastructure,17.260000228881836,False,279.03,True,True,8.16,8.7,True,3993.0,HOLD
SAATVIKGL,Saatvik Green Energy Limited,Technology,Solar,422.6499938964844,False,337.28,False,False,,,False,2158.0,EXIT
AHLUCONT,Ahluwalia Contracts (India) Limited,Industrials,Engineering & Construction,835.5999755859375,False,265.85999999999996,False,False,-16.71,-18.2,False,4099.0,EXIT
RPTECH,Rashi Peripherals Limited,Technology,Electronics & Computer Distribution,902.8499755859375,True,277.58,True,True,212.06,211.35,True,13258.0,ADD
ENTERO,Entero Healthcare Solutions Limited,Healthcare,Medical Distribution,1258.800048828125,False,115.04,True,True,-15.43,-7.15,False,409.0,HOLD
SMARTWORKS,SMARTWORKS,Real Estate,Real Estate Services,472.0,False,22.39,True,True,23.68,6.22,True,1374.0,HOLD
PRSMJOHNSN,Prism Johnson Limited,Basic Materials,Building Materials,112.69000244140625,False,88.85000000000001,False,False,-26.83,-28.95,False,7427.0,EXIT
KISSHT,KISSHT,Financial Services,Credit Services,307.79998779296875,False,154.82,False,False,,,False,,EXIT
SUBROS,Subros Limited,Consumer Cyclical,Auto Parts,829.5,False,165.64999999999998,True,True,-10.49,-5.93,False,3368.0,HOLD
IFBIND,IFB Industries Limited,Consumer Cyclical,"Furnishings, Fixtures & Appliances",1443.0,False,111.64,True,True,1.09,5.62,True,5092.0,HOLD
CYIENTDLM,Cyient DLM Limited,Industrials,Aerospace & Defense,664.8499755859375,False,57.410000000000004,False,True,51.83,50.18,True,1520.0,HOLD
INDIGOPNTS,Indigo Paints Limited,Basic Materials,Specialty Chemicals,1090.800048828125,False,177.63,True,True,-11.42,-13.59,False,1277.0,HOLD
GULFOILLUB,Gulf Oil Lubricants India Limited,Basic Materials,Specialty Chemicals,1179.5999755859375,False,347.63,True,True,-1.35,-3.54,False,3554.0,HOLD
JAIBALAJI,Jai Balaji Industries Limited,Basic Materials,Steel,62.2599983215332,False,129.95,False,False,-44.9,-46.96,False,6414.0,EXIT
JAMNAAUTO,Jamna Auto Industries Limited,Consumer Cyclical,Auto Parts,143.27000427246094,True,230.98000000000002,True,True,50.12,54.53,True,2361.0,ADD
SHILCTECH,Shilchar Technologies Limited,Industrials,Electrical Equipment & Parts,4480.39990234375,False,112.22,False,False,,,False,623.0,EXIT
CENTUM,Centum Electronics Limited,Technology,Electronic Components,3789.5,True,72.10000000000001,True,True,74.6,74.73,True,750.0,ADD
SURYAROSNI,Surya Roshni Limited,Basic Materials,Steel,246.67999267578125,False,285.81,False,False,-25.47,-27.6,False,7997.0,EXIT
CRAMC,CRAMC,Financial Services,Asset Management,265.29998779296875,False,230.68999999999997,False,False,,,False,,EXIT
PTC,PTC India Limited,Utilities,Utilities - Independent Power Producers,198.36000061035156,False,605.63,False,True,16.34,6.71,True,18346.0,HOLD
VADILALIND,Vadilal Industries Limited,Consumer Defensive,Packaged Foods,7162.0,True,155.42000000000002,True,True,38.54,32.11,True,1238.0,ADD
IONEXCHANG,Ion Exchange (India) Limited,Industrials,Pollution & Treatment Controls,415.70001220703125,False,156.49,False,True,-12.45,-13.96,False,2737.0,EXIT
PDSL,PDS Limited,Industrials,Specialty Business Services,357.79998779296875,False,127.16999999999999,False,True,3.95,2.41,True,12578.0,HOLD
CARERATING,CARE Ratings Limited,Financial Services,Financial Data & Stock Exchanges,1749.0999755859375,False,171.17999999999998,True,True,2.93,2.99,True,402.0,HOLD
DEEDEV,DEEDEV,Industrials,Metal Fabrication,665.9000244140625,False,195.54,True,True,144.33,142.47,True,827.0,HOLD
LGBBROSLTD,L.G. Balakrishnan & Bros Limited,Consumer Cyclical,Auto Parts,1514.699951171875,False,309.17,False,False,12.62,17.12,True,2578.0,EXIT
BALUFORGE,Balu Forge Industries Limited,Industrials,Metal Fabrication,445.8999938964844,False,258.9,True,False,-30.79,-32.25,False,924.0,EXIT
RUSTOMJEE,Keystone Realtors Limited,Real Estate,Real Estate - Development,388.29998779296875,False,78.86000000000001,False,False,-21.51,-38.39,False,2222.0,EXIT
GOODLUCK,Goodluck India Limited,Basic Materials,Steel,1497.5999755859375,False,180.43,True,True,40.76,38.45,True,3936.0,HOLD
EMIL,Electronics Mart India Limited,Consumer Cyclical,Specialty Retail,147.55999755859375,False,107.13000000000001,False,True,14.35,18.85,True,6965.0,HOLD
ORCHPHARMA,Orchid Pharma Limited,Healthcare,Drug Manufacturers - Specialty & Generic,990.3499755859375,False,57.019999999999996,False,True,13.24,21.33,True,1948.0,HOLD
SHARDAMOTR,Sharda Motor Industries Limited,Consumer Cyclical,Auto Parts,901.3499755859375,False,339.93,True,True,-24.0,-19.41,False,2837.0,HOLD
PURVA,Puravankara Limited,Real Estate,Real Estate - Development,210.16000366210938,False,283.39,True,False,-12.83,-29.82,False,2185.0,EXIT
QUESS,Quess Corp Limited,Industrials,Staffing & Employment Services,314.5,False,251.93,False,True,7.96,6.42,True,19100.0,HOLD
LXCHEM,Laxmi Organic Industries Limited,Basic Materials,Specialty Chemicals,181.57000732421875,False,136.06,False,True,-6.78,-8.96,False,3084.0,EXIT
BLISSGVS,Bliss GVS Pharma Limited,Healthcare,Drug Manufacturers - Specialty & Generic,497.0,False,129.14,True,True,166.29,173.37,True,899.0,HOLD
LUMAXIND,Lumax Industries Limited,Consumer Cyclical,Auto Parts,5798.0,False,172.48000000000002,True,True,40.85,45.28,True,3400.0,HOLD
THOMASCOOK,Thomas Cook (India) Limited,Consumer Cyclical,Travel Services,104.5199966430664,False,218.85000000000002,False,False,-39.24,-34.61,False,11248.0,EXIT
GUJALKALI,Gujarat Alkalies and Chemicals Limited,Basic Materials,Chemicals,677.3499755859375,False,106.25,False,True,14.28,12.04,True,4516.0,HOLD
BANSALWIRE,BANSALWIRE,Basic Materials,Steel,320.3500061035156,False,143.08,False,True,-16.44,-18.59,False,3507.0,EXIT
DATAMATICS,Datamatics Global Services Limited,Technology,Information Technology Services,877.1500244140625,False,175.82999999999998,False,True,-21.52,-20.79,False,1723.0,EXIT
SSWL,Steel Strips Wheels Limited,Consumer Cyclical,Auto Parts,319.95001220703125,True,212.43000000000004,False,True,36.5,40.95,True,4429.0,HOLD
TRIVENI,Triveni Engineering & Industries Limited,Consumer Defensive,Confectioners,235.3000030517578,False,257.32,False,False,-29.01,-34.99,False,5689.0,EXIT
GVPIL,GE Power India Limited,Industrials,Engineering & Construction,742.5,False,252.60999999999999,True,True,136.17,134.33,True,3343.0,HOLD
PILANIINVS,Pilani Investment and Industries Corporation Limited,Financial Services,Asset Management,4338.5,False,67.87,False,False,-18.54,-18.39,False,305.0,EXIT
SWSOLAR,Sterling and Wilson Renewable Energy Limited,Technology,Solar,209.39999389648438,False,223.53,False,True,-28.15,-27.38,False,8210.0,EXIT
RBA,Restaurant Brands Asia Limited,Consumer Cyclical,Restaurants,87.73999786376953,False,184.77,True,True,2.02,6.55,True,2551.0,HOLD
SYMPHONY,Symphony Limited,Consumer Cyclical,"Furnishings, Fixtures & Appliances",644.75,False,359.0,True,False,-45.55,-40.91,False,1576.0,EXIT
ICRA,ICRA Limited,Financial Services,Financial Data & Stock Exchanges,5121.89990234375,False,189.87,True,False,-21.86,-21.68,False,498.0,EXIT
TFCILTD,Tourism Finance Corporation of India Limited,Financial Services,Credit Services,110.7699966430664,True,154.12,True,True,96.12,95.76,True,,ADD
UNIVCABLES,Universal Cables Limited,Industrials,Electrical Equipment & Parts,1427.5999755859375,True,163.1,True,True,95.37,93.62,True,2407.0,ADD
EPIGRAL,Epigral Limited,Basic Materials,Chemicals,1119.199951171875,False,271.02,False,False,-43.71,-45.79,False,2550.0,EXIT
RTNPOWER,RattanIndia Power Limited,Utilities,Utilities - Independent Power Producers,8.760000228881836,False,156.06,False,False,-26.39,-34.86,False,3364.0,EXIT
RENUKA,Shree Renuka Sugars Limited,Consumer Defensive,Confectioners,22.329999923706055,False,515.1,False,False,-23.14,-29.15,False,11844.0,EXIT
YASHO,Yasho Industries Limited,Basic Materials,Specialty Chemicals,4157.5,True,25.259999999999998,False,True,124.53,121.98,True,672.0,HOLD
VRLLOG,VRL Logistics Limited,Industrials,Trucking,279.0,False,261.2,False,True,-8.95,-10.46,False,,EXIT
NORTHARC,Northern Arc Capital Limited,Financial Services,Credit Services,285.1499938964844,False,428.64,False,True,22.49,22.46,True,,HOLD
HIRECT,Hind Rectifiers Limited,Industrials,Electrical Equipment & Parts,1330.4000244140625,True,44.68,True,True,31.58,29.98,True,655.0,ADD
AGI,AGI Greenpac Limited,Consumer Cyclical,Packaging & Containers,718.7000122070312,False,375.03,True,True,-33.22,-28.61,False,2712.0,HOLD
FCL,Fineotex Chemical Limited,Basic Materials,Specialty Chemicals,38.650001525878906,False,122.34999999999998,False,True,53.62,51.27,True,569.0,HOLD
RPGLIFE,RPG Life Sciences Limited,Healthcare,Drug Manufacturers - Specialty & Generic,2707.800048828125,False,109.07999999999998,False,True,3.89,12.04,True,653.0,HOLD
MPSLTD,MPS Limited,Communication Services,Publishing,2873.699951171875,True,188.37,True,True,40.39,21.37,True,727.0,ADD
RESPONIND,Responsive Industries Limited,Basic Materials,Specialty Chemicals,173.1199951171875,False,148.42000000000002,False,False,-19.68,-21.82,False,2515.0,EXIT
DHANUKA,Dhanuka Agritech Limited,Basic Materials,Agricultural Inputs,1005.5,False,268.77,False,False,-40.7,-42.78,False,2035.0,EXIT
NETWORK18,Network18 Media & Investments Limited,Communication Services,Entertainment,29.600000381469727,False,223.24,False,False,-35.34,-53.35,False,9297.0,EXIT
TEXRAIL,Texmaco Rail & Engineering Limited,Industrials,Railroads,107.44999694824219,False,195.14000000000001,False,False,-28.28,-29.75,False,5107.0,EXIT
HAWKINCOOK,Hawkins Cookers Limited,Consumer Cyclical,"Furnishings, Fixtures & Appliances",8526.5,False,103.68,False,False,,,False,,EXIT
SGFIN,SG Finserve Limited,Financial Services,Capital Markets,694.25,True,152.94000000000003,False,True,70.5,70.26,True,,HOLD
VAIBHAVGBL,Vaibhav Global Limited,Consumer Cyclical,Luxury Goods,250.14999389648438,False,252.64999999999998,False,True,4.92,9.43,True,3380.0,HOLD
SUNTECK,Sunteck Realty Limited,Real Estate,Real Estate - Development,302.45001220703125,False,197.36,True,False,-7.96,-25.01,False,808.0,EXIT
PACEDIGITK,Pace Digitek Limited,Technology,Communication Equipment,200.82000732421875,False,296.31,False,True,,,False,2321.0,EXIT
NACLIND,NACL Industries Limited,Basic Materials,Agricultural Inputs,180.8300018310547,False,31.86,False,True,-45.49,-47.56,False,2116.0,EXIT
SWARAJENG,Swaraj Engines Limited,Consumer Cyclical,Auto Parts,3608.89990234375,False,202.16,False,False,-18.51,-13.93,False,,EXIT
MHRIL,Mahindra Holidays & Resorts India Limited,Consumer Cyclical,Resorts & Casinos,233.24000549316406,False,60.31999999999999,False,False,-43.07,-38.44,False,1400.0,EXIT
ELECTCAST,Electrosteel Castings Limited,Industrials,Building Products & Equipment,71.98999786376953,False,205.2,False,False,-37.52,-38.96,False,7478.0,EXIT
BANARISUG,Bannari Amman Sugars Limited,Consumer Defensive,Confectioners,3475.10009765625,False,147.92000000000002,False,False,-5.35,-11.49,False,,EXIT
STYRENIX,Styrenix Performance Materials Limited,Basic Materials,Chemicals,2478.300048828125,False,186.46000000000004,False,True,-16.63,-18.78,False,2982.0,EXIT
ANUP,The Anup Engineering Limited,Industrials,Specialty Industrial Machinery,2214.0,False,110.38000000000001,False,True,-18.08,-19.57,False,733.0,EXIT
MSTCLTD,MSTC Limited,Industrials,Conglomerates,601.9000244140625,False,218.43,False,True,23.21,21.63,True,5689.0,HOLD
IDEAFORGE,ideaForge Technology Limited,Technology,Computer Hardware,872.4000244140625,False,143.11,False,True,94.33,94.34,True,317.0,HOLD
JUNIPER,Juniper Hotels Limited,Consumer Cyclical,Lodging,199.89999389648438,False,141.61,True,False,-37.45,-32.83,False,944.0,EXIT
RTNINDIA,RattanIndia Enterprises Limited,Consumer Cyclical,Internet Retail,32.54999923706055,False,1170.8600000000001,True,False,-47.88,-43.23,False,6866.0,EXIT
RAYMONDLSL,Raymond Lifestyle Limited,Consumer Cyclical,Apparel Manufacturing,753.4000244140625,False,159.69,True,False,-44.63,-39.99,False,6535.0,EXIT
MIDWESTLTD,MIDWESTLTD,Basic Materials,Building Materials,1204.699951171875,False,115.20000000000002,False,False,,,False,370.0,EXIT
SBCL,Shivalik Bimetal Controls Limited,Industrials,Metal Fabrication,772.4500122070312,True,95.86000000000001,True,True,40.9,39.28,True,509.0,ADD
AVANTEL,Avantel Limited,Technology,Communication Equipment,164.94000244140625,False,16.13,False,True,22.81,23.27,True,249.0,HOLD
IOLCP,IOL Chemicals and Pharmaceuticals Limited,Healthcare,Drug Manufacturers - Specialty & Generic,163.41000366210938,False,137.64,False,True,55.4,63.22,True,2217.0,HOLD
SHOPERSTOP,Shoppers Stop Limited,Consumer Cyclical,Department Stores,406.04998779296875,False,62.46,False,True,-31.37,-26.76,False,4436.0,EXIT
63MOONS,63 moons technologies limited,Technology,Software - Application,862.9500122070312,False,56.26,False,True,-15.62,-14.93,False,568.0,EXIT
RAYMONDREL,Raymond Realty Limited,Real Estate,Real Estate - Development,692.5499877929688,False,230.31000000000003,False,True,8.72,-8.54,False,565.0,EXIT
VIPIND,V.I.P. Industries Limited,Consumer Cyclical,Footwear & Accessories,309.79998779296875,False,338.01,True,False,-39.33,-34.7,False,2245.0,EXIT
RALLIS,Rallis India Limited,Basic Materials,Agricultural Inputs,216.36000061035156,False,237.0,False,False,-44.4,-46.47,False,2967.0,EXIT
CMSINFO,CMS Info Systems Limited,Industrials,Specialty Business Services,273.8999938964844,False,327.6,False,False,-40.44,-41.87,False,2425.0,EXIT
LASERPOWER,LASERPOWER,Industrials,Electrical Equipment & Parts,290.20001220703125,False,0.0,False,False,,,False,,EXIT
WEBELSOLAR,Websol Energy System Limited,Technology,Solar,95.44000244140625,False,256.64,True,True,-29.13,-28.35,False,575.0,HOLD
RAMRAT,Ram Ratna Wires Limited,Industrials,Electrical Equipment & Parts,436.8500061035156,False,107.06,True,True,21.86,20.28,True,3677.0,HOLD
TATVA,Tatva Chintan Pharma Chem Limited,Basic Materials,Specialty Chemicals,1720.800048828125,False,51.38,False,True,49.49,47.16,True,434.0,HOLD
REFEX,Refex Industries Limited,Energy,Thermal Coal,301.0,False,229.71000000000004,True,True,-40.0,-31.76,False,2468.0,HOLD
KIRLOSIND,Kirloskar Industries Limited,Industrials,Metal Fabrication,3803.800048828125,False,158.92,False,True,-12.01,-13.51,False,6629.0,EXIT
WAKEFIT,WAKEFIT,Consumer Cyclical,"Furnishings, Fixtures & Appliances",130.85000610351562,False,182.20999999999998,False,False,,,False,,EXIT
VISHNU,Vishnu Chemicals Limited,Basic Materials,Specialty Chemicals,588.7999877929688,False,142.26,False,True,17.57,15.32,True,1447.0,HOLD
SOTL,Savita Oil Technologies Limited,Basic Materials,Specialty Chemicals,679.0,True,181.83,False,True,65.31,62.93,True,3813.0,HOLD
MUTHOOTMF,MUTHOOTMF,Financial Services,Credit Services,230.16000366210938,False,540.89,False,True,42.17,42.06,True,,HOLD
AYE,AYE,Financial Services,Credit Services,165.89999389648438,False,225.01,False,False,,,False,,EXIT
MAHLOG,Mahindra Logistics Limited,Industrials,Integrated Freight & Logistics,413.5,False,59.629999999999995,False,True,28.82,27.22,True,6105.0,HOLD
KDDL,KDDL Limited,Consumer Cyclical,Luxury Goods,3704.39990234375,True,88.10999999999999,False,True,29.68,34.14,True,1648.0,HOLD
TARC,TARC Limited,Real Estate,Real Estate - Development,136.07000732421875,False,92.64,True,False,-11.19,-28.2,False,369.0,EXIT
AURIONPRO,Aurionpro Solutions Limited,Technology,Software - Application,729.0,False,200.82,True,False,-54.9,-53.97,False,1173.0,EXIT
MOSCHIP,MOSCHIP,Technology,Semiconductor Equipment & Materials,208.57000732421875,False,25.66,False,True,19.75,20.22,True,387.0,HOLD
INDOSTAR,IndoStar Capital Finance Limited,Financial Services,Credit Services,233.6999969482422,False,989.2800000000001,True,True,-22.9,-22.72,False,,HOLD
GHCL,GHCL Limited,Basic Materials,Chemicals,438.1499938964844,False,516.03,False,False,-26.03,-28.15,False,4545.0,EXIT
SANATHAN,SANATHAN,Consumer Cyclical,Textile Manufacturing,476.75,False,86.89,False,True,-11.94,-7.38,False,3329.0,EXIT
POCL,Pondy Oxides And Chemicals Limited,Basic Materials,Specialty Chemicals,512.5,False,114.61,False,False,12.85,10.61,True,2057.0,EXIT
SAMHI,SAMHI Hotels Limited,Consumer Cyclical,Lodging,173.66000366210938,False,456.43000000000006,True,True,-29.32,-24.72,False,1130.0,HOLD
KSCL,Kaveri Seed Company Limited,Basic Materials,Agricultural Inputs,781.5,False,382.32,True,False,-30.39,-32.5,False,1202.0,EXIT
MANINDS,Man Industries (India) Limited,Basic Materials,Steel,533.1500244140625,False,170.49,False,True,17.61,15.36,True,3505.0,HOLD
NRBBEARING,NRB Bearings Limited,Consumer Cyclical,Auto Parts,457.70001220703125,True,142.75,False,True,54.14,58.54,True,1078.0,HOLD
MANINFRA,Man Infraconstruction Limited,Industrials,Engineering & Construction,113.47000122070312,False,200.57999999999998,False,False,-36.13,-37.57,False,1890.0,EXIT
CAPILLARY,CAPILLARY,Technology,Software - Infrastructure,576.3499755859375,False,71.45,True,False,,,False,598.0,EXIT
BAJAJHIND,Bajaj Hindusthan Sugar Limited,Consumer Defensive,Confectioners,17.790000915527344,False,684.3100000000001,True,False,-20.9,-26.93,False,6806.0,EXIT
ASHIANA,Ashiana Housing Limited,Real Estate,Real Estate - Development,386.0,False,117.88999999999999,True,True,35.3,17.69,True,944.0,HOLD
GUFICBIO,Gufic Biosciences Limited,Healthcare,Drug Manufacturers - Specialty & Generic,394.3500061035156,False,64.21000000000001,False,True,-6.95,1.27,False,820.0,EXIT
GUJTHEM,Gujarat Themis Biosyn Limited,Healthcare,Drug Manufacturers - Specialty & Generic,355.95001220703125,False,46.67,False,False,-12.98,-4.71,False,170.0,EXIT
SHAREINDIA,Share India Securities Limited,Financial Services,Capital Markets,177.07000732421875,False,354.71000000000004,False,True,-1.7,-1.62,False,1483.0,EXIT
JTEKTINDIA,JTEKT India Limited,Consumer Cyclical,Auto Parts,140.82000732421875,False,76.9,False,True,3.76,8.29,True,2044.0,HOLD
AGIIL,AGI Infra Limited,Real Estate,Real Estate - Development,302.0,False,94.86,True,False,54.07,36.22,True,325.0,HOLD
FOSECOIND,Foseco India Limited,Basic Materials,Chemicals,5346.5,False,87.01,True,True,2.39,0.19,True,643.0,HOLD
GMMPFAUDLR,GMM Pfaudler Limited,Industrials,Specialty Industrial Machinery,857.0999755859375,False,63.269999999999996,False,False,-38.14,-39.58,False,3446.0,EXIT
ZOTA,Zota Health Care Limited,Healthcare,Biotechnology,1251.5999755859375,False,70.88,True,False,-8.62,-0.38,False,292.0,EXIT
PSPPROJECT,PSP Projects Limited,Industrials,Engineering & Construction,944.75,False,57.68,False,True,32.1,30.5,True,2512.0,HOLD
EIEL,EIEL,Industrials,Engineering & Construction,218.05999755859375,False,207.46999999999997,False,True,-16.1,-17.6,False,1046.0,EXIT
RAYMOND,Raymond Limited,Industrials,Specialty Industrial Machinery,629.4000244140625,False,5462.66,False,True,-2.81,-4.33,False,8215.0,EXIT
AARTIDRUGS,Aarti Drugs Limited,Healthcare,Drug Manufacturers - Specialty & Generic,412.3999938964844,False,194.92,False,True,-26.82,-18.46,False,2716.0,EXIT
VSTTILLERS,V.S.T. Tillers Tractors Limited,Industrials,Farm & Heavy Construction Machinery,4482.7998046875,False,104.72,False,False,-5.47,-6.98,False,1006.0,EXIT
KERNEX,Kernex Microsystems (India) Limited,Technology,Software - Application,2549.199951171875,True,88.33,True,True,138.35,138.09,True,190.0,ADD
JINDWORLD,Jindal Worldwide Limited,Consumer Cyclical,Textile Manufacturing,39.150001525878906,False,69.81,False,True,-9.12,-4.57,False,2559.0,EXIT
BAJAJELEC,Bajaj Electricals Limited,Consumer Cyclical,"Furnishings, Fixtures & Appliances",348.1000061035156,False,161.58999999999997,False,False,-51.35,-46.7,False,6662.0,EXIT
HEMIPROP,Hemisphere Properties India Limited,Real Estate,Real Estate - Diversified,138.22000122070312,False,8.66,False,True,24.12,6.66,True,,HOLD
KSL,Kalyani Steels Limited,Basic Materials,Steel,882.4500122070312,False,257.86,True,True,-2.66,-4.85,False,1982.0,HOLD
DEEPINDS,Deep Industries Limited,Energy,Oil & Gas E&P,643.5999755859375,True,235.19,False,True,9.88,16.73,True,477.0,HOLD
EMUDHRA,eMudhra Limited,Technology,Software - Application,523.1500244140625,False,114.66,True,True,-38.83,-38.0,False,519.0,HOLD
NOVARTIND,Novartis India Limited,Healthcare,Drug Manufacturers - Specialty & Generic,1634.9000244140625,True,73.55,False,False,,,False,,EXIT
BOSCH-HCIL,Bosch Home Comfort India Limited,Consumer Cyclical,"Furnishings, Fixtures & Appliances",1523.800048828125,False,115.11,False,True,-22.4,-17.81,False,,EXIT
SANDHAR,Sandhar Technologies Limited,Consumer Cyclical,Auto Parts,654.75,False,198.66,True,True,27.76,32.23,True,3884.0,HOLD
BHAGCHEM,Bhagiradha Chemicals & Industries Limited,Basic Materials,Agricultural Inputs,282.1499938964844,False,18.17,False,True,-8.15,-10.33,False,502.0,EXIT
SINDHUTRAD,Sindhu Trade Links Limited,Industrials,Conglomerates,24.639999389648438,False,57.44,False,True,-7.9,-9.41,False,1140.0,EXIT
WSTCSTPAPR,West Coast Paper Mills Limited,Basic Materials,Paper & Paper Products,590.4000244140625,False,150.59,False,True,12.31,10.08,True,4921.0,HOLD
VSTIND,VST Industries Limited,Consumer Defensive,Tobacco,221.41000366210938,False,275.47,True,False,-19.69,-25.72,False,471.0,EXIT
OSWALPUMPS,OSWALPUMPS,Industrials,Electrical Equipment & Parts,326.25,False,376.27000000000004,False,False,-59.44,-60.83,False,1430.0,EXIT
LUXIND,Lux Industries Limited,Consumer Cyclical,Apparel Manufacturing,1287.199951171875,False,103.81,False,True,-12.57,-8.01,False,2583.0,EXIT
SEAMECLTD,Seamec Limited,Industrials,Marine Shipping,1509.699951171875,False,306.35,True,True,87.24,85.51,True,729.0,HOLD
ORIENTELEC,Orient Electric Limited,Consumer Cyclical,"Furnishings, Fixtures & Appliances",179.82000732421875,False,115.27,False,False,-22.65,-18.07,False,,EXIT
DBCORP,D. B. Corp Limited,Communication Services,Publishing,210.19000244140625,False,339.26,False,False,-8.05,-26.42,False,2463.0,EXIT
SPECTRUM,SPECTRUM,Industrials,Electrical Equipment & Parts,2514.199951171875,True,50.11,False,True,61.74,60.07,True,397.0,HOLD
ELLEN,ELLEN,Basic Materials,Chemicals,280.95001220703125,False,103.94,False,False,-53.39,-55.44,False,,EXIT
INDIQUBE,INDIQUBE,Real Estate,Real Estate Services,173.6999969482422,False,100.92,False,False,-4.31,-21.4,False,,EXIT
INDOTECH,Indo Tech Transformers Limited,Industrials,Electrical Equipment & Parts,3607.199951171875,True,92.77,False,True,120.32,118.52,True,,HOLD
HARSHA,Harsha Engineers International Limited,Industrials,Tools & Accessories,419.75,False,155.2,True,True,-1.45,-2.98,False,1408.0,HOLD
JKIL,J. Kumar Infraprojects Limited,Industrials,Engineering & Construction,490.1000061035156,False,410.04,True,False,-33.01,-34.46,False,5693.0,EXIT
TRUALT,TRUALT,Energy,Oil & Gas Refining & Marketing,461.54998779296875,False,192.16,True,True,,,False,1908.0,HOLD
UNICHEMLAB,Unichem Laboratories Limited,Healthcare,Drug Manufacturers - Specialty & Generic,497.3999938964844,False,297.56000000000006,False,True,-20.24,-11.92,False,2111.0,EXIT
ROSSTECH,Rossell Techsys Limited,Industrials,Aerospace & Defense,1064.6500244140625,True,25.740000000000002,False,True,76.96,75.26,True,260.0,HOLD
ROLEXRINGS,Rolex Rings Limited,Industrials,Metal Fabrication,144.82000732421875,False,141.4,False,True,0.85,-0.68,False,,EXIT
PREMEXPLN,Premier Explosives Limited,Basic Materials,Specialty Chemicals,660.8499755859375,False,45.82,True,True,46.66,44.33,True,417.0,HOLD
GREENPLY,Greenply Industries Limited,Basic Materials,Lumber & Wood Production,293.29998779296875,False,98.62,False,True,-7.78,-9.95,False,2488.0,EXIT
SANGHVIMOV,Sanghvi Movers Limited,Industrials,Rental & Leasing Services,474.20001220703125,False,184.29,True,True,73.05,71.36,True,782.0,HOLD
SAMBHV,SAMBHV,Basic Materials,Steel,121.16000366210938,False,124.86,False,True,-3.76,-5.95,False,1511.0,EXIT
MARINE,Marine Electricals (India) Limited,Industrials,Electrical Equipment & Parts,305.5,False,60.13,True,True,68.55,66.87,True,767.0,HOLD
ADVENZYMES,Advanced Enzyme Technologies Limited,Basic Materials,Specialty Chemicals,332.75,False,168.72000000000003,True,True,1.78,-0.42,False,637.0,HOLD
XPROINDIA,Xpro India Limited,Basic Materials,Specialty Chemicals,1111.800048828125,False,30.2,False,True,-4.03,-6.21,False,533.0,EXIT
HGINFRA,H.G. Infra Engineering Limited,Industrials,Engineering & Construction,542.9000244140625,False,330.37,False,False,-49.89,-51.31,False,5378.0,EXIT
NFL,National Fertilizers Limited,Basic Materials,Agricultural Inputs,72.30000305175781,False,361.99,False,False,-27.32,-29.44,False,29587.0,EXIT
SMSPHARMA,SMS Pharmaceuticals Limited,Healthcare,Drug Manufacturers - General,364.54998779296875,False,101.97999999999999,True,True,52.88,60.71,True,783.0,HOLD
GRAUWEIL,Grauer & Weil (India) Limited,Basic Materials,Specialty Chemicals,68.77999877929688,False,164.01999999999998,False,False,,,False,,EXIT
POLYPLEX,Polyplex Corporation Limited,Basic Materials,Specialty Chemicals,1118.800048828125,False,83.57000000000001,False,True,-5.21,-7.4,False,7652.0,EXIT
HEIDELBERG,HeidelbergCement India Limited,Basic Materials,Building Materials,156.49000549316406,False,139.59,False,False,-28.72,-30.84,False,,EXIT
VENUSPIPES,Venus Pipes and Tubes Limited,Basic Materials,Steel,1629.0,False,101.96000000000001,False,True,17.99,15.74,True,,HOLD
WHEELS,Wheels India Limited,Consumer Cyclical,Auto Parts,1429.5999755859375,False,163.46,True,True,85.61,89.93,True,4977.0,HOLD
KNRCON,KNR Constructions Limited,Industrials,Engineering & Construction,132.9600067138672,False,437.0799999999999,False,False,-39.79,-41.23,False,4753.0,EXIT
KOLTEPATIL,Kolte-Patil Developers Limited,Real Estate,Real Estate - Development,392.6000061035156,False,97.2,False,True,8.58,-8.68,False,1717.0,EXIT
CRIZAC,CRIZAC,Consumer Defensive,Education & Training Services,183.2100067138672,False,174.38,False,False,-38.71,-44.62,False,849.0,EXIT
PITTIENG,Pitti Engineering Limited,Industrials,Metal Fabrication,950.0499877929688,False,117.8,True,True,1.04,-0.49,False,1705.0,HOLD
ROUTE,Route Mobile Limited,Communication Services,Telecom Services,532.2999877929688,False,322.84,False,False,-25.66,-43.8,False,4576.0,EXIT
ASHOKA,Ashoka Buildcon Limited,Industrials,Engineering & Construction,119.88999938964844,False,2549.9999999999995,True,False,-41.82,-43.26,False,10037.0,EXIT
UFLEX,Uflex Limited,Consumer Cyclical,Packaging & Containers,475.95001220703125,False,317.1,False,True,-26.63,-22.04,False,15036.0,EXIT
GOPAL,Gopal Snacks Limited,Consumer Defensive,Packaged Foods,274.54998779296875,False,73.64999999999999,False,False,-21.19,-27.22,False,,EXIT
FUSION,Fusion Finance Limited,Financial Services,Credit Services,209.72000122070312,False,385.05,False,True,28.32,28.26,True,,HOLD
INDRAMEDCO,Indraprastha Medical Corporation Limited,Healthcare,Medical Care Facilities,368.29998779296875,False,175.17,False,False,-30.1,-21.72,False,,EXIT
CARYSIL,Carysil Limited,Consumer Cyclical,"Furnishings, Fixtures & Appliances",1191.0999755859375,True,98.19,True,True,38.13,42.57,True,816.0,ADD
RELTD,Ravindra Energy Limited,Technology,Solar,171.6699981689453,False,80.96000000000001,True,True,20.67,21.14,True,765.0,HOLD
NIITMTS,NIIT Learning Systems Limited,Consumer Defensive,Education & Training Services,247.60000610351562,False,255.82,True,False,-24.31,-30.31,False,1653.0,EXIT
UNIPARTS,Uniparts India Limited,Industrials,Farm & Heavy Construction Machinery,801.6500244140625,True,158.3,True,True,127.15,125.33,True,929.0,ADD
FILATEX,Filatex India Limited,Consumer Cyclical,Textile Manufacturing,81.36000061035156,True,191.11,True,True,40.3,44.74,True,4252.0,ADD
MAYURUNIQ,Mayur Uniquoters Limited,Consumer Cyclical,Textile Manufacturing,768.9500122070312,False,191.73,True,True,39.23,43.67,True,880.0,HOLD
ARSSBL,ARSSBL,Financial Services,Financial Conglomerates,515.3499755859375,False,101.91,False,False,,,False,844.0,EXIT
RML,Rane (Madras) Limited,Consumer Cyclical,Auto Parts,1114.5999755859375,False,107.48,True,True,24.41,28.88,True,3463.0,HOLD
DREDGECORP,Dredging Corporation of India Limited,Industrials,Engineering & Construction,1122.800048828125,False,169.05,False,True,67.18,65.5,True,,HOLD
NPST,NPST,Technology,Software - Application,1539.5999755859375,False,46.94,False,True,-34.0,-33.19,False,173.0,EXIT
JASH,Jash Engineering Limited,Industrials,Specialty Industrial Machinery,494.25,False,85.26,False,True,-9.58,-11.09,False,735.0,EXIT
APCOTEXIND,Apcotex Industries Limited,Basic Materials,Specialty Chemicals,629.5,False,161.20000000000002,True,True,47.34,45.01,True,352.0,HOLD
GANECOS,Ganesha Ecosphere Limited,Consumer Cyclical,Textile Manufacturing,1094.9000244140625,False,39.21,False,True,-33.42,-28.81,False,1133.0,EXIT
SHANTIGEAR,Shanthi Gears Limited,Industrials,Specialty Industrial Machinery,418.54998779296875,False,65.0,False,False,-25.54,-27.01,False,,EXIT
STEELCAS,Steelcast Limited,Basic Materials,Steel,337.0,True,90.69,False,True,60.09,57.72,True,,HOLD
MOREPENLAB,Morepen Laboratories Limited,Healthcare,Drug Manufacturers - Specialty & Generic,76.94999694824219,False,94.87,True,True,23.94,31.96,True,1812.0,HOLD
EUROPRATIK,EUROPRATIK,Basic Materials,Building Materials,311.95001220703125,False,81.94,False,True,,,False,284.0,EXIT
RSYSTEMS,R Systems International Limited,Technology,Information Technology Services,255.35000610351562,False,213.01,True,False,-46.31,-45.43,False,1958.0,EXIT
RPSGVENT,RPSG Ventures Limited,Technology,Information Technology Services,960.4500122070312,False,304.16,True,True,0.41,1.01,True,9608.0,HOLD
MONARCH,Monarch Networth Capital Limited,Financial Services,Capital Markets,390.54998779296875,False,181.19,True,True,11.62,11.64,True,328.0,HOLD
CHEMPLASTS,Chemplast Sanmar Limited,Basic Materials,Chemicals,195.25999450683594,False,279.87,False,False,-55.78,-57.82,False,5892.0,EXIT
HERITGFOOD,Heritage Foods Limited,Consumer Defensive,Packaged Foods,337.8999938964844,False,124.32999999999998,False,False,-25.66,-31.65,False,4135.0,EXIT
KKCL,Kewal Kiran Clothing Limited,Consumer Cyclical,Apparel Manufacturing,546.5,False,125.57,False,True,-12.0,-7.44,False,1003.0,EXIT
NITINSPIN,Nitin Spinners Limited,Consumer Cyclical,Textile Manufacturing,578.5499877929688,True,177.55,False,True,57.58,61.97,True,,HOLD
CARRARO,CARRARO,Consumer Cyclical,Auto Parts,535.9500122070312,False,130.55,True,True,2.69,7.21,True,1808.0,HOLD
INTERARCH,Interarch Building Solutions Limited,Industrials,Engineering & Construction,1846.0,False,134.52,False,False,-18.13,-19.62,False,,EXIT
WONDERLA,Wonderla Holidays Limited,Consumer Cyclical,Leisure,503.04998779296875,False,85.22,False,False,-27.5,-22.9,False,,EXIT
STALLION,STALLION,Basic Materials,Specialty Chemicals,267.95001220703125,False,43.84,False,True,92.95,90.49,True,,HOLD
BUILDPRO,Shankara Buildpro Limited,Consumer Cyclical,Home Improvement Retail,1347.800048828125,True,102.75999999999999,False,False,,,False,5267.0,EXIT
TVSSRICHAK,TVS Srichakra Limited,Consumer Cyclical,Auto Parts,3982.89990234375,False,71.23,False,False,28.0,32.46,True,3254.0,EXIT
DPABHUSHAN,D. P. Abhushan Limited,Consumer Cyclical,Luxury Goods,1495.199951171875,False,239.86,True,True,-17.9,-13.32,False,3307.0,HOLD
SANGAMIND,Sangam (India) Limited,Consumer Cyclical,Textile Manufacturing,612.5499877929688,True,121.49,False,True,61.3,65.69,True,2843.0,HOLD
ELPROINTL,Elpro International Limited,Unknown,Unknown,178.5800018310547,True,271.30999999999995,False,False,,,False,,EXIT
ADFFOODS,ADF Foods Limited,Consumer Defensive,Packaged Foods,269.20001220703125,False,91.97,True,True,18.3,12.01,True,590.0,HOLD
NAVNETEDUL,Navneet Education Limited,Communication Services,Publishing,127.36000061035156,False,366.0,False,False,0.29,-18.19,False,1781.0,EXIT
HLEGLAS,HLE Glascoat Limited,Industrials,Specialty Industrial Machinery,428.3999938964844,False,47.77,False,True,-2.91,-4.44,False,649.0,EXIT
JTLIND,JTL Industries Limited,Basic Materials,Steel,78.12999725341797,False,98.86999999999999,False,True,13.93,11.69,True,2040.0,HOLD
VSSL,Vardhman Special Steels Limited,Basic Materials,Steel,329.3500061035156,True,108.75999999999999,True,True,21.31,19.06,True,1764.0,ADD
BALMLAWRIE,Balmer Lawrie & Co. Ltd.,Industrials,Conglomerates,175.75999450683594,False,276.59000000000003,True,False,-19.76,-21.25,False,3254.0,EXIT
DIVGIITTS,Divgi TorqTransfer Systems Limited,Consumer Cyclical,Auto Parts,1002.2000122070312,True,46.93,False,True,56.59,60.98,True,,HOLD
DCAL,Dishman Carbogen Amcis Limited,Healthcare,Biotechnology,195.42999267578125,False,101.21000000000001,False,False,-34.22,-25.81,False,2712.0,EXIT
WINDMACHIN,Windsor Machines Limited,Industrials,Specialty Industrial Machinery,279.79998779296875,False,25.96,False,True,-18.08,-19.57,False,393.0,EXIT
PRINCEPIPE,Prince Pipes and Fittings Limited,Industrials,Building Products & Equipment,274.6499938964844,False,77.93,False,True,-21.18,-22.66,False,,EXIT
KITEX,Kitex Garments Limited,Consumer Cyclical,Apparel Manufacturing,145.14999389648438,False,35.61,False,False,-36.04,-31.42,False,983.0,EXIT
POKARNA,Pokarna Limited,Industrials,Building Products & Equipment,965.5,False,80.6,False,True,2.15,0.62,True,925.0,HOLD
GATEWAY,Gateway Distriparks Limited,Industrials,Integrated Freight & Logistics,55.90999984741211,False,381.78,False,False,-19.71,-21.19,False,1681.0,EXIT
ANTELOPUS,ANTELOPUS,Energy,Oil & Gas E&P,873.6500244140625,False,132.71,False,True,41.71,47.68,True,,HOLD
BEPL,Bhansali Engineering Polymers Limited,Basic Materials,Chemicals,121.48999786376953,False,205.31,False,True,3.99,1.78,True,1398.0,HOLD
EFCIL,EFC (I) Limited,Real Estate,Real Estate Services,190.0,False,246.27,True,False,,,False,657.0,EXIT
MAITHANALL,Maithan Alloys Limited,Basic Materials,Steel,968.5499877929688,False,816.4300000000001,False,False,-11.69,-13.85,False,2989.0,EXIT
TCPLPACK,TCPL Packaging Limited,Consumer Cyclical,Packaging & Containers,3164.5,False,97.79999999999998,False,True,-19.03,-14.46,False,1770.0,EXIT
BBL,Bharat Bijlee Limited,Industrials,Electrical Equipment & Parts,2320.10009765625,False,142.17000000000002,False,False,-22.21,-23.69,False,1902.0,EXIT
DALMIASUG,Dalmia Bharat Sugar and Industries Limited,Consumer Defensive,Confectioners,393.29998779296875,False,235.72,False,True,8.82,2.59,True,3725.0,HOLD
NSIL,Nalwa Sons Investments Limited,Financial Services,Asset Management,5715.0,False,54.5,False,False,-18.75,-18.59,False,134.0,EXIT
RAMCOIND,Ramco Industries Limited,Industrials,Building Products & Equipment,330.6499938964844,False,306.26,True,True,9.66,8.11,True,1659.0,HOLD
BOROLTD,Borosil Limited,Consumer Cyclical,"Furnishings, Fixtures & Appliances",243.22000122070312,False,74.66,False,False,-34.26,-29.65,False,1090.0,EXIT
ORIENTCEM,Orient Cement Limited,Basic Materials,Building Materials,140.36000061035156,False,365.23,False,False,-44.77,-46.84,False,,EXIT
ROSSARI,Rossari Biotech Limited,Basic Materials,Specialty Chemicals,524.9000244140625,False,147.44,False,False,-26.83,-28.95,False,2080.0,EXIT
DDEVPLSTIK,Ddev Plastiks Industries Limited,Basic Materials,Specialty Chemicals,288.3999938964844,False,201.82000000000002,False,True,-3.26,-5.44,False,,EXIT
JINDALPOLY,Jindal Poly Films Limited,Consumer Cyclical,Packaging & Containers,626.4500122070312,False,325.08,False,True,3.8,8.32,True,7557.0,HOLD
DIAMONDYD,Prataap Snacks Limited,Consumer Defensive,Packaged Foods,1174.199951171875,False,9.719999999999999,False,True,29.34,22.97,True,1708.0,HOLD
SUNCLAY,Sundaram-Clayton Limited,Industrials,Metal Fabrication,1272.0,False,602.01,True,False,-35.71,-37.16,False,2109.0,EXIT
ZAGGLE,Zaggle Prepaid Ocean Services Limited,Technology,Software - Infrastructure,209.24000549316406,False,138.07999999999998,True,False,-49.26,-48.36,False,1304.0,EXIT
SASKEN,Sasken Technologies Limited,Technology,Information Technology Services,1972.199951171875,False,53.92999999999999,False,True,29.48,29.89,True,446.0,HOLD
INDOTHAI,Indo Thai Securities Limited,Financial Services,Capital Markets,122.94000244140625,False,54.21,True,False,-41.01,-40.76,False,58.0,EXIT
PANAMAPET,Panama Petrochem Limited,Energy,Oil & Gas Refining & Marketing,455.20001220703125,False,212.5,True,True,19.3,25.89,True,1776.0,HOLD
UFBL,UFBL,Consumer Cyclical,Restaurants,771.8499755859375,False,59.14,True,True,189.14,193.21,True,1074.0,HOLD
NOCIL,NOCIL Limited,Basic Materials,Specialty Chemicals,172.99000549316406,False,64.30000000000001,False,True,-4.11,-6.29,False,1617.0,EXIT
SIYSIL,Siyaram Silk Mills Limited,Consumer Cyclical,Textile Manufacturing,628.0,False,230.89,False,True,-6.78,-2.23,False,2233.0,EXIT
FLAIR,FLAIR,Industrials,Business Equipment & Supplies,252.10000610351562,False,132.95,False,False,-26.72,-28.19,False,1080.0,EXIT
HIKAL,Hikal Limited,Healthcare,Drug Manufacturers - Specialty & Generic,232.5800018310547,False,77.6,False,True,-38.96,-30.52,False,2023.0,EXIT
BLSE,BLSE,Industrials,Specialty Business Services,319.1499938964844,False,57.5,False,True,57.73,56.07,True,519.0,HOLD
AUTOAXLES,Automotive Axles Limited,Consumer Cyclical,Auto Parts,1939.199951171875,False,174.35000000000002,False,True,-2.24,2.3,False,,EXIT
VIMTALABS,Vimta Labs Limited,Healthcare,Diagnostics & Research,656.7999877929688,False,79.66,True,True,-12.65,-4.38,False,318.0,HOLD
ARVSMART,Arvind SmartSpaces Limited,Real Estate,Real Estate - Development,596.2999877929688,False,96.44,False,True,11.34,-5.96,False,713.0,EXIT
GSPCROP,GSPCROP,Basic Materials,Agricultural Inputs,593.2999877929688,True,43.14,False,False,,,False,1406.0,EXIT
PARAGMILK,Parag Milk Foods Limited,Consumer Defensive,Packaged Foods,227.5399932861328,False,135.04000000000002,False,False,-1.06,-7.22,False,3432.0,EXIT
HUBTOWN,Hubtown Limited,Real Estate,Real Estate - Development,181.47000122070312,False,148.49,True,False,-34.99,-51.69,False,564.0,EXIT
KIRIINDUS,Kiri Industries Limited,Basic Materials,Specialty Chemicals,419.20001220703125,False,5566.5,True,False,-27.85,-29.97,False,1497.0,EXIT
JUBLCPL,Jubilant Agri and Consumer Products Limited,Basic Materials,Specialty Chemicals,1893.800048828125,False,127.86000000000001,True,False,-18.71,-20.85,False,1521.0,EXIT
NILKAMAL,Nilkamal Limited,Consumer Cyclical,"Furnishings, Fixtures & Appliances",1801.300048828125,False,115.58999999999999,False,True,3.63,8.16,True,3313.0,HOLD
EPACKPEB,EPACKPEB,Industrials,Engineering & Construction,255.75,False,96.63,False,True,,,False,1134.0,EXIT
MEDIASSIST,MEDIASSIST,Healthcare,Healthcare Plans,362.3500061035156,False,87.96000000000001,False,False,-45.75,-37.27,False,151.0,EXIT
IMAGICAA,Imagicaaworld Entertainment Limited,Communication Services,Entertainment,49.61000061035156,False,88.78999999999999,False,True,-6.98,-25.36,False,410.0,EXIT
INDNIPPON,India Nippon Electricals Limited,Consumer Cyclical,Auto Parts,1136.5999755859375,False,111.16999999999999,True,True,31.93,36.38,True,845.0,HOLD
CONFIPET,Confidence Petroleum India Limited,Energy,Oil & Gas Refining & Marketing,81.80000305175781,False,92.89,False,True,52.79,58.45,True,3146.0,HOLD
MMFL,M M Forgings Limited,Industrials,Metal Fabrication,570.5499877929688,False,98.12,False,True,65.5,63.82,True,1563.0,HOLD
FMGOETZE,Federal-Mogul Goetze (India) Limited,Consumer Cyclical,Auto Parts,486.75,False,170.65,True,True,-20.33,-15.75,False,1769.0,HOLD
SATIN,Satin Creditcare Network Limited,Financial Services,Credit Services,230.91000366210938,False,401.70000000000005,False,True,56.39,56.21,True,,HOLD
MARATHON,Marathon Nextgen Realty Limited,Real Estate,Real Estate - Development,387.20001220703125,False,202.95999999999998,False,False,-30.33,-47.1,False,717.0,EXIT
GKENERGY,GKENERGY,Utilities,Utilities - Renewable,131.72999572753906,False,211.81,False,False,,,False,1095.0,EXIT
RAMKY,Ramky Infrastructure Limited,Industrials,Engineering & Construction,393.5,False,271.07000000000005,False,False,-33.26,-34.72,False,2402.0,EXIT
ARKADE,ARKADE,Real Estate,Real Estate - Development,139.13999938964844,False,211.76999999999998,False,True,-13.69,-30.67,False,683.0,EXIT
MANGLMCEM,Mangalam Cement Limited,Basic Materials,Building Materials,949.0,False,128.95,False,True,31.26,28.97,True,,HOLD
PARKHOTELS,PARKHOTELS,Consumer Cyclical,Lodging,122.08000183105469,False,65.67999999999999,False,False,-30.98,-26.37,False,631.0,EXIT
MUFIN,Mufin Green Finance Limited,Financial Services,Credit Services,134.4499969482422,False,27.330000000000002,True,True,49.84,49.69,True,,HOLD
PATELENG,Patel Engineering Limited,Industrials,Engineering & Construction,28.770000457763672,False,269.15999999999997,False,False,-23.99,-25.46,False,5008.0,EXIT
UTKARSHBNK,Utkarsh Small Finance Bank Limited,Financial Services,Banks - Regional,14.460000038146973,False,1150.98,False,False,-33.45,-33.23,False,,EXIT
NITCO,NITCO Limited,Industrials,Building Products & Equipment,103.30999755859375,False,68.16,False,True,-19.17,-20.66,False,885.0,EXIT
PANACEABIO,Panacea Biotec Limited,Healthcare,Biotechnology,418.8500061035156,False,22.470000000000002,False,True,-12.91,-4.64,False,679.0,EXIT
STOVEKRAFT,Stove Kraft Limited,Consumer Cyclical,"Furnishings, Fixtures & Appliances",756.0,False,41.989999999999995,False,True,23.56,28.03,True,1448.0,HOLD
GLOBUSSPR,Globus Spirits Limited,Consumer Defensive,Beverages - Wineries & Distilleries,891.5499877929688,False,100.53,False,False,-22.82,-28.83,False,2537.0,EXIT
SPORTKING,Sportking India Limited,Consumer Cyclical,Textile Manufacturing,210.24000549316406,False,120.78,False,True,80.96,85.3,True,,HOLD
FISCHER,Fischer Medical Ventures Limited,Healthcare,Medical Devices,37.66999816894531,False,32.67,True,False,-74.79,-66.12,False,111.0,EXIT
SILVERTUC,Silver Touch Technologies Limited,Technology,Information Technology Services,191.86000061035156,False,41.68,True,False,-78.76,-77.68,False,288.0,EXIT
ADVAIT,Advait Energy Transitions Limited,Industrials,Specialty Industrial Machinery,2285.39990234375,False,53.17,True,False,,,False,399.0,EXIT
TALBROAUTO,Talbros Automotive Components Limited,Consumer Cyclical,Auto Parts,438.29998779296875,True,104.12,True,True,44.85,49.28,True,827.0,ADD
ADOR,Ador Welding Limited,Industrials,Specialty Industrial Machinery,1508.0999755859375,False,92.47000000000001,False,True,51.31,49.67,True,1117.0,HOLD
RAJRATAN,Rajratan Global Wire Limited,Basic Materials,Steel,536.7000122070312,False,72.6,False,True,47.91,45.58,True,935.0,HOLD
BOMDYEING,The Bombay Dyeing and Manufacturing Company Limited,Consumer Cyclical,Textile Manufacturing,120.04000091552734,False,46.620000000000005,False,False,-37.65,-33.03,False,4430.0,EXIT
SUNDROP,Sundrop Brands Limited,Consumer Defensive,Packaged Foods,665.5,False,24.31,False,False,-14.82,-20.89,False,916.0,EXIT
RAJESHEXPO,Rajesh Exports Limited,Consumer Cyclical,Luxury Goods,85.30999755859375,False,238.56,False,False,-63.68,-59.0,False,423099.0,EXIT
PROTEAN,Protean eGov Technologies Limited,Technology,Information Technology Services,571.9000244140625,False,97.13,False,False,-29.82,-29.04,False,882.0,EXIT
GIPCL,Gujarat Industries Power Company Limited,Utilities,Utilities - Regulated Electric,160.7899932861328,False,408.82000000000005,True,True,-12.81,-21.65,False,1416.0,HOLD
RANEHOLDIN,Rane Holdings Limited,Consumer Cyclical,Auto Parts,1841.0,False,198.99,True,True,14.02,18.52,True,4382.0,HOLD
VERANDA,Veranda Learning Solutions Limited,Consumer Defensive,Education & Training Services,257.6000061035156,False,24.72,True,True,8.06,1.84,True,471.0,HOLD
SPAL,S.P. Apparels Limited,Consumer Cyclical,Apparel Manufacturing,1052.199951171875,False,100.94,True,True,33.52,37.97,True,1395.0,HOLD
EVEREADY,Eveready Industries India Limited,Industrials,Electrical Equipment & Parts,360.04998779296875,False,187.34999999999997,True,True,-12.49,-14.0,False,1458.0,HOLD
AJMERA,Ajmera Realty & Infra India Limited,Real Estate,Real Estate - Development,124.0,False,149.79000000000002,True,False,-12.24,-29.24,False,738.0,EXIT
SOLARA,Solara Active Pharma Sciences Limited,Healthcare,Drug Manufacturers - Specialty & Generic,514.6500244140625,False,53.44,False,False,-25.94,-17.59,False,1617.0,EXIT
INA,Insolation Energy Limited,Technology,Solar,113.33999633789062,False,181.7,True,False,,,False,1334.0,EXIT
CAMLINFINE,Camlin Fine Sciences Limited,Basic Materials,Specialty Chemicals,129.4199981689453,False,112.53999999999999,True,False,-54.27,-56.31,False,1682.0,EXIT
JNKINDIA,JNK India Limited,Industrials,Specialty Industrial Machinery,418.79998779296875,False,65.36999999999999,False,True,25.87,24.28,True,480.0,HOLD
RHETAN,Rhetan TMT Limited,Basic Materials,Steel,32.290000915527344,True,10.299999999999999,False,True,,,False,,EXIT
SAIPARENT,SAIPARENT,Healthcare,Drug Manufacturers - General,516.0999755859375,False,0.0,False,False,,,False,163.0,EXIT
REPCOHOME,Repco Home Finance Limited,Financial Services,Mortgage Finance,385.95001220703125,False,475.41999999999996,True,False,-8.43,-8.32,False,,EXIT
EASEMYTRIP,Easy Trip Planners Limited,Consumer Cyclical,Travel Services,6.559999942779541,False,53.45,False,False,-39.97,-35.35,False,1049.0,EXIT
KICL,Kalyani Investment Company Limited,Financial Services,Asset Management,5522.0,False,43.13,False,True,11.13,11.16,True,78.0,HOLD
SIRCA,Sirca Paints India Limited,Basic Materials,Specialty Chemicals,443.3500061035156,False,67.02000000000001,True,False,-3.14,-5.32,False,372.0,EXIT
ORISSAMINE,The Orissa Minerals Development Company Limited,Basic Materials,Steel,4411.7001953125,False,17.88,False,True,-10.84,-13.0,False,,EXIT
VEEDOL,Veedol Corporation Limited,Basic Materials,Specialty Chemicals,1442.9000244140625,False,191.62,True,False,-15.3,-17.45,False,1970.0,EXIT
TASTYBITE,Tasty Bite Eatables Limited,Consumer Defensive,Packaged Foods,9293.5,False,35.300000000000004,False,True,-12.45,-18.53,False,,EXIT
GREENPANEL,Greenpanel Industries Limited,Basic Materials,Lumber & Wood Production,199.38999938964844,False,52.349999999999994,False,False,-28.64,-30.75,False,1783.0,EXIT
RISHABH,Rishabh Instruments Limited,Technology,Scientific & Technical Instruments,647.1500244140625,True,81.53,False,True,124.33,124.16,True,720.0,HOLD
VINDHYATEL,Vindhya Telelinks Limited,Industrials,Engineering & Construction,2357.5,False,222.25,False,True,49.32,47.67,True,4088.0,HOLD
ORIENTHOT,Oriental Hotels Limited,Consumer Cyclical,Lodging,131.3000030517578,False,65.27999999999999,False,True,-15.09,-10.52,False,440.0,EXIT
ALEMBICLTD,Alembic Limited,Real Estate,Real Estate - Development,87.13999938964844,False,317.39,False,False,-9.12,-26.15,False,1121.0,EXIT
KNACK,KNACK,Consumer Cyclical,Packaging & Containers,213.35000610351562,True,0.0,False,False,,,False,,EXIT
NELCO,Nelco Limited,Technology,Communication Equipment,995.0999755859375,False,6.419999999999999,False,True,8.48,9.03,True,320.0,HOLD
COSMOFIRST,Cosmo First Limited,Consumer Cyclical,Packaging & Containers,915.7999877929688,False,155.97,False,True,-26.95,-22.36,False,3065.0,EXIT
SPANDANA,Spandana Sphoorty Financial Limited,Financial Services,Credit Services,260.5,False,472.33,False,True,-0.4,-0.33,False,,EXIT
GNA,G N A Axles Limited,Consumer Cyclical,Auto Parts,529.7000122070312,False,132.23000000000002,True,True,66.51,70.88,True,1583.0,HOLD
THEJO,Thejo Engineering Limited,Industrials,Specialty Industrial Machinery,2100.199951171875,False,49.25,False,True,-12.05,-13.55,False,559.0,EXIT
EMSLIMITED,EMS Limited,Industrials,Engineering & Construction,406.79998779296875,False,90.53999999999999,False,True,-35.43,-36.88,False,966.0,EXIT
PIXTRANS,PIX Transmissions Limited,Industrials,Specialty Industrial Machinery,1722.5999755859375,False,106.88,False,True,10.43,8.88,True,589.0,HOLD
SHK,S H Kelkar and Company Limited,Basic Materials,Specialty Chemicals,166.86000061035156,False,89.09,False,True,-34.04,-36.14,False,2123.0,EXIT
TAJGVK,TAJGVK Hotels & Resorts Limited,Consumer Cyclical,Lodging,364.70001220703125,False,425.39000000000004,True,True,-22.4,-17.81,False,450.0,HOLD
SAGCEM,Sagar Cements Limited,Basic Materials,Building Materials,172.89999389648438,False,169.51,False,False,-29.61,-31.72,False,2505.0,EXIT
APOLLOPIPE,Apollo Pipes Limited,Industrials,Building Products & Equipment,534.1500244140625,False,20.96,False,True,29.97,28.37,True,1182.0,HOLD
BRIGHOTEL,BRIGHOTEL,Consumer Cyclical,Lodging,61.34000015258789,False,318.84,False,False,-32.4,-27.79,False,404.0,EXIT
BETA,BETA,Healthcare,Drug Manufacturers - Specialty & Generic,2366.89990234375,True,35.55,False,True,24.45,32.47,True,362.0,HOLD
HUHTAMAKI,Huhtamaki India Limited,Consumer Cyclical,Packaging & Containers,284.1000061035156,False,124.57,True,True,21.9,26.38,True,2037.0,HOLD
LANDMARK,Landmark Cars Limited,Consumer Cyclical,Auto & Truck Dealerships,547.0499877929688,False,37.31,False,True,3.78,8.3,True,765.0,HOLD
SANSTAR,SANSTAR,Basic Materials,Chemicals,114.4000015258789,False,34.82,False,True,27.49,25.21,True,1110.0,HOLD
PENIND,Pennar Industries Limited,Industrials,Specialty Industrial Machinery,165.6999969482422,False,138.81,True,False,-31.59,-33.05,False,3227.0,EXIT
MOLDTKPAC,Mold-Tek Packaging Limited,Consumer Cyclical,Packaging & Containers,685.5499877929688,False,82.69,True,True,-22.21,-17.62,False,631.0,HOLD
PRAKASH,Prakash Industries Limited,Basic Materials,Steel,126.29000091552734,False,333.14,False,False,-34.83,-36.92,False,2935.0,EXIT
EPACK,EPACK Durable Limited,Consumer Cyclical,"Furnishings, Fixtures & Appliances",229.57000732421875,False,47.75,False,False,-49.27,-44.62,False,2171.0,EXIT
EXICOM,Exicom Tele-Systems Limited,Industrials,Electrical Equipment & Parts,166.5399932861328,False,274.13,True,True,8.47,6.92,True,1020.0,HOLD
JISLJALEQS,Jain Irrigation Systems Limited,Industrials,Conglomerates,31.25,False,96.71,False,False,-39.62,-41.06,False,8536.0,EXIT
GANDHAR,Gandhar Oil Refinery (India) Limited,Energy,Oil & Gas Refining & Marketing,231.41000366210938,False,301.42,False,True,34.43,40.6,True,4113.0,HOLD
RAMCOSYS,Ramco Systems Limited,Technology,Software - Application,621.7000122070312,False,41.5,False,True,55.19,55.44,True,626.0,HOLD
JAYKAY,Jaykay Enterprises Limited,Industrials,Specialty Business Services,156.91000366210938,False,232.53,True,False,,,False,81.0,EXIT
VINCOFE,Vintage Coffee and Beverages Limited,Consumer Defensive,Beverages - Non-Alcoholic,155.33999633789062,False,78.74,True,True,7.06,0.84,True,309.0,HOLD
ESAFSFB,ESAF Small Finance Bank,Financial Services,Banks - Regional,41.720001220703125,False,227.66,False,True,32.26,32.19,True,,HOLD
PRABHA,Prabha Energy Limited,Energy,Oil & Gas E&P,156.69000244140625,False,1.5,True,False,-52.67,-44.08,False,33.45,EXIT
SAKSOFT,Saksoft Limited,Technology,Information Technology Services,177.1999969482422,False,133.27,True,True,-17.99,-17.28,False,883.0,HOLD
SHRINGARMS,Shringar House of Mangalsutra Limited,Consumer Cyclical,Luxury Goods,231.47999572753906,False,102.21000000000001,False,True,,,False,,EXIT
BFUTILITIE,BF Utilities Limited,Industrials,Infrastructure Operations,560.7999877929688,False,158.23000000000002,True,False,-27.48,-28.95,False,969.0,EXIT
NIBE,Nibe Limited,Industrials,Conglomerates,1397.199951171875,False,56.629999999999995,True,True,-14.73,-16.22,False,507.0,HOLD
HPL,HPL Electric & Power Limited,Industrials,Electrical Equipment & Parts,347.95001220703125,False,91.00999999999999,False,False,-44.26,-45.69,False,1700.0,EXIT
HINDOILEXP,Hindustan Oil Exploration Company Limited,Energy,Oil & Gas E&P,158.41000366210938,False,62.74999999999999,False,True,-13.53,-6.03,False,570.0,EXIT
GEOJITFSL,Geojit Financial Services Limited,Financial Services,Capital Markets,76.94999694824219,False,77.85,False,True,1.42,1.49,True,481.0,HOLD
BHARATRAS,Bharat Rasayan Limited,Basic Materials,Agricultural Inputs,1385.300048828125,False,145.72,False,False,-50.52,-52.57,False,1301.0,EXIT
HONDAPOWER,Honda India Power Products Limited,Industrials,Specialty Industrial Machinery,2099.60009765625,False,65.86,False,False,-30.47,-31.93,False,,EXIT
PARACABLES,Paramount Communications Limited,Technology,Communication Equipment,64.36000061035156,False,59.75,False,True,15.06,15.56,True,1555.0,HOLD
VENUSREM,Venus Remedies Limited,Healthcare,Drug Manufacturers - Specialty & Generic,1524.300048828125,False,116.17,True,True,188.4,195.33,True,640.0,HOLD
VENKEYS,Venky's (India) Limited,Consumer Defensive,Farm Products,1581.9000244140625,False,192.31,False,True,7.64,1.42,True,,HOLD
HESTERBIO,Hester Biosciences Limited,Healthcare,Drug Manufacturers - Specialty & Generic,2433.300048828125,False,136.17000000000002,True,True,7.91,16.04,True,311.0,HOLD
TIRUMALCHM,Thirumalai Chemicals Limited,Basic Materials,Specialty Chemicals,170.02000427246094,False,167.91,False,False,-43.04,-45.12,False,2132.0,EXIT
KCP,The KCP Limited,Basic Materials,Building Materials,154.86000061035156,False,197.11,True,False,-27.37,-29.49,False,2846.0,EXIT
KPEL,K.P. Energy Limited,Industrials,Engineering & Construction,310.6499938964844,False,181.39999999999998,True,False,-35.95,-37.4,False,936.0,EXIT
TCIEXP,TCI Express Limited,Industrials,Integrated Freight & Logistics,575.1500244140625,False,81.44,False,True,-16.87,-18.36,False,1254.0,EXIT
BGRENERGY,BGR Energy Systems Limited,Industrials,Engineering & Construction,258.8500061035156,False,1247.16,True,False,140.27,138.42,True,3441.0,HOLD
AEROPLANE,AEROPLANE,Consumer Defensive,Farm Products,200.58999633789062,True,0.0,False,False,,,False,,EXIT
TEAMLEASE,TeamLease Services Limited,Industrials,Staffing & Employment Services,1251.5999755859375,False,147.04,True,False,-35.16,-36.61,False,11156.0,EXIT
INDIANHUME,The Indian Hume Pipe Company Limited,Industrials,Engineering & Construction,390.29998779296875,False,141.1,False,True,-5.8,-7.32,False,,EXIT
CANTABIL,Cantabil Retail India Limited,Consumer Cyclical,Apparel Manufacturing,245.80999755859375,False,95.74000000000001,False,False,-16.29,-11.72,False,,EXIT
GMBREW,G.M. Breweries Limited,Consumer Defensive,Beverages - Wineries & Distilleries,908.2000122070312,False,159.68,True,False,34.03,27.64,True,748.0,HOLD
UEL,Ujaas Energy Limited,Technology,Solar,223.1999969482422,False,3.93,True,True,102.72,102.68,True,486.0,HOLD
LAOPALA,La Opala RG Limited,Consumer Cyclical,"Furnishings, Fixtures & Appliances",196.10000610351562,False,92.30000000000001,False,True,-36.63,-32.01,False,,EXIT
BAJEL,Bajel Projects Limited,Utilities,Utilities - Regulated Electric,183.8000030517578,False,21.12,True,True,-20.12,-28.77,False,2598.0,HOLD
MUKANDLTD,Mukand Limited,Basic Materials,Steel,142.1699981689453,False,604.15,False,True,4.2,1.99,True,5568.0,HOLD
ARMANFIN,Arman Financial Services Limited,Financial Services,Credit Services,2049.800048828125,False,85.75999999999999,True,True,23.59,23.56,True,,HOLD
STYLEBAAZA,Baazar Style Retail Limited,Consumer Cyclical,Apparel Retail,291.1000061035156,False,98.15,True,False,-9.11,-4.55,False,1344.0,EXIT
INDOCO,Indoco Remedies Limited,Healthcare,Drug Manufacturers - Specialty & Generic,222.72000122070312,False,124.35,False,False,-38.12,-29.68,False,1817.0,EXIT
NGLFINE,NGL Fine-Chem Limited,Healthcare,Drug Manufacturers - General,3428.199951171875,True,48.050000000000004,False,True,160.72,167.84,True,368.0,HOLD
DCXINDIA,DCX Systems Limited,Industrials,Aerospace & Defense,180.1699981689453,False,15.829999999999998,False,False,-34.8,-36.25,False,1424.0,EXIT
TINNARUBR,Tinna Rubber and Infrastructure Limited,Basic Materials,Specialty Chemicals,1127.800048828125,False,61.68000000000001,True,True,20.88,18.62,True,530.0,HOLD
SOMANYCERA,Somany Ceramics Limited,Industrials,Building Products & Equipment,500.29998779296875,False,81.19,False,True,-8.72,-10.23,False,2659.0,EXIT
TIL,TIL Limited,Industrials,Farm & Heavy Construction Machinery,260.0,False,30.77,False,True,-23.39,-24.87,False,1472.0,EXIT
SBC,SBC Exports Limited,Industrials,Conglomerates,41.29999923706055,False,34.26,False,True,128.05,126.23,True,231.0,HOLD
GOCLCORP,GOCL Corporation Limited,Basic Materials,Specialty Chemicals,412.3500061035156,False,1522.0,True,True,15.17,12.93,True,1233.0,HOLD
AWFIS,AWFIS,Industrials,Rental & Leasing Services,275.20001220703125,False,70.86,True,False,-56.05,-57.45,False,1208.0,EXIT
JGCHEM,JGCHEM,Basic Materials,Other Industrial Metals & Mining,548.25,True,65.87,False,True,11.45,9.22,True,847.0,HOLD
HGS,Hinduja Global Solutions Limited,Industrials,Specialty Business Services,423.5,False,87.83000000000001,False,False,-28.95,-30.41,False,4986.0,EXIT
NDRAUTO,NDR Auto Components Limited,Consumer Cyclical,Auto Parts,826.0999755859375,False,62.09,True,True,-24.67,-20.08,False,713.0,HOLD
VIDYAWIRES,VIDYAWIRES,Industrials,Electrical Equipment & Parts,92.45999908447266,False,59.77,False,False,,,False,1481.0,EXIT
INDSWFTLAB,Ind-Swift Laboratories Limited,Healthcare,Drug Manufacturers - Specialty & Generic,230.4199981689453,False,254.91000000000003,False,True,114.17,121.59,True,1673.0,HOLD
MSPL,MSP Steel & Power Limited,Basic Materials,Steel,35.88999938964844,False,183.29,True,True,15.57,13.33,True,2905.0,HOLD
SAKAR,Sakar Healthcare Limited,Healthcare,Drug Manufacturers - Specialty & Generic,890.7000122070312,True,30.479999999999997,True,True,151.46,158.63,True,178.0,ADD
SERVOTECH,Servotech Renewable Power System Limited,Industrials,Electrical Equipment & Parts,86.2699966430664,False,37.459999999999994,True,False,-37.84,-39.28,False,674.0,EXIT
ASIANENE,Asian Energy Services Limited,Energy,Oil & Gas Equipment & Services,402.0,False,58.75999999999999,True,True,4.57,11.57,True,465.0,HOLD
ALGOQUANT,Algoquant Fintech Limited,Financial Services,Capital Markets,67.51000213623047,True,33.4,True,False,,,False,235.0,EXIT
GOODYEAR,Goodyear India Limited,Consumer Cyclical,Auto Parts,826.8499755859375,False,61.5,False,False,,,False,,EXIT
SCILAL,Shipping Corporation of India Land and Assets Limited,Real Estate,Real Estate Services,41.15999984741211,False,30.5,False,False,-4.04,-21.14,False,18.0,EXIT
RICOAUTO,Rico Auto Industries Limited,Consumer Cyclical,Auto Parts,155.80999755859375,True,50.51,False,True,113.17,117.43,True,2302.0,HOLD
DYCL,Dynamic Cables Limited,Industrials,Electrical Equipment & Parts,405.6000061035156,False,89.75,True,True,-3.47,-4.99,False,1025.0,HOLD
HATHWAY,Hathway Cable and Datacom Limited,Communication Services,Entertainment,10.899999618530273,False,88.56,False,False,-11.69,-30.01,False,1307.0,EXIT
MARSONS,Marsons Limited,Industrials,Electrical Equipment & Parts,107.9000015258789,False,46.33,True,False,,,False,168.0,EXIT
EIHAHOTELS,EIH Associated Hotels Limited,Consumer Cyclical,Lodging,309.3999938964844,False,87.16999999999999,True,False,-27.9,-23.31,False,197.0,EXIT
BCG,Brightcom Group Limited,Communication Services,Advertising Agencies,9.380000114440918,False,872.1400000000001,False,False,-27.81,-45.92,False,7397.0,EXIT
SIMPLEXINF,Simplex Infrastructures Limited,Industrials,Engineering & Construction,232.16000366210938,False,40.01,False,False,-24.89,-26.36,False,6202.0,EXIT
INSECTICID,Insecticides (India) Limited,Basic Materials,Agricultural Inputs,649.0,False,139.42000000000002,False,False,-39.72,-41.81,False,2000.0,EXIT
GRMOVER,GRM Overseas Limited,Consumer Defensive,Packaged Foods,90.88999938964844,False,74.6,False,False,-24.92,-30.92,False,1379.0,EXIT
VIKRAN,VIKRAN,Industrials,Engineering & Construction,72.87999725341797,False,123.81,False,False,,,False,,EXIT
TBZ,Tribhovandas Bhimji Zaveri Limited,Consumer Cyclical,Luxury Goods,272.1000061035156,False,202.29999999999998,True,True,18.88,23.37,True,2620.0,HOLD
HINDWAREAP,Hindware Home Innovation Limited,Consumer Cyclical,"Furnishings, Fixtures & Appliances",218.1699981689453,False,56.620000000000005,False,False,-33.87,-29.25,False,2872.0,EXIT
CAPACITE,Capacit'e Infraprojects Limited,Industrials,Engineering & Construction,221.8300018310547,False,191.54,False,False,-27.97,-29.43,False,2350.0,EXIT
NUCLEUS,Nucleus Software Exports Limited,Technology,Software - Application,689.8499755859375,False,105.41,False,False,-35.5,-34.68,False,832.0,EXIT
KRISHNADEF,KRISHNADEF,Industrials,Specialty Industrial Machinery,1140.0999755859375,False,34.230000000000004,True,True,38.22,36.6,True,194.0,HOLD
JINDRILL,Jindal Drilling & Industries Limited,Energy,Oil & Gas Equipment & Services,620.3499755859375,False,277.40000000000003,True,True,-9.19,-1.81,False,828.0,HOLD
JAICORPLTD,Jai Corp Limited,Basic Materials,Specialty Chemicals,104.33000183105469,False,169.26999999999998,True,False,-8.24,-10.41,False,748.0,EXIT
PFS,PTC India Financial Services Limited,Financial Services,Credit Services,28.90999984741211,False,271.46000000000004,False,False,-31.8,-31.58,False,,EXIT
IPL,India Pesticides Limited,Basic Materials,Agricultural Inputs,145.39999389648438,False,119.81,False,False,-36.98,-39.07,False,885.0,EXIT
WINDLAS,Windlas Biotech Limited,Healthcare,Drug Manufacturers - Specialty & Generic,856.8499755859375,False,66.45,False,True,-22.59,-14.26,False,760.0,EXIT
CEINSYS,Ceinsys Tech Limited,Industrials,Engineering & Construction,858.0499877929688,False,133.42,True,False,,,False,418.0,EXIT
NITTAGELA,Nitta Gelatin India Limited,Basic Materials,Specialty Chemicals,1674.300048828125,False,97.25,False,False,,,False,,EXIT
JAYBARMARU,Jay Bharat Maruti Limited,Consumer Cyclical,Auto Parts,154.36000061035156,False,139.68,True,True,66.71,71.08,True,2344.0,HOLD
STUDDS,STUDDS,Consumer Cyclical,Auto Parts,439.5,False,78.12,False,False,,,False,584.0,EXIT
BLUSPRING,Bluspring Enterprises Limited,Industrials,Specialty Business Services,116.23999786376953,False,34.05,False,True,29.52,27.92,True,3484.0,HOLD
SHALBY,Shalby Limited,Healthcare,Medical Care Facilities,162.27000427246094,False,37.38,False,False,-34.06,-25.65,False,1087.0,EXIT
MCLOUD,Magellanic Cloud Limited,Technology,Information Technology Services,28.790000915527344,False,114.22999999999999,True,False,-72.6,-71.55,False,600.0,EXIT
SURYODAY,Suryoday Small Finance Bank Limited,Financial Services,Banks - Regional,162.67999267578125,False,196.74,False,True,21.3,21.28,True,,HOLD
GOCOLORS,Go Fashion (India) Limited,Consumer Cyclical,Apparel Retail,324.3500061035156,False,53.41,False,False,-64.25,-59.56,False,190.0,EXIT
HITECH,Hi-Tech Pipes Limited,Basic Materials,Steel,85.33999633789062,False,76.17,True,False,-5.74,-7.92,False,3068.0,EXIT
BFINVEST,BF Investment Limited,Financial Services,Asset Management,477.3999938964844,False,282.01,False,True,-2.26,-2.18,False,1074.0,EXIT
KRSNAA,Krsnaa Diagnostics Limited,Healthcare,Diagnostics & Research,561.4500122070312,False,101.42999999999999,True,False,-46.15,-37.66,False,717.0,EXIT
ACCELYA,Accelya Solutions India Limited,Technology,Information Technology Services,1138.0999755859375,False,107.95,False,False,-22.85,-22.11,False,529.0,EXIT
MTNL,Mahanagar Telephone Nigam Limited,Communication Services,Telecom Services,27.700000762939453,False,3107.2500000000005,False,False,-24.94,-43.08,False,3398.0,EXIT
SMCGLOBAL,SMC Global Securities Limited,Financial Services,Capital Markets,79.80000305175781,False,81.36,False,True,12.81,12.82,True,1778.0,HOLD
AURUM,Aurum PropTech Limited,Real Estate,Real Estate Services,222.8800048828125,False,16.349999999999998,False,True,32.82,15.24,True,988.0,HOLD
DELTACORP,Delta Corp Limited,Consumer Cyclical,Resorts & Casinos,63.52000045776367,False,224.75,False,False,-32.95,-28.34,False,964.0,EXIT
MBEL,MBEL,Industrials,Engineering & Construction,287.8999938964844,False,92.64,False,False,,,False,909.0,EXIT
TARSONS,Tarsons Products Limited,Healthcare,Medical Instruments & Supplies,328.04998779296875,False,14.319999999999999,False,True,-23.6,-15.27,False,392.0,EXIT
YATRA,Yatra Online Limited,Consumer Cyclical,Travel Services,110.5199966430664,False,46.82,True,False,3.46,7.98,True,845.0,HOLD
SUMMITSEC,Summit Securities Limited,Financial Services,Capital Markets,1531.0999755859375,False,65.09,False,False,-28.43,-28.23,False,141.0,EXIT
MAHASTEEL,Mahamaya Steel Industries Limited,Basic Materials,Steel,1076.9000244140625,True,9.6,True,True,211.19,208.4,True,802.0,ADD
VIDHIING,Vidhi Specialty Food Ingredients Limited,Basic Materials,Specialty Chemicals,321.45001220703125,False,53.25000000000001,False,True,-19.94,-22.08,False,537.0,EXIT
WENDT,Wendt (India) Limited,Industrials,Tools & Accessories,8052.0,False,18.03,False,True,-20.77,-22.25,False,234.0,EXIT
5PAISA,5paisa Capital Limited,Financial Services,Capital Markets,367.20001220703125,False,46.28,False,True,-7.46,-7.35,False,395.0,EXIT
SOLARWORLD,SOLARWORLD,Technology,Solar,167.66000366210938,False,117.00999999999999,False,False,,,False,545.0,EXIT
ASIANTILES,Asian Granito India Limited,Industrials,Building Products & Equipment,53.38999938964844,False,75.72,False,False,-10.63,-12.14,False,1564.0,EXIT
JISLDVREQS,Jain Irrigation Systems Limited,Industrials,Conglomerates,22.639999389648438,False,96.71,False,False,-20.48,-21.96,False,,EXIT
INFOBEAN,InfoBeans Technologies Limited,Technology,Software - Application,169.6199951171875,False,62.35,True,False,22.18,22.64,True,395.0,HOLD
MOTISONS,MOTISONS,Consumer Cyclical,Luxury Goods,13.880000114440918,False,63.7,False,False,-41.23,-36.6,False,,EXIT
MOBIKWIK,MOBIKWIK,Technology,Software - Infrastructure,203.3300018310547,False,78.97,True,False,-19.86,-19.14,False,1170.0,EXIT
SPMLINFRA,SPML Infra Limited,Industrials,Engineering & Construction,196.58999633789062,False,74.67999999999999,False,True,-31.67,-33.13,False,1701.0,EXIT
GARUDA,GARUDA,Industrials,Engineering & Construction,178.36000061035156,False,113.39,True,False,-0.96,-2.49,False,226.0,EXIT
DLINKINDIA,D-Link (India) Limited,Technology,Communication Equipment,447.0,False,104.05999999999999,False,True,-18.15,-17.44,False,1384.0,EXIT
WEL,Wonder Electricals Limited,Consumer Cyclical,"Furnishings, Fixtures & Appliances",118.95999908447266,False,9.12,False,False,-33.95,-29.34,False,894.0,EXIT
OMAXE,Omaxe Limited,Real Estate,Real Estate - Development,85.73999786376953,False,696.86,True,True,3.98,-13.23,False,1839.0,HOLD
GTLINFRA,GTL Infrastructure Limited,Technology,Communication Equipment,1.2699999809265137,False,1631.05,True,True,-22.38,-21.64,False,1398.0,HOLD
WALCHANNAG,Walchandnagar Industries Limited,Industrials,Engineering & Construction,233.3699951171875,False,29.89,False,True,21.75,20.17,True,,HOLD
DOLPHIN,Dolphin Offshore Enterprises (India) Limited,Energy,Oil & Gas Equipment & Services,402.20001220703125,False,72.02,True,False,-12.74,-5.25,False,340.0,EXIT
DSSL,Dynacons Systems & Solutions Limited,Technology,Information Technology Services,1243.300048828125,False,84.69000000000001,True,True,20.2,20.68,True,1267.0,HOLD
SHANTIGOLD,SHANTIGOLD,Consumer Cyclical,Luxury Goods,216.9499969482422,False,145.06,False,True,-12.51,-7.94,False,1106.0,EXIT
VOEPL,Virtuoso Optoelectronics Limited,Technology,Consumer Electronics,498.1000061035156,True,22.79,False,False,,,False,,EXIT
PAUSHAKLTD,Paushak Limited,Basic Materials,Specialty Chemicals,712.5499877929688,True,39.32,False,False,,,False,,EXIT
IKIO,IKIO Technologies Limited,Technology,Electronic Components,205.25999450683594,False,38.09,False,True,-0.4,0.2,False,486.0,EXIT
NAVKARCORP,Navkar Corporation Limited,Industrials,Integrated Freight & Logistics,102.12000274658203,False,38.07,False,True,-20.15,-21.63,False,371.0,EXIT
SESHAPAPER,Seshasayee Paper and Boards Limited,Basic Materials,Paper & Paper Products,230.77000427246094,False,92.03,False,False,-14.77,-16.93,False,2083.0,EXIT
ASALCBR,Associated Alcohols & Breweries Limited,Consumer Defensive,Beverages - Wineries & Distilleries,764.25,False,82.64,False,False,-23.11,-29.12,False,1075.0,EXIT
JAGSNPHARM,Jagsonpal Pharmaceuticals Limited,Healthcare,Drug Manufacturers - Specialty & Generic,239.6199951171875,False,45.47,False,True,-26.38,-18.02,False,269.0,EXIT
PNBGILTS,PNB Gilts Ltd.,Financial Services,Capital Markets,83.75,False,369.7,False,True,-25.5,-25.32,False,,EXIT
SIGNPOST,Signpost India Limited,Communication Services,Advertising Agencies,269.8999938964844,False,70.12,True,True,39.05,20.05,True,453.0,HOLD
ARFIN,Arfin India Limited,Basic Materials,Aluminum,85.33999633789062,False,15.44,False,True,118.6,116.07,True,616.0,HOLD
DIGITIDE,Digitide Solutions Limited,Industrials,Specialty Business Services,99.16000366210938,False,23.97,False,False,-55.51,-56.92,False,3269.0,EXIT
ONEPOINT,One Point One Solutions Limited,Industrials,Specialty Business Services,57.189998626708984,False,37.550000000000004,False,True,15.23,13.66,True,256.0,HOLD
IFGLEXPOR,IFGL Refractories Limited,Basic Materials,Building Materials,219.6199951171875,False,40.86,False,True,-8.62,-10.79,False,1653.0,EXIT
GPTINFRA,GPT Infraprojects Limited,Industrials,Engineering & Construction,117.25,False,97.31,True,True,-14.01,-15.51,False,1188.0,HOLD
DOLLAR,Dollar Industries Limited,Consumer Cyclical,Apparel Manufacturing,272.45001220703125,False,107.43,False,False,-36.17,-31.55,False,1710.0,EXIT
IVALUE,iValue Infosolutions Limited,Technology,Information Technology Services,275.20001220703125,False,103.66,False,True,,,False,1296.0,EXIT
SDBL,Som Distilleries & Breweries Limited,Consumer Defensive,Beverages - Brewers,73.38999938964844,False,121.55,True,False,-50.19,-56.03,False,1443.0,EXIT
CNL,Creative Newtech Limited,Technology,Electronics & Computer Distribution,1131.6500244140625,True,69.0,True,True,77.99,78.11,True,1783.0,ADD
RACLGEAR,RACL Geartech Limited,Consumer Cyclical,Auto Parts,1393.0999755859375,False,48.949999999999996,True,True,40.42,44.85,True,415.0,HOLD
AMRUTANJAN,Amrutanjan Health Care Limited,Healthcare,Drug Manufacturers - Specialty & Generic,524.0999755859375,False,57.910000000000004,False,False,-36.23,-27.81,False,177.0,EXIT
IZMO,IZMO Limited,Technology,Software - Application,1031.800048828125,False,47.56,True,True,183.52,182.98,True,225.0,HOLD
AYMSYNTEX,AYM Syntex Limited,Consumer Cyclical,Textile Manufacturing,254.5500030517578,False,14.450000000000001,True,True,12.14,16.64,True,1489.0,HOLD
INDORAMA,Indo Rama Synthetics (India) Limited,Consumer Cyclical,Textile Manufacturing,62.84000015258789,False,161.20000000000002,False,True,17.05,21.54,True,4259.0,HOLD
ONIDA,Onida Electronics Limited,Consumer Cyclical,"Furnishings, Fixtures & Appliances",37.52000045776367,False,74.74,False,True,110.02,114.28,True,,HOLD
ASTEC,Astec LifeSciences Limited,Basic Materials,Agricultural Inputs,616.5499877929688,False,72.59,False,False,-30.54,-32.65,False,677.0,EXIT
MACPOWER,Macpower CNC Machines Limited,Industrials,Specialty Industrial Machinery,1534.9000244140625,True,33.88,False,True,58.29,56.63,True,,HOLD
UGROCAP,UGRO Capital Limited,Financial Services,Credit Services,95.7699966430664,False,174.82,False,False,-48.97,-48.68,False,,EXIT
NINSYS,NINtec Systems Limited,Technology,Information Technology Services,721.25,False,32.010000000000005,True,True,64.49,64.68,True,140.0,HOLD
TEXINFRA,Texmaco Infrastructure & Holdings Limited,Real Estate,Real Estate Services,112.94000244140625,False,10.940000000000001,False,True,29.2,11.68,True,24.0,HOLD
IGPL,I G Petrochemicals Limited,Basic Materials,Chemicals,514.4500122070312,False,53.92,False,True,8.33,6.11,True,2352.0,HOLD
ALLTIME,ALLTIME,Consumer Defensive,Household & Personal Products,220.60000610351562,False,35.41,False,False,,,False,558.0,EXIT
TTKHLTCARE,TTK Healthcare Limited,Healthcare,Drug Manufacturers - General,1045.9000244140625,False,61.44,False,True,-23.51,-15.17,False,,EXIT
KAPSTON,Kapston Services Limited,Industrials,Specialty Business Services,532.8499755859375,True,28.139999999999997,True,True,102.07,100.31,True,689.0,ADD
SULA,Sula Vineyards Limited,Consumer Defensive,Beverages - Wineries & Distilleries,170.75999450683594,False,25.65,False,False,-37.39,-43.31,False,579.0,EXIT
SHRIRAMPPS,Shriram Properties Limited,Real Estate,Real Estate - Development,85.1500015258789,False,114.56,False,True,5.76,-11.47,False,865.0,EXIT
STEELXIND,Steel Exchange India Limited,Basic Materials,Steel,11.520000457763672,False,31.79,False,True,5.56,3.35,True,506.0,HOLD
ATULAUTO,Atul Auto Limited,Consumer Cyclical,Auto Manufacturers,580.9500122070312,False,42.260000000000005,False,True,21.17,25.65,True,667.0,HOLD
DIFFNKG,DIFFNKG,Industrials,Specialty Industrial Machinery,424.20001220703125,False,50.31999999999999,False,True,27.59,25.99,True,335.0,HOLD
IGARASHI,Igarashi Motors India Limited,Consumer Cyclical,Auto Parts,461.04998779296875,False,12.139999999999999,False,True,-35.02,-30.41,False,176.0,EXIT
CLSEL,Chaman Lal Setia Exports Ltd.,Consumer Defensive,Packaged Foods,294.20001220703125,False,114.77,False,True,-4.31,-10.45,False,,EXIT
PUNJABCHEM,Punjab Chemicals and Crop Protection Limited,Basic Materials,Chemicals,1100.0999755859375,False,63.959999999999994,False,False,-21.84,-23.97,False,1006.0,EXIT
BOROSCI,Borosil Scientific Limited,Consumer Cyclical,Packaging & Containers,140.74000549316406,False,42.94,True,True,-18.2,-13.63,False,434.0,HOLD
GALAPREC,GALAPREC,Industrials,Specialty Industrial Machinery,1124.5,False,35.480000000000004,False,True,26.18,24.59,True,238.0,HOLD
GPTHEALTH,GPT Healthcare Limited,Healthcare,Medical Care Facilities,164.6999969482422,False,42.22,False,True,-20.93,-12.62,False,337.0,EXIT
BHARATSE,Bharat Seats Limited,Consumer Cyclical,Auto Parts,226.13999938964844,False,42.23,True,True,94.46,98.76,True,1289.0,HOLD
JAGRAN,Jagran Prakashan Limited,Communication Services,Publishing,62.849998474121094,False,196.96999999999997,False,False,0.32,-18.17,False,2363.0,EXIT
QUADFUTURE,QUADFUTURE,Industrials,Railroads,357.8999938964844,False,45.230000000000004,False,True,-14.66,-16.15,False,,EXIT
KABRAEXTRU,Kabra Extrusiontechnik Limited,Industrials,Specialty Industrial Machinery,454.3999938964844,False,13.950000000000001,False,True,71.78,70.09,True,670.0,HOLD
UDS,Updater Services Limited,Industrials,Specialty Business Services,209.42999267578125,False,86.81,False,True,-28.96,-30.42,False,2736.0,EXIT
MOL,Meghmani Organics Limited,Basic Materials,Agricultural Inputs,53.38999938964844,False,71.3,False,False,-42.78,-44.85,False,2557.0,EXIT
DCW,DCW Limited,Basic Materials,Chemicals,46.560001373291016,False,48.18,False,False,-40.36,-42.44,False,1327.0,EXIT
SUMEETINDS,Sumeet Industries Limited,Consumer Cyclical,Textile Manufacturing,19.1299991607666,False,34.379999999999995,False,False,-32.64,-28.03,False,1406.0,EXIT
PNGSREVA,PNGSREVA,Consumer Cyclical,Luxury Goods,510.95001220703125,True,68.75,False,False,,,False,,EXIT
SPIC,Southern Petrochemical Industries Corporation Limited,Basic Materials,Agricultural Inputs,68.29000091552734,False,211.49,False,False,-27.71,-29.83,False,3086.0,EXIT
IMPAL,India Motor Parts & Accessories Limited,Consumer Cyclical,Auto Parts,1115.300048828125,False,92.75,True,True,-1.64,2.89,False,741.0,HOLD
BHARATWIRE,Bharat Wire Ropes Limited,Basic Materials,Steel,203.83999633789062,False,72.45,False,True,11.83,9.6,True,622.0,HOLD
AEROENTER,Aeroflex Enterprises Limited,Basic Materials,Steel,132.13999938964844,False,64.23,False,True,30.64,28.36,True,578.0,HOLD
PASHUPATI,Pashupati Cotspin Limited,Consumer Cyclical,Textile Manufacturing,84.62999725341797,False,10.39,False,False,14.01,18.51,True,661.0,EXIT
GODAVARIB,GODAVARIB,Basic Materials,Chemicals,267.3999938964844,False,118.74,True,False,-14.7,-16.85,False,2015.0,EXIT
CENTENKA,Century Enka Limited,Consumer Cyclical,Textile Manufacturing,612.9500122070312,False,147.16,True,True,14.11,18.6,True,2072.0,HOLD
PRECAM,Precision Camshafts Limited,Consumer Cyclical,Auto Parts,145.1999969482422,False,51.25000000000001,False,False,-25.75,-21.15,False,1080.0,EXIT
CAPITALSFB,Capital Small Finance Bank Limited,Financial Services,Banks - Regional,296.3500061035156,False,147.79999999999998,False,True,-11.67,-11.54,False,,EXIT
FINOPB,Fino Payments Bank Limited,Financial Services,Banks - Regional,161.47000122070312,False,67.31,False,False,-40.17,-39.92,False,,EXIT
UNIENTER,Uniphos Enterprises Limited,Basic Materials,Chemicals,96.93000030517578,False,25.61,False,False,-40.19,-42.27,False,,EXIT
SKMEGGPROD,SKM Egg Products Export (India) Limited,Consumer Defensive,Packaged Foods,230.74000549316406,False,86.57,False,True,48.49,42.0,True,701.0,HOLD
KALAMANDIR,Sai Silks (Kalamandir) Limited,Consumer Cyclical,Apparel Retail,88.79000091552734,False,126.49000000000001,False,False,-58.21,-53.54,False,1462.0,EXIT
SURAKSHA,SURAKSHA,Healthcare,Diagnostics & Research,252.3000030517578,False,32.19,False,False,-27.16,-18.8,False,252.0,EXIT
ICEMAKE,Ice Make Refrigeration Limited,Industrials,Specialty Industrial Machinery,817.8499755859375,False,15.03,False,True,1.46,-0.07,False,480.0,EXIT
NIITLTD,NIIT Limited,Consumer Defensive,Education & Training Services,98.5999984741211,False,20.84,False,True,-16.77,-22.82,False,513.0,EXIT
DEN,DEN Networks Limited,Communication Services,Entertainment,27.440000534057617,False,130.61,False,False,-13.29,-31.59,False,1307.0,EXIT
FAZE3Q,Faze Three Limited,Consumer Cyclical,Textile Manufacturing,550.9500122070312,False,43.97,False,True,-11.91,-7.35,False,690.0,EXIT
RATNAVEER,Ratnaveer Precision Engineering Limited,Basic Materials,Steel,203.25,False,67.59,False,True,42.93,40.61,True,,HOLD
JYOTISTRUC,Jyoti Structures Limited,Industrials,Specialty Industrial Machinery,12.119999885559082,False,56.03,False,True,-28.43,-29.89,False,3636.0,EXIT
BUTTERFLY,Butterfly Gandhimathi Appliances Limited,Consumer Cyclical,"Furnishings, Fixtures & Appliances",667.5999755859375,False,45.64,False,True,-18.68,-14.1,False,,EXIT
ELECTHERM,Electrotherm (India) Limited,Basic Materials,Steel,1007.7999877929688,False,98.42,False,True,18.47,16.22,True,4272.0,HOLD
SHREEPUSHK,Shree Pushkar Chemicals & Fertilisers Limited,Basic Materials,Specialty Chemicals,416.45001220703125,False,70.1,True,True,7.3,5.08,True,806.0,HOLD
RUPA,Rupa & Company Limited,Consumer Cyclical,Apparel Manufacturing,161.6699981689453,False,72.49,False,True,-30.5,-25.9,False,1430.0,EXIT
PLATIND,Platinum Industries Limited,Basic Materials,Specialty Chemicals,227.4600067138672,False,0.0,False,False,-20.43,-22.57,False,392.0,EXIT
ASIANHOTNR,Asian Hotels (North) Limited,Consumer Cyclical,Lodging,306.6499938964844,False,164.85000000000002,True,False,-2.69,1.85,False,354.0,EXIT
MANAKCOAT,Manaksia Coated Metals & Industries Limited,Industrials,Metal Fabrication,117.91999816894531,False,26.729999999999997,True,False,-27.11,-28.57,False,782.0,EXIT
WAAREEINDO,Indosolar Limited,Technology,Solar,329.0,False,236.88,False,False,-4.04,-3.42,False,,EXIT
ROTO,Roto Pumps Limited,Industrials,Specialty Industrial Machinery,66.01000213623047,False,24.770000000000003,False,True,-27.51,-28.98,False,298.0,EXIT
DHANBANK,Dhanlaxmi Bank Limited,Financial Services,Banks - Regional,32.70000076293945,False,104.46000000000001,False,True,18.83,18.82,True,,HOLD
KROSS,KROSS,Consumer Cyclical,Auto Parts,204.94000244140625,False,57.81999999999999,False,True,10.92,15.42,True,,HOLD
RGL,Renaissance Global Limited,Consumer Cyclical,Luxury Goods,124.94999694824219,False,65.47,False,True,-0.73,3.8,False,2591.0,EXIT
RUBYMILLS,The Ruby Mills Limited,Consumer Cyclical,Textile Manufacturing,349.04998779296875,False,43.56,False,True,34.67,39.12,True,260.0,HOLD
EXPLEOSOL,Expleo Solutions Limited,Technology,Information Technology Services,811.7000122070312,False,123.98,False,False,-35.52,-34.71,False,1025.0,EXIT
ARIHANT,Arihant Foundations & Housing Limited,Real Estate,Real Estate - Development,1136.5999755859375,True,60.63,False,False,,,False,,EXIT
EXCELINDUS,Excel Industries Limited,Basic Materials,Specialty Chemicals,1041.5999755859375,False,75.66999999999999,False,True,-21.46,-23.6,False,1178.0,EXIT
ALLDIGI,Alldigi Tech Limited,Industrials,Specialty Business Services,811.5999755859375,False,82.73,False,False,-26.75,-28.22,False,546.0,EXIT
SYNCOMF,Syncom Formulations (India) Limited,Healthcare,Drug Manufacturers - Specialty & Generic,13.329999923706055,False,76.43,True,False,-39.23,-30.79,False,463.0,EXIT
BLKASHYAP,B.L. Kashyap and Sons Limited,Industrials,Engineering & Construction,53.54999923706055,False,43.82,False,True,-29.23,-30.69,False,1349.0,EXIT
GULPOLY,Gulshan Polyols Limited,Basic Materials,Chemicals,208.91000366210938,False,107.33,True,True,19.91,17.65,True,2020.0,HOLD
OAL,Oriental Aromatics Limited,Basic Materials,Specialty Chemicals,376.1499938964844,False,7.15,False,True,1.19,-1.01,False,935.0,EXIT
GYFTR,Gyftr Limited,Industrials,Specialty Business Services,161.30999755859375,True,21.81,False,False,,,False,,EXIT
BHAGYANGR,Bhagyanagar India Limited,Basic Materials,Copper,383.75,False,59.15,True,True,311.7,308.61,True,1847.0,HOLD
ANDHRAPAP,Andhra Paper Limited,Basic Materials,Paper & Paper Products,60.619998931884766,False,59.14,False,False,-22.95,-25.09,False,,EXIT
AWHCL,Antony Waste Handling Cell Limited,Industrials,Waste Management,427.45001220703125,False,75.45,False,False,-32.45,-33.9,False,934.0,EXIT
HARIOMPIPE,Hariom Pipe Industries Limited,Basic Materials,Steel,405.54998779296875,False,75.69999999999999,True,True,-11.09,-13.25,False,1604.0,HOLD
INDOBORAX,Indo Borax & Chemicals Limited,Basic Materials,Chemicals,412.25,False,50.260000000000005,True,True,41.32,39.01,True,225.0,HOLD
ALLCARGO,Allcargo Logistics Limited,Industrials,Integrated Freight & Logistics,8.140000343322754,False,123.92,False,False,-79.7,-81.05,False,19062.0,EXIT
AGL,AGL,Industrials,Integrated Freight & Logistics,13.149999618530273,False,0.0,False,False,,,False,,EXIT
DOLATALGO,Dolat Algotech Limited,Financial Services,Capital Markets,67.6500015258789,False,128.93,False,False,-26.57,-26.38,False,530.0,EXIT
EKC,Everest Kanto Cylinder Limited,Industrials,Specialty Industrial Machinery,109.52999877929688,False,146.85000000000002,False,False,-20.86,-22.35,False,1699.0,EXIT
ORIENTTECH,ORIENTTECH,Technology,Information Technology Services,260.70001220703125,False,43.830000000000005,False,False,-14.17,-13.49,False,840.0,EXIT
STLNETWORK,STLNETWORK,Communication Services,Telecom Services,24.139999389648438,False,98.57,False,True,,,False,1180.0,EXIT
MENONBE,Menon Bearings Limited,Consumer Cyclical,Auto Parts,232.86000061035156,True,45.57,True,True,65.96,70.33,True,243.0,ADD
RSL,RSL,Basic Materials,Steel,150.4499969482422,True,21.369999999999997,False,False,,,False,,EXIT
GCSL,Gretex Corporate Services Limited,Financial Services,Capital Markets,523.0499877929688,True,18.69,False,True,,,False,262.0,EXIT
RAJRILTD,Raj Rayon Industries Limited,Consumer Cyclical,Textile Manufacturing,21.809999465942383,False,33.989999999999995,False,False,-26.96,-22.36,False,,EXIT
LAXMIDENTL,LAXMIDENTL,Healthcare,Medical Instruments & Supplies,219.60000610351562,False,28.98,False,False,-59.34,-50.76,False,239.0,EXIT
GREENPOWER,Orient Green Power Company Limited,Utilities,Utilities - Independent Power Producers,10.0,False,147.47,True,False,-21.48,-30.09,False,413.0,EXIT
APEX,Apex Frozen Foods Limited,Consumer Defensive,Farm Products,377.75,False,38.85,False,True,68.55,61.93,True,,HOLD
LINCOLN,Lincoln Pharmaceuticals Limited,Healthcare,Drug Manufacturers - Specialty & Generic,610.8499755859375,False,87.89000000000001,False,True,1.98,10.14,True,623.0,HOLD
SEPC,SEPC Limited,Industrials,Engineering & Construction,6.320000171661377,False,53.540000000000006,True,False,-48.77,-50.19,False,1208.0,EXIT
SRM,SRM,Industrials,Engineering & Construction,510.54998779296875,False,111.02,False,True,7.23,5.69,True,528.0,HOLD
GENESYS,Genesys International Corporation Limited,Technology,Software - Application,328.70001220703125,False,32.57,False,False,-48.42,-47.53,False,284.0,EXIT
BAJAJHCARE,Bajaj HealthCare Limited,Healthcare,Drug Manufacturers - Specialty & Generic,332.95001220703125,False,64.05,False,False,-41.39,-32.94,False,,EXIT
ARIHANTSUP,Arihant Superstructures Limited,Real Estate,Real Estate - Development,260.25,False,32.58,False,False,-25.65,-42.47,False,510.0,EXIT
ULTRAMAR,Ultramarine & Pigments Limited,Basic Materials,Specialty Chemicals,392.25,False,80.79,False,False,,,False,,EXIT
CENTRUM,Centrum Capital Limited,Financial Services,Financial Conglomerates,24.06999969482422,False,165.4,True,False,-42.97,-42.71,False,9895.0,EXIT
RIIL,Reliance Industrial Infrastructure Limited,Industrials,Engineering & Construction,750.1500244140625,False,12.17,False,False,-15.15,-16.65,False,102.0,EXIT
UNITECH,Unitech Limited,Real Estate,Real Estate - Diversified,4.150000095367432,False,2455.74,True,False,-28.54,-45.33,False,3431.0,EXIT
GRPLTD,GRP Limited,Consumer Cyclical,Auto Parts,1977.300048828125,False,8.35,False,True,-23.16,-18.58,False,550.0,EXIT
MANALIPETC,Manali Petrochemicals Limited,Basic Materials,Specialty Chemicals,65.66000366210938,False,129.96,False,True,-1.58,-3.77,False,1672.0,EXIT
ANDHRSUGAR,The Andhra Sugars Limited,Basic Materials,Chemicals,86.73999786376953,False,83.22,False,True,11.85,9.62,True,2368.0,HOLD
ALICON,Alicon Castalloy Limited,Industrials,Metal Fabrication,718.0499877929688,False,34.440000000000005,False,False,-19.18,-20.67,False,1526.0,EXIT
AMNPLST,Amines & Plasticizers Limited,Basic Materials,Chemicals,198.52000427246094,False,36.53,False,True,-10.97,-13.14,False,661.0,EXIT
JINDALPHOT,Jindal Photo Limited,Financial Services,Asset Management,1068.5999755859375,False,222.42,False,False,22.51,22.49,True,1412.0,EXIT
ARROWGREEN,Arrow Greentech Limited,Consumer Cyclical,Packaging & Containers,745.0999755859375,False,47.35,False,True,-7.14,-2.59,False,243.0,EXIT
AVTNPL,AVT Natural Products Limited,Basic Materials,Specialty Chemicals,70.80999755859375,False,64.8,False,True,-4.71,-6.9,False,582.0,EXIT
GHCLTEXTIL,GHCL Textiles Limited,Consumer Cyclical,Textile Manufacturing,114.95999908447266,True,70.37,False,True,24.86,29.33,True,,HOLD
VHL,Vardhman Holdings Limited,Financial Services,Credit Services,3432.39990234375,False,216.02999999999997,False,False,-17.22,-17.08,False,70.0,EXIT
BCLIND,BCL Industries Limited,Consumer Defensive,Beverages - Wineries & Distilleries,36.849998474121094,False,114.97999999999999,True,True,-15.35,-21.41,False,2815.0,HOLD
MONTECARLO,Monte Carlo Fashions Limited,Consumer Cyclical,Apparel Manufacturing,500.95001220703125,False,144.6,True,False,-21.92,-17.34,False,1118.0,EXIT
DAMCAPITAL,DAMCAPITAL,Financial Services,Capital Markets,153.41000366210938,False,72.69,False,False,-33.32,-33.1,False,250.0,EXIT
HITECHGEAR,The Hi-Tech Gears Limited,Consumer Cyclical,Auto Parts,568.9500122070312,False,20.979999999999997,False,False,-28.18,-23.58,False,1169.0,EXIT
JPOLYINVST,Jindal Poly Investment and Finance Company Limited,Financial Services,Asset Management,1044.0999755859375,False,857.5099999999999,True,False,30.81,30.74,True,3125.0,HOLD
MADRASFERT,Madras Fertilizers Limited,Basic Materials,Agricultural Inputs,66.86000061035156,False,80.42,False,False,-30.75,-32.86,False,,EXIT
SHREDIGCEM,Shree Digvijay Cement Company Limited,Basic Materials,Building Materials,72.2300033569336,False,35.53,False,False,-14.66,-16.81,False,792.0,EXIT
MWL,MWL,Basic Materials,Steel,42.849998474121094,True,51.89,False,True,130.08,127.51,True,1060.0,HOLD
GANDHITUBE,Gandhi Special Tubes Limited,Industrials,Metal Fabrication,896.9500122070312,False,68.36,True,True,16.5,14.93,True,173.0,HOLD
CREST,Crest Ventures Limited,Financial Services,Financial Conglomerates,380.79998779296875,False,48.51,False,True,-1.56,-1.48,False,,EXIT
STEL,STEL Holdings Limited,Financial Services,Asset Management,559.0499877929688,False,11.99,False,True,34.06,33.98,True,22.0,HOLD
NELCAST,Nelcast Limited,Industrials,Metal Fabrication,125.94000244140625,False,48.81,False,True,-28.87,-30.33,False,1267.0,EXIT
IRMENERGY,IRM Energy Limited,Utilities,Utilities - Regulated Gas,277.04998779296875,False,53.220000000000006,False,True,5.5,-3.84,False,980.0,EXIT
ARIS,Arisinfra Solutions Limited,Industrials,Engineering & Construction,130.2100067138672,False,52.72,True,True,-14.73,-16.23,False,768.0,HOLD
TNPL,Tamil Nadu Newsprint and Papers Limited,Basic Materials,Paper & Paper Products,153.49000549316406,False,276.6,False,True,-2.43,-4.62,False,,EXIT
JARO,JARO,Consumer Defensive,Education & Training Services,453.8500061035156,False,50.44,False,False,,,False,199.0,EXIT
SALZERELEC,Salzer Electronics Limited,Industrials,Electrical Equipment & Parts,606.7999877929688,False,52.94,True,False,-33.48,-34.93,False,1418.0,EXIT
LGHL,LGHL,Consumer Cyclical,Luxury Goods,201.97999572753906,False,10.83,True,False,-37.77,-33.15,False,202.0,EXIT
HMAAGRO,HMA Agro Industries Limited,Consumer Defensive,Packaged Foods,20.670000076293945,False,164.75,False,False,-30.78,-36.74,False,4862.0,EXIT
EIMCOELECO,Eimco Elecon (India) Limited,Industrials,Farm & Heavy Construction Machinery,1814.300048828125,False,48.74000000000001,True,True,-25.05,-26.52,False,228.0,HOLD
WANBURY,Wanbury Limited,Healthcare,Drug Manufacturers - Specialty & Generic,278.79998779296875,False,66.13,False,True,-7.47,0.76,False,661.0,EXIT
AFSL,Abans Financial Services Limited,Financial Services,Capital Markets,201.2100067138672,False,104.07000000000001,False,False,-12.91,-12.78,False,4377.0,EXIT
SALASAR,Salasar Techno Engineering Limited,Basic Materials,Steel,5.920000076293945,False,42.199999999999996,False,False,-18.23,-20.38,False,1447.0,EXIT
BALAJITELE,Balaji Telefilms Limited,Communication Services,Entertainment,84.66000366210938,False,49.089999999999996,False,False,3.07,-15.45,False,625.0,EXIT
SUYOG,Suyog Telematics Limited,Communication Services,Telecom Services,839.5,False,63.06,False,True,18.38,-0.35,False,193.0,EXIT
NAHARSPING,Nahar Spinning Mills Limited,Consumer Cyclical,Textile Manufacturing,328.95001220703125,False,56.940000000000005,False,True,35.63,40.07,True,,HOLD
MUNJALAU,Munjal Auto Industries Limited,Consumer Cyclical,Auto Parts,104.4000015258789,False,40.74,False,True,32.86,37.31,True,2123.0,HOLD
RSWM,RSWM Limited,Consumer Cyclical,Textile Manufacturing,224.6199951171875,False,52.02,False,True,41.63,46.06,True,4826.0,HOLD
MASTERTR,Master Trust Limited,Financial Services,Capital Markets,81.91000366210938,False,126.08999999999999,False,False,-53.43,-53.12,False,584.0,EXIT
AVADHSUGAR,Avadh Sugar & Energy Limited,Consumer Defensive,Confectioners,609.25,False,87.31,False,True,40.68,34.25,True,,HOLD
KRISHIVAL,KRISHIVAL,Consumer Defensive,Packaged Foods,387.75,False,21.48,True,True,4.71,-1.49,False,202.0,HOLD
BIRLANU,BirlaNu Limited,Industrials,Building Products & Equipment,1396.5999755859375,False,119.52,False,False,-32.5,-33.96,False,3615.0,EXIT
FAIRCHEMOR,Fairchem Organics Limited,Basic Materials,Specialty Chemicals,780.8499755859375,False,14.569999999999999,False,True,-12.44,-14.6,False,,EXIT
GKSL,GKSL,Healthcare,Medical Care Facilities,134.57000732421875,False,17.060000000000002,False,False,,,False,40.24,EXIT
GEMAROMA,GEMAROMA,Basic Materials,Chemicals,184.6300048828125,False,36.18,False,True,,,False,504.0,EXIT
GAUDIUMIVF,GAUDIUMIVF,Healthcare,Medical Care Facilities,131.0,False,21.849999999999998,False,False,,,False,71.0,EXIT
MAMATA,MAMATA,Industrials,Specialty Industrial Machinery,425.1499938964844,False,15.06,False,True,-10.11,-11.62,False,255.0,EXIT
HIMATSEIDE,Himatsingka Seide Limited,Consumer Cyclical,Textile Manufacturing,79.88999938964844,False,61.97,False,False,-48.04,-43.39,False,3184.0,EXIT
BIL,Bhartiya International Ltd.,Consumer Cyclical,Footwear & Accessories,808.1500244140625,False,30.990000000000002,False,True,-14.8,-10.24,False,1029.0,EXIT
SIGACHI,Sigachi Industries Limited,Healthcare,Drug Manufacturers - Specialty & Generic,25.65999984741211,False,121.52999999999999,False,False,-41.35,-32.89,False,488.0,EXIT
WEALTH,Wealth First Portfolio Managers Limited,Financial Services,Capital Markets,937.0999755859375,False,38.67,False,False,-29.79,-29.59,False,331.0,EXIT
ZUARI,Zuari Agro Chemicals Limited,Basic Materials,Agricultural Inputs,227.4499969482422,False,969.86,True,False,-35.76,-37.86,False,8103.0,EXIT
SOLEX,SOLEX,Technology,Solar,923.75,False,86.16,True,False,-34.58,-33.77,False,662.0,EXIT
AMBIKCO,Ambika Cotton Mills Limited,Consumer Cyclical,Textile Manufacturing,1802.300048828125,False,71.56,False,True,12.34,16.84,True,,HOLD
HEALTHX,Health X Platform Limited,Healthcare,Pharmaceutical Retailers,306.20001220703125,False,48.900000000000006,False,True,-2.8,5.4,False,,EXIT
THEMISMED,Themis Medicare Limited,Healthcare,Drug Manufacturers - Specialty & Generic,116.05999755859375,False,36.82,False,True,1.46,9.63,True,406.0,HOLD
YUKEN,Yuken India Limited,Industrials,Specialty Industrial Machinery,749.4000244140625,False,15.489999999999998,False,False,-28.05,-29.51,False,457.0,EXIT
GKWLIMITED,GKW Limited,Industrials,Specialty Business Services,1646.800048828125,False,40.09,True,False,-3.68,-5.2,False,117.78,EXIT
PRECOT,Precot Limited,Consumer Cyclical,Textile Manufacturing,826.8499755859375,True,28.29,False,True,39.45,43.89,True,993.0,HOLD
KAMDHENU,Kamdhenu Limited,Basic Materials,Steel,34.61000061035156,False,85.62,True,True,13.68,11.45,True,924.0,HOLD
MAFATIND,Mafatlal Industries Limited,Unknown,Unknown,134.3300018310547,False,89.98,False,False,,,False,,EXIT
CONSOFINVT,Consolidated Finvest & Holdings Limited,Financial Services,Capital Markets,312.04998779296875,True,63.26,False,True,58.34,58.15,True,,HOLD
UNIECOM,UNIECOM,Technology,Software - Application,85.18000030517578,False,20.45,False,False,-33.28,-32.48,False,135.0,EXIT
DENTA,DENTA,Industrials,Engineering & Construction,350.45001220703125,False,60.900000000000006,False,True,9.91,8.36,True,239.0,HOLD
RAJOOENG,Rajoo Engineers Limited,Industrials,Specialty Industrial Machinery,51.09000015258789,False,50.84,True,False,-55.22,-56.62,False,254.0,EXIT
PRIMESECU,Prime Securities Limited,Financial Services,Capital Markets,291.3500061035156,False,29.290000000000003,False,True,2.3,2.36,True,89.0,HOLD
SURAJEST,SURAJEST,Real Estate,Real Estate - Development,205.36000061035156,False,75.47,False,False,-16.02,-32.97,False,549.0,EXIT
SGIL,Synergy Green Industries Limited,Industrials,Metal Fabrication,600.6500244140625,True,7.64,False,True,11.82,10.27,True,,HOLD
GAYAPROJ,Gayatri Projects Limited,Industrials,Engineering & Construction,19.0,False,2272.04,False,True,133.75,131.91,True,,HOLD
BHAGERIA,Bhageria Industries Limited,Basic Materials,Specialty Chemicals,210.72000122070312,False,68.44,False,True,15.88,13.64,True,597.0,HOLD
INDOAMIN,Indo Amines Limited,Basic Materials,Chemicals,128.83999633789062,False,79.33,True,True,-12.04,-14.2,False,1079.0,HOLD
MICEL,MIC Electronics Limited,Technology,Electronic Components,37.04999923706055,False,25.47,False,False,-32.81,-32.01,False,218.0,EXIT
SWELECTES,Swelect Energy Systems Limited,Technology,Solar,632.0499877929688,False,55.17,False,True,-8.94,-8.29,False,622.0,EXIT
KOPRAN,Kopran Limited,Healthcare,Drug Manufacturers - General,195.89999389648438,False,45.580000000000005,False,True,9.82,17.94,True,630.0,HOLD
TVSELECT,TVS Electronics Limited,Technology,Computer Hardware,503.8500061035156,False,8.36,False,True,19.3,19.78,True,4112.0,HOLD
WCIL,WCIL,Industrials,Integrated Freight & Logistics,90.66000366210938,False,38.82,False,False,-21.26,-22.74,False,1726.0,EXIT
ESTER,Ester Industries Limited,Basic Materials,Specialty Chemicals,88.19999694824219,False,43.22,False,False,-21.13,-23.27,False,1282.0,EXIT
IFBAGRO,IFB Agro Industries Limited,Consumer Defensive,Beverages - Wineries & Distilleries,978.3499755859375,False,59.650000000000006,True,False,23.79,17.46,True,1246.0,HOLD
STERTOOLS,Sterling Tools Limited,Industrials,Tools & Accessories,251.89999389648438,False,29.330000000000005,False,True,-25.45,-26.92,False,1026.0,EXIT
CONTROLPR,Control Print Limited,Industrials,Business Equipment & Supplies,571.0,False,38.959999999999994,False,False,-27.43,-28.9,False,425.0,EXIT
KECL,Kirloskar Electric Company Limited,Industrials,Specialty Industrial Machinery,150.2100067138672,False,15.13,False,True,20.02,18.44,True,680.0,HOLD
VHLTD,Viceroy Hotels Limited,Consumer Cyclical,Lodging,125.8499984741211,False,24.36,False,False,8.05,12.56,True,138.0,EXIT
MAXIND,Max India Limited,Healthcare,Medical Care Facilities,171.22000122070312,False,121.85000000000001,False,True,-34.03,-25.63,False,233.0,EXIT
DHARMAJ,Dharmaj Crop Guard Limited,Basic Materials,Agricultural Inputs,270.25,False,54.650000000000006,True,True,-20.32,-22.46,False,951.0,HOLD
IRISDOREME,Iris Clothings Limited,Consumer Cyclical,Apparel Manufacturing,53.47999954223633,False,16.55,False,True,56.35,60.75,True,,HOLD
MATRIMONY,Matrimony.com Limited,Communication Services,Internet Content & Information,427.54998779296875,False,34.17,False,False,-6.95,-25.34,False,481.0,EXIT
PDMJEPAPER,Pudumjee Paper Products Limited,Basic Materials,Paper & Paper Products,95.72000122070312,False,93.59,False,True,-27.31,-29.43,False,,EXIT
SICALLOG,Sical Logistics Limited,Industrials,Integrated Freight & Logistics,99.7699966430664,False,72.93,True,True,-12.73,-14.23,False,1303.0,HOLD
STANLEY,STANLEY,Consumer Cyclical,"Furnishings, Fixtures & Appliances",154.3800048828125,False,14.9,False,False,-61.22,-56.54,False,432.0,EXIT
BSHSL,Bombay Super Hybrid Seeds Limited,Basic Materials,Agricultural Inputs,87.62999725341797,False,23.14,False,False,-36.55,-38.64,False,,EXIT
EXCELSOFT,EXCELSOFT,Technology,Software - Application,83.94999694824219,False,53.39,False,False,,,False,233.0,EXIT
BODALCHEM,Bodal Chemicals Limited,Basic Materials,Specialty Chemicals,75.19000244140625,False,47.82000000000001,False,True,5.67,3.46,True,2055.0,HOLD
SEJALLTD,Sejal Glass Limited,Industrials,Building Products & Equipment,720.1500244140625,False,24.490000000000002,False,False,29.22,27.63,True,244.0,EXIT
FINKURVE,Finkurve Financial Services Limited,Financial Services,Credit Services,59.04999923706055,False,26.029999999999998,True,False,,,False,,EXIT
SCODATUBES,Scoda Tubes Limited,Basic Materials,Steel,145.7899932861328,False,38.839999999999996,False,False,-23.56,-25.69,False,,EXIT
LIKHITHA,Likhitha Infrastructure Limited,Energy,Oil & Gas Equipment & Services,220.8000030517578,False,39.209999999999994,False,True,-30.6,-22.62,False,520.0,EXIT
DHAMPURSUG,Dhampur Sugar Mills Limited,Consumer Defensive,Confectioners,149.3000030517578,False,80.85999999999999,False,True,7.96,1.74,True,3484.0,HOLD
MODISONLTD,Modison Limited,Industrials,Electrical Equipment & Parts,282.8999938964844,False,72.53,True,True,68.74,67.05,True,490.0,HOLD
NDTV,New Delhi Television Limited,Communication Services,Broadcasting,77.16999816894531,False,330.12,True,False,-29.38,-47.47,False,571.0,EXIT
HEXATRADEX,Hexa Tradex Limited,Financial Services,Credit Services,160.22000122070312,False,8.72,False,False,-15.9,-15.76,False,133.23,EXIT
JITFINFRA,JITF Infralogistics Limited,Industrials,Engineering & Construction,346.8500061035156,False,48.14,False,True,-0.97,-2.5,False,2535.0,EXIT
TNPETRO,Tamilnadu Petroproducts Limited,Basic Materials,Specialty Chemicals,97.93000030517578,False,97.46000000000001,False,True,-1.49,-3.68,False,2150.0,EXIT
COMSYN,Commercial Syn Bags Limited,Consumer Cyclical,Packaging & Containers,209.72000122070312,True,26.31,False,True,50.81,55.22,True,341.0,HOLD
BORANA,BORANA,Consumer Cyclical,Textile Manufacturing,329.5,False,64.61,False,True,39.58,44.01,True,,HOLD
KOKUYOCMLN,Kokuyo Camlin Limited,Industrials,Business Equipment & Supplies,88.27999877929688,False,24.78,True,False,-24.62,-26.09,False,689.0,EXIT
OMINFRAL,Om Infra Limited,Industrials,Engineering & Construction,89.36000061035156,False,22.529999999999998,False,False,-26.26,-27.73,False,1114.0,EXIT
ARIHANTCAP,Arihant Capital Markets Limited,Financial Services,Capital Markets,77.75,False,40.25,False,False,-27.98,-27.79,False,241.0,EXIT
ROHLTD,Royal Orchid Hotels Limited,Consumer Cyclical,Lodging,312.75,False,32.18,False,False,-29.71,-25.1,False,319.0,EXIT
TEMBO,Tembo Global Industries Limited,Industrials,Metal Fabrication,65.9000015258789,False,96.35,False,False,-89.34,-90.67,False,744.0,EXIT
ORICONENT,Oricon Enterprises Limited,Consumer Cyclical,Packaging & Containers,53.72999954223633,False,34.12,False,False,-3.44,1.1,False,1167.0,EXIT
UTTAMSUGAR,Uttam Sugar Mills Limited,Consumer Defensive,Confectioners,250.44000244140625,False,100.28,False,True,0.64,-5.53,False,2047.0,EXIT
RADHIKAJWE,Radhika Jeweltech Limited,Consumer Cyclical,Luxury Goods,70.30000305175781,False,74.78999999999999,False,True,-39.84,-35.21,False,,EXIT
REGAAL,REGAAL,Consumer Defensive,Packaged Foods,86.62000274658203,False,55.57,False,True,,,False,915.0,EXIT
DVL,Dhunseri Ventures Limited,Financial Services,Capital Markets,264.0,False,112.34,False,True,-29.03,-28.83,False,4172.0,EXIT
KRYSTAL,KRYSTAL,Industrials,Specialty Business Services,600.0999755859375,False,55.46,False,True,-8.15,-9.67,False,1113.0,EXIT
SYSTMTXC,Systematix Corporate Services Limited,Financial Services,Capital Markets,59.75,False,28.640000000000004,False,False,,,False,168.0,EXIT
SUDARCOLOR,Sudarshan Colorants India Limited,Basic Materials,Specialty Chemicals,381.3999938964844,False,48.519999999999996,False,False,-37.41,-39.5,False,973.0,EXIT
SALSTEEL,S.A.L. Steel Limited,Basic Materials,Steel,59.790000915527344,True,21.060000000000002,False,True,262.96,260.02,True,,HOLD
SRHHYPOLTD,Sree Rayalaseema Hi-Strength Hypo Limited,Basic Materials,Chemicals,488.1499938964844,False,89.50999999999999,False,False,-23.52,-25.65,False,1650.0,EXIT
RITCO,Ritco Logistics Limited,Industrials,Integrated Freight & Logistics,312.1000061035156,False,36.07,False,True,5.9,4.35,True,1187.0,HOLD
SVLL,Shree Vasu Logistics Limited,Industrials,Trucking,764.0999755859375,False,4.04,False,True,-5.25,-6.77,False,,EXIT
QUICKHEAL,Quick Heal Technologies Limited,Technology,Software - Application,154.6999969482422,False,35.31,False,False,-55.89,-54.95,False,342.0,EXIT
OCCLLTD,OCCL Limited,Basic Materials,Chemicals,171.36000061035156,True,47.71,False,True,20.33,18.07,True,,HOLD
TIRUPATIFL,Tirupati Forge Limited,Industrials,Metal Fabrication,70.5,False,6.29,False,True,79.54,77.83,True,,HOLD
NCLIND,NCL Industries Limited,Basic Materials,Building Materials,173.85000610351562,False,95.39,False,False,-21.73,-23.86,False,2104.0,EXIT
KOTHARIPET,Kothari Petrochemicals Limited,Basic Materials,Specialty Chemicals,144.1199951171875,False,72.5,True,True,-13.87,-16.02,False,334.0,HOLD
MVGJL,Manoj Vaibhav Gems 'N' Jewellers Limited,Consumer Cyclical,Luxury Goods,169.11000061035156,False,114.98,False,False,-30.2,-25.59,False,,EXIT
SUPREMEINF,Supreme Infrastructure India Limited,Industrials,Engineering & Construction,94.38999938964844,False,6815.37,True,True,-19.46,-20.95,False,2570.0,HOLD
CIFL,Capital India Finance Limited,Financial Services,Credit Services,21.229999542236328,False,50.75,True,False,-41.01,-40.76,False,,EXIT
RMDRIP,RMDRIP,Industrials,Farm & Heavy Construction Machinery,18.010000228881836,False,35.1,True,False,-57.66,-59.06,False,131.0,EXIT
GANESHBE,Ganesh Benzoplast Limited,Basic Materials,Specialty Chemicals,120.9800033569336,False,73.33,False,True,30.58,28.3,True,477.0,HOLD
ECOSMOBLTY,ECOSMOBLTY,Industrials,Rental & Leasing Services,133.2100067138672,False,57.58,False,False,-58.17,-59.57,False,642.0,EXIT
NRAIL,N R Agarwal Industries Limited,Basic Materials,Paper & Paper Products,487.75,False,46.65,False,True,28.23,25.96,True,,HOLD
ADVANCE,ADVANCE,Basic Materials,Agricultural Inputs,134.10000610351562,False,27.78,False,True,,,False,496.0,EXIT
VLSFINANCE,VLS Finance Limited,Financial Services,Capital Markets,264.04998779296875,False,170.82999999999998,False,True,11.41,11.43,True,4625.0,HOLD
ANUHPHR,Anuh Pharma Limited,Healthcare,Drug Manufacturers - Specialty & Generic,79.22000122070312,False,41.040000000000006,False,True,-27.34,-18.98,False,,EXIT
ADVENTHTL,Advent Hotels International Limited,Consumer Cyclical,Lodging,146.9600067138672,False,56.67,True,False,,,False,0.0,EXIT
GICHSGFIN,GIC Housing Finance Limited,Financial Services,Mortgage Finance,149.8300018310547,False,154.82,False,False,-22.76,-22.58,False,,EXIT
ASAL,Automotive Stampings and Assemblies Limited,Consumer Cyclical,Auto Parts,517.2999877929688,False,29.83,False,True,-1.81,2.73,False,,EXIT
SADHNANIQ,Sadhana Nitro Chem Limited,Basic Materials,Chemicals,2.8399999141693115,False,86.43,True,False,-60.07,-62.1,False,267.0,EXIT
SARLAPOLY,Sarla Performance Fibers Limited,Consumer Cyclical,Textile Manufacturing,102.36000061035156,False,106.14999999999999,True,True,-16.16,-11.59,False,426.0,HOLD
MEIL,MEIL,Industrials,Electrical Equipment & Parts,280.04998779296875,False,53.37,False,False,,,False,549.0,EXIT
EIFFL,Euro India Fresh Foods Limited,Consumer Defensive,Packaged Foods,269.95001220703125,False,7.23,False,True,16.89,10.62,True,,HOLD
SOUTHWEST,South West Pinnacle Exploration Limited,Energy,Oil & Gas Equipment & Services,234.67999267578125,False,39.97,True,True,50.72,56.44,True,180.0,HOLD
AHCL,AHCL,Healthcare,Drug Manufacturers - Specialty & Generic,14.489999771118164,False,41.62,False,True,,,False,,EXIT
DECCANCE,Deccan Cements Limited,Basic Materials,Building Materials,571.2000122070312,False,29.7,True,False,-47.68,-49.74,False,527.0,EXIT
INDOFARM,INDOFARM,Industrials,Farm & Heavy Construction Machinery,162.74000549316406,False,74.69,True,False,-18.92,-20.4,False,368.0,EXIT
PVSL,Popular Vehicles and Services Limited,Consumer Cyclical,Auto & Truck Dealerships,108.98999786376953,False,14.96,False,False,-18.89,-14.31,False,5616.0,EXIT
ZUARIIND,Zuari Industries Limited,Industrials,Conglomerates,260.70001220703125,False,221.74,True,False,-19.72,-21.2,False,871.0,EXIT
HARDWYN,Hardwyn India Limited,Industrials,Building Products & Equipment,11.239999771118164,False,13.2,False,False,11.89,10.33,True,184.0,EXIT
MODIS,Modi's Navnirman Limited,Real Estate,Real Estate - Development,410.6499938964844,True,25.700000000000003,True,False,,,False,74.97,EXIT
BIRLAMONEY,Aditya Birla Money Limited,Financial Services,Capital Markets,133.3699951171875,False,59.46,True,False,-31.09,-30.88,False,164.0,EXIT
ELDEHSG,Eldeco Housing and Industries Limited,Real Estate,Real Estate Services,774.5999755859375,False,24.279999999999998,False,False,21.71,4.28,True,169.0,EXIT
PATELRMART,PATELRMART,Consumer Cyclical,Department Stores,224.52999877929688,False,39.300000000000004,False,True,,,False,,EXIT
KELLTONTEC,Kellton Tech Solutions Limited,Technology,Software - Application,14.170000076293945,False,91.33,True,False,-53.3,-52.38,False,1098.0,EXIT
BAJAJINDEF,BAJAJINDEF,Industrials,Farm & Heavy Construction Machinery,230.88999938964844,False,23.619999999999997,False,False,-49.28,-50.7,False,179.0,EXIT
PROSTARM,PROSTARM,Industrials,Electrical Equipment & Parts,133.58999633789062,False,32.96,False,False,-42.75,-44.18,False,351.0,EXIT
VALIANTORG,Valiant Organics Limited,Basic Materials,Chemicals,286.54998779296875,False,33.239999999999995,False,True,-23.39,-25.52,False,1153.0,EXIT
AGARIND,Agarwal Industrial Corporation Limited,Basic Materials,Specialty Chemicals,523.25,False,43.57,False,False,-46.84,-48.91,False,2399.0,EXIT
MMP,MMP Industries Limited,Basic Materials,Aluminum,329.3500061035156,False,41.83,True,True,27.19,24.92,True,692.0,HOLD
VASCONEQ,Vascon Engineers Limited,Industrials,Engineering & Construction,33.779998779296875,False,48.9,False,False,-38.99,-40.43,False,1077.0,EXIT
SANDESH,The Sandesh Limited,Communication Services,Publishing,989.7999877929688,False,134.92,False,False,-0.55,-19.02,False,419.0,EXIT
TRANSPEK,Transpek Industry Limited,Basic Materials,Chemicals,1359.4000244140625,True,45.65,False,False,,,False,,EXIT
VISAKAIND,Visaka Industries Limited,Industrials,Building Products & Equipment,86.94000244140625,False,102.80000000000001,False,True,-2.47,-3.99,False,1653.0,EXIT
LOKESHMACH,Lokesh Machines Limited,Industrials,Specialty Industrial Machinery,338.1000061035156,False,1.85,False,True,59.27,57.61,True,,HOLD
XCHANGING,Xchanging Solutions Limited,Technology,Information Technology Services,68.1500015258789,False,57.839999999999996,False,False,-25.8,-25.04,False,307.0,EXIT
NRL,Nupur Recyclers Limited,Industrials,Waste Management,113.0999984741211,False,14.219999999999999,True,True,54.69,53.04,True,240.0,HOLD
GEECEE,GeeCee Ventures Limited,Real Estate,Real Estate - Development,359.54998779296875,False,42.09,False,True,7.6,-9.65,False,201.0,EXIT
MAANALU,Maan Aluminium Limited,Basic Materials,Aluminum,127.25,False,13.030000000000001,True,False,7.68,5.47,True,42.16,HOLD
PREMIERPOL,Premier Polyfilm Ltd.,Basic Materials,Specialty Chemicals,72.73999786376953,False,34.949999999999996,False,True,51.86,49.51,True,,HOLD
STCINDIA,The State Trading Corporation of India Limited,Industrials,Conglomerates,119.56999969482422,False,641.5699999999999,True,False,-5.67,-7.18,False,15539.0,EXIT
GLOSTERLTD,Gloster Limited,Consumer Cyclical,Textile Manufacturing,674.9500122070312,False,19.62,False,True,-2.53,2.01,False,735.0,EXIT
VIVIANA,VIVIANA,Industrials,Engineering & Construction,728.7999877929688,False,0.0,False,False,-42.45,-43.88,False,,EXIT
GANESHCP,GANESHCP,Consumer Defensive,Packaged Foods,172.08999633789062,False,147.21,False,False,,,False,,EXIT
BLAL,BEML Land Assets Limited,Financial Services,Shell Companies,172.6300048828125,False,4.23,False,False,-21.44,-21.27,False,,EXIT
HERANBA,Heranba Industries Limited,Basic Materials,Agricultural Inputs,179.17999267578125,False,88.61999999999999,False,False,-53.6,-55.64,False,1410.0,EXIT
DPSCLTD,India Power Corporation Limited,Utilities,Utilities - Regulated Electric,7.420000076293945,False,12.82,False,False,-35.05,-43.29,False,833.0,EXIT
EVERESTIND,Everest Industries Limited,Industrials,Building Products & Equipment,469.95001220703125,False,188.86999999999998,True,True,-15.71,-17.2,False,1707.0,HOLD
DMCC,DMCC Speciality Chemicals Limited,Basic Materials,Chemicals,284.5,False,27.33,False,True,-8.24,-10.42,False,431.0,EXIT
MAGADSUGAR,Magadh Sugar & Energy Limited,Consumer Defensive,Confectioners,512.25,False,84.21,False,True,1.51,-4.66,False,,EXIT
UNITEDPOLY,United Polyfab Gujarat Limited,Consumer Cyclical,Textile Manufacturing,29.329999923706055,False,25.43,True,False,-23.98,-19.39,False,908.0,EXIT
PVP,PVP Ventures Limited,Industrials,Conglomerates,27.709999084472656,False,7.38,False,False,37.1,35.49,True,159.97,EXIT
HMVL,Hindustan Media Ventures Limited,Communication Services,Publishing,104.05000305175781,False,48.690000000000005,False,True,32.8,13.89,True,933.0,HOLD
CCCL,Consolidated Construction Consortium Limited,Industrials,Engineering & Construction,15.6899995803833,False,88.95,False,False,-5.8,-7.32,False,882.0,EXIT
WELINV,Welspun Investments and Commercials Limited,Financial Services,Capital Markets,1854.199951171875,True,3.95,False,True,74.64,74.38,True,,HOLD
JAYAGROGN,Jayant Agro-Organics Limited,Basic Materials,Specialty Chemicals,224.1999969482422,False,50.41,False,True,-8.68,-10.86,False,2778.0,EXIT
DWARKESH,Dwarikesh Sugar Industries Limited,Consumer Defensive,Confectioners,40.310001373291016,False,131.2,False,False,-3.76,-9.91,False,,EXIT
SUBEXLTD,Subex Limited,Technology,Software - Application,13.770000457763672,False,28.53,False,True,2.13,2.72,True,372.0,HOLD
KUANTUM,Kuantum Papers Limited,Basic Materials,Paper & Paper Products,80.05000305175781,False,41.949999999999996,False,False,-36.87,-38.96,False,,EXIT
MANBA,MANBA,Financial Services,Credit Services,133.66000366210938,False,48.87,False,True,-10.33,-10.21,False,,EXIT
INNOVISION,INNOVISION,Industrials,Staffing & Employment Services,285.79998779296875,False,22.979999999999997,False,False,,,False,893.0,EXIT
20MICRONS,20 Microns Limited,Basic Materials,Other Industrial Metals & Mining,194.85000610351562,False,66.84,True,True,-19.46,-21.6,False,913.0,HOLD
TVTODAY,T.V. Today Network Limited,Communication Services,Broadcasting,116.5999984741211,False,18.490000000000002,False,False,-7.42,-25.8,False,993.0,EXIT
ATL,Allcargo Terminals Limited,Industrials,Integrated Freight & Logistics,23.18000030517578,False,44.209999999999994,False,False,-27.14,-28.61,False,758.0,EXIT
BESTAGRO,Best Agrolife Limited,Basic Materials,Agricultural Inputs,20.969999313354492,False,108.83,False,True,-38.48,-40.56,False,1873.0,EXIT
INNOVANA,INNOVANA,Technology,Software - Application,331.04998779296875,False,37.55,False,False,-37.68,-36.85,False,103.0,EXIT
MUKKA,Mukka Proteins Limited,Consumer Defensive,Packaged Foods,22.979999542236328,False,51.77000000000001,False,False,-15.53,-21.6,False,1269.0,EXIT
RAMASTEEL,Rama Steel Tubes Limited,Basic Materials,Steel,4.650000095367432,False,13.16,False,False,-59.42,-61.45,False,1337.0,EXIT
ONMOBILE,OnMobile Global Limited,Communication Services,Telecom Services,73.38999938964844,False,61.809999999999995,True,True,49.42,30.28,True,865.0,HOLD
GTPL,GTPL Hathway Limited,Communication Services,Entertainment,59.90999984741211,False,38.910000000000004,False,False,-35.57,-53.57,False,3477.0,EXIT
SAURASHCEM,Saurashtra Cement Limited,Basic Materials,Building Materials,68.70999908447266,False,56.949999999999996,False,False,-45.88,-47.95,False,1765.0,EXIT
PYRAMID,Pyramid Technoplast Limited,Consumer Cyclical,Packaging & Containers,182.22000122070312,False,28.82,False,True,3.41,7.93,True,,HOLD
KSOLVES,Ksolves India Limited,Technology,Software - Application,279.75,False,35.129999999999995,True,False,-17.8,-17.1,False,137.0,EXIT
MERCURYEV,Mercury Ev-Tech Limited,Consumer Cyclical,Auto Manufacturers,35.29999923706055,True,4.4,False,False,,,False,,EXIT
EMKAY,Emkay Global Financial Services Limited,Financial Services,Capital Markets,249.7899932861328,False,19.53,False,False,5.1,5.15,True,360.0,EXIT
FABTECH,FABTECH,Healthcare,Health Information Services,151.8800048828125,False,38.08,False,False,,,False,327.0,EXIT
EMAMIPAP,Emami Paper Mills Limited,Basic Materials,Paper & Paper Products,111.87999725341797,False,93.67999999999999,False,True,16.12,13.88,True,,HOLD
LAXMIINDIA,LAXMIINDIA,Financial Services,Credit Services,132.75999450683594,False,54.55,False,True,-5.21,-5.12,False,,EXIT
NAHARPOLY,Nahar Poly Films Limited,Consumer Cyclical,Packaging & Containers,273.79998779296875,False,78.84,False,True,-20.5,-15.92,False,723.0,EXIT
PANACHE,Panache Digilife Limited,Technology,Communication Equipment,440.0,False,16.66,True,True,65.98,66.17,True,116.0,HOLD
AMANTA,AMANTA,Healthcare,Drug Manufacturers - Specialty & Generic,173.0,False,17.330000000000002,False,True,,,False,,EXIT
KILITCH,Kilitch Drugs (India) Limited,Healthcare,Drug Manufacturers - Specialty & Generic,191.3800048828125,False,30.17,False,True,-24.5,-16.16,False,198.0,EXIT
NBIFIN,N.B.I. Industrial Finance Company Limited,Financial Services,Capital Markets,2131.39990234375,False,13.13,True,True,-25.06,-24.87,False,,HOLD
ADSL,Allied Digital Services Limited,Technology,Information Technology Services,116.97000122070312,False,47.169999999999995,True,False,-37.41,-36.58,False,366.0,EXIT
AQYLON,Aqylon Nexus Limited,Communication Services,Broadcasting,26.68000030517578,False,11.45,True,False,-84.42,-101.77,False,180.0,EXIT
VAKRANGEE,Vakrangee Limited,Technology,Information Technology Services,6.079999923706055,False,10.95,False,False,-36.46,-35.64,False,6502.0,EXIT
CHEVIOT,Cheviot Company Limited,Consumer Cyclical,Textile Manufacturing,1221.5999755859375,False,69.80000000000001,False,True,-6.64,-2.09,False,122.0,EXIT
SCPL,Sheetal Cool Products Limited,Consumer Defensive,Packaged Foods,644.75,True,19.11,False,True,138.68,131.59,True,,HOLD
COFFEEDAY,Coffee Day Enterprises Limited,Consumer Cyclical,Restaurants,34.119998931884766,False,228.00000000000003,False,True,-11.82,-7.26,False,4142.0,EXIT
DBOL,Dhampur Bio Organics Limited,Consumer Defensive,Farm Products,112.2699966430664,False,92.91,False,True,46.08,39.6,True,2408.0,HOLD
BIGBLOC,Bigbloc Construction Limited,Industrials,Building Products & Equipment,47.959999084472656,False,7.12,False,False,-15.11,-16.61,False,243.0,EXIT
CHEMCON,Chemcon Speciality Chemicals Limited,Basic Materials,Specialty Chemicals,197.13999938964844,False,23.6,False,True,-19.29,-21.43,False,,EXIT
SPECIALITY,Speciality Restaurants Limited,Consumer Cyclical,Restaurants,142.02999877929688,False,21.55,False,True,1.12,5.65,True,436.0,HOLD
ABINFRA,ABINFRA,Industrials,Engineering & Construction,9.979999542236328,False,19.34,False,False,-49.85,-51.26,False,,EXIT
ONWARDTEC,Onward Technologies Limited,Technology,Information Technology Services,281.54998779296875,False,43.55,True,True,-20.59,-19.86,False,491.0,HOLD
SNOWMAN,Snowman Logistics Limited,Industrials,Integrated Freight & Logistics,40.56999969482422,False,13.85,False,True,-27.57,-29.04,False,,EXIT
ORBTEXP,Orbit Exports Limited,Consumer Cyclical,Textile Manufacturing,249.92999267578125,False,29.18,False,True,11.46,15.97,True,218.0,HOLD
DCMSIL,DCM Shriram International Limited,Industrials,Industrial Distribution,81.83000183105469,False,27.71,False,False,,,False,574.0,EXIT
PPL,Prakash Pipes Limited,Industrials,Building Products & Equipment,257.04998779296875,False,43.260000000000005,False,True,-32.69,-34.15,False,,EXIT
PROZONER,Prozone Realty Limited,Real Estate,Real Estate - Diversified,42.310001373291016,False,10.7,False,False,11.12,-6.17,False,185.0,EXIT
SUTLEJTEX,Sutlej Textiles and Industries Limited,Consumer Cyclical,Textile Manufacturing,38.97999954223633,False,86.31,False,True,-15.13,-10.57,False,3076.0,EXIT
AHLWEST,Asian Hotels (West) Limited,Consumer Cyclical,Lodging,535.9000244140625,False,57.83,False,True,263.76,267.66,True,432.0,HOLD
HINDCOMPOS,Hindustan Composites Limited,Consumer Cyclical,Auto Parts,424.8500061035156,False,32.43,False,False,-19.61,-15.03,False,325.0,EXIT
KANORICHEM,Kanoria Chemicals & Industries Limited,Basic Materials,Chemicals,149.52000427246094,False,136.44000000000003,True,True,64.72,62.34,True,1578.0,HOLD
BAFNAPH,Bafna Pharmaceuticals Limited,Healthcare,Drug Manufacturers - Specialty & Generic,279.0,True,11.1,True,True,217.5,224.24,True,185.0,ADD
MINDTECK,Mindteck (India) Limited,Technology,Information Technology Services,191.7100067138672,False,31.52,False,False,-9.39,-8.74,False,424.0,EXIT
GLOTTIS,GLOTTIS,Industrials,Integrated Freight & Logistics,67.08999633789062,False,37.08,False,True,,,False,,EXIT
TPLPLASTEH,TPL Plastech Limited,Consumer Cyclical,Packaging & Containers,78.25,False,29.060000000000002,True,True,-5.63,-1.08,False,349.0,HOLD
SATIA,Satia Industries Limited,Basic Materials,Paper & Paper Products,63.310001373291016,False,89.94999999999999,False,False,-25.74,-27.86,False,,EXIT
MALLCOM,Mallcom (India) Limited,Industrials,Security & Protection Services,1012.6500244140625,False,30.04,False,False,-23.61,-25.08,False,487.0,EXIT
PRIMO,Primo Chemicals Limited,Basic Materials,Chemicals,24.1299991607666,False,15.360000000000001,False,True,-14.5,-16.65,False,701.0,EXIT
BIRLACABLE,Birla Cable Limited,Technology,Communication Equipment,235.92999267578125,False,16.89,False,True,35.82,36.2,True,792.0,HOLD
CHEMBONDCH,Chembond Chemicals Limited,Basic Materials,Specialty Chemicals,228.50999450683594,False,37.26,False,True,22.64,20.38,True,69.4,HOLD
LINC,Linc Limited,Industrials,Business Equipment & Supplies,100.97000122070312,False,32.74,False,False,-28.61,-30.07,False,543.0,EXIT
ZIMLAB,ZIM Laboratories Limited,Healthcare,Drug Manufacturers - Specialty & Generic,114.45999908447266,False,10.43,False,True,29.81,37.79,True,397.0,HOLD
ZFSTEERING,ZF Steering Gear (India) Limited,Consumer Cyclical,Auto Parts,671.4000244140625,False,16.23,False,False,,,False,,EXIT
SHIVAUM,SHIVAUM,Basic Materials,Steel,424.75,True,6.08,False,True,38.84,36.54,True,548.0,HOLD
RBZJEWEL,RBZ Jewellers Limited,Consumer Cyclical,Luxury Goods,149.75999450683594,False,54.79,False,True,2.94,7.46,True,,HOLD
TREL,Transindia Real Estate Limited,Real Estate,Real Estate Services,24.09000015258789,False,36.95,False,False,-15.37,-32.33,False,136.0,EXIT
CEWATER,CEWATER,Utilities,Utilities - Regulated Water,278.1000061035156,False,30.95,False,False,-47.86,-55.76,False,594.0,EXIT
SOFTTECH,SoftTech Engineers Limited,Technology,Software - Application,417.04998779296875,False,4.95,False,True,2.31,2.89,True,95.0,HOLD
HTMEDIA,HT Media Limited,Communication Services,Publishing,28.65999984741211,False,54.27,False,True,37.19,18.21,True,2502.0,HOLD
PANSARI,Pansari Developers Limited,Real Estate,Real Estate - Development,333.20001220703125,False,22.02,False,True,58.16,40.26,True,60.0,HOLD
SIGMA,Sigma Solve Limited,Technology,Information Technology Services,47.45000076293945,False,23.89,False,True,11.59,12.12,True,31.94,HOLD
KRONOX,KRONOX,Basic Materials,Specialty Chemicals,161.72999572753906,False,27.55,False,True,-9.35,-11.52,False,100.0,EXIT
SHALPAINTS,Shalimar Paints Limited,Basic Materials,Specialty Chemicals,86.19000244140625,False,64.85,True,True,8.21,5.99,True,599.0,HOLD
VISACHROME,VISA Chrome Limited,Basic Materials,Steel,37.93000030517578,False,1123.6499999999999,False,False,7.48,5.26,True,,EXIT
HITECHCORP,Hitech Corporation Limited,Consumer Cyclical,Packaging & Containers,320.20001220703125,True,20.43,True,True,65.9,70.27,True,561.0,ADD
MUNJALSHOW,Munjal Showa Limited,Consumer Cyclical,Auto Parts,137.1699981689453,False,21.97,False,True,-6.64,-2.09,False,1669.0,EXIT
REPRO,Repro India Limited,Industrials,Specialty Business Services,374.75,False,34.8,False,False,-29.91,-31.37,False,479.0,EXIT
MCLEODRUSS,McLeod Russel India Limited,Consumer Defensive,Packaged Foods,49.15999984741211,False,181.61999999999998,False,False,31.4,25.02,True,1596.0,EXIT
DCI,DC Infotech and Communication Limited,Technology,Electronics & Computer Distribution,350.20001220703125,False,21.21,True,True,33.12,33.51,True,556.0,HOLD
CSM,CSM,Technology,Information Technology Services,100.94000244140625,False,0.0,False,False,,,False,,EXIT
OSWALGREEN,Oswal Greentech Limited,Financial Services,Asset Management,22.0,False,103.89999999999999,True,False,-54.22,-53.9,False,458.0,EXIT
CHEMFAB,Chemfab Alkalis Limited,Basic Materials,Specialty Chemicals,377.6000061035156,False,9.489999999999998,False,False,-48.22,-50.28,False,334.0,EXIT
MUFTI,MUFTI,Consumer Cyclical,Apparel Retail,81.69000244140625,False,47.42,False,False,-45.44,-40.8,False,618.0,EXIT
APTECHT,Aptech Limited,Consumer Defensive,Education & Training Services,98.7300033569336,False,23.53,False,True,-23.36,-29.37,False,460.0,EXIT
GLOBAL,Global Education Limited,Consumer Defensive,Education & Training Services,104.01000213623047,False,26.520000000000003,False,True,70.8,64.16,True,74.0,HOLD
MGEL,Mangalam Global Enterprise Limited,Consumer Defensive,Farm Products,15.510000228881836,False,32.61,False,True,-2.93,-9.07,False,2092.0,EXIT
DISHTV,Dish TV India Limited,Communication Services,Entertainment,2.809999942779541,False,807.36,False,False,-32.02,-50.07,False,6166.0,EXIT
SHREERAMA,Shree Rama Multi-Tech Limited,Consumer Cyclical,Packaging & Containers,38.349998474121094,False,24.770000000000003,False,False,-19.21,-14.63,False,,EXIT
PTL,PTL Enterprises Limited,Real Estate,Real Estate Services,40.060001373291016,False,46.17,True,True,15.73,-1.63,False,450.0,HOLD
KNAGRI,KNAGRI,Consumer Defensive,Farm Products,207.94000244140625,False,0.0,False,True,-15.2,-21.27,False,2224.0,EXIT
PASUPTAC,Pasupati Acrylon Limited,Consumer Cyclical,Textile Manufacturing,61.790000915527344,False,69.92,False,True,22.38,26.86,True,,HOLD
UNIVPHOTO,Universus Photo Imagings Limited,Healthcare,Medical Devices,480.0,False,79.94,False,True,69.34,77.06,True,62.0,HOLD
MODINATUR,Modi Naturals Limited,Consumer Defensive,Packaged Foods,399.3999938964844,False,50.27,True,False,,,False,474.0,EXIT
MANCREDIT,Mangal Credit and Fincorp Limited,Financial Services,Credit Services,245.10000610351562,True,15.3,True,True,29.71,29.65,True,,ADD
RKSWAMY,RKSWAMY,Communication Services,Advertising Agencies,101.5,False,22.099999999999998,False,False,-22.01,-40.2,False,332.0,EXIT
DHUNINV,Dhunseri Investments Limited,Financial Services,Capital Markets,890.25,False,59.330000000000005,False,False,-43.9,-43.63,False,,EXIT
ENIL,Entertainment Network (India) Limited,Communication Services,Broadcasting,109.26000213623047,False,24.16,False,False,-15.89,-34.15,False,621.0,EXIT
OSWALAGRO,Oswal Agro Mills Limited,Real Estate,Real Estate - Development,41.060001373291016,False,69.2,False,False,-40.1,-56.74,False,162.0,EXIT
SUKHJITS,The Sukhjit Starch & Chemicals Limited,Basic Materials,Specialty Chemicals,163.69000244140625,False,34.17,False,False,-8.48,-10.65,False,1498.0,EXIT
PENINLAND,Peninsula Land Limited,Real Estate,Real Estate - Development,16.1200008392334,False,153.64,True,False,-46.72,-63.27,False,993.0,EXIT
GFLLIMITED,GFL Limited,Financial Services,Asset Management,49.810001373291016,False,61.35000000000001,False,False,-24.35,-24.17,False,6971.51,EXIT
IRIS,IRIS RegTech Solutions Limited,Technology,Software - Application,266.9599914550781,False,126.49000000000001,True,False,-32.98,-32.18,False,120.0,EXIT
THEINVEST,The Investment Trust of India Limited,Financial Services,Capital Markets,101.79000091552734,False,30.07,False,False,-39.69,-39.44,False,640.0,EXIT
SAYAJIHOTL,Sayaji Hotels Limited,Consumer Cyclical,Lodging,312.0,True,23.65,False,False,,,False,,EXIT
KANPRPLA,Kanpur Plastipack Limited,Consumer Cyclical,Packaging & Containers,209.57000732421875,False,45.19,True,True,-5.95,-1.4,False,627.0,HOLD
URJA,Urja Global Limited,Technology,Solar,9.989999771118164,False,1.19,False,False,-32.2,-31.4,False,163.56,EXIT
RUSHIL,Rushil Décor Limited,Consumer Cyclical,"Furnishings, Fixtures & Appliances",17.81999969482422,False,34.78,False,False,-35.99,-31.38,False,898.0,EXIT
SCHAND,S Chand And Company Limited,Communication Services,Publishing,142.47999572753906,False,263.64,False,False,-20.25,-38.46,False,794.0,EXIT
ELIN,Elin Electronics Limited,Industrials,Electrical Equipment & Parts,101.76000213623047,False,24.11,False,False,-44.84,-46.27,False,1180.0,EXIT
BBTCL,B&B Triplewall Containers Limited,Consumer Cyclical,Packaging & Containers,224.02000427246094,False,20.44,False,True,3.61,8.13,True,492.0,HOLD
SREEL,Sreeleathers Limited,Consumer Cyclical,Footwear & Accessories,214.77999877929688,False,28.74,False,True,-19.12,-14.54,False,,EXIT
BMWVENTLTD,BMWVENTLTD,Basic Materials,Steel,59.970001220703125,False,41.34,False,True,,,False,,EXIT
IGCL,IGCL,Basic Materials,Agricultural Inputs,75.05999755859375,False,42.09,False,True,-29.87,-31.98,False,590.0,EXIT
KAMATHOTEL,Kamat Hotels (India) Limited,Consumer Cyclical,Lodging,172.75999450683594,False,40.269999999999996,False,False,-42.5,-37.86,False,264.0,EXIT
UNIVASTU,Univastu India Limited,Industrials,Engineering & Construction,146.92999267578125,True,7.01,False,True,67.27,65.59,True,171.0,HOLD
ZEEMEDIA,Zee Media Corporation Limited,Communication Services,Broadcasting,6.949999809265137,False,103.64000000000001,False,False,-32.6,-50.65,False,867.0,EXIT
ORIENTCER,Orient Ceratech Limited,Basic Materials,Specialty Chemicals,41.22999954223633,False,21.860000000000003,False,True,-3.48,-5.66,False,366.0,EXIT
NAHARINDUS,Nahar Industrial Enterprises Limited,Consumer Cyclical,Textile Manufacturing,118.05000305175781,False,51.34,False,True,-8.98,-4.43,False,2006.0,EXIT
IL&FSENGG,IL&FS Engineering and Construction Company Limited,Industrials,Engineering & Construction,35.0,False,22.419999999999998,True,True,-2.53,-4.05,False,3267.0,HOLD
PLASTIBLEN,Plastiblends India Limited,Basic Materials,Specialty Chemicals,190.00999450683594,False,44.2,False,True,-3.61,-5.79,False,,EXIT
3IINFOLTD,3i Infotech Limited,Technology,Information Technology Services,25.09000015258789,False,34.3,False,True,4.12,4.69,True,1344.0,HOLD
DENORA,De Nora India Limited,Industrials,Electrical Equipment & Parts,885.25,False,10.33,False,True,1.53,0.0,True,,HOLD
CSLFINANCE,CSL Finance Limited,Financial Services,Credit Services,217.99000549316406,False,86.12,False,False,-32.72,-32.5,False,,EXIT
INTLCONV,International Conveyors Limited,Industrials,Specialty Industrial Machinery,75.66999816894531,False,103.1,True,False,-16.74,-18.23,False,215.0,EXIT
DICIND,DIC India Limited,Basic Materials,Specialty Chemicals,514.9500122070312,False,19.03,False,True,-18.01,-20.16,False,892.0,EXIT
FOCUS,Focus Lighting and Fixtures Limited,Consumer Cyclical,"Furnishings, Fixtures & Appliances",67.01000213623047,False,5.49,False,False,-46.35,-41.71,False,224.0,EXIT
ADVANIHOTR,Advani Hotels & Resorts (India) Limited,Consumer Cyclical,Lodging,50.529998779296875,False,25.820000000000004,True,False,-20.35,-15.77,False,71.0,EXIT
TERASOFT,Tera Software Limited,Technology,Information Technology Services,428.95001220703125,False,24.799999999999997,True,True,35.46,35.84,True,131.0,HOLD
ORIENTBELL,Orient Bell Limited,Industrials,Building Products & Equipment,314.8999938964844,False,13.169999999999998,False,True,-0.34,-1.87,False,705.0,EXIT
HLVLTD,HLV Limited,Consumer Cyclical,Lodging,7.21999979019165,False,26.17,False,False,-52.36,-47.7,False,718.0,EXIT
NILASPACES,Nila Spaces Limited,Real Estate,Real Estate - Development,12.270000457763672,False,28.56,True,False,2.11,-15.07,False,136.0,EXIT
ASAHISONG,Asahi Songwon Colors Limited,Basic Materials,Specialty Chemicals,385.6000061035156,False,34.83,True,True,19.51,17.26,True,562.0,HOLD
HALEOSLABS,Haleos Labs Limited,Healthcare,Biotechnology,1427.699951171875,False,17.32,False,True,5.6,13.75,True,378.0,HOLD
WSI,W.S. Industries (India) Limited,Industrials,Engineering & Construction,60.45000076293945,False,6.42,False,False,-26.93,-28.4,False,326.0,EXIT
SRGHFL,SRG Housing Finance Limited,Financial Services,Mortgage Finance,290.0,False,32.49,False,True,-14.8,-14.66,False,,EXIT
MIRZAINT,Mirza International Limited,Consumer Cyclical,Footwear & Accessories,33.84000015258789,False,40.489999999999995,False,False,-13.62,-9.05,False,1399.0,EXIT
UGARSUGAR,The Ugar Sugar Works Limited,Consumer Defensive,Confectioners,43.279998779296875,False,105.42,True,True,4.06,-2.13,False,1794.0,HOLD
KHAICHEM,Khaitan Chemicals and Fertilizers Limited,Basic Materials,Agricultural Inputs,52.68000030517578,False,54.019999999999996,False,False,-53.29,-55.33,False,,EXIT
DAVANGERE,Davangere Sugar Company Limited,Consumer Defensive,Confectioners,3.119999885559082,False,8.5,False,False,-1.88,-8.03,False,,EXIT
XTGLOBAL,XTGlobal Infotech Limited,Technology,Software - Application,33.77000045776367,False,13.03,False,True,-15.27,-14.58,False,242.0,EXIT
RAMAPHO,Rama Phosphates Limited,Basic Materials,Agricultural Inputs,124.47000122070312,False,52.49,False,False,-19.81,-21.95,False,,EXIT
UNIDT,United Drilling Tools Limited,Energy,Oil & Gas Equipment & Services,236.77000427246094,False,18.97,False,True,2.32,9.38,True,175.0,HOLD
MAJESAUT,Majestic Auto Limited,Real Estate,Real Estate Services,487.8999938964844,True,96.89999999999999,False,False,,,False,,EXIT
MANAKSTEEL,Manaksia Steels Limited,Basic Materials,Steel,81.33999633789062,False,39.92,True,True,26.01,23.74,True,742.0,HOLD
GUJAPOLLO,Gujarat Apollo Industries Limited,Industrials,Specialty Industrial Machinery,367.1000061035156,False,5.15,False,False,-23.59,-25.06,False,77.9,EXIT
LIBERTSHOE,Liberty Shoes Ltd.,Consumer Cyclical,Footwear & Accessories,268.20001220703125,False,14.829999999999998,False,True,-26.75,-22.15,False,526.0,EXIT
VINYLINDIA,Vinyl Chemicals (India) Limited,Basic Materials,Specialty Chemicals,243.35000610351562,False,16.5,False,True,-15.8,-17.95,False,,EXIT
SILINV,SIL Investments Limited,Financial Services,Asset Management,428.3500061035156,False,56.02,False,False,-31.37,-31.16,False,178.0,EXIT
SBGLP,Suratwwala Business Group Limited,Real Estate,Real Estate - Development,25.239999771118164,False,37.9,True,False,-25.51,-42.34,False,72.0,EXIT
DONEAR,Donear Industries Limited,Consumer Cyclical,Textile Manufacturing,84.98999786376953,False,27.950000000000003,False,False,-23.09,-18.5,False,914.0,EXIT
MOLDTECH,Mold-Tek Technologies Limited,Industrials,Engineering & Construction,166.39999389648438,False,10.09,False,True,11.91,10.36,True,161.0,HOLD
ACL,Andhra Cements Limited,Basic Materials,Building Materials,47.43000030517578,False,158.21,False,False,-28.32,-30.44,False,,EXIT
ARIES,Aries Agro Limited,Basic Materials,Agricultural Inputs,343.1000061035156,False,51.7,True,False,-14.69,-16.84,False,622.0,EXIT
THOMASCOTT,Thomas Scott (India) Limited,Consumer Cyclical,Textile Manufacturing,302.3999938964844,False,19.179999999999996,False,False,-13.07,-8.5,False,,EXIT
ABCOTS,ABCOTS,Consumer Cyclical,Textile Manufacturing,199.52999877929688,False,13.030000000000001,False,False,-60.63,-55.96,False,298.0,EXIT
MAZDA,Mazda Limited,Industrials,Specialty Industrial Machinery,227.22999572753906,False,27.500000000000004,False,True,-24.21,-25.69,False,,EXIT
TARACHAND,Tara Chand Infralogistic Solutions Limited,Industrials,Farm & Heavy Construction Machinery,58.77000045776367,False,27.7,False,False,-23.04,-24.52,False,,EXIT
NDLVENTURE,NDL Ventures Limited,Communication Services,Entertainment,127.30999755859375,False,0.76,False,True,114.04,94.04,True,1080.0,HOLD
RAMANEWS,Shree Rama Newsprint Limited,Consumer Defensive,Beverages - Non-Alcoholic,33.45000076293945,False,68.53999999999999,False,True,-2.06,-8.21,False,,EXIT
CYBERTECH,CyberTech Systems and Software Limited,Technology,Information Technology Services,138.32000732421875,False,31.740000000000002,False,True,-12.39,-11.72,False,236.0,EXIT
BANSWRAS,Banswara Syntex Limited,Consumer Cyclical,Textile Manufacturing,122.55999755859375,False,33.94,False,True,-21.3,-16.72,False,1499.0,EXIT
KAYA,Kaya Limited,Consumer Defensive,Household & Personal Products,273.75,False,96.18,False,False,-34.23,-40.17,False,421.0,EXIT
NAHARCAP,Nahar Capital and Financial Services Limited,Financial Services,Capital Markets,264.5799865722656,False,63.13000000000001,False,True,-17.51,-17.36,False,52.0,EXIT
SARVESHWAR,Sarveshwar Foods Limited,Consumer Defensive,Packaged Foods,3.4200000762939453,False,31.79,True,False,-57.17,-62.95,False,1134.0,EXIT
MANORG,Mangalam Organics Limited,Basic Materials,Specialty Chemicals,461.6000061035156,False,20.79,False,False,-5.39,-7.57,False,530.0,EXIT
ESSARSHPNG,Essar Shipping Limited,Industrials,Marine Shipping,20.100000381469727,False,166.78000000000003,False,False,-25.18,-26.65,False,2194.0,EXIT
DJML,DJ Mediaprint & Logistics Limited,Industrials,Specialty Business Services,105.05000305175781,False,11.379999999999999,True,True,-7.8,-9.32,False,82.0,HOLD
LORDSCHLO,Lords Chloro Alkali Limited,Basic Materials,Chemicals,142.63999938964844,False,29.529999999999998,False,False,-32.95,-35.05,False,,EXIT
ATALREAL,Atal Realtech Limited,Industrials,Engineering & Construction,34.560001373291016,True,6.49,True,True,74.73,73.03,True,96.0,ADD
MAWANASUG,Mawana Sugars Limited,Consumer Defensive,Confectioners,117.66000366210938,False,96.43,False,True,34.12,27.72,True,1485.0,HOLD
AFIL,AFIL,Financial Services,Credit Services,9.40999984741211,False,44.27,False,True,31.74,31.68,True,,HOLD
OMAXAUTO,Omax Autos Limited,Consumer Cyclical,Auto Parts,190.44000244140625,False,40.489999999999995,True,True,19.41,23.89,True,1287.0,HOLD
EMAMIREAL,Emami Realty Limited,Real Estate,Real Estate - Development,79.01000213623047,False,189.46999999999997,True,False,-16.01,-32.96,False,1041.0,EXIT
MONEYBOXX,Moneyboxx Finance Limited,Financial Services,Credit Services,61.81999969482422,False,1.34,False,False,,,False,,EXIT
MEDICO,Medico Remedies Limited,Healthcare,Drug Manufacturers - Specialty & Generic,48.529998779296875,False,13.120000000000001,False,True,10.52,18.63,True,,HOLD
VRAJ,VRAJ,Basic Materials,Steel,124.18000030517578,False,32.010000000000005,False,False,-24.0,-26.13,False,516.0,EXIT
TOLINS,TOLINS,Consumer Cyclical,Auto Parts,103.55000305175781,False,35.68,False,False,-38.52,-33.9,False,292.0,EXIT
SURAJLTD,Suraj Limited,Basic Materials,Steel,217.25999450683594,False,8.319999999999999,False,False,-39.59,-41.68,False,367.0,EXIT
FOODSIN,Foods and Inns Limited,Consumer Defensive,Packaged Foods,53.439998626708984,False,27.689999999999998,False,False,-47.29,-53.14,False,1020.0,EXIT
PPAP,PPAP Automotive Limited,Consumer Cyclical,Auto Parts,297.0,False,47.84,True,True,11.0,15.5,True,554.0,HOLD
KOTHARIPRO,Kothari Products Limited,Industrials,Conglomerates,68.26000213623047,False,37.92,False,False,-14.49,-15.99,False,6866.0,EXIT
AUTOIND,Autoline Industries Limited,Consumer Cyclical,Auto Parts,94.61000061035156,False,38.53,True,True,22.36,26.84,True,677.0,HOLD
HARRMALAYA,Harrisons Malayalam Limited,Consumer Defensive,Farm Products,223.1199951171875,False,29.130000000000003,False,True,9.58,3.35,True,512.0,HOLD
ALBERTDAVD,Albert David Limited,Healthcare,Drug Manufacturers - Specialty & Generic,692.7999877929688,False,47.97,False,False,-28.07,-19.7,False,362.0,EXIT
S&SPOWER,S&S Power Switchgear Limited,Industrials,Electrical Equipment & Parts,322.25,False,10.11,True,False,-19.69,-21.17,False,186.0,EXIT
INSPIRISYS,Inspirisys Solutions Limited,Technology,Information Technology Services,98.7300033569336,False,40.93,True,True,-12.31,-11.64,False,589.0,HOLD
GINNIFILA,Ginni Filaments Limited,Consumer Cyclical,Textile Manufacturing,46.20000076293945,False,35.48,False,True,-11.55,-6.99,False,1084.0,EXIT
SHIVALIK,Shivalik Rasayan Limited,Basic Materials,Agricultural Inputs,252.2100067138672,False,11.88,False,False,-58.61,-60.64,False,312.0,EXIT
ORIENTPPR,Orient Paper & Industries Limited,Basic Materials,Paper & Paper Products,18.8799991607666,False,96.79,False,False,-33.75,-35.85,False,1615.0,EXIT
KESORAMIND,Kesoram Industries Limited,Basic Materials,Building Materials,13.260000228881836,False,5902.05,True,True,149.65,147.03,True,3882.0,HOLD
MARKOLINES,MARKOLINES,Industrials,Infrastructure Operations,177.22999572753906,False,26.229999999999997,True,True,,,False,347.0,HOLD
RADIANTCMS,Radiant Cash Management Services Limited,Industrials,Specialty Business Services,39.02000045776367,False,32.25,False,False,-38.7,-40.14,False,427.0,EXIT
EUROBOND,EUROBOND,Industrials,Building Products & Equipment,161.97999572753906,False,26.56,True,False,-32.96,-34.41,False,423.0,EXIT
RUBFILA,Rubfila International Limited,Basic Materials,Specialty Chemicals,72.5199966430664,False,26.610000000000003,False,False,-10.2,-12.37,False,550.0,EXIT
BATLIBOI,Batliboi Limited,Industrials,Specialty Industrial Machinery,94.30000305175781,True,15.76,False,False,,,False,,EXIT
GOKUL,Gokul Refoils & Solvent Limited,Consumer Defensive,Packaged Foods,39.459999084472656,False,18.48,False,False,-3.61,-9.75,False,6349.0,EXIT
MBLINFRA,MBL Infrastructures Limited,Industrials,Engineering & Construction,25.299999237060547,False,30.69,False,False,-40.03,-41.47,False,2343.0,EXIT
MUTHOOTCAP,Muthoot Capital Services Limited,Financial Services,Credit Services,261.19000244140625,False,25.810000000000002,False,True,-17.27,-17.12,False,,EXIT
AVG,AVG Logistics Limited,Industrials,Integrated Freight & Logistics,202.8000030517578,False,26.159999999999997,False,True,-19.22,-20.7,False,552.0,EXIT
SHAH,Shah Metacorp Limited,Basic Materials,Steel,3.9200000762939453,False,13.53,False,False,0.17,-2.03,False,277.0,EXIT
CPEDU,Career Point Edutech Ltd.,Consumer Defensive,Education & Training Services,211.6199951171875,False,22.95,False,False,,,False,50.0,EXIT
MANOMAY,Manomay Tex India Limited,Consumer Cyclical,Textile Manufacturing,214.05999755859375,False,19.65,False,True,23.24,27.72,True,,HOLD
UYFINCORP,U. Y. Fincorp Limited,Financial Services,Credit Services,19.25,False,48.28,True,True,2.3,2.36,True,,HOLD
DIGISPICE,DiGiSPICE Technologies Limited,Financial Services,Financial Conglomerates,16.979999542236328,False,18.97,True,False,-28.61,-28.41,False,2111.0,EXIT
GVKPIL,GVK Power & Infrastructure Limited,Utilities,Utilities - Independent Power Producers,2.4200000762939453,False,839.51,False,False,-30.88,-39.23,False,4098.0,EXIT
JKIPL,JKIPL,Industrials,Farm & Heavy Construction Machinery,100.98999786376953,False,106.04000000000002,False,True,,,False,381.0,EXIT
KOTYARK,KOTYARK,Basic Materials,Specialty Chemicals,38.459999084472656,False,10.78,False,True,82.86,80.43,True,288.0,HOLD
HCL-INSYS,HCL Infosystems Limited,Technology,Electronics & Computer Distribution,11.59000015258789,False,32.92,True,False,-28.18,-27.41,False,7848.0,EXIT
MEGASTAR,Megastar Foods Limited,Consumer Defensive,Packaged Foods,330.3500061035156,False,9.3,False,True,25.35,19.02,True,361.0,HOLD
SINCLAIR,Sinclairs Hotels Limited,Consumer Cyclical,Lodging,74.7699966430664,False,14.85,True,False,-34.49,-29.87,False,19.63,EXIT
KRITI,Kriti Industries (India) Limited,Industrials,Building Products & Equipment,69.7300033569336,False,21.42,False,False,-61.35,-62.74,False,867.0,EXIT
MANAKSIA,Manaksia Limited,Industrials,Metal Fabrication,56.86000061035156,False,52.33,False,False,-27.41,-28.88,False,1679.0,EXIT
KCPSUGIND,K.C.P. Sugar and Industries Corporation Limited,Consumer Defensive,Confectioners,31.469999313354492,False,41.519999999999996,False,True,-0.94,-7.1,False,442.0,EXIT
KRITINUT,Kriti Nutrients Limited,Consumer Defensive,Packaged Foods,89.1500015258789,False,33.910000000000004,False,True,-16.59,-22.64,False,734.0,EXIT
SHARDUL,Shardul Securities Limited,Financial Services,Capital Markets,43.560001373291016,False,262.16999999999996,False,False,,,False,,EXIT
AEPL,Artemis Electricals and Projects Limited,Industrials,Electrical Equipment & Parts,14.34000015258789,False,8.71,True,False,,,False,72.35,EXIT
VARDHACRLC,Vardhman Acrylics Limited,Consumer Cyclical,Textile Manufacturing,45.7400016784668,False,185.64000000000001,False,True,-10.97,-6.42,False,,EXIT
TRANSWORLD,Transworld Shipping Lines Limited,Industrials,Marine Shipping,157.67999267578125,False,71.79,False,False,-43.59,-45.02,False,718.0,EXIT
DREAMFOLKS,Dreamfolks Services Limited,Industrials,Airports & Air Services,69.16000366210938,False,53.46,False,False,-48.27,-49.69,False,1292.0,EXIT
NIMBSPROJ,Nimbus Projects Limited,Unknown,Unknown,189.0,False,103.12,False,False,,,False,176.0,EXIT
BEDMUTHA,Bedmutha Industries Limited,Basic Materials,Steel,115.0,False,22.69,False,False,-20.92,-23.06,False,1049.0,EXIT
GOACARBON,Goa Carbon Limited,Basic Materials,Specialty Chemicals,384.3500061035156,False,55.849999999999994,True,False,-20.74,-22.88,False,344.0,EXIT
ASHIMASYN,Ashima Limited,Real Estate,Real Estate - Development,17.809999465942383,False,19.69,False,True,-16.15,-33.1,False,449.0,EXIT
SHANKARA,Shankara Building Products Limited,Consumer Cyclical,Home Improvement Retail,142.6999969482422,False,46.14,False,True,-96.55,-91.79,False,5697.0,EXIT
NURECA,Nureca Limited,Healthcare,Medical Devices,343.95001220703125,False,13.700000000000001,False,True,33.17,41.13,True,256.0,HOLD
KAVDEFENCE,KAVDEFENCE,Technology,Communication Equipment,57.33000183105469,False,2.43,False,False,-3.22,-2.61,False,170.37,EXIT
DBEIL,DBEIL,Industrials,Engineering & Construction,7.269999980926514,False,39.65,False,False,-49.36,-50.78,False,,EXIT
DCMSRIND,DCM Shriram Industries Limited,Consumer Defensive,Confectioners,43.70000076293945,False,47.44,False,False,-73.16,-78.84,False,2351.0,EXIT
NDL,Nandan Denim Limited,Consumer Cyclical,Textile Manufacturing,2.369999885559082,False,33.129999999999995,False,False,-40.83,-36.2,False,,EXIT
AARTISURF,Aarti Surfactants Limited,Basic Materials,Specialty Chemicals,541.1500244140625,False,12.35,False,True,-5.05,-7.23,False,659.0,EXIT
VPRPL,Vishnu Prakash R Punglia Limited,Industrials,Engineering & Construction,29.15999984741211,False,171.42,False,False,-84.36,-85.7,False,,EXIT
SHEMAROO,Shemaroo Entertainment Limited,Communication Services,Entertainment,118.3499984741211,False,180.85999999999999,True,True,14.18,-4.49,False,707.0,HOLD
PAKKA,Pakka Limited,Basic Materials,Paper & Paper Products,72.83999633789062,False,21.27,False,False,-64.01,-66.02,False,408.0,EXIT
SOMATEX,Soma Textiles & Industries Limited,Consumer Cyclical,Textile Manufacturing,97.13999938964844,False,11.08,False,False,2.6,7.12,True,272.93,EXIT
SAHYADRI,Sahyadri Industries Limited,Industrials,Building Products & Equipment,316.79998779296875,False,29.0,False,True,7.49,5.95,True,,HOLD
VALIANTLAB,Valiant Laboratories Limited,Healthcare,Drug Manufacturers - Specialty & Generic,61.22999954223633,False,10.84,False,False,-44.07,-35.6,False,334.0,EXIT
HILINFRA,HILINFRA,Industrials,Infrastructure Operations,45.45000076293945,False,32.07,False,False,,,False,573.0,EXIT
COASTCORP,Coastal Corporation Limited,Consumer Defensive,Packaged Foods,47.56999969482422,False,26.42,False,False,38.11,31.69,True,613.0,EXIT
DYNPRO,Dynemic Products Limited,Basic Materials,Specialty Chemicals,261.5,False,19.94,False,True,-28.19,-30.3,False,368.0,EXIT
TREJHARA,Trejhara Solutions Limited,Technology,Software - Application,150.7899932861328,False,8.67,False,False,-36.17,-35.35,False,116.0,EXIT
TRACXN,Tracxn Technologies Limited,Technology,Software - Application,30.6200008392334,False,10.120000000000001,False,False,-49.84,-48.94,False,,EXIT
RUCHIRA,Ruchira Papers Limited,Basic Materials,Paper & Paper Products,110.41000366210938,False,44.150000000000006,False,False,-19.96,-22.1,False,,EXIT
DEVX,Dev Accelerator Limited,Real Estate,Real Estate Services,33.939998626708984,False,12.75,False,False,,,False,127.0,EXIT
VGL,VGL,Consumer Cyclical,Textile Manufacturing,62.43000030517578,False,69.63,True,False,-35.12,-30.5,False,827.0,EXIT
MEDICAMEQ,Medicamen Biotech Limited,Healthcare,Drug Manufacturers - Specialty & Generic,243.11000061035156,False,10.31,False,False,-48.76,-40.26,False,179.0,EXIT
BELLACASA,Bella Casa Fashion & Retail Limited,Consumer Cyclical,Textile Manufacturing,239.75,False,20.13,False,False,-49.74,-45.09,False,,EXIT
AVONMORE,Avonmore Capital & Management Services Limited,Financial Services,Capital Markets,11.369999885559082,False,26.929999999999996,False,False,-43.08,-42.82,False,,EXIT
OILCOUNTUB,Oil Country Tubular Limited,Energy,Oil & Gas Equipment & Services,60.84000015258789,False,61.49,False,True,-47.24,-38.8,False,,EXIT
TAKE,TAKE LIMITED,Healthcare,Health Information Services,22.209999084472656,False,11.260000000000002,False,False,123.55,130.92,True,2212.9,EXIT
APOLSINHOT,Apollo Sindoori Hotels Limited,Industrials,Specialty Business Services,1200.800048828125,False,10.51,False,False,-14.91,-16.41,False,542.0,EXIT
GENUSPAPER,Genus Paper & Boards Limited,Basic Materials,Paper & Paper Products,12.649999618530273,False,9.459999999999999,False,False,-31.53,-33.64,False,863.0,EXIT
HALDER,Halder Venture Limited,Consumer Defensive,Farm Products,256.55999755859375,False,50.56999999999999,True,False,,,False,884.0,EXIT
CLEDUCATE,CL Educate Limited,Consumer Defensive,Education & Training Services,58.779998779296875,False,36.7,True,False,-29.48,-35.45,False,358.0,EXIT
NATHBIOGEN,Nath Bio-Genes (India) Limited,Basic Materials,Agricultural Inputs,164.75,False,36.62,False,True,-9.89,-12.06,False,268.0,EXIT
VERTOZ,Vertoz Limited,Technology,Software - Infrastructure,35.91999816894531,False,26.04,False,False,-62.08,-61.1,False,254.0,EXIT
MODIRUBBER,Modi Rubber Limited,Real Estate,Real Estate Services,123.55000305175781,False,24.48,False,True,16.21,-1.15,False,146.0,EXIT
OMFREIGHT,OMFREIGHT,Industrials,Integrated Freight & Logistics,87.66999816894531,False,19.96,False,True,,,False,489.0,EXIT
SUNDRMBRAK,Sundaram Brake Linings Limited,Consumer Cyclical,Auto Parts,778.0,False,12.359999999999998,False,True,-10.66,-6.11,False,,EXIT
CINELINE,Cineline India Limited,Communication Services,Entertainment,90.69999694824219,False,14.79,True,True,14.7,-3.98,False,286.0,HOLD
TIGERLOGS,Tiger Logistics (India) Limited,Industrials,Integrated Freight & Logistics,25.989999771118164,False,21.490000000000002,True,False,,,False,330.0,EXIT
HPAL,HP Adhesives Limited,Basic Materials,Specialty Chemicals,34.02000045776367,False,11.71,False,False,-32.26,-34.37,False,251.0,EXIT
ELGIRUBCO,Elgi Rubber Company Limited,Consumer Cyclical,Auto Parts,62.70000076293945,False,240.24,True,True,15.26,19.75,True,489.0,HOLD
RPPINFRA,R.P.P. Infra Projects Limited,Industrials,Engineering & Construction,59.47999954223633,False,38.46,False,False,-55.38,-56.78,False,1439.0,EXIT
MAHEPC,Mahindra EPC Irrigation Limited,Industrials,Farm & Heavy Construction Machinery,107.61000061035156,False,14.4,False,False,-26.37,-27.84,False,284.0,EXIT
SPENCERS,Spencer's Retail Limited,Consumer Cyclical,Department Stores,32.84000015258789,False,249.32999999999998,True,False,-51.35,-46.7,False,2645.0,EXIT
APCL,Anjani Portland Cement Limited,Basic Materials,Building Materials,106.55000305175781,False,28.78,False,False,-26.9,-29.02,False,801.0,EXIT
GOLDTECH,AION-TECH Solutions Limited,Technology,Information Technology Services,54.709999084472656,False,10.07,False,True,-31.99,-31.19,False,93.0,EXIT
REMSONSIND,Remsons Industries Limited,Consumer Cyclical,Auto Parts,85.72000122070312,False,18.04,True,False,-39.87,-35.24,False,377.0,EXIT
RHL,Robust Hotels Limited,Consumer Cyclical,Lodging,173.0,False,24.700000000000003,False,False,-44.7,-40.06,False,,EXIT
NILAINFRA,Nila Infrastructures Limited,Real Estate,Real Estate - Development,7.510000228881836,False,25.019999999999996,True,False,-21.12,-38.0,False,247.0,EXIT
PRITIKAUTO,Pritika Auto Industries Limited,Industrials,Specialty Industrial Machinery,18.709999084472656,False,19.88,False,True,1.95,0.41,True,423.0,HOLD
VARDMNPOLY,Vardhman Polytex Limited,Consumer Cyclical,Textile Manufacturing,6.019999980926514,False,7.670000000000001,False,False,-47.26,-42.62,False,1051.0,EXIT
IITL,Industrial Investment Trust Limited,Financial Services,Credit Services,142.5800018310547,False,45.18,False,False,-16.71,-16.56,False,339.07,EXIT
ATLANTAA,Atlantaa Limited,Industrials,Infrastructure Operations,40.29999923706055,False,44.940000000000005,False,False,17.58,16.01,True,541.0,EXIT
AARON,Aaron Industries Limited,Industrials,Specialty Industrial Machinery,134.91000366210938,False,6.789999999999999,False,False,-41.93,-43.36,False,,EXIT
AXITA,Axita Cotton Limited,Consumer Cyclical,Textile Manufacturing,7.340000152587891,False,6.31,True,False,-16.72,-12.15,False,653.0,EXIT
ALPINETEX,ALPINETEX,Consumer Cyclical,Textile Manufacturing,67.81999969482422,False,0.0,False,False,,,False,,EXIT
NDGL,Naga Dhunseri Group Limited,Financial Services,Capital Markets,2756.60009765625,False,64.03999999999999,False,False,-37.66,-37.42,False,,EXIT
PODDARMENT,Poddar Pigments Limited,Basic Materials,Specialty Chemicals,249.64999389648438,False,14.76,False,False,-17.69,-19.84,False,,EXIT
BTTL,Bhilwara Technical Textiles Limited,Consumer Cyclical,Textile Manufacturing,47.650001525878906,False,17.88,False,False,,,False,,EXIT
A2ZINFRA,A2Z Infra Engineering Limited,Industrials,Engineering & Construction,16.6299991607666,False,9.12,False,True,-19.81,-21.29,False,1349.0,EXIT
EXXARO,Exxaro Tiles Limited,Industrials,Building Products & Equipment,6.170000076293945,False,4.1,False,False,-23.43,-24.91,False,325.0,EXIT
AMBALALSA,Ambalal Sarabhai Enterprises Limited,Healthcare,Drug Manufacturers - Specialty & Generic,42.900001525878906,True,18.340000000000003,False,False,,,False,,EXIT
ZEELEARN,Zee Learn Limited,Consumer Defensive,Education & Training Services,8.010000228881836,False,56.11,False,True,-18.84,-24.88,False,517.0,EXIT
RMC,RMC Switchgears Limited,Industrials,Electrical Equipment & Parts,337.3999938964844,False,19.09,False,False,,,False,318.0,EXIT
IVC,IL&FS Investment Managers Limited,Financial Services,Financial Conglomerates,8.0,False,18.189999999999998,False,True,-12.07,-11.94,False,215.0,EXIT
BPL,BPL Limited,Technology,Consumer Electronics,53.43000030517578,False,14.36,False,False,-36.72,-35.9,False,198.0,EXIT
CORDSCABLE,Cords Cable Industries Limited,Industrials,Electrical Equipment & Parts,223.2899932861328,False,20.650000000000002,False,True,23.01,21.43,True,,HOLD
PONNIERODE,Ponni Sugars (Erode) Limited,Consumer Defensive,Confectioners,323.20001220703125,False,40.06,False,True,16.13,9.85,True,,HOLD
RNBDENIMS,R & B Denims Limited,Consumer Cyclical,Textile Manufacturing,9.079999923706055,False,23.22,False,False,,,False,296.0,EXIT
ALMONDZ,Almondz Global Securities Limited,Financial Services,Capital Markets,14.609999656677246,False,33.79,False,False,-35.2,-34.97,False,150.0,EXIT
SAKUMA,Sakuma Exports Limited,Consumer Defensive,Farm Products,1.6200000047683716,False,9.51,False,False,-38.64,-44.55,False,4546.0,EXIT
STARTECK,Starteck Finance Limited,Financial Services,Credit Services,256.3500061035156,False,23.61,False,False,-21.22,-21.05,False,,EXIT
DPWIRES,D.P. Wires Limited,Industrials,Metal Fabrication,166.35000610351562,False,17.580000000000002,False,False,-24.65,-26.13,False,,EXIT
DCMNVL,DCM Nouvelle Limited,Consumer Cyclical,Textile Manufacturing,156.75999450683594,False,8.43,False,True,-23.33,-18.75,False,1081.0,EXIT
FCSSOFT,FCS Software Solutions Limited,Technology,Information Technology Services,1.4800000190734863,False,9.24,True,False,-45.31,-44.43,False,133.41,EXIT
BIMETAL,Bimetal Bearings Limited,Consumer Cyclical,Auto Parts,647.0499877929688,False,11.73,False,False,,,False,,EXIT
GULFPETRO,GP Petroleums Limited,Energy,Oil & Gas Refining & Marketing,52.08000183105469,False,40.62,True,True,15.6,22.3,True,790.0,HOLD
KMSUGAR,K.M. Sugar Mills Limited,Consumer Defensive,Confectioners,28.579999923706055,False,53.42,True,True,9.04,2.81,True,659.0,HOLD
UCAL,UCAL Limited,Consumer Cyclical,Auto Parts,116.47000122070312,False,23.630000000000003,False,True,-26.03,-21.44,False,870.0,EXIT
UFO,UFO Moviez India Limited,Communication Services,Entertainment,69.4000015258789,False,24.03,False,False,9.43,-9.17,False,612.0,EXIT
PAVNAIND,Pavna Industries Limited,Consumer Cyclical,Auto Parts,17.420000076293945,False,8.809999999999999,False,False,-64.77,-60.08,False,298.0,EXIT
AHLEAST,Asian Hotels (East) Limited,Consumer Cyclical,Lodging,142.08999633789062,False,73.64,True,False,-15.18,-10.62,False,202.0,EXIT
TRF,TRF Limited,Industrials,Specialty Industrial Machinery,229.3800048828125,False,18.04,False,False,-33.9,-35.35,False,1162.56,EXIT
LOTUSEYE,Lotus Eye Hospital and Institute Limited,Healthcare,Medical Care Facilities,117.83000183105469,False,1.2400000000000002,False,True,50.34,58.19,True,,HOLD
DIAMINESQ,Diamines and Chemicals Limited,Basic Materials,Chemicals,262.7900085449219,False,12.780000000000001,False,True,-37.08,-39.18,False,110.34,EXIT
SURANAT&P,Surana Telecom and Power Limited,Utilities,Utilities - Independent Power Producers,18.010000228881836,False,24.810000000000002,True,False,1.8,-7.44,False,36.0,EXIT
MARALOVER,Maral Overseas Limited,Consumer Cyclical,Textile Manufacturing,54.9900016784668,False,33.96,False,True,-22.25,-17.66,False,,EXIT
NIPPOBATRY,Indo National Limited,Industrials,Electrical Equipment & Parts,327.04998779296875,False,31.15,False,False,-32.72,-34.18,False,641.0,EXIT
SAHLIBHFI,Shalibhadra Finance Limited,Financial Services,Credit Services,79.83999633789062,False,19.48,False,False,,,False,,EXIT
UNITEDTEA,The United Nilgiri Tea Estates Company Limited,Consumer Defensive,Farm Products,481.1499938964844,False,21.94,True,False,5.23,-0.97,False,62.0,EXIT
SRD,Shankar Lal Rampal Dye-Chem Limited,Basic Materials,Specialty Chemicals,38.15999984741211,False,13.49,False,False,-54.4,-56.45,False,,EXIT
SHIVAMAUTO,Shivam Autotech Limited,Consumer Cyclical,Auto Parts,18.0,False,81.33,True,False,-48.29,-43.65,False,636.0,EXIT
RADIOCITY,Music Broadcast Limited,Communication Services,Broadcasting,6.900000095367432,False,67.74,True,True,-4.8,-23.22,False,201.0,HOLD
STARPAPER,Star Paper Mills Limited,Basic Materials,Paper & Paper Products,150.80999755859375,False,35.34,True,True,-14.84,-17.0,False,360.0,HOLD
VIKASLIFE,Vikas Lifecare Limited,Consumer Defensive,Farm Products,1.2599999904632568,False,167.38000000000002,True,False,-44.85,-50.72,False,480.0,EXIT
SETCO,Setco Automotive Limited,Consumer Cyclical,Auto Parts,17.75,False,130.54000000000002,True,False,11.16,15.66,True,691.0,HOLD
JAYSREETEA,Jay Shree Tea & Industries Limited,Consumer Defensive,Farm Products,89.29000091552734,False,64.22,False,True,-18.87,-24.91,False,858.0,EXIT
SUMIT,Sumit Woods Limited,Real Estate,Real Estate - Development,56.59000015258789,False,6.050000000000001,False,True,-18.21,-35.13,False,94.0,EXIT
GEEKAYWIRE,Geekay Wires Limited,Industrials,Electrical Equipment & Parts,22.299999237060547,False,30.110000000000003,False,False,-35.08,-36.53,False,,EXIT
BCONCEPTS,Brand Concepts Limited,Consumer Cyclical,Footwear & Accessories,183.60000610351562,False,6.58,False,False,-52.8,-48.14,False,292.0,EXIT
GLOBECIVIL,GLOBECIVIL,Industrials,Engineering & Construction,39.209999084472656,False,23.31,False,False,-53.04,-54.45,False,326.0,EXIT
AARVI,Aarvi Encon Limited,Industrials,Staffing & Employment Services,156.36000061035156,False,17.61,False,True,51.75,50.11,True,510.0,HOLD
VETO,Veto Switchgears and Cables Limited,Industrials,Electrical Equipment & Parts,124.2699966430664,False,25.13,False,True,-4.89,-6.41,False,300.0,EXIT
SIKKO,Sikko Industries Limited,Basic Materials,Agricultural Inputs,5.380000114440918,False,9.12,True,True,45.43,43.11,True,61.3,HOLD
GLOBALVECT,Global Vectra Helicorp Limited,Industrials,Airports & Air Services,162.5800018310547,False,32.29,False,False,-33.21,-34.66,False,,EXIT
MANAKALUCO,Manaksia Aluminium Company Limited,Basic Materials,Aluminum,35.61000061035156,False,7.5600000000000005,False,True,5.49,3.28,True,,HOLD
SINTERCOM,Sintercom India Limited,Consumer Cyclical,Auto Parts,82.8499984741211,False,1.43,False,False,-45.15,-40.51,False,,EXIT
EQUIPPP,Equippp Social Impact Technologies Limited,Technology,Information Technology Services,23.920000076293945,False,1.51,False,True,10.86,11.39,True,560.34,HOLD
GENCON,Generic Engineering Construction and Projects Limited,Industrials,Engineering & Construction,39.4900016784668,False,8.5,False,False,-13.02,-14.52,False,302.0,EXIT
WORTHPERI,Worth Peripherals Limited,Consumer Cyclical,Packaging & Containers,150.17999267578125,False,14.63,False,True,-12.57,-8.01,False,297.0,EXIT
RCOM,Reliance Communications Limited,Communication Services,Telecom Services,0.8299999833106995,False,11125.0,True,False,-28.37,-46.47,False,25594.0,EXIT
SHIVATEX,Shiva Texyarn Limited,Consumer Cyclical,Textile Manufacturing,167.08999633789062,False,10.219999999999999,False,True,-23.43,-18.84,False,553.0,EXIT
CHEMBOND,Chembond Material Technologies Limited,Basic Materials,Specialty Chemicals,177.8300018310547,False,20.86,False,True,-5.65,-7.83,False,440.0,EXIT
DSFCL,DSFCL,Basic Materials,Specialty Chemicals,26.0,False,8.25,False,False,,,False,429.0,EXIT
BALAJEE,BALAJEE,Consumer Cyclical,Packaging & Containers,27.559999465942383,False,11.01,False,False,-52.08,-47.43,False,579.0,EXIT
AERONEU,Aeroflex Neu Limited,Consumer Cyclical,Packaging & Containers,85.3499984741211,False,3.46,False,True,-36.59,-31.98,False,129.0,EXIT
VMSTMT,VMSTMT,Basic Materials,Steel,44.75,False,21.04,False,False,,,False,,EXIT
NITIRAJ,Nitiraj Engineers Limited,Technology,Scientific & Technical Instruments,211.6999969482422,False,2.72,False,True,6.27,6.83,True,67.81,HOLD
SONAMLTD,Sonam Limited,Consumer Cyclical,"Furnishings, Fixtures & Appliances",54.56999969482422,False,0.0,False,True,7.33,11.85,True,,HOLD
PIGL,Power & Instrumental (Gujarat) Limited,Industrials,Engineering & Construction,108.52999877929688,False,14.280000000000001,True,False,-22.75,-24.23,False,169.0,EXIT
AAREYDRUGS,Aarey Drugs & Pharmaceuticals Limited,Healthcare,Drug Manufacturers - Specialty & Generic,84.30999755859375,False,4.52,False,True,8.19,16.32,True,,HOLD
LYKALABS,Lyka Labs Limited,Healthcare,Biotechnology,69.98999786376953,False,11.9,False,False,-48.39,-39.89,False,194.0,EXIT
KALYANIFRG,Kalyani Forge Limited,Consumer Cyclical,Auto Parts,614.7000122070312,False,9.56,False,False,-21.49,-16.91,False,,EXIT
ROSSELLIND,Rossell India Limited,Industrials,Conglomerates,57.65999984741211,False,63.44,True,True,-17.73,-19.22,False,367.0,HOLD
MAHESHWARI,Maheshwari Logistics Limited,Industrials,Integrated Freight & Logistics,73.0,False,16.849999999999998,False,True,19.89,18.31,True,1147.0,HOLD
RVTH,Revathi Equipment India Limited,Industrials,Farm & Heavy Construction Machinery,724.4000244140625,False,16.64,False,True,-23.88,-25.35,False,212.0,EXIT
BASML,Bannari Amman Spinning Mills Ltd,Consumer Cyclical,Textile Manufacturing,27.290000915527344,False,13.75,False,True,-14.77,-10.2,False,1560.0,EXIT
AFFORDABLE,Affordable Robotic & Automation Limited,Industrials,Specialty Industrial Machinery,181.77000427246094,False,12.079999999999998,False,False,-55.34,-56.74,False,163.0,EXIT
ASMS,Avio Smart Market Stack Limited,Technology,Information Technology Services,7.449999809265137,False,5.97,False,False,-46.24,-45.36,False,1163.0,EXIT
CCHHL,Country Club Hospitality & Holidays Limited,Consumer Cyclical,Lodging,12.930000305175781,False,18.54,False,False,-40.36,-35.73,False,520.63,EXIT
ALANKIT,Alankit Limited,Technology,Information Technology Services,7.909999847412109,False,19.1,False,False,-52.61,-51.69,False,312.0,EXIT
VSTL,Vibhor Steel Tubes Limited,Basic Materials,Steel,110.7699966430664,False,8.79,False,False,-32.91,-35.01,False,,EXIT
ZODIACLOTH,Zodiac Clothing Company Limited,Consumer Cyclical,Apparel Manufacturing,77.54000091552734,False,35.05,True,False,-32.98,-28.37,False,405.0,EXIT
KOTARISUG,Kothari Sugars and Chemicals Limited,Consumer Defensive,Confectioners,25.950000762939453,False,26.67,True,False,-16.14,-22.2,False,433.0,EXIT
PKTEA,The Peria Karamalai Tea and Produce Company Limited,Consumer Defensive,Farm Products,709.75,False,23.189999999999998,True,False,18.92,12.63,True,72.79,HOLD
SSDL,SSDL,Consumer Cyclical,Apparel Retail,54.380001068115234,False,23.409999999999997,False,False,-49.75,-45.1,False,604.0,EXIT
NOVAAGRI,Nova Agritech Limited,Basic Materials,Agricultural Inputs,23.09000015258789,False,12.84,False,False,-58.87,-60.9,False,294.0,EXIT
QMSMEDI,QMSMEDI,Healthcare,Medical Instruments & Supplies,111.81999969482422,False,11.239999999999998,False,True,33.82,41.77,True,,HOLD
NECLIFE,Nectar Lifesciences Limited,Healthcare,Drug Manufacturers - Specialty & Generic,10.609999656677246,False,145.75,True,False,-40.73,-32.28,False,2779.0,EXIT
PILITA,Pil Italica Lifestyle Limited,Consumer Cyclical,"Furnishings, Fixtures & Appliances",8.5600004196167,False,3.54,False,False,-51.04,-46.39,False,,EXIT
SAKHTISUG,Sakthi Sugars Limited,Consumer Defensive,Confectioners,17.68000030517578,False,195.89999999999998,False,False,-22.28,-28.3,False,3063.0,EXIT
JMA,Jullundur Motor Agency (Delhi) Limited,Consumer Cyclical,Auto Parts,89.47000122070312,False,29.71,True,True,-8.59,-4.04,False,556.0,HOLD
AKSHARCHEM,AksharChem (India) Limited,Basic Materials,Specialty Chemicals,273.2799987792969,False,11.540000000000003,False,True,0.73,-1.47,False,380.0,EXIT
CPCAP,CP Capital Limited,Financial Services,Credit Services,114.18000030517578,False,42.58,True,True,-35.02,-34.79,False,,HOLD
SMARTLINK,Smartlink Holdings Limited,Technology,Communication Equipment,230.58999633789062,False,13.149999999999999,False,True,59.37,59.6,True,215.0,HOLD
SHRADHA,Shradha Realty Limited,Real Estate,Real Estate - Development,34.369998931884766,False,26.86,True,False,-32.31,-49.05,False,110.0,EXIT
SICAGEN,Sicagen India Limited,Basic Materials,Steel,51.5099983215332,False,18.07,False,False,,,False,,EXIT
VIJIFIN,Viji Finance Limited,Financial Services,Credit Services,10.819999694824219,False,4.33,True,True,136.87,136.33,True,,HOLD
AUSOMENT,AuSom Enterprise Limited,Financial Services,Capital Markets,140.97000122070312,False,19.48,False,True,37.23,37.14,True,2393.0,HOLD
INTENTECH,Intense Technologies Limited,Technology,Software - Infrastructure,85.2300033569336,False,28.69,True,False,-3.02,-2.4,False,127.4,EXIT
SPCENET,Spacenet Enterprises India Limited,Financial Services,Capital Markets,3.490000009536743,False,16.07,False,False,-49.7,-49.41,False,157.0,EXIT
BHARATGEAR,Bharat Gears Limited,Consumer Cyclical,Auto Parts,111.52999877929688,False,16.509999999999998,False,True,13.72,18.22,True,,HOLD
TEAMGTY,Team India Guaranty Limited,Financial Services,Asset Management,225.1999969482422,False,2.09,False,False,-26.81,-26.62,False,,EXIT
ESSENTIA,Integra Essentia Limited,Consumer Defensive,Food Distribution,1.2599999904632568,False,5.41,False,False,-34.21,-40.15,False,442.0,EXIT
SHREYANIND,Shreyans Industries Limited,Basic Materials,Paper & Paper Products,142.55999755859375,False,32.53,False,False,-39.84,-41.93,False,,EXIT
LANCORHOL,Lancor Holdings Limited,Real Estate,Real Estate - Development,26.299999237060547,False,45.879999999999995,True,True,33.62,16.04,True,190.0,HOLD
VIPCLOTHNG,VIP Clothing Limited,Consumer Cyclical,Apparel Manufacturing,21.280000686645508,False,9.81,False,False,-54.86,-50.2,False,,EXIT
GICL,GICL,Industrials,Integrated Freight & Logistics,19.0,False,10.17,True,False,-86.84,-88.17,False,157.0,EXIT
GILLANDERS,Gillanders Arbuthnot and Company Limited,Consumer Defensive,Farm Products,90.76000213623047,False,28.15,True,False,-33.32,-39.27,False,947.0,EXIT
AIRAN,Airan Limited,Technology,Information Technology Services,15.15999984741211,False,12.110000000000001,False,False,-48.65,-47.75,False,106.0,EXIT
DRCSYSTEMS,DRC Systems India Limited,Technology,Information Technology Services,13.34000015258789,False,19.93,True,False,-28.92,-28.14,False,65.0,EXIT
RACE,Race Eco Chain Limited,Industrials,Waste Management,105.22000122070312,False,6.77,True,False,-59.17,-60.56,False,555.0,EXIT
PLAZACABLE,Plaza Wires Limited,Industrials,Electrical Equipment & Parts,47.619998931884766,False,7.300000000000001,False,True,-19.31,-20.8,False,,EXIT
MURUDCERA,Murudeshwar Ceramics Ltd.,Industrials,Building Products & Equipment,31.100000381469727,False,10.79,True,False,-29.8,-31.26,False,202.0,EXIT
TAINWALCHM,Tainwala Chemicals and Plastics (India) Limited,Basic Materials,Specialty Chemicals,220.5800018310547,False,10.79,False,True,-14.96,-17.11,False,,EXIT
BYKE,The Byke Hospitality Limited,Consumer Cyclical,Lodging,34.290000915527344,False,6.709999999999999,False,False,-62.73,-58.05,False,,EXIT
SILGO,Silgo Retail Limited,Consumer Cyclical,Luxury Goods,68.97000122070312,False,5.27,True,False,14.33,18.83,True,44.37,HOLD
ASPINWALL,Aspinwall and Company Limited,Consumer Defensive,Farm Products,249.0399932861328,False,19.7,False,True,-8.71,-14.82,False,336.0,EXIT
RANASUG,Rana Sugars Limited,Consumer Defensive,Confectioners,12.90999984741211,False,57.13,False,True,-6.62,-12.74,False,1713.0,EXIT
BROOKS,Brooks Laboratories Limited,Healthcare,Drug Manufacturers - Specialty & Generic,60.290000915527344,False,24.58,True,False,-74.63,-65.95,False,91.0,EXIT
KHADIM,Khadim India Limited,Consumer Cyclical,Footwear & Accessories,96.77999877929688,False,3.4499999999999997,False,False,-72.97,-68.27,False,799.0,EXIT
SUPREME,Supreme Holdings & Hospitality (India) Limited,Real Estate,Real Estate - Development,45.90999984741211,False,0.56,False,False,-25.75,-42.58,False,78.33,EXIT
SUPERHOUSE,Superhouse Limited,Consumer Cyclical,Footwear & Accessories,157.13999938964844,False,7.13,False,True,-11.97,-7.41,False,800.0,EXIT
RUDRA,Rudra Global Infra Products Limited,Basic Materials,Steel,18.18000030517578,False,13.52,False,False,,,False,561.0,EXIT
NIRAJ,Niraj Cement Structurals Limited,Industrials,Engineering & Construction,29.18000030517578,False,21.130000000000003,True,False,-44.47,-45.9,False,606.0,EXIT
ARVEE,Arvee Laboratories (India) Ltd.,Basic Materials,Specialty Chemicals,155.05999755859375,False,2.08,False,False,-13.24,-15.4,False,61.35,EXIT
VIRINCHI,Virinchi Limited,Technology,Software - Application,15.720000267028809,False,30.299999999999997,False,False,-48.8,-47.91,False,406.0,EXIT
VASWANI,Vaswani Industries Limited,Basic Materials,Steel,52.7599983215332,False,20.16,True,False,-2.8,-4.99,False,389.0,EXIT
VIPULLTD,Vipul Limited,Real Estate,Real Estate - Diversified,11.739999771118164,False,44.839999999999996,False,True,16.69,-0.67,False,284.0,EXIT
SANGINITA,Sanginita Chemicals Limited,Basic Materials,Chemicals,61.529998779296875,False,9.899999999999999,True,True,509.95,506.31,True,230.0,HOLD
EMMBI,Emmbi Industries Limited,Consumer Cyclical,Packaging & Containers,86.98999786376953,False,7.890000000000001,True,False,-28.52,-23.92,False,404.0,EXIT
TIPSFILMS,Tips Films Limited,Communication Services,Entertainment,380.3500061035156,False,25.33,False,True,-7.75,-26.13,False,,EXIT
MODTHREAD,Modern Threads (India) Limited,Consumer Cyclical,Textile Manufacturing,50.63999938964844,False,12.19,False,True,-6.15,-1.6,False,,EXIT
UMIYA-MRO,Umiya Buildcon Limited,Real Estate,Real Estate - Development,91.37999725341797,False,33.37,False,True,26.32,8.83,True,123.0,HOLD
TTL,T.T. Limited,Consumer Cyclical,Textile Manufacturing,6.269999980926514,False,2.3,False,False,-60.03,-55.35,False,,EXIT
TRIGYN,Trigyn Technologies Limited,Technology,Information Technology Services,54.70000076293945,False,11.2,False,False,-39.79,-38.94,False,1280.0,EXIT
DELPHIFX,Delphi World Money Limited,Financial Services,Capital Markets,6.889999866485596,False,6.97,False,False,-48.45,-48.16,False,9163.53,EXIT
DCM,DCM Limited,Industrials,Metal Fabrication,82.58000183105469,False,6.5,False,False,-20.61,-22.1,False,961.69,EXIT
INDOUS,Indo Us Bio-Tech Limited,Basic Materials,Agricultural Inputs,81.5,False,13.120000000000001,True,False,-55.81,-57.85,False,49.39,EXIT
KRITIKA,Kritika Wires Limited,Basic Materials,Steel,5.78000020980835,False,6.199999999999999,False,False,-37.66,-39.74,False,,EXIT
METROGLOBL,MetroGlobal Limited,Industrials,Conglomerates,130.02000427246094,False,17.46,False,False,,,False,,EXIT
ARCHIDPLY,Archidply Industries Limited,Basic Materials,Lumber & Wood Production,80.41999816894531,False,7.98,False,False,-23.48,-25.61,False,550.0,EXIT
SRTL,SRTL,Consumer Cyclical,Textile Manufacturing,40.33000183105469,False,4.46,False,False,,,False,,EXIT
AMJLAND,AMJ Land Holdings Limited,Real Estate,Real Estate - Development,39.15999984741211,False,14.790000000000001,False,False,-18.64,-35.55,False,333.0,EXIT
CENTEXT,Century Extrusions Limited,Basic Materials,Aluminum,23.1200008392334,False,8.07,False,True,1.3,-0.9,False,431.0,EXIT
MKPL,M. K. Proteins Limited,Consumer Defensive,Packaged Foods,4.210000038146973,False,6.83,False,False,-36.0,-41.92,False,,EXIT
IVP,IVP Limited,Basic Materials,Specialty Chemicals,158.66000366210938,False,18.68,False,True,-12.75,-14.91,False,,EXIT
NECCLTD,North Eastern Carrying Corporation Limited,Industrials,Trucking,15.25,False,7.750000000000001,True,False,-35.89,-37.34,False,572.0,EXIT
SADBHAV,Sadbhav Engineering Limited,Industrials,Engineering & Construction,8.989999771118164,False,171.57,False,False,-28.9,-30.36,False,5240.0,EXIT
INCREDIBLE,Incredible Industries Limited,Basic Materials,Steel,33.02000045776367,False,11.52,False,False,-20.1,-22.24,False,,EXIT
RPPL,Rajshree Polypack Limited,Consumer Cyclical,Packaging & Containers,23.600000381469727,False,17.259999999999998,True,True,-13.67,-9.1,False,330.0,HOLD
SIGIND,Signet Industries Limited,Industrials,Conglomerates,61.400001525878906,False,16.17,False,True,3.93,2.39,True,,HOLD
LAGNAM,Lagnam Spintex Limited,Consumer Cyclical,Textile Manufacturing,86.43000030517578,False,14.39,False,True,-19.58,-15.01,False,,EXIT
DEVIT,Dev Information Technology Limited,Technology,Information Technology Services,27.1299991607666,False,90.32,True,False,-44.3,-43.43,False,171.0,EXIT
BAIDFIN,Baid Finserv Limited,Financial Services,Credit Services,10.100000381469727,False,14.98,False,False,-19.11,-18.95,False,,EXIT
VIKASECO,Vikas Ecotech Limited,Basic Materials,Specialty Chemicals,1.1100000143051147,False,6.58,False,False,-52.51,-54.56,False,397.0,EXIT
KAMOPAINTS,Kamdhenu Ventures Limited,Basic Materials,Steel,4.590000152587891,False,5.54,False,False,-51.79,-53.84,False,292.0,EXIT
MHLXMIRU,Mahalaxmi Rubtech Limited,Consumer Cyclical,Textile Manufacturing,161.3800048828125,False,21.79,True,False,-34.62,-30.0,False,267.0,EXIT
FILATFASH,Filatex Fashions Limited,Consumer Cyclical,Apparel Manufacturing,0.18000000715255737,False,2.83,False,False,-78.32,-73.6,False,186.0,EXIT
NATCAPSUQ,Natural Capsules Limited,Healthcare,Drug Manufacturers - Specialty & Generic,148.13999938964844,False,24.67,True,False,-44.25,-35.78,False,170.0,EXIT
TICL,Twamev Construction and Infrastructure Limited,Industrials,Engineering & Construction,9.770000457763672,False,7.630000000000001,False,False,-70.18,-71.55,False,708.0,EXIT
INDOWIND,Indowind Energy Limited,Utilities,Utilities - Renewable,9.100000381469727,False,14.91,True,False,-44.02,-52.02,False,38.81,EXIT
AARTECH,Aartech Solonics Limited,Industrials,Electrical Equipment & Parts,47.380001068115234,False,4.4,True,False,-29.2,-30.66,False,36.35,EXIT
LAL,Lorenzini Apparels Limited,Consumer Cyclical,Apparel Manufacturing,8.449999809265137,False,4.35,False,True,-32.59,-27.98,False,,EXIT
BRNL,Bharat Road Network Limited,Industrials,Infrastructure Operations,17.489999771118164,False,96.43,False,False,-13.78,-15.28,False,401.0,EXIT
MCL,M Tek Copper Limited,Basic Materials,Copper,55.31999969482422,False,3.67,False,False,12.04,9.81,True,,EXIT
RELIABLE,Reliable Data Services Limited,Technology,Information Technology Services,144.10000610351562,False,8.35,False,True,86.51,86.57,True,131.0,HOLD
HPIL,Hindprakash Industries Limited,Basic Materials,Specialty Chemicals,129.61000061035156,False,2.74,False,False,-8.92,-11.09,False,103.61,EXIT
WIPL,The Western India Plywoods Limited,Basic Materials,Lumber & Wood Production,170.0,False,2.7,False,True,9.57,7.35,True,116.0,HOLD
INDBANK,Indbank Merchant Banking Services Limited,Financial Services,Capital Markets,32.400001525878906,False,7.65,False,False,-6.98,-6.87,False,,EXIT
ISHANCH,Ishan Dyes and Chemicals Limited,Basic Materials,Chemicals,50.970001220703125,False,10.63,False,False,-14.1,-16.26,False,101.43,EXIT
HECPROJECT,HEC Infra Projects Limited,Industrials,Engineering & Construction,131.8000030517578,False,12.58,False,True,-14.55,-16.05,False,,EXIT
KEYFINSERV,Keynote Financial Services Limited,Financial Services,Capital Markets,258.3500061035156,False,27.44,True,False,-6.3,-6.19,False,25.32,EXIT
PRAENG,Prajay Engineers Syndicate Limited,Real Estate,Real Estate - Development,20.5,False,18.64,True,False,28.58,11.06,True,109.0,HOLD
INDTERRAIN,Indian Terrain Fashions Limited,Consumer Cyclical,Apparel Retail,31.84000015258789,False,10.030000000000001,False,False,-19.77,-15.2,False,,EXIT
ALPA,Alpa Laboratories Limited,Healthcare,Drug Manufacturers - Specialty & Generic,67.31999969482422,False,15.16,False,False,-45.18,-36.7,False,112.0,EXIT
BALPHARMA,Bal Pharma Limited,Healthcare,Drug Manufacturers - Specialty & Generic,89.02999877929688,False,6.28,False,True,-20.11,-11.79,False,339.0,EXIT
ALPHAGEO,Alphageo (India) Limited,Energy,Oil & Gas Equipment & Services,236.16000366210938,False,15.520000000000001,False,True,-14.37,-6.84,False,429.0,EXIT
SECMARK,SecMark Consultancy Limited,Industrials,Consulting Services,123.36000061035156,False,8.13,True,True,-10.87,-12.38,False,35.11,HOLD
DGCONTENT,Digicontent Limited,Communication Services,Internet Content & Information,26.010000228881836,False,20.03,True,False,-16.47,-34.73,False,20.0,EXIT
RUCHINFRA,Ruchi Infrastructure Limited,Industrials,Specialty Business Services,5.889999866485596,False,10.93,False,False,-23.25,-24.73,False,2636.0,EXIT
DTIL,Dhunseri Tea & Industries Limited,Consumer Defensive,Packaged Foods,133.5,False,73.52999999999999,True,False,-29.4,-35.37,False,456.0,EXIT
CORALFINAC,Coral India Finance and Housing Limited,Real Estate,Real Estate Services,33.459999084472656,False,14.779999999999998,False,False,-13.08,-30.07,False,,EXIT
ONELIFECAP,Onelife Capital Advisors Limited,Financial Services,Capital Markets,34.150001525878906,False,18.82,True,True,165.88,165.21,True,6.41,HOLD
MAGNUM,Magnum Ventures Limited,Basic Materials,Paper & Paper Products,19.420000076293945,False,24.94,True,False,-20.13,-22.27,False,396.0,EXIT
INDIANCARD,The Indian Card Clothing Company Limited,Consumer Cyclical,Textile Manufacturing,222.0,False,11.690000000000001,False,False,-32.29,-27.68,False,85.0,EXIT
ISFT,IntraSoft Technologies Limited,Consumer Cyclical,Internet Retail,79.88999938964844,False,13.28,False,False,-28.26,-23.67,False,1170.0,EXIT
BALAXI,Balaxi Pharmaceuticals Limited,Healthcare,Drug Manufacturers - Specialty & Generic,24.170000076293945,False,1.41,False,False,-61.49,-52.9,False,336.0,EXIT
CALSOFT,California Software Company Limited,Technology,Software - Application,21.56999969482422,False,14.63,True,True,54.82,55.08,True,10.86,HOLD
SHAHALLOYS,Shah Alloys Limited,Basic Materials,Steel,70.26000213623047,False,65.04,False,True,18.55,16.3,True,880.0,HOLD
MITCON,MITCON Consultancy & Engineering Services Limited,Industrials,Engineering & Construction,78.44999694824219,False,8.09,True,True,2.01,0.48,True,129.0,HOLD
SAMPANN,Sampann Utpadan India Limited,Basic Materials,Specialty Chemicals,27.43000030517578,False,6.98,True,False,-14.15,-16.31,False,93.0,EXIT
NARMADA,Narmada Agrobase Limited,Basic Materials,Agricultural Inputs,15.010000228881836,False,3.86,False,False,33.41,31.12,True,,EXIT
AIROLAM,Airo Lam Limited,Consumer Cyclical,"Furnishings, Fixtures & Appliances",91.19000244140625,False,3.87,False,False,-23.22,-18.64,False,211.0,EXIT
BTML,Bodhi Tree Multimedia Limited,Communication Services,Entertainment,6.610000133514404,False,6.91,False,False,-0.9,-19.37,False,89.0,EXIT
URAVIDEF,Uravi Defence and Technology Limited,Consumer Cyclical,Auto Parts,112.30000305175781,False,1.43,False,False,-85.94,-81.2,False,41.99,EXIT
CROWN,Crown Lifters Limited,Industrials,Rental & Leasing Services,115.41999816894531,False,8.9,False,False,-28.1,-29.57,False,,EXIT
BSL,BSL Limited,Consumer Cyclical,Textile Manufacturing,126.26000213623047,False,4.359999999999999,False,False,-23.1,-18.51,False,,EXIT
SALONA,Salona Cotspin Limited,Consumer Cyclical,Textile Manufacturing,248.3000030517578,False,4.300000000000001,False,False,-10.37,-5.81,False,,EXIT
MUKTAARTS,Mukta Arts Limited,Communication Services,Entertainment,56.939998626708984,False,11.81,True,False,-12.42,-30.73,False,308.0,EXIT
JOCIL,Jocil Limited,Basic Materials,Specialty Chemicals,147.0,False,8.290000000000001,False,True,-13.47,-15.63,False,919.0,EXIT
SURANASOL,Surana Solar Limited,Technology,Solar,26.219999313354492,False,6.760000000000001,True,False,-20.77,-20.04,False,92.55,EXIT
MAHAPEXLTD,Maha Rashtra Apex Corporation Limited,Financial Services,Credit Services,46.900001525878906,False,64.42,False,False,-60.64,-60.29,False,10.0,EXIT
TEXMOPIPES,Texmo Pipes and Products Limited,Industrials,Building Products & Equipment,42.95000076293945,False,14.059999999999999,False,False,-29.58,-31.04,False,635.0,EXIT
TARMAT,Tarmat Limited,Industrials,Engineering & Construction,49.65999984741211,False,6.24,False,False,-10.68,-12.18,False,276.0,EXIT
USK,Udayshivakumar Infra Limited,Industrials,Engineering & Construction,22.959999084472656,False,26.69,False,False,-42.16,-43.59,False,577.0,EXIT
HINDCON,Hindcon Chemicals Limited,Basic Materials,Specialty Chemicals,22.969999313354492,False,3.2199999999999998,False,False,-33.24,-35.34,False,85.59,EXIT
PAR,Par Drugs and Chemicals Limited,Healthcare,Drug Manufacturers - Specialty & Generic,98.88999938964844,False,13.11,False,True,-12.74,-4.47,False,,EXIT
SAMBHAAV,Sambhaav Media Limited,Communication Services,Publishing,6.679999828338623,False,1.18,False,False,12.92,-5.73,False,48.33,EXIT
DBSTOCKBRO,DB (International) Stock Brokers Limited,Financial Services,Capital Markets,33.4900016784668,False,3.4699999999999998,False,True,24.14,24.11,True,48.25,HOLD
XELPMOC,Xelpmoc Design and Tech Limited,Technology,Information Technology Services,83.27999877929688,False,7.59,True,False,-12.8,-12.13,False,14.74,EXIT
WEIZMANIND,Weizmann Limited,Consumer Cyclical,Textile Manufacturing,77.11000061035156,False,5.92,False,False,-40.87,-36.24,False,135.0,EXIT
GSLSU,Global Surfaces Limited,Basic Materials,Building Materials,28.649999618530273,False,30.419999999999998,False,False,-76.8,-78.78,False,225.0,EXIT
FELDVR,Future Enterprises Limited,Consumer Cyclical,Department Stores,2.450000047683716,False,0.0,False,False,-33.8,-29.19,False,,EXIT
LAMBODHARA,Lambodhara Textiles Limited,Consumer Cyclical,Textile Manufacturing,115.69999694824219,False,11.01,False,True,-16.75,-12.18,False,,EXIT
AVROIND,Avro India Limited,Consumer Cyclical,"Furnishings, Fixtures & Appliances",9.15999984741211,False,4.31,False,False,-52.21,-47.56,False,67.48,EXIT
GVPTECH,GVP Infotech Limited,Technology,Information Technology Services,7.03000020980835,False,95.72,True,False,-38.05,-37.22,False,1491.0,EXIT
REPL,Rudrabhishek Enterprises Limited,Industrials,Consulting Services,64.88999938964844,False,18.200000000000003,False,False,-64.25,-65.64,False,107.97,EXIT
KREBSBIO,Krebs Biochemicals & Industries Limited,Healthcare,Drug Manufacturers - Specialty & Generic,54.119998931884766,False,16.93,False,False,-42.74,-34.28,False,,EXIT
NAVKARURB,Navkar Urbanstructure Limited,Basic Materials,Building Materials,1.0099999904632568,False,3.2,False,False,-57.78,-59.81,False,,EXIT
BCPL,BCPL Railway Infrastructure Limited,Industrials,Infrastructure Operations,69.8499984741211,False,6.450000000000001,False,False,,,False,161.0,EXIT
LATTEYS,Latteys Industries Limited,Industrials,Specialty Industrial Machinery,19.780000686645508,False,3.5700000000000003,True,False,-5.3,-6.82,False,80.0,EXIT
ANIKINDS,Anik Industries Limited,Consumer Defensive,Food Distribution,42.22999954223633,False,3.3400000000000003,False,False,-54.3,-60.11,False,610.0,EXIT
GTL,GTL Limited,Communication Services,Telecom Services,7.449999809265137,False,666.75,True,False,-5.69,-24.09,False,3942.0,EXIT
AAATECH,AAA Technologies Limited,Technology,Information Technology Services,91.33000183105469,False,2.6,False,False,1.86,2.45,True,,EXIT
SURYALAXMI,Suryalakshmi Cotton Mills Limited,Consumer Cyclical,Textile Manufacturing,59.31999969482422,False,3.12,False,True,-23.1,-18.51,False,727.0,EXIT
LANDSMILL,Landsmill Green Limited,Industrials,Conglomerates,0.8100000023841858,False,1.6600000000000001,False,False,-34.01,-35.47,False,39.65,EXIT
PRAXIS,Praxis Home Retail Limited,Consumer Cyclical,Specialty Retail,6.650000095367432,False,228.70000000000002,False,False,-47.07,-42.42,False,,EXIT
VITAL,VITAL,Basic Materials,Specialty Chemicals,49.349998474121094,False,0.0,False,False,-13.83,-15.99,False,134.0,EXIT
STEELCITY,Steel City Securities Limited,Financial Services,Capital Markets,84.44000244140625,False,14.290000000000001,False,False,-22.8,-22.63,False,70.0,EXIT
GANGESSECU,Ganges Securities Limited,Consumer Defensive,Packaged Foods,120.87000274658203,False,8.11,False,False,-21.45,-27.47,False,41.93,EXIT
SOMICONVEY,Somi Conveyor Beltings Limited,Industrials,Specialty Industrial Machinery,93.87999725341797,False,5.029999999999999,False,False,-40.28,-41.71,False,,EXIT
VLEGOV,VL E-Governance & IT Solutions Limited,Technology,Information Technology Services,10.760000228881836,False,2.51,False,False,-82.23,-81.12,False,,EXIT
VISHWARAJ,Vishwaraj Sugar Industries Limited,Consumer Defensive,Confectioners,5.46999979019165,False,48.4,False,False,-38.62,-44.52,False,,EXIT
OBCL,OBCL Limited,Industrials,Trucking,53.5,False,10.91,False,False,-1.22,-2.75,False,488.0,EXIT
HILTON,Hilton Metal Forging Limited,Industrials,Metal Fabrication,20.889999389648438,False,3.4499999999999997,False,False,-65.94,-67.32,False,,EXIT
SHYAMCENT,Shyam Century Ferrous Limited,Basic Materials,Steel,5.409999847412109,False,11.17,False,False,-28.99,-31.1,False,133.0,EXIT
CUBEXTUB,Cubex Tubings Limited,Basic Materials,Copper,78.12000274658203,False,7.450000000000001,True,False,-11.37,-13.54,False,267.0,EXIT
ZENITHEXPO,Zenith Exports Limited,Consumer Cyclical,Textile Manufacturing,194.27999877929688,False,2.53,False,False,-25.32,-20.72,False,,EXIT
SIL,Standard Industries Limited,Consumer Cyclical,Textile Manufacturing,16.969999313354492,False,19.5,False,True,-19.89,-15.31,False,437.0,EXIT
GROBTEA,The Grob Tea Company Limited,Consumer Defensive,Farm Products,898.7999877929688,False,43.77,False,False,-15.6,-21.66,False,,EXIT
NORBTEAEXP,Norben Tea & Exports Limited,Consumer Defensive,Farm Products,66.69000244140625,False,1.27,False,False,93.28,86.49,True,,EXIT
COMPUSOFT,Compucom Software Limited,Consumer Defensive,Education & Training Services,13.140000343322754,False,3.3600000000000003,False,False,-33.18,-39.12,False,75.0,EXIT
BEARDSELL,Beardsell Limited,Industrials,Building Products & Equipment,27.1299991607666,False,11.430000000000001,True,False,-18.1,-19.59,False,268.0,EXIT
LOVABLE,Lovable Lingerie Limited,Consumer Cyclical,Apparel Manufacturing,73.62000274658203,False,10.82,False,False,-28.67,-24.07,False,,EXIT
JETFREIGHT,Jet Freight Logistics Limited,Industrials,Integrated Freight & Logistics,22.600000381469727,False,6.8100000000000005,False,True,65.22,63.55,True,461.0,HOLD
MOTOGENFIN,The Motor & General Finance Limited,Real Estate,Real Estate Services,25.989999771118164,False,146.85,True,True,6.48,-10.76,False,15.16,HOLD
OSWALSEEDS,ShreeOswal Seeds and Chemicals Limited,Basic Materials,Agricultural Inputs,10.579999923706055,False,13.620000000000001,True,False,-15.73,-17.88,False,272.0,EXIT
LOYALTEX,Loyal Textile Mills Limited,Consumer Cyclical,Textile Manufacturing,210.0,False,64.68,False,False,-51.93,-47.28,False,1763.0,EXIT
DIGJAMLMTD,Digjam Limited,Consumer Cyclical,Textile Manufacturing,48.650001525878906,False,3.94,False,True,-22.89,-18.31,False,,EXIT
SEMAC,Semac Construction Limited,Industrials,Engineering & Construction,315.0,False,7.19,False,True,-43.58,-45.01,False,325.0,EXIT
RAJSREESUG,Rajshree Sugars & Chemicals Limited,Consumer Defensive,Confectioners,30.84000015258789,False,71.34,True,False,-24.98,-30.98,False,830.0,EXIT
BAGFILMS,B.A.G. Films and Media Limited,Communication Services,Broadcasting,4.400000095367432,False,3.74,False,False,-19.83,-38.04,False,145.0,EXIT
VAISHALI,Vaishali Pharma Limited,Healthcare,Drug Manufacturers - Specialty & Generic,7.940000057220459,False,5.73,False,True,-48.16,-39.66,False,,EXIT
DUCON,Ducon Infratechnologies Limited,Industrials,Specialty Industrial Machinery,2.9700000286102295,False,10.98,False,False,-49.85,-51.26,False,451.0,EXIT
BHANDARI,Bhandari Hosiery Exports Limited,Consumer Cyclical,Apparel Manufacturing,2.869999885559082,False,7.7700000000000005,False,False,-52.6,-47.95,False,21.03,EXIT
KAKATCEM,Kakatiya Cement Sugar and Industries Limited,Basic Materials,Building Materials,119.75,False,24.060000000000002,False,False,-24.19,-26.32,False,,EXIT
RHFL,Reliance Home Finance Limited,Financial Services,Mortgage Finance,1.909999966621399,False,2.61,False,False,-62.85,-62.5,False,,EXIT
INVENTURE,Inventure Growth & Securities Limited,Financial Services,Capital Markets,0.9100000262260437,False,14.530000000000001,True,False,-44.11,-43.85,False,311.87,EXIT
GLOBE,Globe Enterprises (India) Limited,Consumer Cyclical,Textile Manufacturing,2.049999952316284,False,5.93,False,False,-17.16,-12.59,False,524.0,EXIT
BANKA,Banka BioLoo Limited,Industrials,Pollution & Treatment Controls,88.0,False,2.84,False,True,3.41,1.88,True,54.18,HOLD
GOYALALUM,Goyal Aluminiums Limited,Basic Materials,Aluminum,6.519999980926514,False,3.5,True,False,-13.0,-15.16,False,82.41,EXIT
SADBHIN,Sadbhav Infrastructure Project Limited,Industrials,Engineering & Construction,2.5899999141693115,False,198.38,False,False,-36.25,-37.7,False,3548.0,EXIT
RELCHEMQ,Reliance Chemotex Industries Limited,Consumer Cyclical,Textile Manufacturing,127.58999633789062,False,5.26,False,False,-35.24,-30.63,False,366.0,EXIT
ARTNIRMAN,Art Nirman Limited,Real Estate,Real Estate - Development,40.75,False,1.34,False,False,-14.37,-31.34,False,,EXIT
ABAN,Aban Offshore Limited,Energy,Oil & Gas Drilling,18.25,False,849.68,False,False,-71.08,-61.98,False,,EXIT
SELMC,SEL Manufacturing Company Limited,Consumer Cyclical,Textile Manufacturing,27.489999771118164,False,167.88,False,False,-18.26,-13.68,False,3774.0,EXIT
SMLT,Sarthak Metals Limited,Industrials,Metal Fabrication,70.04000091552734,False,4.609999999999999,False,False,-42.67,-44.1,False,,EXIT
BVCL,Barak Valley Cements Limited,Basic Materials,Building Materials,41.84000015258789,False,5.27,False,False,-7.51,-9.68,False,234.0,EXIT
GRADIENTE,Gradiente Infotainment Limited,Communication Services,Entertainment,2.6500000953674316,False,0.0,False,False,,,False,,EXIT
AAKASH,Aakash Exploration Services Limited,Energy,Oil & Gas Equipment & Services,9.0,False,3.24,False,True,-21.29,-13.57,False,93.0,EXIT
RAJMET,Rajnandini Metal Limited,Basic Materials,Copper,3.299999952316284,False,0.0,False,False,-33.54,-35.65,False,,EXIT
GATECH,GACM Technologies Limited,Financial Services,Asset Management,0.6200000047683716,False,7.1,False,True,6.56,6.6,True,385.56,HOLD
AMDIND,AMD Industries Limited,Consumer Cyclical,Packaging & Containers,46.68000030517578,False,9.889999999999999,True,False,-16.24,-11.67,False,190.0,EXIT
AKSHOPTFBR,Aksh Optifibre Limited,Technology,Communication Equipment,6.28000020980835,False,17.560000000000002,False,True,-26.37,-25.61,False,618.0,EXIT
SPLIL,SPL Industries Limited,Consumer Cyclical,Apparel Manufacturing,31.600000381469727,False,7.45,False,False,-30.69,-26.09,False,340.0,EXIT
PALASHSECU,Palash Securities Limited,Consumer Defensive,Packaged Foods,88.55000305175781,False,28.8,True,False,-23.4,-29.41,False,6.04,EXIT
REGENCERAM,Regency Ceramics Limited,Industrials,Building Products & Equipment,32.029998779296875,False,23.84,False,False,-37.5,-38.94,False,,EXIT
CINEVISTA,Cinevista Limited,Communication Services,Entertainment,14.899999618530273,False,6.1,True,False,-3.86,-22.29,False,59.0,EXIT
KOHINOOR,Kohinoor Foods Limited,Consumer Defensive,Packaged Foods,23.040000915527344,False,94.61999999999999,False,False,-30.2,-36.17,False,1420.0,EXIT
FIBERWEB,Fiberweb (India) Limited,Consumer Cyclical,Textile Manufacturing,29.729999542236328,False,13.059999999999999,False,False,-46.85,-42.21,False,286.13,EXIT
MOKSH,Moksh Ornaments Limited,Consumer Cyclical,Luxury Goods,10.569999694824219,False,0.0,False,False,-31.56,-26.96,False,,EXIT
PARASPETRO,Paras Petrofils Limited,Consumer Cyclical,Textile Manufacturing,2.619999885559082,False,2.22,False,True,3.33,7.86,True,,HOLD
NIBL,NRB Industrial Bearings Limited,Industrials,Tools & Accessories,36.400001525878906,False,29.460000000000004,True,True,60.79,59.12,True,81.0,HOLD
BLBLIMITED,BLB Limited,Financial Services,Capital Markets,15.670000076293945,False,33.32,False,False,-0.55,-0.47,False,2522.0,EXIT
PATINTLOG,Patel Integrated Logistics Limited,Industrials,Integrated Freight & Logistics,14.550000190734863,False,9.59,True,True,-13.07,-14.57,False,454.0,HOLD
NOIDATOLL,Noida Toll Bridge Company Limited,Industrials,Infrastructure Operations,4.429999828338623,False,27.199999999999996,False,True,12.21,10.66,True,130.0,HOLD
LPDC,Landmark Property Development Company Limited,Real Estate,Real Estate Services,6.369999885559082,False,1.57,False,False,-7.73,-24.78,False,,EXIT
ORIENTLTD,Orient Press Limited,Consumer Cyclical,Packaging & Containers,78.0,False,1.9300000000000002,False,True,-19.33,-14.75,False,,EXIT
HISARMETAL,Hisar Metal Industries Limited,Basic Materials,Steel,147.3800048828125,False,3.3800000000000003,False,False,-29.87,-31.98,False,,EXIT
TOTAL,Total Transport Systems Limited,Industrials,Integrated Freight & Logistics,62.91999816894531,False,7.79,False,True,-21.16,-22.64,False,665.0,EXIT
ENERGYDEV,Energy Development Company Limited,Utilities,Utilities - Regulated Electric,16.690000534057617,False,27.28,True,False,-13.18,-22.01,False,150.0,EXIT
HDIL,Housing Development and Infrastructure Limited,Real Estate,Real Estate - Diversified,1.6100000143051147,False,11.67,False,False,-36.64,-53.32,False,2380.0,EXIT
ZENITHSTL,Zenith Steel Pipes & Industries Limited,Basic Materials,Steel,5.639999866485596,False,4.54,False,False,-33.4,-35.5,False,229.36,EXIT
DHARAN,Dharan Infra-EPC Limited,Real Estate,Real Estate - Development,0.15000000596046448,False,35.050000000000004,False,False,-55.76,-72.2,False,129.0,EXIT
PARSVNATH,Parsvnath Developers Limited,Real Estate,Real Estate - Development,1.7100000381469727,False,419.7099999999999,True,False,-77.47,-93.63,False,1189.0,EXIT
RSSOFTWARE,R S Software (India) Limited,Technology,Information Technology Services,29.8799991607666,False,33.0,False,False,-61.73,-60.75,False,352.0,EXIT
PIONEEREMB,Pioneer Embroideries Limited,Consumer Cyclical,Textile Manufacturing,24.260000228881836,False,9.84,False,False,-47.94,-43.29,False,375.0,EXIT
VINEETLAB,Vineet Laboratories Limited,Basic Materials,Chemicals,39.0,False,12.64,False,True,10.77,8.54,True,,HOLD
BANARBEADS,Banaras Beads Limited,Consumer Cyclical,Footwear & Accessories,114.23999786376953,False,1.8900000000000001,False,False,-7.38,-2.83,False,,EXIT
ATAM,Atam Valves Limited,Industrials,Specialty Industrial Machinery,64.73999786376953,False,3.58,False,False,-33.42,-34.87,False,,EXIT
TOUCHWOOD,Touchwood Entertainment Limited,Communication Services,Advertising Agencies,65.88999938964844,False,4.0600000000000005,False,False,-18.53,-36.77,False,68.85,EXIT
NGIL,Nakoda Group of Industries Limited,Consumer Defensive,Packaged Foods,39.869998931884766,False,1.63,True,True,45.47,39.0,True,59.62,HOLD
TOKYOPLAST,Tokyo Plast International Limited,Consumer Cyclical,Packaging & Containers,79.37999725341797,False,0.45,False,False,-43.02,-38.39,False,79.93,EXIT
CURAA,CURAA,Technology,Software - Application,72.0,False,1.52,False,False,-77.84,-76.76,False,52.97,EXIT
ACCURACY,Accuracy Shipping Limited,Industrials,Integrated Freight & Logistics,4.809999942779541,False,3.7800000000000002,False,False,-34.04,-35.49,False,945.0,EXIT
ALKALI,Alkali Metals Limited,Basic Materials,Specialty Chemicals,68.16999816894531,False,6.959999999999999,False,False,-27.1,-29.22,False,,EXIT
ODIGMA,Odigma Consultancy Solutions Limited,Communication Services,Advertising Agencies,22.979999542236328,False,1.8,False,False,-19.38,-37.6,False,,EXIT
PRAKASHSTL,Prakash Steelage Limited,Basic Materials,Steel,4.03000020980835,False,0.84,False,False,-32.64,-34.75,False,1123.0,EXIT
AJOONI,Ajooni Biotech Limited,Consumer Defensive,Packaged Foods,3.9600000381469727,False,2.27,False,False,-24.5,-30.5,False,,EXIT
GATECHDVR,GACM Technologies Limited,Financial Services,Asset Management,0.49000000953674316,False,7.1,False,True,0.07,0.15,True,233.33,HOLD
IL&FSTRANS,IL&FS Transportation Networks Limited,Industrials,Infrastructure Operations,2.130000114440918,False,0.0,False,False,-32.59,-34.04,False,8717.0,EXIT
DIGIDRIVE,Digidrive Distributors Limited,Consumer Cyclical,Internet Retail,17.84000015258789,False,9.56,True,False,-52.97,-48.31,False,50.0,EXIT
UMAEXPORTS,Uma Exports Limited,Consumer Defensive,Farm Products,20.700000762939453,False,3.3000000000000003,False,False,-52.48,-58.29,False,1731.0,EXIT
NAGREEKEXP,Nagreeka Exports Limited,Consumer Cyclical,Textile Manufacturing,22.65999984741211,False,3.06,False,False,-15.89,-11.32,False,630.0,EXIT
CTE,Cambridge Technology Enterprises Limited,Technology,Information Technology Services,37.93000030517578,False,10.89,False,True,-14.64,-13.95,False,206.0,EXIT
ROML,Raj Oil Mills Limited,Consumer Defensive,Packaged Foods,44.54999923706055,False,4.67,True,False,-5.3,-11.43,False,341.0,EXIT
DAMODARIND,Damodar Industries Limited,Consumer Cyclical,Textile Manufacturing,28.049999237060547,False,7.44,False,False,-32.7,-28.09,False,,EXIT
JHS,JHS Svendgaard Laboratories Limited,Consumer Defensive,Household & Personal Products,7.760000228881836,False,5.619999999999999,False,False,-32.62,-38.57,False,140.29,EXIT
BONLON,Bonlon Industries Limited,Basic Materials,Other Industrial Metals & Mining,42.810001373291016,False,7.02,False,False,,,False,623.0,EXIT
AGRITECH,Agri-tech (India) Limited,Consumer Defensive,Farm Products,111.80000305175781,False,0.91,True,False,-18.6,-24.64,False,0.38,EXIT
KHAITANLTD,Khaitan (India) Limited,Industrials,Industrial Distribution,155.3000030517578,True,6.039999999999999,False,True,30.25,28.65,True,77.61,HOLD
ATLASCYCLE,Atlas Cycles (Haryana) Limited,Consumer Cyclical,Leisure,97.26000213623047,False,8.030000000000001,True,False,-32.75,-28.14,False,684.28,EXIT
HGM,Handson Global Management (HGM) Limited,Technology,Information Technology Services,49.63999938964844,False,7.5,False,False,-12.32,-11.65,False,22.47,EXIT
FMNL,Future Market Networks Limited,Real Estate,Real Estate Services,9.5,False,7.93,False,True,-21.99,-38.86,False,161.0,EXIT
RKEC,RKEC Projects Limited,Industrials,Engineering & Construction,26.75,False,10.98,False,False,-62.56,-63.94,False,399.0,EXIT
DELTAMAGNT,Delta Manufacturing Limited,Consumer Cyclical,Textile Manufacturing,57.150001525878906,False,12.41,False,False,-42.93,-38.3,False,124.0,EXIT
CAPTRUST,Capital Trust Limited,Financial Services,Credit Services,19.030000686645508,False,46.82,True,True,-71.93,-71.54,False,,HOLD
ROLLT,Rollatainers Limited,Real Estate,Real Estate Services,2.8299999237060547,False,18.549999999999997,False,True,100.51,82.07,True,560.0,HOLD
TFL,Transwarranty Finance Limited,Financial Services,Mortgage Finance,11.479999542236328,False,4.430000000000001,True,False,-35.76,-35.53,False,,EXIT
SECURKLOUD,SecureKloud Technologies Limited,Technology,Software - Application,18.420000076293945,False,157.37,False,False,-31.16,-30.37,False,849.0,EXIT
AGROPHOS,Agro Phos (India) Limited,Basic Materials,Agricultural Inputs,28.34000015258789,False,2.7600000000000002,False,False,-38.06,-40.15,False,131.0,EXIT
RAJTV,Raj Television Network Limited,Communication Services,Broadcasting,10.149999618530273,False,0.79,False,False,-62.4,-80.05,False,,EXIT
SUNDARAM,Sundaram Multi Pap Limited,Basic Materials,Paper & Paper Products,1.25,False,4.0600000000000005,False,False,-40.15,-42.23,False,194.34,EXIT
ANMOL,Anmol India Limited,Energy,Thermal Coal,9.979999542236328,False,11.239999999999998,False,False,-47.5,-39.05,False,,EXIT
ADROITINFO,Adroit Infotech Limited,Technology,Information Technology Services,10.029999732971191,False,3.81,False,True,-11.21,-10.55,False,52.95,EXIT
LEMERITE,LEMERITE,Consumer Cyclical,Textile Manufacturing,23.3799991607666,False,5.52,False,False,-72.36,-67.66,False,525.0,EXIT
ORCHASP,Orchasp Limited,Technology,Software - Application,1.6100000143051147,False,1.05,False,False,-47.29,-46.4,False,104.67,EXIT
MALUPAPER,Malu Paper Mills Limited,Basic Materials,Paper & Paper Products,33.29999923706055,False,14.66,False,False,-16.27,-18.42,False,,EXIT
BALKRISHNA,Balkrishna Paper Mills Limited,Consumer Cyclical,Packaging & Containers,17.520000457763672,False,6.51,False,False,-22.98,-18.4,False,198.0,EXIT
TRU,TruCap Finance Limited,Financial Services,Credit Services,4.639999866485596,False,103.62,True,False,-71.78,-71.39,False,,EXIT
KSR,KSR Footwear Limited,Consumer Cyclical,Footwear & Accessories,29.479999542236328,False,18.62,False,False,,,False,,EXIT
HYBRIDFIN,Hybrid Financial Services Limited,Financial Services,Capital Markets,18.0,False,2.71,False,False,12.76,12.77,True,7.07,EXIT
SUVIDHAA,Suvidhaa Infoserve Limited,Technology,Information Technology Services,2.5199999809265137,False,9.309999999999999,True,False,-49.5,-48.6,False,285.0,EXIT
PALREDTEC,Palred Technologies Limited,Technology,Consumer Electronics,47.5,False,5.26,False,True,-14.11,-13.43,False,148.0,EXIT
LCCINFOTEC,LCC Infotech Limited,Consumer Defensive,Education & Training Services,4.050000190734863,False,1.34,True,False,-4.87,-11.01,False,11.0,EXIT
SHIVAMILLS,Shiva Mills Limited,Consumer Cyclical,Textile Manufacturing,62.36000061035156,False,2.9000000000000004,False,True,-23.89,-19.3,False,,EXIT
ICDSLTD,ICDS Limited,Real Estate,Real Estate Services,43.52000045776367,False,2.58,False,False,11.99,-5.31,False,6.45,EXIT
ANSALAPI,Ansal Properties & Infrastructure Limited,Real Estate,Real Estate - Development,3.509999990463257,False,165.47,True,True,-16.69,-33.63,False,1406.0,HOLD
SUPREMEENG,Supreme Engineering Limited,Basic Materials,Steel,2.2100000381469727,False,9.649999999999999,False,True,63.19,60.82,True,,HOLD
BIOFILCHEM,Biofil Chemicals and Pharmaceuticals Limited,Healthcare,Drug Manufacturers - Specialty & Generic,33.2400016784668,False,2.7800000000000002,False,False,-38.23,-29.8,False,,EXIT
PRITI,Priti International Limited,Consumer Cyclical,"Furnishings, Fixtures & Appliances",37.09000015258789,False,0.8999999999999999,False,False,-63.97,-59.29,False,,EXIT
VINNY,Vinny Overseas Limited,Consumer Cyclical,Textile Manufacturing,1.059999942779541,False,0.9299999999999999,False,False,-30.2,-25.59,False,,EXIT
BLUECOAST,Blue Coast Hotels Limited,Consumer Cyclical,Lodging,25.670000076293945,False,2.1,False,False,-62.67,-57.99,False,134.89,EXIT
GAYAHWS,Gayatri Highways Limited,Industrials,Infrastructure Operations,1.940000057220459,False,15.02,False,False,-13.21,-14.71,False,86.0,EXIT
SVPGLOB,SVP Global Textiles Limited,Consumer Cyclical,Textile Manufacturing,3.880000114440918,False,376.41999999999996,True,True,4.49,9.01,True,2489.0,HOLD
AHLADA,Ahlada Engineers Limited,Industrials,Building Products & Equipment,37.599998474121094,False,0.44,False,False,-46.8,-48.22,False,259.0,EXIT
OSIAHYPER,Osia Hyper Retail Limited,Consumer Cyclical,Department Stores,2.809999942779541,False,5.1,False,False,-86.81,-82.07,False,,EXIT
RKDL,Ravi Kumar Distilleries Limited,Consumer Defensive,Beverages - Wineries & Distilleries,19.170000076293945,False,0.14,False,False,-30.12,-36.08,False,,EXIT
DHRUV,Dhruv Consultancy Services Limited,Industrials,Engineering & Construction,25.399999618530273,False,33.690000000000005,True,False,-65.38,-66.76,False,102.0,EXIT
ARCHIES,Archies Limited,Consumer Cyclical,Specialty Retail,14.130000114440918,False,4.89,False,False,-38.19,-33.57,False,194.95,EXIT
COUNCODOS,Country Condo's Limited,Real Estate,Real Estate - Development,5.929999828338623,False,0.6,False,True,-1.41,-18.54,False,,EXIT
TPHQ,Teamo Productions HQ Limited,Industrials,Engineering & Construction,0.41999998688697815,False,12.200000000000001,True,False,-47.43,-48.85,False,2.6,EXIT
JAIPURKURT,Nandani Creation Limited,Consumer Cyclical,Apparel Manufacturing,27.299999237060547,False,1.57,False,False,-43.36,-38.72,False,70.0,EXIT
MASKINVEST,Mask Investments Limited,Financial Services,Capital Markets,149.5,False,0.1,False,False,-12.71,-12.58,False,,EXIT
WEWIN,We Win Limited,Technology,Information Technology Services,43.81999969482422,False,4.5,False,False,-17.01,-16.31,False,78.49,EXIT
MANUGRAPH,Manugraph India Limited,Industrials,Specialty Industrial Machinery,15.890000343322754,False,9.58,False,True,-18.24,-19.72,False,446.0,EXIT
DANGEE,Dangee Dums Limited,Consumer Cyclical,Restaurants,2.990000009536743,False,1.86,False,False,-41.7,-37.07,False,19.89,EXIT
AKASH,Akash Infra-Projects Limited,Industrials,Engineering & Construction,26.549999237060547,False,2.8200000000000003,False,True,-4.69,-6.21,False,140.82,EXIT
CELEBRITY,Celebrity Fashions Limited,Consumer Cyclical,Apparel Manufacturing,7.230000019073486,False,15.72,False,False,-53.32,-48.67,False,,EXIT
KARMAENG,Karma Energy Limited,Utilities,Utilities - Renewable,38.709999084472656,False,2.6999999999999997,True,False,-25.51,-34.01,False,41.88,EXIT
GOLDENTOBC,Golden Tobacco Limited,Consumer Defensive,Tobacco,24.920000076293945,False,0.0,False,False,-27.93,-33.91,False,96.08,EXIT
SHEKHAWATI,Shekhawati Industries Limited,Consumer Cyclical,Textile Manufacturing,13.9399995803833,False,8.11,False,False,-48.02,-43.37,False,363.26,EXIT
PRUDMOULI,Prudential Sugar Corporation Ltd.,Consumer Defensive,Confectioners,13.390000343322754,False,6.16,False,False,-65.25,-70.98,False,104.84,EXIT
LFIC,Lakshmi Finance & Industrial Corporation Limited,Financial Services,Asset Management,142.00999450683594,False,9.09,False,False,-35.93,-35.7,False,,EXIT
AMBICAAGAR,Ambica Agarbathies Aroma & Industries Limited,Consumer Defensive,Household & Personal Products,25.100000381469727,False,3.45,True,True,-8.96,-15.07,False,98.07,HOLD
MANGALAM,Mangalam Drugs & Organics Limited,Healthcare,Drug Manufacturers - Specialty & Generic,27.059999465942383,False,44.41,True,False,-82.15,-73.43,False,369.0,EXIT
AKI,AKI India Limited,Consumer Cyclical,Footwear & Accessories,4.21999979019165,False,4.19,True,False,-70.52,-65.82,False,80.96,EXIT
21STCENMGM,Twentyfirst Century Management Services Limited,Financial Services,Capital Markets,42.599998474121094,False,28.68,False,True,-30.51,-30.31,False,260.0,EXIT
VIVIMEDLAB,Vivimed Labs Limited,Healthcare,Drug Manufacturers - Specialty & Generic,5.179999828338623,False,176.46000000000004,False,False,-7.69,0.54,False,1462.0,EXIT
TNTELE,Tamilnadu Telecommunications Limited,Technology,Communication Equipment,8.899999618530273,False,14.889999999999999,False,False,-55.96,-55.02,False,,EXIT
SAGARDEEP,Sagardeep Alloys Limited,Basic Materials,Copper,25.200000762939453,False,2.13,True,False,-13.53,-15.69,False,142.0,EXIT
ABMINTLLTD,ABM International Limited,Basic Materials,Specialty Chemicals,42.2400016784668,False,4.21,False,False,-27.69,-29.81,False,155.95,EXIT
MITTAL,Mittal Life Style Limited,Consumer Cyclical,Textile Manufacturing,0.9100000262260437,False,2.3299999999999996,True,False,-55.56,-50.89,False,72.02,EXIT
BANG,Bang Overseas Limited,Consumer Cyclical,Apparel Manufacturing,30.219999313354492,False,5.949999999999999,False,False,-49.7,-45.05,False,194.0,EXIT
ADL,Archidply Decor Limited,Consumer Cyclical,"Furnishings, Fixtures & Appliances",71.75,False,0.32000000000000006,False,False,-26.36,-21.76,False,54.28,EXIT
AROGRANITE,Aro Granite Industries Limited,Industrials,Building Products & Equipment,26.1200008392334,False,11.930000000000001,False,False,-32.65,-34.1,False,252.55,EXIT
MADHUCON,Madhucon Projects Limited,Industrials,Engineering & Construction,5.159999847412109,False,444.52,True,False,-28.83,-30.29,False,2599.0,EXIT
ORIENTALTL,Oriental Trimex Limited,Industrials,Building Products & Equipment,5.139999866485596,False,2.2600000000000002,False,False,-47.54,-48.96,False,,EXIT
SEYAIND,Seya Industries Limited,Basic Materials,Specialty Chemicals,12.5600004196167,False,2.8800000000000003,False,False,-36.74,-38.83,False,,EXIT
CEREBRAINT,Cerebra Integrated Technologies Limited,Industrials,Waste Management,2.9100000858306885,False,71.64999999999999,True,False,-67.2,-68.58,False,261.0,EXIT
ASHOKAMET,Ashoka Metcast Limited,Basic Materials,Steel,14.180000305175781,False,10.8,True,False,-20.43,-22.57,False,67.03,EXIT
SITINET,SITI Networks Limited,Communication Services,Entertainment,0.3100000023841858,False,196.85,True,False,-27.51,-45.62,False,1608.0,EXIT
NKIND,N.K Industries Limited,Consumer Defensive,Household & Personal Products,60.290000915527344,False,3.6199999999999997,True,False,-3.53,-9.67,False,493.13,EXIT
LASA,Lasa Supergenerics Limited,Healthcare,Drug Manufacturers - Specialty & Generic,7.659999847412109,False,34.08,False,False,-37.74,-29.31,False,,EXIT
HBSL,HB Stockholdings Limited,Financial Services,Capital Markets,59.08000183105469,False,25.740000000000002,False,False,-28.62,-28.42,False,,EXIT
SUPERSPIN,Super Spinning Mills Limited,Consumer Cyclical,Textile Manufacturing,6.360000133514404,False,8.57,True,False,-43.11,-38.48,False,521.0,EXIT
DNAMEDIA,Diligent Media Corporation Limited,Communication Services,Publishing,2.7899999618530273,False,8.879999999999999,False,False,-17.48,-35.73,False,127.76,EXIT
CYBERMEDIA,Cyber Media (India) Limited,Communication Services,Publishing,15.930000305175781,False,3.52,False,False,8.52,-10.07,False,101.8,EXIT
GSS,GSS Infotech Limited,Technology,Information Technology Services,14.020000457763672,False,51.120000000000005,True,False,-57.74,-56.79,False,46.14,EXIT
TARAPUR,Tarapur Transformers Limited,Industrials,Specialty Industrial Machinery,14.25,False,2.04,False,False,-49.02,-50.44,False,,EXIT
MOHITIND,Mohit Industries Limited,Consumer Cyclical,Textile Manufacturing,26.719999313354492,False,0.92,False,True,-25.28,-20.69,False,191.0,EXIT
KAUSHALYA,Kaushalya Infrastructure Development Corporation Limited,Industrials,Engineering & Construction,923.9000244140625,False,1.5599999999999998,False,True,2.6,1.06,True,14.56,HOLD
AKG,AKG Exim Limited,Industrials,Industrial Distribution,8.430000305175781,False,0.26,False,False,-35.65,-37.1,False,123.67,EXIT
MADHAV,Madhav Marbles and Granites Limited,Industrials,Building Products & Equipment,35.7599983215332,False,2.6,False,False,-19.73,-21.22,False,76.96,EXIT
AKSHAR,Akshar Spintex Limited,Consumer Cyclical,Textile Manufacturing,0.4399999976158142,False,7.3999999999999995,False,False,-25.68,-21.09,False,,EXIT
GANGAFORGE,Ganga Forging Limited,Industrials,Metal Fabrication,1.940000057220459,False,3.73,False,False,-47.73,-49.15,False,,EXIT
EASTSILK,Eastern Silk Industries Limited,Consumer Cyclical,Textile Manufacturing,61.27000045776367,False,14.35,True,False,3303.17,3299.78,True,434.0,HOLD
KEEPLEARN,DSJ Keep Learning Limited,Consumer Defensive,Education & Training Services,1.9600000381469727,False,1.6300000000000001,False,False,-33.48,-39.42,False,,EXIT
LEXUS,Lexus Granito (India) Limited,Industrials,Building Products & Equipment,14.550000190734863,False,2.22,False,False,-56.52,-57.92,False,,EXIT
KANANIIND,Kanani Industries Limited,Consumer Cyclical,Luxury Goods,1.5199999809265137,False,2.58,False,False,-33.47,-28.86,False,496.0,EXIT
NAGREEKCAP,Nagreeka Capital & Infrastructure Ltd.,Financial Services,Asset Management,22.84000015258789,False,12.1,False,False,-17.61,-17.46,False,,EXIT
PEARLPOLY,Pearl Polymers Limited,Consumer Cyclical,Packaging & Containers,16.670000076293945,False,10.55,False,False,-61.21,-56.54,False,,EXIT
GTECJAINX,G-Tec Jainx Education Limited,Consumer Defensive,Education & Training Services,29.0,False,4.04,True,True,16.29,10.02,True,6.5,HOLD
SIMBHALS,Simbhaoli Sugars Limited,Consumer Defensive,Confectioners,7.0,False,32.809999999999995,True,False,-52.93,-58.74,False,1263.0,EXIT
PNC,Pritish Nandy Communications Ltd,Communication Services,Entertainment,19.65999984741211,False,13.77,True,False,-15.98,-34.25,False,58.0,EXIT
SANWARIA,Sanwaria Consumer Limited,Consumer Defensive,Farm Products,0.20000000298023224,False,4.21,False,False,-42.67,-48.55,False,,EXIT
WILLAMAGOR,Williamson Magor & Co. Limited,Financial Services,Credit Services,25.469999313354492,False,50.220000000000006,True,False,-29.56,-29.35,False,51.0,EXIT
TGBHOTELS,TGB Banquets and Hotels Limited,Consumer Cyclical,Lodging,9.510000228881836,False,1.44,False,False,-26.93,-22.34,False,164.01,EXIT
KHANDSE,Khandwala Securities Limited,Financial Services,Capital Markets,17.399999618530273,False,1.7599999999999998,True,False,-32.69,-32.48,False,10.29,EXIT
INFOMEDIA,Infomedia Press Limited,Financial Services,Shell Companies,5.429999828338623,False,3.6800000000000006,False,False,-22.13,-21.96,False,186.0,EXIT
TREEHOUSE,Tree House Education & Accessories Limited,Consumer Defensive,Education & Training Services,6.340000152587891,False,10.32,False,False,-4.88,-11.01,False,209.0,EXIT
SGL,STL Global Limited,Consumer Cyclical,Textile Manufacturing,9.770000457763672,False,1.3900000000000001,False,False,-40.51,-35.88,False,,EXIT
LIBAS,Libas Consumer Products Limited,Consumer Cyclical,Apparel Manufacturing,9.75,False,0.0,False,False,-28.4,-23.8,False,91.91,EXIT
KSHITIJPOL,Kshitij Polyline Limited,Industrials,Business Equipment & Supplies,2.9000000953674316,False,3.6900000000000004,True,False,-12.27,-13.77,False,59.36,EXIT
NEXTMEDIA,Next Mediaworks Limited,Communication Services,Broadcasting,3.9000000953674316,False,5.279999999999999,True,False,-22.83,-41.0,False,1.45,EXIT
FLFL,Future Lifestyle Fashions Limited,Consumer Cyclical,Apparel Manufacturing,1.2200000286102295,False,0.0,False,False,-38.21,-33.59,False,6297.0,EXIT
ARSHIYA,Arshiya Limited,Industrials,Integrated Freight & Logistics,0.9300000071525574,False,98.67,False,False,-70.56,-71.93,False,1140.0,EXIT
LAXMICOT,Laxmi Cotspin Limited,Consumer Cyclical,Textile Manufacturing,14.15999984741211,False,10.64,True,False,-55.62,-50.96,False,216.0,EXIT
KRIDHANINF,Kridhan Infra Limited,Basic Materials,Steel,2.3399999141693115,False,2.6900000000000004,False,False,-45.52,-47.59,False,726.75,EXIT
ANKITMETAL,Ankit Metal & Power Limited,Basic Materials,Steel,1.5499999523162842,False,0.0,True,False,-21.66,-23.8,False,1148.0,EXIT
SHRENIK,Shrenik Limited,Basic Materials,Paper & Paper Products,0.3400000035762787,False,1.4400000000000002,False,False,-42.38,-44.46,False,,EXIT
MFML,Mahalaxmi Fabric Mills Limited,Consumer Cyclical,Textile Manufacturing,19.100000381469727,False,8.3,True,False,-43.04,-38.41,False,166.0,EXIT
VCL,Vaxtex Cotfab Limited,Consumer Cyclical,Textile Manufacturing,1.2200000286102295,False,6.28,False,False,-11.84,-7.28,False,,EXIT
HAVISHA,Sri Havisha Hospitality and Infrastructure Limited,Consumer Cyclical,Lodging,1.4500000476837158,False,5.03,True,False,-40.34,-35.71,False,2.89,EXIT
ACEINTEG,Ace Integrated Solutions Limited,Industrials,Staffing & Employment Services,19.280000686645508,False,0.9500000000000002,True,False,-24.01,-25.48,False,9.14,EXIT
TCIFINANCE,TCI Finance Limited,Financial Services,Credit Services,15.1899995803833,False,1.9900000000000002,False,False,4.18,4.24,True,,EXIT
FEL,Future Enterprises Limited,Consumer Cyclical,Department Stores,0.3700000047683716,False,0.0,False,False,-44.96,-40.32,False,20186.0,EXIT
SHYAMTEL,Shyam Telecom Limited,Technology,Communication Equipment,15.800000190734863,False,5.03,True,True,5.82,6.38,True,799.0,HOLD
TECILCHEM,Tecil Chemicals and Hydro Power Ltd.,Financial Services,Shell Companies,9.850000381469727,False,0.42000000000000004,False,False,-53.28,-52.97,False,0.0,EXIT
ASTRON,Astron Paper & Board Mill Limited,Basic Materials,Paper & Paper Products,3.640000104904175,False,21.18,False,False,-76.28,-78.26,False,512.0,EXIT
TVVISION,TV Vision Limited,Communication Services,Broadcasting,4.429999828338623,False,34.48,True,False,-23.64,-41.8,False,176.0,EXIT
RADAAN,Radaan Mediaworks India Limited,Communication Services,Entertainment,3.0899999141693115,False,4.79,True,False,-6.9,-25.28,False,35.54,EXIT
GLFL,Gujarat Lease Financing Limited,Financial Services,Shell Companies,5.639999866485596,False,0.2,False,False,-9.91,-9.8,False,0.69,EXIT
SILLYMONKS,Silly Monks Entertainment Limited,Communication Services,Entertainment,16.309999465942383,False,2.35,True,False,10.97,-7.66,False,22.22,EXIT
VIVIDHA,Visagar Polytex Limited,Consumer Cyclical,Textile Manufacturing,0.5400000214576721,False,1.54,False,False,-40.38,-35.76,False,,EXIT
EUROTEXIND,Eurotex Industries and Exports Limited,Real Estate,Real Estate - Development,12.859999656677246,False,4.87,False,False,4.83,-12.38,False,,EXIT
BOHRAIND,Bohra Industries Limited,Basic Materials,Agricultural Inputs,15.25,False,4.25,False,False,-55.31,-57.35,False,,EXIT
UMESLTD,Usha Martin Education & Solutions Limited,Consumer Defensive,Education & Training Services,5.440000057220459,False,0.39,True,True,-4.99,-11.12,False,6.19,HOLD
TIJARIA,Tijaria Polypipes Limited,Industrials,Building Products & Equipment,4.789999961853027,False,1.3,False,False,-47.25,-48.67,False,,EXIT
MTEDUCARE,MT Educare Limited,Consumer Defensive,Education & Training Services,1.9800000190734863,False,11.29,False,True,-11.18,-17.27,False,305.0,EXIT
HEADSUP,Heads UP Ventures Limited,Consumer Cyclical,Apparel Retail,7.039999961853027,False,7.42,True,False,-43.26,-38.62,False,1.42,EXIT
FLEXITUFF,Flexituff Ventures International Limited,Consumer Cyclical,Textile Manufacturing,3.819999933242798,False,134.89,False,False,-94.82,-90.07,False,1457.0,EXIT
KALYANI,Kalyani Commercials Limited,Consumer Cyclical,Auto & Truck Dealerships,138.08999633789062,True,2.74,True,False,-8.66,-4.11,False,901.0,EXIT
RETAIL,JHS Svendgaard Retail Ventures Limited,Consumer Defensive,Grocery Stores,17.5,False,0.42000000000000004,False,False,-53.51,-59.32,False,,EXIT
ARENTERP,Rajdarshan Industries Limited,Basic Materials,Other Industrial Metals & Mining,39.119998931884766,False,0.8400000000000001,True,False,-18.73,-20.88,False,1.9,EXIT
AURUS,Aurus Gem Corporation Limited,Consumer Cyclical,Luxury Goods,4.699999809265137,False,16.91,False,False,-42.36,-37.73,False,,EXIT
NIRAJISPAT,Niraj Ispat Industries Limited,Consumer Cyclical,Apparel Manufacturing,216.0,False,1.21,False,False,-59.12,-54.44,False,,EXIT
UNIINFO,Uniinfo Telecom Services Limited,Communication Services,Telecom Services,12.470000267028809,False,1.5300000000000002,False,False,-22.96,-41.13,False,50.1,EXIT
BILVYAPAR,BIL Vyapar Limited,Basic Materials,Specialty Chemicals,3.9600000381469727,False,2.9800000000000004,False,False,-69.81,-71.81,False,4735.57,EXIT
CREATIVEYE,Creative Eye Limited,Communication Services,Entertainment,6.139999866485596,False,5.180000000000001,False,False,-9.2,-27.55,False,,EXIT
ORTINGLOBE,Ortin Global Limited,Healthcare,Drug Manufacturers - Specialty & Generic,15.149999618530273,False,0.74,False,True,-24.27,-15.93,False,,EXIT
ANTGRAPHIC,Antarctica Limited,Consumer Cyclical,Packaging & Containers,0.75,False,0.0,False,False,-44.09,-39.45,False,,EXIT
GLOBALE,Globale Tessile Limited,Consumer Cyclical,Textile Manufacturing,10.65999984741211,False,1.4,False,False,-29.4,-24.79,False,,EXIT
DCMFINSERV,DCM Financial Services Limited,Financial Services,Credit Services,5.360000133514404,False,1.03,False,True,-14.92,-14.78,False,3.96,EXIT
LAKPRE,Lakshmi Precision Screws Limited,Industrials,Tools & Accessories,5.050000190734863,False,0.0,False,False,-18.46,-19.94,False,425.0,EXIT
COMPINFO,Compuage Infocom Limited,Technology,Electronics & Computer Distribution,1.149999976158142,False,0.0,False,False,-61.85,-60.88,False,4515.0,EXIT
BLUECHIP,Blue Chip India Limited,Financial Services,Capital Markets,1.6799999475479126,False,0.44999999999999996,False,False,-69.49,-69.11,False,,EXIT
MEP,MEP Infrastructure Developers Limited,Industrials,Infrastructure Operations,0.550000011920929,False,0.0,False,False,-68.58,-69.95,False,2815.0,EXIT
PREMIER,Premier Limited,Industrials,Specialty Industrial Machinery,2.8499999046325684,False,5.869999999999999,True,False,-26.84,-28.31,False,99.96,EXIT
SHANTI,Shanti Overseas (India) Limited,Consumer Defensive,Farm Products,6.880000114440918,False,2.87,False,False,-37.79,-43.71,False,210.44,EXIT
SABEVENTS,SAB Events & Governance Now Media Limited,Communication Services,Publishing,132.60000610351562,False,0.68,False,False,19.2,0.46,True,,EXIT
ORTEL,Ortel Communications Limited,Communication Services,Entertainment,2.0299999713897705,False,0.0,False,True,35.68,16.72,True,203.0,HOLD
SETUINFRA,Setubandhan Infrastructure Limited,Industrials,Engineering & Construction,0.4000000059604645,False,0.0,False,False,-21.0,-22.48,False,283.49,EXIT
BNAGROCHEM,BN Agrochem Limited,,,269.95001220703125,False,0.0,False,False,,,False,,EXIT
RAMBHAJO,RAMBHAJO,Consumer Cyclical,Luxury Goods,184.5,False,0.0,False,False,,,False,,EXIT
BLIL,Balmer Lawrie Investments Limited,,,70.94999694824219,False,0.0,False,False,,,False,,EXIT
RSDFIN,RSD Finance Limited,,,160.4600067138672,True,0.0,False,False,,,False,,EXIT
BNALTD,B & A Limited,,,390.0,False,0.0,False,False,,,False,,EXIT
AASTHA,AASTHA,Consumer Cyclical,Textile Manufacturing,92.08000183105469,False,0.0,False,False,,,False,,EXIT
SHRIKRISH,Shri Krishna Devcon Limited,Unknown,Unknown,42.290000915527344,False,0.0,False,False,,,False,,EXIT
ACSTECH,ACS Technologies Limited,,,44.33000183105469,True,0.0,False,False,,,False,,EXIT
3BBLACKBIO,3B Blackbio Dx Limited,,,1204.0,False,0.0,False,False,,,False,,EXIT
ZSARACOM,Saraswati Commercial (India) Limited,,,11932.0,False,0.0,False,False,,,False,,EXIT
ZODIAC,Zodiac Energy Limited,,,255.1999969482422,False,0.0,False,False,,-46.42,False,408.0,EXIT
ABMKNO,ABM Knowledgeware Limited,,,191.61000061035156,False,0.0,False,False,,,False,,EXIT
KPL,Kwality Pharmaceuticals Limited,,,2559.10009765625,False,0.0,False,False,,,False,,EXIT
RAJPALAYAM,Rajapalayam Mills Limited,Unknown,Unknown,833.7000122070312,True,114.35000000000001,False,False,,,False,,EXIT
RRIL,RRIL Limited,,,18.459999084472656,False,0.0,False,False,,,False,,EXIT
MADHAVIPL,Madhav Infra Projects Limited,,,7.980000019073486,False,0.0,False,False,,,False,,EXIT
LCL,LCL,Industrials,Specialty Industrial Machinery,513.9000244140625,True,0.0,False,False,,,False,,EXIT
RIR,Rir Power Electronics Limited,Technology,Semiconductors,159.60000610351562,True,7.930000000000001,False,False,,,False,,EXIT
CPL,Captain Polyplast Limited,Industrials,Farm & Heavy Construction Machinery,72.87999725341797,True,27.780000000000005,False,False,,,False,,EXIT
DAICHI,Dai-ichi Karkaria Limited,,,318.79998779296875,False,0.0,False,False,,,False,,EXIT
SINGERIND,Singer India Limited,,,65.87999725341797,False,0.0,False,False,,,False,483.0,EXIT
LAHOTIOV,Lahoti Overseas Limited,,,41.970001220703125,False,0.0,False,False,,,False,,EXIT
CORONA,CORONA,Healthcare,Drug Manufacturers - General,2096.699951171875,True,164.35000000000002,False,False,,,False,1196.0,EXIT
HBESD,HB Estate Developers Limited,Unknown,Unknown,78.0,False,0.0,False,False,,,False,,EXIT
CMPDI,CMPDI,Basic Materials,Other Industrial Metals & Mining,243.4199981689453,False,656.6099999999999,False,False,,,False,,EXIT
CMRGREEN,CMRGREEN,Basic Materials,Aluminum,226.8800048828125,False,0.0,False,False,,,False,,EXIT
TENNIND,TENNIND,Consumer Cyclical,Auto Parts,580.7000122070312,False,593.23,False,False,,,False,5468.0,EXIT
TECHNVISN,TechNVision Ventures Limited,,,4825.7001953125,False,0.0,False,False,,,False,,EXIT
COMFINTE,Comfort Intech Limited,,,6.269999980926514,False,0.0,False,False,,,False,,EXIT
HALDYNGL,Haldyn Glass Limited,,,137.5,True,0.0,False,False,,,False,,EXIT
COCKERILL,John Cockerill India Limited,Industrials,Metal Fabrication,8897.0,False,18.419999999999998,False,False,,,False,,EXIT
THACKER,Thacker and Company Limited,,,1096.800048828125,False,0.0,False,False,,,False,,EXIT
TIMEX,Timex Group India Limited,Consumer Cyclical,Luxury Goods,553.3499755859375,True,85.79,False,False,,,False,,EXIT
CMLL,CMLL,Energy,Thermal Coal,559.9500122070312,True,0.0,False,False,,,False,,EXIT
THAKDEV,Thakkers Developers Limited,,,135.0,False,0.0,False,False,,,False,,EXIT
TCC,TCC Concept Limited,,,285.70001220703125,False,0.0,False,False,,,False,83.0,EXIT
ABANSENT,ABans Enterprises Limited,,,25.81999969482422,False,0.0,False,False,,,False,,EXIT
DISAQ,DISA India Limited,,,12199.0,True,0.0,False,False,,,False,,EXIT
BI,Bilcare Limited,,,61.31999969482422,False,0.0,False,False,,,False,,EXIT
PRAVEG,Praveg Limited,,,281.54998779296875,False,0.0,False,False,,,False,,EXIT
KIRANVYPAR,Kiran Vyapar Limited,,,203.60000610351562,True,0.0,False,False,,,False,,EXIT
KLBRENG-B,Kilburn Engineering Limited,,,397.8500061035156,False,0.0,False,False,,,False,,EXIT
RVHL,RVHL,Unknown,Unknown,45.7400016784668,False,55.81,False,False,33.0,4.64,True,12.0,EXIT
FERMENTA,Fermenta Biotech Limited,,,551.0999755859375,True,0.0,False,False,,,False,,EXIT
FEDDERSHOL,Fedders Holding Limited,,,42.279998779296875,False,0.0,False,False,,,False,,EXIT
INDPRUD,Industrial And Prudential Investment Company Limited,,,6346.0,False,0.0,False,False,,,False,,EXIT
PRADPME,Pradeep Metals Limited,,,515.4500122070312,False,0.0,False,False,,,False,,EXIT
MMWL,Media Matrix Worldwide Limited,Communication Services,Entertainment,14.510000228881836,False,5.85,False,False,,,False,,EXIT
BAJAJST,Bajaj Steel Industries Limited,,,394.29998779296875,False,0.0,False,False,,,False,,EXIT
SHBAJRG,Shri Bajrang Alliance Limited,,,183.5800018310547,False,0.0,False,False,,,False,,EXIT
GUJRAFFIA,Gujarat Raffia Industries Limited,,,39.939998626708984,False,0.0,False,False,,1.89,False,47.56,EXIT
SIKA,Sika Interplant Systems Limited,,,1105.5,False,0.0,False,False,,,False,,EXIT
BIRLAPREC,Birla Precision Technologies Limited,,,34.58000183105469,False,0.0,False,False,,,False,,EXIT
BHARATCOAL,BHARATCOAL,Basic Materials,Coking Coal,34.41999816894531,False,325.23,False,False,,,False,14246.0,EXIT
BLACKROSE,Black Rose Industries Limited,,,115.30000305175781,False,0.0,False,False,,,False,,EXIT
MCCHRLS-B,Mac Charles (India) Limited,,,674.75,False,0.0,False,False,,,False,,EXIT
QUINT,Quint Digital Limited,,,39.88999938964844,False,0.0,False,False,,,False,,EXIT
TAALTECH,TAAL Tech Limited,,,3998.800048828125,True,0.0,False,False,,,False,,EXIT
TAMBOLIIN,Tamboli Industries Limited,,,208.4199981689453,False,0.0,False,False,,,False,,EXIT
DECNGOLD,Deccan Gold Mines Limited,,,199.02999877929688,False,0.0,False,False,,,False,,EXIT
TURTLEMINT,TURTLEMINT,Financial Services,Insurance Brokers,115.11000061035156,False,47.9,False,False,,,False,,EXIT
MERCANTILE,Mercantile Ventures Limited,,,25.260000228881836,False,0.0,False,False,,,False,,EXIT
MENNPIS,Menon Pistons Limited,,,74.16999816894531,False,0.0,False,False,,,False,,EXIT
SURYALA,Suryalata Spinning Mills Limited,,,406.70001220703125,False,0.0,False,False,,,False,,EXIT
BENGALASM,Bengal & Assam Company Limited,,,6296.5,False,0.0,False,False,,,False,,EXIT
BEEKAY,Beekay Steel Industries Limited,,,402.3500061035156,False,0.0,False,False,,,False,,EXIT
GRANDOAK,Grand Oak Canyons Distillery Limited,,,39.849998474121094,False,0.0,False,False,,,False,,EXIT
GNRL,Gujarat Natural Resources Limited,,,94.06999969482422,False,0.0,False,False,,,False,,EXIT
GRAVISSHO,Graviss Hospitality Limited,,,30.81999969482422,True,0.0,False,False,,,False,,EXIT
SONAL,Sonal Mercantile Limited,,,88.0,False,0.0,False,False,,,False,,EXIT
INVPRECQ,Investment & Precision Castings Limited,,,1130.800048828125,True,0.0,False,False,,,False,,EXIT
KOTIC,Kothari Industrial Corporation Limited,,,154.05999755859375,False,0.0,False,False,,,False,,EXIT
EMPOWER,Empower India Limited,,,2.680000066757202,True,0.0,False,False,,,False,,EXIT
ELCIDIN,Elcid Investments Limited,,,112860.0,False,0.0,False,False,,,False,,EXIT
KAMAHOLD,KAMA Holdings Limited,,,2509.199951171875,False,0.0,False,False,,,False,,EXIT
NEAGI,Neelamalai Agro Industries Limited,,,3165.0,False,0.0,False,False,,,False,,EXIT
ASHIKAG,ASHIKAG,,,461.29998779296875,False,0.0,False,False,,,False,,EXIT
SCANSTL,Scan Steels Limited,,,65.54000091552734,True,0.0,False,False,,,False,,EXIT
NATIONSTD,National Standard (India) Limited,,,212.55999755859375,False,0.0,False,False,,,False,,EXIT
AKCAPIT,A. K. Capital Services Limited,,,1749.0999755859375,True,0.0,False,False,,,False,,EXIT
ELITECON,Elitecon International Limited,,,19.0,False,0.0,False,False,,,False,,EXIT
PREMCO,Premco Global Limited,,,384.04998779296875,False,0.0,False,False,,,False,,EXIT
ASTAR,Asian Star Company Limited,,,590.0999755859375,False,0.0,False,False,,,False,,EXIT
DRAGARWQ,Dr. Agarwal's Eye Hospital Limited,,,5197.0,True,0.0,False,False,,,False,,EXIT
FRONTSP,Frontier Springs Limited,,,1405.4000244140625,False,0.0,False,False,,,False,,EXIT
VELJAN,Veljan Denison Limited,,,1642.0999755859375,False,0.0,False,False,,,False,,EXIT
NILE,Nile Limited,,,1630.0999755859375,False,0.0,False,False,,,False,,EXIT
XTRANET,XTRANET,Technology,Information Technology Services,128.00999450683594,True,0.0,False,False,,,False,,EXIT
3PLAND,3P Land Holdings Ltd,Unknown,Unknown,31.760000228881836,False,1.65,False,False,-25.67,-34.48,False,205.25,EXIT
WELSPLSOL,Welspun Specialty Solutions Limited,,,50.68000030517578,False,0.0,False,False,,,False,,EXIT
PML,Paul Merchants Limited,,,511.54998779296875,False,0.0,False,False,,,False,,EXIT
ARTEMISMED,Artemis Medicare Services Limited,,,322.1499938964844,False,0.0,False,True,,25.05,False,937.0,EXIT
KANCHI,Kanchi Karpooram Limited,,,361.8999938964844,False,0.0,False,False,,,False,,EXIT
IWP,The Indian Wood Products Company Limited,,,33.619998931884766,False,0.0,False,False,,,False,,EXIT
INDOMIM,INDOMIM,Industrials,Metal Fabrication,801.9500122070312,True,0.0,False,False,,,False,,EXIT
PIONRINV,Pioneer Investcorp Limited,,,87.05999755859375,False,0.0,False,False,,,False,,EXIT
SEIL,Shanti Educational Initiatives Limited,,,202.3800048828125,False,0.0,False,False,,,False,,EXIT
SAPPL,Shree Ajit Pulp and Paper Limited,,,285.1000061035156,False,0.0,False,False,,,False,,EXIT
WPIL,WPIL Limited,,,436.54998779296875,False,0.0,False,False,,,False,,EXIT
HEXAGON,HEXAGON,Consumer Defensive,Packaged Foods,66.55999755859375,False,0.0,False,False,,,False,,EXIT
SHINDL,Sharat Industries Limited,,,159.89999389648438,True,0.0,False,False,,,False,,EXIT
OMPOWER,OMPOWER,Industrials,Engineering & Construction,169.0399932861328,False,0.0,False,False,,,False,,EXIT
AARNAV,Aarnav Fashions Limited,,,30.440000534057617,True,0.0,False,False,,,False,,EXIT
