Symbol,Company,Sector,Industry,Current_Price,ATH_Price_Flag,TTM_Net_Profit,ATH_Profit_Flag,Above_MA212_Flag,RS_Peer_Group,RS_vs_Sector,RS_vs_Benchmark,Outperformance_Flag,TTM_Net_Sales,ATH_Sales,ATH_Sales_Flag,Signal
RELIANCE,Reliance Industries Limited,Energy,Oil & Gas Refining & Marketing,1311.0,False,39219.0,False,False,NIFTY ENERGY,-18.89,-9.04,False,552939.0,537909.0,True,EXIT
BHARTIARTL,Bharti Airtel Limited,Communication Services,Telecom Services,1922.0,False,15408.0,False,False,Sector: Communication Services,19.64,0.04,True,124600.0,121493.0,True,EXIT
HDFCBANK,HDFC Bank Limited,Financial Services,Banks - Regional,720.0,False,75576.0,True,False,NIFTY BANK,-49.33,-29.05,False,309415.0,307522.0,True,EXIT
ICICIBANK,ICICI Bank Limited,Financial Services,Banks - Regional,1402.0,False,52183.0,True,True,NIFTY BANK,-22.3,-3.94,False,172670.0,169946.0,True,HOLD
SBIN,State Bank of India,Financial Services,Banks - Regional,1048.5999755859375,False,81993.0,True,True,NIFTY BANK,9.92,25.97,True,493000.0,482797.0,True,HOLD
TCS,Tata Consultancy Services Limited,Technology,Information Technology Services,2289.0,False,50186.0,True,False,NIFTY IT,-21.29,-27.26,False,227703.0,220938.0,True,EXIT
BAJFINANCE,Bajaj Finance Limited,Financial Services,Credit Services,1080.199951171875,False,19016.0,True,True,Sector: Financial Services,19.15,19.07,True,73287.0,71267.0,True,HOLD
LT,Larsen & Toubro Limited,Industrials,Engineering & Construction,4041.300048828125,False,7257.0,False,True,Sector: Industrials,10.45,10.6,True,156234.0,153680.0,True,HOLD
HINDUNILVR,Hindustan Unilever Limited,Consumer Defensive,Household & Personal Products,2020.699951171875,False,15326.0,False,False,NIFTY FMCG,-15.09,-24.85,False,63458.0,61975.0,True,EXIT
INFY,Infosys Limited,Technology,Information Technology Services,1119.800048828125,False,30346.0,True,False,NIFTY IT,-19.49,-25.64,False,153501.0,148819.0,True,EXIT
SUNPHARMA,Sun Pharmaceutical Industries Limited,Healthcare,Drug Manufacturers - Specialty & Generic,1900.0,False,2994.0,False,True,NIFTY PHARMA,-6.63,13.91,False,20901.0,22977.0,False,EXIT
TITAN,Titan Company Limited,Consumer Cyclical,Luxury Goods,5068.0,True,5299.0,True,True,Sector: Consumer Cyclical,41.95,38.15,True,81091.0,77554.0,True,ADD
MARUTI,Maruti Suzuki India Limited,Consumer Cyclical,Auto Manufacturers,13690.0,False,14039.0,False,False,NIFTY AUTO,-29.53,-5.93,False,197129.0,183266.0,True,EXIT
ADANIENT,Adani Enterprises Limited,Energy,Thermal Coal,2990.300048828125,False,9984.0,False,True,NIFTY METAL,-14.15,24.09,False,23138.0,57844.0,False,EXIT
M&M,Mahindra & Mahindra Limited,Consumer Cyclical,Auto Manufacturers,3415.0,False,15874.0,True,True,NIFTY AUTO,-24.55,-1.28,False,155581.0,147765.0,True,HOLD
ADANIPOWER,Adani Power Limited,Utilities,Utilities - Independent Power Producers,204.02000427246094,False,11974.0,False,True,NIFTY ENERGY,59.96,67.8,True,48589.0,49711.0,False,HOLD
ADANIPORTS,Adani Ports and Special Economic Zone Limited,Industrials,Marine Shipping,1681.9000244140625,False,2631.0,False,True,Sector: Industrials,21.43,21.56,True,8937.0,8535.0,True,HOLD
KOTAKBANK,Kotak Mahindra Bank Limited,Financial Services,Banks - Regional,390.25,False,14849.0,False,False,NIFTY BANK,-23.53,-5.09,False,56205.0,55564.0,True,EXIT
AXISBANK,Axis Bank Limited,Financial Services,Banks - Regional,1235.0,False,25764.0,False,False,NIFTY BANK,-4.12,12.93,False,129954.0,127032.0,True,EXIT
HCLTECH,HCL Technologies Limited,Technology,Information Technology Services,1324.800048828125,False,11764.0,False,False,NIFTY IT,-5.72,-13.25,False,56295.0,55031.0,True,EXIT
ITC,ITC Limited,Consumer Defensive,Tobacco,267.04998779296875,False,18959.0,False,False,NIFTY FMCG,-26.05,-35.08,False,69071.0,71984.0,False,EXIT
ULTRACEMCO,UltraTech Cement Limited,Basic Materials,Building Materials,11450.0,False,7571.0,True,False,Sector: Basic Materials,-10.54,-11.09,False,86070.0,82170.0,True,EXIT
HAL,Hindustan Aeronautics Limited,Industrials,Aerospace & Defense,5017.0,True,9279.0,True,True,Sector: Industrials,10.98,11.13,True,33786.0,33090.0,True,ADD
NTPC,NTPC Limited,Utilities,Utilities - Regulated Electric,336.54998779296875,False,23730.0,True,False,NIFTY ENERGY,-12.96,-3.25,False,166752.0,170037.0,False,EXIT
BAJAJFINSV,Bajaj Finserv Ltd.,Financial Services,Financial Conglomerates,2012.0,False,2219.0,True,True,Sector: Financial Services,-0.91,-0.89,False,3115.0,2299.0,True,HOLD
BAJAJ-AUTO,Bajaj Auto Limited,Consumer Cyclical,Auto Manufacturers,11645.0,False,10712.0,True,True,NIFTY AUTO,9.28,30.3,True,63392.0,58732.0,True,HOLD
JSWSTEEL,JSW Steel Limited,Basic Materials,Steel,1285.800048828125,True,7232.0,False,True,NIFTY METAL,-21.8,16.95,False,136770.0,135180.0,True,EXIT
BEL,Bharat Electronics Limited,Industrials,Aerospace & Defense,409.20001220703125,False,6128.0,True,False,Sector: Industrials,5.85,6.01,True,28596.0,27480.0,True,HOLD
ONGC,Oil and Natural Gas Corporation Limited,Energy,Oil & Gas Integrated,238.0,False,41904.0,True,False,NIFTY ENERGY,-10.97,-1.31,False,146966.0,144513.0,True,EXIT
ETERNAL,Eternal Limited,Consumer Cyclical,Internet Retail,320.0,False,2638.0,False,True,Sector: Consumer Cyclical,-0.14,-3.83,False,11835.0,10899.0,True,EXIT
NESTLEIND,Nestlé India Limited,Consumer Defensive,Packaged Foods,1465.0,True,3860.0,False,True,NIFTY FMCG,34.76,21.68,True,24437.0,24394.0,True,HOLD
DMART,Avenue Supermarts Limited,Consumer Defensive,Discount Stores,3965.0,False,3330.0,True,False,Sector: Consumer Defensive,-15.63,-17.5,False,69379.0,66968.0,True,EXIT
SHRIRAMFIN,Shriram Finance Limited,Financial Services,Credit Services,1106.0,True,11287.0,True,True,Sector: Financial Services,77.54,77.18,True,49976.0,48120.0,True,ADD
LICI,Life Insurance Corporation of India,Financial Services,Insurance - Life,413.1000061035156,False,59924.0,True,False,Sector: Financial Services,-10.02,-9.95,False,991507.0,976280.0,True,EXIT
ASIANPAINT,Asian Paints Limited,Basic Materials,Specialty Chemicals,2630.800048828125,False,4621.0,False,True,Sector: Basic Materials,2.64,2.05,True,32084.0,31227.0,True,HOLD
COALINDIA,Coal India Limited,Energy,Thermal Coal,400.0,False,18901.0,True,False,NIFTY ENERGY,-6.02,3.5,False,1549.0,1951.0,False,EXIT
POWERGRID,Power Grid Corporation of India Limited,Utilities,Utilities - Regulated Electric,263.5,False,15679.0,False,False,NIFTY ENERGY,-19.39,-9.52,False,40771.0,43343.0,False,EXIT
HINDZINC,Hindustan Zinc Limited,Basic Materials,Other Industrial Metals & Mining,557.0,False,16933.0,True,False,NIFTY METAL,-7.93,29.9,False,46622.0,40658.0,True,EXIT
TATASTEEL,Tata Steel Limited,Basic Materials,Steel,184.0,False,17077.0,False,False,NIFTY METAL,-25.98,13.05,False,145602.0,142913.0,True,EXIT
HINDALCO,Hindalco Industries Limited,Basic Materials,Aluminum,1038.949951171875,False,13001.0,True,True,NIFTY METAL,8.46,45.19,True,118803.0,112553.0,True,HOLD
DIVISLAB,Divi's Laboratories Limited,Healthcare,Drug Manufacturers - Specialty & Generic,8560.0,True,2941.0,False,True,NIFTY PHARMA,18.27,37.49,True,11005.0,10388.0,True,HOLD
ADANIGREEN,Adani Green Energy Limited,Utilities,Utilities - Renewable,1293.0,False,519.0,False,True,NIFTY ENERGY,25.49,34.21,True,19757.0,19613.0,True,HOLD
EICHERMOT,Eicher Motors Limited,Consumer Cyclical,Auto Manufacturers,7990.5,True,5241.0,True,True,NIFTY AUTO,12.08,32.91,True,24005.0,22700.0,True,ADD
GRASIM,Grasim Industries Limited,Basic Materials,Building Materials,3270.0,True,713.0,False,True,Sector: Basic Materials,12.59,11.98,True,43611.0,41039.0,True,HOLD
TENNIND,TENNIND,Consumer Cyclical,Auto Parts,556.8499755859375,False,1181.0,False,False,Sector: Consumer Cyclical,,,False,2369.0,3057.0,False,EXIT
INDIGO,InterGlobe Aviation Limited,Industrials,Airlines,5193.0,False,-5045.0,False,True,Sector: Industrials,-16.33,-16.12,False,89050.0,84962.0,True,EXIT
TVSMOTOR,TVS Motor Company Limited,Consumer Cyclical,Auto Manufacturers,4361.10009765625,True,4016.0,True,True,NIFTY AUTO,10.36,31.3,True,51085.0,47270.0,True,ADD
ADANIENSOL,Adani Energy Solutions Limited,Utilities,Utilities - Independent Power Producers,1540.699951171875,False,464.0,False,True,NIFTY ENERGY,84.53,91.73,True,3476.0,3383.0,True,HOLD
IOC,Indian Oil Corporation Limited,Energy,Oil & Gas Refining & Marketing,136.3000030517578,False,28452.0,False,False,NIFTY ENERGY,-13.95,-4.21,False,853623.0,839472.0,True,EXIT
TORNTPHARM,Torrent Pharmaceuticals Limited,Healthcare,Drug Manufacturers - Specialty & Generic,5013.0,True,1975.0,False,True,NIFTY PHARMA,14.8,34.21,True,12964.0,10712.0,True,HOLD
WIPRO,Wipro Limited,Technology,Information Technology Services,179.5500030517578,False,11299.0,False,False,NIFTY IT,-23.56,-29.3,False,72568.0,71345.0,True,EXIT
SOLARINDS,Solar Industries India Limited,Basic Materials,Specialty Chemicals,19721.0,True,1301.0,True,True,Sector: Basic Materials,34.45,33.77,True,5848.0,5579.0,True,ADD
SBILIFE,SBI Life Insurance Company Limited,Financial Services,Insurance - Life,1780.4000244140625,False,2601.0,True,False,Sector: Financial Services,-6.5,-6.45,False,119656.0,131988.0,False,EXIT
HYUNDAI,HYUNDAI,Consumer Cyclical,Auto Manufacturers,2174.5,False,4870.0,False,True,Sector: Consumer Cyclical,-13.32,-16.98,False,68831.0,68991.0,False,EXIT
MOTHERSON,Samvardhana Motherson International Limited,Consumer Cyclical,Auto Parts,170.2899932861328,True,1789.0,False,True,NIFTY AUTO,51.4,69.61,True,13247.0,12374.0,True,HOLD
TMCV,TMCV,Consumer Cyclical,Auto Manufacturers,478.29998779296875,False,3474.0,False,False,Sector: Consumer Cyclical,,,False,81046.0,77399.0,True,EXIT
VAML,Vedanta Aluminium Metal Limited,Basic Materials,Aluminum,436.20001220703125,False,,False,False,Sector: Basic Materials,,,False,,0.0,False,EXIT
PIDILITIND,Pidilite Industries Limited,Basic Materials,Specialty Chemicals,1650.0,True,2564.0,True,True,Sector: Basic Materials,6.95,6.35,True,14258.0,13488.0,True,ADD
DLF,DLF Limited,Real Estate,Real Estate - Development,669.9000244140625,False,3775.0,True,True,NIFTY REALTY,-12.62,-15.36,False,3774.0,4482.0,False,HOLD
JIOFIN,Jio Financial Services Limited,Financial Services,Asset Management,243.14999389648438,False,715.0,True,False,Sector: Financial Services,-26.58,-26.44,False,1034.0,949.0,True,EXIT
ABB,ABB India Limited,Industrials,Specialty Industrial Machinery,7430.0,False,2988.0,True,True,NIFTY ENERGY,38.78,47.16,True,13477.0,13203.0,True,HOLD
CHOLAFIN,Cholamandalam Investment and Finance Company Limited,Financial Services,Credit Services,1873.5,True,5737.0,True,True,Sector: Financial Services,21.62,21.53,True,32570.0,31025.0,True,ADD
POWERINDIA,Hitachi Energy India Limited,Industrials,Electrical Equipment & Parts,33800.0,False,1150.0,True,True,NIFTY ENERGY,66.98,74.64,True,9162.0,8148.0,True,HOLD
TRENT,Trent Limited,Consumer Cyclical,Apparel Retail,2953.0,False,2077.0,True,False,Sector: Consumer Cyclical,-44.74,-48.31,False,20586.0,19701.0,True,EXIT
TATACAP,TATACAP,Financial Services,Credit Services,365.54998779296875,True,3633.0,True,True,Sector: Financial Services,,,False,23811.0,23076.0,True,HOLD
ICICIAMC,ICICIAMC,Financial Services,Asset Management,3260.89990234375,False,3486.0,True,False,Sector: Financial Services,,,False,6040.0,5999.0,True,EXIT
IDEA,Vodafone Idea Limited,Communication Services,Telecom Services,14.069999694824219,False,37402.0,True,True,Sector: Communication Services,118.85,97.9,True,45018.0,44715.0,True,HOLD
CUMMINSIND,Cummins India Limited,Industrials,Specialty Industrial Machinery,5220.0,False,2284.0,False,True,Sector: Industrials,37.26,37.35,True,12662.0,12143.0,True,HOLD
VBL,Varun Beverages Limited,Consumer Defensive,Beverages - Non-Alcoholic,431.8500061035156,False,2951.0,True,False,NIFTY FMCG,-6.64,-16.96,False,15696.0,14557.0,True,EXIT
BHEL,Bharat Heavy Electricals Limited,Industrials,Specialty Industrial Machinery,419.79998779296875,True,2415.0,True,True,NIFTY ENERGY,88.64,95.74,True,35993.0,33782.0,True,ADD
TECHM,Tech Mahindra Limited,Technology,Information Technology Services,1589.800048828125,False,3819.0,False,True,NIFTY IT,13.24,3.82,True,50551.0,48927.0,True,HOLD
UNIONBANK,Union Bank of India,Financial Services,Banks - Regional,186.89999389648438,False,19914.0,True,True,NIFTY BANK,20.22,35.53,True,106276.0,105992.0,True,HOLD
SIEMENS,Siemens Limited,Industrials,Specialty Industrial Machinery,3898.89990234375,False,3062.0,True,True,NIFTY ENERGY,12.9,21.94,True,16065.0,22025.0,False,HOLD
CGPOWER,CG Power and Industrial Solutions Limited,Industrials,Electrical Equipment & Parts,863.0499877929688,False,1394.0,True,True,NIFTY ENERGY,21.56,30.39,True,11748.0,11331.0,True,HOLD
BSE,BSE Limited,Financial Services,Financial Data & Stock Exchanges,3352.0,False,2667.0,True,True,Sector: Financial Services,31.17,31.04,True,5070.0,4801.0,True,HOLD
LTM,LTM Limited,Technology,Information Technology Services,4564.39990234375,False,4877.0,False,False,NIFTY IT,-4.38,-12.04,False,42049.0,40482.0,True,EXIT
POLYCAB,Polycab India Limited,Industrials,Electrical Equipment & Parts,9140.0,False,2806.0,True,True,Sector: Industrials,28.97,29.08,True,30479.0,28185.0,True,HOLD
BOSCHLTD,Bosch Limited,Consumer Cyclical,Auto Parts,48460.0,True,2357.0,False,True,NIFTY AUTO,-1.53,20.2,False,21088.0,20035.0,True,EXIT
BPCL,Bharat Petroleum Corporation Limited,Energy,Oil & Gas Refining & Marketing,307.0,False,13217.0,False,False,NIFTY ENERGY,-13.02,-3.31,False,493790.0,473125.0,True,EXIT
PNB,Punjab National Bank,Financial Services,Banks - Regional,117.4800033569336,False,20482.0,True,True,NIFTY BANK,-10.45,7.06,False,129157.0,128223.0,True,HOLD
BRITANNIA,Britannia Industries Limited,Consumer Defensive,Packaged Foods,5453.0,False,2640.0,True,False,NIFTY FMCG,6.2,-4.98,False,18827.0,18446.0,True,EXIT
BANKBARODA,Bank of Baroda Limited,Financial Services,Banks - Regional,245.0,False,16758.0,False,False,NIFTY BANK,-20.23,-2.02,False,129113.0,126994.0,True,EXIT
APOLLOHOSP,Apollo Hospitals Enterprise Limited,Healthcare,Medical Care Facilities,8750.0,True,1571.0,True,True,Sector: Healthcare,-0.5,9.52,False,9814.0,9794.0,True,HOLD
BAJAJHLDNG,Bajaj Holdings & Investment Limited,Financial Services,Asset Management,11380.0,False,3016.0,False,True,Sector: Financial Services,-23.59,-23.46,False,3222.0,3184.0,True,EXIT
ENRIN,Siemens Energy India Limited,Utilities,Utilities - Renewable,3483.0,False,1488.0,True,True,NIFTY ENERGY,-4.44,5.05,False,9436.0,7827.0,True,HOLD
LODHA,Lodha Developers Limited,Real Estate,Real Estate - Development,1210.0,False,3325.0,True,True,NIFTY REALTY,-1.5,-5.36,False,15570.0,14542.0,True,HOLD
PFC,Power Finance Corporation Limited,Financial Services,Credit Services,374.45001220703125,False,20295.0,True,False,Sector: Financial Services,-10.56,-10.49,False,58723.0,58504.0,True,EXIT
TMPV,Tata Motors Passenger Vehicles Limited,Consumer Cyclical,Auto Manufacturers,321.29998779296875,False,82378.0,False,False,NIFTY AUTO,-81.75,-54.67,False,64356.0,73303.0,False,EXIT
TATAPOWER,The Tata Power Company Limited,Utilities,Utilities - Independent Power Producers,378.8999938964844,False,882.0,False,False,NIFTY ENERGY,-13.87,-4.14,False,13629.0,22359.0,False,EXIT
GROWW,GROWW,Financial Services,Capital Markets,194.13999938964844,False,1879.0,True,False,Sector: Financial Services,,,False,3389.0,3331.0,True,EXIT
INDIANB,Indian Bank,Financial Services,Banks - Regional,873.1500244140625,False,12456.0,True,True,Sector: Financial Services,28.6,28.48,True,69258.0,67451.0,True,HOLD
CANBK,Canara Bank,Financial Services,Banks - Regional,129.0800018310547,False,19290.0,True,False,NIFTY BANK,-1.96,14.94,False,128320.0,126366.0,True,EXIT
LGEINDIA,LGEINDIA,Technology,Consumer Electronics,1645.0999755859375,True,1825.0,False,True,Sector: Technology,,,False,25575.0,24605.0,True,EXIT
CIPLA,Cipla Limited,Healthcare,Drug Manufacturers - Specialty & Generic,1422.0,False,3074.0,False,True,NIFTY PHARMA,-33.92,-11.95,False,19011.0,19045.0,False,EXIT
HDFCLIFE,HDFC Life Insurance Company Limited,Financial Services,Insurance - Life,536.2999877929688,False,1975.0,True,False,Sector: Financial Services,-33.83,-33.65,False,103132.0,101316.0,True,EXIT
HEROMOTOCO,Hero MotoCorp Limited,Consumer Cyclical,Auto Manufacturers,5709.5,False,5597.0,True,True,NIFTY AUTO,-12.42,10.05,False,50250.0,46830.0,True,HOLD
GAIL,GAIL (India) Limited,Utilities,Utilities - Regulated Gas,172.5,False,9374.0,False,True,NIFTY ENERGY,-14.15,-4.41,False,142785.0,144250.0,False,EXIT
IRFC,Indian Railway Finance Corporation Limited,Financial Services,Credit Services,85.18000030517578,False,7191.0,True,False,Sector: Financial Services,-33.34,-33.17,False,28630.0,27285.0,True,EXIT
MUTHOOTFIN,Muthoot Finance Limited,Financial Services,Credit Services,2859.0,False,10638.0,True,False,Sector: Financial Services,2.72,2.72,True,29444.0,27558.0,True,HOLD
SBIFUNDS,SBIFUNDS,Financial Services,Asset Management,553.9500122070312,False,,False,False,Sector: Financial Services,,,False,,4970.0,False,EXIT
ZYDUSLIFE,Zydus Lifesciences Limited,Healthcare,Drug Manufacturers - Specialty & Generic,1104.5,False,3515.0,False,True,NIFTY PHARMA,-8.08,12.54,False,11768.0,15116.0,False,EXIT
MARICO,Marico Limited,Consumer Defensive,Household & Personal Products,850.0,True,1640.0,False,True,NIFTY FMCG,23.86,11.51,True,9966.0,9402.0,True,HOLD
GVT&D,GE Vernova T&D India Limited,Industrials,Specialty Industrial Machinery,4100.0,False,1305.0,True,True,NIFTY ENERGY,41.42,49.73,True,6712.0,6206.0,True,HOLD
JINDALSTEL,Jindal Steel Limited,Basic Materials,Steel,1115.0,False,2536.0,False,False,NIFTY METAL,-31.39,8.0,False,56878.0,54215.0,True,EXIT
ABCAPITAL,Aditya Birla Capital Limited,Financial Services,Financial Conglomerates,396.0,False,3327.0,True,True,Sector: Financial Services,36.34,36.18,True,18453.0,17473.0,True,HOLD
UNITDSPR,UNITDSPR,Consumer Defensive,Beverages - Wineries & Distilleries,1524.0,False,1963.0,True,True,NIFTY FMCG,26.25,13.74,True,12602.0,12448.0,True,HOLD
LLOYDSME,Lloyds Metals and Energy Limited,Basic Materials,Steel,1919.0,False,4087.0,True,True,NIFTY METAL,-2.22,35.23,False,16714.0,13681.0,True,HOLD
INDIAMART,IndiaMART InterMESH Limited,Communication Services,Internet Content & Information,1734.300048828125,False,535.0,False,False,Sector: Communication Services,-16.44,-35.54,False,1472.0,1443.0,True,EXIT
GMRAIRPORT,GMR Airports Limited,Industrials,Airports & Air Services,102.5,False,378.0,True,True,Sector: Industrials,10.65,10.8,True,4991.0,4242.0,True,HOLD
TATACONSUM,Tata Consumer Products Limited,Consumer Defensive,Packaged Foods,1068.0,False,1635.0,True,False,NIFTY FMCG,6.41,-4.78,False,15199.0,14700.0,True,EXIT
HDFCAMC,HDFC Asset Management Company Limited,Financial Services,Asset Management,2551.699951171875,False,2950.0,True,False,Sector: Financial Services,-14.34,-14.25,False,4249.0,4611.0,False,EXIT
LENSKART,LENSKART,Healthcare,Medical Instruments & Supplies,639.5999755859375,True,523.0,True,False,Sector: Healthcare,,,False,5605.0,5248.0,True,EXIT
VEDL,Vedanta Limited,Basic Materials,Other Industrial Metals & Mining,262.6000061035156,False,16333.0,False,False,NIFTY METAL,-84.87,-41.91,False,27299.0,70757.0,False,EXIT
MAZDOCK,Mazagon Dock Shipbuilders Limited,Industrials,Aerospace & Defense,2563.800048828125,False,2526.0,True,True,Sector: Industrials,-8.72,-8.52,False,12985.0,12840.0,True,HOLD
AMBUJACEM,Ambuja Cements Limited,Basic Materials,Building Materials,407.5,False,3495.0,False,False,Sector: Basic Materials,-31.23,-31.72,False,24803.0,25062.0,False,EXIT
OFSS,Oracle Financial Services Software Limited,Technology,Software - Infrastructure,11774.0,False,3551.0,True,True,NIFTY IT,45.35,32.71,True,6887.0,5717.0,True,HOLD
PAYTM,One97 Communications Limited,Technology,Software - Infrastructure,1583.5,False,185.0,True,True,Sector: Technology,25.58,23.4,True,5308.0,7661.0,False,HOLD
JSWENERGY,JSW Energy Limited,Utilities,Utilities - Independent Power Producers,543.9500122070312,False,885.0,False,True,NIFTY ENERGY,-7.28,2.28,False,3215.0,6302.0,False,EXIT
INDHOTEL,The Indian Hotels Company Limited,Consumer Cyclical,Lodging,723.3499755859375,False,2105.0,True,True,Sector: Consumer Cyclical,-8.5,-12.16,False,5567.0,5380.0,True,HOLD
LUPIN,Lupin Limited,Healthcare,Drug Manufacturers - Specialty & Generic,2225.0,False,6953.0,True,True,NIFTY PHARMA,-8.03,12.58,False,20976.0,19513.0,True,HOLD
INDUSTOWER,Indus Towers Limited,Communication Services,Telecom Services,372.3999938964844,False,7146.0,False,False,Sector: Communication Services,25.33,5.66,True,32867.0,32493.0,True,EXIT
ASHOKLEY,Ashok Leyland Limited,Industrials,Farm & Heavy Construction Machinery,173.10000610351562,False,3581.0,True,True,NIFTY AUTO,10.1,31.06,True,44917.0,44007.0,True,HOLD
MANKIND,Mankind Pharma Limited,Healthcare,Drug Manufacturers - Specialty & Generic,2394.0,False,2180.0,True,True,NIFTY PHARMA,-31.85,-9.98,False,10787.0,10421.0,True,HOLD
DRREDDY,Dr. Reddy's Laboratories Limited,Healthcare,Drug Manufacturers - Specialty & Generic,1170.0,False,663.0,False,False,NIFTY PHARMA,-30.3,-8.52,False,17860.0,23115.0,False,EXIT
BHARATFORG,Bharat Forge Limited,Consumer Cyclical,Auto Parts,2069.0,False,802.0,False,True,NIFTY AUTO,56.94,74.78,True,8638.0,8969.0,False,HOLD
MAXHEALTH,Max Healthcare Institute Limited,Healthcare,Medical Care Facilities,997.0,False,718.0,True,False,Sector: Healthcare,-30.93,-20.67,False,2963.0,2874.0,True,EXIT
LAURUSLABS,Laurus Labs Limited,Healthcare,Drug Manufacturers - Specialty & Generic,1801.800048828125,True,872.0,False,True,NIFTY PHARMA,86.38,102.02,True,6413.0,6089.0,True,HOLD
GODREJCP,Godrej Consumer Products Limited,Consumer Defensive,Household & Personal Products,930.0,False,1524.0,False,False,NIFTY FMCG,-18.22,-27.77,False,9773.0,9474.0,True,EXIT
NYKAA,FSN E-Commerce Ventures Limited,Consumer Cyclical,Internet Retail,327.3500061035156,False,85.0,False,True,Sector: Consumer Cyclical,46.3,42.49,True,350.0,420.0,False,HOLD
AUROPHARMA,Aurobindo Pharma Limited,Healthcare,Drug Manufacturers - Specialty & Generic,1624.5,True,2593.0,False,True,NIFTY PHARMA,30.56,49.14,True,11123.0,15824.0,False,HOLD
SHREECEM,Shree Cement Limited,Basic Materials,Building Materials,24340.0,False,1526.0,False,False,Sector: Basic Materials,-22.41,-22.93,False,19985.0,19477.0,True,EXIT
IDBI,IDBI Bank Limited,Financial Services,Banks - Regional,80.72000122070312,False,9621.0,True,False,Sector: Financial Services,-17.7,-17.6,False,29518.0,28997.0,True,EXIT
MEESHO,MEESHO,Consumer Cyclical,Internet Retail,196.8800048828125,False,1429.0,False,False,Sector: Consumer Cyclical,,,False,6442.0,9388.0,False,EXIT
RECLTD,REC Limited,Financial Services,Credit Services,337.0,False,15981.0,False,False,Sector: Financial Services,-12.96,-12.89,False,58710.0,59142.0,False,EXIT
PERSISTENT,Persistent Systems Limited,Technology,Information Technology Services,5510.0,False,1669.0,True,True,NIFTY IT,11.14,1.92,True,15288.0,14428.0,True,HOLD
NAUKRI,Info Edge (India) Limited,Communication Services,Internet Content & Information,1378.4000244140625,False,5522.0,False,True,Sector: Communication Services,15.28,-4.26,False,3140.0,3052.0,True,EXIT
FEDERALBNK,The Federal Bank Limited,Financial Services,Banks - Regional,358.79998779296875,True,4432.0,True,True,NIFTY BANK,65.45,77.53,True,28247.0,27695.0,True,ADD
DIXON,Dixon Technologies (India) Limited,Technology,Consumer Electronics,14462.0,False,1242.0,True,True,Sector: Technology,-14.35,-16.27,False,4119.0,7484.0,False,HOLD
HAVELLS,Havells India Limited,Industrials,Electrical Equipment & Parts,1287.0,False,1652.0,False,False,Sector: Industrials,-19.26,-19.04,False,23538.0,22466.0,True,EXIT
ICICIGI,ICICI Lombard General Insurance Company Limited,Financial Services,Insurance - Diversified,1615.699951171875,False,2428.0,False,False,Sector: Financial Services,-19.31,-19.2,False,27687.0,26994.0,True,EXIT
BHARTIHEXA,BHARTIHEXA,Communication Services,Telecom Services,1596.300048828125,False,1824.0,True,False,Sector: Communication Services,5.83,-13.58,False,9601.0,9354.0,True,EXIT
AUBANK,AU Small Finance Bank Limited,Financial Services,Banks - Regional,1075.0,True,2856.0,True,True,NIFTY BANK,24.42,39.43,True,19561.0,18636.0,True,ADD
POLICYBZR,PB Fintech Limited,Financial Services,Insurance Brokers,1782.0999755859375,False,442.0,True,True,Sector: Financial Services,-9.15,-9.09,False,566.0,208.0,True,HOLD
COFORGE,Coforge Limited,Technology,Information Technology Services,1813.0999755859375,False,1208.0,False,True,NIFTY IT,11.14,1.92,True,10205.0,9572.0,True,HOLD
INDUSINDBK,IndusInd Bank Limited,Financial Services,Banks - Regional,1016.7000122070312,False,1252.0,False,True,NIFTY BANK,11.13,27.1,True,45297.0,48668.0,False,HOLD
HINDPETRO,Hindustan Petroleum Corporation Limited,Energy,Oil & Gas Refining & Marketing,366.45001220703125,False,1278.0,False,False,NIFTY ENERGY,-17.87,-8.04,False,471166.0,441448.0,True,EXIT
JSWINFRA,JSW Infrastructure Limited,Industrials,Marine Shipping,329.8999938964844,False,170.0,False,True,Sector: Industrials,5.29,5.46,True,624.0,601.0,True,HOLD
NTPCGREEN,NTPCGREEN,Utilities,Utilities - Renewable,91.69999694824219,False,394.0,False,False,NIFTY ENERGY,-24.18,-14.19,False,1977.0,2023.0,False,EXIT
NHPC,NHPC Limited,Utilities,Utilities - Renewable,76.16999816894531,False,3659.0,False,False,NIFTY ENERGY,-18.99,-9.13,False,10888.0,10328.0,True,EXIT
SRF,SRF Limited,Industrials,Conglomerates,2578.60009765625,False,1894.0,False,False,Sector: Industrials,-12.26,-12.05,False,13182.0,12421.0,True,EXIT
WAAREEENER,WAAREEENER,Technology,Solar,2679.0,False,3842.0,True,False,Sector: Technology,-15.86,-17.78,False,23842.0,20991.0,True,EXIT
LTF,L&T Finance Limited,Financial Services,Credit Services,315.3999938964844,False,3302.0,True,True,Sector: Financial Services,44.36,44.16,True,19045.0,18050.0,True,HOLD
OIL,Oil India Limited,Energy,Oil & Gas Integrated,474.8500061035156,False,6512.0,False,True,NIFTY ENERGY,5.92,15.15,True,24291.0,21372.0,True,HOLD
NAM-INDIA,Nippon Life India Asset Management Limited,Financial Services,Asset Management,1217.0,True,1599.0,True,True,Sector: Financial Services,38.86,38.69,True,2685.0,2730.0,False,ADD
NMDC,NMDC Limited,Basic Materials,Steel,83.3499984741211,False,7460.0,False,True,NIFTY METAL,-21.5,17.23,False,31715.0,31554.0,True,EXIT
MCX,Multi Commodity Exchange of India Limited,Financial Services,Financial Data & Stock Exchanges,2973.0,False,1199.0,True,True,Sector: Financial Services,81.48,81.11,True,2471.0,2154.0,True,HOLD
IDFCFIRSTB,IDFC First Bank Limited,Financial Services,Banks - Regional,85.48999786376953,False,2249.0,False,True,NIFTY BANK,1.44,18.1,True,41958.0,40549.0,True,HOLD
ICICIPRULI,ICICI Prudential Life Insurance Company Limited,Financial Services,Insurance - Life,499.5,False,1684.0,True,False,Sector: Financial Services,-22.27,-22.15,False,66579.0,89679.0,False,EXIT
SWIGGY,SWIGGY,Consumer Cyclical,Internet Retail,272.3999938964844,False,-2078.0,False,False,Sector: Consumer Cyclical,-34.23,-37.83,False,9809.0,8258.0,True,EXIT
ATGL,Adani Total Gas Limited,Utilities,Utilities - Regulated Gas,664.25,False,608.0,False,True,NIFTY ENERGY,-5.98,3.55,False,6235.0,5864.0,True,EXIT
DABUR,Dabur India Limited,Consumer Defensive,Household & Personal Products,399.75,False,1536.0,True,False,NIFTY FMCG,-16.09,-25.78,False,9601.0,9383.0,True,EXIT
ASTERDM,Aster DM Quality Care Limited,Healthcare,Medical Care Facilities,800.2000122070312,False,173.0,False,True,Sector: Healthcare,19.58,29.44,True,2728.0,2616.0,True,HOLD
UNOMINDA,Uno Minda Limited,Consumer Cyclical,Auto Parts,1272.0,False,942.0,False,True,NIFTY AUTO,-24.52,-1.25,False,15339.0,14700.0,True,EXIT
YESBANK,Yes Bank Limited,Financial Services,Banks - Regional,22.739999771118164,False,3746.0,False,True,NIFTY BANK,-0.67,16.14,False,30617.0,30895.0,False,EXIT
BAJAJHFL,BAJAJHFL,Financial Services,Mortgage Finance,85.01000213623047,False,2692.0,True,False,Sector: Financial Services,-27.9,-27.75,False,11604.0,11150.0,True,EXIT
FORTIS,Fortis Healthcare Limited,Healthcare,Medical Care Facilities,911.2999877929688,False,226.0,False,False,Sector: Healthcare,-16.87,-6.72,False,1849.0,1792.0,True,EXIT
SAIL,Steel Authority of India Limited,Basic Materials,Steel,172.75,False,4184.0,False,True,NIFTY METAL,0.84,38.08,True,111134.0,110810.0,True,HOLD
APARINDS,APAR Industries Limited,Industrials,Electrical Equipment & Parts,16615.0,False,1169.0,True,True,Sector: Industrials,101.32,101.26,True,23593.0,21997.0,True,HOLD
NATIONALUM,National Aluminium Company Limited,Basic Materials,Aluminum,386.54998779296875,False,6754.0,True,True,NIFTY METAL,67.21,100.03,True,19338.0,17843.0,True,HOLD
PRESTIGE,Prestige Estates Projects Limited,Real Estate,Real Estate - Diversified,1581.800048828125,False,182.0,False,True,NIFTY REALTY,-0.59,-4.54,False,4373.0,4559.0,False,EXIT
BIOCON,Biocon Limited,Healthcare,Biotechnology,412.75,False,98.0,False,True,NIFTY PHARMA,-7.81,12.78,False,2434.0,2588.0,False,EXIT
PHOENIXLTD,The Phoenix Mills Limited,Real Estate,Real Estate - Diversified,1919.0,False,292.0,False,True,NIFTY REALTY,27.92,21.12,True,566.0,544.0,True,HOLD
OBEROIRLTY,Oberoi Realty Limited,Real Estate,Real Estate - Development,1869.699951171875,False,2167.0,False,True,NIFTY REALTY,20.59,14.53,True,5178.0,4916.0,True,HOLD
TORNTPOWER,Torrent Power Limited,Utilities,Utilities - Independent Power Producers,1243.699951171875,False,2477.0,False,False,NIFTY ENERGY,-10.61,-0.96,False,21732.0,21913.0,False,EXIT
BANKINDIA,Bank of India Limited,Financial Services,Banks - Regional,141.6999969482422,False,11343.0,True,False,Sector: Financial Services,21.67,21.58,True,76758.0,75161.0,True,HOLD
GLENMARK,Glenmark Pharmaceuticals Limited,Healthcare,Drug Manufacturers - Specialty & Generic,2246.5,False,205.0,False,True,NIFTY PHARMA,-4.24,16.17,False,8480.0,9226.0,False,EXIT
SUZLON,Suzlon Energy Limited,Industrials,Specialty Industrial Machinery,46.77000045776367,False,4070.0,False,False,NIFTY ENERGY,-30.09,-19.95,False,15541.0,15092.0,True,EXIT
IOB,Indian Overseas Bank,Financial Services,Banks - Regional,33.18000030517578,False,5756.0,True,False,Sector: Financial Services,-14.29,-14.21,False,33288.0,31896.0,True,EXIT
ALKEM,Alkem Laboratories Limited,Healthcare,Drug Manufacturers - Specialty & Generic,5382.5,False,2196.0,False,False,NIFTY PHARMA,-22.28,-0.92,False,9959.0,9664.0,True,EXIT
BERGEPAINT,Berger Paints India Limited,Basic Materials,Specialty Chemicals,535.9000244140625,False,1171.0,True,True,Sector: Basic Materials,-1.61,-2.18,False,10784.0,10420.0,True,HOLD
SCHAEFFLER,Schaeffler India Limited,Consumer Cyclical,Auto Parts,4104.89990234375,False,1291.0,True,True,Sector: Consumer Cyclical,4.1,0.4,True,10192.0,9395.0,True,HOLD
KALYANKJIL,Kalyan Jewellers India Limited,Consumer Cyclical,Luxury Goods,595.2000122070312,False,1350.0,True,True,Sector: Consumer Cyclical,19.18,15.44,True,33910.0,31027.0,True,HOLD
RADICO,Radico Khaitan Limited,Consumer Defensive,Beverages - Wineries & Distilleries,4696.0,True,695.0,True,True,NIFTY FMCG,77.61,61.68,True,6228.0,6037.0,True,ADD
GICRE,General Insurance Corporation of India,Financial Services,Insurance - Reinsurance,359.6000061035156,False,8562.0,True,False,Sector: Financial Services,-9.59,-9.53,False,52413.0,52468.0,False,EXIT
COROMANDEL,Coromandel International Limited,Basic Materials,Agricultural Inputs,2038.0999755859375,False,1877.0,False,False,Sector: Basic Materials,-14.91,-15.45,False,31273.0,30531.0,True,EXIT
MAHABANK,Bank of Maharashtra,Financial Services,Banks - Regional,79.81999969482422,False,7447.0,True,True,Sector: Financial Services,44.69,44.49,True,30262.0,29282.0,True,HOLD
JSL,Jindal Stainless Limited,Basic Materials,Steel,724.0,False,2807.0,False,False,NIFTY METAL,-46.54,-6.14,False,43016.0,42680.0,True,EXIT
ATHERENERG,Ather Energy Limited,Consumer Cyclical,Auto Manufacturers,1438.199951171875,False,-390.0,False,True,Sector: Consumer Cyclical,243.15,238.86,True,4244.0,3672.0,True,HOLD
SBICARD,SBI Cards and Payment Services Limited,Financial Services,Credit Services,623.6500244140625,False,2275.0,False,False,Sector: Financial Services,-24.18,-24.05,False,20063.0,19901.0,True,EXIT
GODREJPROP,Godrej Properties Limited,Real Estate,Real Estate - Development,2007.300048828125,False,353.0,False,True,NIFTY REALTY,2.45,-1.8,False,1410.0,2085.0,False,EXIT
RBLBANK,RBL Bank Limited,Financial Services,Banks - Regional,381.5,False,876.0,False,True,Sector: Financial Services,44.7,44.5,True,14735.0,14336.0,True,HOLD
APLAPOLLO,APL Apollo Tubes Limited,Basic Materials,Steel,2121.800048828125,False,578.0,True,True,NIFTY METAL,-11.54,26.52,False,15214.0,15110.0,True,HOLD
ABBOTINDIA,Abbott India Limited,Healthcare,Drug Manufacturers - Specialty & Generic,26405.0,False,1615.0,True,False,NIFTY PHARMA,-42.89,-20.45,False,7004.0,6929.0,True,EXIT
LINDEINDIA,Linde India Limited,Basic Materials,Specialty Chemicals,6702.5,False,549.0,False,True,Sector: Basic Materials,3.67,3.08,True,2654.0,3136.0,False,HOLD
HDBFS,HDBFS,Financial Services,Credit Services,681.0999755859375,False,2761.0,True,False,Sector: Financial Services,-14.26,-14.17,False,18902.0,18431.0,True,EXIT
MRF,MRF Limited,Consumer Cyclical,Auto Parts,133630.0,False,2346.0,False,False,Sector: Consumer Cyclical,-8.34,-12.01,False,31383.0,30652.0,True,EXIT
KEI,KEI Industries Limited,Industrials,Electrical Equipment & Parts,5681.10009765625,True,997.0,True,True,Sector: Industrials,45.43,45.51,True,12343.0,11748.0,True,ADD
MOTILALOFS,Motilal Oswal Financial Services Limited,Financial Services,Capital Markets,942.0999755859375,False,1055.0,False,True,Sector: Financial Services,-2.39,-2.37,False,5030.0,5359.0,False,EXIT
M&MFIN,Mahindra & Mahindra Financial Services Limited,Financial Services,Credit Services,389.6000061035156,False,3151.0,True,True,Sector: Financial Services,44.15,43.96,True,18998.0,18458.0,True,HOLD
COLPAL,Colgate-Palmolive (India) Limited,Consumer Defensive,Household & Personal Products,1879.5999755859375,False,1348.0,False,False,NIFTY FMCG,-8.27,-18.48,False,6204.0,6040.0,True,EXIT
TIINDIA,Tube Investments of India Limited,Industrials,Conglomerates,2961.0,False,818.0,False,True,NIFTY AUTO,-32.51,-8.71,False,8916.0,8556.0,True,EXIT
MFSL,Max Financial Services Limited,Financial Services,Insurance - Life,1546.0999755859375,False,9.15,False,False,Sector: Financial Services,-6.37,-6.32,False,25.85,581.83,False,EXIT
FACT,The Fertilisers and Chemicals Travancore Limited,Basic Materials,Agricultural Inputs,787.1500244140625,False,-106.0,False,False,Sector: Basic Materials,-22.95,-23.47,False,5934.0,6198.0,False,EXIT
FLUOROCHEM,Gujarat Fluorochemicals Limited,Basic Materials,Specialty Chemicals,4689.10009765625,True,694.0,False,True,Sector: Basic Materials,36.35,35.66,True,4670.0,5622.0,False,HOLD
BDL,Bharat Dynamics Limited,Industrials,Aerospace & Defense,1349.0,False,521.0,False,False,Sector: Industrials,-15.27,-15.06,False,2766.0,4887.0,False,EXIT
HINDCOPPER,Hindustan Copper Limited,Basic Materials,Copper,554.8499755859375,False,1139.0,True,True,NIFTY METAL,104.21,134.56,True,3498.0,3078.0,True,HOLD
ANTHEM,ANTHEM,Healthcare,Biotechnology,881.9000244140625,True,624.0,False,True,Sector: Healthcare,-5.78,4.28,False,1935.0,2089.0,False,EXIT
SONACOMS,Sona BLW Precision Forgings Limited,Consumer Cyclical,Auto Parts,823.5,True,746.0,True,True,NIFTY AUTO,61.65,79.18,True,4514.0,4124.0,True,ADD
WELCORP,Welspun Corp Limited,Basic Materials,Steel,1973.9000244140625,True,875.0,False,True,NIFTY METAL,87.21,118.69,True,8038.0,9082.0,False,HOLD
VMM,VMM,Consumer Cyclical,Department Stores,103.4000015258789,False,653.0,False,False,Sector: Consumer Cyclical,-28.18,-31.8,False,6849.0,6631.0,True,EXIT
SUNDARMFIN,Sundaram Finance Limited,Financial Services,Credit Services,4485.10009765625,False,1927.0,True,False,Sector: Financial Services,-14.22,-14.14,False,7876.0,7722.0,True,EXIT
GLAND,Gland Pharma Limited,Healthcare,Drug Manufacturers - Specialty & Generic,2841.300048828125,False,1395.0,True,True,NIFTY PHARMA,26.91,45.68,True,4800.0,4552.0,True,HOLD
TATACOMM,Tata Communications Limited,Communication Services,Telecom Services,1660.0,False,762.0,False,False,Sector: Communication Services,20.08,0.48,True,7391.0,7992.0,False,EXIT
MPHASIS,Mphasis Limited,Technology,Information Technology Services,2424.5,False,1563.0,True,False,NIFTY IT,-6.43,-13.89,False,9931.0,9467.0,True,EXIT
360ONE,360 One Wam Limited,Financial Services,Asset Management,1180.5,False,367.0,False,True,Sector: Financial Services,5.22,5.22,True,256.0,934.0,False,HOLD
AIIL,Authum Investment & Infrastructure Limited,Financial Services,Capital Markets,550.5,False,2093.0,False,True,Sector: Financial Services,-9.15,-9.09,False,2758.0,4568.0,False,EXIT
UPL,UPL Limited,Basic Materials,Agricultural Inputs,568.0,False,752.0,False,False,Sector: Basic Materials,-22.02,-22.54,False,5485.0,16449.0,False,EXIT
RVNL,Rail Vikas Nigam Limited,Industrials,Engineering & Construction,223.5,False,828.0,False,False,Sector: Industrials,-33.0,-32.75,False,20390.0,21733.0,False,EXIT
PIRAMALFIN,Piramal Finance Limited,Financial Services,Credit Services,2057.39990234375,False,1717.0,False,False,Sector: Financial Services,,,False,13909.0,13207.0,True,EXIT
PREMIERENE,PREMIERENE,Technology,Solar,1002.0,False,148.0,True,True,Sector: Technology,-1.93,-3.94,False,783.0,1050.0,False,HOLD
AJANTPHARM,Ajanta Pharma Limited,Healthcare,Drug Manufacturers - Specialty & Generic,3697.89990234375,True,1007.0,True,True,NIFTY PHARMA,16.4,35.72,True,5126.0,4846.0,True,ADD
BALKRISIND,Balkrishna Industries Limited,Consumer Cyclical,Auto Parts,2366.39990234375,False,1367.0,False,True,Sector: Consumer Cyclical,0.67,-3.02,False,11504.0,10820.0,True,EXIT
THERMAX,Thermax Limited,Industrials,Conglomerates,4025.5,False,584.0,False,True,NIFTY ENERGY,14.48,23.48,True,6639.0,6518.0,True,HOLD
GLAXO,GlaxoSmithKline Pharmaceuticals Limited,Healthcare,Drug Manufacturers - General,3032.39990234375,False,1060.0,False,True,Sector: Healthcare,-3.84,6.2,False,3910.0,3790.0,True,EXIT
SUPREMEIND,The Supreme Industries Limited,Industrials,Building Products & Equipment,3610.0,False,942.0,False,False,Sector: Industrials,-24.22,-23.98,False,11326.0,11218.0,True,EXIT
AEGISLOG,AEGISLOG,Energy,Oil & Gas Refining & Marketing,1364.0,True,1269.0,True,True,NIFTY ENERGY,75.27,82.72,True,4724.0,4492.0,True,ADD
IPCALAB,Ipca Laboratories Limited,Healthcare,Drug Manufacturers - Specialty & Generic,1903.699951171875,True,1244.0,True,True,NIFTY PHARMA,12.89,32.39,True,7709.0,7289.0,True,ADD
VOLTAS,Voltas Limited,Consumer Cyclical,"Furnishings, Fixtures & Appliances",1223.0,False,418.0,False,False,Sector: Consumer Cyclical,-6.26,-9.94,False,11457.0,11296.0,True,EXIT
POONAWALLA,Poonawalla Fincorp Limited,Financial Services,Credit Services,493.29998779296875,False,787.0,False,True,Sector: Financial Services,4.18,4.17,True,7806.0,6790.0,True,HOLD
PETRONET,Petronet LNG Limited,Energy,Oil & Gas Refining & Marketing,288.1499938964844,False,4125.0,True,True,NIFTY ENERGY,-9.58,0.04,False,37169.0,59899.0,False,HOLD
NAVINFLUOR,Navin Fluorine International Limited,Basic Materials,Chemicals,8277.5,True,566.0,True,True,Sector: Basic Materials,63.1,62.33,True,2454.0,2302.0,True,ADD
GODREJIND,Godrej Industries Limited,Industrials,Conglomerates,1218.0,False,86.0,False,True,Sector: Industrials,-6.54,-6.35,False,5080.0,4809.0,True,EXIT
INDOMIM,INDOMIM,Industrials,Metal Fabrication,967.9500122070312,True,,False,False,Sector: Industrials,,,False,,2795.0,False,EXIT
AIAENG,AIA Engineering Limited,Industrials,Specialty Industrial Machinery,4384.89990234375,False,1296.0,True,True,Sector: Industrials,40.31,40.39,True,3820.0,4144.0,False,HOLD
ASTRAL,Astral Limited,Industrials,Building Products & Equipment,1544.9000244140625,False,650.0,True,True,Sector: Industrials,6.42,6.59,True,6068.0,5908.0,True,HOLD
CPPLUS,CPPLUS,Industrials,Building Products & Equipment,3303.5,False,450.0,True,True,Sector: Industrials,144.07,143.91,True,4847.0,4179.0,True,HOLD
JKCEMENT,J.K. Cement Limited,Basic Materials,Building Materials,5276.0,False,992.0,False,False,Sector: Basic Materials,-30.02,-30.52,False,13621.0,12945.0,True,EXIT
PAGEIND,Page Industries Limited,Consumer Cyclical,Apparel Manufacturing,35240.0,False,756.0,False,False,Sector: Consumer Cyclical,-16.76,-20.41,False,5351.0,5247.0,True,EXIT
ENDURANCE,Endurance Technologies Limited,Consumer Cyclical,Auto Parts,2988.60009765625,True,763.0,True,True,Sector: Consumer Cyclical,6.58,2.88,True,11488.0,10640.0,True,ADD
EXIDEIND,Exide Industries Limited,Consumer Cyclical,Auto Parts,459.5,False,1198.0,False,True,NIFTY AUTO,-5.0,16.97,False,18064.0,17269.0,True,EXIT
CONCOR,Container Corporation of India Limited,Industrials,Railroads,514.3499755859375,False,1242.0,False,True,Sector: Industrials,-7.94,-7.74,False,9064.0,9059.0,True,EXIT
3MINDIA,3M India Limited,Industrials,Conglomerates,33505.0,False,578.0,False,False,Sector: Industrials,10.17,10.33,True,5317.0,5090.0,True,EXIT
IRCTC,Indian Railway Catering & Tourism Corporation Limited,Consumer Cyclical,Travel Services,488.3500061035156,False,1393.0,True,False,Sector: Consumer Cyclical,-29.83,-33.45,False,5425.0,5215.0,True,EXIT
CUPID,Cupid Limited,Consumer Defensive,Household & Personal Products,284.55999755859375,True,137.0,True,True,Sector: Consumer Defensive,733.01,725.68,True,484.0,391.0,True,ADD
HSCL,Himadri Speciality Chemical Limited,Basic Materials,Specialty Chemicals,750.25,False,791.0,True,True,Sector: Basic Materials,62.95,62.19,True,4579.0,4596.0,False,HOLD
COCHINSHIP,Cochin Shipyard Limited,Industrials,Aerospace & Defense,1485.0,False,591.0,False,False,Sector: Industrials,-15.78,-15.56,False,4240.0,4528.0,False,EXIT
PATANJALI,Patanjali Foods Limited,Consumer Defensive,Packaged Foods,350.95001220703125,False,1970.0,False,False,NIFTY FMCG,-34.85,-43.29,False,42754.0,40170.0,True,EXIT
MEDANTA,Global Health Limited,Healthcare,Medical Care Facilities,1417.199951171875,True,482.0,False,True,Sector: Healthcare,-8.08,2.0,False,3906.0,3709.0,True,EXIT
NLCINDIA,NLC India Limited,Utilities,Utilities - Regulated Electric,268.04998779296875,False,2531.0,True,False,NIFTY ENERGY,5.87,15.09,True,11240.0,12955.0,False,HOLD
HUDCO,Housing and Urban Development Corporation Limited,Financial Services,Credit Services,188.32000732421875,False,4255.0,True,False,Sector: Financial Services,-13.74,-13.66,False,13930.0,13294.0,True,EXIT
KPRMILL,K.P.R. Mill Limited,Consumer Cyclical,Textile Manufacturing,1126.199951171875,False,650.0,False,True,Sector: Consumer Cyclical,12.46,8.74,True,4411.0,4740.0,False,HOLD
PIIND,PI Industries Limited,Basic Materials,Agricultural Inputs,2505.0,False,1312.0,False,False,Sector: Basic Materials,-36.35,-36.83,False,6012.0,7571.0,False,EXIT
NH,Narayana Hrudayalaya Limited,Healthcare,Medical Care Facilities,1785.699951171875,False,554.0,True,False,Sector: Healthcare,-12.99,-2.87,False,4129.0,3975.0,True,EXIT
LTTS,L&T Technology Services Limited,Technology,Information Technology Services,3540.89990234375,False,1231.0,False,False,Sector: Technology,-17.37,-19.27,False,9747.0,9207.0,True,EXIT
EMCURE,EMCURE,Healthcare,Drug Manufacturers - Specialty & Generic,1891.0,False,810.0,True,True,Sector: Healthcare,13.96,23.87,True,5598.0,5243.0,True,HOLD
UBL,United Breweries Limited,Consumer Defensive,Beverages - Brewers,1354.800048828125,False,396.0,False,False,NIFTY FMCG,-21.48,-30.81,False,9435.0,9233.0,True,EXIT
ANANDRATHI,Anand Rathi Wealth Limited,Financial Services,Asset Management,2189.199951171875,True,462.0,True,True,Sector: Financial Services,53.92,53.68,True,1156.0,1208.0,False,ADD
TATATECH,Tata Technologies Limited,Technology,Information Technology Services,812.5499877929688,False,540.0,False,True,Sector: Technology,22.5,20.33,True,3267.0,3126.0,True,HOLD
HEXT,Hexaware Technologies Limited,Technology,Information Technology Services,553.2999877929688,False,785.0,True,False,Sector: Technology,-30.63,-32.45,False,7870.0,7389.0,True,EXIT
DALBHARAT,Dalmia Bharat Limited,Basic Materials,Building Materials,1875.0,False,130.0,False,False,Sector: Basic Materials,-21.48,-22.0,False,394.0,361.0,True,EXIT
DELHIVERY,Delhivery Limited,Industrials,Integrated Freight & Logistics,450.0,False,293.0,False,True,Sector: Industrials,-5.73,-5.54,False,10416.0,9847.0,True,EXIT
STARHEALTH,Star Health and Allied Insurance Company Limited,Financial Services,Insurance - Life,582.7999877929688,False,844.0,False,True,Sector: Financial Services,29.11,28.99,True,19114.0,17825.0,True,HOLD
ITCHOTELS,ITCHOTELS,Consumer Cyclical,Resorts & Casinos,163.49000549316406,False,857.0,True,False,Sector: Consumer Cyclical,-31.63,-35.24,False,3648.0,3583.0,True,EXIT
ESCORTS,Escorts Kubota Limited,Industrials,Farm & Heavy Construction Machinery,3054.89990234375,False,1396.0,False,False,Sector: Industrials,-15.58,-15.36,False,12168.0,11473.0,True,EXIT
HFCL,HFCL Limited,Technology,Communication Equipment,226.52999877929688,True,474.0,True,True,Sector: Technology,207.15,203.79,True,5346.0,4528.0,True,ADD
TATAINVEST,Tata Investment Corporation Limited,Financial Services,Asset Management,652.9000244140625,False,375.0,True,False,Sector: Financial Services,-7.75,-7.69,False,459.0,426.0,True,EXIT
GODFRYPHLP,Godfrey Phillips India Limited,Consumer Defensive,Tobacco,2117.60009765625,False,1320.0,False,False,Sector: Consumer Defensive,-42.76,-44.43,False,6110.0,6389.0,False,EXIT
PWL,Physicswallah Limited,Consumer Defensive,Education & Training Services,121.91999816894531,False,31.0,False,False,Sector: Consumer Defensive,,,False,3478.0,3245.0,True,EXIT
STLTECH,Sterlite Technologies Limited,Technology,Communication Equipment,621.2000122070312,False,125.0,False,True,Sector: Technology,372.16,367.72,True,2832.0,5356.0,False,HOLD
JUBLFOOD,Jubilant FoodWorks Limited,Consumer Cyclical,Restaurants,498.29998779296875,False,230.0,False,False,Sector: Consumer Cyclical,-17.65,-21.29,False,7021.0,6856.0,True,EXIT
HONAUT,Honeywell Automation India Limited,Industrials,Electrical Equipment & Parts,36140.0,False,551.0,True,True,Sector: Industrials,-6.69,-6.5,False,4703.0,4682.0,True,HOLD
MANAPPURAM,Manappuram Finance Limited,Financial Services,Credit Services,340.0,False,1684.0,False,True,Sector: Financial Services,27.62,27.51,True,8439.0,7643.0,True,HOLD
SCHNEIDER,Schneider Electric Infrastructure Limited,Industrials,Electrical Equipment & Parts,1253.800048828125,False,184.0,False,True,Sector: Industrials,43.97,44.04,True,2920.0,2891.0,True,HOLD
CRISIL,CRISIL Limited,Financial Services,Financial Data & Stock Exchanges,4499.39990234375,False,571.0,False,True,Sector: Financial Services,-19.08,-18.97,False,1959.0,1796.0,True,EXIT
IREDA,Indian Renewable Energy Development Agency Limited,Financial Services,Credit Services,113.91999816894531,False,1964.0,True,False,Sector: Financial Services,-23.48,-23.35,False,8610.0,8309.0,True,EXIT
UCOBANK,UCO Bank,Financial Services,Banks - Regional,25.68000030517578,False,2817.0,True,False,Sector: Financial Services,-12.69,-12.62,False,26841.0,26281.0,True,EXIT
KIMS,Krishna Institute of Medical Sciences Limited,Healthcare,Medical Care Facilities,788.6500244140625,False,268.0,False,True,Sector: Healthcare,-7.17,2.91,False,1812.0,1702.0,True,EXIT
KARURVYSYA,The Karur Vysya Bank Limited,Financial Services,Banks - Regional,331.04998779296875,True,2745.0,True,True,Sector: Financial Services,50.25,50.03,True,11555.0,11074.0,True,ADD
LALPATHLAB,Dr. Lal PathLabs Limited,Healthcare,Diagnostics & Research,1887.199951171875,False,545.0,True,True,Sector: Healthcare,-1.65,8.38,False,2771.0,2648.0,True,HOLD
RRKABEL,R R Kabel Limited,Industrials,Electrical Equipment & Parts,2898.800048828125,True,601.0,True,True,Sector: Industrials,136.18,136.04,True,10832.0,9722.0,True,ADD
WOCKPHARMA,Wockhardt Limited,Healthcare,Drug Manufacturers - Specialty & Generic,1826.0,False,356.0,False,True,NIFTY PHARMA,4.18,24.14,True,1887.0,2477.0,False,HOLD
BLUESTARCO,Blue Star Limited,Industrials,Building Products & Equipment,1493.199951171875,False,346.0,False,False,Sector: Industrials,-23.87,-23.63,False,12131.0,11779.0,True,EXIT
IKS,IKS,Healthcare,Health Information Services,1812.300048828125,False,616.0,True,True,Sector: Healthcare,5.54,15.51,True,1647.0,1491.0,True,HOLD
SAILIFE,SAILIFE,Healthcare,Diagnostics & Research,1422.199951171875,True,354.0,True,True,Sector: Healthcare,44.03,53.71,True,2217.0,2153.0,True,ADD
KIRLOSENG,Kirloskar Oil Engines Limited,Industrials,Specialty Industrial Machinery,2079.89990234375,False,437.0,False,True,Sector: Industrials,119.41,119.31,True,5991.0,5647.0,True,HOLD
NUVAMA,Nuvama Wealth Management Limited,Financial Services,Asset Management,1733.4000244140625,False,600.0,True,True,Sector: Financial Services,23.39,23.3,True,1188.0,1354.0,False,HOLD
ZFCVINDIA,ZF Commercial Vehicle Control Systems India Limited,Consumer Cyclical,Auto Parts,2616.89990234375,False,486.0,False,True,Sector: Consumer Cyclical,11.58,7.87,True,4134.0,4055.0,True,HOLD
GRSE,Garden Reach Shipbuilders & Engineers Limited,Industrials,Aerospace & Defense,2638.300048828125,False,801.0,True,True,Sector: Industrials,-1.83,-1.65,False,7507.0,7002.0,True,HOLD
CHOLAHLDNG,Cholamandalam Financial Holdings Limited,Financial Services,Credit Services,1557.300048828125,False,73.0,False,False,Sector: Financial Services,-20.49,-20.37,False,90.0,4769.0,False,EXIT
PNBHOUSING,PNB Housing Finance Limited,Financial Services,Mortgage Finance,1174.0,False,2351.0,True,True,Sector: Financial Services,41.94,41.75,True,8700.0,8500.0,True,HOLD
NEULANDLAB,Neuland Laboratories Limited,Healthcare,Drug Manufacturers - Specialty & Generic,23290.0,True,497.0,True,True,Sector: Healthcare,58.98,68.55,True,2372.0,2023.0,True,ADD
MRPL,Mangalore Refinery and Petrochemicals Limited,Energy,Oil & Gas Refining & Marketing,176.50999450683594,False,3118.0,False,True,Sector: Energy,23.24,38.3,True,109564.0,109026.0,True,HOLD
AEGISVOPAK,AEGISVOPAK,Energy,Oil & Gas Equipment & Services,270.1499938964844,False,281.0,True,True,Sector: Energy,-9.84,6.55,False,682.0,642.0,True,HOLD
NIACL,The New India Assurance Company Limited,Financial Services,Insurance - Diversified,185.67999267578125,False,736.0,False,True,Sector: Financial Services,-8.51,-8.46,False,49759.0,49561.0,True,EXIT
ABSLAMC,Aditya Birla Sun Life AMC Limited,Financial Services,Asset Management,1003.4000244140625,False,1020.0,True,True,Sector: Financial Services,11.97,11.93,True,1844.0,2041.0,False,HOLD
PTCIL,PTC Industries Limited,Industrials,Metal Fabrication,19475.0,False,30.0,False,True,Sector: Industrials,47.66,47.73,True,352.0,290.0,True,HOLD
NETWEB,Netweb Technologies India Limited,Technology,Computer Hardware,5065.0,False,261.0,True,True,Sector: Technology,131.61,128.74,True,2702.0,2184.0,True,HOLD
CENTRALBK,Central Bank of India,Financial Services,Banks - Regional,30.90999984741211,False,4524.0,True,False,Sector: Financial Services,-16.57,-16.48,False,37128.0,36026.0,True,EXIT
TVSHLTD,TVS Holdings Limited,Consumer Cyclical,Auto Parts,13946.0,False,319.0,False,False,Sector: Consumer Cyclical,15.69,11.97,True,554.0,2198.0,False,EXIT
SYRMA,Syrma SGS Technology Limited,Technology,Electronic Components,1494.800048828125,True,334.0,True,True,Sector: Technology,101.96,99.28,True,4902.0,4367.0,True,ADD
SUMICHEM,Sumitomo Chemical India Limited,Basic Materials,Agricultural Inputs,554.2000122070312,False,580.0,True,True,Sector: Basic Materials,-7.1,-7.66,False,3192.0,3511.0,False,HOLD
BANDHANBNK,Bandhan Bank Limited,Financial Services,Banks - Regional,169.1999969482422,False,1353.0,False,False,Sector: Financial Services,-3.87,-3.84,False,21844.0,21948.0,False,EXIT
CDSL,Central Depository Services (India) Limited,Financial Services,Capital Markets,1329.0,False,461.0,False,False,Sector: Financial Services,-16.23,-16.14,False,985.0,960.0,True,EXIT
APOLLOTYRE,Apollo Tyres Limited,Consumer Cyclical,Auto Parts,427.3500061035156,False,1934.0,True,False,Sector: Consumer Cyclical,-4.69,-8.37,False,20553.0,19816.0,True,EXIT
SHYAMMETL,Shyam Metalics and Energy Limited,Basic Materials,Steel,989.9000244140625,False,524.0,False,True,Sector: Basic Materials,1.07,0.48,True,6829.0,6993.0,False,HOLD
LICHSGFIN,LIC Housing Finance Limited,Financial Services,Mortgage Finance,497.0,False,5724.0,True,False,Sector: Financial Services,-15.93,-15.84,False,28486.0,28771.0,False,EXIT
PPLPHARMA,Piramal Pharma Limited,Healthcare,Drug Manufacturers - Specialty & Generic,209.63999938964844,False,700.0,True,True,NIFTY PHARMA,-14.36,6.58,False,4937.0,5286.0,False,HOLD
PGHH,Procter & Gamble Hygiene and Health Care Limited,Consumer Defensive,Household & Personal Products,8239.0,False,791.0,False,False,Sector: Consumer Defensive,-37.87,-39.57,False,4245.0,4290.0,False,EXIT
IIFL,IIFL Finance Limited,Financial Services,Credit Services,630.8499755859375,False,1488.0,True,True,Sector: Financial Services,32.0,31.86,True,8342.0,7464.0,True,HOLD
CRAFTSMAN,Craftsman Automation Limited,Consumer Cyclical,Auto Parts,10779.0,True,276.0,True,True,Sector: Consumer Cyclical,59.88,56.05,True,5258.0,4818.0,True,ADD
MSUMI,Motherson Sumi Wiring India Limited,Consumer Cyclical,Auto Parts,39.2599983215332,False,627.0,False,False,Sector: Consumer Cyclical,-4.09,-7.77,False,12391.0,11478.0,True,EXIT
RUBICON,RUBICON,Healthcare,Drug Manufacturers - General,1798.800048828125,True,235.0,True,True,Sector: Healthcare,,,False,1456.0,1306.0,True,HOLD
ITI,ITI Limited,Technology,Communication Equipment,279.95001220703125,False,324.0,True,False,Sector: Technology,-5.63,-7.62,False,2111.0,3616.0,False,EXIT
GUJENERGY,Gujarat Energy Limited,Utilities,Utilities - Regulated Gas,266.1000061035156,False,2065.0,False,False,Sector: Utilities,-11.72,-38.28,False,22648.0,23388.0,False,EXIT
ACUTAAS,Acutaas Chemicals Limited,Basic Materials,Specialty Chemicals,3228.89990234375,False,397.0,True,True,Sector: Basic Materials,137.34,136.36,True,1440.0,1324.0,True,HOLD
ACMESOLAR,ACME Solar Holdings Limited,Utilities,Utilities - Renewable,380.3999938964844,True,461.0,True,True,Sector: Utilities,59.51,28.99,True,5895.0,3911.0,True,ADD
SJVN,SJVN Limited,Utilities,Utilities - Renewable,66.04000091552734,False,996.0,False,False,NIFTY ENERGY,-45.49,-34.95,False,3481.0,3545.0,False,EXIT
ANGELONE,Angel One Limited,Financial Services,Capital Markets,289.5,False,1160.0,False,True,Sector: Financial Services,6.07,6.05,True,5347.0,5175.0,True,HOLD
REDINGTON,Redington Limited,Technology,Information Technology Services,335.04998779296875,False,1365.0,False,True,Sector: Technology,36.38,34.13,True,71797.0,63801.0,True,HOLD
GABRIEL,Gabriel India Limited,Consumer Cyclical,Auto Parts,1438.5999755859375,False,268.0,True,True,Sector: Consumer Cyclical,24.23,20.48,True,4622.0,4233.0,True,HOLD
METROBRAND,Metro Brands Limited,Consumer Cyclical,Apparel Retail,924.7000122070312,False,395.0,False,False,Sector: Consumer Cyclical,-16.86,-20.51,False,2884.0,2797.0,True,EXIT
SUNDRMFAST,Sundram Fasteners Limited,Consumer Cyclical,Auto Parts,1242.199951171875,False,593.0,True,True,Sector: Consumer Cyclical,24.88,21.13,True,5807.0,5542.0,True,HOLD
AMBER,Amber Enterprises India Limited,Consumer Cyclical,"Furnishings, Fixtures & Appliances",7250.0,False,144.0,False,False,Sector: Consumer Cyclical,0.68,-3.01,False,8163.0,7967.0,True,EXIT
DATAPATTNS,Data Patterns (India) Limited,Industrials,Aerospace & Defense,4774.2001953125,True,268.0,False,True,Sector: Industrials,81.82,81.81,True,941.0,925.0,True,HOLD
CREDITACC,CreditAccess Grameen Limited,Financial Services,Credit Services,1519.4000244140625,False,1211.0,False,True,Sector: Financial Services,8.21,8.19,True,6380.0,6059.0,True,HOLD
AWL,AWL Agri Business Limited,Consumer Defensive,Packaged Foods,188.72000122070312,False,1089.0,False,False,Sector: Consumer Defensive,-25.94,-27.73,False,74732.0,72308.0,True,EXIT
ACC,ACC Limited,Basic Materials,Building Materials,1288.699951171875,False,2050.0,False,False,Sector: Basic Materials,-30.66,-31.15,False,25226.0,25766.0,False,EXIT
GILLETTE,Gillette India Limited,Consumer Defensive,Household & Personal Products,7505.0,False,668.0,True,False,Sector: Consumer Defensive,-28.09,-29.87,False,3176.0,3100.0,True,EXIT
BELRISE,BELRISE,Consumer Cyclical,Auto Parts,233.00999450683594,False,490.0,True,True,Sector: Consumer Cyclical,55.26,51.43,True,7819.0,7528.0,True,HOLD
TIMKEN,Timken India Limited,Industrials,Tools & Accessories,3231.800048828125,False,409.0,False,False,Sector: Industrials,7.94,8.1,True,3540.0,3419.0,True,EXIT
KAYNES,Kaynes Technology India Limited,Technology,Electronic Components,3823.300048828125,False,277.0,True,False,Sector: Technology,-39.17,-40.93,False,2230.0,2128.0,True,EXIT
SANSERA,Sansera Engineering Limited,Consumer Cyclical,Auto Parts,3894.300048828125,True,324.0,True,True,Sector: Consumer Cyclical,199.91,195.73,True,3341.0,3098.0,True,ADD
FORCEMOT,Force Motors Limited,Consumer Cyclical,Auto Manufacturers,17837.0,False,1238.0,True,False,Sector: Consumer Cyclical,-13.2,-16.85,False,9199.0,9057.0,True,EXIT
NBCC,NBCC (India) Limited,Industrials,Engineering & Construction,87.19000244140625,False,740.0,True,False,Sector: Industrials,-17.83,-17.61,False,9922.0,9755.0,True,EXIT
GODIGIT,GODIGIT,Financial Services,Insurance - Property & Casualty,252.0500030517578,False,492.0,False,False,Sector: Financial Services,-33.31,-33.14,False,10196.0,10005.0,True,EXIT
GRINDWELL,Grindwell Norton Limited,Industrials,Building Products & Equipment,2052.5,False,434.0,True,True,Sector: Industrials,35.82,35.91,True,3126.0,3026.0,True,HOLD
ASAHIINDIA,Asahi India Glass Limited,Consumer Cyclical,Auto Parts,957.0499877929688,False,428.0,True,True,Sector: Consumer Cyclical,10.95,7.24,True,4853.0,4676.0,True,HOLD
KIOCL,KIOCL Limited,Basic Materials,Steel,377.5,False,39.0,False,True,Sector: Basic Materials,-13.91,-14.45,False,681.0,3006.0,False,EXIT
TATAELXSI,Tata Elxsi Limited,Technology,Software - Application,3659.699951171875,False,655.0,False,False,Sector: Technology,-34.58,-36.38,False,3886.0,3757.0,True,EXIT
DEEPAKNTR,Deepak Nitrite Limited,Basic Materials,Chemicals,1768.300048828125,False,223.0,False,True,Sector: Basic Materials,-3.13,-3.71,False,2834.0,3034.0,False,EXIT
AFFLE,Affle 3i Limited,Communication Services,Advertising Agencies,1693.800048828125,False,145.0,True,True,Sector: Communication Services,4.96,-14.43,False,905.0,864.0,True,HOLD
IRB,IRB Infrastructure Developers Limited,Industrials,Infrastructure Operations,18.979999542236328,False,1126.0,False,False,Sector: Industrials,-17.06,-16.85,False,4563.0,5063.0,False,EXIT
TDPOWERSYS,TD Power Systems Limited,Industrials,Specialty Industrial Machinery,1545.5999755859375,True,255.0,True,True,Sector: Industrials,203.15,202.86,True,1987.0,1717.0,True,ADD
KPIL,Kalpataru Projects International Limited,Industrials,Engineering & Construction,1376.5999755859375,True,896.0,True,True,Sector: Industrials,6.02,6.19,True,23652.0,23210.0,True,ADD
ANANTRAJ,Anant Raj Limited,Real Estate,Real Estate - Development,631.5499877929688,False,308.0,True,True,NIFTY REALTY,18.27,12.44,True,1535.0,1492.0,True,HOLD
CEMPRO,Cemindia Projects Limited,Industrials,Engineering & Construction,1265.699951171875,False,594.0,True,True,Sector: Industrials,64.91,64.94,True,10060.0,9983.0,True,HOLD
PFIZER,Pfizer Limited,Healthcare,Drug Manufacturers - General,4919.5,False,735.0,False,True,Sector: Healthcare,-26.73,-16.51,False,2570.0,2611.0,False,EXIT
EMMVEE,EMMVEE,Technology,Solar,316.95001220703125,False,102.0,False,False,Sector: Technology,,,False,846.0,1763.0,False,EXIT
CESC,CESC Limited,Utilities,Utilities - Regulated Electric,159.66000366210938,False,861.0,False,False,NIFTY ENERGY,-9.39,0.22,False,9853.0,9732.0,True,EXIT
DIACABS,Diamond Power Infrastructure Limited,Industrials,Specialty Industrial Machinery,359.3999938964844,False,182.0,True,True,Sector: Industrials,140.56,140.41,True,2348.0,2674.0,False,HOLD
CARBORUNIV,Carborundum Universal Limited,Industrials,Conglomerates,1087.199951171875,False,359.0,False,True,Sector: Industrials,11.74,11.89,True,3211.0,3063.0,True,HOLD
HATSUN,Hatsun Agro Product Limited,Consumer Defensive,Packaged Foods,930.2999877929688,False,365.0,True,False,Sector: Consumer Defensive,7.99,5.95,True,10413.0,9959.0,True,HOLD
AADHARHFC,AADHARHFC,Financial Services,Mortgage Finance,474.3999938964844,False,1140.0,True,False,Sector: Financial Services,-8.43,-8.37,False,3817.0,3683.0,True,EXIT
CGCL,Capri Global Capital Limited,Financial Services,Credit Services,226.22999572753906,False,989.0,True,True,Sector: Financial Services,16.74,16.67,True,4114.0,3645.0,True,HOLD
MTARTECH,MTAR Technologies Limited,Industrials,Specialty Industrial Machinery,6918.5,False,135.0,True,True,Sector: Industrials,361.93,361.27,True,1080.0,876.0,True,HOLD
AETHER,Aether Industries Limited,Basic Materials,Specialty Chemicals,1640.0999755859375,True,182.0,True,True,Sector: Basic Materials,111.73,110.82,True,981.0,940.0,True,ADD
RAMCOCEM,The Ramco Cements Limited,Basic Materials,Building Materials,902.2000122070312,False,639.0,False,False,Sector: Basic Materials,-18.52,-19.05,False,9211.0,9350.0,False,EXIT
GRANULES,Granules India Limited,Healthcare,Drug Manufacturers - Specialty & Generic,841.1500244140625,False,403.0,False,True,Sector: Healthcare,75.22,84.66,True,3466.0,3931.0,False,HOLD
URBANCO,Urban Company Limited,Technology,Software - Application,147.8300018310547,False,-305.0,False,True,Sector: Technology,,,False,1188.0,1081.0,True,EXIT
IGL,Indraprastha Gas Limited,Utilities,Utilities - Regulated Gas,152.63999938964844,False,1194.0,False,False,NIFTY ENERGY,-38.52,-28.16,False,16837.0,16167.0,True,EXIT
PFOCUS,Prime Focus Limited,Communication Services,Entertainment,279.20001220703125,False,-77.0,False,True,Sector: Communication Services,90.95,70.38,True,29.0,161.0,False,HOLD
IFCI,IFCI Limited,Financial Services,Credit Services,81.68000030517578,False,53.0,False,True,Sector: Financial Services,47.39,47.18,True,844.0,3839.0,False,HOLD
CUB,City Union Bank Limited,Financial Services,Banks - Regional,221.02999877929688,False,1403.0,True,True,Sector: Financial Services,35.36,35.21,True,7249.0,6870.0,True,HOLD
LMW,LMW Limited,Industrials,Specialty Industrial Machinery,19665.0,True,195.0,False,True,Sector: Industrials,27.86,27.98,True,3250.0,4597.0,False,HOLD
ATUL,Atul Ltd,Basic Materials,Specialty Chemicals,6596.0,False,698.0,True,True,Sector: Basic Materials,2.21,1.62,True,5848.0,5564.0,True,HOLD
SAGILITY,Sagility Limited,Healthcare,Health Information Services,42.439998626708984,False,330.0,False,False,Sector: Healthcare,-19.85,-9.68,False,2037.0,1971.0,True,EXIT
SHRIPISTON,SPR Auto Technologies Limited,Consumer Cyclical,Auto Parts,4454.0,True,496.0,False,True,Sector: Consumer Cyclical,74.02,70.15,True,3632.0,3527.0,True,HOLD
HAPPYFORGE,HAPPYFORGE,Industrials,Metal Fabrication,2307.89990234375,True,327.0,True,True,Sector: Industrials,140.08,139.93,True,1642.0,1546.0,True,ADD
KAJARIACER,Kajaria Ceramics Limited,Industrials,Building Products & Equipment,1208.9000244140625,False,513.0,True,True,Sector: Industrials,-5.15,-4.96,False,4557.0,4374.0,True,HOLD
CHENNPETRO,Chennai Petroleum Corporation Limited,Energy,Oil & Gas Refining & Marketing,1440.300048828125,True,4135.0,True,True,Sector: Energy,103.36,115.22,True,76197.0,76271.0,False,ADD
ASTRAZEN,AstraZeneca Pharma India Limited,Healthcare,Drug Manufacturers - Specialty & Generic,7500.5,False,170.0,False,False,Sector: Healthcare,-21.65,-11.46,False,2432.0,2276.0,True,EXIT
AARTIIND,Aarti Industries Limited,Basic Materials,Specialty Chemicals,527.0499877929688,False,524.0,False,True,Sector: Basic Materials,33.44,32.76,True,9040.0,8423.0,True,HOLD
BRIGADE,Brigade Enterprises Limited,Real Estate,Real Estate - Development,587.7000122070312,False,342.0,False,False,NIFTY REALTY,-17.78,-20.01,False,2802.0,2624.0,True,EXIT
ELGIEQUIP,Elgi Equipments Limited,Industrials,Specialty Industrial Machinery,637.7999877929688,False,354.0,True,True,Sector: Industrials,23.68,23.8,True,2485.0,2343.0,True,HOLD
SUNTV,Sun TV Network Limited,Communication Services,Broadcasting,480.8999938964844,False,1477.0,False,False,Sector: Communication Services,1.34,-18.0,False,4269.0,4148.0,True,EXIT
FINCABLES,Finolex Cables Limited,Industrials,Electrical Equipment & Parts,1313.699951171875,False,705.0,True,True,Sector: Industrials,54.36,54.41,True,6939.0,6321.0,True,HOLD
PINELABS,PINELABS,Technology,Software - Infrastructure,157.6199951171875,False,165.0,True,False,Sector: Technology,,,False,2034.0,1926.0,True,EXIT
CAMS,Computer Age Management Services Limited,Technology,Information Technology Services,754.2999877929688,False,454.0,True,True,Sector: Technology,-0.41,-2.43,False,1431.0,1412.0,True,HOLD
DEEPAKFERT,Deepak Fertilisers And Petrochemicals Corporation Limited,Basic Materials,Chemicals,1476.199951171875,False,251.0,False,True,Sector: Basic Materials,-2.97,-3.55,False,1897.0,4243.0,False,EXIT
CAPLIPOINT,Caplin Point Laboratories Limited,Healthcare,Drug Manufacturers - Specialty & Generic,2571.0,True,420.0,True,True,Sector: Healthcare,4.47,14.46,True,759.0,752.0,True,ADD
TRITURBINE,Triveni Turbine Limited,Industrials,Specialty Industrial Machinery,569.6500244140625,False,320.0,False,True,Sector: Industrials,9.68,9.83,True,2062.0,2010.0,True,HOLD
ERIS,Eris Lifesciences Limited,Healthcare,Drug Manufacturers - Specialty & Generic,1348.300048828125,False,192.0,False,False,Sector: Healthcare,-35.78,-25.49,False,1687.0,1822.0,False,EXIT
HBLENGINE,HBLENGINE,Industrials,Electrical Equipment & Parts,671.8499755859375,False,763.0,False,False,Sector: Industrials,-17.78,-17.56,False,3284.0,3252.0,True,EXIT
JYOTICNC,Jyoti CNC Automation Limited,Industrials,Specialty Industrial Machinery,950.6500244140625,False,407.0,True,True,Sector: Industrials,-3.12,-2.94,False,2086.0,1949.0,True,HOLD
EIHOTEL,EIH Limited,Consumer Cyclical,Lodging,297.6499938964844,False,629.0,False,False,Sector: Consumer Cyclical,-24.92,-28.54,False,2718.0,2637.0,True,EXIT
SARDAEN,Sarda Energy & Minerals Limited,Basic Materials,Steel,512.0499877929688,False,881.0,False,False,Sector: Basic Materials,-14.36,-14.9,False,4189.0,4334.0,False,EXIT
CASTROLIND,Castrol India Limited,Energy,Oil & Gas Refining & Marketing,188.75,False,1062.0,True,True,NIFTY ENERGY,-21.37,-11.45,False,6219.0,5722.0,True,HOLD
GMDCLTD,Gujarat Mineral Development Corporation Limited,Energy,Thermal Coal,557.75,False,990.0,False,False,Sector: Energy,14.39,29.82,True,2827.0,3498.0,False,EXIT
FSL,Firstsource Solutions Limited,Technology,Information Technology Services,273.04998779296875,False,504.0,True,False,Sector: Technology,-26.42,-28.27,False,3080.0,2883.0,True,EXIT
GESHIP,The Great Eastern Shipping Company Limited,Industrials,Marine Shipping,1315.5,False,3125.0,True,True,Sector: Industrials,31.97,32.07,True,4410.0,4835.0,False,HOLD
BAYERCROP,Bayer CropScience Limited,Basic Materials,Agricultural Inputs,4069.89990234375,False,732.0,False,False,Sector: Basic Materials,-27.93,-28.43,False,5595.0,5675.0,False,EXIT
POLYMED,Poly Medicure Limited,Healthcare,Medical Instruments & Supplies,1770.300048828125,False,336.0,True,True,Sector: Healthcare,-25.84,-15.63,False,1710.0,1662.0,True,HOLD
CHALET,Chalet Hotels Limited,Consumer Cyclical,Lodging,848.0499877929688,False,548.0,False,True,Sector: Consumer Cyclical,-15.32,-18.97,False,2168.0,2570.0,False,EXIT
TRAVELFOOD,TRAVELFOOD,Consumer Cyclical,Restaurants,1321.699951171875,False,398.0,True,True,Sector: Consumer Cyclical,12.16,8.44,True,1337.0,1302.0,True,HOLD
CHOICEIN,Choice International Limited,Financial Services,Capital Markets,800.4500122070312,False,,False,True,Sector: Financial Services,-3.72,-3.69,False,,77.86,False,EXIT
ONESOURCE,ONESOURCE,Healthcare,Biotechnology,1520.5,False,48.0,True,False,Sector: Healthcare,-28.26,-18.03,False,1531.0,1405.0,True,EXIT
CHAMBLFERT,Chambal Fertilisers and Chemicals Limited,Basic Materials,Agricultural Inputs,434.8500061035156,False,2015.0,True,False,Sector: Basic Materials,-23.32,-23.83,False,20123.0,27773.0,False,EXIT
DEVYANI,Devyani International Limited,Consumer Cyclical,Restaurants,142.89999389648438,False,-31.0,False,True,Sector: Consumer Cyclical,-15.67,-19.32,False,3654.0,3573.0,True,EXIT
BASF,BASF India Limited,Basic Materials,Specialty Chemicals,3930.0,False,632.0,True,True,Sector: Basic Materials,-13.46,-14.0,False,16071.0,14985.0,True,HOLD
INOXINDIA,INOX India Limited,Industrials,Specialty Industrial Machinery,1930.300048828125,False,248.0,False,True,Sector: Industrials,68.13,68.15,True,1587.0,1557.0,True,HOLD
EMAMILTD,Emami Limited,Consumer Defensive,Household & Personal Products,400.6000061035156,False,861.0,True,False,NIFTY FMCG,-28.39,-37.26,False,3072.0,3124.0,False,EXIT
JSWCEMENT,JSWCEMENT,Basic Materials,Building Materials,123.66000366210938,False,745.0,True,False,Sector: Basic Materials,-19.79,-20.31,False,6288.0,5984.0,True,EXIT
AZAD,AZAD,Industrials,Specialty Industrial Machinery,2828.39990234375,True,139.0,True,True,Sector: Industrials,77.9,77.9,True,626.0,590.0,True,ADD
SAMMAANCAP,Sammaan Capital Limited,Financial Services,Mortgage Finance,153.6300048828125,False,-7669.0,False,False,Sector: Financial Services,22.69,22.6,True,6818.0,15407.0,False,EXIT
ECLERX,eClerx Services Limited,Technology,Information Technology Services,1832.9000244140625,False,498.0,True,False,Sector: Technology,-8.35,-10.32,False,2975.0,2858.0,True,EXIT
INDIACEM,The India Cements Limited,Basic Materials,Building Materials,369.70001220703125,False,78.0,False,False,Sector: Basic Materials,-5.04,-5.61,False,4479.0,5628.0,False,EXIT
TBOTEK,TBOTEK,Consumer Cyclical,Travel Services,1661.4000244140625,False,60.0,True,True,Sector: Consumer Cyclical,18.27,14.54,True,592.0,584.0,True,HOLD
ARE&M,Amara Raja Energy & Mobility Limited,Industrials,Electrical Equipment & Parts,928.5499877929688,False,979.0,True,True,Sector: Industrials,-6.54,-6.34,False,14240.0,13549.0,True,HOLD
PGEL,PG Electroplast Limited,Technology,Electronic Components,601.9000244140625,False,110.0,False,True,Sector: Technology,9.18,7.1,True,1531.0,1487.0,True,HOLD
J&KBANK,Jammu and Kashmir Bank Limited,Financial Services,Banks - Regional,148.9499969482422,False,2303.0,False,True,Sector: Financial Services,40.16,39.98,True,13423.0,13145.0,True,HOLD
OLAELEC,OLAELEC,Consumer Cyclical,Auto Manufacturers,37.279998779296875,False,-107.0,False,False,Sector: Consumer Cyclical,-24.49,-28.11,False,2.0,170.0,False,EXIT
VTL,Vardhman Textiles Limited,Consumer Cyclical,Textile Manufacturing,596.1500244140625,False,823.0,False,True,Sector: Consumer Cyclical,41.07,37.29,True,9958.0,9841.0,True,HOLD
TATACHEM,Tata Chemicals Limited,Basic Materials,Chemicals,636.2999877929688,False,642.0,False,False,Sector: Basic Materials,-31.37,-31.86,False,4943.0,10084.0,False,EXIT
THELEELA,Leela Palaces Hotels & Resorts Limited,Consumer Cyclical,Lodging,532.7999877929688,True,302.0,True,True,Sector: Consumer Cyclical,22.33,18.59,True,447.0,437.0,True,ADD
JINDALSAW,Jindal Saw Limited,Basic Materials,Steel,268.70001220703125,False,530.0,False,True,Sector: Basic Materials,30.22,29.55,True,15041.0,17962.0,False,HOLD
ALIVUS,Alivus Life Sciences Limited,Healthcare,Drug Manufacturers - Specialty & Generic,1369.0,True,603.0,True,True,Sector: Healthcare,32.56,42.33,True,2590.0,2552.0,True,ADD
MINDACORP,Minda Corporation Limited,Consumer Cyclical,Auto Parts,738.9000244140625,True,261.0,True,True,Sector: Consumer Cyclical,46.17,42.37,True,5283.0,5017.0,True,ADD
THANGAMAYL,Thangamayil Jewellery Limited,Consumer Cyclical,Luxury Goods,5514.5,False,391.0,True,True,Sector: Consumer Cyclical,161.44,157.36,True,9622.0,8499.0,True,HOLD
COHANCE,COHANCE,Healthcare,Drug Manufacturers - Specialty & Generic,446.8500061035156,False,178.0,False,False,Sector: Healthcare,-62.86,-52.36,False,1907.0,2030.0,False,EXIT
CENTURYPLY,Century Plyboards (India) Limited,Basic Materials,Lumber & Wood Production,747.0,False,303.0,False,False,Sector: Basic Materials,-2.53,-3.11,False,4977.0,4646.0,True,EXIT
ABDL,ABDL,Consumer Defensive,Beverages - Wineries & Distilleries,598.0499877929688,False,276.0,True,True,Sector: Consumer Defensive,16.46,14.36,True,3931.0,8115.0,False,HOLD
PSB,Punjab & Sind Bank,Financial Services,Banks - Regional,23.239999771118164,False,1384.0,True,False,Sector: Financial Services,-21.69,-21.58,False,12284.0,11982.0,True,EXIT
KPITTECH,KPIT Technologies Limited,Technology,Software - Infrastructure,589.0999755859375,False,413.0,False,False,Sector: Technology,-49.99,-51.68,False,2633.0,2608.0,True,EXIT
ZENTEC,Zen Technologies Limited,Industrials,Aerospace & Defense,1932.5999755859375,False,138.0,False,True,Sector: Industrials,30.89,30.99,True,416.0,931.0,False,HOLD
KANSAINER,Kansai Nerolac Paints Limited,Basic Materials,Specialty Chemicals,201.3699951171875,False,631.0,False,False,Sector: Basic Materials,-17.02,-17.55,False,7951.0,7739.0,True,EXIT
ASTRAMICRO,Astra Microwave Products Limited,Technology,Communication Equipment,1701.0999755859375,False,175.0,False,True,Sector: Technology,75.71,73.2,True,1135.0,1156.0,False,HOLD
RATNAMANI,Ratnamani Metals & Tubes Limited,Basic Materials,Steel,2307.300048828125,False,343.0,False,False,Sector: Basic Materials,-4.38,-4.95,False,3368.0,4876.0,False,EXIT
GRWRHITECH,Garware Hi-Tech Films Limited,Basic Materials,Specialty Chemicals,7080.5,True,387.0,True,True,Sector: Basic Materials,135.19,134.21,True,2079.0,1995.0,True,ADD
HONASA,Honasa Consumer Limited,Consumer Defensive,Household & Personal Products,476.6000061035156,False,235.0,True,True,Sector: Consumer Defensive,61.13,58.7,True,2418.0,2305.0,True,HOLD
AEQUS,AEQUS,Industrials,Aerospace & Defense,262.45001220703125,True,50.0,True,False,Sector: Industrials,,,False,134.0,124.0,True,EXIT
APLLTD,Alembic Pharmaceuticals Limited,Healthcare,Drug Manufacturers - Specialty & Generic,817.5,False,734.0,False,True,Sector: Healthcare,-29.02,-18.78,False,7025.0,6651.0,True,EXIT
KFINTECH,KFin Technologies Limited,Technology,Software - Application,948.0,False,350.0,True,False,Sector: Technology,-13.61,-15.54,False,1181.0,1159.0,True,EXIT
FIVESTAR,Five-Star Business Finance Limited,Financial Services,Credit Services,521.25,False,1104.0,True,True,Sector: Financial Services,-11.83,-11.76,False,3260.0,3218.0,True,HOLD
ZYDUSWELL,Zydus Wellness Limited,Consumer Defensive,Packaged Foods,492.70001220703125,False,38.0,False,True,Sector: Consumer Defensive,26.73,24.55,True,594.0,582.0,True,HOLD
NAVA,Nava Limited,Industrials,Conglomerates,549.2000122070312,False,1036.0,True,False,Sector: Industrials,-19.16,-18.94,False,1917.0,1925.0,False,EXIT
NATCOPHARM,NATCO Pharma Limited,Healthcare,Drug Manufacturers - Specialty & Generic,886.8499755859375,False,892.0,False,False,Sector: Healthcare,-11.29,-1.19,False,2998.0,4094.0,False,EXIT
SYNGENE,Syngene International Limited,Healthcare,Diagnostics & Research,396.8500061035156,False,229.0,False,False,Sector: Healthcare,-53.08,-42.66,False,3288.0,3424.0,False,EXIT
SHILPAMED,Shilpa Medicare Limited,Healthcare,Drug Manufacturers - Specialty & Generic,807.75,True,183.0,False,True,Sector: Healthcare,72.1,81.57,True,691.0,806.0,False,HOLD
MEDPLUS,MedPlus Health Services Limited,Healthcare,Pharmaceutical Retailers,649.2999877929688,False,66.0,True,False,Sector: Healthcare,-32.46,-22.2,False,899.0,861.0,True,EXIT
AGARWALEYE,AGARWALEYE,Healthcare,Medical Instruments & Supplies,501.8500061035156,False,46.0,True,True,Sector: Healthcare,-1.55,8.48,False,1374.0,1293.0,True,HOLD
CROMPTON,Crompton Greaves Consumer Electricals Limited,Consumer Cyclical,"Furnishings, Fixtures & Appliances",245.5,False,-228.0,False,False,Sector: Consumer Cyclical,-23.38,-27.01,False,7397.0,7193.0,True,EXIT
DCMSHRIRAM,DCM Shriram Limited,Industrials,Conglomerates,1049.4000244140625,False,1452.0,True,False,Sector: Industrials,-19.4,-19.18,False,13355.0,13071.0,True,EXIT
FINEORG,Fine Organic Industries Limited,Basic Materials,Specialty Chemicals,5130.10009765625,False,389.0,False,True,Sector: Basic Materials,4.35,3.76,True,2385.0,3029.0,False,HOLD
BEML,BEML Limited,Industrials,Conglomerates,1966.9000244140625,False,184.0,False,True,Sector: Industrials,-6.55,-6.36,False,4536.0,4351.0,True,EXIT
ARVIND,Arvind Limited,Consumer Cyclical,Textile Manufacturing,516.5,False,277.0,False,True,Sector: Consumer Cyclical,82.95,79.05,True,7465.0,7723.0,False,HOLD
ABREL,Aditya Birla Real Estate Limited,Real Estate,Real Estate Services,1395.0999755859375,False,368.0,False,False,NIFTY REALTY,-24.68,-26.22,False,257.0,7967.0,False,EXIT
WELSPUNLIV,Welspun Living Limited,Consumer Cyclical,Textile Manufacturing,181.24000549316406,False,320.0,False,True,Sector: Consumer Cyclical,50.6,46.79,True,7793.0,8622.0,False,HOLD
SHAILY,Shaily Engineering Plastics Limited,Basic Materials,Specialty Chemicals,3367.199951171875,True,178.0,True,True,Sector: Basic Materials,60.41,59.65,True,971.0,921.0,True,ADD
CIEINDIA,CIE Automotive India Limited,Consumer Cyclical,Auto Parts,406.6499938964844,False,654.0,True,False,Sector: Consumer Cyclical,3.52,-0.18,False,5185.0,4896.0,True,EXIT
BIKAJI,Bikaji Foods International Limited,Consumer Defensive,Packaged Foods,609.1500244140625,False,270.0,True,False,Sector: Consumer Defensive,-23.05,-24.86,False,2872.0,2817.0,True,EXIT
PARADEEP,Paradeep Phosphates Limited,Basic Materials,Agricultural Inputs,150.88999938964844,False,1072.0,True,True,Sector: Basic Materials,-32.79,-33.27,False,23447.0,21826.0,True,HOLD
GPIL,Godawari Power & Ispat Limited,Basic Materials,Steel,246.10000610351562,False,918.0,False,False,Sector: Basic Materials,5.74,5.14,True,5067.0,5278.0,False,EXIT
NIVABUPA,Niva Bupa Health Insurance Company Limited,Financial Services,Insurance - Life,83.95999908447266,False,174.0,False,True,Sector: Financial Services,-4.56,-4.52,False,7907.0,6695.0,True,EXIT
MAHSCOOTER,Maharashtra Scooters Ltd.,Financial Services,Asset Management,13347.0,False,279.0,False,False,Sector: Financial Services,-18.56,-18.45,False,289.0,313.0,False,EXIT
CONCORDBIO,Concord Biotech Limited,Healthcare,Biotechnology,1587.5,False,282.0,False,True,Sector: Healthcare,-22.19,-12.01,False,1112.0,1200.0,False,EXIT
VIJAYA,Vijaya Diagnostic Centre Limited,Healthcare,Diagnostics & Research,1490.0,True,193.0,True,True,Sector: Healthcare,30.7,40.49,True,808.0,768.0,True,ADD
KIRLOSBROS,Kirloskar Brothers Limited,Industrials,Specialty Industrial Machinery,1951.4000244140625,False,246.0,False,True,Sector: Industrials,-3.81,-3.62,False,2881.0,2901.0,False,EXIT
CCL,CCL Products (India) Limited,Consumer Defensive,Packaged Foods,1124.5999755859375,False,278.0,False,True,Sector: Consumer Defensive,23.32,21.17,True,2258.0,2216.0,True,HOLD
MARKSANS,Marksans Pharma Limited,Healthcare,Drug Manufacturers - General,327.0,False,322.0,True,True,Sector: Healthcare,68.54,78.04,True,1343.0,1341.0,True,HOLD
IGIL,International Gemological Institute Limited,Basic Materials,Other Precious Metals & Mining,338.3999938964844,False,599.0,False,False,Sector: Basic Materials,-0.94,-1.52,False,1070.0,1252.0,False,EXIT
CEATLTD,CEAT Limited,Consumer Cyclical,Auto Parts,3534.800048828125,False,775.0,False,False,Sector: Consumer Cyclical,13.54,9.81,True,15857.0,15215.0,True,EXIT
USHAMART,Usha Martin Limited,Basic Materials,Steel,501.54998779296875,True,380.0,False,True,Sector: Basic Materials,31.89,31.22,True,2414.0,3746.0,False,HOLD
RAINBOW,Rainbow Children's Medicare Limited,Healthcare,Medical Care Facilities,1461.800048828125,False,251.0,True,True,Sector: Healthcare,-18.79,-8.63,False,1621.0,1546.0,True,HOLD
SHADOWFAX,SHADOWFAX,Industrials,Integrated Freight & Logistics,264.8399963378906,True,172.0,True,False,Sector: Industrials,,,False,4608.0,4080.0,True,EXIT
JBMA,JBM Auto Limited,Consumer Cyclical,Auto Parts,618.6500244140625,False,148.0,False,False,Sector: Consumer Cyclical,-1.49,-5.17,False,5523.0,5402.0,True,EXIT
CLEANMAX,CLEANMAX,Utilities,Utilities - Renewable,1243.800048828125,False,984.0,True,False,Sector: Utilities,,,False,7001.0,6003.0,True,EXIT
APOLLO,Apollo Micro Systems Limited,Industrials,Aerospace & Defense,386.70001220703125,False,129.0,True,True,Sector: Industrials,63.08,63.11,True,787.0,765.0,True,HOLD
LTFOODS,LT Foods Limited,Consumer Defensive,Packaged Foods,429.5,False,277.0,True,True,Sector: Consumer Defensive,-5.38,-7.32,False,4162.0,4085.0,True,HOLD
INGERRAND,Ingersoll-Rand (India) Limited,Industrials,Specialty Industrial Machinery,4641.39990234375,True,268.0,True,True,Sector: Industrials,22.21,22.34,True,1457.0,1392.0,True,ADD
VOGL,Vedanta Oil and Gas Limited,Basic Materials,Other Industrial Metals & Mining,36.08000183105469,False,,False,False,Sector: Basic Materials,,,False,,888.0,False,EXIT
JSWDULUX,JSW Dulux Limited,Unknown,Unknown,3094.199951171875,False,1962.0,True,False,Sector: Unknown,12.49,-10.76,False,3578.0,4069.0,False,EXIT
VISL,VISL,Basic Materials,Steel,36.11000061035156,False,,False,False,Sector: Basic Materials,,,False,,6088.0,False,EXIT
FRACTAL,FRACTAL,Technology,Software - Infrastructure,834.2000122070312,False,221.0,True,False,Sector: Technology,,,False,1950.0,1866.0,True,EXIT
JNPR,JNPR,Utilities,Utilities - Renewable,253.7100067138672,True,,False,False,Sector: Utilities,,,False,,324.0,False,EXIT
VGUARD,V-Guard Industries Limited,Industrials,Electrical Equipment & Parts,333.3500061035156,False,311.0,True,True,Sector: Industrials,-9.91,-9.71,False,6022.0,5692.0,True,HOLD
VEDPOWER,Vedanta Power Limited,Utilities,Utilities - Independent Power Producers,35.869998931884766,False,,False,False,Sector: Utilities,,,False,,5486.0,False,EXIT
SOBHA,Sobha Limited,Real Estate,Real Estate - Development,1274.0999755859375,False,314.0,True,False,NIFTY REALTY,-12.05,-14.86,False,5706.0,5368.0,True,EXIT
BBOX,Black Box Limited,Technology,Software - Application,767.75,False,15.0,False,True,Sector: Technology,58.26,55.87,True,426.0,406.0,True,HOLD
UJJIVANSFB,Ujjivan Small Finance Bank Limited,Financial Services,Banks - Regional,71.80000305175781,True,906.0,False,True,Sector: Financial Services,63.53,63.24,True,7338.0,6931.0,True,HOLD
GRAPHITE,Graphite India Limited,Industrials,Electrical Equipment & Parts,717.5499877929688,False,276.0,False,True,Sector: Industrials,31.25,31.36,True,2934.0,6737.0,False,HOLD
CANHLIFE,CANHLIFE,Financial Services,Insurance - Life,151.6300048828125,True,131.0,True,True,Sector: Financial Services,,,False,12275.0,11841.0,True,HOLD
TI,Tilaknagar Industries Ltd.,Consumer Defensive,Beverages - Wineries & Distilleries,573.8499755859375,True,-35.0,False,True,Sector: Consumer Defensive,10.75,8.69,True,3016.0,2346.0,True,HOLD
GALLANTT,Gallantt Ispat Limited,Basic Materials,Steel,575.7000122070312,False,434.0,False,False,Sector: Basic Materials,-10.44,-10.99,False,4437.0,4419.0,True,EXIT
KSB,KSB Limited,Industrials,Specialty Industrial Machinery,807.0999755859375,False,240.0,False,False,Sector: Industrials,-3.17,-2.98,False,2726.0,2696.0,True,EXIT
SEDEMAC,SEDEMAC,Consumer Cyclical,Auto Parts,3222.699951171875,True,,False,False,Sector: Consumer Cyclical,,,False,,1058.0,False,EXIT
VINATIORGA,Vinati Organics Limited,Basic Materials,Specialty Chemicals,1326.699951171875,False,499.0,True,False,Sector: Basic Materials,-24.55,-25.06,False,2384.0,2248.0,True,EXIT
LLOYDSENGG,Lloyds Engineering Works Limited,Industrials,Specialty Industrial Machinery,92.9000015258789,True,144.0,True,True,Sector: Industrials,31.65,31.75,True,1234.0,1052.0,True,ADD
LUMAXTECH,Lumax Auto Technologies Limited,Consumer Cyclical,Auto Parts,1987.0999755859375,True,200.0,False,True,Sector: Consumer Cyclical,78.35,74.47,True,3437.0,3605.0,False,HOLD
EIDPARRY,E.I.D.- Parry (India) Limited,Basic Materials,Agricultural Inputs,787.0499877929688,False,-770.0,False,False,Sector: Basic Materials,-34.1,-34.58,False,3102.0,3168.0,False,EXIT
ANURAS,Anupam Rasayan India Ltd,Basic Materials,Specialty Chemicals,1225.4000244140625,False,164.0,False,False,Sector: Basic Materials,5.49,4.89,True,1689.0,1676.0,True,EXIT
JUBLPHARMA,Jubilant Pharmova Limited,Healthcare,Drug Manufacturers - Specialty & Generic,868.0,False,65.0,False,False,Sector: Healthcare,-32.01,-21.75,False,271.0,3439.0,False,EXIT
E2E,E2E Networks Limited,Technology,Software - Infrastructure,631.3499755859375,False,31.0,False,True,Sector: Technology,194.21,190.93,True,366.0,246.0,True,HOLD
ENGINERSIN,Engineers India Limited,Industrials,Engineering & Construction,236.89999389648438,False,677.0,True,True,Sector: Industrials,22.96,23.08,True,3794.0,3850.0,False,HOLD
NAZARA,Nazara Technologies Limited,Communication Services,Electronic Gaming & Multimedia,357.3500061035156,True,-1026.0,False,True,Sector: Communication Services,19.9,0.3,True,71.0,117.0,False,HOLD
SPLPETRO,Supreme Petrochem Limited,Basic Materials,Specialty Chemicals,702.5999755859375,False,483.0,False,True,Sector: Basic Materials,-14.05,-14.59,False,5645.0,6023.0,False,EXIT
VENTIVE,VENTIVE,Consumer Cyclical,Lodging,586.75,False,239.0,True,False,Sector: Consumer Cyclical,-19.22,-22.86,False,650.0,638.0,True,EXIT
SCI,The Shipping Corporation of India Limited,Industrials,Marine Shipping,295.3500061035156,False,1647.0,True,True,Sector: Industrials,34.71,34.8,True,6307.0,5794.0,True,HOLD
PRIVISCL,Privi Speciality Chemicals Limited,Basic Materials,Specialty Chemicals,3467.800048828125,False,373.0,True,True,Sector: Basic Materials,40.38,39.68,True,2490.0,2456.0,True,HOLD
CARTRADE,CarTrade Tech Limited,Consumer Cyclical,Auto & Truck Dealerships,2783.5,False,118.0,True,True,Sector: Consumer Cyclical,14.78,11.06,True,320.0,308.0,True,HOLD
HEG,HEG Limited,Industrials,Electrical Equipment & Parts,708.0499877929688,False,218.0,False,True,Sector: Industrials,41.95,42.03,True,2637.0,6591.0,False,HOLD
PRUDENT,Prudent Corporate Advisory Services Limited,Financial Services,Asset Management,3393.60009765625,True,236.0,True,True,Sector: Financial Services,15.58,15.52,True,1327.0,1284.0,True,ADD
TMB,Tamilnad Mercantile Bank Limited,Financial Services,Banks - Regional,838.8499755859375,False,1444.0,True,True,Sector: Financial Services,96.12,95.68,True,6096.0,5819.0,True,HOLD
DOMS,DOMS Industries Limited,Industrials,Business Equipment & Supplies,2193.10009765625,False,207.0,False,False,Sector: Industrials,-13.41,-13.2,False,2145.0,2050.0,True,EXIT
INDGN,INDGN,Healthcare,Health Information Services,565.5999755859375,False,227.0,True,True,Sector: Healthcare,-15.66,-5.53,False,1306.0,1221.0,True,HOLD
RKFORGE,Ramkrishna Forgings Limited,Industrials,Metal Fabrication,749.2000122070312,False,117.0,False,True,Sector: Industrials,27.19,27.31,True,3915.0,3755.0,True,HOLD
SKFINDUS,SKFINDUS,Industrials,Tools & Accessories,2800.39990234375,True,208.0,False,False,Sector: Industrials,,,False,3590.0,3440.0,True,EXIT
BALRAMCHIN,Balrampur Chini Mills Limited,Consumer Defensive,Confectioners,650.7999877929688,True,343.0,False,True,Sector: Consumer Defensive,12.37,10.3,True,6366.0,6271.0,True,HOLD
JSWHL,JSW Holdings Limited,Financial Services,Asset Management,11329.0,False,123.0,False,False,Sector: Financial Services,-37.44,-37.25,False,184.0,407.0,False,EXIT
AMAGI,AMAGI,Technology,Software - Application,555.5999755859375,False,55.0,True,False,Sector: Technology,,,False,1018.0,949.0,True,EXIT
GRAVITA,Gravita India Limited,Industrials,Metal Fabrication,1793.0999755859375,False,297.0,True,True,Sector: Industrials,2.1,2.27,True,3491.0,3481.0,True,HOLD
NSLNISP,NMDC Steel Limited,Basic Materials,Steel,40.150001525878906,False,84.0,True,False,Sector: Basic Materials,3.01,2.42,True,13938.0,13642.0,True,HOLD
UTLSOLAR,UTLSOLAR,Technology,Solar,483.95001220703125,True,294.0,False,False,Sector: Technology,,,False,3403.0,2655.0,True,EXIT
AVALON,Avalon Technologies Limited,Technology,Electronic Components,2245.60009765625,True,95.0,True,True,Sector: Technology,160.91,157.85,True,865.0,821.0,True,ADD
VARROC,Varroc Engineering Limited,Consumer Cyclical,Auto Parts,830.9000244140625,False,300.0,False,True,Sector: Consumer Cyclical,55.25,51.42,True,8666.0,8146.0,True,HOLD
ATLANTAELE,ATLANTAELE,Industrials,Electrical Equipment & Parts,1716.5,False,239.0,True,True,Sector: Industrials,,,False,2003.0,1851.0,True,HOLD
ACE,Action Construction Equipment Limited,Industrials,Farm & Heavy Construction Machinery,1181.199951171875,False,447.0,True,True,Sector: Industrials,16.54,16.68,True,3403.0,3320.0,True,HOLD
BLUESTONE,BLUESTONE,Consumer Cyclical,Luxury Goods,816.2000122070312,False,70.0,True,True,Sector: Consumer Cyclical,47.89,44.08,True,2682.0,2441.0,True,HOLD
MANYAVAR,Vedant Fashions Limited,Consumer Cyclical,Apparel Manufacturing,542.5999755859375,False,386.0,False,True,Sector: Consumer Cyclical,-28.48,-32.1,False,1456.0,1435.0,True,EXIT
TEGA,Tega Industries Limited,Industrials,Specialty Industrial Machinery,1726.5999755859375,False,162.0,False,False,Sector: Industrials,-8.98,-8.78,False,890.0,895.0,False,EXIT
SWANDEF,SWANDEF,Industrials,Aerospace & Defense,2348.199951171875,False,-238.0,False,True,Sector: Industrials,541.52,540.44,True,312.0,831.0,False,HOLD
INOXWIND,Inox Wind Limited,Industrials,Specialty Industrial Machinery,73.73999786376953,False,532.0,False,False,NIFTY ENERGY,-58.62,-47.74,False,3924.0,3896.0,True,EXIT
ASKAUTOLTD,ASKAUTOLTD,Consumer Cyclical,Auto Parts,646.3499755859375,True,237.0,True,True,Sector: Consumer Cyclical,27.57,23.81,True,3565.0,3305.0,True,ADD
APTUS,Aptus Value Housing Finance India Limited,Financial Services,Mortgage Finance,253.0500030517578,False,731.0,True,False,Sector: Financial Services,-30.47,-30.31,False,1547.0,1510.0,True,EXIT
SUDEEPPHRM,SUDEEPPHRM,Healthcare,Drug Manufacturers - Specialty & Generic,1156.4000244140625,True,116.0,True,False,Sector: Healthcare,,,False,364.0,404.0,False,EXIT
TRIDENT,Trident Limited,Consumer Cyclical,Textile Manufacturing,24.489999771118164,False,390.0,False,False,Sector: Consumer Cyclical,-13.24,-16.89,False,6763.0,6966.0,False,EXIT
HOMEFIRST,Home First Finance Company India Limited,Financial Services,Mortgage Finance,1184.4000244140625,False,581.0,True,True,Sector: Financial Services,-11.3,-11.23,False,1999.0,1921.0,True,HOLD
BLUEDART,Blue Dart Express Limited,Industrials,Integrated Freight & Logistics,5067.0,False,279.0,False,False,Sector: Industrials,-14.46,-14.24,False,6357.0,6141.0,True,EXIT
PCBL,PCBL Chemical Limited,Basic Materials,Specialty Chemicals,326.70001220703125,False,250.0,False,True,Sector: Basic Materials,-18.2,-18.73,False,5777.0,5905.0,False,EXIT
PARKHOSPS,PARKHOSPS,Healthcare,Medical Care Facilities,270.6499938964844,False,33.0,False,False,Sector: Healthcare,,,False,140.0,129.0,True,EXIT
JMFINANCIL,JM Financial Limited,Financial Services,Capital Markets,126.30000305175781,False,562.0,False,False,Sector: Financial Services,-35.74,-35.55,False,672.0,1200.0,False,EXIT
SKYGOLD,Sky Gold and Diamonds Limited,Consumer Cyclical,Luxury Goods,777.75,False,241.0,True,True,Sector: Consumer Cyclical,155.85,151.78,True,5338.0,4708.0,True,HOLD
SOUTHBANK,The South Indian Bank Limited,Financial Services,Banks - Regional,45.0,False,1511.0,True,True,Sector: Financial Services,48.53,48.31,True,10112.0,9846.0,True,HOLD
JPPOWER,Jaiprakash Power Ventures Limited,Utilities,Utilities - Independent Power Producers,17.030000686645508,False,633.0,False,False,NIFTY ENERGY,-20.97,-11.06,False,5756.0,6763.0,False,EXIT
WABAG,VA Tech Wabag Limited,Industrials,Engineering & Construction,1977.300048828125,False,353.0,True,True,Sector: Industrials,20.44,20.57,True,3384.0,3284.0,True,HOLD
NUVOCO,Nuvoco Vistas Corporation Limited,Basic Materials,Building Materials,318.5,False,267.0,False,False,Sector: Basic Materials,-30.32,-30.81,False,10050.0,9762.0,True,EXIT
IRCON,Ircon International Limited,Industrials,Engineering & Construction,122.62000274658203,False,631.0,False,False,Sector: Industrials,-29.66,-29.41,False,8615.0,11950.0,False,EXIT
AVANTIFEED,Avanti Feeds Limited,Consumer Defensive,Packaged Foods,860.5999755859375,False,455.0,False,False,Sector: Consumer Defensive,32.74,30.52,True,4705.0,4419.0,True,EXIT
KTKBANK,The Karnataka Bank Limited,Financial Services,Banks - Regional,324.04998779296875,True,1437.0,True,True,Sector: Financial Services,86.47,86.08,True,9039.0,9014.0,True,ADD
KEC,KEC International Limited,Industrials,Engineering & Construction,423.5,False,392.0,False,False,Sector: Industrials,-49.64,-49.35,False,18915.0,19178.0,False,EXIT
LLOYDSENT,Lloyds Enterprises Limited,Basic Materials,Steel,78.56999969482422,False,49.0,False,True,Sector: Basic Materials,1.11,0.52,True,408.0,593.0,False,HOLD
UTIAMC,UTI Asset Management Company Limited,Financial Services,Asset Management,892.4500122070312,False,541.0,False,False,Sector: Financial Services,-37.58,-37.39,False,1568.0,1482.0,True,EXIT
SIGMAADV,Sigma Advanced Systems Limited,Industrials,Aerospace & Defense,691.3499755859375,True,73.0,False,True,Sector: Industrials,419.85,419.05,True,194.0,158.0,True,HOLD
JUBLINGREA,Jubilant Ingrevia Limited,Basic Materials,Specialty Chemicals,708.4000244140625,False,335.0,False,True,Sector: Basic Materials,0.96,0.38,True,4418.0,4860.0,False,HOLD
EDELWEISS,Edelweiss Financial Services Limited,Financial Services,Financial Conglomerates,122.2699966430664,False,452.0,False,True,Sector: Financial Services,23.09,23.0,True,626.0,3089.0,False,HOLD
PVRINOX,PVR INOX Limited,Communication Services,Entertainment,1200.9000244140625,False,371.0,True,True,Sector: Communication Services,23.99,4.34,True,6601.0,6391.0,True,HOLD
BLS,BLS International Services Limited,Industrials,Specialty Business Services,271.3699951171875,False,147.0,True,False,Sector: Industrials,-28.93,-28.69,False,235.0,210.0,True,EXIT
PGIL,Pearl Global Industries Limited,Consumer Cyclical,Apparel Manufacturing,2413.699951171875,True,55.0,False,True,Sector: Consumer Cyclical,79.37,75.49,True,1154.0,1196.0,False,HOLD
SIGNATURE,Signatureglobal (India) Limited,Real Estate,Real Estate - Development,784.9000244140625,False,-22.0,False,False,Sector: Real Estate,-14.05,-30.65,False,1240.0,1825.0,False,EXIT
METROPOLIS,Metropolis Healthcare Limited,Healthcare,Diagnostics & Research,555.0,False,172.0,False,True,Sector: Healthcare,-9.85,0.24,False,1415.0,1365.0,True,EXIT
TECHNOE,Techno Electric & Engineering Company Limited,Industrials,Engineering & Construction,996.9500122070312,False,515.0,False,False,Sector: Industrials,-37.2,-36.94,False,3380.0,3252.0,True,EXIT
MGL,Mahanagar Gas Limited,Utilities,Utilities - Regulated Gas,1128.0,False,721.0,False,False,NIFTY ENERGY,-27.64,-17.55,False,8531.0,8240.0,True,EXIT
VIYASH,Viyash Scientific Limited,Healthcare,Drug Manufacturers - Specialty & Generic,271.3999938964844,False,79.0,False,True,Sector: Healthcare,41.78,51.48,True,1408.0,1382.0,True,HOLD
TITAGARH,Titagarh Rail Systems Limited,Industrials,Railroads,831.75,False,214.0,False,True,Sector: Industrials,-4.04,-3.85,False,3205.0,3866.0,False,EXIT
GODREJAGRO,Godrej Agrovet Limited,Consumer Defensive,Packaged Foods,573.3499755859375,False,541.0,True,False,Sector: Consumer Defensive,-21.61,-23.43,False,7943.0,7744.0,True,EXIT
RATEGAIN,RateGain Travel Technologies Limited,Technology,Software - Application,930.5999755859375,True,36.0,False,True,Sector: Technology,91.44,88.82,True,258.0,249.0,True,HOLD
ZENSARTECH,Zensar Technologies Limited,Technology,Information Technology Services,477.8500061035156,False,698.0,True,False,Sector: Technology,-39.86,-41.62,False,2880.0,2739.0,True,EXIT
AKUMS,AKUMS,Healthcare,Drug Manufacturers - Specialty & Generic,753.2999877929688,False,112.0,False,True,Sector: Healthcare,44.85,54.53,True,1409.0,1444.0,False,HOLD
PARAS,Paras Defence and Space Technologies Limited,Industrials,Aerospace & Defense,1496.4000244140625,True,89.0,True,True,Sector: Industrials,121.62,121.52,True,447.0,417.0,True,ADD
IEX,Indian Energy Exchange Limited,Financial Services,Capital Markets,123.0,False,487.0,True,False,Sector: Financial Services,-15.27,-15.18,False,624.0,608.0,True,EXIT
AAVAS,Aavas Financiers Limited,Financial Services,Mortgage Finance,1372.800048828125,False,687.0,True,False,Sector: Financial Services,-19.35,-19.24,False,2765.0,2683.0,True,EXIT
JKTYRE,JK Tyre & Industries Limited,Consumer Cyclical,Auto Parts,374.8500061035156,False,666.0,False,False,Sector: Consumer Cyclical,18.07,14.34,True,15083.0,14613.0,True,EXIT
MANORAMA,Manorama Industries Limited,Consumer Defensive,Packaged Foods,1935.0,True,264.0,True,True,Sector: Consumer Defensive,37.88,35.62,True,1472.0,1358.0,True,ADD
JWL,Jupiter Wagons Limited,Industrials,Railroads,248.5,False,188.0,False,False,Sector: Industrials,-28.46,-28.22,False,2747.0,3871.0,False,EXIT
CANFINHOME,Can Fin Homes Limited,Financial Services,Mortgage Finance,817.6500244140625,False,1130.0,True,False,Sector: Financial Services,3.56,3.56,True,4292.0,4217.0,True,HOLD
OLECTRA,Olectra Greentech Limited,Industrials,Farm & Heavy Construction Machinery,1305.5999755859375,False,174.0,True,True,Sector: Industrials,-16.8,-16.59,False,2503.0,2274.0,True,HOLD
ABLBL,ABLBL,Consumer Cyclical,Apparel Retail,86.88999938964844,False,144.0,True,False,Sector: Consumer Cyclical,-35.26,-38.86,False,8582.0,8373.0,True,EXIT
HCG,HealthCare Global Enterprises Limited,Healthcare,Medical Care Facilities,745.25,True,17.0,False,True,Sector: Healthcare,-2.64,7.4,False,1415.0,1365.0,True,EXIT
SHREEJISPG,SHREEJISPG,Industrials,Marine Shipping,649.4500122070312,True,164.0,True,True,Sector: Industrials,,,False,743.0,731.0,True,HOLD
RITES,RITES Limited,Industrials,Engineering & Construction,216.94000244140625,False,406.0,False,False,Sector: Industrials,-16.55,-16.33,False,2318.0,2575.0,False,EXIT
IIFLCAPS,IIFL Capital Services Limited,Financial Services,Capital Markets,334.04998779296875,False,561.0,False,True,Sector: Financial Services,-0.69,-0.67,False,2123.0,2156.0,False,EXIT
SBFC,SBFC Finance Limited,Financial Services,Credit Services,92.7699966430664,False,480.0,True,False,Sector: Financial Services,-19.22,-19.11,False,1782.0,1679.0,True,EXIT
BLACKBUCK,BlackBuck Limited,Technology,Software - Application,616.3499755859375,False,171.0,True,True,Sector: Technology,-4.15,-6.14,False,701.0,2230.0,False,HOLD
JLHL,Jupiter Life Line Hospitals Limited,Healthcare,Medical Care Facilities,320.54998779296875,False,185.0,False,True,Sector: Healthcare,0.96,10.97,True,1248.0,1198.0,True,HOLD
VOLTAMP,Voltamp Transformers Limited,Industrials,Electrical Equipment & Parts,10000.0,False,317.0,False,True,Sector: Industrials,20.79,20.92,True,2274.0,2154.0,True,HOLD
SANOFICONR,SANOFICONR,Healthcare,Drug Manufacturers - General,4221.7001953125,False,266.0,True,False,Sector: Healthcare,-29.42,-19.18,False,950.0,878.0,True,EXIT
BBTC,The Bombay Burmah Trading Corporation Limited,Consumer Defensive,Packaged Foods,1445.0,False,185.0,False,False,Sector: Consumer Defensive,-21.05,-22.88,False,293.0,302.0,False,EXIT
BLUEJET,Blue Jet Healthcare Limited,Healthcare,Biotechnology,592.2999877929688,False,235.0,False,True,Sector: Healthcare,-34.4,-24.13,False,886.0,1030.0,False,EXIT
JAINREC,JAINREC,Basic Materials,Other Industrial Metals & Mining,288.8500061035156,False,360.0,True,False,Sector: Basic Materials,,,False,10403.0,9231.0,True,EXIT
SAREGAMA,Saregama India Limited,Communication Services,Entertainment,508.5,False,227.0,True,True,Sector: Communication Services,24.81,5.15,True,852.0,1009.0,False,HOLD
FIRSTCRY,FIRSTCRY,Consumer Cyclical,Internet Retail,196.5,False,127.0,False,False,Sector: Consumer Cyclical,-44.68,-48.26,False,2820.0,2732.0,True,EXIT
THYROCARE,Thyrocare Technologies Limited,Healthcare,Diagnostics & Research,582.5,False,163.0,True,True,Sector: Healthcare,20.89,30.75,True,821.0,774.0,True,HOLD
KIRLPNU,Kirloskar Pneumatic Company Limited,Industrials,Specialty Industrial Machinery,736.7000122070312,False,264.0,True,True,Sector: Industrials,16.08,16.22,True,1788.0,1759.0,True,HOLD
AFCONS,AFCONS,Industrials,Engineering & Construction,277.95001220703125,False,191.0,False,False,Sector: Industrials,-37.68,-37.41,False,11246.0,12907.0,False,EXIT
WHIRLPOOL,Whirlpool of India Limited,Consumer Cyclical,"Furnishings, Fixtures & Appliances",753.4500122070312,False,196.0,False,False,Sector: Consumer Cyclical,-39.16,-42.76,False,7739.0,7474.0,True,EXIT
RELAXO,Relaxo Footwears Limited,Consumer Cyclical,Footwear & Accessories,373.20001220703125,False,185.0,False,True,Sector: Consumer Cyclical,-17.19,-20.83,False,2753.0,2914.0,False,EXIT
PGHL,Procter & Gamble Health Limited,Healthcare,Drug Manufacturers - Specialty & Generic,5781.0,False,357.0,False,True,Sector: Healthcare,-23.31,-13.12,False,1433.0,1408.0,True,EXIT
FINPIPE,Finolex Industries Limited,Industrials,Building Products & Equipment,158.25999450683594,False,591.0,False,False,Sector: Industrials,-26.79,-26.55,False,3954.0,4647.0,False,EXIT
ZEEL,Zee Entertainment Enterprises Limited,Communication Services,Broadcasting,102.22000122070312,False,56.0,False,True,Sector: Communication Services,2.77,-16.6,False,7664.0,8075.0,False,EXIT
WEWORK,WEWORK,Real Estate,Real Estate Services,691.6500244140625,False,82.0,False,True,Sector: Real Estate,,,False,2578.0,2432.0,True,EXIT
ALKYLAMINE,Alkyl Amines Chemicals Limited,Basic Materials,Specialty Chemicals,1956.0999755859375,False,225.0,False,True,Sector: Basic Materials,-10.72,-11.27,False,1658.0,1683.0,False,EXIT
INTELLECT,Intellect Design Arena Limited,Technology,Software - Application,678.4500122070312,False,198.0,False,False,Sector: Technology,-29.53,-31.36,False,1739.0,1679.0,True,EXIT
BATAINDIA,Bata India Limited,Consumer Cyclical,Footwear & Accessories,721.2999877929688,False,146.0,False,False,Sector: Consumer Cyclical,-31.82,-35.43,False,3553.0,3515.0,True,EXIT
ELECON,Elecon Engineering Company Limited,Industrials,Specialty Industrial Machinery,428.8500061035156,False,296.0,False,False,Sector: Industrials,-26.15,-25.91,False,2004.0,2016.0,False,EXIT
QPOWER,QPOWER,Industrials,Electrical Equipment & Parts,1295.300048828125,False,69.0,True,True,Sector: Industrials,66.06,66.08,True,247.0,222.0,True,HOLD
SUVEN,Suven Life Sciences Limited,Healthcare,Drug Manufacturers - Specialty & Generic,332.54998779296875,False,-56.0,False,True,Sector: Healthcare,32.07,41.84,True,9.0,625.0,False,HOLD
PRICOLLTD,Pricol Limited,Consumer Cyclical,Auto Parts,804.5999755859375,True,218.0,True,True,Sector: Consumer Cyclical,80.74,76.86,True,3265.0,3096.0,True,ADD
MMTC,MMTC Limited,Industrials,Conglomerates,62.150001525878906,False,269.0,False,False,Sector: Industrials,-4.57,-4.39,False,3.0,28979.0,False,EXIT
SANDUMA,The Sandur Manganese & Iron Ores Limited,Basic Materials,Steel,196.4499969482422,False,576.0,False,False,Sector: Basic Materials,27.54,26.87,True,2128.0,2249.0,False,EXIT
KRN,KRN,Technology,Electronic Components,1501.199951171875,True,74.0,True,True,Sector: Technology,61.77,59.35,True,744.0,676.0,True,ADD
ESABINDIA,ESAB India Limited,Industrials,Tools & Accessories,6057.5,False,222.0,True,True,Sector: Industrials,12.68,12.83,True,1577.0,1508.0,True,HOLD
TEJASNET,Tejas Networks Limited,Technology,Communication Equipment,509.54998779296875,False,-925.0,False,True,Sector: Technology,-15.73,-17.65,False,1301.0,8916.0,False,EXIT
SWANCORP,Swan Corp Limited,Industrials,Conglomerates,303.20001220703125,False,20.0,False,False,Sector: Industrials,-37.87,-37.61,False,221.0,860.0,False,EXIT
TIMETECHNO,Time Technoplast Limited,Consumer Cyclical,Packaging & Containers,190.88999938964844,False,229.0,True,True,Sector: Consumer Cyclical,-19.22,-22.86,False,3105.0,2880.0,True,HOLD
RPOWER,Reliance Power Limited,Utilities,Utilities - Independent Power Producers,21.700000762939453,False,15.0,False,False,NIFTY ENERGY,-67.57,-56.46,False,1.0,136.0,False,EXIT
PCJEWELLER,PC Jeweller Limited,Consumer Cyclical,Luxury Goods,9.680000305175781,False,718.0,True,False,Sector: Consumer Cyclical,-27.46,-31.08,False,3432.0,9486.0,False,EXIT
ELANTAS,ELANTAS Beck India Limited,Basic Materials,Specialty Chemicals,11600.5,False,178.0,True,False,Sector: Basic Materials,,,False,937.0,848.0,True,EXIT
WAAREERTL,Waaree Renewable Technologies Limited,Industrials,Engineering & Construction,881.0499877929688,False,510.0,True,False,Sector: Industrials,-17.89,-17.67,False,3539.0,3331.0,True,EXIT
SGMART,SG Mart Limited,Industrials,Industrial Distribution,803.2000122070312,True,91.0,False,True,Sector: Industrials,,,False,5659.0,5540.0,True,EXIT
TSFINV,TSF Investments Limited,Financial Services,Asset Management,414.70001220703125,False,314.0,False,False,Sector: Financial Services,-19.08,-18.97,False,352.0,388.0,False,EXIT
RAILTEL,RailTel Corporation of India Limited,Communication Services,Telecom Services,287.25,False,346.0,True,False,Sector: Communication Services,-3.22,-22.5,False,4427.0,4277.0,True,EXIT
WESTLIFE,Westlife Foodworld Limited,Consumer Cyclical,Restaurants,574.4500122070312,False,5.94,False,True,Sector: Consumer Cyclical,-16.17,-19.82,False,7.26,62.53,False,EXIT
CYIENT,Cyient Limited,Industrials,Conglomerates,894.5,False,180.0,False,False,Sector: Industrials,-29.58,-29.33,False,2494.0,2461.0,True,EXIT
SONATSOFTW,Sonata Software Limited,Technology,Information Technology Services,307.79998779296875,False,297.0,False,True,Sector: Technology,-14.95,-16.87,False,1532.0,1367.0,True,EXIT
PNGJL,PNGJL,Consumer Cyclical,Luxury Goods,603.4500122070312,False,436.0,True,True,Sector: Consumer Cyclical,6.72,3.01,True,11319.0,10641.0,True,HOLD
TARIL,TARIL,Industrials,Electrical Equipment & Parts,291.25,False,215.0,False,False,Sector: Industrials,-42.94,-42.66,False,2444.0,2395.0,True,EXIT
STAR,Strides Pharma Science Limited,Healthcare,Drug Manufacturers - Specialty & Generic,957.5,False,243.0,False,False,Sector: Healthcare,-2.37,7.67,False,2264.0,2180.0,True,EXIT
SUDARSCHEM,Sudarshan Chemical Industries Limited,Basic Materials,Specialty Chemicals,1134.9000244140625,False,275.0,False,True,Sector: Basic Materials,-23.57,-24.09,False,2543.0,2534.0,True,EXIT
GALAXYSURF,Galaxy Surfactants Limited,Basic Materials,Specialty Chemicals,2361.300048828125,False,216.0,True,True,Sector: Basic Materials,7.77,7.17,True,3981.0,3586.0,True,HOLD
KRBL,KRBL Limited,Consumer Defensive,Packaged Foods,399.6000061035156,False,758.0,True,True,Sector: Consumer Defensive,-16.32,-18.18,False,6009.0,6098.0,False,HOLD
BANCOINDIA,Banco Products (India) Limited,Consumer Cyclical,Auto Parts,622.75,False,415.0,False,False,Sector: Consumer Cyclical,8.29,4.58,True,1286.0,1245.0,True,EXIT
NCC,NCC Limited,Industrials,Engineering & Construction,139.57000732421875,False,574.0,False,False,Sector: Industrials,-38.93,-38.66,False,17997.0,19206.0,False,EXIT
VESUVIUS,Vesuvius India Limited,Industrials,Specialty Industrial Machinery,433.6499938964844,False,256.0,False,False,Sector: Industrials,-20.03,-19.8,False,2134.0,2104.0,True,EXIT
CLEAN,Clean Science and Technology Limited,Basic Materials,Specialty Chemicals,819.2999877929688,False,248.0,False,False,Sector: Basic Materials,-30.73,-31.23,False,803.0,936.0,False,EXIT
BSOFT,Birlasoft Limited,Technology,Information Technology Services,305.8999938964844,False,412.0,True,False,Sector: Technology,-18.91,-20.81,False,3025.0,2822.0,True,EXIT
JAYNECOIND,Jayaswal Neco Industries Limited,Basic Materials,Steel,91.22000122070312,False,564.0,False,True,Sector: Basic Materials,42.79,42.08,True,7589.0,7132.0,True,HOLD
LEMONTREE,Lemon Tree Hotels Limited,Consumer Cyclical,Lodging,108.08000183105469,False,114.0,True,False,Sector: Consumer Cyclical,-33.57,-37.17,False,454.0,442.0,True,EXIT
TIPSMUSIC,Tips Music Limited,Communication Services,Entertainment,651.7000122070312,False,215.0,False,True,Sector: Communication Services,28.71,9.0,True,394.0,376.0,True,HOLD
EUREKAFORB,Eureka Forbes Limited,Consumer Cyclical,"Furnishings, Fixtures & Appliances",419.8500061035156,False,177.0,True,False,Sector: Consumer Cyclical,-20.49,-24.13,False,2804.0,2710.0,True,EXIT
EMBDL,Embassy Developments Limited,Real Estate,Real Estate - Diversified,62.290000915527344,False,-285.0,False,False,Sector: Real Estate,-23.05,-39.53,False,316.0,2111.0,False,EXIT
GENUSPOWER,Genus Power Infrastructures Limited,Industrials,Electrical Equipment & Parts,309.29998779296875,False,639.0,True,True,Sector: Industrials,-13.32,-13.11,False,5160.0,4737.0,True,HOLD
EQUITASBNK,Equitas Small Finance Bank Limited,Financial Services,Banks - Regional,74.69000244140625,False,510.0,False,True,Sector: Financial Services,36.89,36.73,True,7106.0,6794.0,True,HOLD
KWIL,KWIL,Consumer Defensive,Packaged Foods,37.709999084472656,True,-335.0,False,False,Sector: Consumer Defensive,,,False,1909.0,0.0,True,EXIT
GRINFRA,G R Infraprojects Limited,Industrials,Engineering & Construction,883.2999877929688,False,984.0,False,False,Sector: Industrials,-32.79,-32.53,False,8218.0,8148.0,True,EXIT
LOTUSDEV,LOTUSDEV,Industrials,Engineering & Construction,164.02000427246094,False,84.0,False,True,Sector: Industrials,-13.55,-13.34,False,116.0,387.0,False,EXIT
PRECWIRE,Precision Wires India Limited,Industrials,Electrical Equipment & Parts,429.70001220703125,False,175.0,True,True,Sector: Industrials,150.85,150.67,True,6127.0,5410.0,True,HOLD
GNFC,Gujarat Narmada Valley Fertilizers & Chemicals Limited,Basic Materials,Chemicals,602.2999877929688,False,1029.0,False,True,Sector: Basic Materials,13.3,12.68,True,8410.0,10227.0,False,HOLD
CELLO,Cello World Limited,Consumer Cyclical,"Furnishings, Fixtures & Appliances",358.79998779296875,False,77.0,False,False,Sector: Consumer Cyclical,-30.92,-34.53,False,1091.0,1116.0,False,EXIT
MAHLIFE,Mahindra Lifespace Developers Limited,Real Estate,Real Estate - Development,373.70001220703125,False,196.0,False,True,Sector: Real Estate,24.41,7.26,True,1166.0,860.0,True,HOLD
MAHSEAMLES,Maharashtra Seamless Limited,Basic Materials,Steel,613.9000244140625,False,755.0,False,True,Sector: Basic Materials,-10.0,-10.55,False,4620.0,5707.0,False,EXIT
BORORENEW,Borosil Renewables Limited,Technology,Solar,549.7000122070312,False,381.0,True,True,Sector: Technology,-0.88,-2.89,False,1608.0,1530.0,True,HOLD
TTKPRESTIG,TTK Prestige Limited,Consumer Cyclical,"Furnishings, Fixtures & Appliances",585.0999755859375,False,217.0,False,True,Sector: Consumer Cyclical,-8.56,-12.22,False,2969.0,2773.0,True,EXIT
YATHARTH,Yatharth Hospital & Trauma Care Services Limited,Healthcare,Medical Care Facilities,852.3499755859375,False,96.0,True,True,Sector: Healthcare,5.13,15.11,True,636.0,592.0,True,HOLD
SJS,S.J.S. Enterprises Limited,Consumer Cyclical,Auto Parts,2508.0,True,164.0,True,True,Sector: Consumer Cyclical,85.88,81.99,True,587.0,565.0,True,ADD
STARCEMENT,Star Cement Limited,Basic Materials,Building Materials,193.94000244140625,False,130.0,False,False,Sector: Basic Materials,-33.53,-34.01,False,2415.0,2894.0,False,EXIT
AVL,Aditya Vision Limited,Consumer Cyclical,Specialty Retail,605.5,False,139.0,True,True,Sector: Consumer Cyclical,21.39,17.65,True,2924.0,2672.0,True,HOLD
RELIGARE,Religare Enterprises Limited,Financial Services,Insurance - Life,230.6999969482422,False,-37.0,False,False,Sector: Financial Services,-11.14,-11.07,False,6.0,497.0,False,EXIT
KINGFA,Kingfa Science & Technology (India) Limited,Basic Materials,Specialty Chemicals,5780.0,False,226.0,True,True,Sector: Basic Materials,32.06,31.38,True,2222.0,1996.0,True,HOLD
GAEL,Gujarat Ambuja Exports Limited,Consumer Defensive,Packaged Foods,173.8300018310547,False,417.0,False,True,Sector: Consumer Defensive,69.16,66.67,True,6032.0,5729.0,True,HOLD
V2RETAIL,V2 Retail Limited,Consumer Cyclical,Apparel Retail,220.27000427246094,False,177.0,True,True,Sector: Consumer Cyclical,22.91,19.17,True,3428.0,3060.0,True,HOLD
RHIM,RHI Magnesita India Limited,Industrials,Metal Fabrication,374.8999938964844,False,-436.0,False,False,Sector: Industrials,-27.03,-26.79,False,3415.0,3357.0,True,EXIT
EPL,EPL Limited,Consumer Cyclical,Packaging & Containers,250.8000030517578,False,285.0,False,True,Sector: Consumer Cyclical,7.41,3.71,True,1449.0,1383.0,True,HOLD
MIDHANI,Mishra Dhatu Nigam Limited,Basic Materials,Steel,428.1499938964844,False,134.0,False,True,Sector: Basic Materials,8.99,8.38,True,1278.0,1209.0,True,HOLD
SKFINDIA,SKF India Limited,Industrials,Tools & Accessories,1629.699951171875,False,209.0,False,False,Sector: Industrials,-65.83,-65.5,False,2255.0,4570.0,False,EXIT
POWERMECH,Power Mech Projects Limited,Industrials,Engineering & Construction,2427.699951171875,False,344.0,True,True,Sector: Industrials,-25.48,-25.24,False,4970.0,4728.0,True,HOLD
UNIMECH,UNIMECH,Industrials,Aerospace & Defense,1498.4000244140625,True,16.0,False,True,Sector: Industrials,37.08,37.17,True,37.0,44.0,False,HOLD
KENNAMET,Kennametal India Limited,Industrials,Tools & Accessories,3616.10009765625,True,,False,False,Sector: Industrials,,,False,,1511.0,False,EXIT
TANLA,Tanla Platforms Limited,Technology,Software - Application,571.2000122070312,False,167.0,False,True,Sector: Technology,-8.69,-10.65,False,792.0,1247.0,False,EXIT
AARTIPHARM,Aarti Pharmalabs Limited,Healthcare,Drug Manufacturers - Specialty & Generic,834.1500244140625,False,208.0,False,True,Sector: Healthcare,-10.61,-0.51,False,1957.0,1798.0,True,EXIT
IXIGO,IXIGO,Consumer Cyclical,Travel Services,168.7899932861328,False,108.0,True,False,Sector: Consumer Cyclical,-36.76,-40.36,False,1229.0,1208.0,True,EXIT
GPPL,Gujarat Pipavav Port Limited,Industrials,Marine Shipping,165.1300048828125,False,547.0,True,True,Sector: Industrials,3.34,3.51,True,1240.0,1158.0,True,HOLD
SFL,Sheela Foam Limited,Consumer Cyclical,"Furnishings, Fixtures & Appliances",678.4500122070312,False,164.0,False,True,Sector: Consumer Cyclical,-1.45,-5.13,False,3089.0,2962.0,True,EXIT
WELENT,Welspun Enterprises Limited,Industrials,Engineering & Construction,579.7999877929688,False,282.0,False,True,Sector: Industrials,20.99,21.12,True,2535.0,2827.0,False,HOLD
DYNAMATECH,Dynamatic Technologies Limited,Consumer Cyclical,Auto Parts,11735.0,False,39.0,False,True,Sector: Consumer Cyclical,79.68,75.8,True,807.0,784.0,True,HOLD
GMRP&UI,GMR Power And Urban Infra Limited,Energy,Thermal Coal,98.66999816894531,False,-270.0,False,False,Sector: Energy,-36.75,-19.29,False,336.0,1568.0,False,EXIT
IMFA,Indian Metals and Ferro Alloys Limited,Basic Materials,Other Industrial Metals & Mining,1457.9000244140625,False,524.0,True,True,Sector: Basic Materials,67.36,66.58,True,3145.0,2826.0,True,HOLD
CERA,Cera Sanitaryware Limited,Industrials,Building Products & Equipment,5691.5,False,203.0,False,True,Sector: Industrials,-13.31,-13.1,False,2097.0,2050.0,True,EXIT
NEWGEN,Newgen Software Technologies Limited,Technology,Software - Infrastructure,519.9500122070312,False,296.0,True,False,Sector: Technology,-39.73,-41.49,False,1444.0,1420.0,True,EXIT
SAPPHIRE,Sapphire Foods India Limited,Consumer Cyclical,Restaurants,233.7100067138672,False,-32.0,False,True,Sector: Consumer Cyclical,-26.75,-30.37,False,2720.0,2625.0,True,EXIT
TTML,Tata Teleservices (Maharashtra) Limited,Communication Services,Telecom Services,37.66999816894531,False,38.0,True,False,Sector: Communication Services,-18.3,-37.38,False,1178.0,2972.0,False,EXIT
ORKLAINDIA,ORKLAINDIA,Consumer Defensive,Packaged Foods,551.0,False,290.0,False,False,Sector: Consumer Defensive,,,False,2521.0,2464.0,True,EXIT
ICIL,Indo Count Industries Limited,Consumer Cyclical,Textile Manufacturing,443.79998779296875,True,171.0,False,True,Sector: Consumer Cyclical,77.93,74.05,True,3185.0,3772.0,False,HOLD
INOXGREEN,Inox Green Energy Services Limited,Utilities,Utilities - Renewable,175.88999938964844,False,59.0,True,False,Sector: Utilities,43.76,14.12,True,228.0,592.0,False,HOLD
SANOFI,Sanofi India Limited,Healthcare,Drug Manufacturers - General,3271.300048828125,False,324.0,False,False,Sector: Healthcare,-50.16,-39.76,False,1805.0,3071.0,False,EXIT
SMLMAH,SMLMAH,Consumer Cyclical,Auto Manufacturers,5228.5,False,156.0,False,True,Sector: Consumer Cyclical,19.16,15.42,True,2950.0,2838.0,True,HOLD
MBAPL,Madhya Bharat Agro Products Limited,Basic Materials,Agricultural Inputs,163.6300048828125,True,155.0,True,True,Sector: Basic Materials,84.31,83.48,True,1874.0,1866.0,True,ADD
BECTORFOOD,Mrs. Bectors Food Specialities Limited,Consumer Defensive,Packaged Foods,263.32000732421875,False,129.0,True,True,Sector: Consumer Defensive,-5.86,-7.8,False,1968.0,1899.0,True,HOLD
GARFIBRES,Garware Technical Fibres Limited,Consumer Cyclical,Textile Manufacturing,759.8499755859375,False,205.0,False,True,Sector: Consumer Cyclical,-3.36,-7.04,False,1472.0,1481.0,False,EXIT
ETHOSLTD,Ethos Limited,Consumer Cyclical,Luxury Goods,2899.89990234375,False,103.0,True,True,Sector: Consumer Cyclical,11.38,7.67,True,1717.0,1613.0,True,HOLD
SAFARI,Safari Industries (India) Limited,Consumer Cyclical,Footwear & Accessories,1483.0,False,114.0,False,False,Sector: Consumer Cyclical,-25.67,-29.3,False,2102.0,2043.0,True,EXIT
JYOTHYLAB,Jyothy Labs Limited,Consumer Defensive,Household & Personal Products,207.8800048828125,False,284.0,False,False,Sector: Consumer Defensive,-38.56,-40.26,False,2966.0,2944.0,True,EXIT
NESCO,Nesco Limited,Industrials,Conglomerates,1033.0,False,417.0,True,False,Sector: Industrials,-30.45,-30.21,False,951.0,932.0,True,EXIT
INDIASHLTR,India Shelter Finance Corporation Limited,Financial Services,Mortgage Finance,655.25,False,529.0,True,False,Sector: Financial Services,-28.48,-28.33,False,1601.0,1530.0,True,EXIT
EMIL,Electronics Mart India Limited,Consumer Cyclical,Specialty Retail,191.24000549316406,False,206.0,True,True,Sector: Consumer Cyclical,48.01,44.21,True,7863.0,7183.0,True,HOLD
MAXESTATES,MAXESTATES,Real Estate,Real Estate - Development,490.1499938964844,False,46.0,False,True,Sector: Real Estate,21.34,4.24,True,61.0,55.0,True,HOLD
SUPRAJIT,Suprajit Engineering Limited,Consumer Cyclical,Auto Parts,517.6500244140625,False,273.0,False,True,Sector: Consumer Cyclical,15.74,12.02,True,1920.0,1840.0,True,HOLD
HNDFDS,Hindustan Foods Limited,Industrials,Conglomerates,643.25,True,128.0,True,True,Sector: Industrials,18.74,18.88,True,3420.0,3276.0,True,ADD
OMNI,OMNI,Industrials,Specialty Industrial Machinery,586.6500244140625,False,101.0,True,False,Sector: Industrials,,,False,575.0,512.0,True,EXIT
KIRLFER,Kirloskar Ferrous Industries Limited,Industrials,Metal Fabrication,430.1499938964844,False,355.0,False,False,Sector: Industrials,,,False,6935.0,6889.0,True,EXIT
INDIAGLYCO,India Glycols Limited,Basic Materials,Chemicals,1106.300048828125,False,306.0,True,True,Sector: Basic Materials,26.35,25.69,True,4299.0,4211.0,True,HOLD
SHARDACROP,Sharda Cropchem Limited,Basic Materials,Agricultural Inputs,770.7000122070312,False,704.0,True,False,Sector: Basic Materials,-22.18,-22.7,False,4774.0,4631.0,True,EXIT
HMT,HMT Limited,Industrials,Farm & Heavy Construction Machinery,61.369998931884766,False,16.0,False,True,Sector: Industrials,5.64,5.81,True,25.0,59.0,False,HOLD
RBA,Restaurant Brands Asia Limited,Consumer Cyclical,Restaurants,101.05999755859375,False,-151.0,False,True,Sector: Consumer Cyclical,31.93,28.16,True,2402.0,2272.0,True,HOLD
TCI,Transport Corporation of India Limited,Industrials,Integrated Freight & Logistics,907.7999877929688,False,440.0,False,False,Sector: Industrials,-24.32,-24.09,False,4311.0,4225.0,True,EXIT
RAIN,Rain Industries Limited,Basic Materials,Specialty Chemicals,205.5399932861328,False,14.0,False,True,Sector: Basic Materials,30.58,29.91,True,137.0,141.0,False,HOLD
NEPHROPLUS,NEPHROPLUS,Healthcare,Medical Care Facilities,691.0,False,-1.0,False,False,Sector: Healthcare,,,False,651.0,630.0,True,EXIT
TIIL,Technocraft Industries (India) Limited,Industrials,Tools & Accessories,3127.5,False,272.0,True,True,Sector: Industrials,14.74,14.89,True,2094.0,2091.0,True,HOLD
KSHINTL,KSHINTL,Industrials,Electrical Equipment & Parts,1006.0499877929688,True,130.0,True,False,Sector: Industrials,,,False,3712.0,3107.0,True,EXIT
BIRLACORPN,Birla Corporation Limited,Basic Materials,Building Materials,884.9000244140625,False,213.0,False,False,Sector: Basic Materials,-32.46,-32.95,False,5514.0,5697.0,False,EXIT
GANESHHOU,Ganesh Housing Limited,Real Estate,Real Estate - Development,825.9000244140625,False,92.0,False,True,Sector: Real Estate,8.98,-7.95,False,395.0,675.0,False,EXIT
POWERICA,POWERICA,Industrials,Specialty Industrial Machinery,532.8499755859375,False,220.0,True,False,Sector: Industrials,,,False,2760.0,2594.0,True,EXIT
BALAMINES,Balaji Amines Limited,Basic Materials,Specialty Chemicals,2092.699951171875,False,198.0,False,True,Sector: Basic Materials,34.93,34.24,True,1395.0,1914.0,False,HOLD
JKPAPER,JK Paper Limited,Basic Materials,Paper & Paper Products,379.0,False,267.0,False,True,Sector: Basic Materials,6.71,6.1,True,6488.0,6632.0,False,HOLD
RCF,Rashtriya Chemicals and Fertilizers Limited,Basic Materials,Agricultural Inputs,119.02999877929688,False,450.0,False,False,Sector: Basic Materials,-23.74,-24.25,False,18695.0,21452.0,False,EXIT
GOKULAGRO,Gokul Agro Resources Limited,Consumer Defensive,Packaged Foods,243.02000427246094,True,356.0,True,True,Sector: Consumer Defensive,46.41,44.09,True,22571.0,22121.0,True,ADD
JKLAKSHMI,JK Lakshmi Cement Limited,Basic Materials,Building Materials,558.25,False,385.0,False,False,Sector: Basic Materials,-42.35,-42.81,False,6926.0,6788.0,True,EXIT
ABFRL,Aditya Birla Fashion and Retail Limited,Consumer Cyclical,Apparel Manufacturing,54.470001220703125,False,-409.0,False,False,Sector: Consumer Cyclical,-30.16,-33.77,False,6101.0,11737.0,False,EXIT
SENORES,SENORES,Healthcare,Drug Manufacturers - General,1550.9000244140625,True,19.0,False,True,Sector: Healthcare,103.08,112.32,True,124.0,106.0,True,HOLD
REDTAPE,REDTAPE Limited,Consumer Cyclical,Footwear & Accessories,126.04000091552734,False,252.0,True,False,Sector: Consumer Cyclical,2.96,-0.74,False,2432.0,2415.0,True,EXIT
KMEW,Knowledge Marine & Engineering Works Limited,Industrials,Marine Shipping,2748.39990234375,True,132.0,True,True,Sector: Industrials,181.77,181.52,True,307.0,225.0,True,ADD
DBL,Dilip Buildcon Limited,Industrials,Engineering & Construction,416.20001220703125,False,758.0,False,False,Sector: Industrials,-16.38,-16.17,False,6925.0,10537.0,False,EXIT
DODLA,Dodla Dairy Limited,Consumer Defensive,Food Distribution,1102.0,False,188.0,False,False,Sector: Consumer Defensive,-18.52,-20.37,False,3477.0,3422.0,True,EXIT
CAMPUS,Campus Activewear Limited,Consumer Cyclical,Footwear & Accessories,222.5399932861328,False,154.0,True,False,Sector: Consumer Cyclical,-15.57,-19.21,False,1816.0,1774.0,True,EXIT
AJAXENGG,AJAXENGG,Industrials,Farm & Heavy Construction Machinery,566.9000244140625,False,228.0,False,True,Sector: Industrials,-20.88,-20.65,False,2111.0,2103.0,True,EXIT
KOVAI,Kovai Medical Center and Hospital Limited,Healthcare,Medical Care Facilities,5999.5,True,256.0,True,False,Sector: Healthcare,,,False,1644.0,1586.0,True,EXIT
STYL,STYL,Technology,Software - Infrastructure,379.5,False,269.0,True,True,Sector: Technology,,,False,1506.0,1558.0,False,HOLD
RPEL,Raghav Productivity Enhancers Limited,Basic Materials,Chemicals,1637.4000244140625,True,35.0,True,True,Sector: Basic Materials,169.97,168.89,True,118.0,138.0,False,ADD
BAJAJCON,Bajaj Consumer Care Limited,Consumer Defensive,Household & Personal Products,500.70001220703125,False,225.0,False,True,Sector: Consumer Defensive,117.87,115.03,True,1188.0,1092.0,True,HOLD
JSLL,JSLL,Healthcare,Medical Care Facilities,497.6000061035156,False,237.0,True,False,Sector: Healthcare,-40.74,-30.41,False,851.0,801.0,True,EXIT
EBGNG,EBGNG,Technology,Computer Hardware,588.4000244140625,False,46.0,True,True,Sector: Technology,72.63,70.14,True,985.0,918.0,True,HOLD
JAIBALAJI,Jai Balaji Industries Limited,Basic Materials,Steel,66.38999938964844,False,145.0,False,False,Sector: Basic Materials,-34.83,-35.31,False,6110.0,6414.0,False,EXIT
VMART,V-Mart Retail Limited,Consumer Cyclical,Department Stores,806.9500122070312,False,138.0,True,True,Sector: Consumer Cyclical,6.27,2.57,True,3993.0,3789.0,True,HOLD
SPARC,Sun Pharma Advanced Research Company Limited,Healthcare,Drug Manufacturers - Specialty & Generic,193.11000061035156,False,1583.0,True,True,Sector: Healthcare,22.55,32.39,True,1909.0,1879.0,True,HOLD
GREENLAM,Greenlam Industries Limited,Consumer Cyclical,"Furnishings, Fixtures & Appliances",254.6999969482422,False,136.0,False,True,Sector: Consumer Cyclical,11.72,8.0,True,2442.0,2415.0,True,HOLD
SUNFLAG,Sunflag Iron and Steel Company Limited,Basic Materials,Steel,353.54998779296875,False,203.0,False,True,Sector: Basic Materials,15.5,14.87,True,3995.0,3939.0,True,HOLD
GSFC,Gujarat State Fertilizers & Chemicals Limited,Basic Materials,Agricultural Inputs,161.97999572753906,False,673.0,False,False,Sector: Basic Materials,-25.95,-26.46,False,12237.0,11298.0,True,EXIT
LEAPIND,LEAP India Limited,Industrials,Integrated Freight & Logistics,159.69000244140625,True,,False,False,Sector: Industrials,,,False,,,False,EXIT
SUPRIYA,Supriya Lifescience Limited,Healthcare,Biotechnology,787.7999877929688,False,198.0,False,True,Sector: Healthcare,3.52,13.51,True,873.0,828.0,True,HOLD
PICCADIL,Piccadily Agro Industries Limited,Consumer Defensive,Beverages - Wineries & Distilleries,705.8499755859375,False,142.0,True,True,Sector: Consumer Defensive,16.52,14.42,True,1075.0,1038.0,True,HOLD
KUSUMGAR,KUSUMGAR,Consumer Cyclical,Textile Manufacturing,566.3499755859375,False,,False,False,Sector: Consumer Cyclical,,,False,,806.0,False,EXIT
AXISCADES,AXISCADES Technologies Limited,Industrials,Engineering & Construction,1592.800048828125,False,-9.0,False,True,Sector: Industrials,30.27,30.38,True,234.0,398.0,False,HOLD
HAPPSTMNDS,Happiest Minds Technologies Limited,Technology,Information Technology Services,410.3999938964844,False,177.0,False,False,Sector: Technology,-28.53,-30.36,False,1967.0,1726.0,True,EXIT
KPIGREEN,KPI Green Energy Limited,Utilities,Utilities - Renewable,308.3500061035156,False,387.0,False,False,Sector: Utilities,-17.7,-43.93,False,2106.0,1990.0,True,EXIT
TRANSRAILL,TRANSRAILL,Industrials,Engineering & Construction,457.6000061035156,False,413.0,True,False,Sector: Industrials,-44.37,-44.09,False,6957.0,6879.0,True,EXIT
PAISALO,Paisalo Digital Limited,Financial Services,Credit Services,69.37000274658203,False,249.0,True,True,Sector: Financial Services,124.72,124.14,True,962.0,917.0,True,HOLD
ACI,Archean Chemical Industries Limited,Basic Materials,Chemicals,506.0,False,143.0,False,False,Sector: Basic Materials,-27.52,-28.03,False,1079.0,1441.0,False,EXIT
FIEMIND,Fiem Industries Limited,Consumer Cyclical,Auto Parts,2241.0,False,263.0,True,True,Sector: Consumer Cyclical,10.96,7.25,True,2931.0,2814.0,True,HOLD
STYLAMIND,Stylam Industries Limited,Consumer Cyclical,"Furnishings, Fixtures & Appliances",3664.300048828125,True,169.0,True,True,Sector: Consumer Cyclical,125.94,121.94,True,1173.0,1129.0,True,ADD
SHAKTIPUMP,Shakti Pumps (India) Limited,Industrials,Specialty Industrial Machinery,492.3999938964844,False,192.0,False,False,Sector: Industrials,-44.79,-44.51,False,2854.0,2643.0,True,EXIT
ENTERO,Entero Healthcare Solutions Limited,Healthcare,Medical Distribution,1386.800048828125,False,23.0,False,True,Sector: Healthcare,-1.4,8.63,False,352.0,409.0,False,EXIT
PRAJIND,Praj Industries Limited,Industrials,Engineering & Construction,340.5,False,126.0,False,True,Sector: Industrials,-19.9,-19.67,False,2615.0,3153.0,False,EXIT
JSFB,Jana Small Finance Bank Limited,Financial Services,Banks - Regional,571.1500244140625,False,380.0,False,True,Sector: Financial Services,14.09,14.04,True,5637.0,5353.0,True,HOLD
AEROFLEX,Aeroflex Industries Limited,Industrials,Metal Fabrication,474.1499938964844,False,67.0,True,True,Sector: Industrials,158.4,158.21,True,472.0,412.0,True,HOLD
SIS,SIS Limited,Industrials,Security & Protection Services,414.5,False,64.0,False,True,Sector: Industrials,11.89,12.04,True,5635.0,5456.0,True,HOLD
DBREALTY,Valor Estate Limited,Real Estate,Real Estate - Development,101.79000091552734,False,72.0,False,False,Sector: Real Estate,-26.13,-42.57,False,529.0,529.0,True,EXIT
CORDELIA,CORDELIA,Industrials,Marine Shipping,825.25,False,,False,False,Sector: Industrials,,,False,,583.0,False,EXIT
IBULLSLTD,IBULLSLTD,Real Estate,Real Estate - Development,26.469999313354492,False,-13.0,False,True,Sector: Real Estate,81.79,63.83,True,136.0,116.0,True,HOLD
NEOGEN,Neogen Chemicals Limited,Basic Materials,Specialty Chemicals,2328.800048828125,True,52.0,True,True,Sector: Basic Materials,59.58,58.82,True,923.0,855.0,True,ADD
SETL,Standard Engineering Technology Limited,Industrials,Specialty Industrial Machinery,309.6000061035156,True,43.0,True,True,Sector: Industrials,65.01,65.03,True,293.0,259.0,True,ADD
SBCL,Shivalik Bimetal Controls Limited,Industrials,Metal Fabrication,1025.550048828125,False,87.0,True,True,Sector: Industrials,91.38,91.34,True,477.0,462.0,True,HOLD
ARVINDFASN,Arvind Fashions Limited,Consumer Cyclical,Apparel Retail,429.29998779296875,False,9.0,False,False,Sector: Consumer Cyclical,-12.98,-16.64,False,728.0,1010.0,False,EXIT
ITDC,India Tourism Development Corporation Limited,Consumer Cyclical,Lodging,683.0,False,84.0,True,True,Sector: Consumer Cyclical,25.92,22.17,True,530.0,565.0,False,HOLD
SKIPPER,Skipper Limited,Industrials,Engineering & Construction,550.8499755859375,False,219.0,True,True,Sector: Industrials,-1.54,-1.36,False,5609.0,5553.0,True,HOLD
INNOVACAP,Innova Captab Limited,Healthcare,Drug Manufacturers - Specialty & Generic,1039.75,False,95.0,True,True,Sector: Healthcare,2.63,12.63,True,1412.0,1299.0,True,HOLD
LATENTVIEW,Latent View Analytics Limited,Industrials,Consulting Services,276.5,False,130.0,True,False,Sector: Industrials,-35.27,-35.01,False,405.0,398.0,True,EXIT
KRISHANA,Krishana Phoschem Limited,Basic Materials,Agricultural Inputs,194.3000030517578,True,197.0,True,True,Sector: Basic Materials,60.33,59.57,True,2555.0,2418.0,True,ADD
KALPATARU,KALPATARU,Real Estate,Real Estate - Development,273.6000061035156,False,-5.0,False,False,Sector: Real Estate,-13.16,-29.78,False,209.0,678.0,False,EXIT
TRIVENI,Triveni Engineering & Industries Limited,Consumer Defensive,Confectioners,289.2300109863281,False,274.0,False,False,Sector: Consumer Defensive,-15.27,-17.14,False,6089.0,5951.0,True,EXIT
DCBBANK,DCB Bank Limited,Financial Services,Banks - Regional,181.80999755859375,False,788.0,True,True,Sector: Financial Services,47.7,47.49,True,7575.0,7404.0,True,HOLD
VIKRAMSOLR,VIKRAMSOLR,Technology,Solar,170.83999633789062,False,353.0,False,False,Sector: Technology,,,False,5204.0,4803.0,True,EXIT
JUSTDIAL,Just Dial Limited,Communication Services,Internet Content & Information,660.4500122070312,False,504.0,False,True,Sector: Communication Services,-1.66,-20.96,False,1243.0,1214.0,True,EXIT
ALOKINDS,Alok Industries Limited,Consumer Cyclical,Textile Manufacturing,11.380000114440918,False,-740.0,False,False,Sector: Consumer Cyclical,-36.63,-40.23,False,3577.0,22131.0,False,EXIT
FDC,FDC Limited,Healthcare,Drug Manufacturers - Specialty & Generic,344.70001220703125,False,296.0,False,False,Sector: Healthcare,-38.19,-27.88,False,2139.0,2126.0,True,EXIT
ASHAPURMIN,Ashapura Minechem Limited,Basic Materials,Other Industrial Metals & Mining,589.6500244140625,False,150.0,False,False,Sector: Basic Materials,16.1,15.47,True,437.0,749.0,False,EXIT
GULFOILLUB,Gulf Oil Lubricants India Limited,Basic Materials,Specialty Chemicals,1153.699951171875,False,382.0,True,True,Sector: Basic Materials,-7.54,-8.1,False,4315.0,3991.0,True,HOLD
GOKEX,Gokaldas Exports Limited,Consumer Cyclical,Apparel Manufacturing,797.2000122070312,False,225.0,True,True,Sector: Consumer Cyclical,5.21,1.51,True,2806.0,2693.0,True,HOLD
UNIVCABLES,Universal Cables Limited,Industrials,Electrical Equipment & Parts,1662.0,True,114.0,True,True,Sector: Industrials,137.81,137.66,True,3368.0,3022.0,True,ADD
MASTEK,Mastek Limited,Technology,Information Technology Services,1716.800048828125,False,181.0,False,False,Sector: Technology,-28.85,-30.68,False,910.0,918.0,False,EXIT
BALUFORGE,Balu Forge Industries Limited,Industrials,Metal Fabrication,537.5,False,157.0,True,True,Sector: Industrials,-16.42,-16.2,False,672.0,647.0,True,HOLD
FEDFINA,Fedbank Financial Services Limited,Financial Services,Credit Services,149.8000030517578,False,383.0,True,True,Sector: Financial Services,5.21,5.2,True,2377.0,2224.0,True,HOLD
NIRLON,Nirlon Limited,Real Estate,Real Estate Services,621.5999755859375,True,357.0,True,False,Sector: Real Estate,,,False,674.0,669.0,True,EXIT
AHLUCONT,Ahluwalia Contracts (India) Limited,Industrials,Engineering & Construction,698.5499877929688,False,225.0,False,False,Sector: Industrials,-18.74,-18.52,False,4686.0,4565.0,True,EXIT
IFBIND,IFB Industries Limited,Consumer Cyclical,"Furnishings, Fixtures & Appliances",1398.4000244140625,False,146.0,True,True,Sector: Consumer Cyclical,-6.13,-9.8,False,5666.0,5443.0,True,HOLD
SENCO,Senco Gold Limited,Consumer Cyclical,Luxury Goods,331.6000061035156,False,592.0,True,True,Sector: Consumer Cyclical,-9.47,-13.13,False,9556.0,8374.0,True,HOLD
PNCINFRA,PNC Infratech Limited,Industrials,Engineering & Construction,212.00999450683594,False,534.0,False,False,Sector: Industrials,-33.35,-33.1,False,5015.0,7699.0,False,EXIT
SMARTWORKS,SMARTWORKS,Real Estate,Real Estate Services,502.3500061035156,False,22.0,True,True,Sector: Real Estate,18.79,1.72,True,1909.0,1746.0,True,HOLD
MOIL,MOIL Limited,Basic Materials,Other Industrial Metals & Mining,253.0500030517578,False,304.0,False,False,Sector: Basic Materials,-19.89,-20.41,False,1511.0,1582.0,False,EXIT
VADILALIND,Vadilal Industries Limited,Consumer Defensive,Packaged Foods,7401.5,True,151.0,True,True,Sector: Consumer Defensive,48.35,46.02,True,1268.0,1110.0,True,ADD
CEIGALL,CEIGALL,Industrials,Engineering & Construction,313.6499938964844,False,325.0,True,True,Sector: Industrials,19.77,19.9,True,3953.0,3869.0,True,HOLD
CYIENTDLM,Cyient DLM Limited,Industrials,Aerospace & Defense,715.5999755859375,False,62.0,False,True,Sector: Industrials,63.7,63.73,True,1019.0,1345.0,False,HOLD
BLISSGVS,Bliss GVS Pharma Limited,Healthcare,Drug Manufacturers - Specialty & Generic,573.7999877929688,True,114.0,True,True,Sector: Healthcare,218.4,226.76,True,788.0,730.0,True,ADD
GOLDIAM,Goldiam International Limited,Consumer Cyclical,Luxury Goods,363.70001220703125,False,47.0,False,True,Sector: Consumer Cyclical,39.47,35.68,True,546.0,611.0,False,HOLD
RPTECH,Rashi Peripherals Limited,Technology,Electronics & Computer Distribution,838.25,False,300.0,True,True,Sector: Technology,208.65,205.28,True,16952.0,15173.0,True,HOLD
INDIGOPNTS,Indigo Paints Limited,Basic Materials,Specialty Chemicals,1148.800048828125,False,161.0,True,True,Sector: Basic Materials,-2.13,-2.71,False,1385.0,1330.0,True,HOLD
MASFIN,MAS Financial Services Limited,Financial Services,Credit Services,300.45001220703125,False,384.0,True,False,Sector: Financial Services,-4.64,-4.61,False,1983.0,1898.0,True,EXIT
TVSSCS,TVS Supply Chain Solutions Limited,Industrials,Integrated Freight & Logistics,120.83999633789062,False,25.0,False,True,Sector: Industrials,-10.75,-10.55,False,2110.0,1991.0,True,EXIT
TFCILTD,Tourism Finance Corporation of India Limited,Financial Services,Credit Services,131.41000366210938,True,154.0,True,True,Sector: Financial Services,108.87,108.37,True,291.0,277.0,True,ADD
SAATVIKGL,Saatvik Green Energy Limited,Technology,Solar,399.45001220703125,False,61.0,False,False,Sector: Technology,,,False,2218.0,2262.0,False,EXIT
CSBBANK,CSB Bank Limited,Financial Services,Banks - Regional,314.6000061035156,False,665.0,True,False,Sector: Financial Services,-24.97,-24.84,False,4752.0,4505.0,True,EXIT
MAPMYINDIA,C. E. Info Systems Limited,Technology,Software - Infrastructure,1007.5999755859375,False,143.0,False,False,Sector: Technology,-43.28,-45.02,False,423.0,401.0,True,EXIT
LUMAXIND,Lumax Industries Limited,Consumer Cyclical,Auto Parts,5629.0,False,173.0,True,True,Sector: Consumer Cyclical,50.79,46.98,True,4485.0,4184.0,True,HOLD
ISGEC,Isgec Heavy Engineering Limited,Industrials,Specialty Industrial Machinery,756.5999755859375,False,352.0,True,False,Sector: Industrials,-27.2,-26.95,False,5798.0,5229.0,True,EXIT
CCAVENUE,AvenuesAI Limited,Technology,Software - Infrastructure,14.890000343322754,False,135.0,False,False,Sector: Technology,-8.34,-10.3,False,8962.0,7585.0,True,EXIT
ORCHPHARMA,Orchid Pharma Limited,Healthcare,Drug Manufacturers - Specialty & Generic,979.5,False,41.0,False,True,Sector: Healthcare,15.38,25.29,True,1073.0,1736.0,False,HOLD
PRSMJOHNSN,Prism Johnson Limited,Basic Materials,Building Materials,110.2699966430664,False,142.0,False,False,Sector: Basic Materials,-27.52,-28.02,False,7354.0,7307.0,True,EXIT
PDSL,PDS Limited,Industrials,Specialty Business Services,361.8999938964844,False,29.0,False,True,Sector: Industrials,10.32,10.47,True,249.0,625.0,False,HOLD
CENTUM,Centum Electronics Limited,Technology,Electronic Components,3368.89990234375,False,-119.0,False,True,Sector: Technology,20.78,18.63,True,993.0,973.0,True,HOLD
KISSHT,KISSHT,Financial Services,Credit Services,300.25,False,,False,False,Sector: Financial Services,,,False,,698.0,False,EXIT
HCC,Hindustan Construction Company Limited,Industrials,Engineering & Construction,19.829999923706055,False,204.0,False,False,Sector: Industrials,-28.7,-28.45,False,3850.0,5222.0,False,EXIT
VRLLOG,VRL Logistics Limited,Industrials,Trucking,295.1000061035156,False,267.0,False,True,Sector: Industrials,3.49,3.66,True,3356.0,3221.0,True,HOLD
PURVA,Puravankara Limited,Real Estate,Real Estate - Development,218.74000549316406,False,156.0,False,False,Sector: Real Estate,-6.8,-23.51,False,2688.0,2303.0,True,EXIT
GVPIL,GE Power India Limited,Industrials,Engineering & Construction,685.0,False,257.0,True,True,Sector: Industrials,86.25,86.23,True,1291.0,3343.0,False,HOLD
CARERATING,CARE Ratings Limited,Financial Services,Financial Data & Stock Exchanges,1706.699951171875,False,179.0,True,True,Sector: Financial Services,4.46,4.45,True,400.0,388.0,True,HOLD
SHARDAMOTR,Sharda Motor Industries Limited,Consumer Cyclical,Auto Parts,943.0,False,328.0,False,True,Sector: Consumer Cyclical,-10.95,-14.61,False,3652.0,3397.0,True,EXIT
GUJALKALI,Gujarat Alkalies and Chemicals Limited,Basic Materials,Chemicals,664.4500122070312,False,66.0,False,True,Sector: Basic Materials,17.24,16.61,True,4498.0,4516.0,False,HOLD
DATAMATICS,Datamatics Global Services Limited,Technology,Information Technology Services,817.0999755859375,False,102.0,False,True,Sector: Technology,-12.93,-14.86,False,664.0,735.0,False,EXIT
CRAMC,CRAMC,Financial Services,Asset Management,250.75,False,218.0,True,False,Sector: Financial Services,,,False,478.0,454.0,True,EXIT
LGBBROSLTD,L.G. Balakrishnan & Bros Limited,Consumer Cyclical,Auto Parts,1603.0,False,305.0,False,False,Sector: Consumer Cyclical,23.47,19.73,True,2888.0,2773.0,True,EXIT
YASHO,Yasho Industries Limited,Basic Materials,Specialty Chemicals,4470.7998046875,False,52.0,False,True,Sector: Basic Materials,180.84,179.73,True,934.0,817.0,True,HOLD
ICRA,ICRA Limited,Financial Services,Financial Data & Stock Exchanges,4893.2998046875,False,132.0,False,False,Sector: Financial Services,-22.06,-21.94,False,338.0,328.0,True,EXIT
FCL,Fineotex Chemical Limited,Basic Materials,Specialty Chemicals,44.97999954223633,True,93.0,False,True,Sector: Basic Materials,73.76,72.96,True,384.0,439.0,False,HOLD
QUESS,Quess Corp Limited,Industrials,Staffing & Employment Services,336.54998779296875,False,215.0,False,True,Sector: Industrials,24.31,24.43,True,14587.0,14105.0,True,HOLD
PILANIINVS,Pilani Investment and Industries Corporation Limited,Financial Services,Asset Management,4291.7998046875,False,33.0,False,False,Sector: Financial Services,-15.23,-15.15,False,253.0,321.0,False,EXIT
OPTIEMUS,Optiemus Infracom Limited,Technology,Electronics & Computer Distribution,546.7000122070312,False,19.0,False,True,Sector: Technology,-8.78,-10.74,False,639.0,2559.0,False,EXIT
THOMASCOOK,Thomas Cook (India) Limited,Consumer Cyclical,Travel Services,100.55000305175781,False,123.0,False,False,Sector: Consumer Cyclical,-38.6,-42.19,False,2144.0,2273.0,False,EXIT
BANSALWIRE,BANSALWIRE,Basic Materials,Steel,322.8500061035156,False,116.0,False,True,Sector: Basic Materials,-15.36,-15.9,False,4238.0,4011.0,True,EXIT
SUBROS,Subros Limited,Consumer Cyclical,Auto Parts,737.2000122070312,False,166.0,True,False,Sector: Consumer Cyclical,-10.53,-14.2,False,3909.0,3756.0,True,EXIT
JAMNAAUTO,Jamna Auto Industries Limited,Consumer Cyclical,Auto Parts,120.5,False,246.0,False,False,Sector: Consumer Cyclical,17.67,13.94,True,2581.0,2539.0,True,EXIT
SSWL,Steel Strips Wheels Limited,Consumer Cyclical,Auto Parts,315.8500061035156,True,224.0,True,True,Sector: Consumer Cyclical,50.23,46.42,True,5506.0,5183.0,True,ADD
MARINE,Marine Electricals (India) Limited,Industrials,Electrical Equipment & Parts,371.45001220703125,True,59.0,True,True,Sector: Industrials,114.14,114.05,True,834.0,747.0,True,ADD
LXCHEM,Laxmi Organic Industries Limited,Basic Materials,Specialty Chemicals,174.30999755859375,False,120.0,False,True,Sector: Basic Materials,-21.9,-22.42,False,3094.0,2945.0,True,EXIT
IOLCP,IOL Chemicals and Pharmaceuticals Limited,Healthcare,Drug Manufacturers - Specialty & Generic,156.9199981689453,False,168.0,False,True,Sector: Healthcare,52.71,62.33,True,2524.0,2319.0,True,HOLD
SURYAROSNI,Surya Roshni Limited,Basic Materials,Steel,218.7100067138672,False,311.0,False,False,Sector: Basic Materials,-26.62,-27.13,False,7982.0,7996.0,False,EXIT
KDDL,KDDL Limited,Consumer Cyclical,Luxury Goods,3950.10009765625,True,84.0,False,True,Sector: Consumer Cyclical,61.93,58.09,True,540.0,496.0,True,HOLD
SOTL,Savita Oil Technologies Limited,Basic Materials,Specialty Chemicals,699.4000244140625,False,427.0,True,True,Sector: Basic Materials,74.67,73.87,True,4853.0,4360.0,True,HOLD
PTC,PTC India Limited,Utilities,Utilities - Independent Power Producers,155.5,False,363.0,False,False,Sector: Utilities,9.57,-18.17,False,17059.0,16963.0,True,EXIT
MPSLTD,MPS Limited,Communication Services,Publishing,2929.60009765625,True,139.0,True,True,Sector: Communication Services,50.94,30.92,True,463.0,438.0,True,ADD
DEEDEV,DEEDEV,Industrials,Metal Fabrication,644.5999755859375,False,60.0,True,True,Sector: Industrials,129.32,129.2,True,987.0,919.0,True,HOLD
EPIGRAL,Epigral Limited,Basic Materials,Chemicals,1082.199951171875,False,272.0,False,False,Sector: Basic Materials,-43.42,-43.88,False,2626.0,2550.0,True,EXIT
SWSOLAR,Sterling and Wilson Renewable Energy Limited,Technology,Solar,195.99000549316406,False,-2521.0,False,False,Sector: Technology,-26.96,-28.8,False,6288.0,8210.0,False,EXIT
GMMPFAUDLR,GMM Pfaudler Limited,Industrials,Specialty Industrial Machinery,1019.8499755859375,False,54.0,False,True,Sector: Industrials,-20.88,-20.65,False,1039.0,1075.0,False,EXIT
RUSTOMJEE,Keystone Realtors Limited,Real Estate,Real Estate - Development,369.8500061035156,False,34.0,False,False,Sector: Real Estate,-27.78,-44.19,False,689.0,1414.0,False,EXIT
ELLEN,ELLEN,Basic Materials,Chemicals,328.5,False,121.0,True,True,Sector: Basic Materials,-39.07,-39.53,False,357.0,342.0,True,HOLD
SHOPERSTOP,Shoppers Stop Limited,Consumer Cyclical,Department Stores,417.1499938964844,False,-45.0,False,True,Sector: Consumer Cyclical,-18.77,-22.41,False,4799.0,4708.0,True,EXIT
RENUKA,Shree Renuka Sugars Limited,Consumer Defensive,Confectioners,24.239999771118164,False,-699.0,False,False,Sector: Consumer Defensive,-18.88,-20.72,False,8674.0,10833.0,False,EXIT
ROLEXRINGS,Rolex Rings Limited,Industrials,Metal Fabrication,174.6999969482422,False,152.0,False,True,Sector: Industrials,22.56,22.68,True,1156.0,1222.0,False,HOLD
MOREPENLAB,Morepen Laboratories Limited,Healthcare,Drug Manufacturers - Specialty & Generic,88.41999816894531,False,112.0,True,True,Sector: Healthcare,69.19,78.69,True,1831.0,1681.0,True,HOLD
RPGLIFE,RPG Life Sciences Limited,Healthcare,Drug Manufacturers - Specialty & Generic,2667.699951171875,False,119.0,False,True,Sector: Healthcare,4.44,14.43,True,734.0,708.0,True,HOLD
IONEXCHANG,Ion Exchange (India) Limited,Industrials,Pollution & Treatment Controls,372.95001220703125,False,103.0,False,False,Sector: Industrials,-19.15,-18.93,False,2797.0,2679.0,True,EXIT
MHRIL,Mahindra Holidays & Resorts India Limited,Consumer Cyclical,Resorts & Casinos,219.47999572753906,False,-17.0,False,False,Sector: Consumer Cyclical,-36.35,-39.95,False,1480.0,1469.0,True,EXIT
AGI,AGI Greenpac Limited,Consumer Cyclical,Packaging & Containers,706.2000122070312,False,363.0,True,True,Sector: Consumer Cyclical,-22.42,-26.05,False,2763.0,2665.0,True,HOLD
NORTHARC,Northern Arc Capital Limited,Financial Services,Credit Services,284.3500061035156,False,447.0,True,True,Sector: Financial Services,12.13,12.09,True,2817.0,2635.0,True,HOLD
RTNPOWER,RattanIndia Power Limited,Utilities,Utilities - Independent Power Producers,7.809999942779541,False,106.0,False,False,Sector: Utilities,-9.16,-35.86,False,2968.0,3364.0,False,EXIT
GREAVESCOT,Greaves Cotton Limited,Industrials,Specialty Industrial Machinery,195.02999877929688,False,193.0,False,True,Sector: Industrials,-9.98,-9.78,False,2453.0,2365.0,True,EXIT
RAYMONDLSL,Raymond Lifestyle Limited,Consumer Cyclical,Apparel Manufacturing,727.5,False,19.0,False,False,Sector: Consumer Cyclical,-36.76,-40.36,False,5362.0,5356.0,True,EXIT
DHANUKA,Dhanuka Agritech Limited,Basic Materials,Agricultural Inputs,994.0999755859375,False,268.0,False,False,Sector: Basic Materials,-39.97,-40.43,False,1953.0,2035.0,False,EXIT
BOSCH-HCIL,Bosch Home Comfort India Limited,Consumer Cyclical,"Furnishings, Fixtures & Appliances",1762.5999755859375,False,5.0,False,True,Sector: Consumer Cyclical,2.32,-1.38,False,2942.0,2756.0,True,EXIT
MANINDS,Man Industries (India) Limited,Basic Materials,Steel,643.0499877929688,True,245.0,True,True,Sector: Basic Materials,54.89,54.14,True,3752.0,3455.0,True,ADD
NETWORK18,Network18 Media & Investments Limited,Communication Services,Entertainment,28.06999969482422,False,-328.0,False,False,Sector: Communication Services,-32.95,-51.82,False,2000.0,1955.0,True,EXIT
SHILCTECH,Shilchar Technologies Limited,Industrials,Electrical Equipment & Parts,3913.300048828125,False,138.0,False,False,Sector: Industrials,,,False,628.0,652.0,False,EXIT
NRBBEARING,NRB Bearings Limited,Consumer Cyclical,Auto Parts,483.1499938964844,True,130.0,False,True,Sector: Consumer Cyclical,63.59,59.75,True,1227.0,1186.0,True,HOLD
RAMRAT,Ram Ratna Wires Limited,Industrials,Electrical Equipment & Parts,484.6499938964844,True,131.0,True,True,Sector: Industrials,35.17,35.27,True,5948.0,5076.0,True,ADD
RESPONIND,Responsive Industries Limited,Basic Materials,Specialty Chemicals,156.5399932861328,False,11.0,False,False,Sector: Basic Materials,-25.87,-26.37,False,540.0,1835.0,False,EXIT
SWARAJENG,Swaraj Engines Limited,Consumer Cyclical,Auto Parts,3588.800048828125,False,202.0,True,False,Sector: Consumer Cyclical,-10.33,-13.99,False,2111.0,2007.0,True,EXIT
HAWKINCOOK,Hawkins Cookers Limited,Consumer Cyclical,"Furnishings, Fixtures & Appliances",8049.0,False,136.0,True,False,Sector: Consumer Cyclical,,,False,1332.0,1253.0,True,EXIT
GOODLUCK,Goodluck India Limited,Basic Materials,Steel,1363.300048828125,False,183.0,True,True,Sector: Basic Materials,20.06,19.42,True,4290.0,4068.0,True,HOLD
SUNTECK,Sunteck Realty Limited,Real Estate,Real Estate - Development,296.20001220703125,False,17.0,False,False,Sector: Real Estate,-9.14,-25.81,False,295.0,808.0,False,EXIT
MSTCLTD,MSTC Limited,Industrials,Conglomerates,703.75,False,235.0,False,True,Sector: Industrials,46.8,46.87,True,386.0,5425.0,False,HOLD
ELECTCAST,Electrosteel Castings Limited,Industrials,Building Products & Equipment,71.76000213623047,False,51.0,False,False,Sector: Industrials,-33.84,-33.58,False,4722.0,6938.0,False,EXIT
SGFIN,SG Finserve Limited,Financial Services,Capital Markets,692.75,True,157.0,True,True,Sector: Financial Services,74.9,74.56,True,402.0,334.0,True,ADD
BANARISUG,Bannari Amman Sugars Limited,Consumer Defensive,Confectioners,3617.39990234375,False,122.0,False,True,Sector: Consumer Defensive,-3.73,-5.69,False,1670.0,2526.0,False,EXIT
HIRECT,Hind Rectifiers Limited,Industrials,Electrical Equipment & Parts,1263.800048828125,False,60.0,True,True,Sector: Industrials,22.24,22.36,True,971.0,949.0,True,HOLD
JUNIPER,Juniper Hotels Limited,Consumer Cyclical,Lodging,197.7899932861328,False,171.0,True,False,Sector: Consumer Cyclical,-31.93,-35.54,False,945.0,916.0,True,EXIT
MANINFRA,Man Infraconstruction Limited,Industrials,Engineering & Construction,109.98999786376953,False,153.0,False,False,Sector: Industrials,-36.53,-36.27,False,289.0,798.0,False,EXIT
FOSECOIND,Foseco India Limited,Basic Materials,Chemicals,5467.0,False,79.0,True,True,Sector: Basic Materials,-14.08,-14.62,False,643.0,604.0,True,HOLD
DEEPINDS,Deep Industries Limited,Energy,Oil & Gas E&P,667.3499755859375,False,106.0,True,True,Sector: Energy,8.5,24.16,True,702.0,703.0,False,HOLD
CAPILLARY,CAPILLARY,Technology,Software - Infrastructure,510.1499938964844,False,16.0,False,False,Sector: Technology,,,False,234.0,212.0,True,EXIT
SYMPHONY,Symphony Limited,Consumer Cyclical,"Furnishings, Fixtures & Appliances",602.0499877929688,False,-175.0,False,False,Sector: Consumer Cyclical,-34.74,-38.34,False,777.0,1182.0,False,EXIT
TEXRAIL,Texmaco Rail & Engineering Limited,Industrials,Railroads,102.6500015258789,False,211.0,True,False,Sector: Industrials,-27.74,-27.5,False,4214.0,4371.0,False,EXIT
VIPIND,V.I.P. Industries Limited,Consumer Cyclical,Footwear & Accessories,310.79998779296875,False,-379.0,False,False,Sector: Consumer Cyclical,-25.93,-29.55,False,1857.0,2216.0,False,EXIT
EMUDHRA,eMudhra Limited,Technology,Software - Application,545.2000122070312,False,39.0,True,True,Sector: Technology,-26.31,-28.16,False,279.0,269.0,True,HOLD
LASERPOWER,LASERPOWER,Industrials,Electrical Equipment & Parts,322.5,True,,False,False,Sector: Industrials,,,False,,2438.0,False,EXIT
KOLTEPATIL,Kolte-Patil Developers Limited,Real Estate,Real Estate - Development,456.70001220703125,False,171.0,True,True,Sector: Real Estate,29.01,11.8,True,1484.0,1539.0,False,HOLD
SANGHVIMOV,Sanghvi Movers Limited,Industrials,Rental & Leasing Services,498.75,False,158.0,False,True,Sector: Industrials,47.88,47.95,True,717.0,674.0,True,HOLD
GUFICBIO,Gufic Biosciences Limited,Healthcare,Drug Manufacturers - Specialty & Generic,421.75,False,74.0,False,True,Sector: Healthcare,0.44,10.45,True,974.0,940.0,True,HOLD
RAYMOND,Raymond Limited,Industrials,Specialty Industrial Machinery,630.5,False,-23.0,False,True,Sector: Industrials,-3.06,-2.87,False,4.0,5780.0,False,EXIT
AYE,AYE,Financial Services,Credit Services,170.33999633789062,False,238.0,True,False,Sector: Financial Services,,,False,1872.0,1815.0,True,EXIT
CMSINFO,CMS Info Systems Limited,Industrials,Specialty Business Services,246.0,False,318.0,False,False,Sector: Industrials,-45.36,-45.08,False,2277.0,2272.0,True,EXIT
AVANTEL,Avantel Limited,Technology,Communication Equipment,163.86000061035156,False,26.0,False,True,Sector: Technology,10.25,8.16,True,240.0,248.0,False,HOLD
BAJAJELEC,Bajaj Electricals Limited,Consumer Cyclical,"Furnishings, Fixtures & Appliances",353.54998779296875,False,-31.0,False,False,Sector: Consumer Cyclical,-38.23,-41.82,False,4487.0,6656.0,False,EXIT
RTNINDIA,RattanIndia Enterprises Limited,Consumer Cyclical,Internet Retail,30.100000381469727,False,-705.0,False,False,Sector: Consumer Cyclical,-41.45,-45.03,False,19.0,582.0,False,EXIT
RALLIS,Rallis India Limited,Basic Materials,Agricultural Inputs,211.72000122070312,False,214.0,False,False,Sector: Basic Materials,-45.14,-45.59,False,2962.0,2967.0,False,EXIT
TRUALT,TRUALT,Energy,Oil & Gas Refining & Marketing,472.0,False,143.0,True,True,Sector: Energy,,,False,2027.0,1880.0,True,HOLD
VISHNU,Vishnu Chemicals Limited,Basic Materials,Specialty Chemicals,622.0999755859375,True,103.0,False,True,Sector: Basic Materials,21.85,21.2,True,1257.0,1222.0,True,HOLD
IDEAFORGE,ideaForge Technology Limited,Technology,Computer Hardware,825.2000122070312,False,12.0,False,True,Sector: Technology,67.93,65.47,True,282.0,317.0,False,HOLD
BAJAJHIND,Bajaj Hindusthan Sugar Limited,Consumer Defensive,Confectioners,20.3799991607666,False,129.0,False,True,Sector: Consumer Defensive,-5.75,-7.69,False,5294.0,6804.0,False,EXIT
REFEX,Refex Industries Limited,Energy,Thermal Coal,297.04998779296875,False,286.0,True,True,Sector: Energy,-40.31,-22.7,False,2307.0,2259.0,True,HOLD
MIDWESTLTD,MIDWESTLTD,Basic Materials,Building Materials,1150.0,False,105.0,True,False,Sector: Basic Materials,,,False,442.0,422.0,True,EXIT
ROSSTECH,Rossell Techsys Limited,Industrials,Aerospace & Defense,1079.699951171875,True,25.0,True,True,Sector: Industrials,53.74,53.79,True,553.0,485.0,True,ADD
AURIONPRO,Aurionpro Solutions Limited,Technology,Software - Application,684.4500122070312,False,104.0,True,False,Sector: Technology,-49.36,-51.06,False,872.0,888.0,False,EXIT
MOSCHIP,MOSCHIP,Technology,Semiconductor Equipment & Materials,206.24000549316406,False,16.0,False,False,Sector: Technology,22.04,19.88,True,500.0,521.0,False,EXIT
WSTCSTPAPR,West Coast Paper Mills Limited,Basic Materials,Paper & Paper Products,615.0499877929688,False,221.0,False,True,Sector: Basic Materials,22.87,22.22,True,2581.0,2810.0,False,HOLD
MAHLOG,Mahindra Logistics Limited,Industrials,Integrated Freight & Logistics,406.25,False,66.0,False,True,Sector: Industrials,21.87,22.0,True,5981.0,5672.0,True,HOLD
WAKEFIT,WAKEFIT,Consumer Cyclical,"Furnishings, Fixtures & Appliances",133.13999938964844,False,193.0,True,False,Sector: Consumer Cyclical,,,False,1547.0,1489.0,True,EXIT
TATVA,Tatva Chintan Pharma Chem Limited,Basic Materials,Specialty Chemicals,1647.800048828125,False,44.0,False,True,Sector: Basic Materials,51.17,50.44,True,534.0,496.0,True,HOLD
ORIENTELEC,Orient Electric Limited,Consumer Cyclical,"Furnishings, Fixtures & Appliances",180.58999633789062,False,110.0,False,False,Sector: Consumer Cyclical,-10.65,-14.31,False,3507.0,3326.0,True,EXIT
KSCL,Kaveri Seed Company Limited,Basic Materials,Agricultural Inputs,771.3499755859375,False,238.0,False,False,Sector: Basic Materials,-35.01,-35.49,False,1173.0,1304.0,False,EXIT
DIVGIITTS,Divgi TorqTransfer Systems Limited,Consumer Cyclical,Auto Parts,1267.4000244140625,True,63.0,True,True,Sector: Consumer Cyclical,90.97,87.06,True,418.0,353.0,True,ADD
SANATHAN,SANATHAN,Consumer Cyclical,Textile Manufacturing,447.79998779296875,False,210.0,False,True,Sector: Consumer Cyclical,-6.87,-10.54,False,3101.0,3329.0,False,EXIT
KIRLOSIND,Kirloskar Industries Limited,Industrials,Metal Fabrication,3729.699951171875,False,254.0,True,True,Sector: Industrials,-3.21,-3.03,False,3648.0,124.0,True,HOLD
SEAMECLTD,Seamec Limited,Industrials,Marine Shipping,1635.699951171875,True,244.0,True,True,Sector: Industrials,80.38,80.37,True,984.0,902.0,True,ADD
GHCL,GHCL Limited,Basic Materials,Chemicals,438.70001220703125,False,525.0,False,False,Sector: Basic Materials,-26.22,-26.72,False,3043.0,4551.0,False,EXIT
PITTIENG,Pitti Engineering Limited,Industrials,Metal Fabrication,1069.3499755859375,False,101.0,False,True,Sector: Industrials,7.15,7.31,True,1649.0,1590.0,True,HOLD
NOVARTIND,Novartis India Limited,Healthcare,Drug Manufacturers - Specialty & Generic,1531.699951171875,False,98.0,False,False,Sector: Healthcare,,,False,371.0,870.0,False,EXIT
PACEDIGITK,Pace Digitek Limited,Technology,Communication Equipment,175.80999755859375,False,238.0,False,False,Sector: Technology,,,False,1635.0,2321.0,False,EXIT
VSTTILLERS,V.S.T. Tillers Tractors Limited,Industrials,Farm & Heavy Construction Machinery,4442.2001953125,False,110.0,False,False,Sector: Industrials,-16.88,-16.67,False,1271.0,1240.0,True,EXIT
NACLIND,NACL Industries Limited,Basic Materials,Agricultural Inputs,173.99000549316406,False,32.0,False,True,Sector: Basic Materials,-40.06,-40.52,False,1451.0,2116.0,False,EXIT
INDOSTAR,IndoStar Capital Finance Limited,Financial Services,Credit Services,250.5500030517578,False,-394.0,False,True,Sector: Financial Services,-10.97,-10.9,False,1413.0,1540.0,False,EXIT
SANDHAR,Sandhar Technologies Limited,Consumer Cyclical,Auto Parts,636.6500244140625,False,184.0,True,True,Sector: Consumer Cyclical,42.7,38.91,True,2982.0,3044.0,False,HOLD
RAYMONDREL,Raymond Realty Limited,Real Estate,Real Estate - Development,572.5999755859375,False,262.0,False,True,Sector: Real Estate,3.92,-12.94,False,1543.0,1616.0,False,EXIT
STYRENIX,Styrenix Performance Materials Limited,Basic Materials,Chemicals,2126.60009765625,False,317.0,False,False,Sector: Basic Materials,-20.91,-21.43,False,2687.0,2744.0,False,EXIT
VAIBHAVGBL,Vaibhav Global Limited,Consumer Cyclical,Luxury Goods,221.0,False,261.0,True,False,Sector: Consumer Cyclical,2.74,-0.95,False,579.0,674.0,False,EXIT
SHAREINDIA,Share India Securities Limited,Financial Services,Capital Markets,175.25999450683594,False,320.0,True,True,Sector: Financial Services,9.54,9.51,True,1304.0,1227.0,True,HOLD
INDIQUBE,INDIQUBE,Real Estate,Real Estate Services,192.1699981689453,False,-93.0,False,True,Sector: Real Estate,-0.45,-17.25,False,1564.0,1451.0,True,EXIT
GUJTHEM,Gujarat Themis Biosyn Limited,Healthcare,Drug Manufacturers - Specialty & Generic,372.29998779296875,False,49.0,False,True,Sector: Healthcare,-19.05,-8.88,False,174.0,170.0,True,EXIT
UNICHEMLAB,Unichem Laboratories Limited,Healthcare,Drug Manufacturers - Specialty & Generic,512.9000244140625,False,166.0,False,True,Sector: Healthcare,-5.78,4.28,False,1394.0,1736.0,False,EXIT
AARTIDRUGS,Aarti Drugs Limited,Healthcare,Drug Manufacturers - Specialty & Generic,408.45001220703125,False,171.0,False,True,Sector: Healthcare,-30.14,-19.89,False,2367.0,2498.0,False,EXIT
INDOTECH,Indo Tech Transformers Limited,Industrials,Electrical Equipment & Parts,3709.800048828125,True,99.0,True,True,Sector: Industrials,93.21,93.17,True,846.0,782.0,True,ADD
AGIIL,AGI Infra Limited,Real Estate,Real Estate - Development,294.25,False,102.0,True,False,Sector: Real Estate,42.5,25.09,True,357.0,353.0,True,HOLD
HEMIPROP,Hemisphere Properties India Limited,Real Estate,Real Estate - Diversified,130.38999938964844,False,-12.0,False,False,Sector: Real Estate,11.79,-5.17,False,1.0,2.0,False,EXIT
DBCORP,D. B. Corp Limited,Communication Services,Publishing,207.4199981689453,False,352.0,False,False,Sector: Communication Services,-3.37,-22.65,False,2399.0,2463.0,False,EXIT
JKIL,J. Kumar Infraprojects Limited,Industrials,Engineering & Construction,504.70001220703125,False,379.0,False,False,Sector: Industrials,-26.0,-25.76,False,5723.0,5694.0,True,EXIT
BHAGCHEM,Bhagiradha Chemicals & Industries Limited,Basic Materials,Agricultural Inputs,287.3999938964844,False,29.0,False,True,Sector: Basic Materials,0.6,0.01,True,571.0,521.0,True,HOLD
HARSHA,Harsha Engineers International Limited,Industrials,Tools & Accessories,436.54998779296875,False,180.0,True,True,Sector: Industrials,3.14,3.31,True,1273.0,1228.0,True,HOLD
POCL,Pondy Oxides And Chemicals Limited,Basic Materials,Specialty Chemicals,500.6000061035156,False,147.0,True,False,Sector: Basic Materials,11.47,10.85,True,3273.0,2939.0,True,HOLD
KNRCON,KNR Constructions Limited,Industrials,Engineering & Construction,127.37000274658203,False,347.0,False,False,Sector: Industrials,-36.04,-35.78,False,2050.0,4091.0,False,EXIT
TCPLPACK,TCPL Packaging Limited,Consumer Cyclical,Packaging & Containers,4094.199951171875,False,112.0,False,True,Sector: Consumer Cyclical,23.71,19.96,True,1801.0,1736.0,True,HOLD
ANUP,The Anup Engineering Limited,Industrials,Specialty Industrial Machinery,1804.800048828125,False,83.0,False,False,Sector: Industrials,-23.95,-23.72,False,738.0,789.0,False,EXIT
POLYPLEX,Polyplex Corporation Limited,Basic Materials,Specialty Chemicals,1171.9000244140625,False,50.0,False,True,Sector: Basic Materials,12.82,12.2,True,1545.0,1785.0,False,HOLD
WEBELSOLAR,Websol Energy System Limited,Technology,Solar,82.72000122070312,False,314.0,True,False,Sector: Technology,-35.59,-37.38,False,1203.0,1049.0,True,EXIT
TARC,TARC Limited,Real Estate,Real Estate - Development,119.83999633789062,False,-53.0,False,False,Sector: Real Estate,-9.66,-26.32,False,46.0,436.0,False,EXIT
UNIPARTS,Uniparts India Limited,Industrials,Farm & Heavy Construction Machinery,820.0,True,159.0,True,True,Sector: Industrials,93.36,93.32,True,747.0,929.0,False,ADD
KSL,Kalyani Steels Limited,Basic Materials,Steel,875.5499877929688,False,262.0,True,True,Sector: Basic Materials,-1.24,-1.82,False,1867.0,1982.0,False,HOLD
PSPPROJECT,PSP Projects Limited,Industrials,Engineering & Construction,918.8499755859375,False,67.0,False,True,Sector: Industrials,39.18,39.27,True,3262.0,2989.0,True,HOLD
JTEKTINDIA,JTEKT India Limited,Consumer Cyclical,Auto Parts,128.72999572753906,False,72.0,False,False,Sector: Consumer Cyclical,0.56,-3.13,False,2818.0,2666.0,True,EXIT
VSTIND,VST Industries Limited,Consumer Defensive,Tobacco,211.3300018310547,False,279.0,False,False,Sector: Consumer Defensive,-23.75,-25.55,False,1423.0,1465.0,False,EXIT
JUBLCPL,Jubilant Agri and Consumer Products Limited,Basic Materials,Specialty Chemicals,2312.300048828125,False,131.0,True,True,Sector: Basic Materials,-18.22,-18.75,False,1942.0,1795.0,True,HOLD
SINDHUTRAD,Sindhu Trade Links Limited,Industrials,Conglomerates,24.110000610351562,False,27.0,False,True,Sector: Industrials,-0.29,-0.11,False,417.0,1140.0,False,EXIT
ASHIANA,Ashiana Housing Limited,Real Estate,Real Estate - Development,368.25,False,124.0,True,True,Sector: Real Estate,33.06,15.79,True,872.0,1063.0,False,HOLD
SAMHI,SAMHI Hotels Limited,Consumer Cyclical,Lodging,159.47999572753906,False,340.0,False,False,Sector: Consumer Cyclical,-23.07,-26.7,False,135.0,151.0,False,EXIT
63MOONS,63 moons technologies limited,Technology,Software - Application,788.8499755859375,False,160.0,False,True,Sector: Technology,-20.87,-22.75,False,119.0,352.0,False,EXIT
FILATEX,Filatex India Limited,Consumer Cyclical,Textile Manufacturing,83.1500015258789,True,192.0,False,True,Sector: Consumer Cyclical,60.96,57.12,True,4256.0,4304.0,False,HOLD
HEIDELBERG,HeidelbergCement India Limited,Basic Materials,Building Materials,158.10000610351562,False,116.0,False,False,Sector: Basic Materials,-28.5,-29.0,False,2360.0,2366.0,False,EXIT
LUXIND,Lux Industries Limited,Consumer Cyclical,Apparel Manufacturing,1217.4000244140625,False,100.0,False,True,Sector: Consumer Cyclical,-6.89,-10.56,False,2948.0,2937.0,True,EXIT
SAMBHV,SAMBHV,Basic Materials,Steel,122.91000366210938,False,166.0,True,True,Sector: Basic Materials,-5.28,-5.85,False,2587.0,2413.0,True,HOLD
STEELCAS,Steelcast Limited,Basic Materials,Steel,357.3500061035156,True,91.0,True,True,Sector: Basic Materials,59.52,58.76,True,441.0,477.0,False,ADD
JINDWORLD,Jindal Worldwide Limited,Consumer Cyclical,Textile Manufacturing,35.58000183105469,False,68.0,False,True,Sector: Consumer Cyclical,0.26,-3.42,False,2310.0,2584.0,False,EXIT
UFLEX,Uflex Limited,Consumer Cyclical,Packaging & Containers,620.9500122070312,False,155.0,False,True,Sector: Consumer Cyclical,8.15,4.44,True,8065.0,7778.0,True,HOLD
NFL,National Fertilizers Limited,Basic Materials,Agricultural Inputs,70.06999969482422,False,273.0,False,False,Sector: Basic Materials,-28.46,-28.96,False,22480.0,29587.0,False,EXIT
SPECTRUM,SPECTRUM,Industrials,Electrical Equipment & Parts,2284.800048828125,False,50.0,True,True,Sector: Industrials,46.23,46.3,True,576.0,505.0,True,HOLD
GREENPLY,Greenply Industries Limited,Basic Materials,Lumber & Wood Production,283.8999938964844,False,76.0,False,True,Sector: Basic Materials,-9.88,-10.43,False,2081.0,2022.0,True,EXIT
WHEELS,Wheels India Limited,Consumer Cyclical,Auto Parts,1466.0999755859375,False,149.0,True,True,Sector: Consumer Cyclical,93.91,89.99,True,5296.0,5098.0,True,HOLD
PREMEXPLN,Premier Explosives Limited,Basic Materials,Specialty Chemicals,663.0999755859375,False,34.0,False,True,Sector: Basic Materials,23.99,23.34,True,349.0,417.0,False,HOLD
MUTHOOTMF,MUTHOOTMF,Financial Services,Credit Services,208.61000061035156,False,245.0,False,True,Sector: Financial Services,29.86,29.73,True,2480.0,2563.0,False,HOLD
EIEL,EIEL,Industrials,Engineering & Construction,196.1199951171875,False,166.0,False,False,Sector: Industrials,-27.45,-27.2,False,1029.0,1046.0,False,EXIT
CMLL,CMLL,Energy,Thermal Coal,514.5,False,,False,False,Sector: Energy,,,False,,1677.0,False,EXIT
ZOTA,Zota Health Care Limited,Healthcare,Biotechnology,1114.9000244140625,False,24.0,False,False,Sector: Healthcare,-30.02,-19.78,False,456.0,407.0,True,EXIT
TVSSRICHAK,TVS Srichakra Limited,Consumer Cyclical,Auto Parts,4821.7998046875,True,94.0,False,True,Sector: Consumer Cyclical,66.74,62.89,True,3625.0,3390.0,True,HOLD
OSWALPUMPS,OSWALPUMPS,Industrials,Electrical Equipment & Parts,292.1000061035156,False,229.0,False,False,Sector: Industrials,-67.36,-67.03,False,1697.0,1796.0,False,EXIT
INDRAMEDCO,Indraprastha Medical Corporation Limited,Healthcare,Medical Care Facilities,374.45001220703125,False,188.0,True,False,Sector: Healthcare,-32.32,-22.06,False,1524.0,1483.0,True,EXIT
DALMIASUG,Dalmia Bharat Sugar and Industries Limited,Consumer Defensive,Confectioners,475.54998779296875,False,207.0,False,True,Sector: Consumer Defensive,25.01,22.85,True,3525.0,3725.0,False,HOLD
VSSL,Vardhman Special Steels Limited,Basic Materials,Steel,358.6499938964844,True,143.0,True,True,Sector: Basic Materials,39.09,38.4,True,1807.0,1764.0,True,ADD
HGINFRA,H.G. Infra Engineering Limited,Industrials,Engineering & Construction,518.5499877929688,False,292.0,False,False,Sector: Industrials,-50.61,-50.32,False,4865.0,6052.0,False,EXIT
ADVENZYMES,Advanced Enzyme Technologies Limited,Basic Materials,Specialty Chemicals,305.20001220703125,False,80.0,False,False,Sector: Basic Materials,-4.74,-5.31,False,444.0,453.0,False,EXIT
KERNEX,Kernex Microsystems (India) Limited,Technology,Software - Application,1875.0,False,183.0,True,True,Sector: Technology,72.9,70.41,True,874.0,426.0,True,HOLD
GOPAL,Gopal Snacks Limited,Consumer Defensive,Packaged Foods,288.45001220703125,False,84.0,False,False,Sector: Consumer Defensive,-21.55,-23.37,False,1608.0,1508.0,True,EXIT
SMSPHARMA,SMS Pharmaceuticals Limited,Healthcare,Drug Manufacturers - General,356.04998779296875,False,91.0,True,True,Sector: Healthcare,37.65,47.39,True,898.0,887.0,True,HOLD
CARYSIL,Carysil Limited,Consumer Cyclical,"Furnishings, Fixtures & Appliances",1181.9000244140625,False,67.0,True,True,Sector: Consumer Cyclical,31.2,27.44,True,517.0,505.0,True,HOLD
HERITGFOOD,Heritage Foods Limited,Consumer Defensive,Packaged Foods,360.0,False,127.0,False,False,Sector: Consumer Defensive,-25.52,-27.32,False,4588.0,4415.0,True,EXIT
NIITMTS,NIIT Learning Systems Limited,Consumer Defensive,Education & Training Services,236.33999633789062,False,113.0,False,False,Sector: Consumer Defensive,-28.64,-30.41,False,539.0,532.0,True,EXIT
NPST,NPST,Technology,Software - Application,1594.199951171875,False,44.0,False,True,Sector: Technology,-30.74,-32.56,False,210.0,194.0,True,EXIT
RELTD,Ravindra Energy Limited,Technology,Solar,160.07000732421875,False,81.0,False,True,Sector: Technology,10.9,8.81,True,393.0,444.0,False,HOLD
VENUSPIPES,Venus Pipes and Tubes Limited,Basic Materials,Steel,1549.4000244140625,False,104.0,True,True,Sector: Basic Materials,18.44,17.8,True,1211.0,1167.0,True,HOLD
DREDGECORP,Dredging Corporation of India Limited,Industrials,Engineering & Construction,1189.199951171875,True,39.0,False,True,Sector: Industrials,85.74,85.72,True,1322.0,1208.0,True,HOLD
DPABHUSHAN,D. P. Abhushan Limited,Consumer Cyclical,Luxury Goods,1467.9000244140625,False,240.0,True,True,Sector: Consumer Cyclical,-9.72,-13.39,False,4377.0,4065.0,True,HOLD
MAYURUNIQ,Mayur Uniquoters Limited,Consumer Cyclical,Textile Manufacturing,758.1500244140625,False,221.0,True,True,Sector: Consumer Cyclical,39.8,36.01,True,982.0,942.0,True,HOLD
FUSION,Fusion Finance Limited,Financial Services,Credit Services,192.0800018310547,False,169.0,False,True,Sector: Financial Services,15.22,15.16,True,1699.0,2344.0,False,HOLD
ARSSBL,ARSSBL,Financial Services,Financial Conglomerates,497.45001220703125,False,132.0,True,False,Sector: Financial Services,,,False,976.0,931.0,True,EXIT
ROUTE,Route Mobile Limited,Communication Services,Telecom Services,501.5,False,121.0,False,False,Sector: Communication Services,-26.66,-45.62,False,785.0,832.0,False,EXIT
KKCL,Kewal Kiran Clothing Limited,Consumer Cyclical,Apparel Manufacturing,517.9500122070312,False,136.0,False,True,Sector: Consumer Cyclical,2.77,-0.92,False,972.0,950.0,True,EXIT
ASHOKA,Ashoka Buildcon Limited,Industrials,Engineering & Construction,111.5999984741211,False,321.0,False,False,Sector: Industrials,-40.88,-40.61,False,5789.0,7727.0,False,EXIT
PRINCEPIPE,Prince Pipes and Fittings Limited,Industrials,Building Products & Equipment,282.79998779296875,False,102.0,False,True,Sector: Industrials,-18.16,-17.94,False,2627.0,2711.0,False,EXIT
CRIZAC,CRIZAC,Consumer Defensive,Education & Training Services,171.6199951171875,False,179.0,False,False,Sector: Consumer Defensive,-50.09,-51.71,False,282.0,344.0,False,EXIT
WINDMACHIN,Windsor Machines Limited,Industrials,Specialty Industrial Machinery,314.29998779296875,False,-5.0,False,True,Sector: Industrials,-7.44,-7.25,False,550.0,567.0,False,EXIT
UEL,Ujaas Energy Limited,Technology,Solar,200.8000030517578,False,3.93,False,True,Sector: Technology,92.4,89.78,True,17.02,486.35,False,HOLD
NITINSPIN,Nitin Spinners Limited,Consumer Cyclical,Textile Manufacturing,583.5499877929688,True,212.0,False,True,Sector: Consumer Cyclical,72.59,68.73,True,3296.0,3300.0,False,HOLD
APCOTEXIND,Apcotex Industries Limited,Basic Materials,Specialty Chemicals,620.25,False,161.0,True,True,Sector: Basic Materials,52.48,51.75,True,1591.0,1442.0,True,HOLD
RAMCOIND,Ramco Industries Limited,Industrials,Building Products & Equipment,339.8999938964844,False,139.0,True,True,Sector: Industrials,13.09,13.23,True,1510.0,1444.0,True,HOLD
MONARCH,Monarch Networth Capital Limited,Financial Services,Capital Markets,385.1499938964844,False,176.0,False,True,Sector: Financial Services,11.41,11.37,True,357.0,368.0,False,HOLD
JASH,Jash Engineering Limited,Industrials,Specialty Industrial Machinery,485.1499938964844,False,77.0,True,True,Sector: Industrials,-12.64,-12.43,False,505.0,494.0,True,HOLD
BEPL,Bhansali Engineering Polymers Limited,Basic Materials,Chemicals,119.05000305175781,False,199.0,False,True,Sector: Basic Materials,11.34,10.73,True,1440.0,1398.0,True,HOLD
RML,Rane (Madras) Limited,Consumer Cyclical,Auto Parts,1080.300048828125,False,125.0,True,True,Sector: Consumer Cyclical,25.52,21.77,True,4024.0,3863.0,True,HOLD
GRAUWEIL,Grauer & Weil (India) Limited,Basic Materials,Specialty Chemicals,66.58999633789062,False,165.0,False,False,Sector: Basic Materials,,,False,1224.0,1178.0,True,EXIT
SHANTIGEAR,Shanthi Gears Limited,Industrials,Specialty Industrial Machinery,386.6499938964844,False,64.0,False,False,Sector: Industrials,-35.67,-35.41,False,499.0,605.0,False,EXIT
BUILDPRO,Shankara Buildpro Limited,Consumer Cyclical,Home Improvement Retail,1273.0,False,131.0,True,False,Sector: Consumer Cyclical,,,False,7145.0,6825.0,True,EXIT
ARVSMART,Arvind SmartSpaces Limited,Real Estate,Real Estate - Development,662.5999755859375,False,68.0,True,True,Sector: Real Estate,21.13,4.03,True,310.0,238.0,True,HOLD
SASKEN,Sasken Technologies Limited,Technology,Information Technology Services,1913.4000244140625,False,84.0,False,True,Sector: Technology,28.43,26.23,True,570.0,533.0,True,HOLD
DCAL,Dishman Carbogen Amcis Limited,Healthcare,Biotechnology,172.39999389648438,False,-65.0,False,False,Sector: Healthcare,-47.54,-37.17,False,226.0,581.0,False,EXIT
WONDERLA,Wonderla Holidays Limited,Consumer Cyclical,Leisure,480.95001220703125,False,102.0,False,False,Sector: Consumer Cyclical,-23.08,-26.71,False,593.0,519.0,True,EXIT
BALMLAWRIE,Balmer Lawrie & Co. Ltd.,Industrials,Conglomerates,173.61000061035156,False,247.0,True,False,Sector: Industrials,-25.06,-24.82,False,2766.0,2736.0,True,EXIT
NAVNETEDUL,Navneet Education Limited,Communication Services,Publishing,133.8800048828125,False,284.0,False,False,Sector: Communication Services,3.19,-16.18,False,1676.0,1728.0,False,EXIT
SANGAMIND,Sangam (India) Limited,Consumer Cyclical,Textile Manufacturing,576.75,False,121.0,False,True,Sector: Consumer Cyclical,62.55,58.71,True,3249.0,3190.0,True,HOLD
ELPROINTL,Elpro International Limited,Unknown,Unknown,175.10000610351562,True,21.0,False,False,Sector: Unknown,,,False,165.0,209.0,False,EXIT
JTLIND,JTL Industries Limited,Basic Materials,Steel,72.18000030517578,False,101.0,False,True,Sector: Basic Materials,-2.09,-2.66,False,1830.0,2039.0,False,EXIT
UFBL,UFBL,Consumer Cyclical,Restaurants,779.2999877929688,False,-35.0,False,True,Sector: Consumer Cyclical,189.07,184.91,True,1125.0,1074.0,True,HOLD
POKARNA,Pokarna Limited,Industrials,Building Products & Equipment,901.8499755859375,False,-6.53,False,True,Sector: Industrials,-3.22,-3.04,False,30.55,190.48,False,EXIT
RPSGVENT,RPSG Ventures Limited,Technology,Information Technology Services,864.0999755859375,False,175.0,False,True,Sector: Technology,-3.56,-5.56,False,279.0,263.0,True,EXIT
EUROPRATIK,EUROPRATIK,Basic Materials,Building Materials,268.1499938964844,False,57.0,False,False,Sector: Basic Materials,,,False,211.0,263.0,False,EXIT
ORISSAMINE,The Orissa Minerals Development Company Limited,Basic Materials,Steel,4637.0,False,,False,True,Sector: Basic Materials,-4.31,-4.88,False,,94.1,False,EXIT
CARRARO,CARRARO,Consumer Cyclical,Auto Parts,518.8499755859375,False,130.0,True,False,Sector: Consumer Cyclical,23.61,19.86,True,2290.0,2239.0,True,HOLD
PANAMAPET,Panama Petrochem Limited,Energy,Oil & Gas Refining & Marketing,489.6499938964844,False,332.0,True,True,Sector: Energy,31.54,46.28,True,2786.0,1962.0,True,HOLD
INTERARCH,Interarch Building Solutions Limited,Industrials,Engineering & Construction,1703.4000244140625,False,134.0,False,False,Sector: Industrials,-19.36,-19.14,False,1977.0,1898.0,True,EXIT
CHEMPLASTS,Chemplast Sanmar Limited,Basic Materials,Chemicals,179.67999267578125,False,-1024.0,False,False,Sector: Basic Materials,-61.48,-61.88,False,2267.0,2903.0,False,EXIT
SIYSIL,Siyaram Silk Mills Limited,Consumer Cyclical,Textile Manufacturing,632.7999877929688,False,235.0,False,True,Sector: Consumer Cyclical,3.95,0.25,True,2625.0,2569.0,True,HOLD
ADFFOODS,ADF Foods Limited,Consumer Defensive,Packaged Foods,263.29998779296875,False,98.0,True,True,Sector: Consumer Defensive,16.88,14.77,True,549.0,528.0,True,HOLD
DDEVPLSTIK,Ddev Plastiks Industries Limited,Basic Materials,Specialty Chemicals,280.20001220703125,False,213.0,True,True,Sector: Basic Materials,-16.21,-16.74,False,3168.0,2948.0,True,HOLD
RSYSTEMS,R Systems International Limited,Technology,Information Technology Services,238.89999389648438,False,216.0,False,False,Sector: Technology,-45.8,-47.52,False,1289.0,1101.0,True,EXIT
BOROLTD,Borosil Limited,Consumer Cyclical,"Furnishings, Fixtures & Appliances",248.11000061035156,False,72.0,False,False,Sector: Consumer Cyclical,-25.38,-29.0,False,1222.0,1198.0,True,EXIT
BLSE,BLSE,Industrials,Specialty Business Services,314.1000061035156,False,17.0,False,True,Sector: Industrials,72.79,72.8,True,91.0,87.0,True,HOLD
DIAMONDYD,Prataap Snacks Limited,Consumer Defensive,Packaged Foods,1179.199951171875,False,12.0,False,True,Sector: Consumer Defensive,29.83,27.63,True,1806.0,1725.0,True,HOLD
MMFL,M M Forgings Limited,Industrials,Metal Fabrication,657.7999877929688,True,127.0,False,True,Sector: Industrials,111.69,111.61,True,1616.0,1545.0,True,HOLD
VINDHYATEL,Vindhya Telelinks Limited,Industrials,Engineering & Construction,2438.800048828125,False,60.0,False,True,Sector: Industrials,56.39,56.44,True,3380.0,4088.0,False,HOLD
GANECOS,Ganesha Ecosphere Limited,Consumer Cyclical,Textile Manufacturing,1065.9000244140625,False,54.0,False,True,Sector: Consumer Cyclical,-19.06,-22.7,False,1055.0,1133.0,False,EXIT
MAITHANALL,Maithan Alloys Limited,Basic Materials,Steel,989.25,False,281.0,False,False,Sector: Basic Materials,-12.16,-12.71,False,2168.0,3054.0,False,EXIT
NSIL,Nalwa Sons Investments Limited,Financial Services,Asset Management,5518.5,False,47.0,False,False,Sector: Financial Services,-20.56,-20.44,False,68.0,112.0,False,EXIT
ROSSARI,Rossari Biotech Limited,Basic Materials,Specialty Chemicals,496.25,False,151.0,True,False,Sector: Basic Materials,-24.32,-24.83,False,1869.0,1752.0,True,EXIT
JINDALPOLY,Jindal Poly Films Limited,Consumer Cyclical,Packaging & Containers,638.3499755859375,False,,False,True,Sector: Consumer Cyclical,28.52,24.77,True,,5869.0,False,HOLD
NILKAMAL,Nilkamal Limited,Consumer Cyclical,"Furnishings, Fixtures & Appliances",2033.800048828125,False,119.0,False,True,Sector: Consumer Cyclical,30.47,26.71,True,3621.0,3686.0,False,HOLD
GSPCROP,GSPCROP,Basic Materials,Agricultural Inputs,594.0999755859375,True,97.0,True,False,Sector: Basic Materials,,,False,1630.0,1606.0,True,EXIT
LCL,LCL,Industrials,Specialty Industrial Machinery,561.2999877929688,True,,False,False,Sector: Industrials,,,False,,2005.0,False,EXIT
VIMTALABS,Vimta Labs Limited,Healthcare,Diagnostics & Research,621.6500244140625,False,80.0,True,True,Sector: Healthcare,-24.48,-14.28,False,419.0,407.0,True,HOLD
SUNCLAY,Sundaram-Clayton Limited,Industrials,Metal Fabrication,1281.0999755859375,False,552.0,True,False,Sector: Industrials,-26.37,-26.13,False,1871.0,2109.0,False,EXIT
ANTELOPUS,ANTELOPUS,Energy,Oil & Gas E&P,798.3499755859375,False,133.0,True,True,Sector: Energy,35.77,50.33,True,359.0,279.0,True,HOLD
GATEWAY,Gateway Distriparks Limited,Industrials,Integrated Freight & Logistics,54.43000030517578,False,253.0,False,False,Sector: Industrials,-22.41,-22.18,False,1565.0,1578.0,False,EXIT
RELINFRA,Reliance Infrastructure Limited,Utilities,Utilities - Independent Power Producers,63.189998626708984,False,-768.0,False,False,Sector: Utilities,-55.99,-80.09,False,231.0,10595.0,False,EXIT
GIPCL,Gujarat Industries Power Company Limited,Utilities,Utilities - Regulated Electric,171.9600067138672,False,503.0,True,True,Sector: Utilities,17.13,-11.03,False,1619.0,1491.0,True,HOLD
STYLEBAAZA,Baazar Style Retail Limited,Consumer Cyclical,Apparel Retail,422.75,True,47.0,True,True,Sector: Consumer Cyclical,34.89,31.12,True,1950.0,1841.0,True,ADD
ORIENTCEM,Orient Cement Limited,Basic Materials,Building Materials,129.47000122070312,False,209.0,False,False,Sector: Basic Materials,-47.06,-47.51,False,2531.0,3185.0,False,EXIT
PATELENG,Patel Engineering Limited,Industrials,Engineering & Construction,27.799999237060547,False,301.0,True,False,Sector: Industrials,-30.8,-30.55,False,5116.0,5067.0,True,EXIT
ZAGGLE,Zaggle Prepaid Ocean Services Limited,Technology,Software - Infrastructure,186.0399932861328,False,124.0,False,False,Sector: Technology,-54.82,-56.48,False,1911.0,1853.0,True,EXIT
RAMKY,Ramky Infrastructure Limited,Industrials,Engineering & Construction,391.0,False,350.0,False,False,Sector: Industrials,-37.26,-36.99,False,1776.0,2033.0,False,EXIT
IMAGICAA,Imagicaaworld Entertainment Limited,Communication Services,Entertainment,48.52000045776367,False,30.0,False,True,Sector: Communication Services,-0.39,-19.71,False,384.0,410.0,False,EXIT
NOCIL,NOCIL Limited,Basic Materials,Specialty Chemicals,161.57000732421875,False,75.0,False,False,Sector: Basic Materials,-12.81,-13.36,False,1370.0,1617.0,False,EXIT
AUTOAXLES,Automotive Axles Limited,Consumer Cyclical,Auto Parts,1759.699951171875,False,174.0,True,False,Sector: Consumer Cyclical,2.99,-0.7,False,2205.0,2324.0,False,EXIT
HIKAL,Hikal Limited,Healthcare,Drug Manufacturers - Specialty & Generic,214.11000061035156,False,-34.0,False,True,Sector: Healthcare,-29.59,-19.35,False,1735.0,2023.0,False,EXIT
MUFIN,Mufin Green Finance Limited,Financial Services,Credit Services,135.11000061035156,False,38.0,True,True,Sector: Financial Services,47.06,46.85,True,246.0,210.0,True,HOLD
KIRIINDUS,Kiri Industries Limited,Basic Materials,Specialty Chemicals,431.29998779296875,False,5844.0,True,False,Sector: Basic Materials,-21.46,-21.98,False,892.0,1137.0,False,EXIT
KITEX,Kitex Garments Limited,Consumer Cyclical,Apparel Manufacturing,124.27999877929688,False,42.0,False,False,Sector: Consumer Cyclical,-36.27,-39.87,False,516.0,983.0,False,EXIT
ADOR,Ador Welding Limited,Industrials,Specialty Industrial Machinery,1634.5999755859375,True,114.0,True,True,Sector: Industrials,74.49,74.49,True,1194.0,1135.0,True,ADD
FLAIR,FLAIR,Industrials,Business Equipment & Supplies,248.9499969482422,False,116.0,False,False,Sector: Industrials,-20.69,-20.46,False,1029.0,1013.0,True,EXIT
STALLION,STALLION,Basic Materials,Specialty Chemicals,225.14999389648438,False,52.0,True,True,Sector: Basic Materials,55.14,54.4,True,442.0,431.0,True,HOLD
PARAGMILK,Parag Milk Foods Limited,Consumer Defensive,Packaged Foods,208.9499969482422,False,144.0,False,False,Sector: Consumer Defensive,-13.46,-15.34,False,3832.0,3742.0,True,EXIT
EFCIL,EFC (I) Limited,Real Estate,Real Estate Services,184.88999938964844,False,69.0,False,False,Sector: Real Estate,-31.85,-48.21,False,463.0,459.0,True,EXIT
SILVERTUC,Silver Touch Technologies Limited,Technology,Information Technology Services,196.52000427246094,False,44.0,True,False,Sector: Technology,-73.27,-74.81,False,332.0,315.0,True,EXIT
HUBTOWN,Hubtown Limited,Real Estate,Real Estate - Development,180.1199951171875,False,60.0,False,False,Sector: Real Estate,-32.56,-48.9,False,231.0,604.0,False,EXIT
INDSWFTLAB,Ind-Swift Laboratories Limited,Healthcare,Drug Manufacturers - Specialty & Generic,322.05999755859375,False,59.0,False,True,Sector: Healthcare,235.12,243.36,True,662.0,1673.0,False,HOLD
RAJRATAN,Rajratan Global Wire Limited,Basic Materials,Steel,506.20001220703125,False,48.0,False,True,Sector: Basic Materials,56.71,55.96,True,758.0,722.0,True,HOLD
MEDIASSIST,MEDIASSIST,Healthcare,Healthcare Plans,349.79998779296875,False,57.0,True,False,Sector: Healthcare,-50.04,-39.64,False,241.0,225.0,True,EXIT
EVEREADY,Eveready Industries India Limited,Industrials,Electrical Equipment & Parts,357.1499938964844,False,178.0,False,True,Sector: Industrials,-21.39,-21.16,False,1488.0,1458.0,True,EXIT
TALBROAUTO,Talbros Automotive Components Limited,Consumer Cyclical,Auto Parts,423.04998779296875,True,90.0,False,True,Sector: Consumer Cyclical,55.64,51.81,True,902.0,870.0,True,HOLD
GKENERGY,GKENERGY,Utilities,Utilities - Renewable,122.12999725341797,False,224.0,True,False,Sector: Utilities,,,False,1742.0,1533.0,True,EXIT
PIXTRANS,PIX Transmissions Limited,Industrials,Specialty Industrial Machinery,1815.199951171875,False,116.0,True,True,Sector: Industrials,38.02,38.11,True,554.0,556.0,False,HOLD
BBL,Bharat Bijlee Limited,Industrials,Electrical Equipment & Parts,2304.39990234375,False,112.0,False,False,Sector: Industrials,-19.21,-18.99,False,2356.0,2274.0,True,EXIT
BETA,BETA,Healthcare,Drug Manufacturers - Specialty & Generic,2399.199951171875,False,16.0,False,True,Sector: Healthcare,12.47,22.4,True,215.0,225.0,False,HOLD
XPROINDIA,Xpro India Limited,Basic Materials,Specialty Chemicals,1106.800048828125,False,36.0,False,True,Sector: Basic Materials,-2.95,-3.53,False,535.0,535.0,True,EXIT
VEEDOL,Veedol Corporation Limited,Basic Materials,Specialty Chemicals,1517.800048828125,False,145.0,False,True,Sector: Basic Materials,-9.07,-9.63,False,1566.0,1557.0,True,EXIT
TASTYBITE,Tasty Bite Eatables Limited,Consumer Defensive,Packaged Foods,10392.0,False,36.0,False,True,Sector: Consumer Defensive,4.35,2.34,True,583.0,554.0,True,HOLD
JNKINDIA,JNK India Limited,Industrials,Specialty Industrial Machinery,454.0,False,77.0,True,True,Sector: Industrials,53.24,53.29,True,820.0,756.0,True,HOLD
KNACK,KNACK,Consumer Cyclical,Packaging & Containers,199.60000610351562,False,,False,False,Sector: Consumer Cyclical,,,False,,810.0,False,EXIT
SPORTKING,Sportking India Limited,Consumer Cyclical,Textile Manufacturing,209.6199951171875,False,162.0,False,True,Sector: Consumer Cyclical,87.67,83.77,True,2614.0,2524.0,True,HOLD
FMGOETZE,Federal-Mogul Goetze (India) Limited,Consumer Cyclical,Auto Parts,471.6499938964844,False,169.0,True,True,Sector: Consumer Cyclical,-10.98,-14.64,False,1965.0,1924.0,True,HOLD
INDNIPPON,India Nippon Electricals Limited,Consumer Cyclical,Auto Parts,1110.0999755859375,False,115.0,True,True,Sector: Consumer Cyclical,40.51,36.73,True,1148.0,1068.0,True,HOLD
GLOBUSSPR,Globus Spirits Limited,Consumer Defensive,Beverages - Wineries & Distilleries,905.2000122070312,False,104.0,False,False,Sector: Consumer Defensive,-27.55,-29.33,False,2798.0,2708.0,True,EXIT
FISCHER,Fischer Medical Ventures Limited,Healthcare,Medical Devices,38.959999084472656,False,-13.0,False,False,Sector: Healthcare,-75.06,-64.48,False,14.0,17.0,False,EXIT
PARKHOTELS,PARKHOTELS,Consumer Cyclical,Lodging,116.8499984741211,False,68.0,False,False,Sector: Consumer Cyclical,-21.96,-25.6,False,677.0,669.0,True,EXIT
RISHABH,Rishabh Instruments Limited,Technology,Scientific & Technical Instruments,695.0,True,44.0,True,True,Sector: Technology,61.97,59.54,True,283.0,268.0,True,ADD
UTKARSHBNK,Utkarsh Small Finance Bank Limited,Financial Services,Banks - Regional,13.880000114440918,False,-945.0,False,False,Sector: Financial Services,-36.42,-36.23,False,3381.0,3765.0,False,EXIT
SUNDROP,Sundrop Brands Limited,Consumer Defensive,Packaged Foods,649.9500122070312,False,26.0,False,False,Sector: Consumer Defensive,-25.22,-27.02,False,916.0,916.0,True,EXIT
STOVEKRAFT,Stove Kraft Limited,Consumer Cyclical,"Furnishings, Fixtures & Appliances",756.5499877929688,False,49.0,False,True,Sector: Consumer Cyclical,18.0,14.27,True,1748.0,1607.0,True,HOLD
SATIN,Satin Creditcare Network Limited,Financial Services,Credit Services,225.08999633789062,False,380.0,False,True,Sector: Financial Services,60.96,60.68,True,2862.0,2825.0,True,HOLD
ARKADE,ARKADE,Real Estate,Real Estate - Development,127.6500015258789,False,-4.0,False,False,Sector: Real Estate,-17.07,-33.63,False,804.0,816.0,False,EXIT
SOLARA,Solara Active Pharma Sciences Limited,Healthcare,Drug Manufacturers - Specialty & Generic,550.0499877929688,False,-1.0,False,True,Sector: Healthcare,-26.81,-16.59,False,1431.0,1617.0,False,EXIT
PRAKASH,Prakash Industries Limited,Basic Materials,Steel,131.3800048828125,False,313.0,False,False,Sector: Basic Materials,-19.4,-19.92,False,3474.0,4014.0,False,EXIT
MANGLMCEM,Mangalam Cement Limited,Basic Materials,Building Materials,894.7999877929688,False,115.0,False,True,Sector: Basic Materials,19.24,18.6,True,1762.0,1802.0,False,HOLD
MARATHON,Marathon Nextgen Realty Limited,Real Estate,Real Estate - Development,359.29998779296875,False,184.0,False,False,Sector: Real Estate,-30.41,-46.78,False,192.0,445.0,False,EXIT
SAIPARENT,SAIPARENT,Healthcare,Drug Manufacturers - General,540.4000244140625,False,,False,False,Sector: Healthcare,,,False,,162.0,False,EXIT
COSMOFIRST,Cosmo First Limited,Consumer Cyclical,Packaging & Containers,930.7000122070312,False,106.0,False,True,Sector: Consumer Cyclical,-6.08,-9.75,False,3663.0,3356.0,True,EXIT
SIRCA,Sirca Paints India Limited,Basic Materials,Specialty Chemicals,442.29998779296875,False,67.0,True,False,Sector: Basic Materials,-6.94,-7.5,False,508.0,492.0,True,EXIT
PANACEABIO,Panacea Biotec Limited,Healthcare,Biotechnology,402.6499938964844,False,-22.0,False,False,Sector: Healthcare,-11.51,-1.41,False,436.0,679.0,False,EXIT
RAJESHEXPO,Rajesh Exports Limited,Consumer Cyclical,Luxury Goods,80.94999694824219,False,,False,False,Sector: Consumer Cyclical,-54.69,-58.25,False,,46899.0,False,EXIT
GANDHAR,Gandhar Oil Refinery (India) Limited,Energy,Oil & Gas Refining & Marketing,250.14999389648438,False,291.0,True,True,Sector: Energy,51.04,65.0,True,4250.0,3423.0,True,HOLD
CONFIPET,Confidence Petroleum India Limited,Energy,Oil & Gas Refining & Marketing,72.48999786376953,False,128.0,True,True,Sector: Energy,26.63,41.56,True,5815.0,4530.0,True,HOLD
RANEHOLDIN,Rane Holdings Limited,Consumer Cyclical,Auto Parts,1566.5,False,87.0,True,True,Sector: Consumer Cyclical,7.96,4.26,True,168.0,171.0,False,HOLD
VENUSREM,Venus Remedies Limited,Healthcare,Drug Manufacturers - Specialty & Generic,1769.800048828125,False,113.0,True,True,Sector: Healthcare,246.8,254.94,True,810.0,769.0,True,HOLD
JGCHEM,JGCHEM,Basic Materials,Other Industrial Metals & Mining,627.9500122070312,True,24.0,False,True,Sector: Basic Materials,22.17,21.53,True,314.0,335.0,False,HOLD
VERANDA,Veranda Learning Solutions Limited,Consumer Defensive,Education & Training Services,233.6999969482422,False,-1.04,False,True,Sector: Consumer Defensive,4.74,2.72,True,23.41,41.08,False,HOLD
SHK,S H Kelkar and Company Limited,Basic Materials,Specialty Chemicals,160.0,False,44.0,False,True,Sector: Basic Materials,-29.21,-29.7,False,1278.0,1280.0,False,EXIT
BOMDYEING,The Bombay Dyeing and Manufacturing Company Limited,Consumer Cyclical,Textile Manufacturing,111.56999969482422,False,20.0,False,False,Sector: Consumer Cyclical,-33.77,-37.37,False,1493.0,4430.0,False,EXIT
SPAL,S.P. Apparels Limited,Consumer Cyclical,Apparel Manufacturing,920.9000244140625,False,94.0,False,True,Sector: Consumer Cyclical,20.41,16.67,True,1099.0,1113.0,False,HOLD
NELCO,Nelco Limited,Technology,Communication Equipment,910.0999755859375,False,9.0,False,True,Sector: Technology,28.97,26.76,True,206.0,223.0,False,HOLD
GNA,G N A Axles Limited,Consumer Cyclical,Auto Parts,577.1500244140625,True,132.0,True,True,Sector: Consumer Cyclical,80.93,77.05,True,1605.0,1583.0,True,ADD
EASEMYTRIP,Easy Trip Planners Limited,Consumer Cyclical,Travel Services,6.110000133514404,False,-57.0,False,False,Sector: Consumer Cyclical,-34.45,-38.05,False,309.0,1049.0,False,EXIT
AJMERA,Ajmera Realty & Infra India Limited,Real Estate,Real Estate - Development,116.41000366210938,False,116.0,False,False,Sector: Real Estate,-21.47,-37.97,False,656.0,699.0,False,EXIT
KICL,Kalyani Investment Company Limited,Financial Services,Asset Management,5222.5,False,51.0,False,True,Sector: Financial Services,7.53,7.51,True,82.0,83.0,False,HOLD
EPACKPEB,EPACKPEB,Industrials,Engineering & Construction,223.0500030517578,False,95.0,True,False,Sector: Industrials,,,False,1596.0,1525.0,True,EXIT
NIBE,Nibe Limited,Industrials,Conglomerates,1411.0999755859375,False,4.0,False,True,Sector: Industrials,14.93,15.08,True,393.0,481.0,False,HOLD
MOLDTKPAC,Mold-Tek Packaging Limited,Consumer Cyclical,Packaging & Containers,669.8499755859375,False,76.0,False,True,Sector: Consumer Cyclical,-13.96,-17.61,False,947.0,887.0,True,EXIT
ADVAIT,Advait Energy Transitions Limited,Industrials,Specialty Industrial Machinery,2096.199951171875,False,51.0,True,False,Sector: Industrials,,,False,504.0,448.0,True,EXIT
PRABHA,Prabha Energy Limited,Energy,Oil & Gas E&P,199.7899932861328,False,1.04,False,True,Sector: Energy,-45.27,-27.47,False,5.64,31.02,False,EXIT
THEJO,Thejo Engineering Limited,Industrials,Specialty Industrial Machinery,2124.60009765625,False,61.0,True,True,Sector: Industrials,6.08,6.25,True,548.0,514.0,True,HOLD
HLEGLAS,HLE Glascoat Limited,Industrials,Specialty Industrial Machinery,315.95001220703125,False,34.0,False,False,Sector: Industrials,-43.06,-42.79,False,710.0,723.0,False,EXIT
SAGCEM,Sagar Cements Limited,Basic Materials,Building Materials,162.07000732421875,False,19.0,False,False,Sector: Basic Materials,-32.41,-32.9,False,1804.0,1964.0,False,EXIT
BRIGHOTEL,BRIGHOTEL,Consumer Cyclical,Lodging,60.650001525878906,False,92.0,True,False,Sector: Consumer Cyclical,-30.97,-34.58,False,456.0,454.0,True,EXIT
APOLLOPIPE,Apollo Pipes Limited,Industrials,Building Products & Equipment,576.4500122070312,False,-0.0,False,True,Sector: Industrials,39.92,40.01,True,912.0,977.0,False,HOLD
NITCO,NITCO Limited,Industrials,Building Products & Equipment,90.1500015258789,False,-24.0,False,False,Sector: Industrials,-32.82,-32.56,False,506.0,874.0,False,EXIT
GEOJITFSL,Geojit Financial Services Limited,Financial Services,Capital Markets,80.01000213623047,False,66.0,False,True,Sector: Financial Services,4.46,4.46,True,310.0,512.0,False,HOLD
PROTEAN,Protean eGov Technologies Limited,Technology,Information Technology Services,545.7000122070312,False,74.0,False,False,Sector: Technology,-37.07,-38.85,False,1037.0,996.0,True,EXIT
RAMCOSYS,Ramco Systems Limited,Technology,Software - Application,552.4000244140625,False,9.0,False,True,Sector: Technology,34.72,32.48,True,361.0,363.0,False,HOLD
REPCOHOME,Repco Home Finance Limited,Financial Services,Mortgage Finance,360.8500061035156,False,459.0,True,False,Sector: Financial Services,-5.78,-5.73,False,1823.0,1796.0,True,EXIT
SANSTAR,SANSTAR,Basic Materials,Chemicals,106.19000244140625,False,44.0,False,True,Sector: Basic Materials,27.29,26.62,True,821.0,1110.0,False,HOLD
ALEMBICLTD,Alembic Limited,Real Estate,Real Estate - Development,88.43000030517578,False,122.0,False,False,Sector: Real Estate,-1.62,-18.4,False,230.0,232.0,False,EXIT
ORIENTHOT,Oriental Hotels Limited,Consumer Cyclical,Lodging,139.5,False,73.0,False,True,Sector: Consumer Cyclical,1.74,-1.96,False,495.0,491.0,True,EXIT
INA,Insolation Energy Limited,Technology,Solar,93.30999755859375,False,3.78,False,False,Sector: Technology,,,False,79.82,258.66,False,EXIT
DYCL,Dynamic Cables Limited,Industrials,Electrical Equipment & Parts,445.95001220703125,False,91.0,True,True,Sector: Industrials,-5.06,-4.87,False,1285.0,1198.0,True,HOLD
HONDAPOWER,Honda India Power Products Limited,Industrials,Specialty Industrial Machinery,2082.39990234375,False,66.0,False,False,Sector: Industrials,-34.99,-34.73,False,900.0,1246.0,False,EXIT
BAJEL,Bajel Projects Limited,Utilities,Utilities - Regulated Electric,180.22000122070312,False,28.0,True,True,Sector: Utilities,12.46,-15.44,False,2751.0,2792.0,False,HOLD
SPANDANA,Spandana Sphoorty Financial Limited,Financial Services,Credit Services,239.3000030517578,False,-279.0,False,False,Sector: Financial Services,-2.27,-2.24,False,906.0,2280.0,False,EXIT
BHARATRAS,Bharat Rasayan Limited,Basic Materials,Agricultural Inputs,1278.4000244140625,False,136.0,False,False,Sector: Basic Materials,-53.67,-54.1,False,1203.0,1301.0,False,EXIT
VINCOFE,Vintage Coffee and Beverages Limited,Consumer Defensive,Beverages - Non-Alcoholic,152.91000366210938,False,14.0,True,True,Sector: Consumer Defensive,-2.4,-4.36,False,310.0,317.0,False,HOLD
SHRINGARMS,Shringar House of Mangalsutra Limited,Consumer Cyclical,Luxury Goods,224.47999572753906,False,121.0,True,True,Sector: Consumer Cyclical,,,False,2462.0,2246.0,True,HOLD
VENKEYS,Venky's (India) Limited,Consumer Defensive,Farm Products,1502.199951171875,False,173.0,False,True,Sector: Consumer Defensive,1.8,-0.19,False,3980.0,4400.0,False,EXIT
TCIEXP,TCI Express Limited,Industrials,Integrated Freight & Logistics,547.2000122070312,False,91.0,False,False,Sector: Industrials,-21.14,-20.91,False,1261.0,1254.0,True,EXIT
SOMANYCERA,Somany Ceramics Limited,Industrials,Building Products & Equipment,509.25,False,117.0,True,True,Sector: Industrials,-1.2,-1.02,False,2750.0,2640.0,True,HOLD
TAJGVK,TAJGVK Hotels & Resorts Limited,Consumer Cyclical,Lodging,344.04998779296875,False,99.0,False,False,Sector: Consumer Cyclical,-21.78,-25.41,False,477.0,474.0,True,EXIT
GREENPANEL,Greenpanel Industries Limited,Basic Materials,Lumber & Wood Production,160.66000366210938,False,7.0,False,False,Sector: Basic Materials,-38.88,-39.34,False,1561.0,1783.0,False,EXIT
LAOPALA,La Opala RG Limited,Consumer Cyclical,"Furnishings, Fixtures & Appliances",187.24000549316406,False,93.0,False,False,Sector: Consumer Cyclical,-24.46,-28.09,False,315.0,452.0,False,EXIT
PARACABLES,Paramount Communications Limited,Technology,Communication Equipment,62.72999954223633,False,61.0,False,True,Sector: Technology,30.19,27.98,True,1991.0,1912.0,True,HOLD
NGLFINE,NGL Fine-Chem Limited,Healthcare,Drug Manufacturers - General,3040.39990234375,False,50.0,False,True,Sector: Healthcare,95.34,104.63,True,525.0,489.0,True,HOLD
LANDMARK,Landmark Cars Limited,Consumer Cyclical,Auto & Truck Dealerships,510.25,False,44.0,False,True,Sector: Consumer Cyclical,-8.55,-12.22,False,854.0,800.0,True,EXIT
SAKSOFT,Saksoft Limited,Technology,Information Technology Services,164.3699951171875,False,81.0,True,False,Sector: Technology,-23.79,-25.66,False,489.0,493.0,False,EXIT
EXICOM,Exicom Tele-Systems Limited,Industrials,Electrical Equipment & Parts,155.7100067138672,False,26.0,False,True,Sector: Industrials,5.3,5.47,True,981.0,895.0,True,HOLD
HUHTAMAKI,Huhtamaki India Limited,Consumer Cyclical,Packaging & Containers,268.04998779296875,False,136.0,False,True,Sector: Consumer Cyclical,29.02,25.26,True,2610.0,2983.0,False,HOLD
EPACK,EPACK Durable Limited,Consumer Cyclical,"Furnishings, Fixtures & Appliances",206.13999938964844,False,16.0,False,False,Sector: Consumer Cyclical,-44.01,-47.59,False,2117.0,2171.0,False,EXIT
ARMANFIN,Arman Financial Services Limited,Financial Services,Credit Services,1931.5999755859375,False,43.0,True,True,Sector: Financial Services,26.72,26.61,True,231.0,216.0,True,HOLD
PENIND,Pennar Industries Limited,Industrials,Specialty Industrial Machinery,158.22999572753906,False,100.0,False,False,Sector: Industrials,-41.94,-41.66,False,2662.0,2748.0,False,EXIT
HESTERBIO,Hester Biosciences Limited,Healthcare,Drug Manufacturers - Specialty & Generic,2412.300048828125,False,59.0,True,True,Sector: Healthcare,8.08,18.04,True,301.0,292.0,True,HOLD
GMBREW,G.M. Breweries Limited,Consumer Defensive,Beverages - Wineries & Distilleries,873.5,False,169.0,True,False,Sector: Consumer Defensive,30.11,27.91,True,785.0,748.0,True,HOLD
HPL,HPL Electric & Power Limited,Industrials,Electrical Equipment & Parts,310.79998779296875,False,84.0,False,False,Sector: Industrials,-40.7,-40.43,False,1974.0,1858.0,True,EXIT
DOLPHIN,Dolphin Offshore Enterprises (India) Limited,Energy,Oil & Gas Equipment & Services,619.25,False,37.0,False,True,Sector: Energy,23.93,38.97,True,14.0,340.0,False,HOLD
JAYKAY,Jaykay Enterprises Limited,Industrials,Specialty Business Services,147.61000061035156,False,263.0,False,False,Sector: Industrials,,,False,7.0,6.0,True,EXIT
INDOCO,Indoco Remedies Limited,Healthcare,Drug Manufacturers - Specialty & Generic,217.19000244140625,False,105.0,False,False,Sector: Healthcare,-36.74,-26.44,False,1701.0,1791.0,False,EXIT
EMSLIMITED,EMS Limited,Industrials,Engineering & Construction,394.95001220703125,False,66.0,False,True,Sector: Industrials,-31.54,-31.29,False,523.0,941.0,False,EXIT
KCP,The KCP Limited,Basic Materials,Building Materials,151.38999938964844,False,118.0,False,False,Sector: Basic Materials,-27.43,-27.93,False,1555.0,1695.0,False,EXIT
HINDOILEXP,Hindustan Oil Exploration Company Limited,Energy,Oil & Gas E&P,153.7100067138672,False,74.0,False,True,Sector: Energy,-27.34,-10.25,False,281.0,570.0,False,EXIT
BFUTILITIE,BF Utilities Limited,Industrials,Infrastructure Operations,530.6500244140625,False,-9.21,False,False,Sector: Industrials,-36.44,-36.18,False,18.98,21.25,False,EXIT
BCG,Brightcom Group Limited,Communication Services,Advertising Agencies,9.149999618530273,False,0.0,False,False,Sector: Communication Services,-27.39,-46.34,False,436.0,492.0,False,EXIT
CAMLINFINE,Camlin Fine Sciences Limited,Basic Materials,Specialty Chemicals,106.1500015258789,False,-35.0,False,False,Sector: Basic Materials,-48.12,-48.56,False,869.0,886.0,False,EXIT
ESAFSFB,ESAF Small Finance Bank,Financial Services,Banks - Regional,41.91999816894531,False,-5.0,False,True,Sector: Financial Services,37.56,37.4,True,3807.0,3858.0,False,HOLD
AEROPLANE,AEROPLANE,Consumer Defensive,Farm Products,179.3000030517578,False,89.0,True,False,Sector: Consumer Defensive,,,False,2218.0,2030.0,True,EXIT
CANTABIL,Cantabil Retail India Limited,Consumer Cyclical,Apparel Manufacturing,232.1199951171875,False,97.0,True,False,Sector: Consumer Cyclical,-6.35,-10.02,False,873.0,853.0,True,EXIT
SIMPLEXINF,Simplex Infrastructures Limited,Industrials,Engineering & Construction,261.6499938964844,False,45.0,False,True,Sector: Industrials,-17.85,-17.63,False,667.0,6041.0,False,EXIT
TIL,TIL Limited,Industrials,Farm & Heavy Construction Machinery,227.0,False,-32.0,False,False,Sector: Industrials,-22.7,-22.47,False,339.0,471.0,False,EXIT
GOCLCORP,GOCL Corporation Limited,Basic Materials,Specialty Chemicals,398.54998779296875,False,271.0,False,True,Sector: Basic Materials,1.47,0.89,True,11.0,175.0,False,HOLD
TINNARUBR,Tinna Rubber and Infrastructure Limited,Basic Materials,Specialty Chemicals,1049.4000244140625,False,62.0,True,True,Sector: Basic Materials,24.87,24.22,True,557.0,533.0,True,HOLD
DCXINDIA,DCX Systems Limited,Industrials,Aerospace & Defense,174.6699981689453,False,27.0,False,False,Sector: Industrials,-35.01,-34.75,False,621.0,1423.0,False,EXIT
WINDLAS,Windlas Biotech Limited,Healthcare,Drug Manufacturers - Specialty & Generic,964.9500122070312,False,66.0,True,True,Sector: Healthcare,-21.89,-11.71,False,942.0,904.0,True,HOLD
NDRAUTO,NDR Auto Components Limited,Consumer Cyclical,Auto Parts,781.0499877929688,False,57.0,True,False,Sector: Consumer Cyclical,-22.32,-25.95,False,861.0,823.0,True,EXIT
INDIANHUME,The Indian Hume Pipe Company Limited,Industrials,Engineering & Construction,363.20001220703125,False,143.0,False,True,Sector: Industrials,-9.57,-9.37,False,1301.0,1792.0,False,EXIT
WEL,Wonder Electricals Limited,Consumer Cyclical,"Furnishings, Fixtures & Appliances",146.25999450683594,False,12.0,False,True,Sector: Consumer Cyclical,-6.9,-10.57,False,734.0,894.0,False,EXIT
JISLJALEQS,Jain Irrigation Systems Limited,Industrials,Conglomerates,28.049999237060547,False,3.0,False,False,Sector: Industrials,-48.43,-48.14,False,3313.0,4402.0,False,EXIT
MUKANDLTD,Mukand Limited,Basic Materials,Steel,134.57000732421875,False,662.0,True,True,Sector: Basic Materials,-2.84,-3.42,False,4986.0,5618.0,False,HOLD
TIRUMALCHM,Thirumalai Chemicals Limited,Basic Materials,Specialty Chemicals,144.27999877929688,False,-37.0,False,False,Sector: Basic Materials,-49.37,-49.81,False,1245.0,2152.0,False,EXIT
SAKAR,Sakar Healthcare Limited,Healthcare,Drug Manufacturers - Specialty & Generic,871.0,False,36.0,True,True,Sector: Healthcare,160.32,169.12,True,272.0,252.0,True,HOLD
TEAMLEASE,TeamLease Services Limited,Industrials,Staffing & Employment Services,1235.199951171875,False,97.0,False,False,Sector: Industrials,-34.73,-34.47,False,10835.0,10736.0,True,EXIT
TARSONS,Tarsons Products Limited,Healthcare,Medical Instruments & Supplies,343.1000061035156,False,20.0,False,True,Sector: Healthcare,-5.6,4.46,False,348.0,333.0,True,EXIT
AWFIS,AWFIS,Industrials,Rental & Leasing Services,266.45001220703125,False,80.0,True,False,Sector: Industrials,-56.23,-55.92,False,1305.0,1229.0,True,EXIT
MOTISONS,MOTISONS,Consumer Cyclical,Luxury Goods,16.6200008392334,False,67.0,True,True,Sector: Consumer Cyclical,-16.4,-20.05,False,510.0,490.0,True,HOLD
VIDYAWIRES,VIDYAWIRES,Industrials,Electrical Equipment & Parts,88.25,False,64.0,True,False,Sector: Industrials,,,False,1911.0,1830.0,True,EXIT
HGS,Hinduja Global Solutions Limited,Industrials,Specialty Business Services,408.0,False,-160.0,False,False,Sector: Industrials,-26.56,-26.32,False,1813.0,2142.0,False,EXIT
MSPL,MSP Steel & Power Limited,Basic Materials,Steel,34.54999923706055,False,38.0,True,False,Sector: Basic Materials,6.04,5.44,True,2959.0,2905.0,True,HOLD
SCILAL,Shipping Corporation of India Land and Assets Limited,Real Estate,Real Estate Services,40.209999084472656,False,28.0,False,False,Sector: Real Estate,-4.18,-20.93,False,25.0,23.0,True,EXIT
HATHWAY,Hathway Cable and Datacom Limited,Communication Services,Entertainment,10.430000305175781,False,62.0,False,False,Sector: Communication Services,-11.97,-31.13,False,577.0,1307.0,False,EXIT
SERVOTECH,Servotech Renewable Power System Limited,Industrials,Electrical Equipment & Parts,81.13999938964844,False,40.0,True,False,Sector: Industrials,-38.23,-37.96,False,721.0,637.0,True,EXIT
CNL,Creative Newtech Limited,Technology,Electronics & Computer Distribution,1226.3499755859375,True,38.0,True,True,Sector: Technology,91.41,88.79,True,2650.0,2556.0,True,ADD
KRSNAA,Krsnaa Diagnostics Limited,Healthcare,Diagnostics & Research,536.0,False,,False,False,Sector: Healthcare,-44.76,-34.4,False,,691.0,False,EXIT
GRMOVER,GRM Overseas Limited,Consumer Defensive,Packaged Foods,88.79000091552734,False,55.0,False,False,Sector: Consumer Defensive,-28.97,-30.74,False,1244.0,1262.0,False,EXIT
BGRENERGY,BGR Energy Systems Limited,Industrials,Engineering & Construction,246.5500030517578,False,-1243.0,False,False,Sector: Industrials,43.56,43.63,True,226.0,3438.0,False,EXIT
ALGOQUANT,Algoquant Fintech Limited,Financial Services,Capital Markets,65.69999694824219,False,45.0,False,False,Sector: Financial Services,,,False,259.0,235.0,True,EXIT
NUCLEUS,Nucleus Software Exports Limited,Technology,Software - Application,727.7999877929688,False,102.0,False,False,Sector: Technology,-30.94,-32.76,False,799.0,806.0,False,EXIT
SBC,SBC Exports Limited,Industrials,Conglomerates,38.880001068115234,False,34.0,True,True,Sector: Industrials,101.69,101.63,True,346.0,301.0,True,HOLD
INSECTICID,Insecticides (India) Limited,Basic Materials,Agricultural Inputs,613.5499877929688,False,120.0,False,False,Sector: Basic Materials,-29.52,-30.02,False,2069.0,2144.0,False,EXIT
PAUSHAKLTD,Paushak Limited,Basic Materials,Specialty Chemicals,777.7999877929688,True,42.0,False,False,Sector: Basic Materials,,,False,246.0,219.0,True,EXIT
EIHAHOTELS,EIH Associated Hotels Limited,Consumer Cyclical,Lodging,294.3999938964844,False,88.0,False,False,Sector: Consumer Cyclical,-26.78,-30.4,False,381.0,408.0,False,EXIT
PFS,PTC India Financial Services Limited,Financial Services,Credit Services,27.920000076293945,False,223.0,False,False,Sector: Financial Services,-31.71,-31.55,False,476.0,1364.0,False,EXIT
OMAXE,Omaxe Limited,Real Estate,Real Estate - Development,99.41000366210938,False,-192.0,False,True,Sector: Real Estate,24.27,7.13,True,410.0,1268.0,False,HOLD
ASIANENE,Asian Energy Services Limited,Energy,Oil & Gas Equipment & Services,478.75,True,48.0,False,True,Sector: Energy,20.6,35.77,True,526.0,492.0,True,HOLD
CAPACITE,Capacit'e Infraprojects Limited,Industrials,Engineering & Construction,205.52999877929688,False,171.0,False,False,Sector: Industrials,-31.33,-31.08,False,2250.0,2236.0,True,EXIT
PNGSREVA,PNGSREVA,Consumer Cyclical,Luxury Goods,564.3499755859375,False,84.0,True,False,Sector: Consumer Cyclical,,,False,503.0,439.0,True,EXIT
KABRAEXTRU,Kabra Extrusiontechnik Limited,Industrials,Specialty Industrial Machinery,500.79998779296875,False,3.0,False,True,Sector: Industrials,102.76,102.7,True,490.0,670.0,False,HOLD
5PAISA,5paisa Capital Limited,Financial Services,Capital Markets,405.6000061035156,False,44.0,False,True,Sector: Financial Services,6.14,6.12,True,330.0,395.0,False,HOLD
MARSONS,Marsons Limited,Industrials,Electrical Equipment & Parts,108.37000274658203,False,44.0,False,False,Sector: Industrials,,,False,247.0,245.0,True,EXIT
GOODYEAR,Goodyear India Limited,Consumer Cyclical,Auto Parts,761.4000244140625,False,54.0,False,False,Sector: Consumer Cyclical,,,False,2594.0,2928.0,False,EXIT
KAPSTON,Kapston Services Limited,Industrials,Specialty Business Services,523.4000244140625,False,30.0,True,True,Sector: Industrials,111.39,111.31,True,860.0,830.0,True,HOLD
YATRA,Yatra Online Limited,Consumer Cyclical,Travel Services,113.3499984741211,False,32.0,False,False,Sector: Consumer Cyclical,-25.2,-28.82,False,653.0,843.0,False,EXIT
SHANTIGOLD,SHANTIGOLD,Consumer Cyclical,Luxury Goods,241.75,False,186.0,True,True,Sector: Consumer Cyclical,7.36,3.65,True,2442.0,2019.0,True,HOLD
RICOAUTO,Rico Auto Industries Limited,Consumer Cyclical,Auto Parts,129.1300048828125,False,23.0,False,True,Sector: Consumer Cyclical,37.1,33.32,True,2030.0,1873.0,True,HOLD
JAICORPLTD,Jai Corp Limited,Basic Materials,Specialty Chemicals,98.68000030517578,False,86.0,False,False,Sector: Basic Materials,-25.08,-25.59,False,528.0,716.0,False,EXIT
MAHASTEEL,Mahamaya Steel Industries Limited,Basic Materials,Steel,1140.699951171875,True,9.0,True,True,Sector: Basic Materials,219.69,218.47,True,943.0,883.0,True,ADD
MACPOWER,Macpower CNC Machines Limited,Industrials,Specialty Industrial Machinery,1943.199951171875,True,39.0,True,True,Sector: Industrials,135.42,135.28,True,367.0,333.0,True,ADD
BFINVEST,BF Investment Limited,Financial Services,Asset Management,447.1499938964844,False,147.0,True,True,Sector: Financial Services,-5.73,-5.69,False,208.0,206.0,True,HOLD
GOCOLORS,Go Fashion (India) Limited,Consumer Cyclical,Apparel Retail,333.6000061035156,False,53.0,False,False,Sector: Consumer Cyclical,-48.79,-52.36,False,838.0,848.0,False,EXIT
CEINSYS,Ceinsys Tech Limited,Industrials,Engineering & Construction,763.7000122070312,False,149.0,False,False,Sector: Industrials,,,False,633.0,635.0,False,EXIT
KPEL,K.P. Energy Limited,Industrials,Engineering & Construction,268.20001220703125,False,180.0,True,False,Sector: Industrials,-40.35,-40.08,False,1786.0,1488.0,True,EXIT
JINDRILL,Jindal Drilling & Industries Limited,Energy,Oil & Gas Equipment & Services,635.0999755859375,False,169.0,False,True,Sector: Energy,-17.14,-0.46,False,1018.0,997.0,True,EXIT
GARUDA,GARUDA,Industrials,Engineering & Construction,180.77999877929688,False,136.0,True,False,Sector: Industrials,-11.01,-10.81,False,581.0,531.0,True,EXIT
ACCELYA,Accelya Solutions India Limited,Technology,Information Technology Services,1134.5999755859375,False,,False,False,Sector: Technology,-20.28,-22.17,False,,527.0,False,EXIT
AURUM,Aurum PropTech Limited,Real Estate,Real Estate Services,229.72999572753906,False,65.0,False,True,Sector: Real Estate,44.7,27.27,True,3.0,16.0,False,HOLD
MCLOUD,Magellanic Cloud Limited,Technology,Information Technology Services,29.719999313354492,False,21.0,True,False,Sector: Technology,-66.14,-67.73,False,96.0,102.0,False,EXIT
RHETAN,Rhetan TMT Limited,Basic Materials,Steel,21.6200008392334,False,13.0,True,False,Sector: Basic Materials,,,False,23.0,86.0,False,EXIT
TBZ,Tribhovandas Bhimji Zaveri Limited,Consumer Cyclical,Luxury Goods,248.0500030517578,False,212.0,True,True,Sector: Consumer Cyclical,31.98,28.22,True,3420.0,3203.0,True,HOLD
STUDDS,STUDDS,Consumer Cyclical,Auto Parts,448.0,False,77.0,False,False,Sector: Consumer Cyclical,,,False,649.0,630.0,True,EXIT
SMCGLOBAL,SMC Global Securities Limited,Financial Services,Capital Markets,81.33000183105469,False,84.0,False,True,Sector: Financial Services,15.6,15.54,True,995.0,993.0,True,HOLD
BLUSPRING,Bluspring Enterprises Limited,Industrials,Specialty Business Services,119.86000061035156,True,19.0,True,True,Sector: Industrials,39.09,39.17,True,2369.0,2322.0,True,ADD
MTNL,Mahanagar Telephone Nigam Limited,Communication Services,Telecom Services,26.709999084472656,False,-3003.0,False,False,Sector: Communication Services,-24.07,-43.07,False,916.0,3398.0,False,EXIT
VOEPL,Virtuoso Optoelectronics Limited,Technology,Consumer Electronics,494.3500061035156,True,18.0,True,False,Sector: Technology,,,False,1008.0,835.0,True,EXIT
RATNAVEER,Ratnaveer Precision Engineering Limited,Basic Materials,Steel,250.39999389648438,True,68.0,True,True,Sector: Basic Materials,66.77,65.99,True,1119.0,1069.0,True,ADD
SHALBY,Shalby Limited,Healthcare,Medical Care Facilities,155.4499969482422,False,112.0,False,False,Sector: Healthcare,-35.18,-24.9,False,916.0,899.0,True,EXIT
RACLGEAR,RACL Geartech Limited,Consumer Cyclical,Auto Parts,1438.699951171875,False,47.0,True,True,Sector: Consumer Cyclical,56.01,52.18,True,505.0,478.0,True,HOLD
TTKHLTCARE,TTK Healthcare Limited,Healthcare,Drug Manufacturers - General,1099.0999755859375,False,74.0,False,True,Sector: Healthcare,-13.68,-3.56,False,888.0,857.0,True,EXIT
HINDWAREAP,Hindware Home Innovation Limited,Consumer Cyclical,"Furnishings, Fixtures & Appliances",199.19000244140625,False,-41.0,False,False,Sector: Consumer Cyclical,-34.22,-37.82,False,328.0,557.0,False,EXIT
IFGLEXPOR,IFGL Refractories Limited,Basic Materials,Building Materials,220.69000244140625,False,40.0,False,True,Sector: Basic Materials,-20.42,-20.94,False,1131.0,1109.0,True,EXIT
DELTACORP,Delta Corp Limited,Consumer Cyclical,Resorts & Casinos,59.68000030517578,False,-17.0,False,False,Sector: Consumer Cyclical,-33.56,-37.17,False,502.0,636.0,False,EXIT
IPL,India Pesticides Limited,Basic Materials,Agricultural Inputs,137.2899932861328,False,110.0,False,False,Sector: Basic Materials,-39.91,-40.38,False,1034.0,1057.0,False,EXIT
SURYODAY,Suryoday Small Finance Bank Limited,Financial Services,Banks - Regional,151.72999572753906,False,192.0,False,True,Sector: Financial Services,15.65,15.59,True,2287.0,2160.0,True,HOLD
KRISHNADEF,KRISHNADEF,Industrials,Specialty Industrial Machinery,1077.800048828125,False,41.0,True,True,Sector: Industrials,38.36,38.45,True,234.0,245.0,False,HOLD
MOL,Meghmani Organics Limited,Basic Materials,Agricultural Inputs,61.869998931884766,False,142.0,False,True,Sector: Basic Materials,-29.13,-29.62,False,2022.0,2557.0,False,EXIT
MVELECTRO,MVELECTRO,Industrials,Electrical Equipment & Parts,570.2000122070312,False,,False,False,Sector: Industrials,,,False,,68.0,False,EXIT
VIKRAN,VIKRAN,Industrials,Engineering & Construction,60.779998779296875,False,104.0,True,False,Sector: Industrials,,,False,1294.0,1249.0,True,EXIT
SPMLINFRA,SPML Infra Limited,Industrials,Engineering & Construction,195.55999755859375,False,87.0,True,True,Sector: Industrials,-35.96,-35.7,False,995.0,1701.0,False,HOLD
MOBIKWIK,MOBIKWIK,Technology,Software - Infrastructure,195.61000061035156,False,-6.0,False,False,Sector: Technology,-11.64,-13.59,False,1110.0,1164.0,False,EXIT
SURAKSHA,SURAKSHA,Healthcare,Diagnostics & Research,308.5,False,37.0,True,True,Sector: Healthcare,-12.09,-1.98,False,314.0,301.0,True,HOLD
WENDT,Wendt (India) Limited,Industrials,Tools & Accessories,7967.5,False,26.0,False,True,Sector: Industrials,-23.04,-22.81,False,223.0,215.0,True,EXIT
HITECH,Hi-Tech Pipes Limited,Basic Materials,Steel,77.05999755859375,False,61.0,False,False,Sector: Basic Materials,-13.62,-14.16,False,3924.0,3443.0,True,EXIT
IKIO,IKIO Technologies Limited,Technology,Electronic Components,195.1699981689453,False,16.0,False,True,Sector: Technology,-13.73,-15.65,False,176.0,241.0,False,EXIT
SUMMITSEC,Summit Securities Limited,Financial Services,Capital Markets,1430.199951171875,False,46.0,False,False,Sector: Financial Services,-33.21,-33.04,False,80.0,86.0,False,EXIT
INFOBEAN,InfoBeans Technologies Limited,Technology,Software - Application,157.75999450683594,False,67.0,True,False,Sector: Technology,-5.22,-7.2,False,413.0,381.0,True,EXIT
AYMSYNTEX,AYM Syntex Limited,Consumer Cyclical,Textile Manufacturing,265.20001220703125,False,19.0,False,True,Sector: Consumer Cyclical,40.03,36.25,True,1390.0,1491.0,False,HOLD
BHARATSE,Bharat Seats Limited,Consumer Cyclical,Auto Parts,227.19000244140625,False,46.0,True,True,Sector: Consumer Cyclical,77.3,73.43,True,2102.0,1951.0,True,HOLD
DOLLAR,Dollar Industries Limited,Consumer Cyclical,Apparel Manufacturing,268.0,False,111.0,False,False,Sector: Consumer Cyclical,-25.37,-28.99,False,1850.0,1845.0,True,EXIT
GTLINFRA,GTL Infrastructure Limited,Technology,Communication Equipment,1.2100000381469727,False,1081.0,True,False,Sector: Technology,-21.37,-23.25,False,1365.0,2333.0,False,EXIT
VIDHIING,Vidhi Specialty Food Ingredients Limited,Basic Materials,Specialty Chemicals,315.70001220703125,False,54.0,False,False,Sector: Basic Materials,-15.16,-15.69,False,438.0,537.0,False,EXIT
MBEL,MBEL,Industrials,Engineering & Construction,278.5,False,78.0,False,False,Sector: Industrials,-40.97,-40.7,False,1121.0,1085.0,True,EXIT
SDBL,Som Distilleries & Breweries Limited,Consumer Defensive,Beverages - Brewers,73.11000061035156,False,-12.0,False,False,Sector: Consumer Defensive,-48.37,-50.0,False,368.0,794.0,False,EXIT
JISLDVREQS,Jain Irrigation Systems Limited,Industrials,Conglomerates,21.579999923706055,False,,False,False,Sector: Industrials,-33.02,-32.76,False,,,False,EXIT
ONEPOINT,One Point One Solutions Limited,Industrials,Specialty Business Services,56.310001373291016,False,31.0,True,True,Sector: Industrials,19.51,19.64,True,234.0,228.0,True,HOLD
WALCHANNAG,Walchandnagar Industries Limited,Industrials,Engineering & Construction,221.86000061035156,False,-3.0,False,True,Sector: Industrials,17.93,18.07,True,317.0,802.0,False,HOLD
DSSL,Dynacons Systems & Solutions Limited,Technology,Information Technology Services,1116.300048828125,False,85.0,True,True,Sector: Technology,15.89,13.77,True,1405.0,1423.0,False,HOLD
IVALUE,iValue Infosolutions Limited,Technology,Information Technology Services,278.6499938964844,False,98.0,True,True,Sector: Technology,,,False,926.0,1279.0,False,HOLD
ASIANTILES,Asian Granito India Limited,Industrials,Building Products & Equipment,46.040000915527344,False,0.0,False,False,Sector: Industrials,-27.51,-27.26,False,1113.0,1354.0,False,EXIT
ALLCARGO,Allcargo Logistics Limited,Industrials,Integrated Freight & Logistics,10.100000381469727,False,40.0,False,False,Sector: Industrials,-73.06,-72.71,False,2113.0,2879.0,False,EXIT
NAVKARCORP,Navkar Corporation Limited,Industrials,Integrated Freight & Logistics,97.4000015258789,False,40.0,False,False,Sector: Industrials,-22.47,-22.24,False,740.0,687.0,True,EXIT
JAGSNPHARM,Jagsonpal Pharmaceuticals Limited,Healthcare,Drug Manufacturers - Specialty & Generic,230.27999877929688,False,45.0,False,True,Sector: Healthcare,-18.94,-8.78,False,294.0,287.0,True,EXIT
DLINKINDIA,D-Link (India) Limited,Technology,Communication Equipment,445.75,False,106.0,True,True,Sector: Technology,-11.33,-13.27,False,1666.0,1559.0,True,HOLD
DIGITIDE,Digitide Solutions Limited,Industrials,Specialty Business Services,94.69000244140625,False,7.0,False,False,Sector: Industrials,-56.86,-56.55,False,1946.0,2067.0,False,EXIT
AGL,AGL,Industrials,Integrated Freight & Logistics,13.119999885559082,False,,False,False,Sector: Industrials,,,False,,2034.0,False,EXIT
INDORAMA,Indo Rama Synthetics (India) Limited,Consumer Cyclical,Textile Manufacturing,56.290000915527344,False,111.0,False,True,Sector: Consumer Cyclical,2.05,-1.64,False,4152.0,4519.0,False,EXIT
SESHAPAPER,Seshasayee Paper and Boards Limited,Basic Materials,Paper & Paper Products,226.75,False,84.0,False,False,Sector: Basic Materials,-17.61,-18.14,False,1817.0,2083.0,False,EXIT
GPTINFRA,GPT Infraprojects Limited,Industrials,Engineering & Construction,113.02999877929688,False,96.0,True,True,Sector: Industrials,-7.17,-6.98,False,1199.0,1226.0,False,HOLD
NITTAGELA,Nitta Gelatin India Limited,Basic Materials,Specialty Chemicals,1559.5,False,116.0,True,False,Sector: Basic Materials,,,False,590.0,588.0,True,EXIT
DIFFNKG,DIFFNKG,Industrials,Specialty Industrial Machinery,406.20001220703125,False,40.0,False,True,Sector: Industrials,12.99,13.14,True,377.0,354.0,True,HOLD
AEROENTER,Aeroflex Enterprises Limited,Basic Materials,Steel,130.13999938964844,False,99.0,False,True,Sector: Basic Materials,36.33,35.64,True,10.0,107.0,False,HOLD
QUADFUTURE,QUADFUTURE,Industrials,Railroads,339.75,False,-39.0,False,True,Sector: Industrials,-16.97,-16.75,False,165.0,153.0,True,EXIT
IGARASHI,Igarashi Motors India Limited,Consumer Cyclical,Auto Parts,438.8999938964844,False,16.0,False,True,Sector: Consumer Cyclical,-8.38,-12.04,False,912.0,866.0,True,EXIT
AMRUTANJAN,Amrutanjan Health Care Limited,Healthcare,Drug Manufacturers - Specialty & Generic,498.79998779296875,False,54.0,False,False,Sector: Healthcare,-43.14,-32.79,False,511.0,503.0,True,EXIT
ASALCBR,Associated Alcohols & Breweries Limited,Consumer Defensive,Beverages - Wineries & Distilleries,718.1500244140625,False,83.0,False,False,Sector: Consumer Defensive,-31.45,-33.2,False,1034.0,1075.0,False,EXIT
PNBGILTS,PNB Gilts Ltd.,Financial Services,Capital Markets,78.77999877929688,False,102.0,False,False,Sector: Financial Services,-27.41,-27.27,False,1747.0,1699.0,True,EXIT
SIGNPOST,Signpost India Limited,Communication Services,Advertising Agencies,266.1499938964844,False,73.0,True,True,Sector: Communication Services,14.14,-5.38,False,591.0,576.0,True,HOLD
UDS,Updater Services Limited,Industrials,Specialty Business Services,216.6300048828125,False,54.0,False,True,Sector: Industrials,-17.63,-17.41,False,1810.0,1762.0,True,EXIT
UGROCAP,UGRO Capital Limited,Financial Services,Credit Services,88.18000030517578,False,140.0,False,False,Sector: Financial Services,-47.06,-46.82,False,1770.0,1785.0,False,EXIT
ARFIN,Arfin India Limited,Basic Materials,Aluminum,83.62000274658203,False,16.0,False,True,Sector: Basic Materials,142.18,141.18,True,724.0,625.0,True,HOLD
ALLTIME,ALLTIME,Consumer Defensive,Household & Personal Products,210.52999877929688,False,35.0,False,False,Sector: Consumer Defensive,-32.19,-33.94,False,614.0,610.0,True,EXIT
IGPL,I G Petrochemicals Limited,Basic Materials,Chemicals,476.3999938964844,False,102.0,False,True,Sector: Basic Materials,2.31,1.72,True,2073.0,2352.0,False,HOLD
IZMO,IZMO Limited,Technology,Software - Application,871.5499877929688,False,-0.08,False,True,Sector: Technology,56.51,54.12,True,40.61,46.86,False,HOLD
SYNCOMF,Syncom Formulations (India) Limited,Healthcare,Drug Manufacturers - Specialty & Generic,15.329999923706055,False,85.0,True,True,Sector: Healthcare,-22.84,-12.65,False,495.0,487.0,True,HOLD
STEELXIND,Steel Exchange India Limited,Basic Materials,Steel,10.670000076293945,False,32.0,False,True,Sector: Basic Materials,6.05,5.45,True,1029.0,1658.0,False,HOLD
CLSEL,Chaman Lal Setia Exports Ltd.,Consumer Defensive,Packaged Foods,279.20001220703125,False,125.0,True,True,Sector: Consumer Defensive,-2.3,-4.26,False,1478.0,1495.0,False,HOLD
JAYBARMARU,Jay Bharat Maruti Limited,Consumer Cyclical,Auto Parts,125.5999984741211,False,136.0,False,True,Sector: Consumer Cyclical,56.35,52.52,True,2621.0,2551.0,True,HOLD
RSL,RSL,Basic Materials,Steel,165.3699951171875,True,59.0,True,False,Sector: Basic Materials,,,False,1082.0,1007.0,True,EXIT
ANDHRSUGAR,The Andhra Sugars Limited,Basic Materials,Chemicals,99.52999877929688,False,104.0,False,True,Sector: Basic Materials,25.98,25.32,True,1479.0,1453.0,True,HOLD
SPIC,Southern Petrochemical Industries Corporation Limited,Basic Materials,Agricultural Inputs,68.05000305175781,False,,False,False,Sector: Basic Materials,-41.29,-41.75,False,,3086.0,False,EXIT
TEXINFRA,Texmaco Infrastructure & Holdings Limited,Real Estate,Real Estate Services,107.45999908447266,False,8.09,False,True,Sector: Real Estate,24.77,7.62,True,11.2,14.58,False,HOLD
NINSYS,NINtec Systems Limited,Technology,Information Technology Services,720.4000244140625,False,29.0,True,True,Sector: Technology,68.66,66.19,True,104.0,102.0,True,HOLD
ATULAUTO,Atul Auto Limited,Consumer Cyclical,Auto Manufacturers,489.1000061035156,False,54.0,True,True,Sector: Consumer Cyclical,10.83,7.12,True,832.0,786.0,True,HOLD
SOLARWORLD,SOLARWORLD,Technology,Solar,153.57000732421875,False,132.0,False,False,Sector: Technology,,,False,1278.0,1202.0,True,EXIT
SKMEGGPROD,SKM Egg Products Export (India) Limited,Consumer Defensive,Packaged Foods,253.25999450683594,False,110.0,True,True,Sector: Consumer Defensive,56.19,53.8,True,772.0,767.0,True,HOLD
INDOBORAX,Indo Borax & Chemicals Limited,Basic Materials,Chemicals,433.8500061035156,False,56.0,True,True,Sector: Basic Materials,58.61,57.86,True,232.0,215.0,True,HOLD
JAGRAN,Jagran Prakashan Limited,Communication Services,Publishing,61.540000915527344,False,220.0,False,False,Sector: Communication Services,2.31,-17.04,False,1691.0,1940.0,False,EXIT
KROSS,KROSS,Consumer Cyclical,Auto Parts,198.27000427246094,False,58.0,True,True,Sector: Consumer Cyclical,10.4,6.69,True,718.0,673.0,True,HOLD
PUNJABCHEM,Punjab Chemicals and Crop Protection Limited,Basic Materials,Chemicals,1156.300048828125,False,64.0,False,True,Sector: Basic Materials,-6.59,-7.15,False,1053.0,1025.0,True,EXIT
PASHUPATI,Pashupati Cotspin Limited,Consumer Cyclical,Textile Manufacturing,86.30999755859375,False,16.0,False,False,Sector: Consumer Cyclical,27.02,23.27,True,672.0,661.0,True,EXIT
IMPAL,India Motor Parts & Accessories Limited,Consumer Cyclical,Auto Parts,1096.0,False,98.0,True,True,Sector: Consumer Cyclical,6.81,3.11,True,875.0,837.0,True,HOLD
SHRIRAMPPS,Shriram Properties Limited,Real Estate,Real Estate - Development,77.30999755859375,False,29.0,False,False,Sector: Real Estate,0.64,-16.18,False,209.0,452.0,False,EXIT
APEX,Apex Frozen Foods Limited,Consumer Defensive,Farm Products,400.04998779296875,False,51.0,False,True,Sector: Consumer Defensive,75.25,72.71,True,927.0,1070.0,False,HOLD
UNIENTER,Uniphos Enterprises Limited,Basic Materials,Chemicals,95.48999786376953,False,20.0,False,False,Sector: Basic Materials,-38.74,-39.21,False,26.0,112.0,False,EXIT
ASTEC,Astec LifeSciences Limited,Basic Materials,Agricultural Inputs,603.7999877929688,False,-67.0,False,False,Sector: Basic Materials,-34.44,-34.92,False,441.0,677.0,False,EXIT
ONIDA,Onida Electronics Limited,Consumer Cyclical,"Furnishings, Fixtures & Appliances",36.93000030517578,False,-76.0,False,True,Sector: Consumer Cyclical,34.79,31.02,True,702.0,1192.0,False,HOLD
RGL,Renaissance Global Limited,Consumer Cyclical,Luxury Goods,130.1300048828125,False,29.0,False,True,Sector: Consumer Cyclical,12.23,8.52,True,1543.0,1517.0,True,HOLD
DEN,DEN Networks Limited,Communication Services,Entertainment,27.3799991607666,False,105.0,False,False,Sector: Communication Services,-8.15,-27.36,False,1012.0,1240.0,False,EXIT
NIITLTD,NIIT Limited,Consumer Defensive,Education & Training Services,92.31999969482422,False,1.0,False,True,Sector: Consumer Defensive,-16.18,-18.04,False,221.0,401.0,False,EXIT
AVADHSUGAR,Avadh Sugar & Energy Limited,Consumer Defensive,Confectioners,743.9000244140625,False,66.0,False,True,Sector: Consumer Defensive,63.98,61.53,True,2756.0,2798.0,False,HOLD
DCW,DCW Limited,Basic Materials,Chemicals,43.2599983215332,False,71.0,False,False,Sector: Basic Materials,-46.45,-46.9,False,2210.0,2634.0,False,EXIT
CAPITALSFB,Capital Small Finance Bank Limited,Financial Services,Banks - Regional,287.6000061035156,False,151.0,True,True,Sector: Financial Services,-6.57,-6.52,False,1090.0,1049.0,True,HOLD
BHARATWIRE,Bharat Wire Ropes Limited,Basic Materials,Steel,186.3300018310547,False,69.0,False,False,Sector: Basic Materials,-0.14,-0.72,False,579.0,622.0,False,EXIT
MENONBE,Menon Bearings Limited,Consumer Cyclical,Auto Parts,265.8699951171875,True,34.0,True,True,Sector: Consumer Cyclical,104.68,100.73,True,232.0,219.0,True,ADD
ASIANHOTNR,Asian Hotels (North) Limited,Consumer Cyclical,Lodging,297.79998779296875,False,-92.0,False,False,Sector: Consumer Cyclical,-10.51,-14.17,False,348.0,341.0,True,EXIT
KALAMANDIR,Sai Silks (Kalamandir) Limited,Consumer Cyclical,Apparel Retail,84.69999694824219,False,137.0,False,False,Sector: Consumer Cyclical,-52.0,-55.56,False,1650.0,1654.0,False,EXIT
GALAPREC,GALAPREC,Industrials,Specialty Industrial Machinery,1017.5999755859375,False,37.0,True,True,Sector: Industrials,24.62,24.74,True,327.0,314.0,True,HOLD
PRECAM,Precision Camshafts Limited,Consumer Cyclical,Auto Parts,131.02000427246094,False,-5.0,False,False,Sector: Consumer Cyclical,-25.46,-29.08,False,601.0,675.0,False,EXIT
GPTHEALTH,GPT Healthcare Limited,Healthcare,Medical Care Facilities,154.05999755859375,False,47.0,False,True,Sector: Healthcare,-16.18,-6.04,False,492.0,473.0,True,EXIT
ELECTHERM,Electrotherm (India) Limited,Basic Materials,Steel,1033.9000244140625,False,-37.0,False,True,Sector: Basic Materials,29.82,29.15,True,3771.0,4272.0,False,HOLD
DHANBANK,Dhanlaxmi Bank Limited,Financial Services,Banks - Regional,32.220001220703125,False,115.0,True,True,Sector: Financial Services,16.63,16.56,True,1683.0,1601.0,True,HOLD
EXCELINDUS,Excel Industries Limited,Basic Materials,Specialty Chemicals,1133.25,False,69.0,False,True,Sector: Basic Materials,-14.23,-14.77,False,1078.0,1178.0,False,EXIT
JYOTISTRUC,Jyoti Structures Limited,Industrials,Specialty Industrial Machinery,10.710000038146973,False,64.0,True,False,Sector: Industrials,-35.64,-35.38,False,846.0,2782.0,False,EXIT
EXPLEOSOL,Expleo Solutions Limited,Technology,Information Technology Services,887.0499877929688,False,115.0,False,True,Sector: Technology,-13.66,-15.59,False,973.0,1025.0,False,EXIT
SULA,Sula Vineyards Limited,Consumer Defensive,Beverages - Wineries & Distilleries,145.42999267578125,False,8.0,False,False,Sector: Consumer Defensive,-44.37,-46.03,False,470.0,548.0,False,EXIT
GODAVARIB,GODAVARIB,Basic Materials,Chemicals,247.14999389648438,False,-3.0,False,False,Sector: Basic Materials,-7.81,-8.37,False,1983.0,2000.0,False,EXIT
STLNETWORK,STLNETWORK,Communication Services,Telecom Services,24.969999313354492,False,-40.0,False,True,Sector: Communication Services,,,False,831.0,1303.0,False,EXIT
FINOPB,Fino Payments Bank Limited,Financial Services,Banks - Regional,147.02999877929688,False,21.0,False,False,Sector: Financial Services,-46.67,-46.43,False,259.0,248.0,True,EXIT
ROTO,Roto Pumps Limited,Industrials,Specialty Industrial Machinery,66.0,False,24.0,False,True,Sector: Industrials,-27.21,-26.97,False,229.0,240.0,False,EXIT
CENTENKA,Century Enka Limited,Consumer Cyclical,Textile Manufacturing,569.9000244140625,False,148.0,False,True,Sector: Consumer Cyclical,16.15,12.43,True,1858.0,2098.0,False,HOLD
GYFTR,Gyftr Limited,Industrials,Specialty Business Services,151.89999389648438,False,17.0,False,False,Sector: Industrials,,,False,537.0,380.0,True,EXIT
SHREEPUSHK,Shree Pushkar Chemicals & Fertilisers Limited,Basic Materials,Specialty Chemicals,385.79998779296875,False,46.0,True,True,Sector: Basic Materials,8.03,7.42,True,581.0,567.0,True,HOLD
MANAKCOAT,Manaksia Coated Metals & Industries Limited,Industrials,Metal Fabrication,124.73999786376953,False,41.0,True,True,Sector: Industrials,-20.39,-20.17,False,897.0,884.0,True,HOLD
ALLDIGI,Alldigi Tech Limited,Industrials,Specialty Business Services,812.4500122070312,False,82.0,False,False,Sector: Industrials,-21.24,-21.02,False,347.0,346.0,True,EXIT
EKC,Everest Kanto Cylinder Limited,Industrials,Specialty Industrial Machinery,111.93000030517578,False,77.0,False,False,Sector: Industrials,-24.54,-24.3,False,932.0,1268.0,False,EXIT
AVTNPL,AVT Natural Products Limited,Basic Materials,Specialty Chemicals,86.58999633789062,False,68.0,False,True,Sector: Basic Materials,19.01,18.37,True,790.0,684.0,True,HOLD
WAAREEINDO,Indosolar Limited,Technology,Solar,293.1499938964844,False,166.0,False,False,Sector: Technology,-24.32,-26.18,False,554.0,680.0,False,EXIT
LINCOLN,Lincoln Pharmaceuticals Limited,Healthcare,Drug Manufacturers - Specialty & Generic,609.5,False,96.0,True,True,Sector: Healthcare,-0.72,9.3,False,694.0,671.0,True,HOLD
MWL,MWL,Basic Materials,Steel,41.25,True,52.0,True,True,Sector: Basic Materials,115.07,114.15,True,1248.0,1207.0,True,ADD
CENTRUM,Centrum Capital Limited,Financial Services,Financial Conglomerates,23.899999618530273,False,137.0,False,False,Sector: Financial Services,-40.62,-40.41,False,58.0,556.0,False,EXIT
RAJRILTD,Raj Rayon Industries Limited,Consumer Cyclical,Textile Manufacturing,22.459999084472656,False,35.0,False,True,Sector: Consumer Cyclical,-12.57,-16.23,False,1124.0,1180.0,False,EXIT
DOLATALGO,Dolat Algotech Limited,Financial Services,Capital Markets,75.12999725341797,False,144.0,False,False,Sector: Financial Services,-10.82,-10.75,False,334.0,424.0,False,EXIT
ARROWGREEN,Arrow Greentech Limited,Consumer Cyclical,Packaging & Containers,714.1500244140625,False,59.0,False,True,Sector: Consumer Cyclical,30.31,26.54,True,201.0,201.0,True,HOLD
PLATIND,Platinum Industries Limited,Basic Materials,Specialty Chemicals,206.3800048828125,False,51.0,False,False,Sector: Basic Materials,-24.69,-25.2,False,442.0,434.0,True,EXIT
RUBYMILLS,The Ruby Mills Limited,Consumer Cyclical,Textile Manufacturing,410.25,True,43.0,False,True,Sector: Consumer Cyclical,77.11,73.24,True,380.0,359.0,True,HOLD
HMAAGRO,HMA Agro Industries Limited,Consumer Defensive,Packaged Foods,21.940000534057617,False,152.0,True,False,Sector: Consumer Defensive,-27.44,-29.22,False,7753.0,6769.0,True,EXIT
BUTTERFLY,Butterfly Gandhimathi Appliances Limited,Consumer Cyclical,"Furnishings, Fixtures & Appliances",654.5,False,48.0,False,False,Sector: Consumer Cyclical,-10.08,-13.74,False,970.0,1057.0,False,EXIT
IRMENERGY,IRM Energy Limited,Utilities,Utilities - Regulated Gas,286.79998779296875,False,77.0,False,True,Sector: Utilities,31.71,2.74,True,1130.0,1067.0,True,HOLD
MUNJALAU,Munjal Auto Industries Limited,Consumer Cyclical,Auto Parts,114.8499984741211,False,39.0,False,True,Sector: Consumer Cyclical,40.79,37.0,True,1557.0,1982.0,False,HOLD
RUPA,Rupa & Company Limited,Consumer Cyclical,Apparel Manufacturing,150.27000427246094,False,76.0,False,False,Sector: Consumer Cyclical,-22.87,-26.5,False,1278.0,1430.0,False,EXIT
MANALIPETC,Manali Petrochemicals Limited,Basic Materials,Specialty Chemicals,72.80000305175781,False,87.0,False,True,Sector: Basic Materials,5.48,4.88,True,852.0,1444.0,False,HOLD
BOROSCI,Borosil Scientific Limited,Consumer Cyclical,Packaging & Containers,128.9600067138672,False,46.0,True,True,Sector: Consumer Cyclical,-5.61,-9.28,False,438.0,428.0,True,HOLD
ANDHRAPAP,Andhra Paper Limited,Basic Materials,Paper & Paper Products,61.06999969482422,False,28.0,False,False,Sector: Basic Materials,-19.82,-20.34,False,1702.0,2098.0,False,EXIT
ICEMAKE,Ice Make Refrigeration Limited,Industrials,Specialty Industrial Machinery,728.25,False,11.0,False,False,Sector: Industrials,-3.88,-3.69,False,732.0,667.0,True,EXIT
ORIENTTECH,ORIENTTECH,Technology,Information Technology Services,240.64999389648438,False,-3.0,False,False,Sector: Technology,-9.71,-11.67,False,852.0,865.0,False,EXIT
FAZE3Q,Faze Three Limited,Consumer Cyclical,Textile Manufacturing,488.95001220703125,False,24.0,False,False,Sector: Consumer Cyclical,-1.0,-4.68,False,868.0,860.0,True,EXIT
ALICON,Alicon Castalloy Limited,Industrials,Metal Fabrication,752.6500244140625,False,42.0,False,True,Sector: Industrials,-14.17,-13.96,False,1830.0,1661.0,True,EXIT
BIRLANU,BirlaNu Limited,Industrials,Building Products & Equipment,1560.5,False,25.0,False,True,Sector: Industrials,-20.64,-20.41,False,2479.0,2427.0,True,EXIT
GCSL,Gretex Corporate Services Limited,Financial Services,Capital Markets,521.7000122070312,True,15.0,True,True,Sector: Financial Services,,,False,33.0,34.0,False,HOLD
OAL,Oriental Aromatics Limited,Basic Materials,Specialty Chemicals,341.8999938964844,False,28.0,False,True,Sector: Basic Materials,0.44,-0.15,False,1057.0,1026.0,True,EXIT
GULPOLY,Gulshan Polyols Limited,Basic Materials,Chemicals,182.17999267578125,False,147.0,True,True,Sector: Basic Materials,12.72,12.1,True,2359.0,2312.0,True,HOLD
BHAGYANGR,Bhagyanagar India Limited,Basic Materials,Copper,382.3999938964844,False,1.53,False,True,Sector: Basic Materials,326.36,324.83,True,5.58,1387.01,False,HOLD
BLKASHYAP,B.L. Kashyap and Sons Limited,Industrials,Engineering & Construction,52.040000915527344,False,19.0,False,False,Sector: Industrials,-28.27,-28.03,False,1357.0,1348.0,True,EXIT
COMSYN,Commercial Syn Bags Limited,Consumer Cyclical,Packaging & Containers,280.54998779296875,True,32.0,True,True,Sector: Consumer Cyclical,102.62,98.68,True,403.0,384.0,True,ADD
ULTRAMAR,Ultramarine & Pigments Limited,Basic Materials,Specialty Chemicals,399.04998779296875,False,84.0,True,False,Sector: Basic Materials,,,False,757.0,707.0,True,EXIT
YUKEN,Yuken India Limited,Industrials,Specialty Industrial Machinery,937.9000244140625,False,14.0,False,True,Sector: Industrials,-10.4,-10.2,False,425.0,397.0,True,EXIT
EIMCOELECO,Eimco Elecon (India) Limited,Industrials,Farm & Heavy Construction Machinery,2170.800048828125,False,40.0,False,True,Sector: Industrials,-7.1,-6.91,False,241.0,246.0,False,EXIT
ARIHANT,Arihant Foundations & Housing Limited,Real Estate,Real Estate - Development,1029.5,False,29.0,False,False,Sector: Real Estate,,,False,299.0,307.0,False,EXIT
GHCLTEXTIL,GHCL Textiles Limited,Consumer Cyclical,Textile Manufacturing,126.4000015258789,True,96.0,True,True,Sector: Consumer Cyclical,56.26,52.44,True,1460.0,1319.0,True,ADD
BALAJITELE,Balaji Telefilms Limited,Communication Services,Entertainment,91.45999908447266,False,-24.0,False,False,Sector: Communication Services,16.85,-2.71,False,378.0,621.0,False,EXIT
BIL,Bhartiya International Ltd.,Consumer Cyclical,Footwear & Accessories,842.5999755859375,False,39.0,True,True,Sector: Consumer Cyclical,0.59,-3.1,False,1192.0,1131.0,True,HOLD
RIIL,Reliance Industrial Infrastructure Limited,Industrials,Engineering & Construction,731.4500122070312,False,10.0,False,False,Sector: Industrials,-21.18,-20.95,False,42.0,93.0,False,EXIT
SEPC,SEPC Limited,Industrials,Engineering & Construction,5.710000038146973,False,-4.0,False,False,Sector: Industrials,-54.17,-53.87,False,588.0,741.0,False,EXIT
GREENPOWER,Orient Green Power Company Limited,Utilities,Utilities - Independent Power Producers,9.430000305175781,False,-3.76,False,False,Sector: Utilities,-9.88,-36.54,False,25.51,74.17,False,EXIT
MATRIMONY,Matrimony.com Limited,Communication Services,Internet Content & Information,552.3499755859375,False,44.0,False,True,Sector: Communication Services,25.74,6.06,True,467.0,473.0,False,HOLD
SRM,SRM,Industrials,Engineering & Construction,493.75,False,88.0,True,False,Sector: Industrials,-2.2,-2.01,False,857.0,850.0,True,EXIT
GENESYS,Genesys International Corporation Limited,Technology,Software - Application,182.4499969482422,False,14.0,False,False,Sector: Technology,-69.86,-71.43,False,281.0,284.0,False,EXIT
LAXMIDENTL,LAXMIDENTL,Healthcare,Medical Instruments & Supplies,195.77000427246094,False,18.0,False,False,Sector: Healthcare,-54.9,-44.47,False,214.0,209.0,True,EXIT
BAJAJHCARE,Bajaj HealthCare Limited,Healthcare,Drug Manufacturers - Specialty & Generic,319.25,False,18.0,False,False,Sector: Healthcare,-40.25,-29.93,False,628.0,680.0,False,EXIT
AWHCL,Antony Waste Handling Cell Limited,Industrials,Waste Management,381.6000061035156,False,11.0,False,False,Sector: Industrials,-38.42,-38.16,False,652.0,640.0,True,EXIT
MODISONLTD,Modison Limited,Industrials,Electrical Equipment & Parts,392.3500061035156,True,102.0,True,True,Sector: Industrials,133.59,133.46,True,847.0,710.0,True,ADD
VHL,Vardhman Holdings Limited,Financial Services,Credit Services,3412.39990234375,False,46.0,False,False,Sector: Financial Services,-13.07,-12.99,False,61.0,189.0,False,EXIT
ARIS,Arisinfra Solutions Limited,Industrials,Engineering & Construction,136.0,False,42.0,True,True,Sector: Industrials,-7.34,-7.14,False,658.0,656.0,True,HOLD
HARIOMPIPE,Hariom Pipe Industries Limited,Basic Materials,Steel,348.0,False,70.0,False,False,Sector: Basic Materials,-31.38,-31.87,False,1635.0,1667.0,False,EXIT
NAHARSPING,Nahar Spinning Mills Limited,Consumer Cyclical,Textile Manufacturing,298.75,False,76.0,False,True,Sector: Consumer Cyclical,40.25,36.47,True,3365.0,3594.0,False,HOLD
JINDALPHOT,Jindal Photo Limited,Financial Services,Asset Management,1053.300048828125,False,11.0,False,False,Sector: Financial Services,22.81,22.72,True,20.0,161.0,False,EXIT
GKSL,GKSL,Healthcare,Medical Care Facilities,157.25,True,8.04,False,False,Sector: Healthcare,,,False,37.88,40.1,False,EXIT
GANDHITUBE,Gandhi Special Tubes Limited,Industrials,Metal Fabrication,886.5999755859375,False,75.0,True,True,Sector: Industrials,11.25,11.41,True,201.0,192.0,True,HOLD
STEL,STEL Holdings Limited,Financial Services,Asset Management,581.0,False,20.0,True,True,Sector: Financial Services,32.13,32.0,True,27.0,27.0,True,HOLD
GRPLTD,GRP Limited,Consumer Cyclical,Auto Parts,1985.4000244140625,False,10.0,False,True,Sector: Consumer Cyclical,-8.54,-12.21,False,562.0,534.0,True,EXIT
ARIHANTSUP,Arihant Superstructures Limited,Real Estate,Real Estate - Development,248.39999389648438,False,2.0,False,False,Sector: Real Estate,-23.35,-39.82,False,105.0,151.0,False,EXIT
SHREDIGCEM,Shree Digvijay Cement Company Limited,Basic Materials,Building Materials,70.36000061035156,False,18.0,False,False,Sector: Basic Materials,-28.65,-29.15,False,890.0,792.0,True,EXIT
JPOLYINVST,Jindal Poly Investment and Finance Company Limited,Financial Services,Asset Management,987.7000122070312,False,886.0,True,False,Sector: Financial Services,34.21,34.06,True,1037.0,1037.0,True,HOLD
AMNPLST,Amines & Plasticizers Limited,Basic Materials,Chemicals,181.66000366210938,False,39.0,False,False,Sector: Basic Materials,-20.57,-21.09,False,581.0,656.0,False,EXIT
MADRASFERT,Madras Fertilizers Limited,Basic Materials,Agricultural Inputs,65.36000061035156,False,71.0,False,False,Sector: Basic Materials,-31.77,-32.26,False,2442.0,3447.0,False,EXIT
MONTECARLO,Monte Carlo Fashions Limited,Consumer Cyclical,Apparel Manufacturing,545.4500122070312,False,105.0,False,False,Sector: Consumer Cyclical,-6.41,-10.09,False,1286.0,1276.0,True,EXIT
ESTER,Ester Industries Limited,Basic Materials,Specialty Chemicals,96.08000183105469,False,9.0,False,False,Sector: Basic Materials,-11.57,-12.12,False,1105.0,1110.0,False,EXIT
BCLIND,BCL Industries Limited,Consumer Defensive,Beverages - Wineries & Distilleries,35.81999969482422,False,82.0,False,True,Sector: Consumer Defensive,-13.05,-14.94,False,1723.0,1988.0,False,EXIT
MAMATA,MAMATA,Industrials,Specialty Industrial Machinery,401.45001220703125,False,8.0,False,False,Sector: Industrials,-4.36,-4.17,False,193.0,223.0,False,EXIT
SIGACHI,Sigachi Industries Limited,Healthcare,Drug Manufacturers - Specialty & Generic,28.8799991607666,False,26.0,False,True,Sector: Healthcare,-17.7,-7.55,False,366.0,408.0,False,EXIT
KRISHIVAL,KRISHIVAL,Consumer Defensive,Packaged Foods,366.25,False,21.0,True,False,Sector: Consumer Defensive,-0.28,-2.26,False,206.0,203.0,True,EXIT
SALASAR,Salasar Techno Engineering Limited,Basic Materials,Steel,6.059999942779541,False,40.0,False,False,Sector: Basic Materials,-25.06,-25.56,False,1457.0,1459.0,False,EXIT
AFSL,Abans Financial Services Limited,Financial Services,Capital Markets,201.42999267578125,False,17.0,True,False,Sector: Financial Services,-9.32,-9.26,False,22.0,31.0,False,EXIT
UNITECH,Unitech Limited,Real Estate,Real Estate - Diversified,3.950000047683716,False,-1770.0,False,False,Sector: Real Estate,-31.19,-47.56,False,354.0,1240.0,False,EXIT
HITECHGEAR,The Hi-Tech Gears Limited,Consumer Cyclical,Auto Parts,530.9000244140625,False,30.0,False,False,Sector: Consumer Cyclical,-17.18,-20.82,False,678.0,782.0,False,EXIT
DHAMPURSUG,Dhampur Sugar Mills Limited,Consumer Defensive,Confectioners,176.17999267578125,False,69.0,False,True,Sector: Consumer Defensive,32.92,30.7,True,1997.0,3353.0,False,HOLD
SURAJEST,SURAJEST,Real Estate,Real Estate - Development,205.8699951171875,False,74.0,False,False,Sector: Real Estate,-21.9,-38.39,False,364.0,507.0,False,EXIT
NELCAST,Nelcast Limited,Industrials,Metal Fabrication,117.33000183105469,False,41.0,False,False,Sector: Industrials,-31.4,-31.15,False,1338.0,1328.0,True,EXIT
DAMCAPITAL,DAMCAPITAL,Financial Services,Capital Markets,144.85000610351562,False,72.0,False,False,Sector: Financial Services,-37.05,-36.86,False,236.0,250.0,False,EXIT
SUMEETINDS,Sumeet Industries Limited,Consumer Cyclical,Textile Manufacturing,12.75,False,25.0,False,False,Sector: Consumer Cyclical,-37.3,-40.9,False,1074.0,1198.0,False,EXIT
CREST,Crest Ventures Limited,Financial Services,Financial Conglomerates,363.8500061035156,False,21.0,False,False,Sector: Financial Services,-6.83,-6.78,False,87.0,816.0,False,EXIT
FINKURVE,Finkurve Financial Services Limited,Financial Services,Credit Services,71.36000061035156,False,29.0,True,False,Sector: Financial Services,,,False,242.0,207.0,True,EXIT
JARO,JARO,Consumer Defensive,Education & Training Services,439.5,False,57.0,True,False,Sector: Consumer Defensive,,,False,284.0,274.0,True,EXIT
SALZERELEC,Salzer Electronics Limited,Industrials,Electrical Equipment & Parts,572.5999755859375,False,45.0,False,False,Sector: Industrials,-35.54,-35.28,False,1769.0,1715.0,True,EXIT
UTTAMSUGAR,Uttam Sugar Mills Limited,Consumer Defensive,Confectioners,300.989990234375,False,84.0,False,True,Sector: Consumer Defensive,12.88,10.8,True,2093.0,2110.0,False,HOLD
TNPETRO,Tamilnadu Petroproducts Limited,Basic Materials,Specialty Chemicals,113.47000122070312,False,133.0,False,True,Sector: Basic Materials,-0.37,-0.95,False,1783.0,2150.0,False,EXIT
INDOTHAI,Indo Thai Securities Limited,Financial Services,Capital Markets,66.0999984741211,False,70.0,True,False,Sector: Financial Services,-59.21,-58.92,False,110.0,103.0,True,EXIT
IRISDOREME,Iris Clothings Limited,Consumer Cyclical,Apparel Manufacturing,58.619998931884766,False,18.0,True,True,Sector: Consumer Cyclical,78.81,74.93,True,201.0,191.0,True,HOLD
GAYAPROJ,Gayatri Projects Limited,Industrials,Engineering & Construction,21.59000015258789,False,2087.0,True,True,Sector: Industrials,148.35,148.18,True,999.0,3901.0,False,HOLD
KAMDHENU,Kamdhenu Limited,Basic Materials,Steel,33.779998779296875,False,86.0,True,True,Sector: Basic Materials,13.0,12.38,True,781.0,1232.0,False,HOLD
TNPL,Tamil Nadu Newsprint and Papers Limited,Basic Materials,Paper & Paper Products,138.69000244140625,False,261.0,False,False,Sector: Basic Materials,-11.55,-12.1,False,4649.0,5180.0,False,EXIT
SUYOG,Suyog Telematics Limited,Communication Services,Telecom Services,759.25,False,59.0,False,True,Sector: Communication Services,10.73,-8.75,False,235.0,263.0,False,EXIT
THEMISMED,Themis Medicare Limited,Healthcare,Drug Manufacturers - Specialty & Generic,104.20999908447266,False,30.0,False,True,Sector: Healthcare,-10.73,-0.64,False,332.0,406.0,False,EXIT
UNIECOM,UNIECOM,Technology,Software - Application,86.83000183105469,False,29.0,True,False,Sector: Technology,-39.1,-40.86,False,123.0,120.0,True,EXIT
MASTERTR,Master Trust Limited,Financial Services,Capital Markets,78.91999816894531,False,14.0,True,False,Sector: Financial Services,-54.15,-53.88,False,31.0,29.0,True,EXIT
IFBAGRO,IFB Agro Industries Limited,Consumer Defensive,Beverages - Wineries & Distilleries,992.0999755859375,False,64.0,True,False,Sector: Consumer Defensive,26.93,24.75,True,1509.0,1404.0,True,HOLD
SALSTEEL,S.A.L. Steel Limited,Basic Materials,Steel,79.22000122070312,True,12.0,False,True,Sector: Basic Materials,344.33,342.74,True,167.0,577.0,False,HOLD
WEALTH,Wealth First Portfolio Managers Limited,Financial Services,Capital Markets,850.9500122070312,False,34.0,False,False,Sector: Financial Services,-32.13,-31.96,False,53.0,331.0,False,EXIT
GKWLIMITED,GKW Limited,Industrials,Specialty Business Services,1604.0,False,-5.34,False,False,Sector: Industrials,-14.36,-14.14,False,32.41,39.1,False,EXIT
NEUEON,Neueon Corporation Limited,Basic Materials,Steel,16.739999771118164,False,,False,True,Sector: Basic Materials,235.66,234.39,True,,,False,HOLD
SWELECTES,Swelect Energy Systems Limited,Technology,Solar,606.5499877929688,False,34.0,False,False,Sector: Technology,-17.18,-19.08,False,430.0,431.0,False,EXIT
PRIMESECU,Prime Securities Limited,Financial Services,Capital Markets,278.3500061035156,False,26.0,False,False,Sector: Financial Services,3.48,3.48,True,56.0,56.0,True,EXIT
SUDARCOLOR,Sudarshan Colorants India Limited,Basic Materials,Specialty Chemicals,405.75,False,48.0,False,True,Sector: Basic Materials,-32.25,-32.74,False,792.0,1140.0,False,EXIT
KECL,Kirloskar Electric Company Limited,Industrials,Specialty Industrial Machinery,131.6300048828125,False,4.0,False,True,Sector: Industrials,9.9,10.06,True,561.0,589.0,False,HOLD
SOLEX,SOLEX,Technology,Solar,789.0999755859375,False,74.0,False,False,Sector: Technology,-43.51,-45.24,False,1566.0,1555.0,True,EXIT
INDOAMIN,Indo Amines Limited,Basic Materials,Chemicals,124.8499984741211,False,85.0,True,True,Sector: Basic Materials,-23.37,-23.88,False,1214.0,1118.0,True,HOLD
RSWM,RSWM Limited,Consumer Cyclical,Textile Manufacturing,199.72999572753906,False,62.0,False,True,Sector: Consumer Cyclical,28.17,24.41,True,4546.0,4825.0,False,HOLD
DVL,Dhunseri Ventures Limited,Financial Services,Capital Markets,263.8299865722656,False,12.0,False,True,Sector: Financial Services,-27.53,-27.39,False,291.0,947.0,False,EXIT
CONTROLPR,Control Print Limited,Industrials,Business Equipment & Supplies,570.0999755859375,False,71.0,False,False,Sector: Industrials,-28.77,-28.53,False,450.0,446.0,True,EXIT
BSHSL,Bombay Super Hybrid Seeds Limited,Basic Materials,Agricultural Inputs,88.72000122070312,False,29.0,True,False,Sector: Basic Materials,-37.4,-37.87,False,374.0,358.0,True,EXIT
SADHNANIQ,Sadhana Nitro Chem Limited,Basic Materials,Chemicals,2.9700000286102295,False,-86.0,False,False,Sector: Basic Materials,-56.75,-57.17,False,39.0,267.0,False,EXIT
ZUARI,Zuari Agro Chemicals Limited,Basic Materials,Agricultural Inputs,225.5,False,957.0,True,False,Sector: Basic Materials,-41.71,-42.17,False,0.0,5504.0,False,EXIT
SICALLOG,Sical Logistics Limited,Industrials,Integrated Freight & Logistics,109.8499984741211,False,64.0,True,True,Sector: Industrials,6.52,6.68,True,192.0,1303.0,False,HOLD
HEALTHX,Health X Platform Limited,Healthcare,Pharmaceutical Retailers,313.70001220703125,False,-1.35,False,True,Sector: Healthcare,1.75,11.76,True,0.36,2.47,False,HOLD
PVP,PVP Ventures Limited,Industrials,Conglomerates,39.130001068115234,False,15.0,False,True,Sector: Industrials,88.01,87.98,True,37.0,160.0,False,HOLD
KOPRAN,Kopran Limited,Healthcare,Drug Manufacturers - General,207.4600067138672,False,34.0,False,True,Sector: Healthcare,17.1,26.99,True,317.0,337.0,False,HOLD
HIMATSEIDE,Himatsingka Seide Limited,Consumer Cyclical,Textile Manufacturing,69.75,False,60.0,False,False,Sector: Consumer Cyclical,-44.57,-48.15,False,1839.0,2859.0,False,EXIT
AMBIKCO,Ambika Cotton Mills Limited,Consumer Cyclical,Textile Manufacturing,1648.0999755859375,False,81.0,False,True,Sector: Consumer Cyclical,10.44,6.73,True,847.0,921.0,False,HOLD
WANBURY,Wanbury Limited,Healthcare,Drug Manufacturers - Specialty & Generic,269.54998779296875,False,56.0,False,True,Sector: Healthcare,-22.56,-12.37,False,653.0,650.0,True,EXIT
DHARMAJ,Dharmaj Crop Guard Limited,Basic Materials,Agricultural Inputs,269.20001220703125,False,60.0,True,True,Sector: Basic Materials,-27.97,-28.47,False,1155.0,1138.0,True,HOLD
LGHL,LGHL,Consumer Cyclical,Luxury Goods,173.69000244140625,False,2.0,False,False,Sector: Consumer Cyclical,-36.5,-40.1,False,113.0,202.0,False,EXIT
RAJOOENG,Rajoo Engineers Limited,Industrials,Specialty Industrial Machinery,50.97999954223633,False,42.0,False,False,Sector: Industrials,-54.92,-54.61,False,290.0,298.0,False,EXIT
VALIANTORG,Valiant Organics Limited,Basic Materials,Chemicals,316.54998779296875,False,49.0,False,True,Sector: Basic Materials,-15.78,-16.31,False,766.0,948.0,False,EXIT
XTRANET,XTRANET,Technology,Information Technology Services,169.11000061035156,True,,False,False,Sector: Technology,,,False,,254.0,False,EXIT
GAUDIUMIVF,GAUDIUMIVF,Healthcare,Medical Care Facilities,116.0,False,22.0,True,False,Sector: Healthcare,,,False,73.0,72.0,True,EXIT
NRAIL,N R Agarwal Industries Limited,Basic Materials,Paper & Paper Products,499.1499938964844,False,62.0,False,True,Sector: Basic Materials,36.47,35.79,True,2340.0,2145.0,True,HOLD
SUPREMEINF,Supreme Infrastructure India Limited,Industrials,Engineering & Construction,86.1500015258789,False,6137.0,True,True,Sector: Industrials,-25.79,-25.55,False,81.0,1517.0,False,HOLD
REGAAL,REGAAL,Consumer Defensive,Packaged Foods,97.6500015258789,False,60.0,True,True,Sector: Consumer Defensive,-24.37,-26.18,False,1090.0,1134.0,False,HOLD
MAFATIND,Mafatlal Industries Limited,Unknown,Unknown,122.4000015258789,False,60.0,False,False,Sector: Unknown,,,False,3573.0,3870.0,False,EXIT
FAIRCHEMOR,Fairchem Organics Limited,Basic Materials,Specialty Chemicals,660.25,False,14.0,False,True,Sector: Basic Materials,-19.87,-20.4,False,505.0,648.0,False,EXIT
WCIL,WCIL,Industrials,Integrated Freight & Logistics,86.08999633789062,False,37.0,False,False,Sector: Industrials,-35.69,-35.43,False,1878.0,1829.0,True,EXIT
MICEL,MIC Electronics Limited,Technology,Electronic Components,35.91999816894531,False,-13.0,False,False,Sector: Technology,-27.61,-29.45,False,88.0,218.0,False,EXIT
GEMAROMA,GEMAROMA,Basic Materials,Chemicals,175.5500030517578,False,27.0,False,False,Sector: Basic Materials,,,False,378.0,497.0,False,EXIT
CONSOFINVT,Consolidated Finvest & Holdings Limited,Financial Services,Capital Markets,282.45001220703125,False,54.0,False,True,Sector: Financial Services,46.05,45.84,True,61.0,417.0,False,HOLD
SGIL,Synergy Green Industries Limited,Industrials,Metal Fabrication,555.25,False,-9.0,False,True,Sector: Industrials,-3.64,-3.45,False,358.0,366.0,False,EXIT
BHAGERIA,Bhageria Industries Limited,Basic Materials,Specialty Chemicals,204.39999389648438,False,74.0,True,True,Sector: Basic Materials,13.21,12.59,True,997.0,871.0,True,HOLD
SVLL,Shree Vasu Logistics Limited,Industrials,Trucking,770.0,False,7.0,True,True,Sector: Industrials,-4.39,-4.2,False,239.0,224.0,True,HOLD
HEXATRADEX,Hexa Tradex Limited,Financial Services,Credit Services,161.94000244140625,False,-2.74,False,False,Sector: Financial Services,-11.72,-11.65,False,0.02,35.62,False,EXIT
KRYSTAL,KRYSTAL,Industrials,Specialty Business Services,629.4500122070312,False,59.0,False,True,Sector: Industrials,-1.91,-1.72,False,1129.0,1113.0,True,EXIT
BIRLACABLE,Birla Cable Limited,Technology,Communication Equipment,284.7699890136719,False,46.0,False,True,Sector: Technology,82.06,79.51,True,861.0,792.0,True,HOLD
NDTV,New Delhi Television Limited,Communication Services,Broadcasting,73.33999633789062,False,-315.0,False,False,Sector: Communication Services,-32.34,-51.22,False,358.0,429.0,False,EXIT
BODALCHEM,Bodal Chemicals Limited,Basic Materials,Specialty Chemicals,71.75,False,65.0,False,True,Sector: Basic Materials,3.53,2.94,True,2228.0,2011.0,True,HOLD
PRECOT,Precot Limited,Consumer Cyclical,Textile Manufacturing,721.5999755859375,False,51.0,False,True,Sector: Consumer Cyclical,52.35,48.53,True,925.0,993.0,False,HOLD
MMP,MMP Industries Limited,Basic Materials,Aluminum,391.5,False,46.0,True,True,Sector: Basic Materials,36.99,36.3,True,871.0,822.0,True,HOLD
LIKHITHA,Likhitha Infrastructure Limited,Energy,Oil & Gas Equipment & Services,207.47999572753906,False,33.0,False,True,Sector: Energy,-39.05,-21.49,False,419.0,512.0,False,EXIT
ROHLTD,Royal Orchid Hotels Limited,Consumer Cyclical,Lodging,301.5,False,33.0,False,False,Sector: Consumer Cyclical,-34.47,-38.07,False,213.0,208.0,True,EXIT
BORANA,BORANA,Consumer Cyclical,Textile Manufacturing,309.1499938964844,False,69.0,True,False,Sector: Consumer Cyclical,46.09,42.29,True,408.0,389.0,True,HOLD
SRHHYPOLTD,Sree Rayalaseema Hi-Strength Hypo Limited,Basic Materials,Chemicals,479.20001220703125,False,94.0,False,False,Sector: Basic Materials,-21.72,-22.24,False,698.0,1650.0,False,EXIT
MAXIND,Max India Limited,Healthcare,Medical Care Facilities,148.4600067138672,False,-11.0,False,False,Sector: Healthcare,-43.31,-32.97,False,10.0,74.0,False,EXIT
EXCELSOFT,EXCELSOFT,Technology,Software - Application,71.08999633789062,False,45.0,True,False,Sector: Technology,,,False,298.0,273.0,True,EXIT
TVSELECT,TVS Electronics Limited,Technology,Computer Hardware,438.95001220703125,False,-2.0,False,False,Sector: Technology,8.17,6.1,True,464.0,4107.0,False,EXIT
VHLTD,Viceroy Hotels Limited,Consumer Cyclical,Lodging,133.11000061035156,False,22.0,False,False,Sector: Consumer Cyclical,13.9,10.18,True,137.0,132.0,True,EXIT
GANESHBE,Ganesh Benzoplast Limited,Basic Materials,Specialty Chemicals,112.44000244140625,False,61.0,False,True,Sector: Basic Materials,20.95,20.3,True,273.0,291.0,False,HOLD
KOTHARIPET,Kothari Petrochemicals Limited,Basic Materials,Specialty Chemicals,133.38999938964844,False,72.0,True,True,Sector: Basic Materials,-22.63,-23.15,False,577.0,596.0,False,HOLD
RITCO,Ritco Logistics Limited,Industrials,Integrated Freight & Logistics,313.0,False,49.0,False,True,Sector: Industrials,6.98,7.14,True,1489.0,1484.0,True,HOLD
ORICONENT,Oricon Enterprises Limited,Consumer Cyclical,Packaging & Containers,56.709999084472656,False,11.0,False,False,Sector: Consumer Cyclical,8.63,4.92,True,24.0,631.0,False,EXIT
PDMJEPAPER,Pudumjee Paper Products Limited,Basic Materials,Paper & Paper Products,87.5199966430664,False,91.0,False,False,Sector: Basic Materials,-34.44,-34.92,False,814.0,809.0,True,EXIT
PVSL,Popular Vehicles and Services Limited,Consumer Cyclical,Auto & Truck Dealerships,113.43000030517578,False,-43.0,False,True,Sector: Consumer Cyclical,0.09,-3.6,False,3235.0,2849.0,True,EXIT
CIFL,Capital India Finance Limited,Financial Services,Credit Services,20.399999618530273,False,44.0,True,False,Sector: Financial Services,-42.85,-42.63,False,243.0,227.0,True,EXIT
VISAKAIND,Visaka Industries Limited,Industrials,Building Products & Equipment,93.29000091552734,False,85.0,False,True,Sector: Industrials,8.75,8.9,True,1759.0,1676.0,True,HOLD
OMINFRAL,Om Infra Limited,Industrials,Engineering & Construction,85.04000091552734,False,33.0,False,False,Sector: Industrials,-23.64,-23.4,False,489.0,1060.0,False,EXIT
RADHIKAJWE,Radhika Jeweltech Limited,Consumer Cyclical,Luxury Goods,64.9000015258789,False,79.0,True,False,Sector: Consumer Cyclical,-30.16,-33.78,False,693.0,639.0,True,EXIT
KOKUYOCMLN,Kokuyo Camlin Limited,Industrials,Business Equipment & Supplies,80.23999786376953,False,22.0,False,False,Sector: Industrials,-29.3,-29.05,False,808.0,816.0,False,EXIT
SANDESH,The Sandesh Limited,Communication Services,Publishing,1051.5,False,109.0,False,True,Sector: Communication Services,2.07,-17.29,False,822.0,438.0,True,EXIT
SYSTMTXC,Systematix Corporate Services Limited,Financial Services,Capital Markets,58.029998779296875,False,13.0,False,False,Sector: Financial Services,,,False,63.0,77.0,False,EXIT
SWARAJ,SWARAJ,Consumer Cyclical,Textile Manufacturing,367.04998779296875,True,,False,True,Sector: Consumer Cyclical,100.61,96.68,True,,,False,HOLD
STERTOOLS,Sterling Tools Limited,Industrials,Tools & Accessories,223.5,False,70.0,True,False,Sector: Industrials,-32.91,-32.66,False,755.0,717.0,True,EXIT
VLSFINANCE,VLS Finance Limited,Financial Services,Capital Markets,250.6999969482422,False,43.0,False,False,Sector: Financial Services,7.91,7.89,True,58.0,4623.0,False,EXIT
ARIHANTCAP,Arihant Capital Markets Limited,Financial Services,Capital Markets,77.68000030517578,False,39.0,False,False,Sector: Financial Services,-32.66,-32.49,False,229.0,241.0,False,EXIT
QUICKHEAL,Quick Heal Technologies Limited,Technology,Software - Application,140.30999755859375,False,-10.0,False,False,Sector: Technology,-51.66,-53.34,False,249.0,342.0,False,EXIT
JITFINFRA,JITF Infralogistics Limited,Industrials,Engineering & Construction,312.20001220703125,False,0.21,False,True,Sector: Industrials,2.54,2.72,True,3.64,3.64,True,HOLD
NRL,Nupur Recyclers Limited,Industrials,Waste Management,113.0999984741211,False,9.0,False,True,Sector: Industrials,62.71,62.74,True,147.0,181.0,False,HOLD
SARLAPOLY,Sarla Performance Fibers Limited,Consumer Cyclical,Textile Manufacturing,100.0999984741211,False,35.0,False,True,Sector: Consumer Cyclical,-8.02,-11.68,False,399.0,429.0,False,EXIT
PANACHE,Panache Digilife Limited,Technology,Communication Equipment,541.0999755859375,True,19.0,True,True,Sector: Technology,117.01,114.23,True,251.0,233.0,True,ADD
SCODATUBES,Scoda Tubes Limited,Basic Materials,Steel,126.06999969482422,False,37.0,False,False,Sector: Basic Materials,-27.86,-28.36,False,546.0,519.0,True,EXIT
SEJALLTD,Sejal Glass Limited,Industrials,Building Products & Equipment,684.2999877929688,False,-2.0,False,False,Sector: Industrials,17.89,18.02,True,125.0,111.0,True,EXIT
DWARKESH,Dwarikesh Sugar Industries Limited,Consumer Defensive,Confectioners,48.279998779296875,False,14.0,False,True,Sector: Consumer Defensive,17.44,15.34,True,1355.0,2103.0,False,HOLD
MUKKA,Mukka Proteins Limited,Consumer Defensive,Packaged Foods,26.3799991607666,False,61.0,False,True,Sector: Consumer Defensive,-1.28,-3.25,False,1499.0,1269.0,True,EXIT
ASAL,Automotive Stampings and Assemblies Limited,Consumer Cyclical,Auto Parts,496.25,False,30.0,False,True,Sector: Consumer Cyclical,1.69,-2.0,False,971.0,891.0,True,EXIT
PROSTARM,PROSTARM,Industrials,Electrical Equipment & Parts,134.9600067138672,False,38.0,True,False,Sector: Industrials,-37.02,-36.75,False,403.0,378.0,True,EXIT
DENTA,DENTA,Industrials,Engineering & Construction,289.0,False,53.0,False,False,Sector: Industrials,-33.82,-33.56,False,242.0,250.0,False,EXIT
DBOL,Dhampur Bio Organics Limited,Consumer Defensive,Farm Products,129.25999450683594,False,83.0,False,True,Sector: Consumer Defensive,40.88,38.6,True,1993.0,2402.0,False,HOLD
MODIS,Modi's Navnirman Limited,Real Estate,Real Estate - Development,410.1499938964844,True,31.0,True,False,Sector: Real Estate,,,False,202.0,189.0,True,EXIT
NCLIND,NCL Industries Limited,Basic Materials,Building Materials,173.19000244140625,False,92.0,False,False,Sector: Basic Materials,-22.59,-23.1,False,1431.0,2104.0,False,EXIT
TIRUPATIFL,Tirupati Forge Limited,Industrials,Metal Fabrication,64.87999725341797,False,6.0,False,True,Sector: Industrials,46.85,46.92,True,168.0,162.0,True,HOLD
STANLEY,STANLEY,Consumer Cyclical,"Furnishings, Fixtures & Appliances",136.08999633789062,False,8.0,False,False,Sector: Consumer Cyclical,-54.12,-57.68,False,203.0,231.0,False,EXIT
GEECEE,GeeCee Ventures Limited,Real Estate,Real Estate - Development,370.8500061035156,False,43.0,True,True,Sector: Real Estate,17.83,0.78,True,78.0,185.0,False,HOLD
HARDWYN,Hardwyn India Limited,Industrials,Building Products & Equipment,9.210000038146973,False,12.0,False,False,Sector: Industrials,5.22,5.38,True,158.0,160.0,False,EXIT
RAJPALAYAM,Rajapalayam Mills Limited,Unknown,Unknown,812.5,True,-2.0,False,False,Sector: Unknown,,,False,1015.0,942.0,True,EXIT
PREMIERPOL,Premier Polyfilm Ltd.,Basic Materials,Specialty Chemicals,91.61000061035156,True,35.0,True,True,Sector: Basic Materials,82.41,81.58,True,322.0,299.0,True,ADD
SUBEXLTD,Subex Limited,Technology,Software - Application,15.920000076293945,False,8.0,False,True,Sector: Technology,23.78,21.61,True,266.0,324.0,False,HOLD
ZUARIIND,Zuari Industries Limited,Industrials,Conglomerates,262.1000061035156,False,7.0,False,False,Sector: Industrials,-26.94,-26.7,False,931.0,874.0,True,EXIT
MVGJL,Manoj Vaibhav Gems 'N' Jewellers Limited,Consumer Cyclical,Luxury Goods,148.2100067138672,False,122.0,True,False,Sector: Consumer Cyclical,-24.03,-27.66,False,2909.0,2744.0,True,EXIT
AHCL,AHCL,Healthcare,Drug Manufacturers - Specialty & Generic,14.529999732971191,False,29.0,True,True,Sector: Healthcare,,,False,174.0,176.0,False,HOLD
MAGADSUGAR,Magadh Sugar & Energy Limited,Consumer Defensive,Confectioners,580.5499877929688,False,51.0,False,True,Sector: Consumer Defensive,3.68,1.67,True,1222.0,1322.0,False,HOLD
SHALPAINTS,Shalimar Paints Limited,Basic Materials,Specialty Chemicals,82.54000091552734,False,-67.0,False,True,Sector: Basic Materials,23.51,22.86,True,552.0,599.0,False,HOLD
UNITEDPOLY,United Polyfab Gujarat Limited,Consumer Cyclical,Textile Manufacturing,35.22999954223633,False,27.0,True,True,Sector: Consumer Cyclical,-4.4,-8.07,False,712.0,908.0,False,HOLD
DECCANCE,Deccan Cements Limited,Basic Materials,Building Materials,549.9000244140625,False,6.0,False,False,Sector: Basic Materials,-49.61,-50.05,False,704.0,799.0,False,EXIT
ANUHPHR,Anuh Pharma Limited,Healthcare,Drug Manufacturers - Specialty & Generic,75.86000061035156,False,44.0,False,False,Sector: Healthcare,-29.73,-19.49,False,779.0,772.0,True,EXIT
ADVENTHTL,Advent Hotels International Limited,Consumer Cyclical,Lodging,133.9499969482422,False,85.0,True,False,Sector: Consumer Cyclical,,,False,5.0,0.0,True,EXIT
ADVANCE,ADVANCE,Basic Materials,Agricultural Inputs,116.62000274658203,False,49.0,True,False,Sector: Basic Materials,,,False,800.0,638.0,True,EXIT
OCCLLTD,OCCL Limited,Basic Materials,Chemicals,165.13999938964844,False,75.0,True,True,Sector: Basic Materials,18.4,17.77,True,602.0,506.0,True,HOLD
GICHSGFIN,GIC Housing Finance Limited,Financial Services,Mortgage Finance,137.25,False,157.0,False,False,Sector: Financial Services,-25.08,-24.94,False,1084.0,1252.0,False,EXIT
LOKESHMACH,Lokesh Machines Limited,Industrials,Specialty Industrial Machinery,321.3999938964844,False,4.0,False,True,Sector: Industrials,46.26,46.33,True,216.0,293.0,False,HOLD
RMDRIP,RMDRIP,Industrials,Farm & Heavy Construction Machinery,17.670000076293945,False,35.0,True,False,Sector: Industrials,-60.05,-59.73,False,207.0,197.0,True,EXIT
MEIL,MEIL,Industrials,Electrical Equipment & Parts,266.3999938964844,False,47.0,True,False,Sector: Industrials,,,False,616.0,580.0,True,EXIT
ELDEHSG,Eldeco Housing and Industries Limited,Real Estate,Real Estate Services,828.4500122070312,False,43.0,False,False,Sector: Real Estate,25.13,7.97,True,170.0,154.0,True,EXIT
BIRLAMONEY,Aditya Birla Money Limited,Financial Services,Capital Markets,127.43000030517578,False,54.0,False,False,Sector: Financial Services,-27.66,-27.51,False,487.0,469.0,True,EXIT
VASCONEQ,Vascon Engineers Limited,Industrials,Engineering & Construction,30.93000030517578,False,29.0,False,False,Sector: Industrials,-43.45,-43.17,False,880.0,1075.0,False,EXIT
DMCC,DMCC Speciality Chemicals Limited,Basic Materials,Chemicals,291.1000061035156,False,40.0,False,True,Sector: Basic Materials,-15.85,-16.38,False,707.0,582.0,True,EXIT
PATELRMART,PATELRMART,Consumer Cyclical,Department Stores,238.22999572753906,False,42.0,True,True,Sector: Consumer Cyclical,,,False,1175.0,1048.0,True,HOLD
KELLTONTEC,Kellton Tech Solutions Limited,Technology,Software - Application,13.34000015258789,False,14.0,False,False,Sector: Technology,-47.56,-49.27,False,214.0,209.0,True,EXIT
AGARIND,Agarwal Industrial Corporation Limited,Basic Materials,Specialty Chemicals,491.6000061035156,False,34.0,False,False,Sector: Basic Materials,-41.1,-41.56,False,1158.0,2003.0,False,EXIT
EVERESTIND,Everest Industries Limited,Industrials,Building Products & Equipment,427.70001220703125,False,0.0,False,False,Sector: Industrials,-31.73,-31.47,False,1286.0,1707.0,False,EXIT
CHEMBONDCH,Chembond Chemicals Limited,Basic Materials,Specialty Chemicals,269.7799987792969,True,12.0,True,True,Sector: Basic Materials,23.05,22.4,True,74.0,74.0,True,ADD
ECOSMOBLTY,ECOSMOBLTY,Industrials,Rental & Leasing Services,112.44999694824219,False,58.0,False,False,Sector: Industrials,-63.12,-62.79,False,809.0,781.0,True,EXIT
RAMASTEEL,Rama Steel Tubes Limited,Basic Materials,Steel,4.170000076293945,False,12.0,False,False,Sector: Basic Materials,-61.29,-61.69,False,886.0,1010.0,False,EXIT
MAANALU,Maan Aluminium Limited,Basic Materials,Aluminum,118.8499984741211,False,13.0,False,False,Sector: Basic Materials,8.68,8.07,True,829.0,953.0,False,EXIT
SOUTHWEST,South West Pinnacle Exploration Limited,Energy,Oil & Gas Equipment & Services,216.75,False,36.0,True,True,Sector: Energy,53.08,66.96,True,265.0,243.0,True,HOLD
DCMSIL,DCM Shriram International Limited,Industrials,Industrial Distribution,74.58000183105469,False,-15.0,False,False,Sector: Industrials,,,False,446.0,574.0,False,EXIT
CCCL,Consolidated Construction Consortium Limited,Industrials,Engineering & Construction,15.15999984741211,False,-4.0,False,False,Sector: Industrials,-14.84,-14.63,False,364.0,648.0,False,EXIT
BLAL,BEML Land Assets Limited,Financial Services,Shell Companies,168.4499969482422,False,2.29,True,False,Sector: Financial Services,-20.06,-19.95,False,1.96,0.98,True,EXIT
DPSCLTD,India Power Corporation Limited,Utilities,Utilities - Regulated Electric,7.139999866485596,False,,False,False,Sector: Utilities,-18.07,-44.28,False,,647.0,False,EXIT
XCHANGING,Xchanging Solutions Limited,Technology,Information Technology Services,61.189998626708984,False,36.0,False,False,Sector: Technology,-30.34,-32.16,False,40.0,150.0,False,EXIT
KUANTUM,Kuantum Papers Limited,Basic Materials,Paper & Paper Products,78.69999694824219,False,36.0,False,False,Sector: Basic Materials,-33.78,-34.27,False,1174.0,1310.0,False,EXIT
VIVIANA,VIVIANA,Industrials,Engineering & Construction,690.25,False,55.0,True,False,Sector: Industrials,-46.01,-45.73,False,553.0,502.0,True,EXIT
INDOFARM,INDOFARM,Industrials,Farm & Heavy Construction Machinery,137.16000366210938,False,22.0,False,False,Sector: Industrials,-41.14,-40.87,False,433.0,420.0,True,EXIT
STCINDIA,The State Trading Corporation of India Limited,Industrials,Conglomerates,116.05999755859375,False,639.0,True,False,Sector: Industrials,-8.57,-8.37,False,0.0,15449.0,False,EXIT
CHEMCON,Chemcon Speciality Chemicals Limited,Basic Materials,Specialty Chemicals,187.8000030517578,False,28.0,False,False,Sector: Basic Materials,-19.19,-19.71,False,253.0,303.0,False,EXIT
BAJAJINDEF,BAJAJINDEF,Industrials,Farm & Heavy Construction Machinery,215.0399932861328,False,26.0,False,False,Sector: Industrials,-46.01,-45.73,False,186.0,196.0,False,EXIT
GLOSTERLTD,Gloster Limited,Consumer Cyclical,Textile Manufacturing,596.0,False,43.0,False,False,Sector: Consumer Cyclical,-5.87,-9.55,False,1029.0,907.0,True,EXIT
ATL,Allcargo Terminals Limited,Industrials,Integrated Freight & Logistics,23.479999542236328,False,48.0,False,False,Sector: Industrials,-17.1,-16.88,False,581.0,564.0,True,EXIT
ABINFRA,ABINFRA,Industrials,Engineering & Construction,13.449999809265137,False,20.0,True,False,Sector: Industrials,-32.98,-32.73,False,272.0,256.0,True,EXIT
SCPL,Sheetal Cool Products Limited,Consumer Defensive,Packaged Foods,678.2000122070312,True,21.0,True,True,Sector: Consumer Defensive,170.16,166.93,True,386.0,366.0,True,ADD
MERCURYEV,Mercury Ev-Tech Limited,Consumer Cyclical,Auto Manufacturers,37.630001068115234,True,3.91,False,False,Sector: Consumer Cyclical,,,False,61.04,67.64,False,EXIT
EIFFL,Euro India Fresh Foods Limited,Consumer Defensive,Packaged Foods,256.29998779296875,False,5.0,False,True,Sector: Consumer Defensive,8.9,6.86,True,157.0,152.0,True,HOLD
HERANBA,Heranba Industries Limited,Basic Materials,Agricultural Inputs,162.99000549316406,False,,False,False,Sector: Basic Materials,-56.62,-57.03,False,,1756.0,False,EXIT
WELINV,Welspun Investments and Commercials Limited,Financial Services,Capital Markets,1905.0,True,3.08,False,True,Sector: Financial Services,100.25,99.79,True,5.29,8.3,False,HOLD
CHEVIOT,Cheviot Company Limited,Consumer Cyclical,Textile Manufacturing,1141.0999755859375,False,68.0,False,True,Sector: Consumer Cyclical,-1.82,-5.51,False,598.0,571.0,True,EXIT
SPECIALITY,Speciality Restaurants Limited,Consumer Cyclical,Restaurants,141.3699951171875,False,24.0,False,True,Sector: Consumer Cyclical,14.63,10.91,True,472.0,454.0,True,HOLD
20MICRONS,20 Microns Limited,Basic Materials,Other Industrial Metals & Mining,196.0399932861328,False,61.0,True,True,Sector: Basic Materials,-19.38,-19.9,False,819.0,824.0,False,HOLD
SAURASHCEM,Saurashtra Cement Limited,Basic Materials,Building Materials,57.70000076293945,False,7.0,False,False,Sector: Basic Materials,-52.29,-52.72,False,1699.0,1765.0,False,EXIT
INNOVISION,INNOVISION,Industrials,Staffing & Employment Services,266.3500061035156,False,18.0,False,False,Sector: Industrials,,,False,1020.0,979.0,True,EXIT
TVTODAY,T.V. Today Network Limited,Communication Services,Broadcasting,117.41000366210938,False,17.0,False,False,Sector: Communication Services,-3.39,-22.67,False,818.0,993.0,False,EXIT
ONMOBILE,OnMobile Global Limited,Communication Services,Telecom Services,59.33000183105469,False,-33.0,False,True,Sector: Communication Services,29.77,10.04,True,173.0,415.0,False,HOLD
BESTAGRO,Best Agrolife Limited,Basic Materials,Agricultural Inputs,18.309999465942383,False,42.0,False,False,Sector: Basic Materials,-28.91,-29.41,False,856.0,1798.0,False,EXIT
JAYAGROGN,Jayant Agro-Organics Limited,Basic Materials,Specialty Chemicals,220.4499969482422,False,61.0,False,True,Sector: Basic Materials,-11.95,-12.5,False,1166.0,1208.0,False,EXIT
KANORICHEM,Kanoria Chemicals & Industries Limited,Basic Materials,Chemicals,151.60000610351562,False,65.0,True,True,Sector: Basic Materials,72.43,71.63,True,1119.0,875.0,True,HOLD
EMAMIPAP,Emami Paper Mills Limited,Basic Materials,Paper & Paper Products,113.7300033569336,False,94.0,False,True,Sector: Basic Materials,17.24,16.6,True,2008.0,2381.0,False,HOLD
INNOVANA,INNOVANA,Technology,Software - Application,310.04998779296875,False,29.0,False,False,Sector: Technology,-41.57,-43.32,False,44.0,49.0,False,EXIT
KSOLVES,Ksolves India Limited,Technology,Software - Application,272.6499938964844,False,35.0,True,False,Sector: Technology,-16.74,-18.65,False,163.0,161.0,True,EXIT
FABTECH,FABTECH,Healthcare,Health Information Services,145.47999572753906,False,34.0,False,False,Sector: Healthcare,,,False,287.0,268.0,True,EXIT
PPL,Prakash Pipes Limited,Industrials,Building Products & Equipment,271.5,False,49.0,False,True,Sector: Industrials,-22.9,-22.67,False,827.0,789.0,True,EXIT
EMKAY,Emkay Global Financial Services Limited,Financial Services,Capital Markets,240.19000244140625,False,16.0,False,False,Sector: Financial Services,5.48,5.47,True,370.0,367.0,True,EXIT
MANBA,MANBA,Financial Services,Credit Services,129.86000061035156,False,49.0,True,True,Sector: Financial Services,-8.76,-8.7,False,354.0,328.0,True,HOLD
LAXMIINDIA,LAXMIINDIA,Financial Services,Credit Services,130.88999938964844,False,57.0,True,True,Sector: Financial Services,-7.61,-7.56,False,341.0,317.0,True,HOLD
GANESHCP,GANESHCP,Consumer Defensive,Packaged Foods,164.02000427246094,False,45.0,True,False,Sector: Consumer Defensive,,,False,857.0,871.0,False,EXIT
DHUNINV,Dhunseri Investments Limited,Financial Services,Capital Markets,955.4500122070312,False,-1.4,False,False,Sector: Financial Services,-32.31,-32.14,False,3.93,46.88,False,EXIT
VAKRANGEE,Vakrangee Limited,Technology,Information Technology Services,5.78000020980835,False,13.0,False,False,Sector: Technology,-37.88,-39.65,False,179.0,6379.0,False,EXIT
PROZONER,Prozone Realty Limited,Real Estate,Real Estate - Diversified,41.52000045776367,False,8.27,True,False,Sector: Real Estate,13.1,-3.89,False,16.68,10.84,True,EXIT
AHLWEST,Asian Hotels (West) Limited,Consumer Cyclical,Lodging,536.0999755859375,False,-7.97,False,True,Sector: Consumer Cyclical,293.81,289.4,True,0.0,148.84,False,HOLD
ADSL,Allied Digital Services Limited,Technology,Information Technology Services,109.38999938964844,False,-2.0,False,False,Sector: Technology,-30.61,-32.43,False,384.0,388.0,False,EXIT
TREL,Transindia Real Estate Limited,Real Estate,Real Estate Services,26.860000610351562,False,29.0,False,True,Sector: Real Estate,-4.25,-20.99,False,46.0,82.0,False,EXIT
HMVL,Hindustan Media Ventures Limited,Communication Services,Publishing,95.05000305175781,False,91.0,False,True,Sector: Communication Services,25.45,5.78,True,793.0,933.0,False,HOLD
BIGBLOC,Bigbloc Construction Limited,Industrials,Building Products & Equipment,43.38999938964844,False,-3.98,False,False,Sector: Industrials,-27.14,-26.9,False,91.29,113.82,False,EXIT
KILITCH,Kilitch Drugs (India) Limited,Healthcare,Drug Manufacturers - Specialty & Generic,158.10000610351562,False,33.0,True,False,Sector: Healthcare,-29.28,-19.04,False,195.0,189.0,True,EXIT
SNOWMAN,Snowman Logistics Limited,Industrials,Integrated Freight & Logistics,37.61000061035156,False,5.0,False,False,Sector: Industrials,-30.95,-30.7,False,619.0,604.0,True,EXIT
SUTLEJTEX,Sutlej Textiles and Industries Limited,Consumer Cyclical,Textile Manufacturing,38.09000015258789,False,-51.0,False,True,Sector: Consumer Cyclical,-1.29,-4.97,False,2664.0,3042.0,False,EXIT
ZEEMEDIA,Zee Media Corporation Limited,Communication Services,Broadcasting,9.260000228881836,False,15.0,False,True,Sector: Communication Services,-7.7,-26.92,False,562.0,655.0,False,EXIT
TRANSPEK,Transpek Industry Limited,Basic Materials,Chemicals,1189.4000244140625,False,39.0,False,False,Sector: Basic Materials,,,False,618.0,827.0,False,EXIT
ONWARDTEC,Onward Technologies Limited,Technology,Information Technology Services,282.3999938964844,False,32.0,True,True,Sector: Technology,-15.06,-16.98,False,426.0,417.0,True,HOLD
PRIMO,Primo Chemicals Limited,Basic Materials,Chemicals,22.15999984741211,False,11.0,False,False,Sector: Basic Materials,-15.32,-15.85,False,560.0,701.0,False,EXIT
NBIFIN,N.B.I. Industrial Finance Company Limited,Financial Services,Capital Markets,2000.0,False,14.0,False,False,Sector: Financial Services,-19.82,-19.71,False,22.0,101.0,False,EXIT
KANPRPLA,Kanpur Plastipack Limited,Consumer Cyclical,Packaging & Containers,256.5899963378906,True,43.0,True,True,Sector: Consumer Cyclical,21.74,18.0,True,739.0,716.0,True,ADD
HTMEDIA,HT Media Limited,Communication Services,Publishing,26.09000015258789,False,-117.0,False,True,Sector: Communication Services,22.3,2.67,True,1045.0,1499.0,False,HOLD
BAFNAPH,Bafna Pharmaceuticals Limited,Healthcare,Drug Manufacturers - Specialty & Generic,242.5500030517578,False,8.0,False,True,Sector: Healthcare,108.81,118.0,True,143.0,152.0,False,HOLD
COFFEEDAY,Coffee Day Enterprises Limited,Consumer Cyclical,Restaurants,29.350000381469727,False,168.0,False,False,Sector: Consumer Cyclical,-33.97,-37.57,False,20.0,144.0,False,EXIT
SHIVAUM,SHIVAUM,Basic Materials,Steel,447.1499938964844,True,10.0,False,True,Sector: Basic Materials,43.13,42.42,True,560.0,548.0,True,HOLD
AMANTA,AMANTA,Healthcare,Drug Manufacturers - Specialty & Generic,177.6300048828125,True,15.0,False,True,Sector: Healthcare,,,False,291.0,288.0,True,EXIT
HINDCOMPOS,Hindustan Composites Limited,Consumer Cyclical,Auto Parts,407.29998779296875,False,32.0,False,False,Sector: Consumer Cyclical,-13.29,-16.95,False,221.0,325.0,False,EXIT
MALLCOM,Mallcom (India) Limited,Industrials,Security & Protection Services,964.6500244140625,False,28.0,False,False,Sector: Industrials,-24.54,-24.3,False,510.0,521.0,False,EXIT
ORBTEXP,Orbit Exports Limited,Consumer Cyclical,Textile Manufacturing,230.1199951171875,False,42.0,True,True,Sector: Consumer Cyclical,19.97,16.23,True,231.0,219.0,True,HOLD
TPLPLASTEH,TPL Plastech Limited,Consumer Cyclical,Packaging & Containers,78.88999938964844,False,30.0,True,True,Sector: Consumer Cyclical,0.05,-3.64,False,457.0,423.0,True,HOLD
ZFSTEERING,ZF Steering Gear (India) Limited,Consumer Cyclical,Auto Parts,673.75,False,38.0,False,False,Sector: Consumer Cyclical,,,False,564.0,557.0,True,EXIT
PYRAMID,Pyramid Technoplast Limited,Consumer Cyclical,Packaging & Containers,161.5,False,31.0,False,True,Sector: Consumer Cyclical,5.65,1.95,True,740.0,681.0,True,HOLD
GLOTTIS,GLOTTIS,Industrials,Integrated Freight & Logistics,65.38999938964844,False,36.0,False,True,Sector: Industrials,,,False,789.0,941.0,False,EXIT
SATIA,Satia Industries Limited,Basic Materials,Paper & Paper Products,57.7400016784668,False,-8.0,False,False,Sector: Basic Materials,-32.0,-32.49,False,1443.0,1880.0,False,EXIT
DCI,DC Infotech and Communication Limited,Technology,Electronics & Computer Distribution,366.8500061035156,False,22.0,True,True,Sector: Technology,63.79,61.35,True,756.0,737.0,True,HOLD
NAHARPOLY,Nahar Poly Films Limited,Consumer Cyclical,Packaging & Containers,237.60000610351562,False,60.0,False,False,Sector: Consumer Cyclical,-19.44,-23.08,False,667.0,723.0,False,EXIT
GTPL,GTPL Hathway Limited,Communication Services,Entertainment,53.779998779296875,False,2.0,False,False,Sector: Communication Services,-37.5,-56.31,False,2544.0,2451.0,True,EXIT
SOFTTECH,SoftTech Engineers Limited,Technology,Software - Application,421.45001220703125,False,10.0,True,True,Sector: Technology,8.53,6.46,True,135.0,128.0,True,HOLD
SHREERAMA,Shree Rama Multi-Tech Limited,Consumer Cyclical,Packaging & Containers,44.369998931884766,False,25.0,False,False,Sector: Consumer Cyclical,8.49,4.78,True,265.0,240.0,True,EXIT
LINC,Linc Limited,Industrials,Business Equipment & Supplies,96.33000183105469,False,34.0,False,False,Sector: Industrials,-29.26,-29.02,False,533.0,532.0,True,EXIT
AQYLON,Aqylon Nexus Limited,Communication Services,Broadcasting,23.920000076293945,False,12.0,True,False,Sector: Communication Services,-81.64,-99.85,False,22.0,138.0,False,EXIT
UNIVASTU,Univastu India Limited,Industrials,Engineering & Construction,168.0500030517578,True,31.0,True,True,Sector: Industrials,90.34,90.31,True,300.0,225.0,True,ADD
KAMATHOTEL,Kamat Hotels (India) Limited,Consumer Cyclical,Lodging,189.4199981689453,False,42.0,False,False,Sector: Consumer Cyclical,-34.57,-38.18,False,266.0,264.0,True,EXIT
ZIMLAB,ZIM Laboratories Limited,Healthcare,Drug Manufacturers - Specialty & Generic,118.04000091552734,False,4.0,False,True,Sector: Healthcare,41.78,51.48,True,392.0,397.0,False,HOLD
SAYAJIHOTL,Sayaji Hotels Limited,Consumer Cyclical,Lodging,323.6000061035156,True,11.0,False,False,Sector: Consumer Cyclical,,,False,133.0,218.0,False,EXIT
HITECHCORP,Hitech Corporation Limited,Consumer Cyclical,Packaging & Containers,332.0,True,11.0,False,True,Sector: Consumer Cyclical,62.18,58.34,True,642.0,588.0,True,HOLD
MINDTECK,Mindteck (India) Limited,Technology,Information Technology Services,171.82000732421875,False,17.0,False,False,Sector: Technology,-16.67,-18.58,False,148.0,155.0,False,EXIT
KNAGRI,KNAGRI,Consumer Defensive,Farm Products,214.8800048828125,False,36.0,False,True,Sector: Consumer Defensive,-10.58,-12.49,False,1940.0,2224.0,False,EXIT
MANAKSTEEL,Manaksia Steels Limited,Basic Materials,Steel,85.55000305175781,False,54.0,True,True,Sector: Basic Materials,42.18,41.48,True,1154.0,1053.0,True,HOLD
RBZJEWEL,RBZ Jewellers Limited,Consumer Cyclical,Luxury Goods,137.3800048828125,False,57.0,True,False,Sector: Consumer Cyclical,0.07,-3.61,False,682.0,636.0,True,EXIT
3IINFOLTD,3i Infotech Limited,Technology,Information Technology Services,23.149999618530273,False,26.0,False,True,Sector: Technology,8.53,6.46,True,314.0,401.0,False,HOLD
KRONOX,KRONOX,Basic Materials,Specialty Chemicals,155.16000366210938,False,29.0,True,True,Sector: Basic Materials,-9.78,-10.33,False,105.0,101.0,True,HOLD
GFLLIMITED,GFL Limited,Financial Services,Asset Management,56.7599983215332,False,1.49,False,True,Sector: Financial Services,-10.84,-10.77,False,3.79,2469.96,False,EXIT
AARTISURF,Aarti Surfactants Limited,Basic Materials,Specialty Chemicals,589.0999755859375,False,19.0,False,True,Sector: Basic Materials,27.75,27.09,True,916.0,859.0,True,HOLD
SREEL,Sreeleathers Limited,Consumer Cyclical,Footwear & Accessories,248.27000427246094,False,33.0,True,True,Sector: Consumer Cyclical,12.45,8.73,True,258.0,248.0,True,HOLD
MUNJALSHOW,Munjal Showa Limited,Consumer Cyclical,Auto Parts,132.35000610351562,False,25.0,False,True,Sector: Consumer Cyclical,-1.27,-4.95,False,1377.0,1669.0,False,EXIT
CEWATER,CEWATER,Utilities,Utilities - Regulated Water,275.70001220703125,False,5.17,False,False,Sector: Utilities,-25.97,-51.74,False,57.17,56.58,True,EXIT
PANSARI,Pansari Developers Limited,Real Estate,Real Estate - Development,312.6000061035156,False,19.0,False,True,Sector: Real Estate,30.03,12.8,True,93.0,96.0,False,HOLD
UGARSUGAR,The Ugar Sugar Works Limited,Consumer Defensive,Confectioners,50.40999984741211,False,29.0,False,True,Sector: Consumer Defensive,24.37,22.21,True,1606.0,1794.0,False,HOLD
GLOBAL,Global Education Limited,Consumer Defensive,Education & Training Services,107.58000183105469,False,25.0,False,True,Sector: Consumer Defensive,67.83,65.35,True,88.0,89.0,False,HOLD
CHEMFAB,Chemfab Alkalis Limited,Basic Materials,Specialty Chemicals,372.54998779296875,False,7.0,False,False,Sector: Basic Materials,-48.56,-49.0,False,274.0,331.0,False,EXIT
OSWALGREEN,Oswal Greentech Limited,Financial Services,Asset Management,20.889999389648438,False,-61.0,False,False,Sector: Financial Services,-52.6,-52.34,False,37.0,458.0,False,EXIT
VISACHROME,VISA Chrome Limited,Basic Materials,Steel,37.779998779296875,False,1036.0,False,False,Sector: Basic Materials,14.25,13.63,True,511.0,1397.0,False,EXIT
ARIES,Aries Agro Limited,Basic Materials,Agricultural Inputs,438.3999938964844,True,43.0,True,True,Sector: Basic Materials,1.94,1.35,True,745.0,718.0,True,ADD
APTECHT,Aptech Limited,Consumer Defensive,Education & Training Services,92.8499984741211,False,22.0,False,False,Sector: Consumer Defensive,-29.13,-30.9,False,289.0,285.0,True,EXIT
MOLDTECH,Mold-Tek Technologies Limited,Industrials,Engineering & Construction,180.07000732421875,False,20.0,False,True,Sector: Industrials,11.61,11.76,True,159.0,146.0,True,HOLD
MODINATUR,Modi Naturals Limited,Consumer Defensive,Packaged Foods,354.6000061035156,False,10.0,False,False,Sector: Consumer Defensive,,,False,387.0,474.0,False,EXIT
URJA,Urja Global Limited,Technology,Solar,9.300000190734863,False,2.56,True,False,Sector: Technology,-32.15,-33.96,False,60.52,144.56,False,EXIT
NAHARINDUS,Nahar Industrial Enterprises Limited,Consumer Cyclical,Textile Manufacturing,117.62000274658203,False,75.0,False,True,Sector: Consumer Cyclical,6.18,2.48,True,1336.0,2006.0,False,HOLD
PASUPTAC,Pasupati Acrylon Limited,Consumer Cyclical,Textile Manufacturing,61.560001373291016,False,96.0,True,True,Sector: Consumer Cyclical,41.66,37.87,True,1032.0,1010.0,True,HOLD
DICIND,DIC India Limited,Basic Materials,Specialty Chemicals,576.9000244140625,False,29.0,False,True,Sector: Basic Materials,-1.84,-2.42,False,980.0,892.0,True,EXIT
THEINVEST,The Investment Trust of India Limited,Financial Services,Capital Markets,98.18000030517578,False,-1.55,False,False,Sector: Financial Services,-38.73,-38.53,False,16.77,381.47,False,EXIT
CSM,CSM,Technology,Information Technology Services,99.25,False,,False,False,Sector: Technology,,,False,,213.0,False,EXIT
DISHTV,Dish TV India Limited,Communication Services,Entertainment,2.7799999713897705,False,-854.0,False,False,Sector: Communication Services,-28.87,-47.8,False,382.0,3938.0,False,EXIT
ORIENTCER,Orient Ceratech Limited,Basic Materials,Specialty Chemicals,43.119998931884766,False,21.0,False,True,Sector: Basic Materials,9.57,8.96,True,410.0,399.0,True,HOLD
PLASTIBLEN,Plastiblends India Limited,Basic Materials,Specialty Chemicals,187.1300048828125,False,43.0,True,True,Sector: Basic Materials,-3.03,-3.61,False,811.0,781.0,True,HOLD
UNIVPHOTO,Universus Photo Imagings Limited,Healthcare,Medical Devices,456.20001220703125,False,17.0,False,True,Sector: Healthcare,73.78,83.24,True,19.0,62.0,False,HOLD
ORIENTBELL,Orient Bell Limited,Industrials,Building Products & Equipment,343.3500061035156,False,20.0,False,True,Sector: Industrials,21.91,22.03,True,744.0,705.0,True,HOLD
PENINLAND,Peninsula Land Limited,Real Estate,Real Estate - Development,14.90999984741211,False,-154.0,False,False,Sector: Real Estate,-46.48,-62.62,False,127.0,958.0,False,EXIT
PTL,PTL Enterprises Limited,Real Estate,Real Estate Services,38.599998474121094,False,46.0,False,False,Sector: Real Estate,11.7,-5.27,False,64.0,64.0,True,EXIT
MUFTI,MUFTI,Consumer Cyclical,Apparel Retail,77.45999908447266,False,43.0,False,False,Sector: Consumer Cyclical,-34.54,-38.15,False,597.0,618.0,False,EXIT
THOMASCOTT,Thomas Scott (India) Limited,Consumer Cyclical,Textile Manufacturing,288.79998779296875,False,21.0,True,False,Sector: Consumer Cyclical,-20.84,-24.48,False,267.0,255.0,True,EXIT
OSWALAGRO,Oswal Agro Mills Limited,Real Estate,Real Estate - Development,37.459999084472656,False,-4.58,False,False,Sector: Real Estate,-37.85,-54.12,False,0.03,161.77,False,EXIT
KHAICHEM,Khaitan Chemicals and Fertilizers Limited,Basic Materials,Agricultural Inputs,57.650001525878906,False,54.0,False,False,Sector: Basic Materials,-46.21,-46.66,False,988.0,1002.0,False,EXIT
RUSHIL,Rushil Décor Limited,Consumer Cyclical,"Furnishings, Fixtures & Appliances",17.299999237060547,False,24.0,False,False,Sector: Consumer Cyclical,-24.29,-27.92,False,908.0,891.0,True,EXIT
ELIN,Elin Electronics Limited,Industrials,Electrical Equipment & Parts,99.6500015258789,False,-7.0,False,False,Sector: Industrials,-46.46,-46.18,False,1051.0,1016.0,True,EXIT
MANCREDIT,Mangal Credit and Fincorp Limited,Financial Services,Credit Services,222.02999877929688,False,18.0,True,True,Sector: Financial Services,26.65,26.54,True,78.0,70.0,True,HOLD
BBTCL,B&B Triplewall Containers Limited,Consumer Cyclical,Packaging & Containers,246.0399932861328,False,36.0,True,True,Sector: Consumer Cyclical,22.33,18.59,True,638.0,609.0,True,HOLD
SUKHJITS,The Sukhjit Starch & Chemicals Limited,Basic Materials,Specialty Chemicals,156.2100067138672,False,34.0,False,False,Sector: Basic Materials,-11.58,-12.13,False,1454.0,1486.0,False,EXIT
BMWVENTLTD,BMWVENTLTD,Basic Materials,Steel,57.18000030517578,False,40.0,True,False,Sector: Basic Materials,,,False,2403.0,2278.0,True,EXIT
CSLFINANCE,CSL Finance Limited,Financial Services,Credit Services,223.47000122070312,False,87.0,True,False,Sector: Financial Services,-29.79,-29.63,False,267.0,256.0,True,EXIT
IRIS,IRIS RegTech Solutions Limited,Technology,Software - Application,244.9199981689453,False,120.0,True,False,Sector: Technology,-25.02,-26.87,False,130.0,123.0,True,EXIT
SCHAND,S Chand And Company Limited,Communication Services,Publishing,137.13999938964844,False,5.0,False,False,Sector: Communication Services,-13.51,-32.65,False,292.0,344.0,False,EXIT
NILASPACES,Nila Spaces Limited,Real Estate,Real Estate - Development,12.649999618530273,False,28.0,True,False,Sector: Real Estate,3.61,-13.25,False,161.0,163.0,False,EXIT
MCLEODRUSS,McLeod Russel India Limited,Consumer Defensive,Packaged Foods,47.58000183105469,False,-66.0,False,False,Sector: Consumer Defensive,22.17,20.02,True,1011.0,1596.0,False,EXIT
INTLCONV,International Conveyors Limited,Industrials,Specialty Industrial Machinery,75.62999725341797,False,136.0,True,False,Sector: Industrials,-15.19,-14.98,False,208.0,208.0,True,EXIT
IL&FSENGG,IL&FS Engineering and Construction Company Limited,Industrials,Engineering & Construction,37.540000915527344,False,10.0,True,True,Sector: Industrials,7.91,8.07,True,184.0,2360.0,False,HOLD
ENIL,Entertainment Network (India) Limited,Communication Services,Broadcasting,101.48999786376953,False,-5.0,False,False,Sector: Communication Services,-21.85,-40.87,False,545.0,620.0,False,EXIT
ADVANIHOTR,Advani Hotels & Resorts (India) Limited,Consumer Cyclical,Lodging,49.459999084472656,False,23.0,False,False,Sector: Consumer Cyclical,-19.8,-23.44,False,108.0,107.0,True,EXIT
RKSWAMY,RKSWAMY,Communication Services,Advertising Agencies,94.79000091552734,False,20.0,False,False,Sector: Communication Services,-21.43,-40.46,False,156.0,162.0,False,EXIT
RAMANEWS,Shree Rama Newsprint Limited,Consumer Defensive,Beverages - Non-Alcoholic,32.400001525878906,False,-69.0,False,True,Sector: Consumer Defensive,2.22,0.22,True,33.0,504.0,False,HOLD
MGEL,Mangalam Global Enterprise Limited,Consumer Defensive,Farm Products,14.800000190734863,False,43.0,True,True,Sector: Consumer Defensive,-9.78,-11.69,False,2966.0,2962.0,True,HOLD
SIGMA,Sigma Solve Limited,Technology,Information Technology Services,46.119998931884766,False,7.59,True,False,Sector: Technology,15.92,13.8,True,38.35,38.52,False,HOLD
MAZDA,Mazda Limited,Industrials,Specialty Industrial Machinery,237.47000122070312,False,30.0,False,True,Sector: Industrials,-20.31,-20.09,False,243.0,225.0,True,EXIT
SILINV,SIL Investments Limited,Financial Services,Asset Management,438.04998779296875,False,41.0,False,False,Sector: Financial Services,-23.77,-23.64,False,58.0,169.0,False,EXIT
REPRO,Repro India Limited,Industrials,Specialty Business Services,329.20001220703125,False,96.0,True,False,Sector: Industrials,-33.6,-33.34,False,242.0,395.0,False,EXIT
ALBERTDAVD,Albert David Limited,Healthcare,Drug Manufacturers - Specialty & Generic,839.5499877929688,False,23.0,False,True,Sector: Healthcare,-9.04,1.05,False,364.0,362.0,True,EXIT
HLVLTD,HLV Limited,Consumer Cyclical,Lodging,6.630000114440918,False,5.0,False,False,Sector: Consumer Cyclical,-43.84,-47.41,False,207.0,698.0,False,EXIT
SHARDUL,Shardul Securities Limited,Financial Services,Capital Markets,53.06999969482422,False,12.0,False,False,Sector: Financial Services,,,False,114.0,160.0,False,EXIT
KOTYARK,KOTYARK,Basic Materials,Specialty Chemicals,34.54999923706055,False,,False,True,Sector: Basic Materials,-0.49,-1.07,False,,296.0,False,EXIT
UNIDT,United Drilling Tools Limited,Energy,Oil & Gas Equipment & Services,220.77000427246094,False,20.0,False,True,Sector: Energy,-6.97,9.3,False,184.0,182.0,True,EXIT
MAWANASUG,Mawana Sugars Limited,Consumer Defensive,Confectioners,128.72000122070312,False,27.0,False,True,Sector: Consumer Defensive,41.06,38.78,True,1579.0,1564.0,True,HOLD
DONEAR,Donear Industries Limited,Consumer Cyclical,Textile Manufacturing,88.5999984741211,False,46.0,True,False,Sector: Consumer Cyclical,-7.8,-11.47,False,928.0,914.0,True,EXIT
WSI,W.S. Industries (India) Limited,Industrials,Engineering & Construction,60.11000061035156,False,2.34,False,False,Sector: Industrials,-29.64,-29.4,False,65.88,326.38,False,EXIT
KAYA,Kaya Limited,Consumer Defensive,Household & Personal Products,338.45001220703125,False,-97.0,False,True,Sector: Consumer Defensive,-22.23,-24.05,False,230.0,222.0,True,EXIT
HALEOSLABS,Haleos Labs Limited,Healthcare,Biotechnology,1456.4000244140625,False,16.0,False,True,Sector: Healthcare,16.86,26.75,True,290.0,346.0,False,HOLD
IGCL,IGCL,Basic Materials,Agricultural Inputs,72.12999725341797,False,38.0,False,False,Sector: Basic Materials,-38.65,-39.12,False,653.0,676.0,False,EXIT
ATALREAL,Atal Realtech Limited,Industrials,Engineering & Construction,33.18000030517578,False,7.0,True,True,Sector: Industrials,80.45,80.44,True,120.0,120.0,True,HOLD
VALIANTLAB,Valiant Laboratories Limited,Healthcare,Drug Manufacturers - Specialty & Generic,91.95999908447266,False,13.0,False,True,Sector: Healthcare,-9.69,0.4,False,239.0,334.0,False,EXIT
FOCUS,Focus Lighting and Fixtures Limited,Consumer Cyclical,"Furnishings, Fixtures & Appliances",67.62999725341797,False,6.0,False,False,Sector: Consumer Cyclical,-27.54,-31.16,False,185.0,180.0,True,EXIT
AUTOIND,Autoline Industries Limited,Consumer Cyclical,Auto Parts,85.04000091552734,False,27.0,False,True,Sector: Consumer Cyclical,23.71,19.96,True,936.0,822.0,True,HOLD
DENORA,De Nora India Limited,Industrials,Electrical Equipment & Parts,835.6500244140625,False,12.0,False,True,Sector: Industrials,-5.41,-5.22,False,115.0,122.0,False,EXIT
GUJAPOLLO,Gujarat Apollo Industries Limited,Industrials,Specialty Industrial Machinery,365.04998779296875,False,2.43,False,False,Sector: Industrials,-29.03,-28.78,False,32.46,77.9,False,EXIT
SBGLP,Suratwwala Business Group Limited,Real Estate,Real Estate - Development,24.360000610351562,False,32.0,True,False,Sector: Real Estate,-24.68,-41.14,False,93.0,89.0,True,EXIT
OMAXAUTO,Omax Autos Limited,Consumer Cyclical,Auto Parts,195.27000427246094,False,40.0,False,True,Sector: Consumer Cyclical,26.74,22.98,True,507.0,1179.0,False,HOLD
MIRZAINT,Mirza International Limited,Consumer Cyclical,Footwear & Accessories,31.06999969482422,False,-20.0,False,False,Sector: Consumer Cyclical,-4.32,-8.0,False,498.0,1386.0,False,EXIT
VINYLINDIA,Vinyl Chemicals (India) Limited,Basic Materials,Specialty Chemicals,235.75,False,19.0,False,False,Sector: Basic Materials,-14.99,-15.52,False,601.0,1013.0,False,EXIT
ABCOTS,ABCOTS,Consumer Cyclical,Textile Manufacturing,218.07000732421875,False,14.0,True,False,Sector: Consumer Cyclical,-45.93,-49.51,False,333.0,299.0,True,EXIT
TERASOFT,Tera Software Limited,Technology,Information Technology Services,329.45001220703125,False,25.0,True,False,Sector: Technology,16.97,14.84,True,255.0,271.0,False,HOLD
DAVANGERE,Davangere Sugar Company Limited,Consumer Defensive,Confectioners,2.990000009536743,False,8.0,False,False,Sector: Consumer Defensive,-3.77,-5.72,False,249.0,280.0,False,EXIT
NDLVENTURE,NDL Ventures Limited,Communication Services,Entertainment,116.08000183105469,False,0.75,False,True,Sector: Communication Services,52.81,32.76,True,0.0,813.58,False,HOLD
NAHARCAP,Nahar Capital and Financial Services Limited,Financial Services,Capital Markets,256.80999755859375,False,34.0,False,True,Sector: Financial Services,-17.12,-17.02,False,34.0,56.0,False,EXIT
ASAHISONG,Asahi Songwon Colors Limited,Basic Materials,Specialty Chemicals,357.29998779296875,False,34.0,True,True,Sector: Basic Materials,11.29,10.68,True,374.0,401.0,False,HOLD
SARVESHWAR,Sarveshwar Foods Limited,Consumer Defensive,Packaged Foods,3.4000000953674316,False,11.0,False,False,Sector: Consumer Defensive,-58.09,-59.65,False,671.0,665.0,True,EXIT
ACL,Andhra Cements Limited,Basic Materials,Building Materials,46.08000183105469,False,-73.0,False,False,Sector: Basic Materials,-38.13,-38.6,False,485.0,466.0,True,EXIT
RAMAPHO,Rama Phosphates Limited,Basic Materials,Agricultural Inputs,121.43000030517578,False,54.0,False,False,Sector: Basic Materials,-17.62,-18.15,False,928.0,893.0,True,EXIT
SHIVALIK,Shivalik Rasayan Limited,Basic Materials,Agricultural Inputs,256.1099853515625,False,10.0,False,False,Sector: Basic Materials,-51.75,-52.18,False,172.0,170.0,True,EXIT
BATLIBOI,Batliboi Limited,Industrials,Specialty Industrial Machinery,85.52999877929688,False,-0.0,False,False,Sector: Industrials,,,False,320.0,325.0,False,EXIT
FOODSIN,Foods and Inns Limited,Consumer Defensive,Packaged Foods,53.86000061035156,False,28.0,False,False,Sector: Consumer Defensive,-40.79,-42.47,False,771.0,997.0,False,EXIT
MUTHOOTCAP,Muthoot Capital Services Limited,Financial Services,Credit Services,249.94000244140625,False,24.0,False,True,Sector: Financial Services,-9.87,-9.81,False,631.0,624.0,True,EXIT
SRGHFL,SRG Housing Finance Limited,Financial Services,Mortgage Finance,260.1000061035156,False,34.0,True,False,Sector: Financial Services,-16.64,-16.55,False,209.0,199.0,True,EXIT
PPAP,PPAP Automotive Limited,Consumer Cyclical,Auto Parts,271.70001220703125,False,36.0,False,True,Sector: Consumer Cyclical,15.96,12.23,True,569.0,538.0,True,HOLD
AFIL,AFIL,Financial Services,Credit Services,9.359999656677246,False,44.0,True,True,Sector: Financial Services,28.86,28.74,True,159.0,149.0,True,HOLD
XTGLOBAL,XTGlobal Infotech Limited,Technology,Software - Application,29.020000457763672,False,7.11,False,False,Sector: Technology,-10.21,-12.16,False,73.86,72.44,True,EXIT
KOTHARIPRO,Kothari Products Limited,Industrials,Conglomerates,68.12999725341797,False,43.0,False,False,Sector: Industrials,-18.15,-17.93,False,440.0,4648.0,False,EXIT
KRITINUT,Kriti Nutrients Limited,Consumer Defensive,Packaged Foods,84.2699966430664,False,34.0,False,True,Sector: Consumer Defensive,-15.28,-17.15,False,940.0,922.0,True,EXIT
VPRPL,Vishnu Prakash R Punglia Limited,Industrials,Engineering & Construction,33.400001525878906,False,-196.0,False,False,Sector: Industrials,-79.17,-78.81,False,713.0,1474.0,False,EXIT
SURAJLTD,Suraj Limited,Basic Materials,Steel,203.32000732421875,False,9.0,False,False,Sector: Basic Materials,-37.21,-37.68,False,195.0,367.0,False,EXIT
MONEYBOXX,Moneyboxx Finance Limited,Financial Services,Credit Services,55.15999984741211,False,1.0,False,False,Sector: Financial Services,,,False,225.0,232.0,False,EXIT
SHAH,Shah Metacorp Limited,Basic Materials,Steel,3.9100000858306885,False,11.0,False,False,Sector: Basic Materials,18.76,18.12,True,193.0,182.0,True,EXIT
LIBERTSHOE,Liberty Shoes Ltd.,Consumer Cyclical,Footwear & Accessories,244.25,False,9.0,False,False,Sector: Consumer Cyclical,-19.62,-23.26,False,737.0,740.0,False,EXIT
VRAJ,VRAJ,Basic Materials,Steel,120.83999633789062,False,32.0,False,False,Sector: Basic Materials,-25.3,-25.81,False,643.0,588.0,True,EXIT
CYBERTECH,CyberTech Systems and Software Limited,Technology,Information Technology Services,135.5399932861328,False,24.0,False,False,Sector: Technology,-16.72,-18.63,False,165.0,161.0,True,EXIT
S&SPOWER,S&S Power Switchgear Limited,Industrials,Electrical Equipment & Parts,277.3500061035156,False,0.62,False,False,Sector: Industrials,-29.1,-28.85,False,4.16,4.12,True,EXIT
UYFINCORP,U. Y. Fincorp Limited,Financial Services,Credit Services,20.219999313354492,False,62.0,False,True,Sector: Financial Services,37.51,37.35,True,212.0,197.0,True,HOLD
BANSWRAS,Banswara Syntex Limited,Consumer Cyclical,Textile Manufacturing,115.44999694824219,False,34.0,False,False,Sector: Consumer Cyclical,-10.77,-14.43,False,1366.0,1499.0,False,EXIT
LORDSCHLO,Lords Chloro Alkali Limited,Basic Materials,Chemicals,133.0399932861328,False,33.0,False,False,Sector: Basic Materials,-33.44,-33.93,False,396.0,390.0,True,EXIT
SAHYADRI,Sahyadri Industries Limited,Industrials,Building Products & Equipment,378.8999938964844,False,45.0,False,True,Sector: Industrials,31.9,32.0,True,723.0,679.0,True,HOLD
MAJESAUT,Majestic Auto Limited,Real Estate,Real Estate Services,355.0,False,122.0,True,False,Sector: Real Estate,,,False,14.0,124.0,False,EXIT
EMAMIREAL,Emami Realty Limited,Real Estate,Real Estate - Development,71.05999755859375,False,-156.0,False,False,Sector: Real Estate,-23.25,-39.72,False,93.0,1026.0,False,EXIT
TREJHARA,Trejhara Solutions Limited,Technology,Software - Application,162.55999755859375,False,15.0,True,False,Sector: Technology,-22.55,-24.42,False,114.0,117.0,False,EXIT
MANOMAY,Manomay Tex India Limited,Consumer Cyclical,Textile Manufacturing,214.11000061035156,False,20.0,True,True,Sector: Consumer Cyclical,30.94,27.18,True,744.0,711.0,True,HOLD
EUROBOND,EUROBOND,Industrials,Building Products & Equipment,157.35000610351562,False,26.0,False,False,Sector: Industrials,-37.33,-37.07,False,519.0,504.0,True,EXIT
JKIPL,JKIPL,Industrials,Farm & Heavy Construction Machinery,95.30999755859375,False,12.0,False,True,Sector: Industrials,,,False,327.0,313.0,True,EXIT
MANAKSIA,Manaksia Limited,Industrials,Metal Fabrication,58.720001220703125,False,9.0,False,False,Sector: Industrials,-19.97,-19.75,False,181.0,173.0,True,EXIT
MARKOLINES,MARKOLINES,Industrials,Infrastructure Operations,172.85000610351562,False,27.0,True,True,Sector: Industrials,,,False,312.0,347.0,False,HOLD
GINNIFILA,Ginni Filaments Limited,Consumer Cyclical,Textile Manufacturing,44.41999816894531,False,35.0,False,True,Sector: Consumer Cyclical,-11.75,-15.41,False,378.0,1084.0,False,EXIT
MANORG,Mangalam Organics Limited,Basic Materials,Specialty Chemicals,440.3500061035156,False,12.0,False,False,Sector: Basic Materials,-27.8,-28.3,False,550.0,501.0,True,EXIT
RADIANTCMS,Radiant Cash Management Services Limited,Industrials,Specialty Business Services,34.099998474121094,False,37.0,False,False,Sector: Industrials,-43.22,-42.95,False,408.0,405.0,True,EXIT
GOKUL,Gokul Refoils & Solvent Limited,Consumer Defensive,Packaged Foods,40.119998931884766,False,4.0,False,True,Sector: Consumer Defensive,-4.41,-6.36,False,604.0,5861.0,False,EXIT
AEPL,Artemis Electricals and Projects Limited,Industrials,Electrical Equipment & Parts,14.890000343322754,False,8.81,False,False,Sector: Industrials,,,False,77.08,106.92,False,EXIT
DJML,DJ Mediaprint & Logistics Limited,Industrials,Specialty Business Services,104.91999816894531,False,11.0,True,True,Sector: Industrials,0.34,0.51,True,125.0,116.0,True,HOLD
AVG,AVG Logistics Limited,Industrials,Integrated Freight & Logistics,196.22999572753906,False,27.0,False,True,Sector: Industrials,-18.51,-18.29,False,563.0,556.0,True,EXIT
SINCLAIR,Sinclairs Hotels Limited,Consumer Cyclical,Lodging,75.22000122070312,False,11.0,False,False,Sector: Consumer Cyclical,-22.28,-25.91,False,64.0,59.0,True,EXIT
TOLINS,TOLINS,Consumer Cyclical,Auto Parts,95.94999694824219,False,13.0,False,False,Sector: Consumer Cyclical,-33.42,-37.03,False,204.0,221.0,False,EXIT
MBLINFRA,MBL Infrastructures Limited,Industrials,Engineering & Construction,24.280000686645508,False,10.0,False,False,Sector: Industrials,-45.05,-44.76,False,159.0,2314.0,False,EXIT
MEDICO,Medico Remedies Limited,Healthcare,Drug Manufacturers - Specialty & Generic,42.66999816894531,False,14.0,True,False,Sector: Healthcare,-7.58,2.49,False,238.0,206.0,True,EXIT
TARACHAND,Tara Chand Infralogistic Solutions Limited,Industrials,Farm & Heavy Construction Machinery,47.95000076293945,False,23.0,False,False,Sector: Industrials,-36.3,-36.04,False,291.0,285.0,True,EXIT
HALDER,Halder Venture Limited,Consumer Defensive,Farm Products,290.7699890136719,True,12.0,False,False,Sector: Consumer Defensive,,,False,524.0,772.0,False,EXIT
HCL-INSYS,HCL Infosystems Limited,Technology,Electronics & Computer Distribution,11.260000228881836,False,-46.0,False,False,Sector: Technology,-29.06,-30.89,False,0.0,4312.0,False,EXIT
GVKPIL,GVK Power & Infrastructure Limited,Utilities,Utilities - Independent Power Producers,2.319999933242798,False,-0.74,False,False,Sector: Utilities,-9.98,-36.64,False,0.0,28.16,False,EXIT
CPEDU,Career Point Edutech Ltd.,Consumer Defensive,Education & Training Services,205.47000122070312,False,23.0,True,False,Sector: Consumer Defensive,,,False,50.0,50.0,True,EXIT
SHEMAROO,Shemaroo Entertainment Limited,Communication Services,Entertainment,133.32000732421875,False,-184.0,False,True,Sector: Communication Services,30.54,10.8,True,540.0,677.0,False,HOLD
DCMSRIND,DCM Shriram Industries Limited,Consumer Defensive,Confectioners,49.88999938964844,False,32.0,False,False,Sector: Consumer Defensive,-70.4,-71.87,False,1160.0,2351.0,False,EXIT
HARRMALAYA,Harrisons Malayalam Limited,Consumer Defensive,Farm Products,192.52999877929688,False,27.0,False,True,Sector: Consumer Defensive,-11.3,-13.2,False,548.0,539.0,True,EXIT
BEDMUTHA,Bedmutha Industries Limited,Basic Materials,Steel,112.05000305175781,False,17.0,False,False,Sector: Basic Materials,-20.1,-20.63,False,1698.0,1467.0,True,EXIT
ESSARSHPNG,Essar Shipping Limited,Industrials,Marine Shipping,15.8100004196167,False,507.0,False,False,Sector: Industrials,-39.8,-39.53,False,0.0,791.0,False,EXIT
KESORAMIND,Kesoram Industries Limited,Basic Materials,Building Materials,11.720000267028809,False,-82.0,False,True,Sector: Basic Materials,120.41,119.48,True,0.0,4618.0,False,HOLD
RUBFILA,Rubfila International Limited,Basic Materials,Specialty Chemicals,69.2699966430664,False,26.0,False,False,Sector: Basic Materials,-6.68,-7.24,False,498.0,512.0,False,EXIT
VARDHACRLC,Vardhman Acrylics Limited,Consumer Cyclical,Textile Manufacturing,43.97999954223633,False,42.0,False,True,Sector: Consumer Cyclical,-1.1,-4.79,False,327.0,498.0,False,EXIT
ORIENTPPR,Orient Paper & Industries Limited,Basic Materials,Paper & Paper Products,16.850000381469727,False,-71.0,False,False,Sector: Basic Materials,-40.04,-40.5,False,895.0,1819.0,False,EXIT
KRITI,Kriti Industries (India) Limited,Industrials,Building Products & Equipment,66.43000030517578,False,-8.0,False,False,Sector: Industrials,-59.44,-59.13,False,536.0,867.0,False,EXIT
MEGASTAR,Megastar Foods Limited,Consumer Defensive,Packaged Foods,308.45001220703125,False,10.0,True,True,Sector: Consumer Defensive,30.41,28.21,True,558.0,533.0,True,HOLD
DIGISPICE,DiGiSPICE Technologies Limited,Financial Services,Financial Conglomerates,17.020000457763672,False,-5.75,False,False,Sector: Financial Services,-41.68,-41.47,False,0.0,156.64,False,EXIT
DREAMFOLKS,Dreamfolks Services Limited,Industrials,Airports & Air Services,65.3499984741211,False,-21.0,False,False,Sector: Industrials,-58.89,-58.58,False,346.0,1292.0,False,EXIT
PAKKA,Pakka Limited,Basic Materials,Paper & Paper Products,88.54000091552734,False,20.0,False,False,Sector: Basic Materials,-43.25,-43.71,False,391.0,408.0,False,EXIT
AVONMORE,Avonmore Capital & Management Services Limited,Financial Services,Capital Markets,13.029999732971191,False,0.31,False,False,Sector: Financial Services,-37.66,-37.46,False,9.96,35.35,False,EXIT
KCPSUGIND,K.C.P. Sugar and Industries Corporation Limited,Consumer Defensive,Confectioners,32.029998779296875,False,25.0,False,True,Sector: Consumer Defensive,-2.23,-4.2,False,209.0,407.0,False,EXIT
NIMBSPROJ,Nimbus Projects Limited,Unknown,Unknown,176.0,False,-24.0,False,False,Sector: Unknown,,,False,2.0,19.0,False,EXIT
TAKE,TAKE LIMITED,Healthcare,Health Information Services,22.889999389648438,False,5.85,False,False,Sector: Healthcare,91.18,100.51,True,11.93,56.23,False,EXIT
SUNDRMBRAK,Sundaram Brake Linings Limited,Consumer Cyclical,Auto Parts,851.0999755859375,False,4.0,False,True,Sector: Consumer Cyclical,13.03,9.31,True,344.0,355.0,False,HOLD
INSPIRISYS,Inspirisys Solutions Limited,Technology,Information Technology Services,91.48999786376953,False,37.0,False,False,Sector: Technology,-11.37,-13.32,False,488.0,478.0,True,EXIT
NURECA,Nureca Limited,Healthcare,Medical Devices,317.0,False,2.0,False,True,Sector: Healthcare,27.51,37.32,True,153.0,256.0,False,HOLD
KAVDEFENCE,KAVDEFENCE,Technology,Communication Equipment,57.06999969482422,False,-1.64,False,False,Sector: Technology,-19.09,-20.99,False,2.68,14.77,False,EXIT
SHANKARA,Shankara Building Products Limited,Consumer Cyclical,Home Improvement Retail,142.5399932861328,False,-4.0,False,True,Sector: Consumer Cyclical,-85.88,-89.36,False,139.0,4863.0,False,EXIT
TRANSWORLD,Transworld Shipping Lines Limited,Industrials,Marine Shipping,164.97000122070312,False,-32.0,False,False,Sector: Industrials,-39.01,-38.75,False,284.0,625.0,False,EXIT
DCMNVL,DCM Nouvelle Limited,Consumer Cyclical,Textile Manufacturing,175.88999938964844,False,7.0,False,True,Sector: Consumer Cyclical,4.78,1.08,True,1049.0,1081.0,False,HOLD
NDL,Nandan Denim Limited,Consumer Cyclical,Textile Manufacturing,2.25,False,37.0,False,False,Sector: Consumer Cyclical,-31.06,-34.67,False,2447.0,3547.0,False,EXIT
IITL,Industrial Investment Trust Limited,Financial Services,Credit Services,145.86000061035156,False,-5.44,False,False,Sector: Financial Services,-15.49,-15.4,False,-5.82,37.49,False,EXIT
OILCOUNTUB,Oil Country Tubular Limited,Energy,Oil & Gas Equipment & Services,58.970001220703125,False,-68.0,False,True,Sector: Energy,-49.04,-31.08,False,63.0,260.0,False,EXIT
GOACARBON,Goa Carbon Limited,Basic Materials,Specialty Chemicals,355.6499938964844,False,-47.0,False,False,Sector: Basic Materials,-25.05,-25.56,False,563.0,1364.0,False,EXIT
DBEIL,DBEIL,Industrials,Engineering & Construction,6.739999771118164,False,28.0,False,False,Sector: Industrials,-51.32,-51.02,False,538.0,579.0,False,EXIT
ASHIMASYN,Ashima Limited,Real Estate,Real Estate - Development,17.489999771118164,False,-18.0,False,True,Sector: Real Estate,-20.26,-36.78,False,18.0,336.0,False,EXIT
OMFREIGHT,OMFREIGHT,Industrials,Integrated Freight & Logistics,93.69000244140625,False,19.0,False,True,Sector: Industrials,,,False,576.0,489.0,True,EXIT
ATLANTAA,Atlantaa Limited,Industrials,Infrastructure Operations,38.95000076293945,False,-0.4,False,False,Sector: Industrials,14.42,14.56,True,29.16,496.16,False,EXIT
MEDICAMEQ,Medicamen Biotech Limited,Healthcare,Drug Manufacturers - Specialty & Generic,228.72999572753906,False,10.0,False,False,Sector: Healthcare,-49.16,-38.77,False,184.0,179.0,True,EXIT
AMBALALSA,Ambalal Sarabhai Enterprises Limited,Healthcare,Drug Manufacturers - Specialty & Generic,46.31999969482422,True,4.14,False,False,Sector: Healthcare,,,False,2.85,15.25,False,EXIT
HPAL,HP Adhesives Limited,Basic Materials,Specialty Chemicals,34.5099983215332,False,2.0,False,False,Sector: Basic Materials,-25.6,-26.1,False,248.0,251.0,False,EXIT
CLEDUCATE,CL Educate Limited,Consumer Defensive,Education & Training Services,60.33000183105469,False,-26.0,False,False,Sector: Consumer Defensive,-48.27,-49.9,False,269.0,289.0,False,EXIT
HILINFRA,HILINFRA,Industrials,Infrastructure Operations,45.68000030517578,False,26.0,False,False,Sector: Industrials,-61.67,-61.35,False,789.0,600.0,True,EXIT
TRACXN,Tracxn Technologies Limited,Technology,Software - Application,28.229999542236328,False,-12.0,False,False,Sector: Technology,-45.13,-46.86,False,84.0,84.0,True,EXIT
GULFPETRO,GP Petroleums Limited,Energy,Oil & Gas Refining & Marketing,64.61000061035156,False,41.0,True,True,Sector: Energy,33.21,47.88,True,714.0,790.0,False,HOLD
APOLSINHOT,Apollo Sindoori Hotels Limited,Industrials,Specialty Business Services,1184.699951171875,False,11.0,False,False,Sector: Industrials,-17.89,-17.67,False,372.0,355.0,True,EXIT
DEVX,Dev Accelerator Limited,Real Estate,Real Estate Services,33.959999084472656,False,4.0,True,False,Sector: Real Estate,,,False,174.0,171.0,True,EXIT
RUCHIRA,Ruchira Papers Limited,Basic Materials,Paper & Paper Products,101.93000030517578,False,33.0,False,False,Sector: Basic Materials,-27.99,-28.49,False,655.0,803.0,False,EXIT
SOMATEX,Soma Textiles & Industries Limited,Consumer Cyclical,Textile Manufacturing,85.94000244140625,False,9.0,False,False,Sector: Consumer Cyclical,6.42,2.72,True,107.0,226.0,False,EXIT
REMSONSIND,Remsons Industries Limited,Consumer Cyclical,Auto Parts,82.75,False,13.0,True,False,Sector: Consumer Cyclical,-34.7,-38.3,False,353.0,331.0,True,EXIT
UCAL,UCAL Limited,Consumer Cyclical,Auto Parts,146.17999267578125,False,-91.0,False,True,Sector: Consumer Cyclical,11.19,7.47,True,708.0,647.0,True,HOLD
CINELINE,Cineline India Limited,Communication Services,Entertainment,87.33000183105469,False,12.0,True,True,Sector: Communication Services,13.24,-6.27,False,251.0,237.0,True,HOLD
VARDMNPOLY,Vardhman Polytex Limited,Consumer Cyclical,Textile Manufacturing,6.119999885559082,False,319.0,True,False,Sector: Consumer Cyclical,-38.32,-41.92,False,238.0,941.0,False,EXIT
APCL,Anjani Portland Cement Limited,Basic Materials,Building Materials,103.06999969482422,False,-110.0,False,False,Sector: Basic Materials,-29.44,-29.93,False,237.0,477.0,False,EXIT
VERTOZ,Vertoz Limited,Technology,Software - Infrastructure,35.84000015258789,False,5.88,True,False,Sector: Technology,-58.02,-59.66,False,89.39,81.2,True,EXIT
VGL,VGL,Consumer Cyclical,Textile Manufacturing,58.060001373291016,False,-20.0,False,False,Sector: Consumer Cyclical,-36.16,-39.76,False,72.0,844.0,False,EXIT
MAHEPC,Mahindra EPC Irrigation Limited,Industrials,Farm & Heavy Construction Machinery,107.4000015258789,False,10.0,False,False,Sector: Industrials,-42.99,-42.71,False,304.0,312.0,False,EXIT
BELLACASA,Bella Casa Fashion & Retail Limited,Consumer Cyclical,Textile Manufacturing,223.97999572753906,False,18.0,False,False,Sector: Consumer Cyclical,-46.7,-50.27,False,446.0,416.0,True,EXIT
MODIRUBBER,Modi Rubber Limited,Real Estate,Real Estate Services,117.75,False,-19.0,False,False,Sector: Real Estate,16.04,-0.99,False,5.0,6.0,False,EXIT
PONNIERODE,Ponni Sugars (Erode) Limited,Consumer Defensive,Confectioners,384.1499938964844,False,49.0,True,True,Sector: Consumer Defensive,32.68,30.46,True,446.0,435.0,True,HOLD
RPPINFRA,R.P.P. Infra Projects Limited,Industrials,Engineering & Construction,57.470001220703125,False,2.0,False,False,Sector: Industrials,-51.12,-50.82,False,1485.0,1479.0,True,EXIT
NATHBIOGEN,Nath Bio-Genes (India) Limited,Basic Materials,Agricultural Inputs,153.8300018310547,False,48.0,False,False,Sector: Basic Materials,-14.41,-14.95,False,474.0,432.0,True,EXIT
NDGL,Naga Dhunseri Group Limited,Financial Services,Capital Markets,2711.0,False,-8.58,False,False,Sector: Financial Services,-32.85,-32.68,False,-2.18,79.22,False,EXIT
ELGIRUBCO,Elgi Rubber Company Limited,Consumer Cyclical,Auto Parts,57.04999923706055,False,-78.0,False,True,Sector: Consumer Cyclical,2.92,-0.78,False,241.0,236.0,True,EXIT
RHL,Robust Hotels Limited,Consumer Cyclical,Lodging,166.0,False,27.0,False,False,Sector: Consumer Cyclical,-40.05,-43.64,False,149.0,148.0,True,EXIT
DYNPRO,Dynemic Products Limited,Basic Materials,Specialty Chemicals,226.4499969482422,False,20.0,False,False,Sector: Basic Materials,-42.07,-42.53,False,370.0,378.0,False,EXIT
PRITIKAUTO,Pritika Auto Industries Limited,Industrials,Specialty Industrial Machinery,17.579999923706055,False,16.0,False,True,Sector: Industrials,-8.68,-8.48,False,503.0,475.0,True,EXIT
GENUSPAPER,Genus Paper & Boards Limited,Basic Materials,Paper & Paper Products,11.430000305175781,False,14.0,False,False,Sector: Basic Materials,-38.14,-38.61,False,908.0,940.0,False,EXIT
AARON,Aaron Industries Limited,Industrials,Specialty Industrial Machinery,140.32000732421875,False,,False,False,Sector: Industrials,-36.86,-36.59,False,,92.01,False,EXIT
CORDSCABLE,Cords Cable Industries Limited,Industrials,Electrical Equipment & Parts,235.97999572753906,True,25.0,True,True,Sector: Industrials,25.68,25.8,True,975.0,954.0,True,ADD
RMC,RMC Switchgears Limited,Industrials,Electrical Equipment & Parts,251.35000610351562,False,,False,False,Sector: Industrials,,,False,,316.0,False,EXIT
NILAINFRA,Nila Infrastructures Limited,Real Estate,Real Estate - Development,6.960000038146973,False,26.0,False,False,Sector: Real Estate,-22.94,-39.42,False,304.0,323.0,False,EXIT
PODDARMENT,Poddar Pigments Limited,Basic Materials,Specialty Chemicals,248.89999389648438,False,15.0,False,False,Sector: Basic Materials,-13.26,-13.8,False,374.0,375.0,False,EXIT
COASTCORP,Coastal Corporation Limited,Consumer Defensive,Packaged Foods,42.040000915527344,False,14.0,False,False,Sector: Consumer Defensive,20.18,18.05,True,646.0,686.0,False,EXIT
AXITA,Axita Cotton Limited,Consumer Cyclical,Textile Manufacturing,7.269999980926514,False,4.0,False,False,Sector: Consumer Cyclical,-7.03,-10.7,False,272.0,1102.0,False,EXIT
SPENCERS,Spencer's Retail Limited,Consumer Cyclical,Department Stores,30.56999969482422,False,-136.0,False,False,Sector: Consumer Cyclical,-46.59,-50.16,False,1584.0,2373.0,False,EXIT
EXXARO,Exxaro Tiles Limited,Industrials,Building Products & Equipment,6.099999904632568,False,3.0,False,False,Sector: Industrials,-27.31,-27.06,False,292.0,325.0,False,EXIT
TIGERLOGS,Tiger Logistics (India) Limited,Industrials,Integrated Freight & Logistics,28.979999542236328,False,19.0,False,False,Sector: Industrials,,,False,623.0,615.0,True,EXIT
ANNAPURNA,ANNAPURNA,Consumer Defensive,Packaged Foods,153.35000610351562,False,,False,False,Sector: Consumer Defensive,-37.88,-39.58,False,,,False,EXIT
RVHL,Ravinder Heights Limited,Real Estate,Real Estate - Development,41.720001220703125,False,-0.53,False,False,Sector: Real Estate,8.26,-8.66,False,1.4,1.41,False,EXIT
ZEELEARN,Zee Learn Limited,Consumer Defensive,Education & Training Services,7.760000228881836,False,94.0,True,True,Sector: Consumer Defensive,-19.7,-21.54,False,327.0,313.0,True,HOLD
JAYSREETEA,Jay Shree Tea & Industries Limited,Consumer Defensive,Farm Products,93.87999725341797,False,-19.0,False,True,Sector: Consumer Defensive,-8.4,-10.32,False,932.0,916.0,True,EXIT
GLOBECIVIL,GLOBECIVIL,Industrials,Engineering & Construction,44.970001220703125,False,25.0,True,False,Sector: Industrials,-47.48,-47.19,False,403.0,377.0,True,EXIT
A2ZINFRA,A2Z Infra Engineering Limited,Industrials,Engineering & Construction,14.470000267028809,False,-2.0,False,False,Sector: Industrials,-26.0,-25.76,False,106.0,955.0,False,EXIT
UFO,UFO Moviez India Limited,Communication Services,Entertainment,64.81999969482422,False,17.0,False,False,Sector: Communication Services,2.59,-16.77,False,388.0,449.0,False,EXIT
IVC,IL&FS Investment Managers Limited,Financial Services,Financial Conglomerates,8.220000267028809,False,47.0,False,True,Sector: Financial Services,-4.2,-4.17,False,0.0,108.0,False,EXIT
SRD,Shankar Lal Rampal Dye-Chem Limited,Basic Materials,Specialty Chemicals,40.939998626708984,False,18.0,False,False,Sector: Basic Materials,-48.71,-49.14,False,478.0,465.0,True,EXIT
GICL,GICL,Industrials,Integrated Freight & Logistics,23.989999771118164,False,,False,False,Sector: Industrials,-82.12,-81.75,False,,163.0,False,EXIT
SSDL,SSDL,Consumer Cyclical,Apparel Retail,59.7599983215332,False,24.0,False,False,Sector: Consumer Cyclical,-33.21,-36.82,False,634.0,631.0,True,EXIT
MANAKALUCO,Manaksia Aluminium Company Limited,Basic Materials,Aluminum,37.720001220703125,False,9.0,True,True,Sector: Basic Materials,22.56,21.91,True,569.0,564.0,True,HOLD
RNBDENIMS,R & B Denims Limited,Consumer Cyclical,Textile Manufacturing,8.170000076293945,False,14.0,False,False,Sector: Consumer Cyclical,,,False,301.0,296.0,True,EXIT
VMSTMT,VMSTMT,Basic Materials,Steel,48.380001068115234,False,17.0,False,False,Sector: Basic Materials,,,False,874.0,882.0,False,EXIT
STARTECK,Starteck Finance Limited,Financial Services,Credit Services,257.04998779296875,False,18.0,False,False,Sector: Financial Services,-21.43,-21.32,False,36.0,47.0,False,EXIT
FCSSOFT,FCS Software Solutions Limited,Technology,Information Technology Services,1.4700000286102295,False,-1.22,False,False,Sector: Technology,-39.17,-40.93,False,30.95,54.85,False,EXIT
GOLDTECH,AION-TECH Solutions Limited,Technology,Information Technology Services,48.119998931884766,False,6.46,False,True,Sector: Technology,-33.11,-34.91,False,99.2,100.1,False,EXIT
SAKUMA,Sakuma Exports Limited,Consumer Defensive,Farm Products,1.5499999523162842,False,8.0,False,False,Sector: Consumer Defensive,-42.18,-43.85,False,1371.0,2856.0,False,EXIT
TRF,TRF Limited,Industrials,Specialty Industrial Machinery,229.0500030517578,False,-0.12,False,False,Sector: Industrials,-31.75,-31.5,False,87.65,535.13,False,EXIT
KMSUGAR,K.M. Sugar Mills Limited,Consumer Defensive,Confectioners,32.630001068115234,False,48.0,False,True,Sector: Consumer Defensive,12.73,10.66,True,640.0,659.0,False,HOLD
DPWIRES,D.P. Wires Limited,Industrials,Metal Fabrication,160.07000732421875,False,,False,False,Sector: Industrials,-36.89,-36.63,False,,,False,EXIT
BTTL,Bhilwara Technical Textiles Limited,Consumer Cyclical,Textile Manufacturing,43.119998931884766,False,2.25,False,False,Sector: Consumer Cyclical,,,False,27.67,26.91,True,EXIT
PAVNAIND,Pavna Industries Limited,Consumer Cyclical,Auto Parts,18.8700008392334,False,6.0,False,False,Sector: Consumer Cyclical,-55.78,-59.33,False,313.0,298.0,True,EXIT
ALMONDZ,Almondz Global Securities Limited,Financial Services,Capital Markets,13.720000267028809,False,4.39,False,False,Sector: Financial Services,-35.81,-35.62,False,69.31,63.09,True,EXIT
NIPPOBATRY,Indo National Limited,Industrials,Electrical Equipment & Parts,327.79998779296875,False,-22.0,False,False,Sector: Industrials,-34.14,-33.88,False,447.0,466.0,False,EXIT
PLAZACABLE,Plaza Wires Limited,Industrials,Electrical Equipment & Parts,49.86000061035156,False,11.0,True,True,Sector: Industrials,-7.2,-7.01,False,343.0,318.0,True,HOLD
AKSHARCHEM,AksharChem (India) Limited,Basic Materials,Specialty Chemicals,299.94000244140625,False,14.0,False,True,Sector: Basic Materials,6.6,6.0,True,416.0,380.0,True,HOLD
DIAMINESQ,Diamines and Chemicals Limited,Basic Materials,Chemicals,238.97999572753906,False,-8.45,False,False,Sector: Basic Materials,-37.88,-38.35,False,40.6,110.34,False,EXIT
WORTHPERI,Worth Peripherals Limited,Consumer Cyclical,Packaging & Containers,152.58999633789062,False,19.0,True,True,Sector: Consumer Cyclical,1.22,-2.47,False,213.0,222.0,False,HOLD
SIKKO,Sikko Industries Limited,Basic Materials,Agricultural Inputs,5.269999980926514,False,6.05,True,True,Sector: Basic Materials,50.47,49.74,True,64.6,65.01,False,HOLD
BPL,BPL Limited,Technology,Consumer Electronics,50.33000183105469,False,-15.0,False,False,Sector: Technology,-39.21,-40.98,False,80.0,140.0,False,EXIT
ESSENTIA,Integra Essentia Limited,Consumer Defensive,Food Distribution,1.2000000476837158,False,-0.0,False,False,Sector: Consumer Defensive,-34.09,-35.82,False,507.0,474.0,True,EXIT
LYKALABS,Lyka Labs Limited,Healthcare,Biotechnology,70.7699966430664,False,-31.0,False,True,Sector: Healthcare,-41.74,-31.4,False,134.0,164.0,False,EXIT
CHEMBOND,Chembond Material Technologies Limited,Basic Materials,Specialty Chemicals,166.0,False,9.0,False,True,Sector: Basic Materials,-10.62,-11.17,False,224.0,232.0,False,EXIT
BIMETAL,Bimetal Bearings Limited,Consumer Cyclical,Auto Parts,624.5499877929688,False,11.0,True,False,Sector: Consumer Cyclical,,,False,305.0,297.0,True,EXIT
LOTUSEYE,Lotus Eye Hospital and Institute Limited,Healthcare,Medical Care Facilities,115.51000213623047,False,0.15,False,False,Sector: Healthcare,6.86,16.82,True,57.26,53.71,True,EXIT
AHLEAST,Asian Hotels (East) Limited,Consumer Cyclical,Lodging,139.72999572753906,False,28.0,False,False,Sector: Consumer Cyclical,-9.82,-13.48,False,124.0,122.0,True,EXIT
QMSMEDI,QMSMEDI,Healthcare,Medical Instruments & Supplies,134.60000610351562,False,7.0,False,True,Sector: Healthcare,52.71,62.33,True,162.0,152.0,True,HOLD
AAREYDRUGS,Aarey Drugs & Pharmaceuticals Limited,Healthcare,Drug Manufacturers - Specialty & Generic,82.58999633789062,False,4.0,False,True,Sector: Healthcare,18.56,28.44,True,415.0,493.0,False,HOLD
VIJIFIN,Viji Finance Limited,Financial Services,Credit Services,13.130000114440918,True,4.13,True,True,Sector: Financial Services,238.57,237.46,True,5.41,5.24,True,ADD
VETO,Veto Switchgears and Cables Limited,Industrials,Electrical Equipment & Parts,122.51000213623047,False,26.0,False,True,Sector: Industrials,4.2,4.37,True,261.0,247.0,True,HOLD
GEEKAYWIRE,Geekay Wires Limited,Industrials,Electrical Equipment & Parts,22.6200008392334,False,29.0,False,False,Sector: Industrials,-34.85,-34.59,False,444.0,458.0,False,EXIT
RADIOCITY,Music Broadcast Limited,Communication Services,Broadcasting,6.699999809265137,False,-42.0,False,True,Sector: Communication Services,-4.93,-24.18,False,170.0,325.0,False,EXIT
KALYANIFRG,Kalyani Forge Limited,Consumer Cyclical,Auto Parts,675.5499877929688,False,12.0,True,True,Sector: Consumer Cyclical,-3.29,-6.97,False,237.0,286.0,False,HOLD
SICAGEN,Sicagen India Limited,Basic Materials,Steel,55.849998474121094,False,15.0,False,False,Sector: Basic Materials,,,False,532.0,566.0,False,EXIT
STARPAPER,Star Paper Mills Limited,Basic Materials,Paper & Paper Products,146.22000122070312,False,31.0,False,False,Sector: Basic Materials,-18.2,-18.73,False,412.0,493.0,False,EXIT
VIKASLIFE,Vikas Lifecare Limited,Consumer Defensive,Farm Products,1.2100000381469727,False,,False,False,Sector: Consumer Defensive,-47.39,-49.03,False,,492.0,False,EXIT
SUMIT,Sumit Woods Limited,Real Estate,Real Estate - Development,53.5099983215332,False,10.0,False,False,Sector: Real Estate,-30.99,-47.36,False,94.0,94.0,True,EXIT
SETCO,Setco Automotive Limited,Consumer Cyclical,Auto Parts,16.829999923706055,False,0.4,False,False,Sector: Consumer Cyclical,20.0,16.26,True,1.14,620.92,False,EXIT
CPCAP,CP Capital Limited,Financial Services,Credit Services,123.45999908447266,False,35.0,False,True,Sector: Financial Services,-12.16,-12.09,False,64.0,73.0,False,EXIT
SAHLIBHFI,Shalibhadra Finance Limited,Financial Services,Credit Services,71.08999633789062,False,20.0,True,False,Sector: Financial Services,,,False,43.0,41.0,True,EXIT
UNITEDTEA,The United Nilgiri Tea Estates Company Limited,Consumer Defensive,Farm Products,451.6499938964844,False,20.0,False,False,Sector: Consumer Defensive,-10.72,-12.63,False,81.0,90.0,False,EXIT
AARVI,Aarvi Encon Limited,Industrials,Staffing & Employment Services,155.80999755859375,False,15.0,True,True,Sector: Industrials,26.26,26.38,True,590.0,570.0,True,HOLD
SINTERCOM,Sintercom India Limited,Consumer Cyclical,Auto Parts,85.0,False,2.0,False,False,Sector: Consumer Cyclical,-30.02,-33.63,False,105.0,101.0,True,EXIT
BALAJEE,BALAJEE,Consumer Cyclical,Packaging & Containers,26.260000228881836,False,8.0,False,False,Sector: Consumer Cyclical,-45.93,-49.51,False,384.0,359.0,True,EXIT
GENCON,Generic Engineering Construction and Projects Limited,Industrials,Engineering & Construction,38.38999938964844,False,,False,False,Sector: Industrials,-6.59,-6.4,False,,305.0,False,EXIT
RUDRA,Rudra Global Infra Products Limited,Basic Materials,Steel,21.889999389648438,False,16.0,False,False,Sector: Basic Materials,,,False,633.0,623.0,True,EXIT
PIGL,Power & Instrumental (Gujarat) Limited,Industrials,Engineering & Construction,105.0,False,14.0,True,False,Sector: Industrials,-31.98,-31.73,False,199.0,200.0,False,EXIT
SMARTLINK,Smartlink Holdings Limited,Technology,Communication Equipment,227.16000366210938,False,14.0,False,True,Sector: Technology,50.08,47.74,True,131.0,125.0,True,HOLD
ALANKIT,Alankit Limited,Technology,Information Technology Services,8.180000305175781,False,11.0,False,False,Sector: Technology,-44.37,-46.1,False,112.0,130.0,False,EXIT
SURANAT&P,Surana Telecom and Power Limited,Utilities,Utilities - Independent Power Producers,16.149999618530273,False,30.0,True,False,Sector: Utilities,11.26,-16.58,False,53.0,54.0,False,EXIT
ALPINETEX,ALPINETEX,Consumer Cyclical,Textile Manufacturing,58.880001068115234,False,,False,False,Sector: Consumer Cyclical,,,False,,240.0,False,EXIT
RCOM,Reliance Communications Limited,Communication Services,Telecom Services,0.7900000214576721,False,-8135.0,False,False,Sector: Communication Services,-38.52,-57.31,False,216.0,11925.0,False,EXIT
RVTH,Revathi Equipment India Limited,Industrials,Farm & Heavy Construction Machinery,731.4000244140625,False,13.0,False,True,Sector: Industrials,-18.94,-18.72,False,147.0,212.0,False,EXIT
SHIVATEX,Shiva Texyarn Limited,Consumer Cyclical,Textile Manufacturing,166.10000610351562,False,9.0,False,True,Sector: Consumer Cyclical,-7.52,-11.19,False,338.0,477.0,False,EXIT
SHIVAMAUTO,Shivam Autotech Limited,Consumer Cyclical,Auto Parts,15.319999694824219,False,-85.0,False,False,Sector: Consumer Cyclical,-46.31,-49.88,False,428.0,636.0,False,EXIT
AERONEU,Aeroflex Neu Limited,Consumer Cyclical,Packaging & Containers,84.36000061035156,False,0.91,False,True,Sector: Consumer Cyclical,-24.97,-28.59,False,98.84,113.57,False,EXIT
SONAMLTD,Sonam Limited,Consumer Cyclical,"Furnishings, Fixtures & Appliances",67.19000244140625,False,9.0,True,True,Sector: Consumer Cyclical,27.31,23.56,True,200.0,171.0,True,HOLD
EQUIPPP,Equippp Social Impact Technologies Limited,Technology,Information Technology Services,23.389999389648438,False,0.07,False,True,Sector: Technology,22.87,20.7,True,1.64,2.03,False,HOLD
NOVAAGRI,Nova Agritech Limited,Basic Materials,Agricultural Inputs,24.760000228881836,False,4.82,False,False,Sector: Basic Materials,-52.15,-52.58,False,87.37,179.84,False,EXIT
MARALOVER,Maral Overseas Limited,Consumer Cyclical,Textile Manufacturing,52.02000045776367,False,22.0,False,True,Sector: Consumer Cyclical,-9.41,-13.07,False,1019.0,1082.0,False,EXIT
DSFCL,DSFCL,Basic Materials,Specialty Chemicals,26.530000686645508,False,-6.0,False,False,Sector: Basic Materials,,,False,378.0,429.0,False,EXIT
KOTARISUG,Kothari Sugars and Chemicals Limited,Consumer Defensive,Confectioners,27.219999313354492,False,5.0,False,True,Sector: Consumer Defensive,-9.78,-11.69,False,264.0,609.0,False,EXIT
AFFORDABLE,Affordable Robotic & Automation Limited,Industrials,Specialty Industrial Machinery,170.0,False,5.77,False,False,Sector: Industrials,-59.08,-58.77,False,99.69,160.47,False,EXIT
ASMS,Avio Smart Market Stack Limited,Technology,Information Technology Services,7.03000020980835,False,7.0,False,False,Sector: Technology,-45.31,-47.03,False,107.0,104.0,True,EXIT
MAHESHWARI,Maheshwari Logistics Limited,Industrials,Integrated Freight & Logistics,72.4000015258789,False,15.0,False,True,Sector: Industrials,19.77,19.91,True,1045.0,1142.0,False,HOLD
NECLIFE,Nectar Lifesciences Limited,Healthcare,Drug Manufacturers - Specialty & Generic,10.520000457763672,False,-243.0,False,False,Sector: Healthcare,-41.39,-31.06,False,7.0,2781.0,False,EXIT
LANCORHOL,Lancor Holdings Limited,Real Estate,Real Estate - Development,27.219999313354492,False,58.0,True,True,Sector: Real Estate,25.45,8.29,True,123.0,185.0,False,HOLD
NITIRAJ,Nitiraj Engineers Limited,Technology,Scientific & Technical Instruments,199.27999877929688,False,2.4,False,True,Sector: Technology,1.69,-0.34,False,54.72,100.44,False,EXIT
GLOBALVECT,Global Vectra Helicorp Limited,Industrials,Airports & Air Services,149.02000427246094,False,-35.0,False,False,Sector: Industrials,-32.15,-31.89,False,523.0,542.0,False,EXIT
PKTEA,The Peria Karamalai Tea and Produce Company Limited,Consumer Defensive,Farm Products,728.3499755859375,False,-4.62,False,False,Sector: Consumer Defensive,-4.0,-5.95,False,60.8,72.79,False,EXIT
ROSSELLIND,Rossell India Limited,Industrials,Conglomerates,56.150001525878906,False,12.0,False,True,Sector: Industrials,-17.87,-17.65,False,219.0,354.0,False,EXIT
ZODIACLOTH,Zodiac Clothing Company Limited,Consumer Cyclical,Apparel Manufacturing,74.48999786376953,False,-30.0,False,False,Sector: Consumer Cyclical,-23.0,-26.63,False,154.0,323.0,False,EXIT
TEAMGTY,Team India Guaranty Limited,Financial Services,Asset Management,229.99000549316406,False,1.09,False,False,Sector: Financial Services,-18.12,-18.02,False,7.12,8.74,False,EXIT
VSTL,Vibhor Steel Tubes Limited,Basic Materials,Steel,106.38999938964844,False,8.0,False,False,Sector: Basic Materials,-33.38,-33.86,False,1212.0,1149.0,True,EXIT
SPCENET,Spacenet Enterprises India Limited,Financial Services,Capital Markets,3.359999895095825,False,15.0,True,False,Sector: Financial Services,-37.45,-37.25,False,82.0,142.0,False,EXIT
SAKHTISUG,Sakthi Sugars Limited,Consumer Defensive,Confectioners,19.700000762939453,False,27.0,False,True,Sector: Consumer Defensive,-11.78,-13.68,False,973.0,1076.0,False,EXIT
SHRADHA,Shradha Realty Limited,Real Estate,Real Estate - Development,33.880001068115234,False,21.0,True,False,Sector: Real Estate,-32.06,-48.41,False,18.0,37.0,False,EXIT
VIPULLTD,Vipul Limited,Real Estate,Real Estate - Diversified,15.15999984741211,False,-31.0,False,True,Sector: Real Estate,65.71,47.98,True,59.0,270.0,False,HOLD
JMA,Jullundur Motor Agency (Delhi) Limited,Consumer Cyclical,Auto Parts,90.27999877929688,False,26.0,True,True,Sector: Consumer Cyclical,-2.16,-5.84,False,500.0,481.0,True,HOLD
MHLXMIRU,Mahalaxmi Rubtech Limited,Consumer Cyclical,Textile Manufacturing,190.0500030517578,False,23.0,True,True,Sector: Consumer Cyclical,-14.33,-17.98,False,118.0,228.0,False,HOLD
AUSOMENT,AuSom Enterprise Limited,Financial Services,Capital Markets,146.39999389648438,False,10.0,False,True,Sector: Financial Services,29.74,29.61,True,328.0,2393.0,False,HOLD
CCHHL,Country Club Hospitality & Holidays Limited,Consumer Cyclical,Lodging,12.34000015258789,False,0.59,True,False,Sector: Consumer Cyclical,-28.91,-32.52,False,69.65,281.06,False,EXIT
PILITA,Pil Italica Lifestyle Limited,Consumer Cyclical,"Furnishings, Fixtures & Appliances",8.0,False,3.0,False,False,Sector: Consumer Cyclical,-42.52,-46.1,False,101.0,107.0,False,EXIT
BCONCEPTS,Brand Concepts Limited,Consumer Cyclical,Footwear & Accessories,159.6999969482422,False,1.0,False,False,Sector: Consumer Cyclical,-46.13,-49.71,False,356.0,348.0,True,EXIT
BASML,Bannari Amman Spinning Mills Ltd,Consumer Cyclical,Textile Manufacturing,24.760000228881836,False,24.0,False,False,Sector: Consumer Cyclical,-16.24,-19.89,False,869.0,1285.0,False,EXIT
SIGIND,Signet Industries Limited,Industrials,Conglomerates,70.31999969482422,False,24.0,True,True,Sector: Industrials,25.2,25.32,True,1393.0,1347.0,True,HOLD
VIKASECO,Vikas Ecotech Limited,Basic Materials,Specialty Chemicals,1.0800000429153442,False,,False,False,Sector: Basic Materials,-52.07,-52.5,False,,397.0,False,EXIT
TAINWALCHM,Tainwala Chemicals and Plastics (India) Limited,Basic Materials,Specialty Chemicals,218.22000122070312,False,8.01,False,True,Sector: Basic Materials,-6.44,-7.01,False,17.77,18.03,False,EXIT
ALPHAGEO,Alphageo (India) Limited,Energy,Oil & Gas Equipment & Services,345.4100036621094,False,-2.0,False,True,Sector: Energy,28.06,42.93,True,123.0,429.0,False,HOLD
AIRAN,Airan Limited,Technology,Information Technology Services,14.949999809265137,False,14.0,False,False,Sector: Technology,-43.19,-44.93,False,102.0,101.0,True,EXIT
GILLANDERS,Gillanders Arbuthnot and Company Limited,Consumer Defensive,Farm Products,89.05000305175781,False,12.0,False,False,Sector: Consumer Defensive,-25.91,-27.7,False,399.0,855.0,False,EXIT
INTENTECH,Intense Technologies Limited,Technology,Software - Infrastructure,80.22000122070312,False,-22.0,False,False,Sector: Technology,-4.32,-6.31,False,88.0,127.0,False,EXIT
SUPERHOUSE,Superhouse Limited,Consumer Cyclical,Footwear & Accessories,164.0,False,14.0,False,True,Sector: Consumer Cyclical,7.55,3.85,True,519.0,707.0,False,HOLD
ARCHIDPLY,Archidply Industries Limited,Basic Materials,Lumber & Wood Production,96.18000030517578,False,12.0,True,True,Sector: Basic Materials,-6.19,-6.75,False,529.0,508.0,True,HOLD
MURUDCERA,Murudeshwar Ceramics Ltd.,Industrials,Building Products & Equipment,30.43000030517578,False,10.0,False,False,Sector: Industrials,-35.15,-34.89,False,209.0,205.0,True,EXIT
ASPINWALL,Aspinwall and Company Limited,Consumer Defensive,Farm Products,235.41000366210938,False,15.0,False,False,Sector: Consumer Defensive,-13.24,-15.13,False,429.0,407.0,True,EXIT
DRCSYSTEMS,DRC Systems India Limited,Technology,Information Technology Services,12.829999923706055,False,3.37,False,False,Sector: Technology,-27.57,-29.41,False,50.47,48.66,True,EXIT
BROOKS,Brooks Laboratories Limited,Healthcare,Drug Manufacturers - Specialty & Generic,59.08000183105469,False,4.57,False,False,Sector: Healthcare,-72.53,-61.96,False,83.19,85.74,False,EXIT
ARVEE,Arvee Laboratories (India) Ltd.,Basic Materials,Specialty Chemicals,174.38999938964844,False,4.05,False,True,Sector: Basic Materials,4.85,4.26,True,41.26,61.35,False,HOLD
SILGO,Silgo Retail Limited,Consumer Cyclical,Luxury Goods,69.88999938964844,False,6.79,True,False,Sector: Consumer Cyclical,-5.7,-9.37,False,48.22,47.03,True,EXIT
VIPCLOTHNG,VIP Clothing Limited,Consumer Cyclical,Apparel Manufacturing,20.809999465942383,False,10.0,True,False,Sector: Consumer Cyclical,-41.73,-45.32,False,253.0,261.0,False,EXIT
KHADIM,Khadim India Limited,Consumer Cyclical,Footwear & Accessories,97.0,False,3.0,False,False,Sector: Consumer Cyclical,-58.96,-62.5,False,349.0,799.0,False,EXIT
IVP,IVP Limited,Basic Materials,Specialty Chemicals,182.67999267578125,False,32.0,True,True,Sector: Basic Materials,3.74,3.14,True,611.0,661.0,False,HOLD
METROGLOBL,MetroGlobal Limited,Industrials,Conglomerates,142.27000427246094,False,22.0,False,False,Sector: Industrials,,,False,252.0,377.0,False,EXIT
SHREYANIND,Shreyans Industries Limited,Basic Materials,Paper & Paper Products,127.83000183105469,False,-14.0,False,False,Sector: Basic Materials,-43.52,-43.98,False,629.0,866.0,False,EXIT
RACE,Race Eco Chain Limited,Industrials,Waste Management,100.02999877929688,False,3.0,False,False,Sector: Industrials,-56.37,-56.07,False,376.0,460.0,False,EXIT
TRIGYN,Trigyn Technologies Limited,Technology,Information Technology Services,54.70000076293945,False,8.0,True,False,Sector: Technology,-29.68,-31.5,False,192.0,189.0,True,EXIT
VASWANI,Vaswani Industries Limited,Basic Materials,Steel,48.36000061035156,False,-0.0,False,False,Sector: Basic Materials,-12.8,-13.35,False,471.0,467.0,True,EXIT
RPPL,Rajshree Polypack Limited,Consumer Cyclical,Packaging & Containers,22.719999313354492,False,20.0,True,True,Sector: Consumer Cyclical,2.57,-1.12,False,353.0,332.0,True,HOLD
CENTEXT,Century Extrusions Limited,Basic Materials,Aluminum,22.079999923706055,False,12.0,True,True,Sector: Basic Materials,-3.98,-4.55,False,513.0,479.0,True,HOLD
NIRAJ,Niraj Cement Structurals Limited,Industrials,Engineering & Construction,27.780000686645508,False,25.0,True,False,Sector: Industrials,-44.45,-44.16,False,550.0,605.0,False,EXIT
MODTHREAD,Modern Threads (India) Limited,Consumer Cyclical,Textile Manufacturing,52.279998779296875,False,19.0,False,True,Sector: Consumer Cyclical,-2.1,-5.79,False,320.0,301.0,True,EXIT
VIRINCHI,Virinchi Limited,Technology,Software - Application,15.020000457763672,False,12.0,False,False,Sector: Technology,-50.23,-51.92,False,169.0,172.0,False,EXIT
UMIYA-MRO,Umiya Buildcon Limited,Real Estate,Real Estate - Development,88.55000305175781,False,13.0,False,True,Sector: Real Estate,21.22,4.12,True,61.0,123.0,False,HOLD
EMMBI,Emmbi Industries Limited,Consumer Cyclical,Packaging & Containers,81.97000122070312,False,8.0,False,False,Sector: Consumer Cyclical,-19.73,-23.36,False,464.0,454.0,True,EXIT
DELPHIFX,Delphi World Money Limited,Financial Services,Capital Markets,6.630000114440918,False,,False,False,Sector: Financial Services,-50.01,-49.76,False,,9163.53,False,EXIT
BYKE,The Byke Hospitality Limited,Consumer Cyclical,Lodging,31.5,False,7.0,False,False,Sector: Consumer Cyclical,-54.72,-58.27,False,109.0,270.0,False,EXIT
INDOUS,Indo Us Bio-Tech Limited,Basic Materials,Agricultural Inputs,86.86000061035156,False,11.0,False,False,Sector: Basic Materials,-46.0,-46.45,False,113.0,110.0,True,EXIT
SUPREME,Supreme Holdings & Hospitality (India) Limited,Real Estate,Real Estate - Development,39.529998779296875,False,1.03,False,False,Sector: Real Estate,-31.59,-47.94,False,5.87,78.33,False,EXIT
AMJLAND,AMJ Land Holdings Limited,Real Estate,Real Estate - Development,38.65999984741211,False,14.0,False,False,Sector: Real Estate,-17.18,-33.74,False,15.0,291.0,False,EXIT
BTML,Bodhi Tree Multimedia Limited,Communication Services,Entertainment,8.720000267028809,False,3.55,False,True,Sector: Communication Services,26.62,6.93,True,54.47,64.15,False,HOLD
AARTECH,Aartech Solonics Limited,Industrials,Electrical Equipment & Parts,49.08000183105469,False,0.76,False,True,Sector: Industrials,-19.25,-19.03,False,35.8,40.18,False,EXIT
TTL,T.T. Limited,Consumer Cyclical,Textile Manufacturing,6.329999923706055,False,1.0,False,False,Sector: Consumer Cyclical,-41.84,-45.42,False,190.0,698.0,False,EXIT
BHARATGEAR,Bharat Gears Limited,Consumer Cyclical,Auto Parts,101.95999908447266,False,15.0,False,False,Sector: Consumer Cyclical,3.85,0.15,True,820.0,784.0,True,EXIT
SRTL,SRTL,Consumer Cyclical,Textile Manufacturing,38.84000015258789,False,14.0,True,False,Sector: Consumer Cyclical,,,False,302.0,273.0,True,EXIT
NECCLTD,North Eastern Carrying Corporation Limited,Industrials,Trucking,14.369999885559082,False,8.0,False,False,Sector: Industrials,-34.52,-34.27,False,315.0,548.0,False,EXIT
INDTERRAIN,Indian Terrain Fashions Limited,Consumer Cyclical,Apparel Retail,30.549999237060547,False,0.0,False,False,Sector: Consumer Cyclical,-14.15,-17.81,False,391.0,501.0,False,EXIT
NATCAPSUQ,Natural Capsules Limited,Healthcare,Drug Manufacturers - Specialty & Generic,149.6999969482422,False,13.0,False,False,Sector: Healthcare,-38.28,-27.97,False,173.0,174.0,False,EXIT
MKPL,M. K. Proteins Limited,Consumer Defensive,Packaged Foods,4.159999847412109,False,5.0,False,False,Sector: Consumer Defensive,-38.03,-39.73,False,383.0,383.0,True,EXIT
MCL,M Tek Copper Limited,Basic Materials,Copper,58.36000061035156,False,5.0,True,False,Sector: Basic Materials,17.01,16.38,True,268.0,383.0,False,HOLD
DCM,DCM Limited,Industrials,Metal Fabrication,81.0999984741211,False,-5.5,False,False,Sector: Industrials,-19.77,-19.55,False,0.4,959.32,False,EXIT
BAIDFIN,Baid Finserv Limited,Financial Services,Credit Services,9.6899995803833,False,15.0,True,False,Sector: Financial Services,-20.97,-20.86,False,95.0,97.0,False,EXIT
CALSOFT,California Software Company Limited,Technology,Software - Application,28.469999313354492,False,15.0,True,True,Sector: Technology,61.9,59.48,True,25.0,20.0,True,HOLD
LAL,Lorenzini Apparels Limited,Consumer Cyclical,Apparel Manufacturing,8.579999923706055,False,5.56,False,True,Sector: Consumer Cyclical,-17.13,-20.78,False,80.25,72.75,True,EXIT
INCREDIBLE,Incredible Industries Limited,Basic Materials,Steel,31.989999771118164,False,12.0,True,False,Sector: Basic Materials,-21.8,-22.32,False,834.0,840.0,False,EXIT
TIPSFILMS,Tips Films Limited,Communication Services,Entertainment,349.75,False,-50.0,False,False,Sector: Communication Services,-8.14,-27.35,False,111.0,158.0,False,EXIT
FILATFASH,Filatex Fashions Limited,Consumer Cyclical,Apparel Manufacturing,0.18000000715255737,False,1.71,False,False,Sector: Consumer Cyclical,-66.15,-69.68,False,87.22,178.48,False,EXIT
KAMOPAINTS,Kamdhenu Ventures Limited,Basic Materials,Steel,4.349999904632568,False,-0.34,False,False,Sector: Basic Materials,-58.65,-59.06,False,0.92,8.99,False,EXIT
KRITIKA,Kritika Wires Limited,Basic Materials,Steel,5.619999885559082,False,6.0,False,False,Sector: Basic Materials,-38.42,-38.89,False,649.0,745.0,False,EXIT
KEYFINSERV,Keynote Financial Services Limited,Financial Services,Capital Markets,254.10000610351562,False,2.41,False,False,Sector: Financial Services,-2.54,-2.51,False,14.22,25.32,False,EXIT
TICL,Twamev Construction and Infrastructure Limited,Industrials,Engineering & Construction,9.640000343322754,False,8.49,False,False,Sector: Industrials,-66.55,-66.22,False,66.75,522.8,False,EXIT
TARMAT,Tarmat Limited,Industrials,Engineering & Construction,52.779998779296875,False,6.0,False,True,Sector: Industrials,-5.21,-5.02,False,122.0,233.0,False,EXIT
DEVIT,Dev Information Technology Limited,Technology,Information Technology Services,24.969999313354492,False,74.0,True,False,Sector: Technology,-46.35,-48.07,False,159.0,162.0,False,EXIT
SADBHAV,Sadbhav Engineering Limited,Industrials,Engineering & Construction,7.989999771118164,False,4.0,False,False,Sector: Industrials,-54.35,-54.05,False,155.0,3549.0,False,EXIT
BRNL,Bharat Road Network Limited,Industrials,Infrastructure Operations,17.450000762939453,False,-150.0,False,False,Sector: Industrials,-21.37,-21.15,False,6.0,91.0,False,EXIT
RELIABLE,Reliable Data Services Limited,Technology,Information Technology Services,137.5399932861328,False,5.0,False,False,Sector: Technology,49.48,47.14,True,138.0,125.0,True,EXIT
INDBANK,Indbank Merchant Banking Services Limited,Financial Services,Capital Markets,31.579999923706055,False,7.37,False,False,Sector: Financial Services,-4.53,-4.5,False,25.32,26.57,False,EXIT
HPIL,Hindprakash Industries Limited,Basic Materials,Specialty Chemicals,131.0399932861328,False,4.0,True,True,Sector: Basic Materials,-2.63,-3.21,False,111.0,115.0,False,HOLD
SHAHALLOYS,Shah Alloys Limited,Basic Materials,Steel,80.68000030517578,False,73.0,False,True,Sector: Basic Materials,42.47,41.76,True,16.0,880.0,False,HOLD
WIPL,The Western India Plywoods Limited,Basic Materials,Lumber & Wood Production,168.97999572753906,False,2.0,False,True,Sector: Basic Materials,8.89,8.29,True,115.0,118.0,False,HOLD
DGCONTENT,Digicontent Limited,Communication Services,Internet Content & Information,23.799999237060547,False,-9.29,False,False,Sector: Communication Services,-21.17,-40.2,False,1.18,20.0,False,EXIT
DTIL,Dhunseri Tea & Industries Limited,Consumer Defensive,Packaged Foods,134.8800048828125,False,8.0,False,False,Sector: Consumer Defensive,-32.51,-34.26,False,312.0,327.0,False,EXIT
MAHAPEXLTD,Maha Rashtra Apex Corporation Limited,Financial Services,Credit Services,57.08000183105469,False,2.13,False,False,Sector: Financial Services,-49.02,-48.78,False,4.35,7.28,False,EXIT
INDOWIND,Indowind Energy Limited,Utilities,Utilities - Renewable,8.529999732971191,False,0.28,False,False,Sector: Utilities,-27.73,-53.4,False,29.86,31.89,False,EXIT
PRAENG,Prajay Engineers Syndicate Limited,Real Estate,Real Estate - Development,19.040000915527344,False,-18.0,False,False,Sector: Real Estate,1.89,-14.94,False,20.0,93.0,False,EXIT
HECPROJECT,HEC Infra Projects Limited,Industrials,Engineering & Construction,116.80000305175781,False,13.0,True,False,Sector: Industrials,-30.44,-30.19,False,180.0,176.0,True,EXIT
MITCON,MITCON Consultancy & Engineering Services Limited,Industrials,Engineering & Construction,79.02999877929688,False,4.89,False,True,Sector: Industrials,8.46,8.62,True,56.35,76.97,False,HOLD
SECMARK,SecMark Consultancy Limited,Industrials,Consulting Services,128.0,False,3.28,False,True,Sector: Industrials,-5.31,-5.12,False,41.23,37.54,True,EXIT
SANGINITA,Sanginita Chemicals Limited,Basic Materials,Chemicals,62.5,False,-21.0,False,True,Sector: Basic Materials,518.48,516.38,True,156.0,230.0,False,HOLD
LAGNAM,Lagnam Spintex Limited,Consumer Cyclical,Textile Manufacturing,77.93000030517578,False,18.0,False,True,Sector: Consumer Cyclical,-11.54,-15.2,False,631.0,606.0,True,EXIT
RUCHINFRA,Ruchi Infrastructure Limited,Industrials,Specialty Business Services,5.789999961853027,False,1.38,False,False,Sector: Industrials,-25.41,-25.17,False,42.79,2322.73,False,EXIT
BALPHARMA,Bal Pharma Limited,Healthcare,Drug Manufacturers - Specialty & Generic,84.81999969482422,False,8.0,False,True,Sector: Healthcare,-18.33,-8.18,False,334.0,339.0,False,EXIT
SALONA,Salona Cotspin Limited,Consumer Cyclical,Textile Manufacturing,265.3399963378906,False,2.0,False,True,Sector: Consumer Cyclical,8.07,4.36,True,633.0,722.0,False,HOLD
GSLSU,Global Surfaces Limited,Basic Materials,Building Materials,36.61000061035156,False,9.15,False,False,Sector: Basic Materials,-71.4,-71.77,False,68.82,189.37,False,EXIT
ALPA,Alpa Laboratories Limited,Healthcare,Drug Manufacturers - Specialty & Generic,61.08000183105469,False,4.0,False,False,Sector: Healthcare,-48.14,-37.76,False,111.0,112.0,False,EXIT
TEXMOPIPES,Texmo Pipes and Products Limited,Industrials,Building Products & Equipment,44.380001068115234,False,11.0,False,False,Sector: Industrials,-24.89,-24.66,False,365.0,635.0,False,EXIT
ISFT,IntraSoft Technologies Limited,Consumer Cyclical,Internet Retail,84.76000213623047,False,1.06,False,True,Sector: Consumer Cyclical,-14.92,-18.57,False,12.16,31.05,False,EXIT
CORALFINAC,Coral India Finance and Housing Limited,Real Estate,Real Estate Services,33.81999969482422,False,14.0,False,False,Sector: Real Estate,-8.03,-24.71,False,15.0,31.0,False,EXIT
INDIANCARD,The Indian Card Clothing Company Limited,Consumer Cyclical,Textile Manufacturing,214.0399932861328,False,6.19,False,False,Sector: Consumer Cyclical,-17.43,-21.07,False,34.62,67.84,False,EXIT
BALAXI,Balaxi Pharmaceuticals Limited,Healthcare,Drug Manufacturers - Specialty & Generic,23.790000915527344,False,3.7,False,False,Sector: Healthcare,-61.85,-51.36,False,79.72,108.14,False,EXIT
ISHANCH,Ishan Dyes and Chemicals Limited,Basic Materials,Chemicals,47.81999969482422,False,-7.25,False,False,Sector: Basic Materials,-26.61,-27.11,False,98.67,101.43,False,EXIT
AIROLAM,Airo Lam Limited,Consumer Cyclical,"Furnishings, Fixtures & Appliances",88.5,False,6.0,False,False,Sector: Consumer Cyclical,-19.37,-23.01,False,258.0,243.0,True,EXIT
VITAL,VITAL,Basic Materials,Specialty Chemicals,50.029998779296875,False,,False,False,Sector: Basic Materials,-11.2,-11.75,False,,120.0,False,EXIT
MAGNUM,Magnum Ventures Limited,Basic Materials,Paper & Paper Products,19.260000228881836,False,-1.0,False,False,Sector: Basic Materials,-19.77,-20.3,False,473.0,465.0,True,EXIT
JOCIL,Jocil Limited,Basic Materials,Specialty Chemicals,149.9199981689453,False,8.0,False,True,Sector: Basic Materials,-9.65,-10.2,False,1027.0,1044.0,False,EXIT
SAMPANN,Sampann Utpadan India Limited,Basic Materials,Specialty Chemicals,26.020000457763672,False,7.0,True,False,Sector: Basic Materials,-20.53,-21.05,False,152.0,143.0,True,EXIT
MUKTAARTS,Mukta Arts Limited,Communication Services,Entertainment,56.0,False,6.3,False,False,Sector: Communication Services,-10.32,-29.51,False,14.66,104.0,False,EXIT
STEELCITY,Steel City Securities Limited,Financial Services,Capital Markets,82.18000030517578,False,17.0,True,False,Sector: Financial Services,-25.13,-25.0,False,66.0,70.0,False,EXIT
BSL,BSL Limited,Consumer Cyclical,Textile Manufacturing,121.2300033569336,False,4.0,False,False,Sector: Consumer Cyclical,-27.19,-30.81,False,669.0,667.0,True,EXIT
SIL,Standard Industries Limited,Consumer Cyclical,Textile Manufacturing,19.559999465942383,False,63.0,False,True,Sector: Consumer Cyclical,8.17,4.47,True,212.0,434.0,False,HOLD
ONELIFECAP,Onelife Capital Advisors Limited,Financial Services,Capital Markets,33.0,False,4.49,True,True,Sector: Financial Services,174.56,173.74,True,7.67,6.41,True,HOLD
SURANASOL,Surana Solar Limited,Technology,Solar,26.110000610351562,False,6.4,False,False,Sector: Technology,-17.71,-19.61,False,35.9,125.38,False,EXIT
PAR,Par Drugs and Chemicals Limited,Healthcare,Drug Manufacturers - Specialty & Generic,100.86000061035156,False,14.0,True,True,Sector: Healthcare,-11.69,-1.58,False,109.0,104.0,True,HOLD
SAMBHAAV,Sambhaav Media Limited,Communication Services,Publishing,6.349999904632568,False,-0.57,False,False,Sector: Communication Services,10.77,-8.7,False,39.05,48.69,False,EXIT
URAVIDEF,Uravi Defence and Technology Limited,Consumer Cyclical,Auto Parts,103.51000213623047,False,1.24,False,False,Sector: Consumer Cyclical,-76.78,-80.28,False,40.59,41.99,False,EXIT
BCPL,BCPL Railway Infrastructure Limited,Industrials,Infrastructure Operations,69.5199966430664,False,6.1,False,False,Sector: Industrials,,,False,79.76,131.96,False,EXIT
XELPMOC,Xelpmoc Design and Tech Limited,Technology,Information Technology Services,77.97000122070312,False,-7.83,False,False,Sector: Technology,-13.07,-15.01,False,3.92,14.05,False,EXIT
CROWN,Crown Lifters Limited,Industrials,Rental & Leasing Services,103.68000030517578,False,9.03,False,False,Sector: Industrials,-34.87,-34.61,False,42.67,39.72,True,EXIT
GTL,GTL Limited,Communication Services,Telecom Services,7.25,False,889.0,True,False,Sector: Communication Services,-8.73,-27.93,False,229.0,1354.0,False,EXIT
WEIZMANIND,Weizmann Limited,Consumer Cyclical,Textile Manufacturing,75.9000015258789,False,7.0,False,False,Sector: Consumer Cyclical,-27.36,-30.98,False,128.0,135.0,False,EXIT
GANGESSECU,Ganges Securities Limited,Consumer Defensive,Packaged Foods,118.9800033569336,False,4.29,False,False,Sector: Consumer Defensive,-29.18,-30.95,False,7.98,13.69,False,EXIT
USK,Udayshivakumar Infra Limited,Industrials,Engineering & Construction,21.950000762939453,False,12.0,False,False,Sector: Industrials,-36.5,-36.24,False,199.0,577.0,False,EXIT
ANIKINDS,Anik Industries Limited,Consumer Defensive,Food Distribution,44.150001525878906,False,2.0,False,False,Sector: Consumer Defensive,-53.41,-55.0,False,110.0,610.0,False,EXIT
LATTEYS,Latteys Industries Limited,Industrials,Specialty Industrial Machinery,22.84000015258789,False,4.0,True,True,Sector: Industrials,5.79,5.95,True,132.0,117.0,True,HOLD
CUBEXTUB,Cubex Tubings Limited,Basic Materials,Copper,78.05999755859375,False,8.0,True,False,Sector: Basic Materials,-2.18,-2.76,False,303.0,288.0,True,EXIT
AAATECH,AAA Technologies Limited,Technology,Information Technology Services,94.18000030517578,False,2.08,False,False,Sector: Technology,12.64,10.54,True,19.37,21.79,False,EXIT
KREBSBIO,Krebs Biochemicals & Industries Limited,Healthcare,Drug Manufacturers - Specialty & Generic,54.130001068115234,False,-14.0,False,False,Sector: Healthcare,-39.87,-29.55,False,25.0,60.0,False,EXIT
FELDVR,Future Enterprises Limited,Consumer Cyclical,Department Stores,2.319999933242798,False,,False,False,Sector: Consumer Cyclical,-26.17,-29.8,False,,,False,EXIT
GVPTECH,GVP Infotech Limited,Technology,Information Technology Services,7.010000228881836,False,-90.0,False,False,Sector: Technology,-30.77,-32.59,False,2.0,1491.0,False,EXIT
HINDCON,Hindcon Chemicals Limited,Basic Materials,Specialty Chemicals,21.549999237060547,False,4.33,False,False,Sector: Basic Materials,-36.41,-36.89,False,69.81,81.65,False,EXIT
ZENITHEXPO,Zenith Exports Limited,Consumer Cyclical,Textile Manufacturing,207.32000732421875,False,0.29,False,False,Sector: Consumer Cyclical,-15.57,-19.22,False,60.27,266.46,False,EXIT
REPL,Rudrabhishek Enterprises Limited,Industrials,Consulting Services,60.18000030517578,False,-10.0,False,False,Sector: Industrials,-64.63,-64.31,False,60.0,97.0,False,EXIT
AVROIND,Avro India Limited,Consumer Cyclical,"Furnishings, Fixtures & Appliances",9.539999961853027,False,3.84,False,False,Sector: Consumer Cyclical,-39.62,-43.21,False,92.82,92.92,False,EXIT
LAMBODHARA,Lambodhara Textiles Limited,Consumer Cyclical,Textile Manufacturing,110.18000030517578,False,12.0,False,False,Sector: Consumer Cyclical,-13.69,-17.34,False,233.0,238.0,False,EXIT
PRAXIS,Praxis Home Retail Limited,Consumer Cyclical,Specialty Retail,5.510000228881836,False,-61.0,False,False,Sector: Consumer Cyclical,-53.76,-57.32,False,99.0,703.0,False,EXIT
NARMADA,Narmada Agrobase Limited,Basic Materials,Agricultural Inputs,14.630000114440918,False,3.59,False,False,Sector: Basic Materials,25.04,24.39,True,89.56,77.56,True,EXIT
VISHWARAJ,Vishwaraj Sugar Industries Limited,Consumer Defensive,Confectioners,5.5,False,-36.0,False,False,Sector: Consumer Defensive,-38.74,-40.44,False,351.0,611.0,False,EXIT
OBCL,OBCL Limited,Industrials,Trucking,54.189998626708984,False,-9.0,False,False,Sector: Industrials,-12.28,-12.07,False,320.0,488.0,False,EXIT
DBSTOCKBRO,DB (International) Stock Brokers Limited,Financial Services,Capital Markets,32.47999954223633,False,2.92,False,True,Sector: Financial Services,23.16,23.06,True,29.73,47.26,False,HOLD
GROBTEA,The Grob Tea Company Limited,Consumer Defensive,Farm Products,915.0,False,8.0,False,False,Sector: Consumer Defensive,-11.94,-13.83,False,119.0,119.0,True,EXIT
OSWALSEEDS,ShreeOswal Seeds and Chemicals Limited,Basic Materials,Agricultural Inputs,13.300000190734863,False,6.0,True,True,Sector: Basic Materials,-27.66,-28.16,False,118.0,114.0,True,HOLD
NAVKARURB,Navkar Urbanstructure Limited,Basic Materials,Building Materials,0.9599999785423279,False,2.96,False,False,Sector: Basic Materials,-63.59,-63.98,False,22.15,154.82,False,EXIT
VAISHALI,Vaishali Pharma Limited,Healthcare,Drug Manufacturers - Specialty & Generic,8.25,False,4.0,False,True,Sector: Healthcare,-45.75,-35.39,False,108.0,109.0,False,EXIT
LPDC,Landmark Property Development Company Limited,Real Estate,Real Estate Services,7.260000228881836,False,8.46,True,True,Sector: Real Estate,13.8,-3.2,False,16.35,7.35,True,HOLD
RAJSREESUG,Rajshree Sugars & Chemicals Limited,Consumer Defensive,Confectioners,36.900001525878906,False,-8.0,False,True,Sector: Consumer Defensive,-6.04,-7.98,False,557.0,767.0,False,EXIT
AKSHOPTFBR,Aksh Optifibre Limited,Technology,Communication Equipment,7.679999828338623,False,1.0,False,True,Sector: Technology,-5.37,-7.36,False,148.0,583.0,False,EXIT
ABAN,Aban Offshore Limited,Energy,Oil & Gas Drilling,17.389999389648438,False,19.0,False,False,Sector: Energy,-84.68,-65.29,False,108.0,1014.0,False,EXIT
LOVABLE,Lovable Lingerie Limited,Consumer Cyclical,Apparel Manufacturing,70.76000213623047,False,3.16,False,False,Sector: Consumer Cyclical,-22.06,-25.7,False,38.52,197.32,False,EXIT
VLEGOV,VL E-Governance & IT Solutions Limited,Technology,Information Technology Services,9.350000381469727,False,-2.39,False,False,Sector: Technology,-75.95,-77.47,False,9.57,729.53,False,EXIT
LANDSMILL,Landsmill Green Limited,Industrials,Conglomerates,0.75,False,2.18,False,False,Sector: Industrials,-44.53,-44.24,False,1.51,39.65,False,EXIT
SHYAMCENT,Shyam Century Ferrous Limited,Basic Materials,Steel,4.980000019073486,False,-5.95,False,False,Sector: Basic Materials,-32.44,-32.93,False,8.54,207.36,False,EXIT
SURYALAXMI,Suryalakshmi Cotton Mills Limited,Consumer Cyclical,Textile Manufacturing,56.369998931884766,False,4.0,False,False,Sector: Consumer Cyclical,-10.89,-14.55,False,799.0,851.0,False,EXIT
SOMICONVEY,Somi Conveyor Beltings Limited,Industrials,Specialty Industrial Machinery,86.61000061035156,False,4.43,False,False,Sector: Industrials,-45.42,-45.13,False,90.11,102.11,False,EXIT
LOYALTEX,Loyal Textile Mills Limited,Consumer Cyclical,Textile Manufacturing,215.6199951171875,False,-44.0,False,False,Sector: Consumer Cyclical,-28.9,-32.52,False,379.0,1763.0,False,EXIT
AMDIND,AMD Industries Limited,Consumer Cyclical,Packaging & Containers,52.689998626708984,False,4.0,False,True,Sector: Consumer Cyclical,6.39,2.68,True,318.0,350.0,False,HOLD
COMPUSOFT,Compucom Software Limited,Consumer Defensive,Education & Training Services,13.869999885559082,False,3.29,False,False,Sector: Consumer Defensive,-31.64,-33.39,False,28.73,64.59,False,EXIT
TOTAL,Total Transport Systems Limited,Industrials,Integrated Freight & Logistics,70.43000030517578,False,8.0,False,True,Sector: Industrials,-8.62,-8.42,False,543.0,556.0,False,EXIT
JETFREIGHT,Jet Freight Logistics Limited,Industrials,Integrated Freight & Logistics,21.860000610351562,False,8.0,True,True,Sector: Industrials,61.08,61.12,True,504.0,457.0,True,HOLD
KOHINOOR,Kohinoor Foods Limited,Consumer Defensive,Packaged Foods,31.270000457763672,False,85.0,False,True,Sector: Consumer Defensive,-10.6,-12.5,False,161.0,1159.0,False,EXIT
ARTNIRMAN,Art Nirman Limited,Real Estate,Real Estate - Development,43.189998626708984,False,0.39,False,False,Sector: Real Estate,-1.38,-18.17,False,33.84,81.13,False,EXIT
HILTON,Hilton Metal Forging Limited,Industrials,Metal Fabrication,20.200000762939453,False,5.0,False,False,Sector: Industrials,-66.7,-66.37,False,267.0,230.0,True,EXIT
MOTOGENFIN,The Motor & General Finance Limited,Real Estate,Real Estate Services,26.59000015258789,False,146.0,True,True,Sector: Real Estate,13.36,-3.63,False,7.0,15.0,False,HOLD
SEMAC,Semac Construction Limited,Industrials,Engineering & Construction,296.6499938964844,False,8.0,False,False,Sector: Industrials,-45.43,-45.15,False,205.0,302.0,False,EXIT
DIGJAMLMTD,Digjam Limited,Consumer Cyclical,Textile Manufacturing,51.29999923706055,False,-1.14,False,True,Sector: Consumer Cyclical,-1.55,-5.24,False,36.79,132.47,False,EXIT
SADBHIN,Sadbhav Infrastructure Project Limited,Industrials,Engineering & Construction,2.759999990463257,False,53.0,False,False,Sector: Industrials,-42.81,-42.53,False,0.0,338.0,False,EXIT
DUCON,Ducon Infratechnologies Limited,Industrials,Specialty Industrial Machinery,3.4000000953674316,False,2.0,False,False,Sector: Industrials,-43.38,-43.1,False,231.0,415.0,False,EXIT
BAGFILMS,B.A.G. Films and Media Limited,Communication Services,Broadcasting,4.429999828338623,False,3.94,True,False,Sector: Communication Services,-14.29,-33.42,False,45.05,44.05,True,EXIT
GATECH,GACM Technologies Limited,Financial Services,Asset Management,0.8299999833106995,False,6.31,False,True,Sector: Financial Services,43.99,43.79,True,16.83,77.38,False,HOLD
SMLT,Sarthak Metals Limited,Industrials,Metal Fabrication,68.52999877929688,False,5.0,False,False,Sector: Industrials,-38.61,-38.34,False,201.0,457.0,False,EXIT
NORBTEAEXP,Norben Tea & Exports Limited,Consumer Defensive,Farm Products,69.13999938964844,False,-0.27,False,False,Sector: Consumer Defensive,81.47,78.89,True,8.13,8.07,True,EXIT
BEARDSELL,Beardsell Limited,Industrials,Building Products & Equipment,25.049999237060547,False,11.0,True,False,Sector: Industrials,-18.51,-18.29,False,268.0,261.0,True,EXIT
INVENTURE,Inventure Growth & Securities Limited,Financial Services,Capital Markets,0.8899999856948853,False,-1.53,False,False,Sector: Financial Services,-42.43,-42.22,False,37.35,299.13,False,EXIT
REGENCERAM,Regency Ceramics Limited,Industrials,Building Products & Equipment,35.7400016784668,False,-24.0,False,False,Sector: Industrials,-27.7,-27.46,False,50.0,38.0,True,EXIT
BHANDARI,Bhandari Hosiery Exports Limited,Consumer Cyclical,Apparel Manufacturing,3.0399999618530273,False,7.0,False,False,Sector: Consumer Cyclical,-39.24,-42.83,False,268.0,283.0,False,EXIT
TEMBO,Tembo Global Industries Limited,Industrials,Metal Fabrication,59.75,False,93.0,True,False,Sector: Industrials,-1.4,-1.22,False,1061.0,1028.0,True,EXIT
SPLIL,SPL Industries Limited,Consumer Cyclical,Apparel Manufacturing,29.420000076293945,False,8.27,False,False,Sector: Consumer Cyclical,-18.0,-21.64,False,72.3,284.65,False,EXIT
GOYALALUM,Goyal Aluminiums Limited,Basic Materials,Aluminum,6.349999904632568,False,3.45,True,False,Sector: Basic Materials,-18.5,-19.03,False,77.18,82.41,False,EXIT
SELMC,SEL Manufacturing Company Limited,Consumer Cyclical,Textile Manufacturing,27.09000015258789,False,-169.0,False,False,Sector: Consumer Cyclical,-9.42,-13.08,False,13.0,2323.0,False,EXIT
PALASHSECU,Palash Securities Limited,Consumer Defensive,Packaged Foods,86.37000274658203,False,2.37,False,False,Sector: Consumer Defensive,-27.03,-28.81,False,3.74,6.04,False,EXIT
BVCL,Barak Valley Cements Limited,Basic Materials,Building Materials,40.40999984741211,False,5.0,False,False,Sector: Basic Materials,-8.28,-8.84,False,214.0,232.0,False,EXIT
GRADIENTE,Gradiente Infotainment Limited,Communication Services,Entertainment,2.859999895095825,False,4.27,True,False,Sector: Communication Services,,,False,46.38,37.02,True,EXIT
RELCHEMQ,Reliance Chemotex Industries Limited,Consumer Cyclical,Textile Manufacturing,113.6500015258789,False,6.0,False,False,Sector: Consumer Cyclical,-30.08,-33.7,False,368.0,366.0,True,EXIT
GLOBE,Globe Enterprises (India) Limited,Consumer Cyclical,Textile Manufacturing,1.9900000095367432,False,9.0,True,False,Sector: Consumer Cyclical,-13.78,-17.43,False,640.0,599.0,True,EXIT
AAKASH,Aakash Exploration Services Limited,Energy,Oil & Gas Equipment & Services,8.449999809265137,False,3.0,False,False,Sector: Energy,-37.89,-20.38,False,116.0,112.0,True,EXIT
RAJMET,Rajnandini Metal Limited,Basic Materials,Copper,3.259999990463257,False,2.0,False,False,Sector: Basic Materials,-29.59,-30.08,False,241.0,1212.0,False,EXIT
BANKA,Banka BioLoo Limited,Industrials,Pollution & Treatment Controls,78.4000015258789,False,0.62,False,True,Sector: Industrials,-14.75,-14.54,False,63.56,59.76,True,EXIT
MOKSH,Moksh Ornaments Limited,Consumer Cyclical,Luxury Goods,10.430000305175781,False,11.0,True,False,Sector: Consumer Cyclical,-21.05,-24.68,False,796.0,679.0,True,EXIT
RHFL,Reliance Home Finance Limited,Financial Services,Mortgage Finance,1.7300000190734863,False,,False,False,Sector: Financial Services,-69.62,-69.28,False,,2000.0,False,EXIT
RSSOFTWARE,R S Software (India) Limited,Technology,Information Technology Services,31.309999465942383,False,-34.0,False,False,Sector: Technology,-60.13,-61.76,False,23.0,346.0,False,EXIT
CINEVISTA,Cinevista Limited,Communication Services,Entertainment,14.069999694824219,False,6.11,True,False,Sector: Communication Services,-0.28,-19.6,False,26.83,57.79,False,EXIT
BLBLIMITED,BLB Limited,Financial Services,Capital Markets,16.15999984741211,False,27.0,False,True,Sector: Financial Services,-3.01,-2.98,False,781.0,746.0,True,EXIT
DHARAN,Dharan Infra-EPC Limited,Real Estate,Real Estate - Development,0.15000000596046448,False,-35.0,False,False,Sector: Real Estate,-48.49,-64.61,False,6.0,129.0,False,EXIT
KAKATCEM,Kakatiya Cement Sugar and Industries Limited,Basic Materials,Building Materials,114.9800033569336,False,-27.0,False,False,Sector: Basic Materials,-29.59,-30.08,False,71.0,220.0,False,EXIT
FIBERWEB,Fiberweb (India) Limited,Consumer Cyclical,Textile Manufacturing,26.43000030517578,False,5.23,False,False,Sector: Consumer Cyclical,-44.45,-48.03,False,65.5,206.03,False,EXIT
PATINTLOG,Patel Integrated Logistics Limited,Industrials,Integrated Freight & Logistics,13.760000228881836,False,10.0,False,True,Sector: Industrials,-14.39,-14.18,False,393.0,588.0,False,EXIT
HISARMETAL,Hisar Metal Industries Limited,Basic Materials,Steel,152.0500030517578,False,5.0,False,False,Sector: Basic Materials,-20.91,-21.43,False,264.0,276.0,False,EXIT
NIBL,NRB Industrial Bearings Limited,Industrials,Tools & Accessories,31.239999771118164,False,-32.0,False,True,Sector: Industrials,22.28,22.4,True,76.0,81.0,False,HOLD
ENERGYDEV,Energy Development Company Limited,Utilities,Utilities - Regulated Electric,16.450000762939453,False,-7.66,False,False,Sector: Utilities,4.54,-22.92,False,16.53,134.66,False,EXIT
ZENITHSTL,Zenith Steel Pipes & Industries Limited,Basic Materials,Steel,5.400000095367432,False,2.49,False,False,Sector: Basic Materials,-32.8,-33.29,False,38.13,164.06,False,EXIT
PARASPETRO,Paras Petrofils Limited,Consumer Cyclical,Textile Manufacturing,2.2100000381469727,False,-0.43,False,True,Sector: Consumer Cyclical,-6.15,-9.82,False,0.0,5.11,False,EXIT
JHS,JHS Svendgaard Laboratories Limited,Consumer Defensive,Household & Personal Products,8.40999984741211,False,-2.0,False,False,Sector: Consumer Defensive,-26.55,-28.34,False,109.0,138.0,False,EXIT
NAGREEKEXP,Nagreeka Exports Limited,Consumer Cyclical,Textile Manufacturing,23.010000228881836,False,3.0,False,False,Sector: Consumer Cyclical,-10.07,-13.73,False,595.0,614.0,False,EXIT
ROLLT,Rollatainers Limited,Real Estate,Real Estate Services,3.309999942779541,False,-0.72,False,True,Sector: Real Estate,140.61,121.83,True,0.0,170.91,False,HOLD
NGIL,Nakoda Group of Industries Limited,Consumer Defensive,Packaged Foods,40.79999923706055,False,1.63,False,True,Sector: Consumer Defensive,49.59,47.25,True,44.85,59.62,False,HOLD
NOIDATOLL,Noida Toll Bridge Company Limited,Industrials,Infrastructure Operations,4.139999866485596,False,28.0,False,False,Sector: Industrials,4.71,4.88,True,44.0,129.0,False,EXIT
CTE,Cambridge Technology Enterprises Limited,Technology,Information Technology Services,44.939998626708984,False,-0.64,False,True,Sector: Technology,4.74,2.69,True,55.16,76.32,False,HOLD
TOKYOPLAST,Tokyo Plast International Limited,Consumer Cyclical,Packaging & Containers,77.01000213623047,False,1.71,False,False,Sector: Consumer Cyclical,-38.71,-42.3,False,80.94,79.93,True,EXIT
BANARBEADS,Banaras Beads Limited,Consumer Cyclical,Footwear & Accessories,112.41000366210938,False,1.89,False,False,Sector: Consumer Cyclical,5.98,2.27,True,28.34,31.56,False,EXIT
ORIENTLTD,Orient Press Limited,Consumer Cyclical,Packaging & Containers,79.30000305175781,False,-2.0,False,True,Sector: Consumer Cyclical,-9.04,-12.71,False,123.0,203.0,False,EXIT
UMAEXPORTS,Uma Exports Limited,Consumer Defensive,Farm Products,22.489999771118164,False,1.0,False,False,Sector: Consumer Defensive,-60.6,-62.14,False,1417.0,1676.0,False,EXIT
ACCURACY,Accuracy Shipping Limited,Industrials,Integrated Freight & Logistics,4.599999904632568,False,3.0,False,False,Sector: Industrials,-37.46,-37.19,False,632.0,941.0,False,EXIT
PIONEEREMB,Pioneer Embroideries Limited,Consumer Cyclical,Textile Manufacturing,22.030000686645508,False,-0.0,False,False,Sector: Consumer Cyclical,-39.56,-43.15,False,347.0,375.0,False,EXIT
HDIL,Housing Development and Infrastructure Limited,Real Estate,Real Estate - Diversified,1.5199999809265137,False,-0.9,False,False,Sector: Real Estate,-39.21,-55.46,False,15.64,1168.45,False,EXIT
CAPTRUST,Capital Trust Limited,Financial Services,Credit Services,20.489999771118164,False,-38.0,False,True,Sector: Financial Services,-60.22,-59.92,False,41.0,186.0,False,EXIT
TOUCHWOOD,Touchwood Entertainment Limited,Communication Services,Advertising Agencies,61.709999084472656,False,3.32,False,False,Sector: Communication Services,-26.59,-45.55,False,61.63,74.58,False,EXIT
VINEETLAB,Vineet Laboratories Limited,Basic Materials,Chemicals,37.7400016784668,False,-10.0,False,True,Sector: Basic Materials,3.61,3.01,True,55.0,243.0,False,HOLD
CURAA,CURAA,Technology,Software - Application,72.0,False,-1.75,False,False,Sector: Technology,-78.74,-80.25,False,0.74,6.33,False,EXIT
ODIGMA,Odigma Consultancy Solutions Limited,Communication Services,Advertising Agencies,22.510000228881836,False,-1.04,False,False,Sector: Communication Services,-8.32,-27.53,False,48.2,47.34,True,EXIT
KHAITANLTD,Khaitan (India) Limited,Industrials,Industrial Distribution,148.8000030517578,False,7.0,True,True,Sector: Industrials,28.46,28.57,True,124.0,112.0,True,HOLD
BONLON,Bonlon Industries Limited,Basic Materials,Other Industrial Metals & Mining,41.540000915527344,False,1.0,False,False,Sector: Basic Materials,,,False,582.0,651.0,False,EXIT
PRAKASHSTL,Prakash Steelage Limited,Basic Materials,Steel,3.9200000762939453,False,0.62,False,False,Sector: Basic Materials,-33.07,-33.55,False,91.13,1072.34,False,EXIT
IL&FSTRANS,IL&FS Transportation Networks Limited,Industrials,Infrastructure Operations,2.009999990463257,False,,False,False,Sector: Industrials,-40.07,-39.8,False,,4382.0,False,EXIT
ALKALI,Alkali Metals Limited,Basic Materials,Specialty Chemicals,68.2300033569336,False,1.08,False,False,Sector: Basic Materials,-25.92,-26.43,False,89.98,93.03,False,EXIT
ATAM,Atam Valves Limited,Industrials,Specialty Industrial Machinery,59.36000061035156,False,1.82,False,False,Sector: Industrials,-39.13,-38.86,False,47.21,60.23,False,EXIT
ROML,Raj Oil Mills Limited,Consumer Defensive,Packaged Foods,43.93000030517578,False,4.0,False,False,Sector: Consumer Defensive,-7.58,-9.51,False,153.0,151.0,True,EXIT
SHEKHAWATI,Shekhawati Industries Limited,Consumer Cyclical,Textile Manufacturing,18.43000030517578,False,12.0,False,True,Sector: Consumer Cyclical,-11.5,-15.16,False,15.0,363.0,False,EXIT
DIGIDRIVE,Digidrive Distributors Limited,Consumer Cyclical,Internet Retail,17.209999084472656,False,6.38,False,False,Sector: Consumer Cyclical,-43.71,-47.29,False,27.87,31.9,False,EXIT
AJOONI,Ajooni Biotech Limited,Consumer Defensive,Packaged Foods,3.7799999713897705,False,4.0,True,False,Sector: Consumer Defensive,-28.1,-29.88,False,215.0,182.0,True,EXIT
PARSVNATH,Parsvnath Developers Limited,Real Estate,Real Estate - Development,1.4299999475479126,False,-172.0,False,False,Sector: Real Estate,-76.84,-92.56,False,70.0,1114.0,False,EXIT
TFL,Transwarranty Finance Limited,Financial Services,Mortgage Finance,11.40999984741211,False,-2.99,False,False,Sector: Financial Services,-35.71,-35.52,False,8.14,12.42,False,EXIT
DAMODARIND,Damodar Industries Limited,Consumer Cyclical,Textile Manufacturing,27.600000381469727,False,6.0,False,False,Sector: Consumer Cyclical,-21.88,-25.51,False,480.0,909.0,False,EXIT
GENSOL,Gensol Engineering Limited,Technology,Solar,19.170000076293945,False,140.0,True,False,Sector: Technology,-51.81,-53.5,False,1297.0,904.0,True,EXIT
DELTAMAGNT,Delta Manufacturing Limited,Consumer Cyclical,Textile Manufacturing,57.279998779296875,False,-7.3,False,False,Sector: Consumer Cyclical,-28.69,-32.31,False,66.9,90.84,False,EXIT
PALREDTEC,Palred Technologies Limited,Technology,Consumer Electronics,55.0,False,2.7,False,True,Sector: Technology,2.88,0.84,True,1.52,2.17,False,HOLD
GATECHDVR,GACM Technologies Limited,Financial Services,Asset Management,0.5099999904632568,False,6.31,False,True,Sector: Financial Services,-1.84,-1.82,False,16.83,18.59,False,EXIT
ATLASCYCLE,Atlas Cycles (Haryana) Limited,Consumer Cyclical,Leisure,97.0,False,-8.37,False,False,Sector: Consumer Cyclical,-16.26,-19.91,False,6.46,684.28,False,EXIT
AGRITECH,Agri-tech (India) Limited,Consumer Defensive,Farm Products,100.37999725341797,False,-0.87,False,False,Sector: Consumer Defensive,-29.72,-31.49,False,0.36,0.38,False,EXIT
FMNL,Future Market Networks Limited,Real Estate,Real Estate Services,8.510000228881836,False,9.71,False,False,Sector: Real Estate,-18.9,-35.43,False,87.96,126.45,False,EXIT
SECURKLOUD,SecureKloud Technologies Limited,Technology,Software - Application,17.850000381469727,False,-6.83,False,False,Sector: Technology,-26.75,-28.59,False,18.44,59.31,False,EXIT
RKEC,RKEC Projects Limited,Industrials,Engineering & Construction,23.229999542236328,False,-55.0,False,False,Sector: Industrials,-66.58,-66.25,False,121.0,399.0,False,EXIT
ABMINTLLTD,ABM International Limited,Basic Materials,Specialty Chemicals,50.72999954223633,False,-1.38,False,True,Sector: Basic Materials,13.21,12.59,True,50.61,155.95,False,HOLD
SUPREMEENG,Supreme Engineering Limited,Basic Materials,Steel,2.450000047683716,False,-9.37,False,True,Sector: Basic Materials,103.23,102.35,True,24.76,173.57,False,HOLD
HGM,Handson Global Management (HGM) Limited,Technology,Information Technology Services,44.0,False,3.59,False,False,Sector: Technology,-36.33,-38.11,False,52.95,56.76,False,EXIT
ANMOL,Anmol India Limited,Energy,Thermal Coal,9.979999542236328,False,12.0,False,False,Sector: Energy,-59.06,-40.7,False,1296.0,1501.0,False,EXIT
BALKRISHNA,Balkrishna Paper Mills Limited,Consumer Cyclical,Packaging & Containers,17.229999542236328,False,-6.55,False,False,Sector: Consumer Cyclical,-17.37,-21.01,False,5.38,242.38,False,EXIT
LEMERITE,LEMERITE,Consumer Cyclical,Textile Manufacturing,23.540000915527344,False,2.0,False,False,Sector: Consumer Cyclical,-65.12,-68.65,False,335.0,525.0,False,EXIT
ADROITINFO,Adroit Infotech Limited,Technology,Information Technology Services,9.850000381469727,False,-1.38,False,True,Sector: Technology,-7.68,-9.65,False,4.25,22.55,False,EXIT
AGROPHOS,Agro Phos (India) Limited,Basic Materials,Agricultural Inputs,25.559999465942383,False,5.0,False,False,Sector: Basic Materials,-42.77,-43.23,False,137.0,148.0,False,EXIT
MALUPAPER,Malu Paper Mills Limited,Basic Materials,Paper & Paper Products,30.81999969482422,False,-12.0,False,False,Sector: Basic Materials,-16.11,-16.64,False,364.0,335.0,True,EXIT
KSR,KSR Footwear Limited,Consumer Cyclical,Footwear & Accessories,28.84000015258789,False,-8.0,True,False,Sector: Consumer Cyclical,,,False,200.0,206.0,False,EXIT
ANSALAPI,Ansal Properties & Infrastructure Limited,Real Estate,Real Estate - Development,3.3299999237060547,False,-1391.0,False,False,Sector: Real Estate,-23.14,-39.62,False,193.0,914.0,False,EXIT
SHIVAMILLS,Shiva Mills Limited,Consumer Cyclical,Textile Manufacturing,61.400001525878906,False,3.0,False,True,Sector: Consumer Cyclical,-12.43,-16.09,False,140.0,213.0,False,EXIT
TPHQ,Teamo Productions HQ Limited,Industrials,Engineering & Construction,0.6899999976158142,False,6.0,True,True,Sector: Industrials,-12.42,-12.21,False,118.0,840.0,False,HOLD
SUVIDHAA,Suvidhaa Infoserve Limited,Technology,Information Technology Services,2.380000114440918,False,-5.39,False,False,Sector: Technology,-41.34,-43.09,False,0.84,170.72,False,EXIT
RAJTV,Raj Television Network Limited,Communication Services,Broadcasting,10.579999923706055,False,-0.57,False,False,Sector: Communication Services,-59.67,-78.18,False,68.44,125.82,False,EXIT
ICDSLTD,ICDS Limited,Real Estate,Real Estate Services,40.0,False,0.02,False,False,Sector: Real Estate,-6.09,-22.81,False,1.49,6.72,False,EXIT
BIOFILCHEM,Biofil Chemicals and Pharmaceuticals Limited,Healthcare,Drug Manufacturers - Specialty & Generic,30.90999984741211,False,0.48,False,False,Sector: Healthcare,-40.44,-30.11,False,34.32,40.04,False,EXIT
HYBRIDFIN,Hybrid Financial Services Limited,Financial Services,Capital Markets,17.0,False,2.55,False,False,Sector: Financial Services,9.61,9.58,True,4.61,4.1,True,EXIT
ORCHASP,Orchasp Limited,Technology,Software - Application,1.3899999856948853,False,0.79,False,False,Sector: Technology,-51.67,-53.36,False,15.58,104.67,False,EXIT
COUNCODOS,Country Condo's Limited,Real Estate,Real Estate - Development,6.989999771118164,False,0.62,False,True,Sector: Real Estate,20.22,3.13,True,18.04,45.27,False,HOLD
SVPGLOB,SVP Global Textiles Limited,Consumer Cyclical,Textile Manufacturing,3.7200000286102295,False,-6.55,False,True,Sector: Consumer Cyclical,6.19,2.49,True,0.0,145.07,False,HOLD
LCCINFOTEC,LCC Infotech Limited,Consumer Defensive,Education & Training Services,3.75,False,-0.46,False,False,Sector: Consumer Defensive,-23.82,-25.63,False,0.0,11.06,False,EXIT
AHLADA,Ahlada Engineers Limited,Industrials,Building Products & Equipment,40.81999969482422,False,-0.35,False,False,Sector: Industrials,-34.0,-33.74,False,97.54,259.46,False,EXIT
VINNY,Vinny Overseas Limited,Consumer Cyclical,Textile Manufacturing,1.059999942779541,False,1.0,False,False,Sector: Consumer Cyclical,-17.87,-21.52,False,133.0,207.0,False,EXIT
SUNDARAM,Sundaram Multi Pap Limited,Basic Materials,Paper & Paper Products,1.2899999618530273,False,4.0,False,False,Sector: Basic Materials,-38.11,-38.59,False,146.0,137.0,True,EXIT
MANUGRAPH,Manugraph India Limited,Industrials,Specialty Industrial Machinery,15.8100004196167,False,5.59,False,True,Sector: Industrials,-31.6,-31.35,False,82.69,271.31,False,EXIT
TRU,TruCap Finance Limited,Financial Services,Credit Services,4.300000190734863,False,-103.0,False,False,Sector: Financial Services,-59.86,-59.56,False,64.0,196.0,False,EXIT
BLUECOAST,Blue Coast Hotels Limited,Consumer Cyclical,Lodging,24.299999237060547,False,-1.05,False,False,Sector: Consumer Cyclical,-69.93,-73.44,False,2.25,134.89,False,EXIT
PRITI,Priti International Limited,Consumer Cyclical,"Furnishings, Fixtures & Appliances",33.54999923706055,False,0.76,False,False,Sector: Consumer Cyclical,-54.63,-58.18,False,22.03,90.33,False,EXIT
JAIPURKURT,Nandani Creation Limited,Consumer Cyclical,Apparel Manufacturing,27.030000686645508,False,2.0,False,False,Sector: Consumer Cyclical,-29.92,-33.53,False,118.0,111.0,True,EXIT
WEWIN,We Win Limited,Technology,Information Technology Services,46.54999923706055,False,4.37,False,False,Sector: Technology,-8.46,-10.42,False,96.86,93.65,True,EXIT
ARCHIES,Archies Limited,Consumer Cyclical,Specialty Retail,13.819999694824219,False,-5.97,False,False,Sector: Consumer Cyclical,-27.58,-31.2,False,50.24,194.51,False,EXIT
21STCENMGM,Twentyfirst Century Management Services Limited,Financial Services,Capital Markets,44.810001373291016,False,-15.0,False,True,Sector: Financial Services,-21.8,-21.68,False,-13.0,37.0,False,EXIT
KARMAENG,Karma Energy Limited,Utilities,Utilities - Renewable,38.2599983215332,False,0.89,False,False,Sector: Utilities,-3.72,-30.72,False,9.9,35.88,False,EXIT
DHRUV,Dhruv Consultancy Services Limited,Industrials,Engineering & Construction,25.6200008392334,False,-35.0,False,False,Sector: Industrials,-62.11,-61.79,False,37.0,102.0,False,EXIT
DANGEE,Dangee Dums Limited,Consumer Cyclical,Restaurants,2.869999885559082,False,-1.41,False,False,Sector: Consumer Cyclical,-30.31,-33.92,False,29.69,38.32,False,EXIT
GAYAHWS,Gayatri Highways Limited,Industrials,Infrastructure Operations,1.9299999475479126,False,-14.0,False,False,Sector: Industrials,-7.41,-7.21,False,22.0,15.0,True,EXIT
MASKINVEST,Mask Investments Limited,Financial Services,Capital Markets,146.66000366210938,False,0.09,False,False,Sector: Financial Services,-9.72,-9.65,False,0.32,0.74,False,EXIT
RKDL,Ravi Kumar Distilleries Limited,Consumer Defensive,Beverages - Wineries & Distilleries,18.190000534057617,False,0.18,False,False,Sector: Consumer Defensive,-33.78,-35.51,False,19.84,81.28,False,EXIT
GANGAFORGE,Ganga Forging Limited,Industrials,Metal Fabrication,2.259999990463257,False,-2.3,False,False,Sector: Industrials,-29.89,-29.65,False,35.07,43.22,False,EXIT
MANGALAM,Mangalam Drugs & Organics Limited,Healthcare,Drug Manufacturers - Specialty & Generic,26.940000534057617,False,-38.0,False,False,Sector: Healthcare,-78.34,-67.73,False,232.0,451.0,False,EXIT
GOLDENTOBC,Golden Tobacco Limited,Consumer Defensive,Tobacco,24.559999465942383,False,2.71,False,False,Sector: Consumer Defensive,-31.26,-33.02,False,32.66,96.09,False,EXIT
CELEBRITY,Celebrity Fashions Limited,Consumer Cyclical,Apparel Manufacturing,6.860000133514404,False,-11.0,False,False,Sector: Consumer Cyclical,-45.8,-49.37,False,158.0,364.0,False,EXIT
PRUDMOULI,Prudential Sugar Corporation Ltd.,Consumer Defensive,Confectioners,14.020000457763672,False,2.0,False,False,Sector: Consumer Defensive,-64.52,-66.03,False,103.0,105.0,False,EXIT
AKI,AKI India Limited,Consumer Cyclical,Footwear & Accessories,4.239999771118164,False,1.38,False,False,Sector: Consumer Cyclical,-54.05,-57.61,False,72.04,68.66,True,EXIT
AMBICAAGAR,Ambica Agarbathies Aroma & Industries Limited,Consumer Defensive,Household & Personal Products,24.829999923706055,False,3.0,False,True,Sector: Consumer Defensive,-9.49,-11.4,False,136.0,168.0,False,EXIT
LFIC,Lakshmi Finance & Industrial Corporation Limited,Financial Services,Asset Management,140.17999267578125,False,1.37,False,False,Sector: Financial Services,-36.48,-36.29,False,12.04,15.03,False,EXIT
AKASH,Akash Infra-Projects Limited,Industrials,Engineering & Construction,25.020000457763672,False,0.99,False,False,Sector: Industrials,-9.75,-9.55,False,70.16,140.11,False,EXIT
HBSL,HB Stockholdings Limited,Financial Services,Capital Markets,55.08000183105469,False,-10.0,False,False,Sector: Financial Services,-31.71,-31.55,False,12.0,44.0,False,EXIT
TNTELE,Tamilnadu Telecommunications Limited,Technology,Communication Equipment,8.989999771118164,False,-15.0,False,False,Sector: Technology,-41.16,-42.91,False,0.0,14.0,False,EXIT
VIVIMEDLAB,Vivimed Labs Limited,Healthcare,Drug Manufacturers - Specialty & Generic,5.670000076293945,False,,False,False,Sector: Healthcare,2.73,12.73,True,,570.0,False,EXIT
OSIAHYPER,Osia Hyper Retail Limited,Consumer Cyclical,Department Stores,2.8299999237060547,False,18.0,False,False,Sector: Consumer Cyclical,-78.69,-82.18,False,1423.0,1427.0,False,EXIT
SAGARDEEP,Sagardeep Alloys Limited,Basic Materials,Copper,23.959999084472656,False,3.0,True,False,Sector: Basic Materials,-19.43,-19.95,False,196.0,165.0,True,EXIT
MITTAL,Mittal Life Style Limited,Consumer Cyclical,Textile Manufacturing,0.8899999856948853,False,1.13,False,False,Sector: Consumer Cyclical,-45.61,-49.19,False,79.59,99.75,False,EXIT
MADHUCON,Madhucon Projects Limited,Industrials,Engineering & Construction,5.190000057220459,False,11.0,False,False,Sector: Industrials,-19.16,-18.94,False,357.0,1137.0,False,EXIT
AROGRANITE,Aro Granite Industries Limited,Industrials,Building Products & Equipment,24.899999618530273,False,-19.0,False,False,Sector: Industrials,-33.18,-32.92,False,67.0,253.0,False,EXIT
BANG,Bang Overseas Limited,Consumer Cyclical,Apparel Manufacturing,29.059999465942383,False,3.0,False,False,Sector: Consumer Cyclical,-41.41,-45.0,False,232.0,223.0,True,EXIT
ADL,Archidply Decor Limited,Consumer Cyclical,"Furnishings, Fixtures & Appliances",71.9800033569336,False,-0.11,False,False,Sector: Consumer Cyclical,-21.94,-25.57,False,46.32,54.28,False,EXIT
ORIENTALTL,Oriental Trimex Limited,Industrials,Building Products & Equipment,5.059999942779541,False,2.02,False,False,Sector: Industrials,-51.42,-51.12,False,27.36,74.51,False,EXIT
NKIND,N.K Industries Limited,Consumer Defensive,Household & Personal Products,61.54999923706055,False,-3.23,False,False,Sector: Consumer Defensive,-14.16,-16.04,False,2.4,473.91,False,EXIT
LASA,Lasa Supergenerics Limited,Healthcare,Drug Manufacturers - Specialty & Generic,7.090000152587891,False,-17.0,False,False,Sector: Healthcare,-36.11,-25.82,False,6.0,244.0,False,EXIT
SEYAIND,Seya Industries Limited,Basic Materials,Specialty Chemicals,12.670000076293945,False,-2.98,False,False,Sector: Basic Materials,-34.27,-34.75,False,0.0,412.78,False,EXIT
ASHOKAMET,Ashoka Metcast Limited,Basic Materials,Steel,13.390000343322754,False,0.21,False,False,Sector: Basic Materials,-22.75,-23.27,False,3.53,19.17,False,EXIT
GSS,GSS Infotech Limited,Technology,Information Technology Services,12.5,False,-52.0,False,False,Sector: Technology,-56.51,-58.16,False,8.0,35.0,False,EXIT
CYBERMEDIA,Cyber Media (India) Limited,Communication Services,Publishing,16.700000762939453,False,0.69,False,True,Sector: Communication Services,18.11,-1.46,False,13.47,15.24,False,EXIT
MOHITIND,Mohit Industries Limited,Consumer Cyclical,Textile Manufacturing,23.3700008392334,False,-1.0,False,False,Sector: Consumer Cyclical,-33.17,-36.78,False,132.0,245.0,False,EXIT
SITINET,SITI Networks Limited,Communication Services,Entertainment,0.2800000011920929,False,-181.0,False,False,Sector: Communication Services,-27.1,-46.05,False,339.0,856.0,False,EXIT
SUPERSPIN,Super Spinning Mills Limited,Consumer Cyclical,Textile Manufacturing,5.909999847412109,False,-5.18,False,False,Sector: Consumer Cyclical,-38.75,-42.34,False,6.31,440.5,False,EXIT
AKSHAR,Akshar Spintex Limited,Consumer Cyclical,Textile Manufacturing,0.4099999964237213,False,-6.0,False,False,Sector: Consumer Cyclical,-23.65,-27.27,False,121.0,175.0,False,EXIT
IMPEXFERRO,Impex Ferro Tech Limited,Basic Materials,Other Industrial Metals & Mining,3.7799999713897705,False,-6.33,True,True,Sector: Basic Materials,86.14,85.31,True,0.0,505.57,False,HOLD
BURNPUR,Burnpur Cement Limited,Basic Materials,Building Materials,15.720000267028809,False,,False,False,Sector: Basic Materials,-48.62,-49.06,False,,,False,EXIT
KAUSHALYA,Kaushalya Infrastructure Development Corporation Limited,Industrials,Engineering & Construction,876.3499755859375,False,-0.73,False,False,Sector: Industrials,-17.19,-16.98,False,0.9,5.68,False,EXIT
MADHAV,Madhav Marbles and Granites Limited,Industrials,Building Products & Equipment,35.380001068115234,False,2.33,False,False,Sector: Industrials,-21.95,-21.73,False,30.24,90.97,False,EXIT
CEREBRAINT,Cerebra Integrated Technologies Limited,Industrials,Waste Management,2.700000047683716,False,-64.0,False,False,Sector: Industrials,-66.1,-65.77,False,4.0,261.0,False,EXIT
VCL,Vaxtex Cotfab Limited,Consumer Cyclical,Textile Manufacturing,1.940000057220459,False,5.26,False,True,Sector: Consumer Cyclical,88.62,84.72,True,11.17,75.62,False,HOLD
DNAMEDIA,Diligent Media Corporation Limited,Communication Services,Publishing,2.490000009536743,False,-6.59,False,False,Sector: Communication Services,-26.22,-45.19,False,7.44,124.04,False,EXIT
NAGREEKCAP,Nagreeka Capital & Infrastructure Ltd.,Financial Services,Asset Management,23.309999465942383,False,7.38,False,False,Sector: Financial Services,-14.53,-14.45,False,63.39,159.3,False,EXIT
EASTSILK,Eastern Silk Industries Limited,Consumer Cyclical,Textile Manufacturing,61.900001525878906,False,-14.0,False,False,Sector: Consumer Cyclical,104.34,100.4,True,24.0,103.0,False,EXIT
GTECJAINX,G-Tec Jainx Education Limited,Consumer Defensive,Education & Training Services,29.0,False,-0.22,False,True,Sector: Consumer Defensive,25.35,23.18,True,5.36,6.5,False,HOLD
KANANIIND,Kanani Industries Limited,Consumer Cyclical,Luxury Goods,1.4700000286102295,False,0.22,False,False,Sector: Consumer Cyclical,-23.56,-27.19,False,0.0,85.64,False,EXIT
SIMBHALS,Simbhaoli Sugars Limited,Consumer Defensive,Confectioners,7.519999980926514,False,-33.0,False,False,Sector: Consumer Defensive,-51.25,-52.86,False,736.0,1263.0,False,EXIT
KEEPLEARN,DSJ Keep Learning Limited,Consumer Defensive,Education & Training Services,1.909999966621399,False,-1.17,False,False,Sector: Consumer Defensive,-33.53,-35.26,False,7.29,9.98,False,EXIT
TARAPUR,Tarapur Transformers Limited,Industrials,Specialty Industrial Machinery,15.34000015258789,False,-2.38,False,False,Sector: Industrials,-41.56,-41.28,False,0.0,37.31,False,EXIT
PEARLPOLY,Pearl Polymers Limited,Consumer Cyclical,Packaging & Containers,15.899999618530273,False,-5.31,False,False,Sector: Consumer Cyclical,-49.14,-52.71,False,19.83,198.2,False,EXIT
TGBHOTELS,TGB Banquets and Hotels Limited,Consumer Cyclical,Lodging,9.180000305175781,False,1.44,False,False,Sector: Consumer Cyclical,-20.15,-23.79,False,37.94,139.69,False,EXIT
SANWARIA,Sanwaria Consumer Limited,Consumer Defensive,Farm Products,0.1899999976158142,False,-2.6,False,False,Sector: Consumer Defensive,-45.89,-47.53,False,1.08,5303.79,False,EXIT
AKG,AKG Exim Limited,Industrials,Industrial Distribution,8.869999885559082,False,0.33,False,False,Sector: Industrials,-31.28,-31.03,False,48.79,123.67,False,EXIT
KSHITIJPOL,Kshitij Polyline Limited,Industrials,Business Equipment & Supplies,2.890000104904175,False,3.92,True,False,Sector: Industrials,-6.73,-6.54,False,49.99,44.75,True,EXIT
WILLAMAGOR,Williamson Magor & Co. Limited,Financial Services,Credit Services,24.520000457763672,False,-16.0,False,False,Sector: Financial Services,-29.37,-29.22,False,1.0,54.0,False,EXIT
LEXUS,Lexus Granito (India) Limited,Industrials,Building Products & Equipment,14.130000114440918,False,-2.24,False,False,Sector: Industrials,-57.12,-56.81,False,47.41,181.12,False,EXIT
KHANDSE,Khandwala Securities Limited,Financial Services,Capital Markets,17.18000030517578,False,-0.61,False,False,Sector: Financial Services,-31.83,-31.66,False,9.03,10.29,False,EXIT
PNC,Pritish Nandy Communications Ltd,Communication Services,Entertainment,18.200000762939453,False,-14.0,False,False,Sector: Communication Services,-19.77,-38.82,False,18.0,58.0,False,EXIT
SGL,STL Global Limited,Consumer Cyclical,Textile Manufacturing,9.760000228881836,False,-1.36,False,False,Sector: Consumer Cyclical,-24.79,-28.41,False,96.7,148.23,False,EXIT
TREEHOUSE,Tree House Education & Accessories Limited,Consumer Defensive,Education & Training Services,6.079999923706055,False,-12.0,False,False,Sector: Consumer Defensive,-25.68,-27.47,False,4.0,209.0,False,EXIT
INFOMEDIA,Infomedia Press Limited,Financial Services,Shell Companies,5.090000152587891,False,-2.9,False,False,Sector: Financial Services,-13.94,-13.86,False,0.0,0.0,True,EXIT
NEXTMEDIA,Next Mediaworks Limited,Communication Services,Broadcasting,3.869999885559082,False,-4.99,False,False,Sector: Communication Services,-23.49,-42.49,False,0.0,1.45,False,EXIT
AGSTRA,AGS Transact Technologies Limited,Technology,Software - Infrastructure,2.049999952316284,False,-122.0,False,False,Sector: Technology,-65.83,-67.42,False,897.0,1547.0,False,EXIT
LIBAS,Libas Consumer Products Limited,Consumer Cyclical,Apparel Manufacturing,9.680000305175781,False,3.6,True,False,Sector: Consumer Cyclical,-20.83,-24.46,False,52.26,54.94,False,EXIT
ARSHIYA,Arshiya Limited,Industrials,Integrated Freight & Logistics,0.9100000262260437,False,-2.08,False,False,Sector: Industrials,-66.38,-66.05,False,18.15,301.7,False,EXIT
FLFL,Future Lifestyle Fashions Limited,Consumer Cyclical,Apparel Manufacturing,1.149999976158142,False,-2117.0,False,False,Sector: Consumer Cyclical,-20.76,-24.4,False,2211.0,5986.0,False,EXIT
LAXMICOT,Laxmi Cotspin Limited,Consumer Cyclical,Textile Manufacturing,14.890000343322754,False,-3.0,False,False,Sector: Consumer Cyclical,-41.49,-45.07,False,118.0,216.0,False,EXIT
ANKITMETAL,Ankit Metal & Power Limited,Basic Materials,Steel,1.5299999713897705,False,-257.0,False,False,Sector: Basic Materials,-22.44,-22.95,False,818.0,1476.0,False,EXIT
KRIDHANINF,Kridhan Infra Limited,Basic Materials,Steel,2.180000066757202,False,1.1,False,False,Sector: Basic Materials,-48.22,-48.67,False,2.73,88.01,False,EXIT
HAVISHA,Sri Havisha Hospitality and Infrastructure Limited,Consumer Cyclical,Lodging,1.399999976158142,False,-5.07,False,False,Sector: Consumer Cyclical,-32.17,-35.78,False,13.6,16.21,False,EXIT
MFML,Mahalaxmi Fabric Mills Limited,Consumer Cyclical,Textile Manufacturing,18.549999237060547,False,-11.0,False,False,Sector: Consumer Cyclical,-35.47,-39.07,False,55.0,88.0,False,EXIT
TCIFINANCE,TCI Finance Limited,Financial Services,Credit Services,15.380000114440918,False,-1.71,False,False,Sector: Financial Services,13.6,13.55,True,0.0,13.41,False,EXIT
FEL,Future Enterprises Limited,Consumer Cyclical,Department Stores,0.4099999964237213,False,,False,False,Sector: Consumer Cyclical,-26.27,-29.89,False,,11577.0,False,EXIT
SHRENIK,Shrenik Limited,Basic Materials,Paper & Paper Products,0.30000001192092896,False,0.06,False,False,Sector: Basic Materials,-46.02,-46.46,False,36.12,836.5,False,EXIT
ACEINTEG,Ace Integrated Solutions Limited,Industrials,Staffing & Employment Services,17.90999984741211,False,-0.85,False,False,Sector: Industrials,-26.47,-26.23,False,0.5,22.15,False,EXIT
TIJARIA,Tijaria Polypipes Limited,Industrials,Building Products & Equipment,6.119999885559082,False,-1.39,False,True,Sector: Industrials,-24.98,-24.74,False,0.0,149.53,False,EXIT
RADAAN,Radaan Mediaworks India Limited,Communication Services,Entertainment,2.940000057220459,False,-3.71,False,False,Sector: Communication Services,-4.11,-23.38,False,6.61,35.54,False,EXIT
ASTRON,Astron Paper & Board Mill Limited,Basic Materials,Paper & Paper Products,3.180000066757202,False,,False,False,Sector: Basic Materials,-78.06,-78.41,False,,512.0,False,EXIT
EUROTEXIND,Eurotex Industries and Exports Limited,Real Estate,Real Estate - Development,14.0,False,-1.23,False,False,Sector: Real Estate,11.5,-5.47,False,0.09,280.57,False,EXIT
TECILCHEM,Tecil Chemicals and Hydro Power Ltd.,Financial Services,Shell Companies,10.239999771118164,False,-0.55,False,False,Sector: Financial Services,-46.52,-46.29,False,0.0,0.0,True,EXIT
SHYAMTEL,Shyam Telecom Limited,Technology,Communication Equipment,14.1899995803833,False,-3.07,False,True,Sector: Technology,5.01,2.95,True,0.0,324.05,False,HOLD
TVVISION,TV Vision Limited,Communication Services,Broadcasting,3.940000057220459,False,,False,False,Sector: Communication Services,-25.43,-44.41,False,,176.0,False,EXIT
SILLYMONKS,Silly Monks Entertainment Limited,Communication Services,Entertainment,15.890000343322754,False,-2.13,False,False,Sector: Communication Services,15.93,-3.61,False,4.48,22.22,False,EXIT
VIVIDHA,Visagar Polytex Limited,Consumer Cyclical,Textile Manufacturing,0.5400000214576721,False,-1.33,False,False,Sector: Consumer Cyclical,-33.93,-37.53,False,0.24,102.76,False,EXIT
RETAIL,JHS Svendgaard Retail Ventures Limited,Consumer Defensive,Grocery Stores,17.450000762939453,False,0.06,False,False,Sector: Consumer Defensive,-57.94,-59.5,False,16.93,16.19,True,EXIT
UMESLTD,Usha Martin Education & Solutions Limited,Consumer Defensive,Education & Training Services,5.800000190734863,False,0.38,True,True,Sector: Consumer Defensive,2.91,0.91,True,0.86,3.33,False,HOLD
HEADSUP,Heads UP Ventures Limited,Consumer Cyclical,Apparel Retail,6.78000020980835,False,-2.96,False,False,Sector: Consumer Cyclical,-34.68,-38.28,False,5.76,259.59,False,EXIT
BOHRAIND,Bohra Industries Limited,Basic Materials,Agricultural Inputs,14.739999771118164,False,-2.84,False,False,Sector: Basic Materials,-53.73,-54.16,False,0.0,113.28,False,EXIT
GLFL,Gujarat Lease Financing Limited,Financial Services,Shell Companies,5.820000171661377,False,0.03,False,False,Sector: Financial Services,-6.61,-6.57,False,0.0,0.43,False,EXIT
AURUS,Aurus Gem Corporation Limited,Consumer Cyclical,Luxury Goods,4.659999847412109,False,1.78,False,False,Sector: Consumer Cyclical,-31.64,-35.25,False,15.95,436.84,False,EXIT
KALYANI,Kalyani Commercials Limited,Consumer Cyclical,Auto & Truck Dealerships,138.08999633789062,True,3.0,True,False,Sector: Consumer Cyclical,1.87,-1.82,False,577.0,587.0,False,EXIT
MTEDUCARE,MT Educare Limited,Consumer Defensive,Education & Training Services,1.8700000047683716,False,,False,True,Sector: Consumer Defensive,-13.18,-15.06,False,,252.57,False,EXIT
DSKULKARNI,D S Kulkarni Developers Limited,Real Estate,Real Estate - Development,15.380000114440918,False,-2.07,False,True,Sector: Real Estate,28.89,11.69,True,0.0,203.07,False,HOLD
BILVYAPAR,BIL Vyapar Limited,Basic Materials,Specialty Chemicals,4.099999904632568,False,0.42,False,False,Sector: Basic Materials,-64.22,-64.62,False,0.0,260.6,False,EXIT
ORTINGLOBE,Ortin Global Limited,Healthcare,Drug Manufacturers - Specialty & Generic,15.479999542236328,False,-0.9,False,True,Sector: Healthcare,1.27,11.28,True,0.33,197.36,False,HOLD
NIRAJISPAT,Niraj Ispat Industries Limited,Consumer Cyclical,Apparel Manufacturing,224.0,False,1.52,False,False,Sector: Consumer Cyclical,-42.0,-45.59,False,3.55,7.05,False,EXIT
ARENTERP,Rajdarshan Industries Limited,Basic Materials,Other Industrial Metals & Mining,37.900001525878906,False,-0.06,False,False,Sector: Basic Materials,-22.61,-23.12,False,0.57,1.9,False,EXIT
UNIINFO,Uniinfo Telecom Services Limited,Communication Services,Telecom Services,11.289999961853027,False,-1.1,False,False,Sector: Communication Services,-26.96,-45.91,False,43.4,50.1,False,EXIT
CREATIVEYE,Creative Eye Limited,Communication Services,Entertainment,6.150000095367432,False,-4.57,False,False,Sector: Communication Services,0.31,-19.02,False,0.72,28.93,False,EXIT
DCMFINSERV,DCM Financial Services Limited,Financial Services,Credit Services,5.5,False,-0.96,False,True,Sector: Financial Services,-7.42,-7.37,False,0.0,3.94,False,EXIT
GLOBALE,Globale Tessile Limited,Consumer Cyclical,Textile Manufacturing,11.449999809265137,False,-1.16,False,False,Sector: Consumer Cyclical,-16.39,-20.03,False,24.62,67.74,False,EXIT
MEP,MEP Infrastructure Developers Limited,Industrials,Infrastructure Operations,0.6499999761581421,False,,False,False,Sector: Industrials,-63.91,-63.59,False,,1869.0,False,EXIT
ANTGRAPHIC,Antarctica Limited,Consumer Cyclical,Packaging & Containers,0.7300000190734863,False,1.09,False,False,Sector: Consumer Cyclical,-33.87,-37.47,False,98.32,62.91,True,EXIT
LAKPRE,Lakshmi Precision Screws Limited,Industrials,Tools & Accessories,4.360000133514404,False,-33.0,False,False,Sector: Industrials,-32.56,-32.31,False,232.0,371.0,False,EXIT
FLEXITUFF,Flexituff Ventures International Limited,Consumer Cyclical,Textile Manufacturing,2.809999942779541,False,,False,False,Sector: Consumer Cyclical,-83.95,-87.43,False,,1326.0,False,EXIT
BLUECHIP,Blue Chip India Limited,Financial Services,Capital Markets,1.899999976158142,False,-0.39,False,False,Sector: Financial Services,-60.82,-60.52,False,0.18,7.33,False,EXIT
COMPINFO,Compuage Infocom Limited,Technology,Electronics & Computer Distribution,1.0399999618530273,False,,False,False,Sector: Technology,-55.72,-57.38,False,,4514.83,False,EXIT
PREMIER,Premier Limited,Industrials,Specialty Industrial Machinery,2.7200000286102295,False,-5.69,True,False,Sector: Industrials,-29.93,-29.68,False,0.0,166.23,False,EXIT
SHANTI,Shanti Overseas (India) Limited,Consumer Defensive,Farm Products,6.28000020980835,False,-7.92,False,False,Sector: Consumer Defensive,-35.46,-37.18,False,4.0,180.08,False,EXIT
SETUINFRA,Setubandhan Infrastructure Limited,Industrials,Engineering & Construction,0.4399999976158142,False,,False,False,Sector: Industrials,-38.32,-38.05,False,,283.49,False,EXIT
CLCIND,CLC Industries Limited,Consumer Cyclical,Textile Manufacturing,49.02000045776367,False,-4.0,False,False,Sector: Consumer Cyclical,-80.43,-83.92,False,259.0,1142.0,False,EXIT
SONAL,Sonal Mercantile Limited,,,90.45999908447266,False,10.0,False,False,,,,False,37.0,41.0,False,EXIT
TCC,TCC Concept Limited,,,252.35000610351562,False,45.0,True,False,,,,False,70.0,63.0,True,EXIT
SHINDL,Sharat Industries Limited,,,165.3800048828125,True,17.0,True,False,,,,False,530.0,525.0,True,EXIT
BNALTD,B & A Limited,,,414.3999938964844,False,-5.0,False,False,,,,False,151.0,163.0,False,EXIT
BNAGROCHEM,BN Agrochem Limited,,,238.75,True,20.0,True,False,,,,False,278.0,233.0,True,EXIT
INDPRUD,Industrial And Prudential Investment Company Limited,,,6175.0,False,22.0,True,False,,,,False,23.0,22.0,True,EXIT
KLBRENG-B,Kilburn Engineering Limited,,,363.5,False,60.0,False,False,,,,False,412.0,448.0,False,EXIT
ACSTECH,ACS Technologies Limited,,,49.65999984741211,True,10.0,True,False,,,,False,212.0,171.0,True,EXIT
WELSPLSOL,Welspun Specialty Solutions Limited,,,48.279998779296875,False,29.0,False,False,,,,False,879.0,886.0,False,EXIT
DISAQ,DISA India Limited,,,11803.0,False,51.0,False,False,,,,False,410.0,425.0,False,EXIT
PREMCO,Premco Global Limited,,,376.6000061035156,False,11.0,False,False,,,,False,42.0,86.0,False,EXIT
PRADPME,Pradeep Metals Limited,,,534.5499877929688,True,27.0,True,False,,,,False,344.0,328.0,True,EXIT
PRAVEG,Praveg Limited,,,267.5,True,-19.0,False,False,,,,False,184.0,184.0,True,EXIT
SINGERIND,Singer India Limited,,,83.36000061035156,False,18.0,True,False,,,,False,610.0,557.0,True,EXIT
QUINT,Quint Digital Limited,,,36.18000030517578,False,-6.62,False,False,,,,False,6.53,41.05,False,EXIT
ASTAR,Asian Star Company Limited,,,583.0499877929688,False,28.0,False,False,,,,False,2198.0,3427.0,False,EXIT
KIRANVYPAR,Kiran Vyapar Limited,,,201.99000549316406,True,11.0,False,False,,,,False,71.0,129.0,False,EXIT
KPL,Kwality Pharmaceuticals Limited,,,3452.39990234375,True,81.0,False,False,,,,False,554.0,503.0,True,EXIT
KOTIC,Kothari Industrial Corporation Limited,,,144.8000030517578,False,-32.0,False,False,,,,False,197.0,178.0,True,EXIT
AASTHA,AASTHA,Consumer Cyclical,Textile Manufacturing,73.13999938964844,False,,False,False,Sector: Consumer Cyclical,,,False,,443.0,False,EXIT
ABANSENT,ABans Enterprises Limited,,,28.790000915527344,False,-4.0,False,False,,,,False,144.0,332.0,False,EXIT
VELJAN,Veljan Denison Limited,,,1800.5999755859375,True,25.0,True,False,,,,False,149.0,148.0,True,EXIT
KAMAHOLD,KAMA Holdings Limited,,,2442.699951171875,False,131.0,False,False,,,,False,135.0,319.0,False,EXIT
INVPRECQ,Investment & Precision Castings Limited,,,1316.5999755859375,True,15.0,True,False,,,,False,196.0,188.0,True,EXIT
SAPPL,Shree Ajit Pulp and Paper Limited,,,289.54998779296875,False,41.0,True,False,,,,False,725.0,701.0,True,EXIT
SCANSTL,Scan Steels Limited,,,63.540000915527344,True,23.0,False,False,,,,False,864.0,1091.0,False,EXIT
ZSARACOM,Saraswati Commercial (India) Limited,,,12454.0,True,132.0,True,False,,,,False,165.0,128.0,True,EXIT
IWP,The Indian Wood Products Company Limited,,,34.15999984741211,True,4.0,False,False,,,,False,242.0,229.0,True,EXIT
ZODIAC,Zodiac Energy Limited,,,245.25,False,25.0,True,False,,,,False,587.0,544.0,True,EXIT
KANCHI,Kanchi Karpooram Limited,,,374.6000061035156,False,8.0,False,False,,,,False,153.0,251.0,False,EXIT
BHARATCOAL,BHARATCOAL,Basic Materials,Coking Coal,32.939998626708984,False,-117.0,False,False,Sector: Basic Materials,,,False,12911.0,15917.0,False,EXIT
ELCIDIN,Elcid Investments Limited,,,108465.0,False,79.0,False,False,,,,False,96.0,151.0,False,EXIT
SHBAJRG,Shri Bajrang Alliance Limited,,,173.5800018310547,False,15.0,True,False,,,,False,287.0,570.0,False,EXIT
SIKA,Sika Interplant Systems Limited,,,1035.0999755859375,True,35.0,False,False,,,,False,186.0,211.0,False,EXIT
ARTEMISMED,Artemis Medicare Services Limited,,,313.95001220703125,True,113.0,True,True,,,,False,1093.0,1060.0,True,HOLD
MERCANTILE,Mercantile Ventures Limited,,,24.3700008392334,False,2.15,False,False,,,,False,42.95,43.0,False,EXIT
TECHNOCRAF,TECHNOCRAF,Industrials,Infrastructure Operations,314.79998779296875,True,,False,False,Sector: Industrials,,,False,,,False,EXIT
TECHNVISN,TechNVision Ventures Limited,,,5083.7998046875,False,1.01,True,False,,,,False,25.93,24.91,True,EXIT
FRONTSP,Frontier Springs Limited,,,1281.4000244140625,False,59.0,False,False,,,,False,325.0,322.0,True,EXIT
NATIONSTD,National Standard (India) Limited,,,127.30000305175781,False,11.0,False,False,,,,False,19.0,184.0,False,EXIT
TAALTECH,TAAL Tech Limited,,,4227.7001953125,False,60.0,True,False,,,,False,209.0,190.0,True,EXIT
FEDDERSHOL,Fedders Holding Limited,,,39.900001525878906,True,-0.98,False,False,,,,False,0.05,7.56,False,EXIT
FERMENTA,Fermenta Biotech Limited,,,456.1000061035156,False,63.0,False,False,,,,False,443.0,448.0,False,EXIT
NEAGI,Neelamalai Agro Industries Limited,,,3420.800048828125,True,2.73,False,False,,,,False,25.43,36.6,False,EXIT
TAMBOLIIN,Tamboli Industries Limited,,,255.0399932861328,True,1.31,False,False,,,,False,2.25,3.07,False,EXIT
MCCHRLS-B,Mac Charles (India) Limited,,,679.5499877929688,True,-60.0,False,False,,,,False,121.0,110.0,True,EXIT
GRAVISSHO,Graviss Hospitality Limited,,,28.719999313354492,False,4.0,False,False,,,,False,63.56,61.28,True,EXIT
GRANDOAK,Grand Oak Canyons Distillery Limited,,,37.810001373291016,False,0.07,False,False,,,,False,0.22,0.63,False,EXIT
MANIPALHOS,MANIPALHOS,Healthcare,Medical Care Facilities,744.7999877929688,True,,False,False,Sector: Healthcare,,,False,,3104.0,False,EXIT
HBESD,HB Estate Developers Limited,Unknown,Unknown,74.80000305175781,False,13.0,True,False,Sector: Unknown,,,False,121.0,116.0,True,EXIT
GNRL,Gujarat Natural Resources Limited,,,105.4000015258789,False,19.0,True,False,,,,False,12.0,11.0,True,EXIT
ASHIKAG,ASHIKAG,,,428.70001220703125,False,60.0,True,False,,,,False,162.0,94.0,True,EXIT
GUJRAFFIA,Gujarat Raffia Industries Limited,,,40.65999984741211,False,1.18,False,False,,,,False,86.39,88.56,False,EXIT
MADHAVIPL,Madhav Infra Projects Limited,,,7.019999980926514,False,24.0,False,False,,,,False,420.0,572.0,False,EXIT
DAICHI,Dai-ichi Karkaria Limited,,,322.0,True,3.0,False,False,,,,False,180.0,184.0,False,EXIT
ARDEE,ARDEE,Industrials,Metal Fabrication,63.380001068115234,False,,False,False,Sector: Industrials,,,False,,,False,EXIT
TIMEX,Timex Group India Limited,Consumer Cyclical,Luxury Goods,563.0,True,86.0,True,False,Sector: Consumer Cyclical,,,False,849.0,799.0,True,EXIT
THAKDEV,Thakkers Developers Limited,,,150.0,False,,False,False,,,,False,,55.33,False,EXIT
MMWL,Media Matrix Worldwide Limited,Communication Services,Entertainment,14.369999885559082,False,3.0,True,False,Sector: Communication Services,,,False,4.15,3.85,True,EXIT
THACKER,Thacker and Company Limited,,,1054.699951171875,False,3.19,False,False,,,,False,5.81,4.82,True,EXIT
MENNPIS,Menon Pistons Limited,,,71.61000061035156,False,18.0,False,False,,,,False,246.0,244.0,True,EXIT
DECNGOLD,Deccan Gold Mines Limited,,,233.2100067138672,True,3.46,True,False,,,,False,45.54,37.22,True,EXIT
BLACKROSE,Black Rose Industries Limited,,,110.87999725341797,False,29.0,False,False,,,,False,352.0,341.0,True,EXIT
BIRLAPREC,Birla Precision Technologies Limited,,,36.630001068115234,False,15.0,True,False,,,,False,239.0,253.0,False,EXIT
RANASUG,RANASUG,Unknown,Unknown,13.760000228881836,False,6.0,False,True,Sector: Unknown,17.18,-7.64,False,1677.0,1743.0,False,EXIT
RAMBHAJO,RAMBHAJO,Consumer Cyclical,Luxury Goods,177.38999938964844,False,,False,False,Sector: Consumer Cyclical,,,False,,167.0,False,EXIT
RIR,Rir Power Electronics Limited,Technology,Semiconductors,166.22999572753906,False,8.12,False,False,Sector: Technology,,,False,97.02,90.87,True,EXIT
BLIL,Balmer Lawrie Investments Limited,,,71.13999938964844,True,142.0,True,False,,,,False,145.0,146.0,False,EXIT
RRIL,RRIL Limited,,,17.030000686645508,False,1.24,False,False,,,,False,0.0,115.09,False,EXIT
TURTLEMINT,TURTLEMINT,Financial Services,Insurance Brokers,138.9199981689453,False,,False,False,Sector: Financial Services,,,False,,418.0,False,EXIT
DRAGARWQ,Dr. Agarwal's Eye Hospital Limited,,,5327.5,True,76.0,True,False,,,,False,497.0,471.0,True,EXIT
BENGALASM,Bengal & Assam Company Limited,,,6201.5,False,120.0,False,False,,,,False,306.0,296.0,True,EXIT
BEEKAY,Beekay Steel Industries Limited,,,427.29998779296875,True,45.0,False,False,,,,False,1267.0,1296.0,False,EXIT
NILE,Nile Limited,,,1544.4000244140625,False,53.0,False,False,,,,False,1067.0,1030.0,True,EXIT
SURYALA,Suryalata Spinning Mills Limited,,,380.1000061035156,False,29.0,False,False,,,,False,469.0,483.0,False,EXIT
SHUKRAPHAR,Shukra Pharmaceuticals Limited,Healthcare,Drug Manufacturers - Specialty & Generic,42.66999816894531,True,,False,False,Sector: Healthcare,,,False,,,False,EXIT
BAJAJST,Bajaj Steel Industries Limited,,,355.95001220703125,False,19.0,False,False,,,,False,489.0,535.0,False,EXIT
OMPOWER,OMPOWER,Industrials,Engineering & Construction,165.27999877929688,False,,False,False,Sector: Industrials,,,False,,449.0,False,EXIT
SHRIKRISH,Shri Krishna Devcon Limited,Unknown,Unknown,38.459999084472656,False,4.05,False,False,Sector: Unknown,,,False,20.39,32.82,False,EXIT
BI,Bilcare Limited,,,91.66000366210938,False,-1.56,False,False,,,,False,6.72,429.79,False,EXIT
RSDFIN,RSD Finance Limited,,,96.33999633789062,False,4.06,False,False,,,,False,6.32,12.17,False,EXIT
CMPDI,CMPDI,Basic Materials,Other Industrial Metals & Mining,238.13999938964844,False,,False,False,Sector: Basic Materials,,,False,,2317.0,False,EXIT
COCKERILL,John Cockerill India Limited,Industrials,Metal Fabrication,8010.5,False,12.0,False,False,Sector: Industrials,,,False,548.0,667.0,False,EXIT
CMRGREEN,CMRGREEN,Basic Materials,Aluminum,213.0800018310547,False,,False,False,Sector: Basic Materials,,,False,,5071.0,False,EXIT
COMFINTE,Comfort Intech Limited,,,6.570000171661377,False,2.0,False,False,,,,False,149.0,156.0,False,EXIT
CORONA,CORONA,Healthcare,Drug Manufacturers - General,2121.39990234375,True,199.0,True,False,Sector: Healthcare,,,False,1479.0,1403.0,True,EXIT
HALDYNGL,Haldyn Glass Limited,,,129.6699981689453,False,24.0,True,False,,,,False,487.0,464.0,True,EXIT
HEXAGON,HEXAGON,Consumer Defensive,Packaged Foods,68.97000122070312,False,,False,False,Sector: Consumer Defensive,,,False,,319.0,False,EXIT
LAHOTIOV,Lahoti Overseas Limited,,,41.15999984741211,False,16.0,False,False,,,,False,383.0,892.0,False,EXIT
ELITECON,Elitecon International Limited,,,16.850000381469727,True,62.0,True,False,,,,False,1327.0,298.0,True,EXIT
PML,Paul Merchants Limited,,,492.1000061035156,False,13.0,False,False,,,,False,2032.0,6921.0,False,EXIT
PIONRINV,Pioneer Investcorp Limited,,,80.41000366210938,False,9.46,False,False,,,,False,25.92,53.51,False,EXIT
EMPOWER,Empower India Limited,,,2.2300000190734863,False,16.0,True,False,,,,False,109.0,113.0,False,EXIT
AKCAPIT,A. K. Capital Services Limited,,,1754.199951171875,True,62.0,True,False,,,,False,178.0,185.0,False,EXIT
CPL,Captain Polyplast Limited,Industrials,Farm & Heavy Construction Machinery,68.05999755859375,False,28.0,False,False,Sector: Industrials,,,False,429.0,417.0,True,EXIT
SEIL,Shanti Educational Initiatives Limited,,,210.92999267578125,True,5.52,False,False,,,,False,22.91,26.32,False,EXIT
AARNAV,Aarnav Fashions Limited,,,34.189998626708984,True,9.0,True,False,,,,False,452.0,462.0,False,EXIT
3PLAND,3P Land Holdings Ltd,Unknown,Unknown,31.959999084472656,False,2.27,False,False,Sector: Unknown,-29.67,-38.87,False,4.81,157.05,False,EXIT
ABMKNO,ABM Knowledgeware Limited,,,191.07000732421875,False,11.0,False,False,,,,False,91.0,95.0,False,EXIT
WPIL,WPIL Limited,,,452.0,True,104.0,False,False,,,,False,696.0,1148.0,False,EXIT
3BBLACKBIO,3B Blackbio Dx Limited,,,1143.800048828125,False,51.0,True,False,,,,False,100.0,97.0,True,EXIT
