Symbol,Company,Sector,Industry,Current_Price,ATH_Price_Flag,TTM_Net_Profit,ATH_Profit_Flag,Above_MA212_Flag,RS_vs_Sector,RS_vs_Benchmark,Outperformance_Flag,ATH_Sales,ATH_Sales_Flag,Signal
BHARTIARTL,Bharti Airtel Limited,Communication Services,Telecom Services,1992.0999755859375,False,28070.9,False,True,20.99,2.28,True,172985.0,True,HOLD
HDFCBANK,HDFC Bank Limited,Financial Services,Banks - Regional,727.0,False,49307.979999999996,False,False,-32.11,-31.01,False,,False,EXIT
ICICIBANK,ICICI Bank Limited,Financial Services,Banks - Regional,1417.0,True,56090.159999999996,True,True,-5.73,-4.75,False,,False,HOLD
SBIN,State Bank of India,Financial Services,Banks - Regional,1067.699951171875,False,62161.45,False,True,24.3,25.14,True,,False,HOLD
BAJFINANCE,Bajaj Finance Limited,Financial Services,Credit Services,1087.0,False,20303.53,True,True,21.29,22.15,True,,False,HOLD
LT,Larsen & Toubro Limited,Industrials,Engineering & Construction,4057.0,False,16280.750000000002,True,True,4.63,6.3,True,255734.0,True,HOLD
LICI,Life Insurance Corporation of India,Financial Services,Insurance - Life,413.5,False,47354.67,False,False,-11.88,-10.88,False,889970.0,True,EXIT
HINDUNILVR,Hindustan Unilever Limited,Consumer Defensive,Household & Personal Products,2077.0,False,15028.0,True,False,-17.12,-20.3,False,63121.0,True,EXIT
INFY,Infosys Limited,Technology,Information Technology Services,1169.199951171875,False,332.4,False,False,-22.56,-23.27,False,162990.0,True,EXIT
SUNPHARMA,Sun Pharmaceutical Industries Limited,Healthcare,Drug Manufacturers - Specialty & Generic,1930.0,True,11256.259999999998,True,True,2.12,13.55,True,52578.0,True,ADD
MARUTI,Maruti Suzuki India Limited,Consumer Cyclical,Auto Manufacturers,13834.0,False,14777.4,True,False,-3.13,2.91,False,152913.0,True,EXIT
TITAN,Titan Company Limited,Consumer Cyclical,Luxury Goods,5056.2001953125,True,4825.0,True,True,34.92,40.87,True,60456.0,True,ADD
ADANIENT,Adani Enterprises Limited,Energy,Thermal Coal,3035.10009765625,False,7007.960000000001,False,True,19.62,28.99,True,127540.0,False,HOLD
M&M,Mahindra & Mahindra Limited,Consumer Cyclical,Auto Manufacturers,3428.300048828125,False,18880.07,True,True,-5.09,0.96,False,159211.0,True,HOLD
ADANIPOWER,Adani Power Limited,Utilities,Utilities - Independent Power Producers,205.25,False,14687.210000000001,False,True,84.89,71.68,True,56203.0,True,HOLD
ADANIPORTS,Adani Ports and Special Economic Zone Limited,Industrials,Marine Shipping,1700.0,False,13317.560000000001,True,True,25.08,26.71,True,30475.0,True,HOLD
KOTAKBANK,Kotak Mahindra Bank Limited,Financial Services,Banks - Regional,391.1499938964844,False,15827.900000000001,False,False,-6.15,-5.17,False,,False,EXIT
AXISBANK,AXISBANK,Financial Services,Banks - Regional,1217.4000244140625,False,28489.31,True,False,9.02,9.93,True,,False,HOLD
HCLTECH,HCL Technologies Limited,Technology,Information Technology Services,1360.0,False,13188.0,False,False,-11.97,-12.75,False,117055.0,True,EXIT
ITC,ITC Limited,Consumer Defensive,Tobacco,278.20001220703125,False,19957.49,False,False,-33.35,-36.42,False,75323.0,True,EXIT
ULTRACEMCO,UltraTech Cement Limited,Basic Materials,Building Materials,11619.0,False,9533.34,True,False,-10.21,-9.7,False,75955.0,True,EXIT
NTPC,NTPC Limited,Utilities,Utilities - Regulated Electric,340.0,False,28706.79,True,False,7.33,-3.84,False,188138.0,True,EXIT
HAL,Hindustan Aeronautics Limited,Industrials,Aerospace & Defense,5029.89990234375,True,9115.6,True,True,4.72,6.39,True,30981.0,True,ADD
BAJAJFINSV,Bajaj Finserv Ltd.,Financial Services,Financial Conglomerates,2008.300048828125,False,10144.27,True,True,-0.67,0.29,False,133822.0,True,HOLD
BAJAJ-AUTO,Bajaj Auto Limited,Consumer Cyclical,Auto Manufacturers,11700.0,False,11759.400000000001,True,True,32.46,38.42,True,50995.0,True,HOLD
JSWSTEEL,JSWSTEEL,Basic Materials,Steel,1270.0,True,25344.0,True,True,17.01,17.44,True,175006.0,False,ADD
ONGC,Oil and Natural Gas Corporation Limited,Energy,Oil & Gas Integrated,236.39999389648438,False,41424.38,False,False,-14.59,-4.26,False,632291.0,False,EXIT
NESTLEIND,Nestlé India Limited,Consumer Defensive,Packaged Foods,1499.0999755859375,True,3477.1800000000003,False,True,37.11,33.58,True,24394.0,False,HOLD
BEL,Bharat Electronics Limited,Industrials,Aerospace & Defense,410.79998779296875,False,5828.57,True,False,1.01,2.7,True,23769.0,True,HOLD
ETERNAL,Eternal Limited,Consumer Cyclical,Internet Retail,318.5,False,393.0,False,True,-10.06,-4.0,False,20243.0,True,EXIT
SHRIRAMFIN,Shriram Finance Limited,Financial Services,Credit Services,1122.0,True,11162.76,False,True,77.37,77.98,True,,False,HOLD
ASIANPAINT,Asian Paints Limited,Basic Materials,Specialty Chemicals,2696.300048828125,False,4764.83,False,True,2.12,2.6,True,35495.0,False,HOLD
COALINDIA,Coal India Limited,Energy,Thermal Coal,407.1000061035156,False,35645.79,False,False,-8.29,1.86,False,144762.0,False,EXIT
HINDZINC,Hindustan Zinc Limited,Basic Materials,Other Industrial Metals & Mining,561.9000244140625,False,16652.0,True,False,27.27,27.67,True,34098.0,False,HOLD
DMART,Avenue Supermarts Limited,Consumer Defensive,Discount Stores,4060.0,False,3146.09,True,True,-7.63,-10.88,False,59358.0,True,HOLD
POWERGRID,Power Grid Corporation of India Limited,Utilities,Utilities - Regulated Electric,266.04998779296875,False,16504.74,False,False,-0.93,-11.88,False,45843.0,False,EXIT
HINDALCO,Hindalco Industries Limited,Basic Materials,Aluminum,1029.5,False,13391.0,False,True,43.69,44.04,True,238496.0,True,HOLD
TATASTEEL,Tata Steel Limited,Basic Materials,Steel,183.5,False,11034.54,False,False,13.68,14.13,True,243959.0,False,EXIT
ADANIGREEN,Adani Green Energy Limited,Utilities,Utilities - Renewable,1348.0,False,1283.0,False,True,55.32,42.89,True,11212.0,True,HOLD
GRASIM,Grasim Industries Limited,Basic Materials,Building Materials,3248.699951171875,True,5908.91,False,True,13.02,13.47,True,148478.0,True,HOLD
EICHERMOT,Eicher Motors Limited,Consumer Cyclical,Auto Manufacturers,8066.5,True,5772.5199999999995,True,True,29.95,35.91,True,18451.0,True,ADD
DIVISLAB,Divi's Laboratories Limited,Healthcare,Drug Manufacturers - Specialty & Generic,8477.0,True,2541.0,False,True,22.9,34.2,True,9360.0,True,HOLD
INDIGO,InterGlobe Aviation Limited,Industrials,Airlines,5310.0,False,5500.0,False,True,-17.29,-15.57,False,80803.0,True,EXIT
ADANIENSOL,Adani Energy Solutions Limited,Utilities,Utilities - Independent Power Producers,1616.0,False,2897.6299999999997,True,True,118.36,104.27,True,23767.0,True,HOLD
TORNTPHARM,Torrent Pharmaceuticals Limited,Healthcare,Drug Manufacturers - Specialty & Generic,4833.0,False,2181.0,True,True,18.04,29.36,True,11516.0,True,HOLD
SBILIFE,SBI Life Insurance Company Limited,Financial Services,Insurance - Life,1795.0,False,2700.68,False,False,-7.5,-6.51,False,,False,EXIT
WIPRO,Wipro Limited,Technology,Information Technology Services,184.0,False,13219.0,True,False,-28.81,-29.48,False,90488.0,False,EXIT
VAML,Vedanta Aluminium Metal Limited,Basic Materials,Aluminum,443.79998779296875,False,7410.0,False,False,,,False,,False,EXIT
HYUNDAI,HYUNDAI,Consumer Cyclical,Auto Manufacturers,2199.0,False,4747.88,False,True,-11.96,-5.89,False,69829.0,False,EXIT
MOTHERSON,Samvardhana Motherson International Limited,Consumer Cyclical,Auto Parts,168.3000030517578,True,3859.6800000000003,True,True,70.88,76.74,True,113663.0,True,ADD
JIOFIN,Jio Financial Services Limited,Financial Services,Asset Management,249.0500030517578,False,1696.1100000000001,True,False,-29.05,-27.96,False,2043.0,True,EXIT
PIDILITIND,Pidilite Industries Limited,Basic Materials,Specialty Chemicals,1693.0,True,2742.0999999999995,True,True,5.25,5.71,True,13140.0,True,ADD
SOLARINDS,Solar Industries India Limited,Basic Materials,Specialty Chemicals,19969.0,True,1677.55,True,True,27.81,28.21,True,7540.0,True,ADD
TMCV,TMCV,Consumer Cyclical,Auto Manufacturers,474.29998779296875,False,5193.0,False,False,,,False,,False,EXIT
ABB,ABB India Limited,Industrials,Specialty Industrial Machinery,7649.0,False,2930.54,True,True,46.45,48.03,True,13203.0,True,HOLD
TRENT,Trent Limited,Consumer Cyclical,Apparel Retail,2978.0,False,1719.65,False,False,-54.75,-48.58,False,17135.0,True,EXIT
CHOLAFIN,Cholamandalam Investment and Finance Company Limited,Financial Services,Credit Services,1894.4000244140625,True,5729.22,True,True,24.74,25.59,True,,False,ADD
DLF,DLF Limited,Real Estate,Real Estate - Development,665.0,False,4028.49,False,True,-0.76,-15.55,False,9926.0,False,EXIT
TATACAP,TATACAP,Financial Services,Credit Services,364.20001220703125,True,4306.27,True,True,,,False,,False,HOLD
ICICIAMC,ICICIAMC,Financial Services,Asset Management,3097.89990234375,False,3479.24,False,False,,,False,4977.0,True,EXIT
CUMMINSIND,Cummins India Limited,Industrials,Specialty Industrial Machinery,5400.0,False,2268.92,True,True,37.05,38.65,True,10391.0,True,HOLD
VBL,Varun Beverages Limited,Consumer Defensive,Beverages - Non-Alcoholic,435.0,False,3961.97,True,False,-14.15,-17.35,False,21685.0,True,EXIT
POWERINDIA,Hitachi Energy India Limited,Industrials,Electrical Equipment & Parts,35700.0,False,907.37,False,True,69.48,71.01,True,,False,HOLD
TECHM,Tech Mahindra Limited,Technology,Information Technology Services,1632.800048828125,False,5081.5,True,True,6.68,5.79,True,53290.0,False,HOLD
BHEL,Bharat Heavy Electricals Limited,Industrials,Specialty Industrial Machinery,421.70001220703125,True,2513.08,False,True,85.0,86.5,True,39561.0,False,HOLD
BSE,BSE Limited,Financial Services,Financial Data & Stock Exchanges,3447.0,False,2831.5899999999997,True,True,34.04,34.85,True,3212.0,True,HOLD
SIEMENS,Siemens Limited,Industrials,Specialty Industrial Machinery,3940.0,False,1555.2000000000003,False,True,18.65,20.3,True,22240.0,False,HOLD
UNIONBANK,Union Bank of India,Financial Services,Banks - Regional,187.3800048828125,False,20645.76,False,True,34.13,34.93,True,,False,HOLD
POLYCAB,Polycab India Limited,Industrials,Electrical Equipment & Parts,9240.0,False,2770.92,True,True,26.91,28.54,True,22408.0,True,HOLD
PFC,Power Finance Corporation Limited,Financial Services,Credit Services,376.0,False,25900.96,True,False,-14.78,-13.76,False,,False,EXIT
CGPOWER,CG Power and Industrial Solutions Limited,Industrials,Electrical Equipment & Parts,890.1500244140625,False,1232.56,False,True,28.01,29.63,True,13632.0,False,HOLD
LTM,LTM Limited,Technology,Information Technology Services,4715.0,False,5083.299999999999,False,False,-10.95,-11.73,False,38008.0,True,EXIT
IDEA,Vodafone Idea Limited,Communication Services,Telecom Services,14.109999656677246,False,69388.3,True,True,145.79,125.4,True,44958.0,False,HOLD
BPCL,Bharat Petroleum Corporation Limited,Energy,Oil & Gas Refining & Marketing,319.45001220703125,False,21524.66,False,False,-13.9,-3.59,False,473187.0,False,EXIT
BRITANNIA,Britannia Industries Limited,Consumer Defensive,Packaged Foods,5558.0,False,2438.9700000000003,True,False,4.11,0.79,True,17943.0,True,HOLD
PNB,Punjab National Bank,Financial Services,Banks - Regional,118.0,False,19082.13,False,True,6.07,6.99,True,,False,HOLD
ENRIN,Siemens Energy India Limited,Utilities,Utilities - Renewable,3536.300048828125,False,1309.8,False,True,18.88,7.41,True,,False,HOLD
BANKBARODA,Bank of Baroda Limited,Financial Services,Banks - Regional,248.22000122070312,False,16496.15,False,False,-2.76,-1.79,False,,False,EXIT
APOLLOHOSP,Apollo Hospitals Enterprise Limited,Healthcare,Medical Care Facilities,8920.5,True,1854.0,True,True,-1.44,10.02,False,21794.0,True,HOLD
TMPV,Tata Motors Passenger Vehicles Limited,Consumer Cyclical,Auto Manufacturers,334.5,False,89363.0,True,False,-59.88,-53.7,False,439695.0,True,EXIT
BAJAJHLDNG,Bajaj Holdings & Investment Limited,Financial Services,Asset Management,11475.0,False,8856.69,True,True,-23.92,-22.86,False,1702.0,False,HOLD
LODHA,Lodha Developers Limited,Real Estate,Real Estate - Development,1243.9000244140625,False,4011.6000000000004,True,True,11.91,-3.03,False,13780.0,True,HOLD
TATAPOWER,The Tata Power Company Limited,Utilities,Utilities - Independent Power Producers,382.04998779296875,False,3863.26,False,False,6.27,-4.88,False,65478.0,True,EXIT
INDIANB,Indian Bank,Financial Services,Banks - Regional,894.9500122070312,False,11952.93,True,True,29.07,29.89,True,,False,HOLD
CANBK,Canara Bank,Financial Services,Banks - Regional,131.25,False,18203.559999999998,True,False,15.21,16.09,True,,False,HOLD
CIPLA,Cipla Limited,Healthcare,Drug Manufacturers - Specialty & Generic,1450.0,False,3317.1099999999997,False,True,-22.92,-11.32,False,27548.0,True,EXIT
LLOYDSME,Lloyds Metals and Energy Limited,Basic Materials,Steel,1918.5999755859375,False,3680.8400000000006,True,True,32.75,33.14,True,6721.0,True,HOLD
GROWW,GROWW,Financial Services,Capital Markets,196.1699981689453,False,2346.6699999999996,False,False,,,False,4061.0,True,EXIT
HDFCLIFE,HDFC Life Insurance Company Limited,Financial Services,Insurance - Life,535.8499755859375,False,2075.2200000000003,True,False,-37.22,-36.1,False,101482.0,False,EXIT
SBIFUNDS,SBIFUNDS,Financial Services,Asset Management,559.0999755859375,False,1241.6,False,False,,,False,,False,EXIT
MUTHOOTFIN,Muthoot Finance Limited,Financial Services,Credit Services,2842.0,False,11373.2,True,False,-1.93,-0.96,False,,False,EXIT
IRFC,Indian Railway Finance Corporation Limited,Financial Services,Credit Services,87.56999969482422,False,7159.4,False,False,-34.81,-33.7,False,,False,EXIT
HEROMOTOCO,Hero MotoCorp Limited,Consumer Cyclical,Auto Manufacturers,5790.0,False,5741.7300000000005,True,True,12.94,18.95,True,40923.0,True,HOLD
GAIL,GAIL (India) Limited,Utilities,Utilities - Regulated Gas,174.89999389648438,False,10275.45,False,True,7.7,-3.48,False,145668.0,False,EXIT
GMRAIRPORT,GMR Airports Limited,Industrials,Airports & Air Services,101.51000213623047,False,672.86,True,True,6.13,7.8,True,11088.0,False,HOLD
JINDALSTEL,Jindal Steel Limited,Basic Materials,Steel,1091.5,False,3573.9399999999996,False,False,7.41,7.87,True,53212.0,False,EXIT
MARICO,Marico Limited,Consumer Defensive,Household & Personal Products,865.2000122070312,True,1888.0,True,True,21.17,17.73,True,10831.0,True,ADD
ABCAPITAL,Aditya Birla Capital Limited,Financial Services,Financial Conglomerates,401.0,False,4087.51,False,True,42.09,42.85,True,,False,HOLD
ZYDUSLIFE,Zydus Lifesciences Limited,Healthcare,Drug Manufacturers - Specialty & Generic,1135.199951171875,False,4952.299999999999,True,True,-0.68,10.77,False,23242.0,True,HOLD
GVT&D,GE Vernova T&D India Ltd,Industrials,Specialty Industrial Machinery,4350.0,False,1120.26,True,True,47.33,48.91,True,4020.0,True,HOLD
HDFCAMC,HDFC Asset Management Company Limited,Financial Services,Asset Management,2485.0,False,2229.21,False,False,-14.54,-13.52,False,4051.0,True,EXIT
VEDL,Vedanta Limited,Basic Materials,Other Industrial Metals & Mining,267.5,False,21066.0,True,False,-42.45,-41.85,False,152968.0,True,EXIT
BHARATFORG,Bharat Forge Limited,Consumer Cyclical,Auto Parts,2065.0,False,1079.65,False,True,65.01,70.89,True,15682.0,False,HOLD
LUPIN,Lupin Limited,Healthcare,Drug Manufacturers - Specialty & Generic,2235.0,False,4627.4400000000005,True,True,-1.55,9.9,False,22708.0,True,HOLD
AMBUJACEM,Ambuja Cements Limited,Basic Materials,Building Materials,417.5,False,2610.85,False,False,-32.38,-31.81,False,19985.0,False,EXIT
LGEINDIA,LGEINDIA,Technology,Consumer Electronics,1729.699951171875,True,1770.3999999999999,False,True,,,False,,False,EXIT
GODREJCP,Godrej Consumer Products Limited,Consumer Defensive,Household & Personal Products,934.2999877929688,False,1814.0300000000002,False,False,-22.03,-25.18,False,14364.0,True,EXIT
UNITDSPR,UNITDSPR,Consumer Defensive,Beverages - Wineries & Distilleries,1536.0,False,1837.0,True,True,15.79,12.39,True,12069.0,True,HOLD
TATACONSUM,Tata Consumer Products Limited,Consumer Defensive,Packaged Foods,1079.5,False,1564.8200000000002,True,False,1.97,-1.34,False,17618.0,True,EXIT
INDIAMART,IndiaMART InterMESH Limited,Communication Services,Internet Content & Information,1789.9000244140625,False,410.75,False,False,-15.51,-33.72,False,1388.0,True,EXIT
MAXHEALTH,Max Healthcare Institute Limited,Healthcare,Medical Care Facilities,1008.5999755859375,False,1442.41,True,False,-33.07,-21.41,False,7028.0,True,EXIT
INDHOTEL,The Indian Hotels Company Limited,Consumer Cyclical,Lodging,720.0,False,2157.36,True,True,-17.13,-11.05,False,8335.0,True,HOLD
JSWENERGY,JSW Energy Limited,Utilities,Utilities - Independent Power Producers,560.0,False,2005.6,False,True,13.12,1.8,True,11745.0,True,HOLD
OFSS,Oracle Financial Services Software Limited,Technology,Software - Infrastructure,11828.0,False,3508.7,True,True,34.78,33.72,True,6847.0,True,HOLD
INDUSTOWER,Indus Towers Limited,Communication Services,Telecom Services,384.3500061035156,False,7051.400000000001,False,False,30.22,11.39,True,30123.0,True,EXIT
MAZDOCK,Mazagon Dock Shipbuilders Limited,Industrials,Aerospace & Defense,2580.0,False,2560.52,False,True,-10.94,-9.23,False,11432.0,True,EXIT
MANKIND,Mankind Pharma Limited,Healthcare,Drug Manufacturers - Specialty & Generic,2425.199951171875,False,1969.4799999999998,False,True,-17.51,-5.95,False,12207.0,True,EXIT
LAURUSLABS,Laurus Labs Limited,Healthcare,Drug Manufacturers - Specialty & Generic,1787.300048828125,True,1061.42,True,True,93.03,103.87,True,6041.0,False,ADD
LENSKART,LENSKART,Healthcare,Medical Instruments & Supplies,611.8499755859375,True,552.0400000000001,False,False,,,False,6653.0,True,EXIT
DRREDDY,Dr. Reddy's Laboratories Limited,Healthcare,Drug Manufacturers - Specialty & Generic,1200.0,False,3311.3999999999996,False,False,-20.41,-8.82,False,32644.0,True,EXIT
AUROPHARMA,Aurobindo Pharma Limited,Healthcare,Drug Manufacturers - Specialty & Generic,1622.0999755859375,True,3559.7700000000004,False,True,34.44,45.66,True,31724.0,True,HOLD
NYKAA,FSN E-Commerce Ventures Limited,Consumer Cyclical,Internet Retail,331.0,False,256.16,False,True,43.89,49.82,True,7950.0,True,HOLD
SHREECEM,Shree Cement Limited,Basic Materials,Building Materials,24795.0,False,1964.2400000000002,False,False,-23.01,-22.47,False,20404.0,False,EXIT
PAYTM,One97 Communications Limited,Technology,Software - Infrastructure,1603.0,False,752.0,True,True,36.27,35.2,True,9978.0,False,HOLD
IDBI,IDBI Bank Limited,Financial Services,Banks - Regional,82.44999694824219,False,8107.52,True,False,-10.64,-9.64,False,,False,EXIT
MEESHO,MEESHO,Consumer Cyclical,Internet Retail,191.16000366210938,False,1201.22,True,False,,,False,9390.0,True,EXIT
FEDERALBNK,The Federal Bank Limited,Financial Services,Banks - Regional,351.29998779296875,False,4609.45,True,True,74.71,75.33,True,,False,HOLD
DIXON,Dixon Technologies (India) Limited,Technology,Consumer Electronics,14130.0,False,1432.06,True,True,-16.01,-16.76,False,38860.0,True,HOLD
PERSISTENT,Persistent Systems Limited,Technology,Information Technology Services,5580.0,False,1876.69,True,True,2.33,1.47,True,11939.0,True,HOLD
HINDPETRO,Hindustan Petroleum Corporation Limited,Energy,Oil & Gas Refining & Marketing,373.5,False,26452.260000000002,True,False,-19.79,-9.32,False,440403.0,False,EXIT
ICICIGI,ICICI Lombard General Insurance Company Limited,Financial Services,Insurance - Diversified,1630.0,False,2355.57,False,False,-19.21,-18.17,False,,False,EXIT
HAVELLS,Havells India Limited,Industrials,Electrical Equipment & Parts,1298.0,False,1661.9399999999998,True,False,-18.01,-16.28,False,21778.0,True,EXIT
AUBANK,AUBANK,Financial Services,Banks - Regional,1081.9000244140625,True,2876.34,True,True,39.32,40.11,True,,False,ADD
INDUSINDBK,IndusInd Bank Limited,Financial Services,Banks - Regional,1020.7999877929688,False,2363.27,False,True,27.75,28.58,True,,False,HOLD
NAUKRI,Info Edge (India) Limited,Communication Services,Internet Content & Information,1343.0,False,1449.8200000000002,False,True,12.92,-5.67,False,2850.0,True,EXIT
COFORGE,Coforge Limited,Technology,Information Technology Services,1812.0,False,1698.5,True,True,7.21,6.32,True,5557.0,True,HOLD
WAAREEENER,WAAREEENER,Technology,Solar,2682.0,False,3718.9799999999996,True,False,-10.21,-11.0,False,14444.0,True,EXIT
JSWINFRA,JSW Infrastructure Limited,Industrials,Marine Shipping,339.1499938964844,True,1508.7,False,True,6.28,7.95,True,4476.0,True,HOLD
SRF,SRF Limited,Industrials,Conglomerates,2606.0,False,2205.87,True,False,-14.05,-12.33,False,14870.0,False,EXIT
NHPC,NHPC Limited,Utilities,Utilities - Renewable,76.9000015258789,False,3597.94,False,False,0.37,-10.62,False,10607.0,False,EXIT
LTF,L&T Finance Limited,Financial Services,Credit Services,306.29998779296875,False,3148.81,True,True,46.79,47.54,True,,False,HOLD
NTPCGREEN,NTPCGREEN,Utilities,Utilities - Renewable,91.93000030517578,False,668.23,True,False,-1.91,-12.83,False,2210.0,True,EXIT
BHARTIHEXA,BHARTIHEXA,Communication Services,Telecom Services,1621.0999755859375,False,1794.4,False,False,9.83,-8.72,False,,False,EXIT
ASTERDM,Aster DM Quality Care Limited,Healthcare,Medical Care Facilities,822.3499755859375,False,294.2,False,True,20.45,31.76,True,10253.0,False,HOLD
NAM-INDIA,Nippon Life India Asset Management Limited,Financial Services,Asset Management,1167.9000244140625,True,1688.44,False,True,40.35,41.13,True,2344.0,True,HOLD
NMDC,NMDC Limited,Basic Materials,Steel,84.4000015258789,False,7229.24,False,True,17.15,17.58,True,25965.0,False,HOLD
UNOMINDA,Uno Minda Limited,Consumer Cyclical,Auto Parts,1240.0,False,1197.13,True,True,-2.23,3.81,False,16775.0,True,HOLD
POLICYBZR,PB Fintech Limited,Financial Services,Insurance Brokers,1741.0,False,697.97,True,True,-10.11,-9.11,False,4977.0,True,HOLD
SWIGGY,SWIGGY,Consumer Cyclical,Internet Retail,276.29998779296875,False,2656.0,True,False,-40.81,-34.68,False,15227.0,True,EXIT
IDFCFIRSTB,IDFC First Bank Limited,Financial Services,Banks - Regional,85.69000244140625,False,2410.58,False,True,19.7,20.57,True,,False,HOLD
SAIL,Steel Authority of India Limited,Basic Materials,Steel,169.50999450683594,False,4598.13,False,True,36.42,36.79,True,105378.0,False,HOLD
DABUR,Dabur India Limited,Consumer Defensive,Household & Personal Products,405.25,False,2033.3600000000001,True,False,-19.97,-23.13,False,12563.0,True,EXIT
ICICIPRULI,ICICI Prudential Life Insurance Company Limited,Financial Services,Insurance - Life,509.1499938964844,False,1699.3199999999997,True,False,-23.84,-22.78,False,89683.0,False,EXIT
ATGL,Adani Total Gas Limited,Utilities,Utilities - Regulated Gas,654.0499877929688,False,633.95,False,True,15.03,3.66,True,5000.0,True,HOLD
FORTIS,Fortis Healthcare Limited,Healthcare,Medical Care Facilities,929.0,False,1041.78,True,True,-15.91,-4.35,False,7783.0,True,HOLD
OIL,Oil India Limited,Energy,Oil & Gas Integrated,468.5,False,6619.9400000000005,False,True,3.04,12.87,True,36084.0,False,HOLD
BAJAJHFL,BAJAJHFL,Financial Services,Mortgage Finance,84.33000183105469,False,2632.66,False,False,-30.31,-29.22,False,,False,EXIT
YESBANK,YESBANK,Financial Services,Banks - Regional,22.670000076293945,False,3919.19,False,True,15.8,16.68,True,,False,HOLD
NATIONALUM,National Aluminium Company Limited,Basic Materials,Aluminum,376.0,False,6077.709999999999,True,True,96.21,96.42,True,16788.0,True,HOLD
PRESTIGE,Prestige Estates Projects Limited,Real Estate,Real Estate - Diversified,1592.5,False,1138.9,False,True,10.37,-4.56,False,8315.0,False,EXIT
TORNTPOWER,Torrent Power Limited,Utilities,Utilities - Independent Power Producers,1309.0999755859375,False,2323.84,False,False,5.55,-5.57,False,29165.0,True,EXIT
PHOENIXLTD,The Phoenix Mills Limited,Real Estate,Real Estate - Diversified,1890.0,False,1216.69,False,True,43.48,28.14,True,3972.0,False,HOLD
ALKEM,Alkem Laboratories Limited,Healthcare,Drug Manufacturers - Specialty & Generic,5368.0,False,2301.8,False,False,-15.2,-3.65,False,12965.0,True,EXIT
APARINDS,APAR Industries Limited,Industrials,Electrical Equipment & Parts,16691.0,False,1192.73,True,True,89.35,90.83,True,18581.0,True,HOLD
BANKINDIA,Bank of India Limited,Financial Services,Banks - Regional,144.10000610351562,False,11032.19,False,False,22.42,23.28,True,,False,EXIT
IOB,Indian Overseas Bank,Financial Services,Banks - Regional,33.59000015258789,False,5878.05,True,False,-12.17,-11.17,False,,False,EXIT
OBEROIRLTY,Oberoi Realty Limited,Real Estate,Real Estate - Development,1846.0,False,2290.68,True,True,25.09,9.97,True,5286.0,True,HOLD
GLENMARK,Glenmark Pharmaceuticals Limited,Healthcare,Drug Manufacturers - Specialty & Generic,2318.39990234375,True,1797.8899999999999,True,True,-2.1,9.36,False,13322.0,True,HOLD
SCHAEFFLER,Schaeffler India Limited,Consumer Cyclical,Auto Parts,4043.199951171875,False,1251.32,True,True,-5.28,0.77,False,9686.0,True,HOLD
SBICARD,SBI Cards and Payment Services Limited,Financial Services,Credit Services,633.0,False,2386.34,False,False,-24.91,-23.84,False,,False,EXIT
GICRE,General Insurance Corporation of India,Financial Services,Insurance - Reinsurance,352.1000061035156,False,9662.380000000001,False,False,-13.89,-12.87,False,50345.0,False,EXIT
KALYANKJIL,Kalyan Jewellers India Limited,Consumer Cyclical,Luxury Goods,608.25,False,1434.96,True,True,3.95,9.98,True,25045.0,True,HOLD
GODREJPROP,Godrej Properties Limited,Real Estate,Real Estate - Development,1990.0,False,1827.1499999999999,True,True,13.69,-1.28,False,4923.0,True,HOLD
BERGEPAINT,Berger Paints India Limited,Basic Materials,Specialty Chemicals,545.0999755859375,False,1182.6100000000001,True,True,-2.33,-1.85,False,11545.0,True,HOLD
COROMANDEL,Coromandel International Limited,Basic Materials,Agricultural Inputs,2095.300048828125,False,1531.64,False,False,-15.52,-14.99,False,29628.0,False,EXIT
LINDEINDIA,Linde India Limited,Basic Materials,Specialty Chemicals,6696.0,False,496.37,False,True,3.28,3.75,True,3136.0,False,HOLD
JSL,Jindal Stainless Limited,Basic Materials,Steel,737.8499755859375,False,3248.65,False,False,-3.43,-2.94,False,39312.0,True,EXIT
RBLBANK,RBL Bank Limited,Financial Services,Banks - Regional,385.0,False,920.8199999999999,False,True,48.09,48.84,True,,False,HOLD
RADICO,Radico Khaitan Limited,Consumer Defensive,Beverages - Wineries & Distilleries,4650.0,True,694.51,True,True,62.4,58.69,True,4843.0,True,ADD
MAHABANK,Bank of Maharashtra,Financial Services,Banks - Regional,80.12000274658203,False,7371.5599999999995,True,True,42.51,43.27,True,,False,HOLD
ABBOTINDIA,Abbott India Limited,Healthcare,Drug Manufacturers - Specialty & Generic,27060.0,False,1552.02,False,False,-34.36,-22.69,False,,False,EXIT
ATHERENERG,Ather Energy Limited,Consumer Cyclical,Auto Manufacturers,1511.5,True,390.02,False,True,253.49,258.92,True,,False,HOLD
MRF,MRF Limited,Consumer Cyclical,Auto Parts,133490.0,False,2420.1899999999996,False,False,-13.7,-7.63,False,28152.0,True,EXIT
M&MFIN,Mahindra & Mahindra Financial Services Limited,Financial Services,Credit Services,390.1000061035156,False,3216.08,True,True,48.15,48.89,True,,False,HOLD
COLPAL,Colgate-Palmolive (India) Limited,Consumer Defensive,Household & Personal Products,1981.0,False,1340.88,True,False,-8.83,-12.06,False,1960.0,True,EXIT
HDBFS,HDBFS,Financial Services,Credit Services,686.9500122070312,False,2179.7000000000003,False,False,-14.68,-13.66,False,,False,EXIT
APLAPOLLO,APL Apollo Tubes Limited,Basic Materials,Steel,2083.300048828125,False,1164.67,True,True,25.08,25.49,True,20690.0,True,HOLD
FACT,The Fertilisers and Chemicals Travancore Limited,Basic Materials,Agricultural Inputs,807.7000122070312,False,146.06,False,False,-20.76,-20.22,False,6198.0,False,EXIT
TIINDIA,Tube Investments of India Limited,Industrials,Conglomerates,2733.5,False,496.71000000000004,False,False,-16.53,-14.81,False,19465.0,True,EXIT
KEI,KEI Industries Limited,Industrials,Electrical Equipment & Parts,5700.0,True,989.0600000000001,True,True,43.83,45.41,True,9736.0,True,ADD
MOTILALOFS,Motilal Oswal Financial Services Limited,Financial Services,Capital Markets,903.7000122070312,False,3222.4199999999996,True,True,-7.77,-6.78,False,8340.0,True,HOLD
HINDCOPPER,Hindustan Copper Limited,Basic Materials,Copper,529.0499877929688,False,918.54,True,True,116.08,116.23,True,2071.0,True,HOLD
MFSL,Max Financial Services Limited,Financial Services,Insurance - Life,1538.0999755859375,False,136.67000000000002,False,False,-8.79,-7.8,False,46576.0,False,EXIT
SONACOMS,Sona BLW Precision Forgings Limited,Consumer Cyclical,Auto Parts,792.0,True,647.88,False,True,65.37,71.25,True,3226.0,True,HOLD
VMM,VMM,Consumer Cyclical,Department Stores,105.19999694824219,False,891.9199999999998,True,False,-38.38,-32.25,False,10716.0,True,EXIT
SUNDARMFIN,Sundaram Finance Limited,Financial Services,Credit Services,4470.5,False,2206.9300000000003,True,False,-6.43,-5.45,False,,False,EXIT
AIIL,Authum Investment & Infrastructure Limited,Financial Services,Capital Markets,564.9000244140625,False,2098.14,False,True,-7.55,-6.56,False,,False,EXIT
TATACOMM,Tata Communications Limited,Communication Services,Telecom Services,1718.0999755859375,False,952.74,False,False,15.97,-2.66,False,23109.0,True,EXIT
FLUOROCHEM,Gujarat Fluorochemicals Limited,Basic Materials,Specialty Chemicals,4737.7998046875,True,578.0,False,True,35.37,35.75,True,5685.0,False,HOLD
RVNL,Rail Vikas Nigam Limited,Industrials,Engineering & Construction,227.35000610351562,False,874.7199999999999,False,False,-35.65,-33.88,False,21879.0,False,EXIT
WELCORP,Welspun Corp Limited,Basic Materials,Steel,1873.300048828125,True,2219.8599999999997,True,True,108.13,108.3,True,17340.0,False,ADD
UPL,UPL Limited,Basic Materials,Agricultural Inputs,563.0,False,1555.0,False,False,-22.24,-21.69,False,53576.0,False,EXIT
AEGISLOG,AEGISLOG,Energy,Oil & Gas Refining & Marketing,1265.4000244140625,False,898.1500000000001,True,True,68.69,76.7,True,8627.0,False,HOLD
PIRAMALFIN,PIRAMALFIN,Financial Services,Credit Services,2057.699951171875,False,1636.6,False,False,,,False,12882.0,False,EXIT
BALKRISIND,Balkrishna Industries Limited,Consumer Cyclical,Auto Parts,2363.60009765625,False,1420.68,False,True,-11.6,-5.54,False,10447.0,True,EXIT
360ONE,360 One Wam Limited,Financial Services,Asset Management,1180.0,False,1231.22,True,True,8.68,9.59,True,3684.0,True,HOLD
BDL,Bharat Dynamics Limited,Industrials,Aerospace & Defense,1398.0,False,420.33000000000004,False,True,-17.15,-15.43,False,,False,EXIT
PREMIERENE,PREMIERENE,Technology,Solar,1017.2999877929688,False,1434.12,True,True,-0.04,-0.89,False,6519.0,True,HOLD
ANTHEM,ANTHEM,Healthcare,Biotechnology,890.0999755859375,True,575.95,False,True,-7.63,3.86,False,1845.0,True,EXIT
MPHASIS,Mphasis Limited,Technology,Information Technology Services,2545.0,False,1883.03,True,True,-9.68,-10.47,False,14230.0,True,HOLD
THERMAX,Thermax Limited,Industrials,Conglomerates,4044.89990234375,False,593.36,False,True,17.86,19.5,True,10389.0,True,HOLD
PAGEIND,Page Industries Limited,Consumer Cyclical,Apparel Manufacturing,36750.0,False,763.8299999999999,False,False,-25.67,-19.58,False,,False,EXIT
GODREJIND,Godrej Industries Limited,Industrials,Conglomerates,1252.5,False,1240.52,True,True,0.3,1.99,True,19657.0,True,HOLD
GLAXO,GlaxoSmithKline Pharmaceuticals Limited,Healthcare,Drug Manufacturers - General,2688.800048828125,False,1015.67,False,True,-18.52,-6.95,False,3749.0,True,EXIT
IPCALAB,Ipca Laboratories Limited,Healthcare,Drug Manufacturers - Specialty & Generic,1734.199951171875,False,1141.12,True,True,11.56,22.93,True,8897.0,True,HOLD
SUPREMEIND,The Supreme Industries Limited,Industrials,Building Products & Equipment,3558.89990234375,False,1069.96,False,False,-22.96,-21.22,False,10446.0,True,EXIT
CPPLUS,CPPLUS,Industrials,Building Products & Equipment,3519.0,False,390.04,False,True,227.7,228.87,True,3112.0,True,HOLD
AJANTPHARM,Ajanta Pharma Limited,Healthcare,Drug Manufacturers - Specialty & Generic,3672.800048828125,True,1130.03,True,True,21.4,32.71,True,4648.0,True,ADD
GLAND,Gland Pharma Limited,Healthcare,Drug Manufacturers - Specialty & Generic,2970.199951171875,False,1030.18,False,True,35.08,46.3,True,5665.0,False,HOLD
INDOMIM,INDOMIM,Industrials,Metal Fabrication,849.3499755859375,True,0.0,False,False,,,False,,False,EXIT
VOLTAS,Voltas Limited,Consumer Cyclical,"Furnishings, Fixtures & Appliances",1320.5,False,375.88,False,False,-6.5,-0.45,False,15413.0,True,EXIT
NAVINFLUOR,Navin Fluorine International Limited,Basic Materials,Chemicals,8235.0,True,610.14,True,True,60.42,60.73,True,1687.0,True,ADD
NLCINDIA,NLC India Limited,Utilities,Utilities - Regulated Electric,275.3999938964844,False,3339.04,True,False,23.48,11.88,True,16165.0,False,HOLD
PIIND,PI Industries Limited,Basic Materials,Agricultural Inputs,2490.10009765625,False,1320.8,False,False,-37.14,-36.55,False,7978.0,True,EXIT
PETRONET,Petronet LNG Limited,Energy,Oil & Gas Refining & Marketing,282.6000061035156,False,3912.5299999999997,False,True,-10.31,-0.1,False,59899.0,False,EXIT
POONAWALLA,Poonawalla Fincorp Limited,Financial Services,Credit Services,497.8999938964844,False,775.32,False,True,4.28,5.22,True,,False,HOLD
EXIDEIND,Exide Industries Limited,Consumer Cyclical,Auto Parts,476.1000061035156,False,931.6700000000001,False,True,17.12,23.11,True,17238.0,True,HOLD
IRCTC,Indian Railway Catering & Tourism Corporation Limited,Consumer Cyclical,Travel Services,497.5,False,1393.45,True,False,-41.53,-35.39,False,4675.0,True,EXIT
JKCEMENT,J.K. Cement Limited,Basic Materials,Building Materials,5306.5,False,1109.43,True,False,-28.8,-28.24,False,11879.0,True,EXIT
ENDURANCE,Endurance Technologies Limited,Consumer Cyclical,Auto Parts,2899.0,True,951.71,True,True,1.34,7.37,True,8846.0,True,ADD
3MINDIA,3M India Limited,Industrials,Conglomerates,35340.0,False,526.45,False,True,10.75,12.41,True,4189.0,True,HOLD
HUDCO,Housing and Urban Development Corporation Limited,Financial Services,Credit Services,189.99000549316406,False,4255.25,False,False,-14.15,-13.13,False,,False,EXIT
COCHINSHIP,Cochin Shipyard Limited,Industrials,Aerospace & Defense,1496.5,False,716.51,False,False,-17.26,-15.53,False,4820.0,True,EXIT
MEDANTA,Global Health Limited,Healthcare,Medical Care Facilities,1422.5999755859375,True,556.1800000000001,False,True,-12.03,-0.5,False,3692.0,True,EXIT
PATANJALI,Patanjali Foods Limited,Consumer Defensive,Packaged Foods,352.0,False,1656.3000000000002,True,False,-41.17,-44.2,False,34157.0,True,EXIT
ASTRAL,Astral Limited,Industrials,Building Products & Equipment,1556.300048828125,False,581.0999999999999,True,True,15.98,17.63,True,5832.0,True,HOLD
CONCOR,Container Corporation of India Limited,Industrials,Railroads,527.0,False,1242.0,False,True,-6.64,-4.94,False,8887.0,True,EXIT
NH,Narayana Hrudayalaya Limited,Healthcare,Medical Care Facilities,1832.5999755859375,False,816.13,False,False,-14.44,-2.9,False,3590.0,True,EXIT
LTTS,L&T Technology Services Limited,Technology,Information Technology Services,3476.800048828125,False,1307.0,False,False,-19.6,-20.33,False,10670.0,True,EXIT
HSCL,Himadri Speciality Chemical Limited,Basic Materials,Specialty Chemicals,781.0499877929688,True,804.2,True,True,63.04,63.34,True,4613.0,True,ADD
PWL,Physicswallah Limited,Consumer Defensive,Education & Training Services,117.12000274658203,False,588.95,False,False,,,False,2887.0,True,EXIT
EMCURE,EMCURE,Healthcare,Drug Manufacturers - Specialty & Generic,1932.300048828125,True,924.3499999999999,True,True,17.46,28.79,True,7896.0,True,ADD
UBL,United Breweries Limited,Consumer Defensive,Beverages - Brewers,1376.5999755859375,False,464.21999999999997,False,False,-29.43,-32.53,False,8915.0,True,EXIT
KPRMILL,K.P.R. Mill Limited,Consumer Cyclical,Textile Manufacturing,1110.0,False,853.02,True,True,6.84,12.86,True,6388.0,True,HOLD
GODFRYPHLP,Godfrey Phillips India Limited,Consumer Defensive,Tobacco,2149.0,False,1419.4199999999998,True,False,-37.67,-40.72,False,5611.0,True,EXIT
ITCHOTELS,ITCHOTELS,Consumer Cyclical,Resorts & Casinos,164.92999267578125,False,731.27,True,False,-38.08,-31.95,False,3560.0,True,EXIT
DELHIVERY,Delhivery Limited,Industrials,Integrated Freight & Logistics,459.70001220703125,False,275.6,True,True,-6.68,-4.98,False,8932.0,True,HOLD
TATATECH,Tata Technologies Limited,Technology,Information Technology Services,867.9000244140625,False,561.8399999999999,False,True,27.82,26.8,True,5168.0,True,HOLD
CUPID,Cupid Limited,Consumer Defensive,Household & Personal Products,293.8800048828125,True,108.23,True,True,779.48,771.03,True,183.0,True,ADD
TATAINVEST,Tata Investment Corporation Limited,Financial Services,Asset Management,667.2999877929688,False,323.24,False,False,-7.97,-6.98,False,385.0,False,EXIT
ANANDRATHI,Anand Rathi Wealth Limited,Financial Services,Asset Management,2174.699951171875,True,365.66999999999996,False,True,55.73,56.44,True,1107.0,True,HOLD
MANAPPURAM,Manappuram Finance Limited,Financial Services,Credit Services,349.0,False,974.5699999999999,False,True,26.33,27.17,True,,False,HOLD
HEXT,Hexaware Technologies Limited,Technology,Information Technology Services,569.8499755859375,False,1353.3,False,False,-23.89,-24.59,False,13430.0,True,EXIT
DALBHARAT,Dalmia Bharat Limited,Basic Materials,Building Materials,1842.0,False,697.0,False,False,-23.44,-22.9,False,14691.0,False,EXIT
ESCORTS,Escorts Kubota Limited,Industrials,Farm & Heavy Construction Machinery,3113.699951171875,False,2461.87,True,False,-14.18,-12.47,False,10244.0,True,EXIT
CRISIL,CRISIL Limited,Financial Services,Financial Data & Stock Exchanges,4475.89990234375,False,862.79,True,True,-21.26,-20.21,False,3649.0,True,HOLD
IREDA,Indian Renewable Energy Development Agency Limited,Financial Services,Credit Services,116.25,False,1663.1999999999998,False,False,-24.29,-23.23,False,,False,EXIT
HONAUT,Honeywell Automation India Limited,Industrials,Electrical Equipment & Parts,37205.0,False,556.1999999999999,False,True,-5.34,-3.64,False,,False,EXIT
STARHEALTH,Star Health and Allied Insurance Company Limited,Financial Services,Insurance - Life,585.1500244140625,False,1227.47,False,True,28.57,29.4,True,,False,HOLD
UCOBANK,UCO Bank,Financial Services,Banks - Regional,26.0,False,2816.74,False,False,-12.42,-11.41,False,,False,EXIT
WOCKPHARMA,Wockhardt Limited,Healthcare,Drug Manufacturers - Specialty & Generic,1932.699951171875,False,340.0,False,True,11.33,22.7,True,4830.0,False,HOLD
STLTECH,Sterlite Technologies Limited,Technology,Communication Equipment,647.75,True,283.0,False,True,379.69,376.53,True,6925.0,False,HOLD
KIMS,Krishna Institute of Medical Sciences Limited,Healthcare,Medical Care Facilities,809.0999755859375,True,204.3,False,True,-6.93,4.56,False,3035.0,True,EXIT
KARURVYSYA,The Karur Vysya Bank Limited,Financial Services,Banks - Regional,331.75,True,2692.0699999999997,False,True,50.05,50.78,True,,False,HOLD
SCHNEIDER,Schneider Electric Infrastructure Limited,Industrials,Electrical Equipment & Parts,1369.199951171875,False,212.56,False,True,51.6,53.17,True,,False,HOLD
LALPATHLAB,Dr. Lal PathLabs Limited,Healthcare,Diagnostics & Research,1916.300048828125,False,391.3,False,True,-1.01,10.45,False,2461.0,True,EXIT
HFCL,HFCL Limited,Technology,Communication Equipment,223.11000061035156,True,536.96,False,True,211.95,209.81,True,4743.0,False,HOLD
AEGISVOPAK,AEGISVOPAK,Energy,Oil & Gas Equipment & Services,269.1000061035156,False,250.17,False,True,-1.77,8.2,False,621.0,True,EXIT
KIRLOSENG,Kirloskar Oil Engines Limited,Industrials,Specialty Industrial Machinery,2100.10009765625,False,574.32,True,True,127.27,128.67,True,6349.0,True,HOLD
RRKABEL,R R Kabel Limited,Industrials,Electrical Equipment & Parts,2785.60009765625,True,581.1,False,True,124.44,125.84,True,7618.0,True,HOLD
BLUESTARCO,Blue Star Limited,Industrials,Building Products & Equipment,1508.0,False,622.31,True,False,-21.29,-19.56,False,11968.0,True,EXIT
CHOLAHLDNG,Cholamandalam Financial Holdings Limited,Financial Services,Credit Services,1597.199951171875,False,2441.29,True,False,-20.29,-19.24,False,,False,EXIT
TVSHLTD,TVS Holdings Limited,Consumer Cyclical,Auto Parts,13994.0,False,1863.0700000000002,True,False,10.62,16.63,True,44993.0,True,HOLD
ZFCVINDIA,ZF Commercial Vehicle Control Systems India Limited,Consumer Cyclical,Auto Parts,2636.699951171875,False,390.97,False,True,5.09,11.12,True,3831.0,True,HOLD
NUVAMA,Nuvama Wealth Management Limited,Financial Services,Asset Management,1670.0999755859375,False,828.74,False,True,15.07,15.96,True,4162.0,True,HOLD
PNBHOUSING,PNB Housing Finance Limited,Financial Services,Mortgage Finance,1150.5,False,2266.99,True,True,45.21,45.97,True,,False,HOLD
GRSE,Garden Reach Shipbuilders & Engineers Limited,Industrials,Aerospace & Defense,2618.60009765625,False,766.99,False,True,-4.54,-2.85,False,,False,EXIT
NEULANDLAB,Neuland Laboratories Limited,Healthcare,Drug Manufacturers - Specialty & Generic,23320.0,True,363.98999999999995,True,True,60.55,71.6,True,1559.0,False,ADD
MRPL,Mangalore Refinery and Petrochemicals Limited,Energy,Oil & Gas Refining & Marketing,170.5399932861328,False,2784.1899999999996,False,True,24.71,33.94,True,109026.0,False,HOLD
NIACL,The New India Assurance Company Limited,Financial Services,Insurance - Diversified,179.0800018310547,False,1254.58,False,True,-7.9,-6.91,False,43354.0,True,EXIT
IKS,IKS,Healthcare,Health Information Services,1840.0,False,734.58,False,True,2.61,14.04,True,973.0,True,HOLD
SAILIFE,SAILIFE,Healthcare,Diagnostics & Research,1449.9000244140625,True,353.34999999999997,True,True,48.18,59.31,True,1642.0,True,ADD
PTCIL,PTC Industries Limited,Industrials,Metal Fabrication,19050.0,True,101.55999999999999,True,True,33.09,34.7,True,308.0,True,ADD
CENTRALBK,Central Bank of India,Financial Services,Banks - Regional,31.399999618530273,False,4615.120000000001,True,False,-18.11,-17.08,False,,False,EXIT
BANDHANBNK,Bandhan Bank Limited,Financial Services,Banks - Regional,174.5500030517578,False,1613.36,False,True,1.86,2.8,True,,False,HOLD
APOLLOTYRE,Apollo Tyres Limited,Consumer Cyclical,Auto Parts,444.1000061035156,False,1372.42,False,False,-7.35,-1.3,False,26123.0,True,EXIT
NETWEB,Netweb Technologies India Limited,Technology,Computer Hardware,5007.2001953125,True,229.22,False,True,133.26,131.6,True,,False,HOLD
SHYAMMETL,Shyam Metalics and Energy Limited,Basic Materials,Steel,999.5999755859375,False,1123.1599999999999,False,True,-0.09,0.39,False,15138.0,True,EXIT
PPLPHARMA,Piramal Pharma Limited,Healthcare,Drug Manufacturers - Specialty & Generic,206.63999938964844,False,296.1,True,True,-6.79,4.7,False,9151.0,True,HOLD
CDSL,Central Depository Services (India) Limited,Financial Services,Capital Markets,1344.4000244140625,False,433.4200000000001,False,False,-18.88,-17.84,False,1082.0,True,EXIT
REDINGTON,Redington Limited,Technology,Information Technology Services,334.04998779296875,False,1588.37,False,True,37.94,36.86,True,99334.0,True,HOLD
LICHSGFIN,LIC Housing Finance Limited,Financial Services,Mortgage Finance,500.0,False,5753.3,True,False,-17.23,-16.2,False,,False,EXIT
PGHH,Procter & Gamble Hygiene and Health Care Limited,Consumer Defensive,Household & Personal Products,8426.5,False,790.7199999999999,False,False,-37.48,-40.52,False,,False,EXIT
SYRMA,Syrma SGS Technology Limited,Technology,Electronic Components,1465.199951171875,True,368.11,False,True,109.02,107.5,True,3787.0,True,HOLD
CRAFTSMAN,Craftsman Automation Limited,Consumer Cyclical,Auto Parts,10251.0,True,464.94000000000005,False,True,34.54,40.49,True,5690.0,True,HOLD
MSUMI,Motherson Sumi Wiring India Limited,Consumer Cyclical,Auto Parts,40.349998474121094,False,605.16,False,False,-3.3,2.74,False,9319.0,True,EXIT
ITI,ITI Limited,Technology,Communication Equipment,276.75,False,518.4399999999999,False,False,-8.23,-9.03,False,3616.0,True,EXIT
ACUTAAS,Acutaas Chemicals Limited,Basic Materials,Specialty Chemicals,3235.60009765625,False,288.99,False,True,144.79,144.86,True,990.0,True,HOLD
SJVN,SJVN Limited,Utilities,Utilities - Renewable,67.20999908447266,False,875.2,False,False,-20.51,-30.95,False,3072.0,True,EXIT
ANGELONE,Angel One Limited,Financial Services,Capital Markets,287.29998779296875,False,820.3,False,True,3.76,4.7,True,5239.0,True,HOLD
SUMICHEM,Sumitomo Chemical India Limited,Basic Materials,Agricultural Inputs,564.9500122070312,False,580.03,True,True,-8.2,-7.7,False,3511.0,False,HOLD
GABRIEL,Gabriel India Limited,Consumer Cyclical,Auto Parts,1459.0,False,297.65999999999997,False,True,25.68,31.65,True,4063.0,True,HOLD
METROBRAND,Metro Brands Limited,Consumer Cyclical,Apparel Retail,944.0999755859375,False,437.33000000000004,False,False,-24.34,-18.24,False,2450.0,True,EXIT
AMBER,Amber Enterprises India Limited,Consumer Cyclical,"Furnishings, Fixtures & Appliances",7222.0,False,381.06,True,False,-5.34,0.71,False,6744.0,True,EXIT
ACMESOLAR,ACMESOLAR,Utilities,Utilities - Renewable,374.1000061035156,False,619.1899999999999,False,True,43.38,31.27,True,1777.0,False,HOLD
IIFL,IIFL Finance Limited,Financial Services,Credit Services,631.1500244140625,False,1959.56,True,True,38.07,38.86,True,,False,HOLD
KAYNES,Kaynes Technology India Limited,Technology,Electronic Components,3660.199951171875,False,358.67,True,False,-43.61,-44.19,False,2722.0,True,EXIT
NBCC,NBCC (India) Limited,Industrials,Engineering & Construction,89.1500015258789,False,720.04,True,False,-19.59,-17.86,False,12039.0,True,EXIT
RUBICON,RUBICON,Healthcare,Drug Manufacturers - General,1619.0999755859375,True,223.89,False,True,,,False,1284.0,True,EXIT
ACC,ACC Limited,Basic Materials,Building Materials,1321.4000244140625,False,1164.46,False,False,-30.48,-29.91,False,22210.0,False,EXIT
AWL,AWL Agri Business Limited,Consumer Defensive,Packaged Foods,192.16000366210938,False,1147.61,False,False,-24.0,-27.14,False,63672.0,True,EXIT
TIMKEN,Timken India Limited,Industrials,Tools & Accessories,3275.800048828125,False,507.39000000000004,True,True,9.82,11.49,True,3194.0,True,HOLD
GODIGIT,GODIGIT,Financial Services,Insurance - Property & Casualty,259.6499938964844,False,514.23,False,False,-32.06,-30.96,False,,False,EXIT
GILLETTE,Gillette India Limited,Consumer Defensive,Household & Personal Products,7600.0,False,430.34000000000003,False,False,-26.86,-29.97,False,,False,EXIT
GUJENERGY,Gujarat Energy Limited,Utilities,Utilities - Regulated Gas,282.95001220703125,False,1225.5299999999997,False,False,-26.75,-37.02,False,,False,EXIT
DATAPATTNS,Data Patterns (India) Limited,Industrials,Aerospace & Defense,4455.7998046875,False,267.93,False,True,71.44,72.96,True,,False,HOLD
DEEPAKNTR,Deepak Nitrite Limited,Basic Materials,Chemicals,1723.199951171875,False,550.44,False,True,-11.73,-11.22,False,8282.0,True,EXIT
CREDITACC,CreditAccess Grameen Limited,Financial Services,Credit Services,1549.4000244140625,False,1145.22,False,True,11.19,12.1,True,,False,HOLD
FORCEMOT,Force Motors Limited,Consumer Cyclical,Auto Manufacturers,18361.0,False,1251.8600000000001,True,False,-16.78,-10.7,False,8072.0,True,EXIT
SANSERA,Sansera Engineering Limited,Consumer Cyclical,Auto Parts,3924.60009765625,True,324.09000000000003,True,True,197.06,202.62,True,3017.0,True,ADD
BELRISE,BELRISE,Consumer Cyclical,Auto Parts,255.35000610351562,True,496.84999999999997,False,True,79.96,85.8,True,8291.0,True,HOLD
KIOCL,KIOCL Limited,Basic Materials,Steel,389.54998779296875,False,126.47,False,True,14.04,14.48,True,3006.0,False,HOLD
IRB,IRB Infrastructure Developers Limited,Industrials,Infrastructure Operations,19.260000228881836,False,954.1399999999999,False,False,-20.86,-19.13,False,7613.0,True,EXIT
GRINDWELL,Grindwell Norton Limited,Industrials,Building Products & Equipment,2167.5,False,423.87,True,True,42.04,43.63,True,2737.0,True,HOLD
TATAELXSI,Tata Elxsi Limited,Technology,Software - Application,3772.699951171875,False,644.21,True,False,-37.01,-37.63,False,849.0,True,EXIT
AFFLE,Affle 3i Limited,Communication Services,Advertising Agencies,1668.800048828125,False,447.39,True,True,-0.68,-19.09,False,2266.0,True,HOLD
SUNDRMFAST,Sundram Fasteners Limited,Consumer Cyclical,Auto Parts,1217.5999755859375,False,608.7099999999999,True,True,18.12,24.11,True,5955.0,True,HOLD
ASAHIINDIA,Asahi India Glass Limited,Consumer Cyclical,Auto Parts,939.2000122070312,False,380.55999999999995,False,True,2.15,8.18,True,4594.0,True,HOLD
KPIL,Kalpataru Projects International Limited,Industrials,Engineering & Construction,1352.199951171875,False,1025.41,True,True,4.04,5.71,True,22316.0,True,HOLD
PFOCUS,Prime Focus Limited,Communication Services,Entertainment,269.6000061035156,False,218.75,False,True,85.11,65.54,True,4644.0,False,HOLD
PFIZER,Pfizer Limited,Healthcare,Drug Manufacturers - General,4874.7998046875,False,735.15,True,True,-24.15,-12.54,False,678.0,True,HOLD
ANANTRAJ,Anant Raj Limited,Real Estate,Real Estate - Development,629.9500122070312,False,554.85,True,True,28.71,13.55,True,2060.0,True,HOLD
CGCL,Capri Global Capital Limited,Financial Services,Credit Services,226.52000427246094,False,1066.5400000000002,True,True,16.96,17.84,True,,False,HOLD
AADHARHFC,AADHARHFC,Financial Services,Mortgage Finance,498.20001220703125,False,1140.96,False,True,-5.59,-4.61,False,,False,EXIT
EMMVEE,EMMVEE,Technology,Solar,321.5,False,1274.17,False,False,,,False,2336.0,True,EXIT
RAMCOCEM,The Ramco Cements Limited,Basic Materials,Building Materials,907.2000122070312,False,648.7199999999999,False,False,-19.52,-18.99,False,9376.0,False,EXIT
MTARTECH,MTAR Technologies Limited,Industrials,Specialty Industrial Machinery,7056.0,False,140.01,True,True,360.13,361.0,True,676.0,True,HOLD
CESC,CESC Limited,Utilities,Utilities - Regulated Electric,167.8300018310547,False,1485.0,True,True,10.23,-1.02,False,9584.0,True,HOLD
GRANULES,Granules India Limited,Healthcare,Drug Manufacturers - Specialty & Generic,858.4000244140625,True,662.35,True,True,71.85,82.82,True,4512.0,False,ADD
IGL,Indraprastha Gas Limited,Utilities,Utilities - Regulated Gas,151.6999969482422,False,1549.6299999999999,False,False,-19.23,-29.7,False,14928.0,True,EXIT
URBANCO,Urban Company Limited,Technology,Software - Application,144.38999938964844,False,274.54,False,True,,,False,1144.0,True,EXIT
AETHER,Aether Industries Limited,Basic Materials,Specialty Chemicals,1625.0999755859375,True,235.20000000000002,True,True,114.96,115.12,True,839.0,True,ADD
CUB,City Union Bank Limited,Financial Services,Banks - Regional,208.63999938964844,False,1074.29,False,True,26.77,27.61,True,,False,HOLD
HATSUN,Hatsun Agro Product Limited,Consumer Defensive,Packaged Foods,980.7999877929688,False,380.34999999999997,True,True,10.79,7.43,True,8700.0,True,HOLD
CARBORUNIV,Carborundum Universal Limited,Industrials,Conglomerates,1151.5999755859375,False,184.54000000000002,False,True,29.64,31.26,True,2828.0,True,HOLD
CEMPRO,Cemindia Projects Limited,Industrials,Engineering & Construction,1298.800048828125,False,631.12,True,True,63.45,64.99,True,9097.0,True,HOLD
ASTRAZEN,AstraZeneca Pharma India Limited,Healthcare,Drug Manufacturers - Specialty & Generic,7753.0,False,187.51999999999998,False,False,-22.38,-10.79,False,,False,EXIT
SAGILITY,Sagility Limited,Healthcare,Health Information Services,42.279998779296875,False,890.76,True,False,-20.35,-8.76,False,5570.0,True,EXIT
TRITURBINE,Triveni Turbine Limited,Industrials,Specialty Industrial Machinery,592.4000244140625,False,349.7,False,True,10.17,11.83,True,2006.0,True,HOLD
HBLENGINE,HBLENGINE,Industrials,Electrical Equipment & Parts,678.5,False,814.89,True,False,-17.14,-15.42,False,2209.0,False,EXIT
ATUL,Atul Ltd,Basic Materials,Specialty Chemicals,6729.0,False,743.96,True,True,1.48,1.95,True,5075.0,True,HOLD
IFCI,IFCI Limited,Financial Services,Credit Services,76.94000244140625,False,211.35000000000002,False,True,40.91,41.69,True,,False,HOLD
TDPOWERSYS,TD Power Systems Limited,Industrials,Specialty Industrial Machinery,1484.5999755859375,True,231.6,True,True,186.63,187.9,True,1279.0,True,ADD
CAPLIPOINT,Caplin Point Laboratories Limited,Healthcare,Drug Manufacturers - Specialty & Generic,2480.5,False,629.36,True,True,0.7,12.14,True,1937.0,True,HOLD
CAMS,Computer Age Management Services Limited,Technology,Information Technology Services,762.25,False,379.99,False,True,-4.7,-5.52,False,1334.0,True,EXIT
DEEPAKFERT,Deepak Fertilisers And Petrochemicals Corporation Limited,Basic Materials,Chemicals,1496.4000244140625,False,1014.09,True,True,-1.16,-0.68,False,4243.0,False,HOLD
SHRIPISTON,SPR Auto Technologies Limited,Consumer Cyclical,Auto Parts,4492.39990234375,True,557.4000000000001,True,True,72.75,78.61,True,3550.0,True,ADD
FSL,Firstsource Solutions Limited,Technology,Information Technology Services,267.1000061035156,False,655.5799999999999,True,False,-29.0,-29.67,False,7980.0,True,EXIT
DIACABS,Diamond Power Infrastructure Limited,Industrials,Specialty Industrial Machinery,368.5,False,158.17000000000002,True,True,145.14,146.49,True,3153.0,False,HOLD
SUNTV,Sun TV Network Limited,Communication Services,Broadcasting,484.6000061035156,False,1439.5100000000002,False,False,-1.33,-19.73,False,4282.0,False,EXIT
EIHOTEL,EIH Limited,Consumer Cyclical,Lodging,300.3500061035156,False,628.28,False,False,-33.55,-27.43,False,2743.0,True,EXIT
ERIS,Eris Lifesciences Limited,Healthcare,Drug Manufacturers - Specialty & Generic,1358.5,False,643.9100000000001,False,False,-35.07,-23.39,False,2894.0,True,EXIT
GESHIP,The Great Eastern Shipping Company Limited,Industrials,Marine Shipping,1284.5,False,3746.8599999999997,True,False,26.66,28.28,True,4835.0,False,HOLD
CASTROLIND,Castrol India Limited,Energy,Oil & Gas Refining & Marketing,186.82000732421875,False,1078.55,False,False,-23.6,-13.03,False,,False,EXIT
CHENNPETRO,Chennai Petroleum Corporation Limited,Energy,Oil & Gas Refining & Marketing,1321.9000244140625,False,3494.89,False,True,97.47,104.68,True,76271.0,False,HOLD
BRIGADE,Brigade Enterprises Limited,Real Estate,Real Estate - Development,591.5499877929688,False,481.89,False,True,-5.18,-19.91,False,5074.0,True,EXIT
TRAVELFOOD,TRAVELFOOD,Consumer Cyclical,Restaurants,1364.9000244140625,True,452.1,False,True,12.14,18.15,True,1688.0,True,HOLD
BAYERCROP,Bayer CropScience Limited,Basic Materials,Agricultural Inputs,4045.800048828125,False,689.2,True,False,-32.99,-32.42,False,727.0,True,EXIT
SAMMAANCAP,Sammaan Capital Limited,Financial Services,Mortgage Finance,152.38999938964844,False,9073.83,True,False,23.97,24.82,True,,False,HOLD
CHOICEIN,Choice International Limited,Financial Services,Capital Markets,804.3499755859375,False,225.57000000000002,True,True,-4.68,-3.7,False,921.0,True,HOLD
ELGIEQUIP,Elgi Equipments Limited,Industrials,Specialty Industrial Machinery,609.5,False,430.20000000000005,True,True,17.93,19.57,True,3510.0,True,HOLD
GMDCLTD,Gujarat Mineral Development Corporation Limited,Energy,Thermal Coal,580.7999877929688,False,956.3299999999999,False,False,23.37,32.64,True,3498.0,False,EXIT
INDIACEM,The India Cements Limited,Basic Materials,Building Materials,375.29998779296875,False,221.93,False,False,-2.79,-2.3,False,5628.0,False,EXIT
KAJARIACER,Kajaria Ceramics Limited,Industrials,Building Products & Equipment,1253.4000244140625,False,521.9100000000001,True,True,-6.87,-5.17,False,4635.0,True,HOLD
AARTIIND,Aarti Industries Limited,Basic Materials,Specialty Chemicals,534.0999755859375,False,468.0,False,True,37.6,37.98,True,7271.0,True,HOLD
OLAELEC,OLAELEC,Consumer Cyclical,Auto Manufacturers,38.72999954223633,False,2285.0,True,True,-16.35,-10.28,False,5010.0,False,HOLD
JSWCEMENT,JSWCEMENT,Basic Materials,Building Materials,130.02000427246094,False,634.0699999999999,True,True,-15.54,-15.02,False,6002.0,False,HOLD
ONESOURCE,ONESOURCE,Healthcare,Biotechnology,1559.199951171875,False,128.78,True,False,-32.63,-20.97,False,1445.0,True,EXIT
PGEL,PG Electroplast Limited,Technology,Electronic Components,601.0,False,196.56,False,True,19.68,18.71,True,4870.0,True,HOLD
CHAMBLFERT,Chambal Fertilisers and Chemicals Limited,Basic Materials,Agricultural Inputs,442.70001220703125,False,1828.24,True,False,-20.82,-20.28,False,27773.0,False,EXIT
EMAMILTD,Emami Limited,Consumer Defensive,Household & Personal Products,403.29998779296875,False,748.36,False,False,-31.69,-34.78,False,3809.0,True,EXIT
HAPPYFORGE,HAPPYFORGE,Industrials,Metal Fabrication,2089.60009765625,True,319.64,False,True,115.44,116.87,True,1409.0,True,HOLD
JYOTICNC,Jyoti CNC Automation Limited,Industrials,Specialty Industrial Machinery,826.9000244140625,False,336.0,True,True,-15.68,-13.96,False,1818.0,True,HOLD
PINELABS,PINELABS,Technology,Software - Infrastructure,164.86000061035156,False,126.11000000000001,True,False,,,False,2274.0,True,EXIT
LMW,LMW Limited,Industrials,Specialty Industrial Machinery,18921.0,True,145.34,False,True,21.64,23.28,True,4719.0,False,HOLD
INOXINDIA,INOX India Limited,Industrials,Specialty Industrial Machinery,1943.0,False,255.13,False,True,74.59,76.11,True,1296.0,True,HOLD
BASF,BASF India Limited,Basic Materials,Specialty Chemicals,4077.89990234375,False,642.99,True,True,-14.44,-13.92,False,15260.0,True,HOLD
VTL,Vardhman Textiles Limited,Consumer Cyclical,Textile Manufacturing,590.5999755859375,False,868.05,False,True,39.91,45.85,True,10137.0,False,HOLD
J&KBANK,Jammu and Kashmir Bank Limited,Financial Services,Banks - Regional,155.47999572753906,False,2293.38,False,True,44.67,45.42,True,,False,HOLD
SARDAEN,Sarda Energy & Minerals Limited,Basic Materials,Steel,531.1500244140625,False,1129.79,True,True,-8.69,-8.18,False,4643.0,True,HOLD
ASTRAMICRO,Astra Microwave Products Limited,Technology,Communication Equipment,1739.300048828125,False,192.96000000000004,True,True,70.07,68.79,True,1044.0,True,HOLD
CENTURYPLY,Century Plyboards (India) Limited,Basic Materials,Lumber & Wood Production,756.5499877929688,False,291.15,False,False,-0.66,-0.18,False,4528.0,True,EXIT
AGARWALEYE,AGARWALEYE,Healthcare,Medical Instruments & Supplies,506.5,False,118.68,True,True,-7.51,3.99,False,1711.0,True,HOLD
JINDALSAW,Jindal Saw Limited,Basic Materials,Steel,267.1000061035156,False,925.6300000000001,False,True,29.87,30.26,True,20958.0,False,HOLD
THELEELA,Leela Palaces Hotels & Resorts Limited,Consumer Cyclical,Lodging,510.04998779296875,True,377.21999999999997,True,True,6.08,12.1,True,1301.0,True,ADD
TBOTEK,TBOTEK,Consumer Cyclical,Travel Services,1633.300048828125,False,260.12,False,True,3.05,9.08,True,1737.0,True,HOLD
KANSAINER,Kansai Nerolac Paints Limited,Basic Materials,Specialty Chemicals,204.75,False,686.12,False,False,-17.6,-17.07,False,7823.0,True,EXIT
POLYMED,Poly Medicure Limited,Healthcare,Medical Instruments & Supplies,1786.199951171875,False,320.89000000000004,False,True,-21.73,-10.14,False,1669.0,True,EXIT
TATACHEM,Tata Chemicals Limited,Basic Materials,Chemicals,670.6500244140625,False,2494.0,False,False,-32.76,-32.19,False,17204.0,False,EXIT
KPITTECH,KPIT Technologies Limited,Technology,Software - Infrastructure,614.0,False,582.62,False,False,-52.89,-53.41,False,5842.0,True,EXIT
COHANCE,COHANCE,Healthcare,Drug Manufacturers - Specialty & Generic,440.6499938964844,False,154.47,False,False,-67.71,-55.81,False,1340.0,False,EXIT
ARE&M,Amara Raja Energy & Mobility Limited,Industrials,Electrical Equipment & Parts,945.9500122070312,False,780.8499999999999,False,True,-6.43,-4.73,False,12846.0,True,EXIT
ZYDUSWELL,Zydus Wellness Limited,Consumer Defensive,Packaged Foods,510.29998779296875,False,501.70000000000005,True,True,31.69,28.18,True,2709.0,True,HOLD
MINDACORP,Minda Corporation Limited,Consumer Cyclical,Auto Parts,720.0499877929688,True,327.65,True,True,35.44,41.39,True,5056.0,True,ADD
PSB,Punjab & Sind Bank,Financial Services,Banks - Regional,23.59000015258789,False,1358.92,False,False,-21.1,-20.05,False,,False,EXIT
MEDPLUS,MedPlus Health Services Limited,Healthcare,Pharmaceutical Retailers,668.9500122070312,False,197.32999999999998,False,False,-33.5,-21.83,False,6136.0,True,EXIT
ABDL,ABDL,Consumer Defensive,Beverages - Wineries & Distilleries,599.4500122070312,False,213.23000000000002,True,True,21.32,17.88,True,3520.0,True,HOLD
DEVYANI,Devyani International Limited,Consumer Cyclical,Restaurants,143.75999450683594,False,38.769999999999996,False,True,-17.47,-11.4,False,3349.0,True,EXIT
NAVA,Nava Limited,Industrials,Conglomerates,572.6500244140625,False,786.66,False,False,-7.27,-5.57,False,3984.0,True,EXIT
NATCOPHARM,NATCO Pharma Limited,Healthcare,Drug Manufacturers - Specialty & Generic,903.1500244140625,False,1418.5,False,False,-12.28,-0.75,False,4430.0,True,EXIT
THANGAMAYL,Thangamayil Jewellery Limited,Consumer Cyclical,Luxury Goods,5427.0,False,378.23999999999995,False,True,161.15,166.8,True,,False,HOLD
ALIVUS,Alivus Life Sciences Limited,Healthcare,Drug Manufacturers - Specialty & Generic,1386.699951171875,True,594.54,False,True,31.61,42.85,True,1885.0,True,HOLD
APLLTD,Alembic Pharmaceuticals Limited,Healthcare,Drug Manufacturers - Specialty & Generic,831.25,False,663.12,False,True,-28.81,-17.17,False,6672.0,True,EXIT
ECLERX,eClerx Services Limited,Technology,Information Technology Services,1897.0,False,545.6800000000001,True,True,-8.32,-9.12,False,3366.0,True,HOLD
AEQUS,AEQUS,Industrials,Aerospace & Defense,249.63999938964844,True,170.22,True,False,,,False,965.0,False,EXIT
SYNGENE,Syngene International Limited,Healthcare,Diagnostics & Research,401.45001220703125,False,258.6,False,False,-55.72,-43.9,False,3373.0,True,EXIT
GRWRHITECH,Garware Hi-Tech Films Limited,Basic Materials,Specialty Chemicals,7088.5,True,338.22999999999996,True,True,151.51,151.57,True,2109.0,True,ADD
KFINTECH,KFin Technologies Limited,Technology,Software - Application,940.0,False,325.61,False,False,-20.04,-20.77,False,1056.0,True,EXIT
CROMPTON,Crompton Greaves Consumer Electricals Limited,Consumer Cyclical,"Furnishings, Fixtures & Appliances",248.3000030517578,False,924.01,True,False,-32.5,-26.39,False,7028.0,True,EXIT
AZAD,AZAD,Industrials,Specialty Industrial Machinery,2717.800048828125,True,125.47999999999999,False,True,69.69,71.22,True,457.0,True,HOLD
FIVESTAR,Five-Star Business Finance Limited,Financial Services,Credit Services,550.2000122070312,False,1084.02,False,True,-11.1,-10.09,False,,False,EXIT
NIVABUPA,Niva Bupa Health Insurance Company Limited,Financial Services,Insurance - Life,82.72000122070312,False,642.01,False,True,-4.04,-3.07,False,,False,EXIT
FINEORG,Fine Organic Industries Limited,Basic Materials,Specialty Chemicals,5143.7998046875,False,417.07000000000005,False,True,2.6,3.07,True,3023.0,False,HOLD
RAINBOW,Rainbow Children's Medicare Limited,Healthcare,Medical Care Facilities,1461.800048828125,False,285.39,False,True,-21.46,-9.87,False,1516.0,True,EXIT
MAHSCOOTER,Maharashtra Scooters Ltd.,Financial Services,Asset Management,13330.0,False,11.45,False,False,-20.65,-19.6,False,,False,EXIT
DCMSHRIRAM,DCM Shriram Limited,Industrials,Conglomerates,1024.699951171875,False,1388.1600000000003,True,False,-25.9,-24.16,False,12077.0,True,EXIT
USHAMART,Usha Martin Limited,Basic Materials,Steel,487.95001220703125,False,498.26,True,True,33.36,33.75,True,3746.0,False,HOLD
FINCABLES,Finolex Cables Limited,Industrials,Electrical Equipment & Parts,1246.8499755859375,False,713.72,True,True,47.89,49.46,True,5319.0,True,HOLD
GPIL,Godawari Power & Ispat Limited,Basic Materials,Steel,235.42999267578125,False,800.74,False,False,11.63,12.08,True,5745.0,False,EXIT
BIKAJI,Bikaji Foods International Limited,Consumer Defensive,Packaged Foods,613.2999877929688,False,258.51,False,False,-15.92,-19.11,False,2622.0,True,EXIT
CIEINDIA,CIE Automotive India Limited,Consumer Cyclical,Auto Parts,407.75,False,892.8199999999999,False,False,-6.93,-0.88,False,9406.0,True,EXIT
HONASA,Honasa Consumer Limited,Consumer Defensive,Household & Personal Products,502.79998779296875,False,199.94,False,True,79.68,75.86,True,2067.0,True,HOLD
CLEANMAX,CLEANMAX,Utilities,Utilities - Renewable,1248.5,False,143.39999999999998,False,False,,,False,2776.0,False,EXIT
PARADEEP,Paradeep Phosphates Limited,Basic Materials,Agricultural Inputs,147.85000610351562,False,1046.95,False,True,-30.7,-30.13,False,13820.0,True,EXIT
WELSPUNLIV,Welspun Living Limited,Consumer Cyclical,Textile Manufacturing,164.05999755859375,False,204.44,False,True,33.99,39.94,True,10545.0,True,HOLD
ZENTEC,Zen Technologies Limited,Industrials,Aerospace & Defense,1857.199951171875,False,168.51000000000002,False,True,26.38,28.0,True,974.0,True,HOLD
RATNAMANI,Ratnamani Metals & Tubes Limited,Basic Materials,Steel,2352.0,False,482.54,False,False,-4.14,-3.65,False,5186.0,True,EXIT
IGIL,International Gemological Institute Limited,Basic Materials,Other Precious Metals & Mining,345.8999938964844,False,615.86,True,True,-2.86,-2.37,False,1229.0,True,HOLD
JBMA,JBM Auto Limited,Consumer Cyclical,Auto Parts,622.9500122070312,False,208.35000000000002,True,True,-7.31,-1.26,False,5472.0,True,HOLD
ABREL,Aditya Birla Real Estate Limited,Real Estate,Real Estate Services,1402.9000244140625,False,240.17,False,False,-10.33,-25.0,False,7645.0,False,EXIT
KIRLOSBROS,Kirloskar Brothers Limited,Industrials,Specialty Industrial Machinery,1905.5,False,369.09999999999997,False,True,-4.77,-3.07,False,4492.0,True,EXIT
CCL,CCL Products (India) Limited,Consumer Defensive,Packaged Foods,1133.4000244140625,False,404.11999999999995,True,True,31.41,27.9,True,3106.0,True,HOLD
CEATLTD,CEAT Limited,Consumer Cyclical,Auto Parts,3688.800048828125,False,515.62,False,True,9.28,15.29,True,13172.0,True,HOLD
APOLLO,Apollo Micro Systems Limited,Industrials,Aerospace & Defense,393.54998779296875,False,95.81,True,True,101.75,103.21,True,562.0,True,HOLD
BEML,BEML Limited,Industrials,Conglomerates,1874.4000244140625,False,553.86,True,True,-13.27,-11.56,False,4337.0,False,HOLD
SHILPAMED,Shilpa Medicare Limited,Healthcare,Drug Manufacturers - Specialty & Generic,822.0,True,243.32999999999998,True,True,65.88,76.89,True,1281.0,True,ADD
LTFOODS,LT Foods Limited,Consumer Defensive,Packaged Foods,419.79998779296875,False,644.97,True,True,-6.6,-9.85,False,8681.0,True,HOLD
JUBLPHARMA,Jubilant Pharmova Limited,Healthcare,Drug Manufacturers - Specialty & Generic,865.7999877929688,False,431.80000000000007,False,False,-33.72,-22.04,False,9111.0,False,EXIT
ARVIND,Arvind Limited,Consumer Cyclical,Textile Manufacturing,571.8499755859375,True,413.94000000000005,True,True,89.36,95.18,True,7723.0,False,ADD
GALLANTT,Gallantt Ispat Limited,Basic Materials,Steel,582.0499877929688,False,513.3399999999999,False,False,-15.67,-15.14,False,4293.0,True,EXIT
SHAILY,Shaily Engineering Plastics Limited,Basic Materials,Specialty Chemicals,3365.0,True,169.92,True,True,79.23,79.49,True,787.0,True,ADD
CANHLIFE,CANHLIFE,Financial Services,Insurance - Life,148.7100067138672,True,113.94,False,True,,,False,,False,EXIT
EIDPARRY,E.I.D.- Parry (India) Limited,Basic Materials,Agricultural Inputs,775.2000122070312,False,1236.14,True,False,-37.94,-37.35,False,3168.0,True,EXIT
LLOYDSENGG,Lloyds Engineering Works Limited,Industrials,Specialty Industrial Machinery,93.52999877929688,True,189.88,True,True,29.02,30.64,True,846.0,True,ADD
SOBHA,Sobha Limited,Real Estate,Real Estate - Development,1328.199951171875,False,171.74,False,False,-2.69,-17.45,False,4039.0,True,EXIT
CONCORDBIO,Concord Biotech Limited,Healthcare,Biotechnology,1451.300048828125,False,273.19,False,True,-27.3,-15.67,False,1200.0,True,EXIT
JNPR,JNPR,Utilities,Utilities - Renewable,251.36000061035156,True,0.0,False,False,,,False,,False,EXIT
PRIVISCL,Privi Speciality Chemicals Limited,Basic Materials,Specialty Chemicals,3482.199951171875,False,255.89999999999998,True,True,37.72,38.09,True,2101.0,True,HOLD
SWANDEF,SWANDEF,Industrials,Aerospace & Defense,2421.0,False,226.29000000000002,False,True,578.52,578.9,True,2534.0,False,HOLD
SCI,The Shipping Corporation of India Limited,Industrials,Marine Shipping,292.25,False,1352.9,True,True,35.12,36.73,True,5794.0,False,HOLD
SHADOWFAX,SHADOWFAX,Industrials,Integrated Freight & Logistics,251.3300018310547,True,142.27,True,False,,,False,2485.0,True,EXIT
FRACTAL,FRACTAL,Technology,Software - Infrastructure,834.3499755859375,False,263.8,False,False,,,False,2765.0,True,EXIT
VENTIVE,VENTIVE,Consumer Cyclical,Lodging,582.9500122070312,False,479.46,False,False,-28.36,-22.26,False,1605.0,True,EXIT
AMAGI,AMAGI,Technology,Software - Application,608.7000122070312,False,44.86,False,False,,,False,1163.0,True,EXIT
VGUARD,V-Guard Industries Limited,Industrials,Electrical Equipment & Parts,326.75,False,373.28999999999996,True,True,-14.98,-13.26,False,5578.0,True,HOLD
PRUDENT,Prudent Corporate Advisory Services Limited,Financial Services,Asset Management,3257.10009765625,False,243.28,False,True,17.04,17.91,True,1133.0,True,HOLD
VIJAYA,Vijaya Diagnostic Centre Limited,Healthcare,Diagnostics & Research,1474.0999755859375,True,164.31,False,True,24.65,35.93,True,681.0,True,HOLD
TMB,Tamilnad Mercantile Bank Limited,Financial Services,Banks - Regional,849.4000244140625,True,1431.5499999999997,False,True,93.56,94.1,True,,False,HOLD
GRAPHITE,Graphite India Limited,Industrials,Electrical Equipment & Parts,721.5999755859375,False,421.0,False,True,29.37,30.98,True,6737.0,False,HOLD
VEDPOWER,Vedanta Power Limited,Utilities,Utilities - Independent Power Producers,36.540000915527344,False,511.0,False,False,,,False,,False,EXIT
ANURAS,Anupam Rasayan India Ltd,Basic Materials,Specialty Chemicals,1209.4000244140625,False,155.84,False,False,-0.11,0.37,False,1602.0,False,EXIT
VISL,VISL,Basic Materials,Steel,36.869998931884766,False,264.0,False,False,,,False,,False,EXIT
VINATIORGA,Vinati Organics Limited,Basic Materials,Specialty Chemicals,1338.300048828125,False,437.74,True,False,-24.51,-23.96,False,2248.0,True,EXIT
DOMS,DOMS Industries Limited,Industrials,Business Equipment & Supplies,2215.89990234375,False,217.4,False,False,-13.3,-11.58,False,1913.0,True,EXIT
JSWDULUX,JSW Dulux Limited,Unknown,Unknown,3167.39990234375,False,399.4,False,True,19.59,-11.45,False,,False,EXIT
UJJIVANSFB,Ujjivan Small Finance Bank Limited,Financial Services,Banks - Regional,72.47000122070312,True,887.45,False,True,69.23,69.88,True,,False,HOLD
KSB,KSB Limited,Industrials,Specialty Industrial Machinery,801.25,False,245.5,False,False,-5.64,-3.95,False,2696.0,True,EXIT
INGERRAND,Ingersoll-Rand (India) Limited,Industrials,Specialty Industrial Machinery,4608.7001953125,True,256.03,False,True,24.78,26.41,True,,False,HOLD
VOGL,Vedanta Oil and Gas Limited,Basic Materials,Other Industrial Metals & Mining,37.13999938964844,False,1048.0,False,False,,,False,,False,EXIT
SKFINDUS,SKFINDUS,Industrials,Tools & Accessories,2684.699951171875,False,290.37,False,False,,,False,,False,EXIT
NAZARA,Nazara Technologies Limited,Communication Services,Electronic Gaming & Multimedia,355.8999938964844,True,166.07,False,True,15.23,-3.4,False,1624.0,True,EXIT
ENGINERSIN,Engineers India Limited,Industrials,Engineering & Construction,243.67999267578125,False,691.59,True,True,22.38,24.01,True,3330.0,False,HOLD
CARTRADE,CarTrade Tech Limited,Consumer Cyclical,Auto & Truck Dealerships,2797.800048828125,False,214.57999999999998,False,True,10.51,16.52,True,641.0,True,HOLD
INOXWIND,Inox Wind Limited,Industrials,Specialty Industrial Machinery,73.66999816894531,False,406.25,False,False,-52.07,-50.27,False,4445.0,False,EXIT
BALRAMCHIN,Balrampur Chini Mills Limited,Consumer Defensive,Confectioners,624.8499755859375,False,378.46,False,True,9.84,6.48,True,5594.0,False,HOLD
JSWHL,JSW Holdings Limited,Financial Services,Asset Management,11874.0,False,79.47,False,False,-37.77,-36.64,False,407.0,False,EXIT
INDGN,INDGN,Healthcare,Health Information Services,555.7999877929688,False,415.20000000000005,False,True,-18.55,-6.98,False,2839.0,True,EXIT
RKFORGE,Ramkrishna Forgings Limited,Industrials,Metal Fabrication,732.5999755859375,False,125.88,False,True,23.95,25.59,True,4034.0,True,HOLD
BBOX,Black Box Limited,Technology,Software - Application,795.8499755859375,False,217.52,True,True,66.21,64.96,True,6288.0,False,HOLD
SPLPETRO,Supreme Petrochem Limited,Basic Materials,Specialty Chemicals,726.5499877929688,False,518.26,True,True,-5.22,-4.72,False,1613.0,True,HOLD
AVALON,Avalon Technologies Limited,Technology,Electronic Components,1940.800048828125,True,112.94,False,True,129.27,127.64,True,1098.0,True,HOLD
APTUS,Aptus Value Housing Finance India Limited,Financial Services,Mortgage Finance,250.5,False,977.3299999999999,False,False,-34.78,-33.67,False,,False,EXIT
ACE,Action Construction Equipment Limited,Industrials,Farm & Heavy Construction Machinery,1085.5999755859375,False,444.53,True,True,10.74,12.4,True,3327.0,True,HOLD
HEG,HEG Limited,Industrials,Electrical Equipment & Parts,701.0,False,586.4100000000001,False,True,33.36,34.97,True,6591.0,False,HOLD
NSLNISP,NMDC Steel Limited,Basic Materials,Steel,44.5,False,776.2199999999999,False,True,6.53,7.0,True,,False,HOLD
TRIDENT,Trident Limited,Consumer Cyclical,Textile Manufacturing,24.34000015258789,False,395.24,False,False,-23.1,-17.01,False,6998.0,False,EXIT
KEC,KEC International Limited,Industrials,Engineering & Construction,439.8999938964844,False,605.6,True,False,-49.33,-47.53,False,21847.0,True,EXIT
LLOYDSENT,Lloyds Enterprises Limited,Basic Materials,Steel,76.48999786376953,False,299.15999999999997,True,True,0.5,0.98,True,1488.0,True,HOLD
PCBL,PCBL Chemical Limited,Basic Materials,Specialty Chemicals,309.79998779296875,False,291.3,False,True,-22.68,-22.14,False,8404.0,True,EXIT
PARKHOSPS,PARKHOSPS,Healthcare,Medical Care Facilities,281.3500061035156,False,212.07000000000002,True,False,,,False,109.93,False,EXIT
GRAVITA,Gravita India Limited,Industrials,Metal Fabrication,1794.300048828125,False,389.2,True,True,-5.19,-3.49,False,3869.0,True,HOLD
MANYAVAR,Vedant Fashions Limited,Consumer Cyclical,Apparel Manufacturing,528.75,False,400.07,False,True,-39.05,-32.93,False,1368.0,True,EXIT
ASKAUTOLTD,ASKAUTOLTD,Consumer Cyclical,Auto Parts,644.7000122070312,False,302.65000000000003,False,True,24.94,30.91,True,3601.0,True,HOLD
HOMEFIRST,Home First Finance Company India Limited,Financial Services,Mortgage Finance,1176.5,False,568.38,False,True,-11.06,-10.06,False,,False,EXIT
BLUESTONE,BLUESTONE,Consumer Cyclical,Luxury Goods,845.25,False,144.12,True,True,,,False,1770.0,False,HOLD
SEDEMAC,SEDEMAC,Consumer Cyclical,Auto Parts,3152.89990234375,True,91.07000000000001,False,False,,,False,,False,EXIT
MARKSANS,Marksans Pharma Limited,Healthcare,Drug Manufacturers - General,333.0,False,417.9,True,True,71.46,82.44,True,2623.0,True,HOLD
TECHNOE,Techno Electric & Engineering Company Limited,Industrials,Engineering & Construction,968.4000244140625,False,473.86,True,False,-40.99,-39.21,False,2269.0,True,EXIT
VARROC,Varroc Engineering Limited,Consumer Cyclical,Auto Parts,847.9000244140625,False,245.63,False,True,53.17,59.07,True,12036.0,False,HOLD
ATLANTAELE,ATLANTAELE,Industrials,Electrical Equipment & Parts,1680.800048828125,False,217.47,False,True,,,False,1244.0,True,EXIT
SIGMAADV,Sigma Advanced Systems Limited,Industrials,Aerospace & Defense,660.0999755859375,False,266.27,True,True,479.89,480.49,True,103.0,False,HOLD
AVANTIFEED,Avanti Feeds Limited,Consumer Defensive,Packaged Foods,861.4000244140625,False,604.55,True,False,31.77,28.27,True,5612.0,True,HOLD
NUVOCO,Nuvoco Vistas Corporation Limited,Basic Materials,Building Materials,331.54998779296875,False,482.78,True,False,-31.28,-30.71,False,10733.0,False,EXIT
SOUTHBANK,The South Indian Bank Limited,Financial Services,Banks - Regional,45.7400016784668,False,1481.71,True,True,51.35,52.08,True,,False,HOLD
IRCON,Ircon International Limited,Industrials,Engineering & Construction,124.79000091552734,False,595.47,False,False,-30.33,-28.58,False,12514.0,False,EXIT
JPPOWER,Jaiprakash Power Ventures Limited,Utilities,Utilities - Independent Power Producers,17.389999389648438,False,764.1099999999999,False,False,0.66,-10.34,False,6763.0,False,EXIT
WABAG,VA Tech Wabag Limited,Industrials,Engineering & Construction,1904.5999755859375,False,370.6,True,True,14.55,16.2,True,3457.0,False,HOLD
TEGA,Tega Industries Limited,Industrials,Specialty Industrial Machinery,1703.800048828125,False,142.66,False,False,-13.71,-11.99,False,1639.0,True,EXIT
JMFINANCIL,JM Financial Limited,Financial Services,Capital Markets,126.43000030517578,False,1223.89,True,False,-37.14,-36.02,False,4786.0,False,EXIT
TI,Tilaknagar Industries Ltd.,Consumer Defensive,Beverages - Wineries & Distilleries,568.75,True,204.59,False,True,12.29,8.92,True,1434.0,True,HOLD
VIYASH,Viyash Scientific Limited,Healthcare,Drug Manufacturers - Specialty & Generic,255.64999389648438,False,119.6,False,True,30.16,41.41,True,1551.0,True,HOLD
BLUEDART,Blue Dart Express Limited,Industrials,Integrated Freight & Logistics,5141.0,False,254.5,False,False,-17.97,-16.24,False,5720.0,True,EXIT
UTLSOLAR,UTLSOLAR,Technology,Solar,423.8500061035156,True,292.41,False,False,,,False,1541.0,True,EXIT
E2E,E2E Networks Limited,Technology,Software - Infrastructure,666.75,True,69.48,False,True,221.26,219.07,True,,False,HOLD
LUMAXTECH,Lumax Auto Technologies Limited,Consumer Cyclical,Auto Parts,2025.699951171875,True,278.86,True,True,91.78,97.59,True,3637.0,True,ADD
KTKBANK,The Karnataka Bank Limited,Financial Services,Banks - Regional,309.6499938964844,True,1437.3700000000001,True,True,77.62,78.23,True,,False,ADD
METROPOLIS,Metropolis Healthcare Limited,Healthcare,Diagnostics & Research,545.5,False,148.95999999999998,False,True,-12.7,-1.17,False,1331.0,True,EXIT
JUBLINGREA,Jubilant Ingrevia Limited,Basic Materials,Specialty Chemicals,736.9500122070312,False,314.26,False,True,0.51,0.99,True,4949.0,False,HOLD
UTIAMC,UTI Asset Management Company Limited,Financial Services,Asset Management,908.0499877929688,False,718.39,False,False,-36.92,-35.8,False,1851.0,True,EXIT
TITAGARH,Titagarh Rail Systems Limited,Industrials,Railroads,831.3499755859375,False,169.75,False,True,-3.13,-1.44,False,3868.0,True,EXIT
ABLBL,ABLBL,Consumer Cyclical,Apparel Retail,88.7699966430664,False,176.61,False,False,-42.88,-36.75,False,7830.0,True,EXIT
JKTYRE,JK Tyre & Industries Limited,Consumer Cyclical,Auto Parts,384.1000061035156,False,649.87,False,False,13.09,19.1,True,10313.0,False,EXIT
PGIL,Pearl Global Industries Limited,Consumer Cyclical,Apparel Manufacturing,2474.60009765625,True,277.65999999999997,True,True,87.04,92.86,True,4699.0,False,ADD
OLECTRA,Olectra Greentech Limited,Industrials,Farm & Heavy Construction Machinery,1316.9000244140625,False,177.5,True,True,-16.1,-14.37,False,1802.0,True,HOLD
PVRINOX,PVR INOX Limited,Communication Services,Entertainment,1174.0,False,392.9,True,True,23.51,4.77,True,6107.0,False,HOLD
ZENSARTECH,Zensar Technologies Limited,Technology,Information Technology Services,490.79998779296875,False,776.2,True,False,-42.33,-42.92,False,5281.0,True,EXIT
IEX,Indian Energy Exchange Limited,Financial Services,Capital Markets,124.75,False,504.34,True,False,-16.12,-15.1,False,535.0,True,EXIT
SIGNATURE,Signatureglobal (India) Limited,Real Estate,Real Estate - Development,809.25,False,1279.03,True,False,-15.89,-30.48,False,2498.0,True,EXIT
RITES,RITES Limited,Industrials,Engineering & Construction,221.05999755859375,False,417.38,False,False,-17.51,-15.79,False,2662.0,False,EXIT
MGL,Mahanagar Gas Limited,Utilities,Utilities - Regulated Gas,1138.699951171875,False,842.77,False,True,-6.55,-17.35,False,7264.0,True,EXIT
RATEGAIN,RateGain Travel Technologies Limited,Technology,Software - Application,942.5999755859375,True,194.38,False,True,90.28,88.89,True,1077.0,True,HOLD
EDELWEISS,Edelweiss Financial Services Limited,Financial Services,Financial Conglomerates,121.9800033569336,False,546.63,False,True,21.8,22.66,True,11078.0,False,HOLD
SKYGOLD,Sky Gold and Diamonds Limited,Consumer Cyclical,Luxury Goods,773.4000244140625,False,275.4,True,True,173.49,179.11,True,3548.0,True,HOLD
JWL,Jupiter Wagons Limited,Industrials,Railroads,256.5,False,171.07999999999998,False,False,-24.14,-22.4,False,3871.0,True,EXIT
SHREEJISPG,SHREEJISPG,Industrials,Marine Shipping,653.4000244140625,True,164.72,True,True,,,False,731.0,False,HOLD
AAVAS,Aavas Financiers Limited,Financial Services,Mortgage Finance,1397.4000244140625,False,686.9200000000001,True,False,-20.8,-19.75,False,,False,EXIT
SUDEEPPHRM,SUDEEPPHRM,Healthcare,Drug Manufacturers - Specialty & Generic,1105.550048828125,True,151.13,False,False,,,False,502.0,True,EXIT
CANFINHOME,Can Fin Homes Limited,Financial Services,Mortgage Finance,820.7999877929688,False,1102.1399999999999,False,False,3.18,4.12,True,,False,EXIT
AKUMS,AKUMS,Healthcare,Drug Manufacturers - Specialty & Generic,726.5999755859375,False,255.19,False,True,39.16,50.35,True,4178.0,False,HOLD
JAINREC,JAINREC,Basic Materials,Other Industrial Metals & Mining,293.3999938964844,False,303.45,False,False,,,False,7126.0,True,EXIT
RELAXO,Relaxo Footwears Limited,Consumer Cyclical,Footwear & Accessories,396.25,False,179.27,False,True,-19.35,-13.27,False,,False,EXIT
BLACKBUCK,BlackBuck Limited,Technology,Software - Application,571.1500244140625,False,168.82,True,False,1.8,0.94,True,867.0,False,HOLD
IIFLCAPS,IIFL Capital Services Limited,Financial Services,Capital Markets,335.20001220703125,False,570.11,False,True,1.7,2.65,True,2520.0,True,HOLD
JLHL,Jupiter Life Line Hospitals Limited,Healthcare,Medical Care Facilities,315.75,False,188.14,False,True,-4.71,6.76,False,1262.0,True,EXIT
BBTC,The Bombay Burmah Trading Corporation Limited,Consumer Defensive,Packaged Foods,1468.199951171875,False,1242.67,True,False,-20.75,-23.9,False,18298.0,True,EXIT
WEWORK,WEWORK,Real Estate,Real Estate Services,708.5,False,86.56,False,True,,,False,1949.0,True,EXIT
BLS,BLS International Services Limited,Industrials,Specialty Business Services,278.1199951171875,False,686.7,True,False,-31.22,-29.46,False,2193.0,True,EXIT
GODREJAGRO,Godrej Agrovet Limited,Consumer Defensive,Packaged Foods,580.5,False,514.6899999999999,False,False,-23.76,-26.9,False,9561.0,False,EXIT
SBFC,SBFC Finance Limited,Financial Services,Credit Services,94.05000305175781,False,471.82,True,False,-15.47,-14.44,False,,False,EXIT
SANOFICONR,SANOFICONR,Healthcare,Drug Manufacturers - General,4444.89990234375,False,266.0,False,False,-29.5,-17.86,False,,False,EXIT
FIRSTCRY,FIRSTCRY,Consumer Cyclical,Internet Retail,206.08999633789062,False,140.22,True,False,-54.56,-48.4,False,7660.0,True,EXIT
MANORAMA,Manorama Industries Limited,Consumer Defensive,Packaged Foods,1737.0999755859375,True,201.73,True,True,25.64,22.17,True,771.0,True,ADD
WHIRLPOOL,Whirlpool of India Limited,Consumer Cyclical,"Furnishings, Fixtures & Appliances",778.9000244140625,False,371.62,False,False,-47.4,-41.25,False,7919.0,True,EXIT
BLUEJET,Blue Jet Healthcare Limited,Healthcare,Biotechnology,584.5,False,273.94000000000005,False,True,-41.66,-29.93,False,538.0,False,EXIT
PARAS,Paras Defence and Space Technologies Limited,Industrials,Aerospace & Defense,1377.5,True,88.10000000000001,False,True,100.95,102.41,True,365.0,True,HOLD
PGHL,Procter & Gamble Health Limited,Healthcare,Drug Manufacturers - Specialty & Generic,5932.0,False,326.91,False,True,-21.39,-9.8,False,,False,EXIT
FINPIPE,Finolex Industries Limited,Industrials,Building Products & Equipment,159.24000549316406,False,599.05,False,False,-20.89,-19.16,False,4647.0,False,EXIT
TIMETECHNO,Time Technoplast Limited,Consumer Cyclical,Packaging & Containers,193.27000427246094,False,468.72,True,True,-23.39,-17.3,False,5457.0,True,HOLD
HCG,HealthCare Global Enterprises Limited,Healthcare,Medical Care Facilities,714.2999877929688,False,32.62,False,True,-7.48,4.01,False,2218.0,True,EXIT
AFCONS,AFCONS,Industrials,Engineering & Construction,268.79998779296875,False,428.29999999999995,False,False,-41.97,-40.19,False,13268.0,False,EXIT
VOLTAMP,Voltamp Transformers Limited,Industrials,Electrical Equipment & Parts,10141.0,False,317.04999999999995,False,True,22.79,24.42,True,,False,HOLD
INTELLECT,Intellect Design Arena Limited,Technology,Software - Application,700.5999755859375,False,345.24,False,False,-27.88,-28.55,False,2506.0,False,EXIT
SANDUMA,The Sandur Manganese & Iron Ores Limited,Basic Materials,Steel,198.00999450683594,False,657.11,False,False,24.23,24.64,True,3135.0,True,EXIT
SAREGAMA,Saregama India Limited,Communication Services,Entertainment,527.2999877929688,False,223.44,True,True,24.63,5.88,True,1171.0,True,HOLD
BANCOINDIA,Banco Products (India) Limited,Consumer Cyclical,Auto Parts,618.0999755859375,False,481.67999999999995,True,False,5.07,11.09,True,1105.0,True,HOLD
ELECON,Elecon Engineering Company Limited,Industrials,Specialty Industrial Machinery,432.3500061035156,False,323.78,False,False,-27.53,-25.78,False,2227.0,True,EXIT
ELANTAS,ELANTAS Beck India Limited,Basic Materials,Specialty Chemicals,11807.5,True,141.31,False,False,,,False,,False,EXIT
TSFINV,TSF Investments Limited,Financial Services,Asset Management,415.45001220703125,False,521.78,False,False,-18.48,-17.44,False,291.0,False,EXIT
ALKYLAMINE,Alkyl Amines Chemicals Limited,Basic Materials,Specialty Chemicals,1916.9000244140625,False,231.7,True,True,-12.09,-11.58,False,993.0,True,HOLD
SWANCORP,Swan Corp Limited,Industrials,Conglomerates,304.6000061035156,False,301.5,False,False,-35.51,-33.74,False,5017.0,False,EXIT
THYROCARE,Thyrocare Technologies Limited,Healthcare,Diagnostics & Research,624.0499877929688,True,128.32,False,True,19.95,31.27,True,687.0,True,HOLD
MMTC,MMTC Limited,Industrials,Conglomerates,64.3499984741211,False,387.38,False,True,-2.15,-0.46,False,30000.0,False,EXIT
PCJEWELLER,PC Jeweller Limited,Consumer Cyclical,Luxury Goods,9.640000343322754,False,714.46,False,False,-35.65,-29.54,False,9610.0,False,EXIT
WAAREERTL,Waaree Renewable Technologies Limited,Industrials,Engineering & Construction,891.5499877929688,False,478.3,True,False,-16.34,-14.62,False,1598.0,True,EXIT
KIRLPNU,Kirloskar Pneumatic Company Limited,Industrials,Specialty Industrial Machinery,1524.699951171875,False,245.9,True,True,12.37,14.02,True,1640.0,True,HOLD
RAILTEL,RailTel Corporation of India Limited,Communication Services,Telecom Services,282.1499938964844,False,336.03,True,False,-4.36,-22.72,False,1964.0,True,EXIT
BATAINDIA,Bata India Limited,Consumer Cyclical,Footwear & Accessories,755.7000122070312,False,166.23,False,False,-38.17,-32.04,False,3489.0,True,EXIT
STAR,Strides Pharma Science Limited,Healthcare,Drug Manufacturers - Specialty & Generic,967.7999877929688,False,585.57,False,True,-7.41,4.08,False,4565.0,True,EXIT
WESTLIFE,Westlife Foodworld Limited,Consumer Cyclical,Restaurants,582.9000244140625,False,5.22,False,True,-22.41,-16.33,False,2491.0,True,EXIT
NCC,NCC Limited,Industrials,Engineering & Construction,140.64999389648438,False,774.4300000000001,False,False,-41.42,-39.64,False,22199.0,True,EXIT
TEJASNET,Tejas Networks Limited,Technology,Communication Equipment,538.5,False,804.0000000000001,True,True,-6.16,-6.97,False,8923.0,True,HOLD
VESUVIUS,Vesuvius India Limited,Industrials,Specialty Industrial Machinery,431.54998779296875,False,260.62,False,False,-20.93,-19.2,False,,False,EXIT
LOTUSDEV,LOTUSDEV,Industrials,Engineering & Construction,172.4499969482422,False,256.94,True,True,-13.8,-12.08,False,548.0,True,HOLD
SUDARSCHEM,Sudarshan Chemical Industries Limited,Basic Materials,Specialty Chemicals,1118.0999755859375,False,252.89999999999998,False,True,-27.24,-26.69,False,3346.0,True,EXIT
ZEEL,Zee Entertainment Enterprises Limited,Communication Services,Broadcasting,102.27999877929688,False,589.8000000000001,False,True,2.4,-16.05,False,8637.0,False,EXIT
SGMART,SG Mart Limited,Industrials,Industrial Distribution,735.8499755859375,True,130.1,True,True,,,False,5856.0,True,HOLD
SUVEN,Suven Life Sciences Limited,Healthcare,Drug Manufacturers - Specialty & Generic,342.3500061035156,True,276.35,True,True,30.28,41.52,True,625.0,False,ADD
JAYNECOIND,Jayaswal Neco Industries Limited,Basic Materials,Steel,88.93000030517578,False,551.9,False,True,50.45,50.79,True,6297.0,False,HOLD
TARIL,TARIL,Industrials,Electrical Equipment & Parts,298.04998779296875,False,258.56,True,False,-46.89,-45.09,False,2017.0,True,EXIT
CYIENT,Cyient Limited,Industrials,Conglomerates,867.0499877929688,False,404.5,False,False,-31.87,-30.12,False,7360.0,True,EXIT
BSOFT,Birlasoft Limited,Technology,Information Technology Services,312.04998779296875,False,563.25,False,False,-18.77,-19.5,False,5375.0,True,EXIT
SONATSOFTW,Sonata Software Limited,Technology,Information Technology Services,325.8999938964844,False,464.39,True,True,-12.66,-13.43,False,991.0,True,HOLD
LEMONTREE,Lemon Tree Hotels Limited,Consumer Cyclical,Lodging,108.91999816894531,False,227.08999999999997,True,False,-35.16,-29.04,False,1286.0,True,EXIT
PNGJL,PNGJL,Consumer Cyclical,Luxury Goods,610.7000122070312,False,445.82,True,True,-1.97,4.07,False,7586.0,True,HOLD
EUREKAFORB,Eureka Forbes Limited,Consumer Cyclical,"Furnishings, Fixtures & Appliances",442.75,False,162.63,False,False,-30.61,-24.5,False,2437.0,True,EXIT
QPOWER,QPOWER,Industrials,Electrical Equipment & Parts,1249.300048828125,False,121.33,False,True,55.41,56.97,True,337.0,True,HOLD
ESABINDIA,ESAB India Limited,Industrials,Tools & Accessories,6232.0,False,206.69,True,True,18.73,20.37,True,339.0,True,HOLD
KRBL,KRBL Limited,Consumer Defensive,Packaged Foods,386.3999938964844,False,648.0400000000001,False,True,-18.57,-21.74,False,5594.0,True,EXIT
EQUITASBNK,Equitas Small Finance Bank Limited,Financial Services,Banks - Regional,74.5199966430664,False,710.08,False,True,35.94,36.73,True,,False,HOLD
RHIM,RHI Magnesita India Limited,Industrials,Metal Fabrication,379.8500061035156,False,653.2900000000001,True,False,-27.93,-26.18,False,2892.0,True,EXIT
GENUSPOWER,Genus Power Infrastructures Limited,Industrials,Electrical Equipment & Parts,309.1000061035156,False,572.63,True,True,-17.96,-16.23,False,2442.0,True,HOLD
CLEAN,Clean Science and Technology Limited,Basic Materials,Specialty Chemicals,821.5,False,247.56,False,False,-35.05,-34.47,False,936.0,False,EXIT
ICIL,Indo Count Industries Limited,Consumer Cyclical,Textile Manufacturing,379.8999938964844,False,125.44999999999999,False,True,44.75,50.68,True,3772.0,True,HOLD
TTKPRESTIG,TTK Prestige Limited,Consumer Cyclical,"Furnishings, Fixtures & Appliances",595.9000244140625,False,155.68,False,True,-15.77,-9.7,False,2626.0,False,EXIT
GRINFRA,G R Infraprojects Limited,Industrials,Engineering & Construction,872.7000122070312,False,902.8399999999999,False,False,-36.79,-35.02,False,9482.0,False,EXIT
YATHARTH,Yatharth Hospital & Trauma Care Services Limited,Healthcare,Medical Care Facilities,844.7000122070312,False,176.15,True,True,3.12,14.55,True,860.0,True,HOLD
POWERMECH,Power Mech Projects Limited,Industrials,Engineering & Construction,2455.199951171875,False,363.89,True,True,-27.65,-25.9,False,5234.0,True,HOLD
MAHLIFE,Mahindra Lifespace Developers Limited,Real Estate,Real Estate - Development,384.8999938964844,False,335.76,True,True,23.97,8.87,True,1086.0,False,HOLD
TIPSMUSIC,Tips Music Limited,Communication Services,Entertainment,670.9000244140625,False,207.26000000000002,False,True,28.87,10.06,True,,False,HOLD
CELLO,Cello World Limited,Consumer Cyclical,"Furnishings, Fixtures & Appliances",377.6000061035156,False,312.44,False,False,-38.97,-32.84,False,2136.0,True,EXIT
KWIL,KWIL,Consumer Defensive,Packaged Foods,35.9900016784668,True,285.5,False,False,,,False,,False,EXIT
STARCEMENT,Star Cement Limited,Basic Materials,Building Materials,200.05999755859375,False,444.64,False,False,-35.31,-34.73,False,3163.0,True,EXIT
MIDHANI,Mishra Dhatu Nigam Limited,Basic Materials,Steel,416.70001220703125,False,131.47,False,True,0.62,1.1,True,1074.0,True,HOLD
TANLA,Tanla Platforms Limited,Technology,Software - Application,582.0499877929688,False,526.27,False,True,-7.66,-8.47,False,4028.0,True,EXIT
SMLMAH,SMLMAH,Consumer Cyclical,Auto Manufacturers,5134.5,False,201.07,False,True,8.71,14.73,True,,False,HOLD
V2RETAIL,V2 Retail Limited,Consumer Cyclical,Apparel Retail,216.39999389648438,False,161.47,True,False,15.95,21.95,True,1884.0,True,HOLD
AVL,Aditya Vision Limited,Consumer Cyclical,Specialty Retail,624.6500244140625,False,138.98000000000002,False,True,37.02,42.96,True,2260.0,True,HOLD
WELENT,Welspun Enterprises Limited,Industrials,Engineering & Construction,561.7000122070312,False,305.64,False,True,18.76,20.4,True,3584.0,True,HOLD
IMFA,Indian Metals and Ferro Alloys Limited,Basic Materials,Other Industrial Metals & Mining,1404.5,False,374.12,False,True,66.42,66.71,True,2780.0,False,HOLD
RELIGARE,Religare Enterprises Limited,Financial Services,Insurance - Life,234.75,False,176.62,False,False,-13.37,-12.35,False,7385.0,True,EXIT
GARFIBRES,Garware Technical Fibres Limited,Consumer Cyclical,Textile Manufacturing,755.5,False,198.56,False,True,-14.29,-8.22,False,1540.0,True,EXIT
KRN,KRN,Technology,Electronic Components,1468.300048828125,True,73.31,True,True,69.37,68.1,True,430.0,True,ADD
MAHSEAMLES,Maharashtra Seamless Limited,Basic Materials,Steel,612.4500122070312,False,818.05,False,True,-13.74,-13.23,False,5716.0,False,EXIT
GNFC,Gujarat Narmada Valley Fertilizers & Chemicals Limited,Basic Materials,Chemicals,568.9500122070312,False,808.0,False,True,8.94,9.39,True,10227.0,False,HOLD
SJS,S.J.S. Enterprises Limited,Consumer Cyclical,Auto Parts,2532.5,True,161.07,False,True,105.46,111.24,True,398.0,True,HOLD
CERA,Cera Sanitaryware Limited,Industrials,Building Products & Equipment,5872.0,False,204.22,False,True,-13.97,-12.25,False,1926.0,True,EXIT
NEWGEN,Newgen Software Technologies Limited,Technology,Software - Infrastructure,535.1500244140625,False,281.65999999999997,False,False,-43.08,-43.66,False,1487.0,True,EXIT
BORORENEW,Borosil Renewables Limited,Technology,Solar,577.0499877929688,False,382.49,True,True,-1.17,-2.01,False,1476.0,True,HOLD
IXIGO,IXIGO,Consumer Cyclical,Travel Services,174.02999877929688,False,92.02,False,False,-45.38,-39.24,False,914.0,True,EXIT
ORKLAINDIA,ORKLAINDIA,Consumer Defensive,Packaged Foods,549.75,False,231.16,False,False,,,False,2395.0,True,EXIT
GAEL,Gujarat Ambuja Exports Limited,Consumer Defensive,Packaged Foods,172.80999755859375,False,416.03000000000003,False,True,68.71,64.96,True,4927.0,False,HOLD
DYNAMATECH,Dynamatic Technologies Limited,Consumer Cyclical,Auto Parts,11188.0,False,32.41,False,True,63.73,69.61,True,1626.0,False,HOLD
REDTAPE,REDTAPE Limited,Consumer Cyclical,Footwear & Accessories,122.19000244140625,False,240.54999999999998,True,False,-8.74,-2.68,False,2021.0,True,EXIT
SANOFI,Sanofi India Limited,Healthcare,Drug Manufacturers - General,3242.89990234375,False,353.3,False,False,-51.94,-40.15,False,2013.0,True,EXIT
ABFRL,Aditya Birla Fashion and Retail Limited,Consumer Cyclical,Apparel Manufacturing,55.97999954223633,False,551.23,True,False,-35.51,-29.39,False,12418.0,False,EXIT
TTML,Tata Teleservices (Maharashtra) Limited,Communication Services,Telecom Services,38.59000015258789,False,1128.49,True,False,-19.52,-37.68,False,2972.0,False,EXIT
INDIAGLYCO,India Glycols Limited,Basic Materials,Chemicals,1061.0999755859375,False,292.76,False,True,27.08,27.49,True,3768.0,True,HOLD
GMRP&UI,GMR Power And Urban Infra Limited,Energy,Thermal Coal,97.06999969482422,False,1176.4399999999998,False,False,-31.68,-20.88,False,6344.0,True,EXIT
SKFINDIA,SKF India Limited,Industrials,Tools & Accessories,1573.300048828125,False,305.46,False,False,-70.4,-68.56,False,4920.0,True,EXIT
JYOTHYLAB,Jyothy Labs Limited,Consumer Defensive,Household & Personal Products,199.36000061035156,False,333.19,False,False,-40.82,-43.85,False,2847.0,True,EXIT
PRECWIRE,Precision Wires India Limited,Industrials,Electrical Equipment & Parts,458.3500061035156,True,155.27,True,True,158.74,160.07,True,881.0,False,ADD
INDIASHLTR,India Shelter Finance Corporation Limited,Financial Services,Mortgage Finance,670.7000122070312,False,383.58,False,False,-32.09,-30.99,False,,False,EXIT
KINGFA,Kingfa Science & Technology (India) Limited,Basic Materials,Specialty Chemicals,5870.0,True,185.24999999999997,True,True,49.38,49.72,True,1745.0,True,ADD
RAIN,Rain Industries Limited,Basic Materials,Specialty Chemicals,208.69000244140625,False,333.34999999999997,False,True,29.73,30.13,True,21011.0,False,HOLD
ETHOSLTD,Ethos Limited,Consumer Cyclical,Luxury Goods,2747.39990234375,False,103.88,True,True,-10.92,-4.86,False,1252.0,True,HOLD
JSLL,JSLL,Healthcare,Medical Care Facilities,521.3499755859375,False,221.81,False,False,-36.7,-25.01,False,469.0,True,EXIT
SUPRIYA,Supriya Lifescience Limited,Healthcare,Biotechnology,791.6500244140625,False,209.13,False,True,6.32,17.72,True,696.0,True,HOLD
SFL,Sheela Foam Limited,Consumer Cyclical,"Furnishings, Fixtures & Appliances",699.9500122070312,False,163.92000000000002,False,True,-6.0,0.05,False,3439.0,True,EXIT
NESCO,Nesco Limited,Industrials,Conglomerates,1038.0,False,416.55999999999995,True,False,-29.24,-27.48,False,732.0,True,EXIT
UNIMECH,UNIMECH,Industrials,Aerospace & Defense,1522.5999755859375,True,63.28,False,True,37.15,38.75,True,243.0,True,HOLD
SHARDACROP,Sharda Cropchem Limited,Basic Materials,Agricultural Inputs,786.4000244140625,False,694.5799999999999,True,False,-22.41,-21.87,False,4320.0,True,EXIT
KIRLFER,Kirloskar Ferrous Industries Limited,Industrials,Metal Fabrication,432.29998779296875,False,271.53999999999996,False,False,,,False,,False,EXIT
GPPL,Gujarat Pipavav Port Limited,Industrials,Marine Shipping,158.67999267578125,False,466.78999999999996,True,False,-2.57,-0.88,False,988.0,True,EXIT
KPIGREEN,KPI Green Energy Limited,Utilities,Utilities - Renewable,319.0,False,491.67999999999995,True,False,-31.16,-41.32,False,1735.0,True,EXIT
GALAXYSURF,Galaxy Surfactants Limited,Basic Materials,Specialty Chemicals,2508.39990234375,False,267.38,False,True,6.07,6.53,True,4462.0,False,HOLD
PICCADIL,Piccadily Agro Industries Limited,Consumer Defensive,Beverages - Wineries & Distilleries,641.9000244140625,False,138.07,True,True,2.73,-0.58,False,797.0,True,HOLD
DBL,Dilip Buildcon Limited,Industrials,Engineering & Construction,412.3500061035156,False,1302.36,True,False,-19.7,-17.97,False,10537.0,False,EXIT
SAFARI,Safari Industries (India) Limited,Consumer Cyclical,Footwear & Accessories,1498.5,False,165.05,False,False,-37.23,-31.11,False,1772.0,True,EXIT
KENNAMET,Kennametal India Limited,Industrials,Tools & Accessories,3513.300048828125,True,138.5,False,False,,,False,,False,EXIT
HMT,HMT Limited,Industrials,Farm & Heavy Construction Machinery,58.7400016784668,False,131.54,False,True,-0.9,0.79,False,275.0,False,EXIT
SAPPHIRE,Sapphire Foods India Limited,Consumer Cyclical,Restaurants,234.72000122070312,False,33.23,False,True,-33.52,-27.4,False,2451.0,True,EXIT
INOXGREEN,Inox Green Energy Services Limited,Utilities,Utilities - Renewable,187.07000732421875,False,102.41,True,False,28.91,17.17,True,368.0,False,HOLD
EPL,EPL Limited,Consumer Cyclical,Packaging & Containers,244.60000610351562,False,388.90000000000003,True,True,-3.84,2.2,False,4213.0,True,HOLD
SUPRAJIT,Suprajit Engineering Limited,Consumer Cyclical,Auto Parts,524.5999755859375,False,182.67000000000002,True,True,8.75,14.76,True,3277.0,True,HOLD
OMNI,OMNI,Industrials,Specialty Industrial Machinery,579.0,False,49.769999999999996,False,False,,,False,343.0,True,EXIT
ASHAPURMIN,Ashapura Minechem Limited,Basic Materials,Other Industrial Metals & Mining,603.4500122070312,False,401.41,False,False,16.94,17.37,True,2739.0,True,EXIT
BIRLACORPN,Birla Corporation Limited,Basic Materials,Building Materials,904.9000244140625,False,553.75,False,False,-33.44,-32.87,False,9656.0,False,EXIT
TCI,Transport Corporation of India Limited,Industrials,Integrated Freight & Logistics,915.2000122070312,False,450.5,True,False,-24.9,-23.16,False,4492.0,True,EXIT
BAJAJCON,Bajaj Consumer Care Limited,Consumer Defensive,Household & Personal Products,500.6000061035156,False,223.01,True,True,123.83,119.72,True,984.0,False,HOLD
JKPAPER,JK Paper Limited,Basic Materials,Paper & Paper Products,379.8999938964844,False,328.62,False,True,2.15,2.62,True,6718.0,True,HOLD
SUNFLAG,Sunflag Iron and Steel Company Limited,Basic Materials,Steel,355.1499938964844,False,202.35000000000002,False,True,14.59,15.03,True,3536.0,True,HOLD
JKLAKSHMI,JK Lakshmi Cement Limited,Basic Materials,Building Materials,549.0499877929688,False,331.15,False,False,-43.42,-42.81,False,6788.0,False,EXIT
RCF,Rashtriya Chemicals and Fertilizers Limited,Basic Materials,Agricultural Inputs,124.05000305175781,False,427.45,False,False,-19.1,-18.56,False,21452.0,False,EXIT
GREENLAM,Greenlam Industries Limited,Consumer Cyclical,"Furnishings, Fixtures & Appliances",251.3000030517578,False,87.32000000000001,False,True,5.77,11.79,True,2569.0,True,HOLD
HNDFDS,Hindustan Foods Limited,Industrials,Conglomerates,591.4000244140625,False,144.62999999999997,True,True,8.35,10.02,True,3564.0,True,HOLD
NEPHROPLUS,NEPHROPLUS,Healthcare,Medical Care Facilities,696.7000122070312,False,107.59,False,False,,,False,756.0,True,EXIT
MBAPL,Madhya Bharat Agro Products Limited,Basic Materials,Agricultural Inputs,168.4600067138672,True,119.72999999999999,False,True,95.33,95.54,True,,False,HOLD
SPARC,Sun Pharma Advanced Research Company Limited,Healthcare,Drug Manufacturers - Specialty & Generic,197.97999572753906,False,1969.4799999999998,True,True,25.86,37.14,True,239.0,False,HOLD
BECTORFOOD,Mrs. Bectors Food Specialities Limited,Consumer Defensive,Packaged Foods,240.3699951171875,False,140.88,True,True,-14.71,-17.9,False,1742.0,True,HOLD
CAMPUS,Campus Activewear Limited,Consumer Cyclical,Footwear & Accessories,218.39999389648438,False,150.08999999999997,False,False,-23.94,-17.84,False,1194.0,True,EXIT
AXISCADES,AXISCADES Technologies Limited,Industrials,Engineering & Construction,1484.800048828125,False,71.92,False,False,16.95,18.6,True,1031.0,True,EXIT
FIEMIND,Fiem Industries Limited,Consumer Cyclical,Auto Parts,2350.39990234375,False,255.59,True,True,18.3,24.29,True,2423.0,True,HOLD
RBA,Restaurant Brands Asia Limited,Consumer Cyclical,Restaurants,99.08000183105469,False,156.84,True,True,15.72,21.72,True,2551.0,True,HOLD
GOKULAGRO,Gokul Agro Resources Limited,Consumer Defensive,Packaged Foods,231.64999389648438,True,421.34,True,True,53.59,49.94,True,19551.0,True,ADD
POWERICA,POWERICA,Industrials,Specialty Industrial Machinery,549.9500122070312,False,0.0,False,False,,,False,2653.0,True,EXIT
STYL,STYL,Technology,Software - Infrastructure,408.29998779296875,True,263.76,False,True,,,False,1558.0,False,EXIT
IBULLSLTD,IBULLSLTD,Real Estate,Real Estate - Development,27.079999923706055,False,419.07,False,True,79.65,63.85,True,310.0,False,HOLD
BALAMINES,Balaji Amines Limited,Basic Materials,Specialty Chemicals,2133.800048828125,False,204.14000000000001,False,True,33.34,33.73,True,2346.0,False,HOLD
MAXESTATES,MAXESTATES,Real Estate,Real Estate - Development,441.95001220703125,False,29.549999999999997,False,True,9.28,-5.64,False,160.0,True,EXIT
AJAXENGG,AJAXENGG,Industrials,Farm & Heavy Construction Machinery,582.2000122070312,False,225.14999999999998,False,True,-23.44,-21.7,False,,False,EXIT
GSFC,Gujarat State Fertilizers & Chemicals Limited,Basic Materials,Agricultural Inputs,160.25,False,672.78,False,False,-25.55,-25.0,False,11369.0,False,EXIT
KOVAI,Kovai Medical Center and Hospital Limited,Healthcare,Medical Care Facilities,6038.5,True,240.79999999999998,False,False,,,False,,False,EXIT
EMIL,Electronics Mart India Limited,Consumer Cyclical,Specialty Retail,189.44000244140625,False,107.13000000000001,False,True,48.95,54.87,True,6965.0,True,HOLD
SENCO,Senco Gold Limited,Consumer Cyclical,Luxury Goods,341.8500061035156,False,574.31,True,True,-15.38,-9.31,False,6328.0,True,HOLD
SHAKTIPUMP,Shakti Pumps (India) Limited,Industrials,Specialty Industrial Machinery,500.29998779296875,False,212.32999999999998,False,False,-47.99,-46.19,False,2516.0,True,EXIT
DBREALTY,Valor Estate Limited,Real Estate,Real Estate - Development,111.91000366210938,False,143.98,False,False,-27.72,-42.17,False,1133.0,True,EXIT
VMART,V-Mart Retail Limited,Consumer Cyclical,Department Stores,807.5,False,155.35,False,True,-1.12,4.91,False,,False,EXIT
TRANSRAILL,TRANSRAILL,Industrials,Engineering & Construction,468.95001220703125,False,403.04,False,False,-46.49,-44.7,False,5308.0,True,EXIT
GANESHHOU,Ganesh Housing Limited,Real Estate,Real Estate - Development,835.5999755859375,False,250.12,False,True,7.43,-7.47,False,959.0,True,EXIT
DODLA,Dodla Dairy Limited,Consumer Defensive,Food Distribution,1109.4000244140625,False,241.98000000000002,False,False,-15.85,-19.04,False,3720.0,True,EXIT
ACI,Archean Chemical Industries Limited,Basic Materials,Chemicals,503.29998779296875,False,96.83000000000001,False,False,-30.11,-29.54,False,1441.0,False,EXIT
PAISALO,Paisalo Digital Limited,Financial Services,Credit Services,68.66999816894531,False,237.2,True,True,120.84,121.26,True,,False,HOLD
KMEW,Knowledge Marine & Engineering Works Limited,Industrials,Marine Shipping,2730.800048828125,True,82.08,True,True,222.0,223.19,True,195.0,False,ADD
AARTIPHARM,Aarti Pharmalabs Limited,Healthcare,Drug Manufacturers - Specialty & Generic,851.2000122070312,False,186.5,False,True,-3.14,8.33,False,2115.0,True,EXIT
DCBBANK,DCB Bank Limited,Financial Services,Banks - Regional,182.0399932861328,False,760.85,True,True,45.6,46.35,True,,False,HOLD
SENORES,SENORES,Healthcare,Drug Manufacturers - General,1477.699951171875,True,126.37,True,True,104.05,114.8,True,398.0,True,ADD
LATENTVIEW,Latent View Analytics Limited,Industrials,Consulting Services,285.20001220703125,False,151.01,False,False,-34.28,-32.52,False,848.0,True,EXIT
SIS,SIS Limited,Industrials,Security & Protection Services,429.6499938964844,False,414.55,True,True,16.24,17.89,True,4931.0,True,HOLD
ARVINDFASN,Arvind Fashions Limited,Consumer Cyclical,Apparel Retail,447.8500061035156,False,94.68,True,False,-20.42,-14.34,False,4644.0,False,EXIT
HAPPSTMNDS,Happiest Minds Technologies Limited,Technology,Information Technology Services,420.20001220703125,False,226.2,False,True,-31.2,-31.86,False,2061.0,True,EXIT
TIIL,Technocraft Industries (India) Limited,Industrials,Tools & Accessories,3088.699951171875,False,285.30999999999995,True,True,9.91,11.57,True,2596.0,True,HOLD
KSHINTL,KSHINTL,Industrials,Electrical Equipment & Parts,1028.5999755859375,True,99.0,False,False,,,False,1928.0,True,EXIT
CORDELIA,CORDELIA,Industrials,Marine Shipping,837.8499755859375,False,28.93,False,False,,,False,,False,EXIT
FDC,FDC Limited,Healthcare,Drug Manufacturers - Specialty & Generic,354.20001220703125,False,281.42,False,False,-41.48,-29.76,False,2108.0,True,EXIT
ITDC,India Tourism Development Corporation Limited,Consumer Cyclical,Lodging,696.75,False,82.69999999999999,True,True,19.6,25.58,True,570.0,True,HOLD
PTC,PTC India Limited,Utilities,Utilities - Independent Power Producers,161.47000122070312,False,605.63,False,False,-6.65,-17.45,False,18346.0,False,EXIT
STYLAMIND,Stylam Industries Limited,Consumer Cyclical,"Furnishings, Fixtures & Appliances",3642.0,True,169.77,True,True,109.47,115.25,True,1025.0,True,ADD
EBGNG,EBGNG,Technology,Computer Hardware,565.2000122070312,False,142.43,False,True,72.76,71.47,True,1411.0,True,HOLD
ISGEC,Isgec Heavy Engineering Limited,Industrials,Specialty Industrial Machinery,732.1500244140625,False,239.20999999999998,False,False,-31.79,-30.03,False,6422.0,True,EXIT
JAIBALAJI,Jai Balaji Industries Limited,Basic Materials,Steel,70.5999984741211,False,129.95,False,False,-34.98,-34.4,False,6414.0,False,EXIT
CCAVENUE,AvenuesAI Limited,Technology,Software - Infrastructure,15.430000305175781,False,279.03,True,False,1.22,0.37,True,3993.0,True,HOLD
PRAJIND,Praj Industries Limited,Industrials,Engineering & Construction,335.25,False,69.15,False,False,-24.26,-22.52,False,3528.0,False,EXIT
VIKRAMSOLR,VIKRAMSOLR,Technology,Solar,160.14999389648438,False,318.2,False,False,,,False,3423.0,True,EXIT
ALOKINDS,Alok Industries Limited,Consumer Cyclical,Textile Manufacturing,11.619999885559082,False,719.98,False,False,-45.08,-38.93,False,24153.0,False,EXIT
KALPATARU,KALPATARU,Real Estate,Real Estate - Development,286.25,False,282.26,True,False,-15.82,-30.42,False,3633.0,False,EXIT
TVSSCS,TVS Supply Chain Solutions Limited,Industrials,Integrated Freight & Logistics,123.38999938964844,False,114.28,True,True,-12.59,-10.87,False,9996.0,True,HOLD
GOKEX,Gokaldas Exports Limited,Consumer Cyclical,Apparel Manufacturing,783.6500244140625,False,100.12,False,True,-0.46,5.58,False,3864.0,True,EXIT
RPTECH,Rashi Peripherals Limited,Technology,Electronics & Computer Distribution,834.0499877929688,False,277.58,True,True,192.34,190.32,True,13258.0,True,HOLD
GULFOILLUB,Gulf Oil Lubricants India Limited,Basic Materials,Specialty Chemicals,1159.300048828125,False,374.91,True,True,-4.65,-4.16,False,3554.0,True,HOLD
SKIPPER,Skipper Limited,Industrials,Engineering & Construction,525.3499755859375,False,213.14,True,True,-5.16,-3.46,False,4624.0,True,HOLD
JUSTDIAL,Just Dial Limited,Communication Services,Internet Content & Information,681.0,False,543.8000000000001,True,True,-2.67,-21.06,False,1043.0,True,HOLD
JSFB,Jana Small Finance Bank Limited,Financial Services,Banks - Regional,577.75,False,406.65999999999997,False,True,20.32,21.18,True,,False,HOLD
CEIGALL,CEIGALL,Industrials,Engineering & Construction,318.3999938964844,False,311.88,False,True,23.81,25.45,True,3437.0,True,HOLD
JAMNAAUTO,Jamna Auto Industries Limited,Consumer Cyclical,Auto Parts,123.12000274658203,False,230.98000000000002,False,True,25.87,31.85,True,2361.0,False,HOLD
RPEL,Raghav Productivity Enhancers Limited,Basic Materials,Chemicals,1433.9000244140625,True,60.53,True,True,133.07,133.17,True,200.0,True,ADD
PNCINFRA,PNC Infratech Limited,Industrials,Engineering & Construction,217.9199981689453,False,831.6600000000001,False,False,-35.12,-33.36,False,8650.0,False,EXIT
IFBIND,IFB Industries Limited,Consumer Cyclical,"Furnishings, Fixtures & Appliances",1383.5999755859375,False,111.64,False,True,-2.21,3.82,False,5092.0,True,EXIT
MASTEK,Mastek Limited,Technology,Information Technology Services,1832.199951171875,False,412.43,True,False,-30.22,-30.88,False,3455.0,True,EXIT
CENTUM,Centum Electronics Limited,Technology,Electronic Components,3538.5,False,72.10000000000001,True,True,39.5,38.41,True,750.0,True,HOLD
SETL,Standard Engineering Technology Limited,Industrials,Specialty Industrial Machinery,298.3999938964844,True,80.05000000000001,False,True,78.63,80.14,True,614.0,True,HOLD
MOIL,MOIL Limited,Basic Materials,Other Industrial Metals & Mining,274.1499938964844,False,303.59000000000003,False,False,-19.19,-18.65,False,1438.0,False,EXIT
AEROFLEX,Aeroflex Industries Limited,Industrials,Metal Fabrication,459.8500061035156,False,60.09,False,True,143.98,145.34,True,373.0,True,HOLD
TIMEX,Timex Group India Limited,Consumer Cyclical,Luxury Goods,524.6500244140625,False,85.79,False,False,,,False,,False,EXIT
PRSMJOHNSN,Prism Johnson Limited,Basic Materials,Building Materials,105.12000274658203,False,88.85000000000001,False,False,-31.14,-30.57,False,7427.0,False,EXIT
GOLDIAM,Goldiam International Limited,Consumer Cyclical,Luxury Goods,365.6499938964844,False,170.60000000000002,True,True,24.74,30.72,True,781.0,True,HOLD
FEDFINA,Fedbank Financial Services Limited,Financial Services,Credit Services,150.8699951171875,False,302.82,True,True,6.66,7.58,True,,False,HOLD
NIRLON,Nirlon Limited,Real Estate,Real Estate Services,626.5999755859375,True,345.98,False,False,,,False,,False,EXIT
NEOGEN,Neogen Chemicals Limited,Basic Materials,Specialty Chemicals,2204.89990234375,False,35.559999999999995,False,True,53.31,53.64,True,778.0,True,HOLD
SMARTWORKS,SMARTWORKS,Real Estate,Real Estate Services,488.75,False,22.39,True,True,18.41,3.38,True,1374.0,True,HOLD
MAPMYINDIA,C. E. Info Systems Limited,Technology,Software - Infrastructure,989.7000122070312,False,137.82,False,False,-47.88,-48.43,False,463.0,True,EXIT
KRISHANA,Krishana Phoschem Limited,Basic Materials,Agricultural Inputs,190.67999267578125,True,146.98000000000002,False,True,70.8,71.08,True,,False,HOLD
AHLUCONT,Ahluwalia Contracts (India) Limited,Industrials,Engineering & Construction,837.3499755859375,False,265.85999999999996,False,False,-17.61,-15.88,False,4099.0,True,EXIT
SURYAROSNI,Surya Roshni Limited,Basic Materials,Steel,222.97999572753906,False,285.81,False,False,-22.05,-21.51,False,7997.0,False,EXIT
MASFIN,MAS Financial Services Limited,Financial Services,Credit Services,301.5,False,389.33,True,False,-4.68,-3.7,False,,False,EXIT
CYIENTDLM,Cyient DLM Limited,Industrials,Aerospace & Defense,696.6500244140625,False,57.410000000000004,False,True,60.54,62.09,True,1520.0,True,HOLD
TFCILTD,Tourism Finance Corporation of India Limited,Financial Services,Credit Services,117.44000244140625,True,154.12,True,True,85.36,85.94,True,,False,ADD
LUMAXIND,Lumax Industries Limited,Consumer Cyclical,Auto Parts,5796.5,False,172.48000000000002,True,True,65.99,71.87,True,3400.0,True,HOLD
ENTERO,Entero Healthcare Solutions Limited,Healthcare,Medical Distribution,1416.5999755859375,False,115.04,True,True,1.96,13.39,True,409.0,True,HOLD
SUBROS,Subros Limited,Consumer Cyclical,Auto Parts,758.25,False,165.64999999999998,True,False,-15.1,-9.03,False,3368.0,True,EXIT
INNOVACAP,Innova Captab Limited,Healthcare,Drug Manufacturers - Specialty & Generic,1036.0,False,140.92,False,True,-1.09,10.36,False,1244.0,True,EXIT
SHARDAMOTR,Sharda Motor Industries Limited,Consumer Cyclical,Auto Parts,898.25,False,339.93,True,False,-21.95,-15.87,False,2837.0,True,EXIT
BALUFORGE,Balu Forge Industries Limited,Industrials,Metal Fabrication,493.75,False,258.9,True,False,-24.5,-22.76,False,924.0,True,EXIT
SAATVIKGL,Saatvik Green Energy Limited,Technology,Solar,427.3999938964844,False,337.28,False,False,,,False,2158.0,True,EXIT
HCC,Hindustan Construction Company Limited,Industrials,Engineering & Construction,19.81999969482422,False,117.73999999999998,False,False,-28.48,-26.73,False,10668.0,False,EXIT
CSBBANK,CSB Bank Limited,Financial Services,Banks - Regional,319.79998779296875,False,664.62,False,False,-20.14,-19.09,False,,False,EXIT
INDIGOPNTS,Indigo Paints Limited,Basic Materials,Specialty Chemicals,1148.699951171875,False,177.63,True,True,-0.77,-0.28,False,1277.0,True,HOLD
SBCL,Shivalik Bimetal Controls Limited,Industrials,Metal Fabrication,1040.0999755859375,False,95.86000000000001,True,True,93.23,94.71,True,509.0,False,HOLD
SHILCTECH,Shilchar Technologies Limited,Industrials,Electrical Equipment & Parts,3904.199951171875,False,112.22,False,False,,,False,623.0,True,EXIT
CARERATING,CARE Ratings Limited,Financial Services,Financial Data & Stock Exchanges,1717.4000244140625,False,171.17999999999998,True,True,0.49,1.45,True,402.0,True,HOLD
CRAMC,CRAMC,Financial Services,Asset Management,256.20001220703125,False,230.68999999999997,False,False,,,False,,False,EXIT
BANSALWIRE,BANSALWIRE,Basic Materials,Steel,318.25,False,143.08,False,True,-17.99,-17.46,False,3507.0,True,EXIT
SOTL,Savita Oil Technologies Limited,Basic Materials,Specialty Chemicals,699.1500244140625,False,181.83,False,True,66.7,66.99,True,3813.0,True,HOLD
VADILALIND,Vadilal Industries Limited,Consumer Defensive,Packaged Foods,7749.0,True,155.42000000000002,True,True,57.66,53.98,True,1238.0,True,ADD
TRIVENI,Triveni Engineering & Industries Limited,Consumer Defensive,Confectioners,266.4200134277344,False,257.32,False,False,-20.58,-23.74,False,5689.0,True,EXIT
PDSL,PDS Limited,Industrials,Specialty Business Services,369.8500061035156,False,127.16999999999999,False,True,11.18,12.84,True,12578.0,True,HOLD
GVPIL,GE Power India Limited,Industrials,Engineering & Construction,769.5999755859375,False,252.60999999999999,True,True,123.2,124.61,True,3343.0,False,HOLD
DATAMATICS,Datamatics Global Services Limited,Technology,Information Technology Services,866.25,False,175.82999999999998,False,True,-12.71,-13.48,False,1723.0,True,EXIT
ORCHPHARMA,Orchid Pharma Limited,Healthcare,Drug Manufacturers - Specialty & Generic,1045.6500244140625,False,57.019999999999996,False,True,24.43,35.71,True,1948.0,False,HOLD
BLISSGVS,Bliss GVS Pharma Limited,Healthcare,Drug Manufacturers - Specialty & Generic,519.25,True,129.14,True,True,192.43,202.6,True,899.0,False,ADD
KISSHT,KISSHT,Financial Services,Credit Services,309.5,False,154.82,False,False,,,False,,False,EXIT
PURVA,Puravankara Limited,Real Estate,Real Estate - Development,218.2100067138672,False,283.39,True,False,-13.28,-27.91,False,2185.0,False,EXIT
OPTIEMUS,Optiemus Infracom Limited,Technology,Electronics & Computer Distribution,561.0999755859375,False,66.01,False,True,-6.26,-7.07,False,4106.0,False,EXIT
GOODLUCK,Goodluck India Limited,Basic Materials,Steel,1324.699951171875,False,180.43,True,True,30.94,31.33,True,3936.0,True,HOLD
YASHO,Yasho Industries Limited,Basic Materials,Specialty Chemicals,4215.7001953125,True,57.669999999999995,False,True,137.66,137.75,True,672.0,False,HOLD
MPSLTD,MPS Limited,Communication Services,Publishing,2808.699951171875,True,188.37,True,True,47.2,28.14,True,727.0,True,ADD
GUJALKALI,Gujarat Alkalies and Chemicals Limited,Basic Materials,Chemicals,698.2000122070312,False,106.25,False,True,22.42,22.83,True,4516.0,False,HOLD
IOLCP,IOL Chemicals and Pharmaceuticals Limited,Healthcare,Drug Manufacturers - Specialty & Generic,165.5800018310547,True,137.64,False,True,64.24,75.26,True,2217.0,False,HOLD
VRLLOG,VRL Logistics Limited,Industrials,Trucking,296.29998779296875,False,267.46000000000004,False,True,0.01,1.69,True,,False,HOLD
THOMASCOOK,Thomas Cook (India) Limited,Consumer Cyclical,Travel Services,105.87999725341797,False,218.7,False,False,-43.38,-37.24,False,11248.0,False,EXIT
ICRA,ICRA Limited,Financial Services,Financial Data & Stock Exchanges,5265.60009765625,False,189.87,True,False,-19.28,-18.24,False,498.0,True,EXIT
UNIVCABLES,Universal Cables Limited,Industrials,Electrical Equipment & Parts,1644.4000244140625,True,163.1,True,True,119.3,120.72,True,2407.0,True,ADD
LXCHEM,Laxmi Organic Industries Limited,Basic Materials,Specialty Chemicals,176.0500030517578,False,136.06,False,True,-8.32,-7.82,False,3084.0,False,EXIT
LGBBROSLTD,L.G. Balakrishnan & Bros Limited,Consumer Cyclical,Auto Parts,1596.699951171875,False,309.17,True,False,19.76,25.75,True,2578.0,True,HOLD
SSWL,Steel Strips Wheels Limited,Consumer Cyclical,Auto Parts,312.8999938964844,True,212.43000000000004,False,True,39.99,45.92,True,4429.0,True,HOLD
FCL,Fineotex Chemical Limited,Basic Materials,Specialty Chemicals,43.36000061035156,True,122.34999999999998,False,True,81.18,81.42,True,569.0,False,HOLD
PILANIINVS,Pilani Investment and Industries Corporation Limited,Financial Services,Asset Management,4547.0,False,67.87,False,False,-13.34,-12.32,False,305.0,True,EXIT
RUSTOMJEE,Keystone Realtors Limited,Real Estate,Real Estate - Development,371.45001220703125,False,117.49,False,False,-32.39,-46.79,False,2222.0,False,EXIT
SWSOLAR,Sterling and Wilson Renewable Energy Limited,Technology,Solar,202.00999450683594,False,223.53,False,False,-27.92,-28.6,False,8210.0,False,EXIT
EPIGRAL,Epigral Limited,Basic Materials,Chemicals,1098.4000244140625,False,271.02,False,False,-45.84,-45.23,False,2550.0,True,EXIT
DEEDEV,DEEDEV,Industrials,Metal Fabrication,631.9500122070312,False,195.54,True,True,121.14,122.55,True,827.0,True,HOLD
KDDL,KDDL Limited,Consumer Cyclical,Luxury Goods,3930.199951171875,True,88.10999999999999,False,True,41.7,47.63,True,1648.0,True,HOLD
RENUKA,Shree Renuka Sugars Limited,Consumer Defensive,Confectioners,21.950000762939453,False,515.1,False,False,-22.72,-25.86,False,11844.0,False,EXIT
RTNPOWER,RattanIndia Power Limited,Utilities,Utilities - Independent Power Producers,8.449999809265137,False,156.06,False,False,-23.43,-33.79,False,3364.0,False,EXIT
QUESS,Quess Corp Limited,Industrials,Staffing & Employment Services,337.79998779296875,False,251.93,False,True,21.35,22.98,True,19100.0,False,HOLD
GREAVESCOT,Greaves Cotton Limited,Industrials,Specialty Industrial Machinery,194.3699951171875,False,106.9,False,True,-12.75,-11.03,False,2918.0,True,EXIT
MHRIL,Mahindra Holidays & Resorts India Limited,Consumer Cyclical,Resorts & Casinos,226.6199951171875,False,60.31999999999999,False,False,-46.44,-40.29,False,1400.0,True,EXIT
SHOPERSTOP,Shoppers Stop Limited,Consumer Cyclical,Department Stores,424.3500061035156,False,62.46,False,True,-27.13,-21.03,False,4436.0,True,EXIT
MANINFRA,Man Infraconstruction Limited,Industrials,Engineering & Construction,106.1500015258789,False,200.57999999999998,False,False,-37.81,-36.04,False,1890.0,False,EXIT
AGI,AGI Greenpac Limited,Consumer Cyclical,Packaging & Containers,703.7999877929688,False,375.03,True,True,-34.22,-28.11,False,2712.0,False,HOLD
RAYMONDREL,Raymond Realty Limited,Real Estate,Real Estate - Development,577.7999877929688,False,230.31000000000003,False,True,0.07,-14.73,False,565.0,True,EXIT
SGFIN,SG Finserve Limited,Financial Services,Capital Markets,662.0499877929688,False,152.94000000000003,False,True,66.62,67.28,True,,False,HOLD
BOSCH-HCIL,Bosch Home Comfort India Limited,Consumer Cyclical,"Furnishings, Fixtures & Appliances",1654.199951171875,False,115.11,False,True,-14.05,-7.99,False,,False,EXIT
NETWORK18,Network18 Media & Investments Limited,Communication Services,Entertainment,29.010000228881836,False,223.24,False,False,-34.47,-52.42,False,9297.0,False,EXIT
DHANUKA,Dhanuka Agritech Limited,Basic Materials,Agricultural Inputs,1009.7000122070312,False,229.57,False,False,-41.38,-40.78,False,2035.0,True,EXIT
IDEAFORGE,ideaForge Technology Limited,Technology,Computer Hardware,820.8499755859375,False,143.11,False,True,80.65,79.32,True,317.0,False,HOLD
RESPONIND,Responsive Industries Limited,Basic Materials,Specialty Chemicals,165.89999389648438,False,148.42000000000002,False,False,-20.19,-19.65,False,2515.0,False,EXIT
HIRECT,Hind Rectifiers Limited,Industrials,Electrical Equipment & Parts,1256.0,False,44.68,True,True,25.35,26.98,True,655.0,True,HOLD
SYMPHONY,Symphony Limited,Consumer Cyclical,"Furnishings, Fixtures & Appliances",621.2999877929688,False,320.0,True,False,-44.38,-38.24,False,1576.0,True,EXIT
VIPIND,V.I.P. Industries Limited,Consumer Cyclical,Footwear & Accessories,299.79998779296875,False,338.01,True,False,-37.07,-30.95,False,2245.0,False,EXIT
NRBBEARING,NRB Bearings Limited,Consumer Cyclical,Auto Parts,458.8999938964844,True,142.75,False,True,52.67,58.58,True,1078.0,True,HOLD
MARINE,Marine Electricals (India) Limited,Industrials,Electrical Equipment & Parts,370.70001220703125,True,60.13,True,True,118.12,119.54,True,767.0,True,ADD
NORTHARC,Northern Arc Capital Limited,Financial Services,Credit Services,281.3500061035156,False,428.64,False,True,16.36,17.24,True,,False,HOLD
RAYMONDLSL,Raymond Lifestyle Limited,Consumer Cyclical,Apparel Manufacturing,741.2000122070312,False,137.33,True,False,-38.34,-32.22,False,6535.0,False,EXIT
CAPILLARY,CAPILLARY,Technology,Software - Infrastructure,538.0499877929688,False,71.45,True,False,,,False,598.0,True,EXIT
ELECTCAST,Electrosteel Castings Limited,Industrials,Building Products & Equipment,70.73999786376953,False,205.2,False,False,-34.01,-32.24,False,7478.0,False,EXIT
HAWKINCOOK,Hawkins Cookers Limited,Consumer Cyclical,"Furnishings, Fixtures & Appliances",8351.0,False,103.68,False,False,,,False,,False,EXIT
GMMPFAUDLR,GMM Pfaudler Limited,Industrials,Specialty Industrial Machinery,1048.25,False,63.269999999999996,False,True,-23.46,-21.72,False,3446.0,False,EXIT
TEXRAIL,Texmaco Rail & Engineering Limited,Industrials,Railroads,104.8499984741211,False,215.19,False,False,-27.07,-25.32,False,5107.0,True,EXIT
EMUDHRA,eMudhra Limited,Technology,Software - Application,518.7999877929688,False,114.66,True,True,-34.5,-35.14,False,519.0,True,HOLD
RPGLIFE,RPG Life Sciences Limited,Healthcare,Drug Manufacturers - Specialty & Generic,2782.300048828125,False,109.07999999999998,False,True,7.53,18.93,True,653.0,True,HOLD
MOREPENLAB,Morepen Laboratories Limited,Healthcare,Drug Manufacturers - Specialty & Generic,84.19000244140625,False,94.87,False,True,66.44,77.45,True,1812.0,True,HOLD
SUNTECK,Sunteck Realty Limited,Real Estate,Real Estate - Development,299.04998779296875,False,197.36,True,False,-9.83,-24.51,False,808.0,True,EXIT
RTNINDIA,RattanIndia Enterprises Limited,Consumer Cyclical,Internet Retail,30.049999237060547,False,1170.8600000000001,True,False,-51.21,-45.05,False,6866.0,True,EXIT
BANARISUG,Bannari Amman Sugars Limited,Consumer Defensive,Confectioners,3450.0,False,147.92000000000002,False,False,-8.8,-12.04,False,,False,EXIT
SWARAJENG,Swaraj Engines Limited,Consumer Cyclical,Auto Parts,3638.199951171875,False,202.16,False,False,-19.19,-13.11,False,,False,EXIT
CMSINFO,CMS Info Systems Limited,Industrials,Specialty Business Services,263.45001220703125,False,327.6,False,False,-45.35,-43.56,False,2425.0,True,EXIT
AVANTEL,Avantel Limited,Technology,Communication Equipment,158.5,False,16.13,False,False,17.14,16.19,True,249.0,True,EXIT
JUNIPER,Juniper Hotels Limited,Consumer Cyclical,Lodging,192.97999572753906,False,141.61,True,False,-40.1,-33.97,False,944.0,True,EXIT
MIDWESTLTD,MIDWESTLTD,Basic Materials,Building Materials,1125.699951171875,False,115.20000000000002,False,False,,,False,370.0,True,EXIT
RAMRAT,Ram Ratna Wires Limited,Industrials,Electrical Equipment & Parts,475.04998779296875,True,107.06,True,True,33.54,35.15,True,3677.0,True,ADD
BAJAJELEC,Bajaj Electricals Limited,Consumer Cyclical,"Furnishings, Fixtures & Appliances",362.3999938964844,False,161.58999999999997,False,False,-46.04,-39.89,False,6662.0,False,EXIT
WAKEFIT,WAKEFIT,Consumer Cyclical,"Furnishings, Fixtures & Appliances",121.37999725341797,False,182.20999999999998,False,False,,,False,,False,EXIT
SANGHVIMOV,Sanghvi Movers Limited,Industrials,Rental & Leasing Services,489.04998779296875,False,199.28000000000003,True,True,43.55,45.14,True,782.0,True,HOLD
GUFICBIO,Gufic Biosciences Limited,Healthcare,Drug Manufacturers - Specialty & Generic,422.20001220703125,False,64.21000000000001,False,True,2.97,14.4,True,820.0,True,HOLD
WEBELSOLAR,Websol Energy System Limited,Technology,Solar,85.0999984741211,False,256.64,True,False,-40.79,-41.39,False,575.0,True,EXIT
AYE,AYE,Financial Services,Credit Services,172.82000732421875,False,225.01,False,False,,,False,,False,EXIT
FOSECOIND,Foseco India Limited,Basic Materials,Chemicals,5655.0,False,87.01,True,True,11.37,11.81,True,643.0,True,HOLD
MANINDS,Man Industries (India) Limited,Basic Materials,Steel,599.4500122070312,True,170.49,False,True,46.84,47.19,True,3505.0,True,HOLD
MSTCLTD,MSTC Limited,Industrials,Conglomerates,623.4000244140625,False,218.43,False,True,34.4,36.01,True,5689.0,False,HOLD
NACLIND,NACL Industries Limited,Basic Materials,Agricultural Inputs,166.5399932861328,False,31.86,False,False,-42.43,-41.83,False,2116.0,False,EXIT
RALLIS,Rallis India Limited,Basic Materials,Agricultural Inputs,212.47999572753906,False,237.0,False,False,-48.65,-48.04,False,2967.0,False,EXIT
BAJAJHIND,Bajaj Hindusthan Sugar Limited,Consumer Defensive,Confectioners,17.299999237060547,False,684.3100000000001,True,False,-20.18,-23.34,False,6806.0,False,EXIT
LASERPOWER,LASERPOWER,Industrials,Electrical Equipment & Parts,302.8999938964844,True,0.0,False,False,,,False,,False,EXIT
ROSSTECH,Rossell Techsys Limited,Industrials,Aerospace & Defense,1073.449951171875,True,25.740000000000002,False,True,70.2,71.73,True,260.0,True,HOLD
ELLEN,ELLEN,Basic Materials,Chemicals,332.6000061035156,False,103.94,False,True,-38.0,-37.41,False,,False,EXIT
KERNEX,Kernex Microsystems (India) Limited,Technology,Software - Application,2024.199951171875,False,88.33,True,True,80.16,78.82,True,190.0,True,HOLD
ROLEXRINGS,Rolex Rings Limited,Industrials,Metal Fabrication,176.3000030517578,False,141.4,False,True,22.98,24.62,True,,False,HOLD
RAYMOND,Raymond Limited,Industrials,Specialty Industrial Machinery,635.4500122070312,False,5462.66,False,True,-1.88,-0.19,False,8215.0,False,EXIT
TRUALT,TRUALT,Energy,Oil & Gas Refining & Marketing,481.6000061035156,False,192.16,True,True,,,False,1908.0,True,HOLD
DEEPINDS,Deep Industries Limited,Energy,Oil & Gas E&P,668.7000122070312,True,235.19,False,True,13.89,23.42,True,477.0,True,HOLD
VAIBHAVGBL,Vaibhav Global Limited,Consumer Cyclical,Luxury Goods,228.3000030517578,False,274.95,False,False,-3.06,2.98,False,3380.0,True,EXIT
ORIENTELEC,Orient Electric Limited,Consumer Cyclical,"Furnishings, Fixtures & Appliances",187.30999755859375,False,115.27,False,True,-18.56,-12.48,False,,False,EXIT
SANATHAN,SANATHAN,Consumer Cyclical,Textile Manufacturing,471.3500061035156,False,86.89,False,True,-13.71,-7.64,False,3329.0,False,EXIT
INDOTECH,Indo Tech Transformers Limited,Industrials,Electrical Equipment & Parts,3558.10009765625,False,92.77,False,True,81.13,82.64,True,,False,HOLD
SANDHAR,Sandhar Technologies Limited,Consumer Cyclical,Auto Parts,639.8499755859375,False,198.66,True,True,46.68,52.6,True,3884.0,True,HOLD
MOSCHIP,MOSCHIP,Technology,Semiconductor Equipment & Materials,208.30999755859375,False,25.66,False,True,20.36,19.39,True,387.0,True,HOLD
TATVA,Tatva Chintan Pharma Chem Limited,Basic Materials,Specialty Chemicals,1717.300048828125,False,51.38,False,True,60.02,60.33,True,434.0,False,HOLD
REFEX,Refex Industries Limited,Energy,Thermal Coal,297.25,False,229.71000000000004,True,True,-31.93,-21.12,False,2468.0,True,HOLD
AURIONPRO,Aurionpro Solutions Limited,Technology,Software - Application,734.0,False,200.82,True,False,-53.88,-54.4,False,1173.0,True,EXIT
GHCL,GHCL Limited,Basic Materials,Chemicals,429.0,False,557.61,False,False,-27.48,-26.92,False,4545.0,False,EXIT
MAHLOG,Mahindra Logistics Limited,Industrials,Integrated Freight & Logistics,405.5,False,59.629999999999995,False,True,20.16,21.8,True,6105.0,True,HOLD
NOVARTIND,Novartis India Limited,Healthcare,Drug Manufacturers - Specialty & Generic,1582.5,False,73.55,False,False,,,False,,False,EXIT
STYRENIX,Styrenix Performance Materials Limited,Basic Materials,Chemicals,2183.699951171875,False,186.46000000000004,False,True,-21.78,-21.24,False,2982.0,True,EXIT
WSTCSTPAPR,West Coast Paper Mills Limited,Basic Materials,Paper & Paper Products,611.3499755859375,False,150.59,False,True,21.12,21.54,True,4921.0,False,HOLD
KIRLOSIND,Kirloskar Industries Limited,Industrials,Metal Fabrication,3754.39990234375,False,158.92,False,True,-7.36,-5.66,False,6629.0,True,EXIT
63MOONS,63 moons technologies limited,Technology,Software - Application,786.25,False,56.26,False,True,-18.77,-19.5,False,568.0,False,EXIT
VISHNU,Vishnu Chemicals Limited,Basic Materials,Specialty Chemicals,608.0999755859375,False,142.26,False,True,22.53,22.95,True,1447.0,True,HOLD
KOLTEPATIL,Kolte-Patil Developers Limited,Real Estate,Real Estate - Development,477.70001220703125,False,97.2,False,True,28.64,13.48,True,1717.0,True,HOLD
KNRCON,KNR Constructions Limited,Industrials,Engineering & Construction,132.42999267578125,False,437.0799999999999,False,False,-39.16,-37.38,False,4753.0,True,EXIT
HEMIPROP,Hemisphere Properties India Limited,Real Estate,Real Estate - Diversified,132.33999633789062,False,8.66,False,False,7.08,-7.81,False,,False,EXIT
PACEDIGITK,Pace Digitek Limited,Technology,Communication Equipment,180.9199981689453,False,296.31,False,False,,,False,2321.0,False,EXIT
CMLL,CMLL,Energy,Thermal Coal,526.8499755859375,False,0.0,False,False,,,False,,False,EXIT
JINDWORLD,Jindal Worldwide Limited,Consumer Cyclical,Textile Manufacturing,35.2599983215332,False,84.77,False,True,-12.77,-6.71,False,2559.0,False,EXIT
KSCL,Kaveri Seed Company Limited,Basic Materials,Agricultural Inputs,779.9500122070312,False,382.32,True,False,-33.97,-33.4,False,1202.0,True,EXIT
SEAMECLTD,Seamec Limited,Industrials,Marine Shipping,1541.9000244140625,False,306.35,True,True,74.41,75.93,True,729.0,False,HOLD
GUJTHEM,Gujarat Themis Biosyn Limited,Healthcare,Drug Manufacturers - Specialty & Generic,348.75,False,46.67,False,False,-17.22,-5.65,False,170.0,False,EXIT
VSTTILLERS,V.S.T. Tillers Tractors Limited,Industrials,Farm & Heavy Construction Machinery,4511.60009765625,False,104.72,False,False,-18.37,-16.64,False,1006.0,False,EXIT
HARSHA,Harsha Engineers International Limited,Industrials,Tools & Accessories,412.25,False,155.2,True,True,-4.54,-2.84,False,1408.0,True,HOLD
SAMHI,SAMHI Hotels Limited,Consumer Cyclical,Lodging,163.3699951171875,False,456.43000000000006,True,False,-30.26,-24.15,False,1130.0,True,EXIT
JTEKTINDIA,JTEKT India Limited,Consumer Cyclical,Auto Parts,131.7100067138672,False,76.9,False,False,0.81,6.84,True,2044.0,True,EXIT
INDIQUBE,INDIQUBE,Real Estate,Real Estate Services,180.0,False,100.92,False,False,-5.04,-19.78,False,,False,EXIT
ZOTA,Zota Health Care Limited,Healthcare,Biotechnology,1131.300048828125,False,70.88,True,False,-33.64,-21.97,False,292.0,True,EXIT
TARC,TARC Limited,Real Estate,Real Estate - Development,125.19999694824219,False,92.64,True,False,-12.32,-26.97,False,369.0,False,EXIT
SPECTRUM,SPECTRUM,Industrials,Electrical Equipment & Parts,2236.89990234375,False,50.11,False,True,44.88,46.47,True,397.0,True,HOLD
PSPPROJECT,PSP Projects Limited,Industrials,Engineering & Construction,922.4000244140625,False,57.68,False,True,36.67,38.27,True,2512.0,True,HOLD
LUXIND,Lux Industries Limited,Consumer Cyclical,Apparel Manufacturing,1188.0999755859375,False,103.81,False,True,-17.85,-11.77,False,2583.0,True,EXIT
AARTIDRUGS,Aarti Drugs Limited,Healthcare,Drug Manufacturers - Specialty & Generic,416.3500061035156,False,191.18,False,True,-30.13,-18.48,False,2716.0,False,EXIT
ANUP,The Anup Engineering Limited,Industrials,Specialty Industrial Machinery,1852.800048828125,False,110.38000000000001,False,False,-22.3,-20.57,False,733.0,True,EXIT
SINDHUTRAD,Sindhu Trade Links Limited,Industrials,Conglomerates,23.639999389648438,False,57.44,False,False,-5.94,-4.24,False,1140.0,False,EXIT
AGIIL,AGI Infra Limited,Real Estate,Real Estate - Development,301.8999938964844,False,94.86,True,False,39.55,24.26,True,325.0,True,HOLD
ASHIANA,Ashiana Housing Limited,Real Estate,Real Estate - Development,362.45001220703125,False,117.88999999999999,True,True,25.81,10.68,True,944.0,False,HOLD
JKIL,J. Kumar Infraprojects Limited,Industrials,Engineering & Construction,497.6499938964844,False,410.04,True,False,-31.49,-29.73,False,5693.0,True,EXIT
DBCORP,D. B. Corp Limited,Communication Services,Publishing,211.47999572753906,False,339.26,False,False,-6.76,-25.09,False,2463.0,False,EXIT
EIEL,EIEL,Industrials,Engineering & Construction,196.72999572753906,False,207.46999999999997,False,False,-27.42,-25.67,False,1046.0,True,EXIT
VSTIND,VST Industries Limited,Consumer Defensive,Tobacco,215.44000244140625,False,275.47,True,False,-21.85,-25.0,False,471.0,True,EXIT
OSWALPUMPS,OSWALPUMPS,Industrials,Electrical Equipment & Parts,300.5,False,376.27000000000004,False,False,-68.05,-66.21,False,1430.0,True,EXIT
KSL,Kalyani Steels Limited,Basic Materials,Steel,838.9500122070312,False,257.86,True,True,-7.79,-7.29,False,1982.0,True,HOLD
INDOSTAR,IndoStar Capital Finance Limited,Financial Services,Credit Services,239.25,False,989.2800000000001,True,True,-15.04,-14.02,False,,False,HOLD
BHAGCHEM,Bhagiradha Chemicals & Industries Limited,Basic Materials,Agricultural Inputs,289.8500061035156,False,18.17,False,True,-0.94,-0.46,False,502.0,False,EXIT
FILATEX,Filatex India Limited,Consumer Cyclical,Textile Manufacturing,81.38999938964844,True,191.11,True,True,46.08,52.01,True,4252.0,True,ADD
SHAREINDIA,Share India Securities Limited,Financial Services,Capital Markets,174.47000122070312,False,354.71000000000004,False,True,1.44,2.39,True,1483.0,False,HOLD
POCL,Pondy Oxides And Chemicals Limited,Basic Materials,Specialty Chemicals,491.95001220703125,False,98.0,False,False,13.09,13.53,True,2057.0,True,EXIT
UNIPARTS,Uniparts India Limited,Industrials,Farm & Heavy Construction Machinery,816.0,True,158.3,True,True,98.99,100.45,True,929.0,False,ADD
ADVENZYMES,Advanced Enzyme Technologies Limited,Basic Materials,Specialty Chemicals,304.29998779296875,False,168.72000000000003,True,False,-5.44,-4.94,False,637.0,True,EXIT
MUTHOOTMF,MUTHOOTMF,Financial Services,Credit Services,208.41000366210938,False,540.89,False,True,32.2,33.02,True,,False,HOLD
HGINFRA,H.G. Infra Engineering Limited,Industrials,Engineering & Construction,523.75,False,330.37,False,False,-51.45,-49.65,False,5378.0,False,EXIT
GREENPLY,Greenply Industries Limited,Basic Materials,Lumber & Wood Production,280.95001220703125,False,98.62,False,True,-13.05,-12.53,False,2488.0,True,EXIT
HEIDELBERG,HeidelbergCement India Limited,Basic Materials,Building Materials,158.24000549316406,False,139.59,False,False,-30.58,-30.01,False,,False,EXIT
SMSPHARMA,SMS Pharmaceuticals Limited,Healthcare,Drug Manufacturers - General,361.3500061035156,False,102.4,True,True,38.73,49.92,True,783.0,True,HOLD
UFLEX,Uflex Limited,Consumer Cyclical,Packaging & Containers,488.3999938964844,False,317.1,False,True,-25.93,-19.83,False,15036.0,True,EXIT
NFL,National Fertilizers Limited,Basic Materials,Agricultural Inputs,71.80999755859375,False,361.99,False,False,-26.34,-25.78,False,29587.0,False,EXIT
POLYPLEX,Polyplex Corporation Limited,Basic Materials,Specialty Chemicals,1181.5,False,83.57000000000001,False,True,5.57,6.04,True,7652.0,False,HOLD
INDRAMEDCO,Indraprastha Medical Corporation Limited,Healthcare,Medical Care Facilities,373.3999938964844,False,175.17,False,False,-33.87,-22.2,False,,False,EXIT
PITTIENG,Pitti Engineering Limited,Industrials,Metal Fabrication,1059.800048828125,False,117.8,False,True,3.14,4.82,True,1705.0,True,HOLD
GOPAL,Gopal Snacks Limited,Consumer Defensive,Packaged Foods,272.1499938964844,False,73.64999999999999,False,False,-25.4,-28.53,False,,False,EXIT
PREMEXPLN,Premier Explosives Limited,Basic Materials,Specialty Chemicals,651.9000244140625,False,45.82,True,True,18.08,18.5,True,417.0,True,HOLD
UNICHEMLAB,Unichem Laboratories Limited,Healthcare,Drug Manufacturers - Specialty & Generic,540.2000122070312,False,297.56000000000006,False,True,-8.19,3.31,False,2111.0,True,EXIT
SAMBHV,SAMBHV,Basic Materials,Steel,121.05999755859375,False,164.8,False,True,-3.9,-3.41,False,1511.0,True,EXIT
UEL,Ujaas Energy Limited,Technology,Solar,234.17999267578125,False,3.93,True,True,88.97,87.58,True,486.0,False,HOLD
WHEELS,Wheels India Limited,Consumer Cyclical,Auto Parts,1435.5999755859375,False,163.46,True,True,90.08,95.9,True,4977.0,False,HOLD
CARYSIL,Carysil Limited,Consumer Cyclical,"Furnishings, Fixtures & Appliances",1179.800048828125,False,98.19,True,True,32.69,38.64,True,816.0,True,HOLD
MAYURUNIQ,Mayur Uniquoters Limited,Consumer Cyclical,Textile Manufacturing,744.4000244140625,False,191.73,True,True,33.93,39.88,True,880.0,True,HOLD
HERITGFOOD,Heritage Foods Limited,Consumer Defensive,Packaged Foods,358.0,False,124.32999999999998,False,False,-23.12,-26.27,False,4135.0,True,EXIT
STEELCAS,Steelcast Limited,Basic Materials,Steel,351.8500061035156,True,90.69,False,True,64.75,65.04,True,,False,HOLD
NIITMTS,NIIT Learning Systems Limited,Consumer Defensive,Education & Training Services,240.9600067138672,False,255.82,True,False,-27.31,-30.42,False,1653.0,True,EXIT
ROUTE,Route Mobile Limited,Communication Services,Telecom Services,505.25,False,322.84,False,False,-28.02,-46.06,False,4576.0,True,EXIT
VENUSPIPES,Venus Pipes and Tubes Limited,Basic Materials,Steel,1577.300048828125,False,101.96000000000001,False,True,14.83,15.27,True,,False,HOLD
ASHOKA,Ashoka Buildcon Limited,Industrials,Engineering & Construction,112.38999938964844,False,2549.9999999999995,True,False,-42.51,-40.73,False,10037.0,True,EXIT
RELTD,Ravindra Energy Limited,Technology,Solar,164.6999969482422,False,80.96000000000001,True,True,13.67,12.74,True,765.0,False,HOLD
FUSION,Fusion Finance Limited,Financial Services,Credit Services,198.5500030517578,False,385.05,False,True,29.75,30.57,True,,False,HOLD
VSSL,Vardhman Special Steels Limited,Basic Materials,Steel,353.3500061035156,True,108.75999999999999,False,True,34.02,34.4,True,1764.0,True,HOLD
DPABHUSHAN,D. P. Abhushan Limited,Consumer Cyclical,Luxury Goods,1429.300048828125,False,239.86,True,True,-21.89,-15.8,False,3307.0,True,HOLD
CRIZAC,CRIZAC,Consumer Defensive,Education & Training Services,179.32000732421875,False,174.38,False,False,-45.37,-48.36,False,849.0,True,EXIT
DALMIASUG,Dalmia Bharat Sugar and Industries Limited,Consumer Defensive,Confectioners,422.3999938964844,False,235.72,False,True,19.8,16.38,True,3725.0,True,HOLD
NITINSPIN,Nitin Spinners Limited,Consumer Cyclical,Textile Manufacturing,552.9500122070312,True,177.55,False,True,59.38,65.27,True,,False,HOLD
HLEGLAS,HLE Glascoat Limited,Industrials,Specialty Industrial Machinery,327.70001220703125,False,47.77,False,False,-28.16,-26.42,False,649.0,False,EXIT
BUILDPRO,Shankara Buildpro Limited,Consumer Cyclical,Home Improvement Retail,1248.5999755859375,False,102.75999999999999,False,False,,,False,5267.0,True,EXIT
EUROPRATIK,EUROPRATIK,Basic Materials,Building Materials,287.3999938964844,False,81.94,False,True,,,False,284.0,True,EXIT
DIVGIITTS,Divgi TorqTransfer Systems Limited,Consumer Cyclical,Auto Parts,1301.050048828125,True,46.93,False,True,91.49,97.31,True,,False,HOLD
APCOTEXIND,Apcotex Industries Limited,Basic Materials,Specialty Chemicals,599.5,False,161.20000000000002,True,True,43.51,43.86,True,352.0,False,HOLD
ARSSBL,ARSSBL,Financial Services,Financial Conglomerates,508.20001220703125,False,101.91,False,False,,,False,844.0,True,EXIT
GRAUWEIL,Grauer & Weil (India) Limited,Basic Materials,Specialty Chemicals,67.38999938964844,False,164.01999999999998,False,False,,,False,,False,EXIT
KKCL,Kewal Kiran Clothing Limited,Consumer Cyclical,Apparel Manufacturing,512.7000122070312,False,125.57,False,True,-6.18,-0.13,False,1003.0,True,EXIT
UFBL,UFBL,Consumer Cyclical,Restaurants,754.9000244140625,False,45.82,True,True,187.0,192.59,True,1074.0,False,HOLD
NPST,NPST,Technology,Software - Application,1586.199951171875,False,46.94,False,True,-34.48,-35.12,False,173.0,True,EXIT
WINDMACHIN,Windsor Machines Limited,Industrials,Specialty Industrial Machinery,302.54998779296875,False,25.96,False,True,-11.99,-10.28,False,393.0,False,EXIT
JASH,Jash Engineering Limited,Industrials,Specialty Industrial Machinery,490.04998779296875,False,85.26,False,True,-10.53,-8.82,False,735.0,True,EXIT
WONDERLA,Wonderla Holidays Limited,Consumer Cyclical,Leisure,468.25,False,105.45,False,False,-30.73,-24.62,False,,False,EXIT
MONARCH,Monarch Networth Capital Limited,Financial Services,Capital Markets,390.6000061035156,False,181.19,True,True,14.34,15.23,True,328.0,True,HOLD
SHANTIGEAR,Shanthi Gears Limited,Industrials,Specialty Industrial Machinery,397.45001220703125,False,65.0,False,False,-33.58,-31.82,False,,False,EXIT
BEPL,Bhansali Engineering Polymers Limited,Basic Materials,Chemicals,123.69999694824219,False,205.31,False,True,12.22,12.67,True,1398.0,True,HOLD
POKARNA,Pokarna Limited,Industrials,Building Products & Equipment,952.4000244140625,False,80.6,False,True,-2.26,-0.57,False,925.0,True,EXIT
PANAMAPET,Panama Petrochem Limited,Energy,Oil & Gas Refining & Marketing,482.6000061035156,False,212.5,True,True,31.36,40.41,True,1776.0,True,HOLD
ELPROINTL,Elpro International Limited,Unknown,Unknown,174.85000610351562,True,271.30999999999995,False,False,,,False,,False,EXIT
RPSGVENT,RPSG Ventures Limited,Technology,Information Technology Services,890.1500244140625,False,304.16,True,True,-2.2,-3.03,False,9608.0,True,HOLD
JTLIND,JTL Industries Limited,Basic Materials,Steel,75.23999786376953,False,98.86999999999999,False,True,8.28,8.74,True,2040.0,False,HOLD
MMFL,M M Forgings Limited,Industrials,Metal Fabrication,589.75,False,98.12,False,True,92.23,93.7,True,1563.0,False,HOLD
TVSSRICHAK,TVS Srichakra Limited,Consumer Cyclical,Auto Parts,4478.10009765625,False,71.23,False,True,47.87,53.79,True,3254.0,True,HOLD
DCAL,Dishman Carbogen Amcis Limited,Healthcare,Biotechnology,190.66000366210938,False,101.21000000000001,False,False,-44.53,-32.78,False,2712.0,True,EXIT
SANGAMIND,Sangam (India) Limited,Consumer Cyclical,Textile Manufacturing,601.0,False,121.49,False,True,56.04,61.94,True,2843.0,True,HOLD
DREDGECORP,Dredging Corporation of India Limited,Industrials,Engineering & Construction,1166.4000244140625,False,169.05,False,True,80.43,81.94,True,,False,HOLD
PRINCEPIPE,Prince Pipes and Fittings Limited,Industrials,Building Products & Equipment,284.0,False,106.85999999999999,False,True,-8.28,-6.57,False,,False,EXIT
BALMLAWRIE,Balmer Lawrie & Co. Ltd.,Industrials,Conglomerates,173.42999267578125,False,276.59000000000003,True,False,-24.57,-22.83,False,3254.0,False,EXIT
ARVSMART,Arvind SmartSpaces Limited,Real Estate,Real Estate - Development,655.5999755859375,False,96.44,False,True,23.57,8.48,True,713.0,True,HOLD
DDEVPLSTIK,Ddev Plastiks Industries Limited,Basic Materials,Specialty Chemicals,276.95001220703125,False,201.82000000000002,False,True,-17.66,-17.13,False,,False,EXIT
STALLION,STALLION,Basic Materials,Specialty Chemicals,229.85000610351562,False,43.84,False,True,68.38,68.67,True,,False,HOLD
INTERARCH,Interarch Building Solutions Limited,Industrials,Engineering & Construction,1736.199951171875,False,134.52,False,False,-22.43,-20.69,False,,False,EXIT
NAVNETEDUL,Navneet Education Limited,Communication Services,Publishing,134.00999450683594,False,366.0,False,False,9.05,-9.49,False,1781.0,True,EXIT
IMAGICAA,Imagicaaworld Entertainment Limited,Communication Services,Entertainment,47.65999984741211,False,88.78999999999999,False,True,-3.62,-21.99,False,410.0,True,EXIT
RAMCOIND,Ramco Industries Limited,Industrials,Building Products & Equipment,356.95001220703125,False,306.26,True,True,17.56,19.2,True,1659.0,True,HOLD
RSYSTEMS,R Systems International Limited,Technology,Information Technology Services,241.8000030517578,False,213.01,True,False,-47.69,-48.25,False,1958.0,True,EXIT
DIAMONDYD,Prataap Snacks Limited,Consumer Defensive,Packaged Foods,1191.4000244140625,False,9.719999999999999,False,True,29.64,26.15,True,1708.0,True,HOLD
BOROLTD,Borosil Limited,Consumer Cyclical,"Furnishings, Fixtures & Appliances",238.5500030517578,False,74.66,False,False,-38.32,-32.19,False,1090.0,True,EXIT
SASKEN,Sasken Technologies Limited,Technology,Information Technology Services,1971.4000244140625,False,53.92999999999999,False,True,28.59,27.57,True,446.0,True,HOLD
RML,Rane (Madras) Limited,Consumer Cyclical,Auto Parts,1113.5,False,107.48,True,True,27.81,33.78,True,3463.0,False,HOLD
VIMTALABS,Vimta Labs Limited,Healthcare,Diagnostics & Research,617.0,False,79.66,True,True,-22.09,-10.49,False,318.0,True,HOLD
NSIL,Nalwa Sons Investments Limited,Financial Services,Asset Management,5496.0,False,54.5,False,False,-23.06,-22.0,False,134.0,False,EXIT
CHEMPLASTS,Chemplast Sanmar Limited,Basic Materials,Chemicals,184.10000610351562,False,279.87,False,False,-61.73,-61.08,False,5892.0,False,EXIT
KITEX,Kitex Garments Limited,Consumer Cyclical,Apparel Manufacturing,134.24000549316406,False,35.61,False,False,-31.77,-25.66,False,983.0,True,EXIT
TCPLPACK,TCPL Packaging Limited,Consumer Cyclical,Packaging & Containers,4088.800048828125,False,97.79999999999998,False,True,11.92,17.93,True,1770.0,True,HOLD
CARRARO,CARRARO,Consumer Cyclical,Auto Parts,514.6500244140625,False,130.55,True,False,16.75,22.74,True,1808.0,True,HOLD
ADFFOODS,ADF Foods Limited,Consumer Defensive,Packaged Foods,262.45001220703125,False,91.97,True,True,14.69,11.29,True,590.0,True,HOLD
GANECOS,Ganesha Ecosphere Limited,Consumer Cyclical,Textile Manufacturing,1060.5999755859375,False,57.49,False,True,-30.95,-24.84,False,1133.0,False,EXIT
ROSSARI,Rossari Biotech Limited,Basic Materials,Specialty Chemicals,503.0,False,147.44,False,False,-24.36,-23.82,False,2080.0,True,EXIT
SIYSIL,Siyaram Silk Mills Limited,Consumer Cyclical,Textile Manufacturing,637.4000244140625,False,237.26,False,True,1.82,7.85,True,2233.0,False,HOLD
MAITHANALL,Maithan Alloys Limited,Basic Materials,Steel,971.25,False,816.4300000000001,False,False,-16.7,-16.17,False,2989.0,False,EXIT
PARAGMILK,Parag Milk Foods Limited,Consumer Defensive,Packaged Foods,210.8000030517578,False,135.04000000000002,False,False,-1.51,-4.79,False,3432.0,True,EXIT
GATEWAY,Gateway Distriparks Limited,Industrials,Integrated Freight & Logistics,54.86000061035156,False,237.52,False,False,-23.79,-22.05,False,1681.0,True,EXIT
NOCIL,NOCIL Limited,Basic Materials,Specialty Chemicals,161.4199981689453,False,71.27000000000001,False,False,-11.65,-11.14,False,1617.0,False,EXIT
RAMKY,Ramky Infrastructure Limited,Industrials,Engineering & Construction,390.04998779296875,False,271.07000000000005,False,False,-35.85,-34.08,False,2402.0,False,EXIT
BLSE,BLSE,Industrials,Specialty Business Services,314.25,False,57.5,False,True,69.22,70.74,True,519.0,True,HOLD
ANTELOPUS,ANTELOPUS,Energy,Oil & Gas E&P,782.5999755859375,False,132.71,False,True,37.77,46.64,True,,False,HOLD
ORIENTCEM,Orient Cement Limited,Basic Materials,Building Materials,132.5500030517578,False,365.23,False,False,-47.96,-47.34,False,,False,EXIT
JUBLCPL,Jubilant Agri and Consumer Products Limited,Basic Materials,Specialty Chemicals,2407.5,False,127.86000000000001,True,True,-13.0,-12.48,False,1521.0,True,HOLD
HIKAL,Hikal Limited,Healthcare,Drug Manufacturers - Specialty & Generic,217.99000549316406,False,77.6,False,True,-28.23,-16.59,False,2023.0,False,EXIT
KIRIINDUS,Kiri Industries Limited,Basic Materials,Specialty Chemicals,411.45001220703125,False,5566.5,True,False,-26.43,-25.88,False,1497.0,False,EXIT
GSPCROP,GSPCROP,Basic Materials,Agricultural Inputs,596.25,True,43.14,False,False,,,False,1406.0,False,EXIT
ZAGGLE,Zaggle Prepaid Ocean Services Limited,Technology,Software - Infrastructure,200.58999633789062,False,138.07999999999998,True,False,-48.86,-49.41,False,1304.0,True,EXIT
GKENERGY,GKENERGY,Utilities,Utilities - Renewable,127.63999938964844,False,211.81,False,False,,,False,1095.0,True,EXIT
LCL,LCL,Industrials,Specialty Industrial Machinery,528.9500122070312,True,0.0,False,False,,,False,,False,EXIT
AUTOAXLES,Automotive Axles Limited,Consumer Cyclical,Auto Parts,1783.0,False,174.35000000000002,False,False,-0.98,5.05,False,,False,EXIT
EFCIL,EFC (I) Limited,Real Estate,Real Estate Services,179.9199981689453,False,246.27,True,False,,,False,657.0,True,EXIT
FMGOETZE,Federal-Mogul Goetze (India) Limited,Consumer Cyclical,Auto Parts,457.25,False,170.65,True,True,-23.41,-17.32,False,1769.0,True,HOLD
SUNCLAY,Sundaram-Clayton Limited,Industrials,Metal Fabrication,1249.9000244140625,False,602.01,True,False,-30.4,-28.65,False,2109.0,True,EXIT
PATELENG,Patel Engineering Limited,Industrials,Engineering & Construction,28.450000762939453,False,269.15999999999997,False,False,-30.54,-28.79,False,5008.0,True,EXIT
SPORTKING,Sportking India Limited,Consumer Cyclical,Textile Manufacturing,199.88999938964844,False,120.78,False,True,74.89,80.74,True,,False,HOLD
MEDIASSIST,MEDIASSIST,Healthcare,Healthcare Plans,348.70001220703125,False,87.96000000000001,False,False,-50.64,-38.86,False,151.0,True,EXIT
MUFIN,Mufin Green Finance Limited,Financial Services,Credit Services,135.5399932861328,False,27.330000000000002,True,True,41.13,41.9,True,,False,HOLD
JINDALPOLY,Jindal Poly Films Limited,Consumer Cyclical,Packaging & Containers,636.2999877929688,False,325.08,False,True,11.44,17.44,True,7557.0,False,HOLD
TALBROAUTO,Talbros Automotive Components Limited,Consumer Cyclical,Auto Parts,419.5,True,104.12,False,True,59.33,65.22,True,827.0,True,HOLD
CONFIPET,Confidence Petroleum India Limited,Energy,Oil & Gas Refining & Marketing,71.98999786376953,False,92.89,False,True,37.44,46.32,True,3146.0,True,HOLD
RAJRATAN,Rajratan Global Wire Limited,Basic Materials,Steel,515.7999877929688,False,72.6,False,True,54.94,55.26,True,935.0,True,HOLD
FLAIR,FLAIR,Industrials,Business Equipment & Supplies,253.89999389648438,False,132.95,False,False,-22.37,-20.64,False,1080.0,True,EXIT
RHETAN,Rhetan TMT Limited,Basic Materials,Steel,21.049999237060547,False,10.299999999999999,False,False,,,False,,False,EXIT
VINDHYATEL,Vindhya Telelinks Limited,Industrials,Engineering & Construction,2401.60009765625,False,222.25,False,True,55.83,57.39,True,4088.0,False,HOLD
ORISSAMINE,The Orissa Minerals Development Company Limited,Basic Materials,Steel,4883.10009765625,False,17.88,False,True,-4.0,-3.51,False,,False,EXIT
STOVEKRAFT,Stove Kraft Limited,Consumer Cyclical,"Furnishings, Fixtures & Appliances",750.7000122070312,False,41.989999999999995,False,True,16.31,22.31,True,1448.0,True,HOLD
INDNIPPON,India Nippon Electricals Limited,Consumer Cyclical,Auto Parts,1123.199951171875,False,111.16999999999999,True,True,29.45,35.41,True,845.0,True,HOLD
GLOBUSSPR,Globus Spirits Limited,Consumer Defensive,Beverages - Wineries & Distilleries,871.0499877929688,False,100.53,False,False,-28.9,-32.0,False,2537.0,True,EXIT
BBL,Bharat Bijlee Limited,Industrials,Electrical Equipment & Parts,2284.800048828125,False,111.48999999999998,False,False,-24.39,-22.65,False,1902.0,True,EXIT
NILKAMAL,Nilkamal Limited,Consumer Cyclical,"Furnishings, Fixtures & Appliances",1860.0,False,115.58999999999999,False,True,8.5,14.51,True,3313.0,True,HOLD
SPAL,S.P. Apparels Limited,Consumer Cyclical,Apparel Manufacturing,937.2999877929688,False,100.94,True,True,11.74,17.74,True,1395.0,True,HOLD
MARATHON,Marathon Nextgen Realty Limited,Real Estate,Real Estate - Development,365.1499938964844,False,202.95999999999998,False,False,-32.18,-46.58,False,717.0,False,EXIT
ARKADE,ARKADE,Real Estate,Real Estate - Development,133.33999633789062,False,211.76999999999998,False,True,-18.57,-33.14,False,683.0,True,EXIT
EVEREADY,Eveready Industries India Limited,Industrials,Electrical Equipment & Parts,356.5,False,187.34999999999997,True,True,-18.86,-17.13,False,1458.0,False,HOLD
ADOR,Ador Welding Limited,Industrials,Specialty Industrial Machinery,1538.5,True,92.47000000000001,False,True,64.1,65.64,True,1117.0,True,HOLD
MANGLMCEM,Mangalam Cement Limited,Basic Materials,Building Materials,896.3499755859375,False,128.95,False,True,20.72,21.14,True,,False,HOLD
XPROINDIA,Xpro India Limited,Basic Materials,Specialty Chemicals,1097.0,False,32.660000000000004,False,True,-7.38,-6.88,False,533.0,True,EXIT
SUNDROP,Sundrop Brands Limited,Consumer Defensive,Packaged Foods,660.0999755859375,False,24.31,False,False,-23.38,-26.52,False,916.0,False,EXIT
SIRCA,Sirca Paints India Limited,Basic Materials,Specialty Chemicals,426.8999938964844,False,67.02000000000001,True,False,-12.64,-12.13,False,372.0,True,EXIT
PARKHOTELS,PARKHOTELS,Consumer Cyclical,Lodging,117.69999694824219,False,65.67999999999999,False,False,-32.39,-26.28,False,631.0,True,EXIT
KNACK,KNACK,Consumer Cyclical,Packaging & Containers,208.02000427246094,True,0.0,False,False,,,False,,False,EXIT
SATIN,Satin Creditcare Network Limited,Financial Services,Credit Services,225.5399932861328,False,401.70000000000005,False,True,55.96,56.67,True,,False,HOLD
VEEDOL,Veedol Corporation Limited,Basic Materials,Specialty Chemicals,1512.9000244140625,False,191.62,True,True,-11.67,-11.16,False,1970.0,True,HOLD
PANACEABIO,Panacea Biotec Limited,Healthcare,Biotechnology,396.45001220703125,False,22.470000000000002,False,False,-21.28,-9.7,False,679.0,False,EXIT
UTKARSHBNK,Utkarsh Small Finance Bank Limited,Financial Services,Banks - Regional,14.039999961853027,False,945.4200000000001,False,False,-36.49,-35.38,False,,False,EXIT
RANEHOLDIN,Rane Holdings Limited,Consumer Cyclical,Auto Parts,1674.4000244140625,False,198.99,False,True,3.15,9.18,True,4382.0,True,HOLD
SAIPARENT,SAIPARENT,Healthcare,Drug Manufacturers - General,551.6500244140625,False,0.0,False,False,,,False,163.0,True,EXIT
HUBTOWN,Hubtown Limited,Real Estate,Real Estate - Development,186.6199951171875,False,148.49,True,False,-34.54,-48.91,False,564.0,False,EXIT
FISCHER,Fischer Medical Ventures Limited,Healthcare,Medical Devices,38.63999938964844,False,32.67,True,False,-77.09,-65.14,False,111.0,True,EXIT
VERANDA,Veranda Learning Solutions Limited,Consumer Defensive,Education & Training Services,245.89999389648438,False,24.72,True,True,8.89,5.53,True,471.0,True,HOLD
SILVERTUC,Silver Touch Technologies Limited,Technology,Information Technology Services,209.2899932861328,False,41.68,True,False,-74.78,-75.18,False,288.0,True,EXIT
BOMDYEING,The Bombay Dyeing and Manufacturing Company Limited,Consumer Cyclical,Textile Manufacturing,114.4000015258789,False,46.620000000000005,False,False,-41.48,-35.34,False,4430.0,False,EXIT
EPACKPEB,EPACKPEB,Industrials,Engineering & Construction,229.6999969482422,False,96.63,False,False,,,False,1134.0,True,EXIT
RISHABH,Rishabh Instruments Limited,Technology,Scientific & Technical Instruments,648.6500244140625,True,81.53,False,True,78.58,77.26,True,720.0,True,HOLD
RAJESHEXPO,Rajesh Exports Limited,Consumer Cyclical,Luxury Goods,81.62000274658203,False,238.56,False,False,-63.88,-57.7,False,423099.0,True,EXIT
KICL,Kalyani Investment Company Limited,Financial Services,Asset Management,5305.0,False,43.13,False,True,7.88,8.8,True,78.0,True,HOLD
GIPCL,Gujarat Industries Power Company Limited,Utilities,Utilities - Regulated Electric,175.77000427246094,False,408.82000000000005,True,True,1.97,-9.06,False,1416.0,False,HOLD
INA,Insolation Energy Limited,Technology,Solar,99.0199966430664,False,181.7,True,False,,,False,1334.0,True,EXIT
AJMERA,Ajmera Realty & Infra India Limited,Real Estate,Real Estate - Development,118.2300033569336,False,149.79000000000002,True,False,-22.72,-37.24,False,738.0,True,EXIT
CAMLINFINE,Camlin Fine Sciences Limited,Basic Materials,Specialty Chemicals,103.76000213623047,False,148.77,True,False,-55.16,-54.53,False,1682.0,False,EXIT
SOLARA,Solara Active Pharma Sciences Limited,Healthcare,Drug Manufacturers - Specialty & Generic,512.2999877929688,False,53.44,False,False,-29.88,-18.23,False,1617.0,False,EXIT
THEJO,Thejo Engineering Limited,Industrials,Specialty Industrial Machinery,2104.89990234375,False,49.25,False,True,5.48,7.15,True,559.0,False,HOLD
TASTYBITE,Tasty Bite Eatables Limited,Consumer Defensive,Packaged Foods,10005.0,False,35.300000000000004,False,True,-0.11,-3.4,False,,False,EXIT
ADVAIT,Advait Energy Transitions Limited,Industrials,Specialty Industrial Machinery,2095.199951171875,False,53.17,True,False,,,False,399.0,True,EXIT
RAMCOSYS,Ramco Systems Limited,Technology,Software - Application,595.7000122070312,False,41.5,False,True,43.86,42.75,True,626.0,False,HOLD
BETA,BETA,Healthcare,Drug Manufacturers - Specialty & Generic,2550.699951171875,True,45.59,True,True,17.83,29.16,True,362.0,True,ADD
REPCOHOME,Repco Home Finance Limited,Financial Services,Mortgage Finance,357.54998779296875,False,475.41999999999996,True,False,-8.09,-7.1,False,,False,EXIT
EASEMYTRIP,Easy Trip Planners Limited,Consumer Cyclical,Travel Services,6.400000095367432,False,53.45,False,False,-40.52,-34.39,False,1049.0,False,EXIT
STYLEBAAZA,Baazar Style Retail Limited,Consumer Cyclical,Apparel Retail,365.25,False,98.15,True,True,6.38,12.4,True,1344.0,True,HOLD
NITCO,NITCO Limited,Industrials,Building Products & Equipment,93.26000213623047,False,68.16,False,False,-32.57,-30.81,False,885.0,False,EXIT
GANDHAR,Gandhar Oil Refinery (India) Limited,Energy,Oil & Gas Refining & Marketing,245.57000732421875,False,301.42,False,True,50.64,59.16,True,4113.0,False,HOLD
GREENPANEL,Greenpanel Industries Limited,Basic Materials,Lumber & Wood Production,174.5399932861328,False,52.349999999999994,False,False,-40.73,-40.13,False,1783.0,False,EXIT
PIXTRANS,PIX Transmissions Limited,Industrials,Specialty Industrial Machinery,1896.800048828125,False,106.88,False,True,34.4,36.0,True,589.0,True,HOLD
SHK,S H Kelkar and Company Limited,Basic Materials,Specialty Chemicals,170.72000122070312,False,89.09,False,True,-26.09,-25.54,False,2123.0,True,EXIT
COSMOFIRST,Cosmo First Limited,Consumer Cyclical,Packaging & Containers,938.3499755859375,False,155.97,False,True,-17.86,-11.78,False,3065.0,False,EXIT
PRAKASH,Prakash Industries Limited,Basic Materials,Steel,137.67999267578125,False,333.14,False,False,-18.67,-18.14,False,2935.0,True,EXIT
PROTEAN,Protean eGov Technologies Limited,Technology,Information Technology Services,551.9000244140625,False,97.13,False,False,-28.4,-29.07,False,882.0,False,EXIT
BRIGHOTEL,BRIGHOTEL,Consumer Cyclical,Lodging,59.65999984741211,False,318.84,False,False,-38.17,-32.05,False,404.0,True,EXIT
SPANDANA,Spandana Sphoorty Financial Limited,Financial Services,Credit Services,245.8000030517578,False,472.33,False,False,-2.52,-1.55,False,,False,EXIT
ORIENTHOT,Oriental Hotels Limited,Consumer Cyclical,Lodging,124.19999694824219,False,65.27999999999999,False,True,-19.36,-13.28,False,440.0,True,EXIT
MOLDTKPAC,Mold-Tek Packaging Limited,Consumer Cyclical,Packaging & Containers,694.4000244140625,False,82.69,True,True,-22.7,-16.61,False,631.0,True,HOLD
APOLLOPIPE,Apollo Pipes Limited,Industrials,Building Products & Equipment,510.8500061035156,False,20.96,False,True,30.43,32.05,True,1182.0,True,HOLD
SANSTAR,SANSTAR,Basic Materials,Chemicals,111.5,False,34.82,False,True,25.64,26.04,True,1110.0,False,HOLD
JISLJALEQS,Jain Irrigation Systems Limited,Industrials,Conglomerates,26.489999771118164,False,96.71,False,False,-51.75,-49.95,False,8536.0,False,EXIT
PRABHA,Prabha Energy Limited,Energy,Oil & Gas E&P,155.92999267578125,False,1.5,True,False,-54.36,-42.93,False,33.45,False,EXIT
GNA,G N A Axles Limited,Consumer Cyclical,Auto Parts,542.7000122070312,False,132.23000000000002,True,True,72.16,78.02,True,1583.0,False,HOLD
SAGCEM,Sagar Cements Limited,Basic Materials,Building Materials,173.38999938964844,False,169.51,False,False,-27.47,-26.91,False,2505.0,False,EXIT
TAJGVK,TAJGVK Hotels & Resorts Limited,Consumer Cyclical,Lodging,341.6499938964844,False,415.95000000000005,True,False,-25.18,-19.09,False,450.0,True,EXIT
BHARATRAS,Bharat Rasayan Limited,Basic Materials,Agricultural Inputs,1302.5999755859375,False,145.72,False,False,-57.38,-56.74,False,1301.0,False,EXIT
PARACABLES,Paramount Communications Limited,Technology,Communication Equipment,65.2699966430664,False,59.75,False,True,34.58,33.52,True,1555.0,True,HOLD
JNKINDIA,JNK India Limited,Industrials,Specialty Industrial Machinery,456.25,False,65.36999999999999,False,True,40.68,42.27,True,480.0,False,HOLD
SHRINGARMS,Shringar House of Mangalsutra Limited,Consumer Cyclical,Luxury Goods,223.27000427246094,False,102.21000000000001,False,True,,,False,,False,EXIT
EMSLIMITED,EMS Limited,Industrials,Engineering & Construction,362.70001220703125,False,90.53999999999999,False,False,-39.99,-38.21,False,966.0,True,EXIT
BAJEL,Bajel Projects Limited,Utilities,Utilities - Regulated Electric,188.35000610351562,False,21.12,True,True,-4.63,-15.49,False,2598.0,True,HOLD
LANDMARK,Landmark Cars Limited,Consumer Cyclical,Auto & Truck Dealerships,511.6499938964844,False,37.31,False,True,-13.52,-7.46,False,765.0,False,EXIT
VENKEYS,Venky's (India) Limited,Consumer Defensive,Farm Products,1528.0,False,192.31,False,True,8.56,5.21,True,,False,HOLD
EXICOM,Exicom Tele-Systems Limited,Industrials,Electrical Equipment & Parts,151.7899932861328,False,274.13,True,True,5.28,6.96,True,1020.0,False,HOLD
EPACK,EPACK Durable Limited,Consumer Cyclical,"Furnishings, Fixtures & Appliances",215.47000122070312,False,47.75,False,False,-50.8,-44.64,False,2171.0,True,EXIT
HPL,HPL Electric & Power Limited,Industrials,Electrical Equipment & Parts,317.45001220703125,False,91.00999999999999,False,False,-40.15,-38.38,False,1700.0,True,EXIT
NIBE,Nibe Limited,Industrials,Conglomerates,1490.0999755859375,False,56.629999999999995,True,True,17.98,19.63,True,507.0,True,HOLD
NELCO,Nelco Limited,Technology,Communication Equipment,1024.5999755859375,False,6.419999999999999,False,True,17.7,16.74,True,320.0,False,HOLD
ALEMBICLTD,Alembic Limited,Real Estate,Real Estate - Development,86.8499984741211,False,317.39,False,False,-7.26,-21.97,False,1121.0,False,EXIT
GOCLCORP,GOCL Corporation Limited,Basic Materials,Specialty Chemicals,397.1000061035156,False,1522.0,True,True,6.71,7.17,True,1233.0,False,HOLD
JGCHEM,JGCHEM,Basic Materials,Other Industrial Metals & Mining,606.1500244140625,True,65.87,False,True,14.8,15.24,True,847.0,True,HOLD
VINCOFE,Vintage Coffee and Beverages Limited,Consumer Defensive,Beverages - Non-Alcoholic,148.0500030517578,False,78.74,True,False,-0.35,-3.64,False,309.0,True,EXIT
PENIND,Pennar Industries Limited,Industrials,Specialty Industrial Machinery,152.42999267578125,False,138.81,True,False,-34.15,-32.39,False,3227.0,True,EXIT
GEOJITFSL,Geojit Financial Services Limited,Financial Services,Capital Markets,80.37000274658203,False,77.85,False,True,5.91,6.84,True,481.0,False,HOLD
ARMANFIN,Arman Financial Services Limited,Financial Services,Credit Services,1969.4000244140625,False,85.75999999999999,True,True,38.73,39.51,True,,False,HOLD
TCIEXP,TCI Express Limited,Industrials,Integrated Freight & Logistics,559.8499755859375,False,81.44,False,True,-22.71,-20.97,False,1254.0,False,EXIT
HONDAPOWER,Honda India Power Products Limited,Industrials,Specialty Industrial Machinery,2149.89990234375,False,65.86,False,False,-30.7,-28.94,False,,False,EXIT
SAKSOFT,Saksoft Limited,Technology,Information Technology Services,165.7100067138672,False,133.27,True,False,-22.15,-22.86,False,883.0,True,EXIT
LAOPALA,La Opala RG Limited,Consumer Cyclical,"Furnishings, Fixtures & Appliances",192.50999450683594,False,92.30000000000001,False,False,-28.96,-22.86,False,,False,EXIT
BFUTILITIE,BF Utilities Limited,Industrials,Infrastructure Operations,533.5999755859375,False,158.23000000000002,True,False,-30.48,-28.72,False,969.0,False,EXIT
NGLFINE,NGL Fine-Chem Limited,Healthcare,Drug Manufacturers - General,3454.0,True,48.050000000000004,False,True,136.96,147.5,True,368.0,True,HOLD
TEAMLEASE,TeamLease Services Limited,Industrials,Staffing & Employment Services,1255.0,False,147.04,True,False,-32.37,-30.62,False,11156.0,True,EXIT
ESAFSFB,ESAF Small Finance Bank,Financial Services,Banks - Regional,38.619998931884766,False,226.52,False,True,25.51,26.35,True,,False,HOLD
HUHTAMAKI,Huhtamaki India Limited,Consumer Cyclical,Packaging & Containers,277.04998779296875,False,124.57,True,True,20.31,26.29,True,2037.0,True,HOLD
GMBREW,G.M. Breweries Limited,Consumer Defensive,Beverages - Wineries & Distilleries,894.75,False,159.68,True,False,31.33,27.83,True,748.0,True,HOLD
MUKANDLTD,Mukand Limited,Basic Materials,Steel,134.13999938964844,False,604.15,False,True,-5.35,-4.85,False,5568.0,False,EXIT
INDIANHUME,The Indian Hume Pipe Company Limited,Industrials,Engineering & Construction,369.1499938964844,False,141.1,False,True,-5.49,-3.79,False,,False,EXIT
VENUSREM,Venus Remedies Limited,Healthcare,Drug Manufacturers - Specialty & Generic,1782.0999755859375,False,116.17,True,True,262.43,272.14,True,640.0,True,HOLD
HINDOILEXP,Hindustan Oil Exploration Company Limited,Energy,Oil & Gas E&P,152.10000610351562,False,62.74999999999999,False,False,-20.78,-10.28,False,570.0,False,EXIT
KPEL,K.P. Energy Limited,Industrials,Engineering & Construction,252.10000610351562,False,181.39999999999998,True,False,-45.86,-44.07,False,936.0,True,EXIT
RICOAUTO,Rico Auto Industries Limited,Consumer Cyclical,Auto Parts,132.0,False,50.51,False,True,33.87,39.82,True,2302.0,False,HOLD
INDOCO,Indoco Remedies Limited,Healthcare,Drug Manufacturers - Specialty & Generic,219.50999450683594,False,124.35,False,False,-38.74,-27.04,False,1817.0,False,EXIT
MSPL,MSP Steel & Power Limited,Basic Materials,Steel,33.47999954223633,False,183.29,True,False,-0.8,-0.32,False,2905.0,True,EXIT
SOMANYCERA,Somany Ceramics Limited,Industrials,Building Products & Equipment,522.6500244140625,False,81.19,False,True,-3.34,-1.64,False,2659.0,True,EXIT
VIDYAWIRES,VIDYAWIRES,Industrials,Electrical Equipment & Parts,89.44999694824219,False,59.77,False,False,,,False,1481.0,True,EXIT
SAKAR,Sakar Healthcare Limited,Healthcare,Drug Manufacturers - Specialty & Generic,875.9500122070312,False,30.479999999999997,True,True,154.53,164.95,True,178.0,True,HOLD
TIRUMALCHM,Thirumalai Chemicals Limited,Basic Materials,Specialty Chemicals,159.66000366210938,False,167.91,False,False,-48.72,-48.1,False,2132.0,False,EXIT
AEROPLANE,AEROPLANE,Consumer Defensive,Farm Products,192.13999938964844,True,0.0,False,False,,,False,,False,EXIT
KCP,The KCP Limited,Basic Materials,Building Materials,156.22000122070312,False,197.11,True,False,-28.02,-27.46,False,2846.0,False,EXIT
TINNARUBR,Tinna Rubber and Infrastructure Limited,Basic Materials,Specialty Chemicals,1089.699951171875,False,61.68000000000001,True,True,29.5,29.89,True,530.0,False,HOLD
HGS,Hinduja Global Solutions Limited,Industrials,Specialty Business Services,408.6499938964844,False,87.83000000000001,False,False,-29.55,-27.8,False,4986.0,False,EXIT
DCXINDIA,DCX Systems Limited,Industrials,Aerospace & Defense,176.19000244140625,False,15.829999999999998,False,False,-33.72,-31.96,False,1424.0,False,EXIT
INDSWFTLAB,Ind-Swift Laboratories Limited,Healthcare,Drug Manufacturers - Specialty & Generic,304.17999267578125,True,254.91000000000003,False,True,185.61,195.83,True,1673.0,False,HOLD
ASIANENE,Asian Energy Services Limited,Energy,Oil & Gas Equipment & Services,374.3999938964844,False,58.75999999999999,True,True,-1.67,8.3,False,465.0,True,HOLD
NDRAUTO,NDR Auto Components Limited,Consumer Cyclical,Auto Parts,817.0,False,62.09,True,True,-26.24,-20.15,False,713.0,True,HOLD
SBC,SBC Exports Limited,Industrials,Conglomerates,38.599998474121094,False,34.26,False,True,99.72,101.18,True,231.0,True,HOLD
DYCL,Dynamic Cables Limited,Industrials,Electrical Equipment & Parts,450.20001220703125,False,89.75,True,True,9.49,11.15,True,1025.0,True,HOLD
AWFIS,AWFIS,Industrials,Rental & Leasing Services,266.54998779296875,False,70.86,True,False,-58.34,-56.52,False,1208.0,True,EXIT
JAYKAY,Jaykay Enterprises Limited,Industrials,Specialty Business Services,155.8699951171875,False,232.53,True,False,,,False,81.0,True,EXIT
HATHWAY,Hathway Cable and Datacom Limited,Communication Services,Entertainment,10.600000381469727,False,88.56,False,False,-11.85,-30.11,False,1307.0,False,EXIT
BGRENERGY,BGR Energy Systems Limited,Industrials,Engineering & Construction,257.45001220703125,False,1247.16,True,False,123.69,125.1,True,3441.0,False,HOLD
SCILAL,Shipping Corporation of India Land and Assets Limited,Real Estate,Real Estate Services,40.31999969482422,False,30.5,False,False,-8.52,-23.22,False,18.0,True,EXIT
SERVOTECH,Servotech Renewable Power System Limited,Industrials,Electrical Equipment & Parts,82.77999877929688,False,37.459999999999994,True,False,-37.19,-35.42,False,674.0,True,EXIT
CANTABIL,Cantabil Retail India Limited,Consumer Cyclical,Apparel Manufacturing,237.77999877929688,False,95.74000000000001,False,False,-11.9,-5.84,False,,False,EXIT
SIMPLEXINF,Simplex Infrastructures Limited,Industrials,Engineering & Construction,250.10000610351562,False,40.01,False,True,-14.39,-12.67,False,6202.0,False,EXIT
ALGOQUANT,Algoquant Fintech Limited,Financial Services,Capital Markets,66.0,True,33.4,True,False,,,False,235.0,True,EXIT
INSECTICID,Insecticides (India) Limited,Basic Materials,Agricultural Inputs,631.1500244140625,False,139.42000000000002,False,False,-31.09,-30.52,False,2000.0,True,EXIT
BCG,Brightcom Group Limited,Communication Services,Advertising Agencies,9.930000305175781,False,872.1400000000001,False,False,-20.08,-38.23,False,7397.0,False,EXIT
GRMOVER,GRM Overseas Limited,Consumer Defensive,Packaged Foods,89.66000366210938,False,74.6,False,False,-28.12,-31.23,False,1379.0,False,EXIT
PFS,PTC India Financial Services Limited,Financial Services,Credit Services,28.350000381469727,False,271.46000000000004,False,False,-30.93,-29.84,False,,False,EXIT
GOODYEAR,Goodyear India Limited,Consumer Cyclical,Auto Parts,777.4000244140625,False,61.5,False,False,,,False,,False,EXIT
HINDWAREAP,Hindware Home Innovation Limited,Consumer Cyclical,"Furnishings, Fixtures & Appliances",195.47000122070312,False,56.620000000000005,False,False,-47.13,-40.99,False,2872.0,False,EXIT
VIKRAN,VIKRAN,Industrials,Engineering & Construction,62.220001220703125,False,123.81,False,False,,,False,,False,EXIT
EIHAHOTELS,EIH Associated Hotels Limited,Consumer Cyclical,Lodging,299.25,False,87.16999999999999,True,False,-33.09,-26.98,False,197.0,True,EXIT
TIL,TIL Limited,Industrials,Farm & Heavy Construction Machinery,238.9499969482422,False,30.77,False,True,-20.39,-18.66,False,1472.0,False,EXIT
JINDRILL,Jindal Drilling & Industries Limited,Energy,Oil & Gas Equipment & Services,588.0,False,277.40000000000003,True,True,-18.78,-8.34,False,828.0,True,HOLD
NUCLEUS,Nucleus Software Exports Limited,Technology,Software - Application,703.9000244140625,False,105.41,False,False,-32.86,-33.51,False,832.0,True,EXIT
WINDLAS,Windlas Biotech Limited,Healthcare,Drug Manufacturers - Specialty & Generic,949.4500122070312,False,66.45,False,True,-25.01,-13.39,False,760.0,True,EXIT
TBZ,Tribhovandas Bhimji Zaveri Limited,Consumer Cyclical,Luxury Goods,251.35000610351562,False,202.29999999999998,True,True,23.63,29.61,True,2620.0,True,HOLD
JAICORPLTD,Jai Corp Limited,Basic Materials,Specialty Chemicals,100.62999725341797,False,169.26999999999998,True,False,-9.87,-9.36,False,748.0,False,EXIT
KRSNAA,Krsnaa Diagnostics Limited,Healthcare,Diagnostics & Research,575.2999877929688,False,101.42999999999999,True,False,-42.96,-31.23,False,717.0,True,EXIT
CAPACITE,Capacit'e Infraprojects Limited,Industrials,Engineering & Construction,214.52999877929688,False,191.54,False,False,-28.29,-26.54,False,2350.0,True,EXIT
MARSONS,Marsons Limited,Industrials,Electrical Equipment & Parts,104.5199966430664,False,46.33,True,False,,,False,168.0,True,EXIT
BFINVEST,BF Investment Limited,Financial Services,Asset Management,463.45001220703125,False,282.01,False,True,-2.99,-2.02,False,1074.0,False,EXIT
KRISHNADEF,KRISHNADEF,Industrials,Specialty Industrial Machinery,1077.699951171875,False,34.230000000000004,True,True,30.76,32.38,True,194.0,True,HOLD
CEINSYS,Ceinsys Tech Limited,Industrials,Engineering & Construction,817.7000122070312,False,133.42,True,False,,,False,418.0,True,EXIT
MTNL,Mahanagar Telephone Nigam Limited,Communication Services,Telecom Services,26.350000381469727,False,3107.2500000000005,False,False,-23.73,-41.83,False,3398.0,False,EXIT
RACLGEAR,RACL Geartech Limited,Consumer Cyclical,Auto Parts,1387.300048828125,False,48.949999999999996,True,True,47.9,53.82,True,415.0,True,HOLD
MCLOUD,Magellanic Cloud Limited,Technology,Information Technology Services,28.479999542236328,False,114.22999999999999,True,False,-65.47,-65.92,False,600.0,True,EXIT
PAUSHAKLTD,Paushak Limited,Basic Materials,Specialty Chemicals,740.7999877929688,True,42.39,False,False,,,False,,False,EXIT
WEL,Wonder Electricals Limited,Consumer Cyclical,"Furnishings, Fixtures & Appliances",145.0500030517578,False,9.12,False,True,-20.11,-14.03,False,894.0,True,EXIT
AURUM,Aurum PropTech Limited,Real Estate,Real Estate Services,220.47000122070312,False,16.349999999999998,False,True,37.3,22.04,True,988.0,False,HOLD
STUDDS,STUDDS,Consumer Cyclical,Auto Parts,425.25,False,78.12,False,False,,,False,584.0,True,EXIT
5PAISA,5paisa Capital Limited,Financial Services,Capital Markets,383.79998779296875,False,46.28,False,True,0.57,1.52,True,395.0,False,HOLD
SURYODAY,Suryoday Small Finance Bank Limited,Financial Services,Banks - Regional,152.05999755859375,False,196.74,False,True,14.93,15.82,True,,False,HOLD
JISLDVREQS,Jain Irrigation Systems Limited,Industrials,Conglomerates,21.020000457763672,False,96.71,False,False,-32.76,-31.0,False,,False,EXIT
MAHASTEEL,Mahamaya Steel Industries Limited,Basic Materials,Steel,1066.0,True,9.6,True,True,205.1,205.0,True,802.0,True,ADD
SHALBY,Shalby Limited,Healthcare,Medical Care Facilities,152.91000366210938,False,37.38,False,False,-40.5,-28.78,False,1087.0,True,EXIT
ACCELYA,Accelya Solutions India Limited,Technology,Information Technology Services,1139.699951171875,False,107.95,False,False,-21.72,-22.43,False,529.0,True,EXIT
MBEL,MBEL,Industrials,Engineering & Construction,270.3999938964844,False,92.64,False,False,-42.25,-40.47,False,909.0,True,EXIT
HITECH,Hi-Tech Pipes Limited,Basic Materials,Steel,78.22000122070312,False,76.17,True,False,-14.93,-14.41,False,3068.0,True,EXIT
DELTACORP,Delta Corp Limited,Consumer Cyclical,Resorts & Casinos,60.540000915527344,False,224.75,False,False,-39.11,-32.98,False,964.0,False,EXIT
GOCOLORS,Go Fashion (India) Limited,Consumer Cyclical,Apparel Retail,327.5,False,53.41,False,False,-62.55,-56.36,False,190.0,True,EXIT
MACPOWER,Macpower CNC Machines Limited,Industrials,Specialty Industrial Machinery,1749.300048828125,True,33.88,False,True,99.61,101.07,True,,False,HOLD
YATRA,Yatra Online Limited,Consumer Cyclical,Travel Services,114.01000213623047,False,46.82,True,False,-29.67,-23.57,False,845.0,False,EXIT
GARUDA,GARUDA,Industrials,Engineering & Construction,183.0399932861328,False,113.39,True,False,-1.22,0.47,False,226.0,False,EXIT
BLUSPRING,Bluspring Enterprises Limited,Industrials,Specialty Business Services,111.06999969482422,False,34.05,False,True,30.27,31.88,True,3484.0,True,HOLD
CNL,Creative Newtech Limited,Technology,Electronics & Computer Distribution,1243.0,True,69.0,True,True,97.17,95.73,True,1783.0,True,ADD
IPL,India Pesticides Limited,Basic Materials,Agricultural Inputs,140.52000427246094,False,119.81,False,False,-36.52,-35.93,False,885.0,False,EXIT
MVELECTRO,MVELECTRO,Industrials,Electrical Equipment & Parts,588.6500244140625,False,0.0,False,False,,,False,,False,EXIT
SMCGLOBAL,SMC Global Securities Limited,Financial Services,Capital Markets,79.45999908447266,False,81.36,False,True,10.12,11.03,True,1778.0,True,HOLD
TARSONS,Tarsons Products Limited,Healthcare,Medical Instruments & Supplies,360.29998779296875,False,14.319999999999999,False,True,-10.8,0.72,False,392.0,True,EXIT
VOEPL,Virtuoso Optoelectronics Limited,Technology,Consumer Electronics,506.0,True,22.79,False,False,,,False,,False,EXIT
DOLPHIN,Dolphin Offshore Enterprises (India) Limited,Energy,Oil & Gas Equipment & Services,508.1000061035156,False,72.02,True,True,1.54,11.42,True,340.0,False,HOLD
SUMMITSEC,Summit Securities Limited,Financial Services,Capital Markets,1443.9000244140625,False,65.09,False,False,-30.06,-28.97,False,141.0,False,EXIT
DIFFNKG,DIFFNKG,Industrials,Specialty Industrial Machinery,391.95001220703125,False,50.31999999999999,False,True,12.44,14.1,True,335.0,True,HOLD
IFGLEXPOR,IFGL Refractories Limited,Basic Materials,Building Materials,225.30999755859375,False,40.86,False,True,-8.41,-7.91,False,1653.0,True,EXIT
ASIANTILES,Asian Granito India Limited,Industrials,Building Products & Equipment,50.54999923706055,False,75.72,False,False,-20.74,-19.0,False,1564.0,False,EXIT
WENDT,Wendt (India) Limited,Industrials,Tools & Accessories,7932.0,False,18.03,False,True,-25.29,-23.55,False,234.0,True,EXIT
PNGSREVA,PNGSREVA,Consumer Cyclical,Luxury Goods,571.75,False,68.75,False,False,,,False,,False,EXIT
SHANTIGOLD,SHANTIGOLD,Consumer Cyclical,Luxury Goods,247.66000366210938,True,145.06,False,True,-10.03,-3.97,False,1106.0,True,EXIT
ATULAUTO,Atul Auto Limited,Consumer Cyclical,Auto Manufacturers,494.6000061035156,False,42.260000000000005,False,True,6.12,12.14,True,667.0,False,HOLD
KAPSTON,Kapston Services Limited,Industrials,Specialty Business Services,588.4000244140625,True,28.139999999999997,True,True,134.88,136.26,True,689.0,True,ADD
SPMLINFRA,SPML Infra Limited,Industrials,Engineering & Construction,190.55999755859375,False,74.67999999999999,False,False,-37.73,-35.96,False,1701.0,False,EXIT
GTLINFRA,GTL Infrastructure Limited,Technology,Communication Equipment,1.2100000381469727,False,1631.05,True,False,-19.86,-20.58,False,1398.0,False,EXIT
MOTISONS,MOTISONS,Consumer Cyclical,Luxury Goods,16.75,False,63.7,False,True,-18.28,-12.2,False,,False,EXIT
OMAXE,Omaxe Limited,Real Estate,Real Estate - Development,99.13999938964844,False,696.86,True,True,18.36,3.33,True,1839.0,False,HOLD
DOLLAR,Dollar Industries Limited,Consumer Cyclical,Apparel Manufacturing,273.5,False,107.43,False,False,-35.46,-29.34,False,1710.0,True,EXIT
ONEPOINT,One Point One Solutions Limited,Industrials,Specialty Business Services,58.380001068115234,False,37.550000000000004,False,True,19.69,21.33,True,256.0,True,HOLD
VIDHIING,Vidhi Specialty Food Ingredients Limited,Basic Materials,Specialty Chemicals,309.8999938964844,False,53.25000000000001,False,False,-24.05,-23.5,False,537.0,False,EXIT
DLINKINDIA,D-Link (India) Limited,Technology,Communication Equipment,420.45001220703125,False,104.05999999999999,False,False,-17.71,-18.45,False,1384.0,True,EXIT
MOBIKWIK,MOBIKWIK,Technology,Software - Infrastructure,203.2100067138672,False,78.97,True,False,-13.07,-13.83,False,1170.0,True,EXIT
IKIO,IKIO Technologies Limited,Technology,Electronic Components,204.97000122070312,False,38.09,False,True,4.66,3.78,True,486.0,True,HOLD
KABRAEXTRU,Kabra Extrusiontechnik Limited,Industrials,Specialty Industrial Machinery,517.4000244140625,False,13.950000000000001,False,True,99.25,100.72,True,670.0,False,HOLD
WALCHANNAG,Walchandnagar Industries Limited,Industrials,Engineering & Construction,224.8000030517578,False,29.89,False,True,17.95,19.6,True,,False,HOLD
NITTAGELA,Nitta Gelatin India Limited,Basic Materials,Specialty Chemicals,1607.4000244140625,False,103.25999999999999,False,False,,,False,,False,EXIT
DSSL,Dynacons Systems & Solutions Limited,Technology,Information Technology Services,1196.4000244140625,False,84.69000000000001,True,True,18.48,17.52,True,1267.0,True,HOLD
INDORAMA,Indo Rama Synthetics (India) Limited,Consumer Cyclical,Textile Manufacturing,56.09000015258789,False,161.20000000000002,False,True,-1.03,5.01,False,4259.0,True,EXIT
DIGITIDE,Digitide Solutions Limited,Industrials,Specialty Business Services,100.08999633789062,False,23.97,False,False,-57.79,-55.97,False,3269.0,True,EXIT
TTKHLTCARE,TTK Healthcare Limited,Healthcare,Drug Manufacturers - General,1157.699951171875,False,61.44,False,True,-13.19,-1.65,False,,False,EXIT
SDBL,Som Distilleries & Breweries Limited,Consumer Defensive,Beverages - Brewers,74.19999694824219,False,121.55,True,False,-48.51,-51.48,False,1443.0,True,EXIT
JAGSNPHARM,Jagsonpal Pharmaceuticals Limited,Healthcare,Drug Manufacturers - Specialty & Generic,226.5500030517578,False,45.47,False,True,-23.2,-11.6,False,269.0,True,EXIT
IGPL,I G Petrochemicals Limited,Basic Materials,Chemicals,458.29998779296875,False,53.92,False,True,3.72,4.18,True,2352.0,False,HOLD
BHARATSE,Bharat Seats Limited,Consumer Cyclical,Auto Parts,248.0500030517578,True,42.23,True,True,93.68,99.49,True,1289.0,True,ADD
JAYBARMARU,Jay Bharat Maruti Limited,Consumer Cyclical,Auto Parts,127.86000061035156,False,139.68,True,True,47.41,53.33,True,2344.0,False,HOLD
AMRUTANJAN,Amrutanjan Health Care Limited,Healthcare,Drug Manufacturers - Specialty & Generic,496.04998779296875,False,57.910000000000004,False,False,-43.79,-32.05,False,177.0,True,EXIT
NAVKARCORP,Navkar Corporation Limited,Industrials,Integrated Freight & Logistics,99.48999786376953,False,38.07,False,False,-21.87,-20.13,False,371.0,True,EXIT
IVALUE,iValue Infosolutions Limited,Technology,Information Technology Services,278.79998779296875,False,103.66,False,True,,,False,1296.0,False,EXIT
ARFIN,Arfin India Limited,Basic Materials,Aluminum,84.05000305175781,False,15.44,False,True,139.65,139.73,True,616.0,True,HOLD
IZMO,IZMO Limited,Technology,Software - Application,939.4500122070312,False,47.56,False,True,141.34,139.63,True,225.0,True,HOLD
RATNAVEER,Ratnaveer Precision Engineering Limited,Basic Materials,Steel,230.16000366210938,False,67.59,False,True,60.72,61.03,True,,False,HOLD
ASALCBR,Associated Alcohols & Breweries Limited,Consumer Defensive,Beverages - Wineries & Distilleries,713.9500122070312,False,82.64,False,False,-32.56,-35.63,False,1075.0,True,EXIT
IGARASHI,Igarashi Motors India Limited,Consumer Cyclical,Auto Parts,457.04998779296875,False,12.139999999999999,False,True,-18.48,-12.4,False,176.0,True,EXIT
GPTINFRA,GPT Infraprojects Limited,Industrials,Engineering & Construction,115.80000305175781,False,97.31,True,True,-5.31,-3.62,False,1188.0,True,HOLD
SOLARWORLD,SOLARWORLD,Technology,Solar,158.10000610351562,False,117.00999999999999,False,False,,,False,545.0,True,EXIT
AYMSYNTEX,AYM Syntex Limited,Consumer Cyclical,Textile Manufacturing,266.75,False,14.450000000000001,True,True,28.75,34.72,True,1489.0,True,HOLD
UGROCAP,UGRO Capital Limited,Financial Services,Credit Services,93.33999633789062,False,174.82,False,False,-50.78,-49.6,False,,False,EXIT
PNBGILTS,PNB Gilts Ltd.,Financial Services,Capital Markets,79.41000366210938,False,369.7,False,False,-29.0,-27.91,False,,False,EXIT
TEXINFRA,Texmaco Infrastructure & Holdings Limited,Real Estate,Real Estate Services,107.80999755859375,False,10.940000000000001,False,True,23.97,8.87,True,24.0,False,HOLD
QUADFUTURE,QUADFUTURE,Industrials,Railroads,360.45001220703125,False,45.230000000000004,False,True,-10.23,-8.52,False,,False,EXIT
SESHAPAPER,Seshasayee Paper and Boards Limited,Basic Materials,Paper & Paper Products,232.0399932861328,False,92.03,False,False,-17.33,-16.8,False,2083.0,False,EXIT
SHRIRAMPPS,Shriram Properties Limited,Real Estate,Real Estate - Development,78.11000061035156,False,114.56,False,False,-0.49,-15.28,False,865.0,False,EXIT
ALLTIME,ALLTIME,Consumer Defensive,Household & Personal Products,215.5399932861328,False,35.41,False,False,-24.82,-27.95,False,558.0,True,EXIT
AEROENTER,Aeroflex Enterprises Limited,Basic Materials,Steel,127.94999694824219,False,64.23,False,True,30.39,30.78,True,578.0,True,HOLD
SIGNPOST,Signpost India Limited,Communication Services,Advertising Agencies,267.3999938964844,False,70.12,True,True,26.0,7.23,True,453.0,True,HOLD
STEELXIND,Steel Exchange India Limited,Basic Materials,Steel,10.869999885559082,False,31.79,False,True,1.44,1.91,True,506.0,True,HOLD
UDS,Updater Services Limited,Industrials,Specialty Business Services,211.5,False,86.81,False,True,-18.9,-17.17,False,2736.0,True,EXIT
ONIDA,Onida Electronics Limited,Consumer Cyclical,"Furnishings, Fixtures & Appliances",35.790000915527344,False,74.74,False,True,26.86,32.83,True,,False,HOLD
GENESYS,Genesys International Corporation Limited,Technology,Software - Application,181.14999389648438,False,32.57,False,False,-72.77,-73.18,False,284.0,True,EXIT
ALLCARGO,Allcargo Logistics Limited,Industrials,Integrated Freight & Logistics,10.0,False,123.92,False,False,-76.0,-74.14,False,19062.0,False,EXIT
CLSEL,Chaman Lal Setia Exports Ltd.,Consumer Defensive,Packaged Foods,278.45001220703125,False,114.77,False,True,-4.59,-7.85,False,,False,EXIT
ASTEC,Astec LifeSciences Limited,Basic Materials,Agricultural Inputs,593.9500122070312,False,75.22,False,False,-31.29,-30.72,False,677.0,False,EXIT
FAZE3Q,Faze Three Limited,Consumer Cyclical,Textile Manufacturing,487.3500061035156,False,43.97,False,False,-6.07,-0.02,False,690.0,True,EXIT
JAGRAN,Jagran Prakashan Limited,Communication Services,Publishing,62.459999084472656,False,196.96999999999997,False,False,1.26,-17.17,False,2363.0,False,EXIT
SPIC,Southern Petrochemical Industries Corporation Limited,Basic Materials,Agricultural Inputs,67.68000030517578,False,211.49,False,False,-24.52,-23.98,False,3086.0,True,EXIT
BHARATWIRE,Bharat Wire Ropes Limited,Basic Materials,Steel,188.00999450683594,False,72.45,False,False,1.62,2.1,True,622.0,True,EXIT
NINSYS,NINtec Systems Limited,Technology,Information Technology Services,738.9500122070312,False,32.010000000000005,True,True,72.03,70.74,True,140.0,True,HOLD
IMPAL,India Motor Parts & Accessories Limited,Consumer Cyclical,Auto Parts,1068.300048828125,False,92.75,True,True,-7.67,-1.62,False,741.0,True,HOLD
DCW,DCW Limited,Basic Materials,Chemicals,44.04999923706055,False,48.18,False,False,-46.48,-45.87,False,1327.0,False,EXIT
JYOTISTRUC,Jyoti Structures Limited,Industrials,Specialty Industrial Machinery,10.619999885559082,False,56.03,False,False,-39.85,-38.07,False,3636.0,False,EXIT
WAAREEINDO,Indosolar Limited,Technology,Solar,297.25,False,236.88,False,False,-24.74,-25.44,False,,False,EXIT
PUNJABCHEM,Punjab Chemicals and Crop Protection Limited,Basic Materials,Chemicals,1094.800048828125,False,65.4,False,False,-15.71,-15.18,False,1006.0,False,EXIT
PRECAM,Precision Camshafts Limited,Consumer Cyclical,Auto Parts,135.0,False,51.25000000000001,False,False,-30.0,-23.9,False,1080.0,False,EXIT
AGL,AGL,Industrials,Integrated Freight & Logistics,14.90999984741211,False,0.0,False,False,,,False,,False,EXIT
UNIENTER,Uniphos Enterprises Limited,Basic Materials,Chemicals,95.36000061035156,False,25.61,False,False,-42.31,-41.71,False,,False,EXIT
CAPITALSFB,Capital Small Finance Bank Limited,Financial Services,Banks - Regional,285.70001220703125,False,147.79999999999998,False,True,-8.91,-7.92,False,,False,EXIT
SULA,Sula Vineyards Limited,Consumer Defensive,Beverages - Wineries & Distilleries,149.92999267578125,False,25.65,False,False,-40.86,-43.88,False,579.0,True,EXIT
MOL,Meghmani Organics Limited,Basic Materials,Agricultural Inputs,63.22999954223633,False,71.3,False,True,-28.85,-28.29,False,2557.0,False,EXIT
CENTENKA,Century Enka Limited,Consumer Cyclical,Textile Manufacturing,569.1500244140625,False,147.16,True,True,4.13,10.15,True,2072.0,False,HOLD
ASIANHOTNR,Asian Hotels (North) Limited,Consumer Cyclical,Lodging,301.6499938964844,False,164.85000000000002,True,False,-19.38,-13.3,False,354.0,False,EXIT
MENONBE,Menon Bearings Limited,Consumer Cyclical,Auto Parts,229.67999267578125,False,45.57,True,True,70.07,75.94,True,243.0,True,HOLD
GALAPREC,GALAPREC,Industrials,Specialty Industrial Machinery,1000.5999755859375,False,35.480000000000004,False,True,17.83,19.48,True,238.0,True,HOLD
PASHUPATI,Pashupati Cotspin Limited,Consumer Cyclical,Textile Manufacturing,84.6500015258789,False,10.39,False,False,12.64,18.65,True,661.0,False,EXIT
RGL,Renaissance Global Limited,Consumer Cyclical,Luxury Goods,123.02999877929688,False,65.47,False,True,6.37,12.38,True,2591.0,False,HOLD
SHREEPUSHK,Shree Pushkar Chemicals & Fertilisers Limited,Basic Materials,Specialty Chemicals,384.29998779296875,False,70.1,True,True,5.87,6.33,True,806.0,True,HOLD
RUPA,Rupa & Company Limited,Consumer Cyclical,Apparel Manufacturing,151.0500030517578,False,72.49,False,False,-31.83,-25.72,False,1430.0,False,EXIT
GPTHEALTH,GPT Healthcare Limited,Healthcare,Medical Care Facilities,156.14999389648438,False,42.22,False,True,-18.54,-6.97,False,337.0,True,EXIT
KALAMANDIR,Sai Silks (Kalamandir) Limited,Consumer Cyclical,Apparel Retail,87.04000091552734,False,126.49000000000001,False,False,-57.08,-50.91,False,1462.0,True,EXIT
KROSS,KROSS,Consumer Cyclical,Auto Parts,210.1999969482422,False,57.81999999999999,False,True,20.79,26.77,True,,False,HOLD
DEN,DEN Networks Limited,Communication Services,Entertainment,27.510000228881836,False,167.32,False,False,-6.93,-25.25,False,1307.0,False,EXIT
NIITLTD,NIIT Limited,Consumer Defensive,Education & Training Services,95.55000305175781,False,20.84,False,True,-13.38,-16.58,False,513.0,False,EXIT
SURAKSHA,SURAKSHA,Healthcare,Diagnostics & Research,304.8999938964844,False,32.19,False,True,-14.72,-3.17,False,252.0,True,EXIT
EXPLEOSOL,Expleo Solutions Limited,Technology,Information Technology Services,815.9500122070312,False,123.98,False,False,-30.12,-30.79,False,1025.0,True,EXIT
DHANBANK,Dhanlaxmi Bank Limited,Financial Services,Banks - Regional,32.34000015258789,False,104.46000000000001,False,True,16.21,17.09,True,,False,HOLD
ICEMAKE,Ice Make Refrigeration Limited,Industrials,Specialty Industrial Machinery,751.6500244140625,False,15.03,False,False,-1.69,0.0,False,480.0,True,EXIT
EXCELINDUS,Excel Industries Limited,Basic Materials,Specialty Chemicals,1013.6500244140625,False,75.66999999999999,False,True,-20.88,-20.34,False,1178.0,False,EXIT
FINOPB,Fino Payments Bank Limited,Financial Services,Banks - Regional,150.24000549316406,False,67.31,False,False,-45.06,-43.9,False,,False,EXIT
INDOBORAX,Indo Borax & Chemicals Limited,Basic Materials,Chemicals,425.3500061035156,False,50.260000000000005,False,True,61.01,61.31,True,225.0,False,HOLD
INDOTHAI,Indo Thai Securities Limited,Financial Services,Capital Markets,77.08000183105469,False,54.21,True,False,-60.66,-59.44,False,58.0,False,EXIT
RSL,RSL,Basic Materials,Steel,165.4199981689453,True,21.369999999999997,False,False,,,False,,False,EXIT
ROTO,Roto Pumps Limited,Industrials,Specialty Industrial Machinery,66.11000061035156,False,24.770000000000003,False,True,-31.55,-29.79,False,298.0,True,EXIT
GULPOLY,Gulshan Polyols Limited,Basic Materials,Chemicals,188.0,False,107.33,True,True,8.48,8.93,True,2020.0,True,HOLD
OAL,Oriental Aromatics Limited,Basic Materials,Specialty Chemicals,348.1000061035156,False,9.16,False,True,2.39,2.86,True,935.0,True,HOLD
ELECTHERM,Electrotherm (India) Limited,Basic Materials,Steel,1003.5,False,98.42,False,True,21.47,21.88,True,4272.0,False,HOLD
RUBYMILLS,The Ruby Mills Limited,Consumer Cyclical,Textile Manufacturing,364.25,False,43.56,False,True,41.36,47.3,True,260.0,False,HOLD
EKC,Everest Kanto Cylinder Limited,Industrials,Specialty Industrial Machinery,110.41000366210938,False,146.85000000000002,False,False,-33.62,-31.86,False,1699.0,False,EXIT
SYNCOMF,Syncom Formulations (India) Limited,Healthcare,Drug Manufacturers - Specialty & Generic,14.920000076293945,False,76.43,True,True,-29.78,-18.14,False,463.0,True,HOLD
GODAVARIB,GODAVARIB,Basic Materials,Chemicals,247.25,False,118.74,True,False,-10.49,-9.99,False,2015.0,False,EXIT
BLKASHYAP,B.L. Kashyap and Sons Limited,Industrials,Engineering & Construction,51.619998931884766,False,43.82,False,False,-29.31,-27.56,False,1349.0,False,EXIT
GYFTR,Gyftr Limited,Industrials,Specialty Business Services,161.8699951171875,True,21.81,False,False,,,False,,False,EXIT
BOROSCI,Borosil Scientific Limited,Consumer Cyclical,Packaging & Containers,133.9199981689453,False,42.94,True,True,-17.85,-11.78,False,434.0,True,HOLD
BHAGYANGR,Bhagyanagar India Limited,Basic Materials,Copper,364.29998779296875,False,59.15,True,True,300.4,300.03,True,1847.0,False,HOLD
MWL,MWL,Basic Materials,Steel,41.279998779296875,True,51.89,False,True,117.64,117.78,True,1060.0,True,HOLD
DOLATALGO,Dolat Algotech Limited,Financial Services,Capital Markets,69.4000015258789,False,128.93,False,False,-22.06,-21.01,False,530.0,True,EXIT
HARIOMPIPE,Hariom Pipe Industries Limited,Basic Materials,Steel,351.8999938964844,False,75.69999999999999,True,False,-31.96,-31.39,False,1604.0,True,EXIT
ALLDIGI,Alldigi Tech Limited,Industrials,Specialty Business Services,813.4000244140625,False,82.73,False,False,-25.98,-24.24,False,546.0,True,EXIT
PLATIND,Platinum Industries Limited,Basic Materials,Specialty Chemicals,215.4199981689453,False,0.0,False,False,-27.03,-26.47,False,392.0,True,EXIT
RAJRILTD,Raj Rayon Industries Limited,Consumer Cyclical,Textile Manufacturing,21.700000762939453,False,33.989999999999995,False,False,-28.37,-22.27,False,,False,EXIT
ARIHANT,Arihant Foundations & Housing Limited,Real Estate,Real Estate - Development,1048.5,False,60.63,False,False,,,False,,False,EXIT
MANAKCOAT,Manaksia Coated Metals & Industries Limited,Industrials,Metal Fabrication,116.3499984741211,False,40.83,True,False,-24.36,-22.62,False,782.0,True,EXIT
BUTTERFLY,Butterfly Gandhimathi Appliances Limited,Consumer Cyclical,"Furnishings, Fixtures & Appliances",677.9000244140625,False,45.64,False,True,-16.42,-10.35,False,,False,EXIT
STLNETWORK,STLNETWORK,Communication Services,Telecom Services,25.780000686645508,False,98.57,False,True,,,False,1180.0,True,EXIT
ALICON,Alicon Castalloy Limited,Industrials,Metal Fabrication,719.5999755859375,False,34.440000000000005,False,False,-17.83,-16.1,False,1526.0,True,EXIT
IRMENERGY,IRM Energy Limited,Utilities,Utilities - Regulated Gas,294.1499938964844,False,53.220000000000006,False,True,18.04,6.59,True,980.0,False,HOLD
AVADHSUGAR,Avadh Sugar & Energy Limited,Consumer Defensive,Confectioners,653.1500244140625,False,87.31,False,True,52.14,48.5,True,,False,HOLD
SEPC,SEPC Limited,Industrials,Engineering & Construction,5.769999980926514,False,53.540000000000006,True,False,-54.23,-52.42,False,1208.0,False,EXIT
LINCOLN,Lincoln Pharmaceuticals Limited,Healthcare,Drug Manufacturers - Specialty & Generic,613.4000244140625,False,87.89000000000001,False,True,-2.46,9.01,False,623.0,True,EXIT
SUMEETINDS,Sumeet Industries Limited,Consumer Cyclical,Textile Manufacturing,14.770000457763672,False,34.379999999999995,False,False,-43.72,-37.59,False,1406.0,False,EXIT
ULTRAMAR,Ultramarine & Pigments Limited,Basic Materials,Specialty Chemicals,398.20001220703125,False,80.79,False,False,,,False,,False,EXIT
SRM,SRM,Industrials,Engineering & Construction,483.70001220703125,False,111.02,False,False,-2.32,-0.63,False,528.0,True,EXIT
ANDHRSUGAR,The Andhra Sugars Limited,Basic Materials,Chemicals,101.87999725341797,False,83.22,False,True,21.42,21.84,True,2368.0,False,HOLD
CENTRUM,Centrum Capital Limited,Financial Services,Financial Conglomerates,25.770000457763672,False,165.4,True,False,-38.24,-37.12,False,9895.0,False,EXIT
ANDHRAPAP,Andhra Paper Limited,Basic Materials,Paper & Paper Products,59.689998626708984,False,59.14,False,False,-24.62,-24.07,False,,False,EXIT
LAXMIDENTL,LAXMIDENTL,Healthcare,Medical Instruments & Supplies,201.82000732421875,False,28.98,False,False,-57.63,-45.8,False,239.0,True,EXIT
GCSL,Gretex Corporate Services Limited,Financial Services,Capital Markets,517.75,True,18.69,False,True,,,False,262.0,True,EXIT
ORIENTTECH,ORIENTTECH,Technology,Information Technology Services,258.54998779296875,False,43.830000000000005,False,False,-11.41,-12.19,False,840.0,True,EXIT
AWHCL,Antony Waste Handling Cell Limited,Industrials,Waste Management,390.29998779296875,False,75.45,False,False,-40.47,-38.69,False,934.0,True,EXIT
ARROWGREEN,Arrow Greentech Limited,Consumer Cyclical,Packaging & Containers,809.0999755859375,False,47.35,False,True,37.08,43.02,True,243.0,True,HOLD
APEX,Apex Frozen Foods Limited,Consumer Defensive,Farm Products,426.3500061035156,False,38.85,False,True,72.76,68.98,True,,False,HOLD
GHCLTEXTIL,GHCL Textiles Limited,Consumer Cyclical,Textile Manufacturing,118.1500015258789,True,96.2,False,True,42.96,48.89,True,,False,HOLD
GREENPOWER,Orient Green Power Company Limited,Utilities,Utilities - Independent Power Producers,9.529999732971191,False,147.47,True,False,-21.25,-31.67,False,413.0,False,EXIT
ARIHANTSUP,Arihant Superstructures Limited,Real Estate,Real Estate - Development,247.5500030517578,False,32.58,False,False,-30.27,-44.69,False,510.0,False,EXIT
RIIL,Reliance Industrial Infrastructure Limited,Industrials,Engineering & Construction,743.5999755859375,False,12.17,False,False,-16.54,-14.81,False,102.0,False,EXIT
NAHARSPING,Nahar Spinning Mills Limited,Consumer Cyclical,Textile Manufacturing,302.0,False,56.940000000000005,False,True,41.33,47.27,True,,False,HOLD
VHL,Vardhman Holdings Limited,Financial Services,Credit Services,3439.0,False,216.02999999999997,False,False,-13.73,-12.71,False,70.0,False,EXIT
JPOLYINVST,Jindal Poly Investment and Finance Company Limited,Financial Services,Asset Management,1011.0999755859375,False,857.5099999999999,True,False,31.19,32.0,True,3125.0,False,HOLD
BIL,Bhartiya International Ltd.,Consumer Cyclical,Footwear & Accessories,837.4000244140625,False,30.990000000000002,False,True,-14.54,-8.47,False,1029.0,True,EXIT
HMAAGRO,HMA Agro Industries Limited,Consumer Defensive,Packaged Foods,24.239999771118164,False,164.75,False,False,-21.51,-24.66,False,4862.0,True,EXIT
MANALIPETC,Manali Petrochemicals Limited,Basic Materials,Specialty Chemicals,69.2699966430664,False,129.96,False,True,3.38,3.85,True,1672.0,False,HOLD
BAJAJHCARE,Bajaj HealthCare Limited,Healthcare,Drug Manufacturers - Specialty & Generic,329.25,False,64.05,False,False,-42.94,-31.21,False,,False,EXIT
NELCAST,Nelcast Limited,Industrials,Metal Fabrication,117.77999877929688,False,48.81,False,False,-32.62,-30.86,False,1267.0,False,EXIT
JINDALPHOT,Jindal Photo Limited,Financial Services,Asset Management,1057.699951171875,False,222.42,False,False,21.25,22.11,True,1412.0,False,EXIT
AVTNPL,AVT Natural Products Limited,Basic Materials,Specialty Chemicals,81.25,False,64.8,False,True,7.3,7.76,True,582.0,False,HOLD
BCLIND,BCL Industries Limited,Consumer Defensive,Beverages - Wineries & Distilleries,35.630001068115234,False,114.97999999999999,True,True,-13.97,-17.17,False,2815.0,True,HOLD
AMBIKCO,Ambika Cotton Mills Limited,Consumer Cyclical,Textile Manufacturing,1598.5999755859375,False,71.56,False,True,3.39,9.42,True,,False,HOLD
YUKEN,Yuken India Limited,Industrials,Specialty Industrial Machinery,853.2000122070312,False,15.489999999999998,False,True,-20.29,-18.56,False,457.0,True,EXIT
TNPL,Tamil Nadu Newsprint and Papers Limited,Basic Materials,Paper & Paper Products,141.1199951171875,False,276.6,False,False,-13.89,-13.37,False,,False,EXIT
ARIS,Arisinfra Solutions Limited,Industrials,Engineering & Construction,134.08999633789062,False,52.72,True,True,-10.87,-9.16,False,768.0,True,HOLD
GANDHITUBE,Gandhi Special Tubes Limited,Industrials,Metal Fabrication,882.8499755859375,False,68.36,True,True,10.54,12.2,True,173.0,True,HOLD
SALZERELEC,Salzer Electronics Limited,Industrials,Electrical Equipment & Parts,570.25,False,52.94,True,False,-38.26,-36.48,False,1418.0,True,EXIT
DAMCAPITAL,DAMCAPITAL,Financial Services,Capital Markets,145.32000732421875,False,72.69,False,False,-37.92,-36.8,False,250.0,True,EXIT
SHREDIGCEM,Shree Digvijay Cement Company Limited,Basic Materials,Building Materials,71.91000366210938,False,35.53,False,False,-17.01,-16.49,False,792.0,False,EXIT
AMNPLST,Amines & Plasticizers Limited,Basic Materials,Chemicals,193.0500030517578,False,36.53,False,True,-12.6,-12.08,False,661.0,True,EXIT
MADRASFERT,Madras Fertilizers Limited,Basic Materials,Agricultural Inputs,65.55999755859375,False,80.42,False,False,-29.64,-29.07,False,,False,EXIT
GRPLTD,GRP Limited,Consumer Cyclical,Auto Parts,2009.5,False,8.35,False,True,-14.04,-7.98,False,550.0,True,EXIT
EIMCOELECO,Eimco Elecon (India) Limited,Industrials,Farm & Heavy Construction Machinery,2005.5,False,48.74000000000001,True,True,-18.32,-16.59,False,228.0,True,HOLD
CREST,Crest Ventures Limited,Financial Services,Financial Conglomerates,360.79998779296875,False,48.51,False,False,-8.11,-7.12,False,,False,EXIT
GKSL,GKSL,Healthcare,Medical Care Facilities,136.42999267578125,True,17.060000000000002,False,False,,,False,40.24,True,EXIT
HITECHGEAR,The Hi-Tech Gears Limited,Consumer Cyclical,Auto Parts,550.0,False,20.979999999999997,False,False,-22.65,-16.56,False,1169.0,False,EXIT
MAMATA,MAMATA,Industrials,Specialty Industrial Machinery,426.5,False,15.06,False,True,-0.8,0.89,False,255.0,True,EXIT
BALAJITELE,Balaji Telefilms Limited,Communication Services,Entertainment,92.37999725341797,False,49.089999999999996,False,False,14.62,-4.0,False,625.0,False,EXIT
SWELECTES,Swelect Energy Systems Limited,Technology,Solar,616.75,False,55.17,False,False,-19.77,-20.5,False,622.0,True,EXIT
MONTECARLO,Monte Carlo Fashions Limited,Consumer Cyclical,Apparel Manufacturing,508.3999938964844,False,144.6,True,False,-16.93,-10.85,False,1118.0,False,EXIT
SUYOG,Suyog Telematics Limited,Communication Services,Telecom Services,831.75,False,63.06,False,True,9.55,-9.0,False,193.0,True,EXIT
SALASAR,Salasar Techno Engineering Limited,Basic Materials,Steel,5.960000038146973,False,42.199999999999996,False,False,-19.42,-18.89,False,1447.0,True,EXIT
THEMISMED,Themis Medicare Limited,Healthcare,Drug Manufacturers - Specialty & Generic,104.8499984741211,False,36.82,False,True,-12.16,-0.63,False,406.0,True,EXIT
MUNJALAU,Munjal Auto Industries Limited,Consumer Cyclical,Auto Parts,120.52999877929688,False,40.74,False,True,49.65,55.57,True,2123.0,False,HOLD
AFSL,Abans Financial Services Limited,Financial Services,Capital Markets,204.6699981689453,False,104.07000000000001,False,True,-12.11,-11.1,False,4377.0,False,EXIT
STEL,STEL Holdings Limited,Financial Services,Asset Management,581.2000122070312,False,11.99,False,True,26.91,27.74,True,22.0,True,HOLD
JARO,JARO,Consumer Defensive,Education & Training Services,453.45001220703125,False,50.44,False,False,,,False,199.0,True,EXIT
LGHL,LGHL,Consumer Cyclical,Luxury Goods,182.0,False,15.24,True,False,-47.62,-41.47,False,202.0,False,EXIT
HIMATSEIDE,Himatsingka Seide Limited,Consumer Cyclical,Textile Manufacturing,72.94999694824219,False,61.97,False,False,-52.66,-46.5,False,3184.0,False,EXIT
PRIMESECU,Prime Securities Limited,Financial Services,Capital Markets,281.95001220703125,False,29.290000000000003,False,False,-1.6,-0.64,False,89.0,True,EXIT
WEALTH,Wealth First Portfolio Managers Limited,Financial Services,Capital Markets,902.1500244140625,False,38.67,False,False,-33.87,-32.76,False,331.0,False,EXIT
KRISHIVAL,KRISHIVAL,Consumer Defensive,Packaged Foods,406.6000061035156,False,21.48,True,True,6.3,2.97,True,202.0,True,HOLD
MATRIMONY,Matrimony.com Limited,Communication Services,Internet Content & Information,538.4000244140625,False,34.17,False,True,20.29,1.6,True,481.0,False,HOLD
KAMDHENU,Kamdhenu Limited,Basic Materials,Steel,34.75,False,85.62,True,True,13.84,14.29,True,924.0,False,HOLD
SOLEX,SOLEX,Technology,Solar,879.8499755859375,False,86.16,True,False,-37.71,-38.33,False,662.0,True,EXIT
MASTERTR,Master Trust Limited,Financial Services,Capital Markets,78.37999725341797,False,126.08999999999999,False,False,-57.74,-56.53,False,584.0,True,EXIT
RSWM,RSWM Limited,Consumer Cyclical,Textile Manufacturing,199.10000610351562,False,52.02,False,True,20.52,26.51,True,4826.0,True,HOLD
PRECOT,Precot Limited,Consumer Cyclical,Textile Manufacturing,717.1500244140625,False,28.29,False,True,47.89,53.81,True,993.0,False,HOLD
HEALTHX,Health X Platform Limited,Healthcare,Pharmaceutical Retailers,290.1499938964844,False,48.900000000000006,False,False,-8.69,2.82,False,,False,EXIT
SUDARCOLOR,Sudarshan Colorants India Limited,Basic Materials,Specialty Chemicals,413.3999938964844,False,48.519999999999996,False,True,-34.8,-34.22,False,973.0,False,EXIT
GKWLIMITED,GKW Limited,Industrials,Specialty Business Services,1609.0999755859375,False,40.09,True,False,-7.49,-5.79,False,117.78,False,EXIT
DHAMPURSUG,Dhampur Sugar Mills Limited,Consumer Defensive,Confectioners,160.92999267578125,False,86.03999999999999,False,True,23.45,20.0,True,3484.0,False,HOLD
GEMAROMA,GEMAROMA,Basic Materials,Chemicals,167.1999969482422,False,36.18,False,False,,,False,504.0,True,EXIT
SURAJEST,SURAJEST,Real Estate,Real Estate - Development,214.32000732421875,False,75.47,False,False,-12.95,-27.59,False,549.0,True,EXIT
UTTAMSUGAR,Uttam Sugar Mills Limited,Consumer Defensive,Confectioners,264.2900085449219,False,100.28,False,True,7.49,4.15,True,2047.0,False,HOLD
SIGACHI,Sigachi Industries Limited,Healthcare,Drug Manufacturers - Specialty & Generic,27.280000686645508,False,121.52999999999999,False,True,-26.71,-15.09,False,488.0,True,EXIT
EXCELSOFT,EXCELSOFT,Technology,Software - Application,73.95999908447266,False,53.39,False,False,,,False,233.0,True,EXIT
MAXIND,Max India Limited,Healthcare,Medical Care Facilities,151.1300048828125,False,121.85000000000001,False,False,-41.05,-29.33,False,233.0,False,EXIT
CONSOFINVT,Consolidated Finvest & Holdings Limited,Financial Services,Capital Markets,270.0,False,63.26,False,True,38.86,39.65,True,,False,HOLD
ZUARI,Zuari Agro Chemicals Limited,Basic Materials,Agricultural Inputs,220.5800018310547,False,989.3599999999999,True,False,-42.18,-41.58,False,8103.0,False,EXIT
BSHSL,Bombay Super Hybrid Seeds Limited,Basic Materials,Agricultural Inputs,88.94999694824219,False,23.14,False,False,-35.54,-34.96,False,,False,EXIT
TVSELECT,TVS Electronics Limited,Technology,Computer Hardware,451.54998779296875,False,8.36,False,False,10.52,9.61,True,4112.0,False,EXIT
MAFATIND,Mafatlal Industries Limited,Unknown,Unknown,122.55000305175781,False,89.98,False,False,,,False,,False,EXIT
GAUDIUMIVF,GAUDIUMIVF,Healthcare,Medical Care Facilities,123.2300033569336,False,21.849999999999998,False,False,,,False,71.0,True,EXIT
KECL,Kirloskar Electric Company Limited,Industrials,Specialty Industrial Machinery,143.55999755859375,False,15.13,False,True,17.15,18.79,True,680.0,False,HOLD
INDOAMIN,Indo Amines Limited,Basic Materials,Chemicals,130.0,False,79.33,True,True,-16.6,-16.08,False,1079.0,True,HOLD
UNIECOM,UNIECOM,Technology,Software - Application,86.05000305175781,False,20.45,False,False,-35.0,-35.64,False,135.0,True,EXIT
FAIRCHEMOR,Fairchem Organics Limited,Basic Materials,Specialty Chemicals,701.4000244140625,False,14.569999999999999,False,True,-21.32,-20.78,False,,False,EXIT
TEMBO,Tembo Global Industries Limited,Industrials,Metal Fabrication,60.79999923706055,False,96.35,False,True,0.07,1.75,True,744.0,True,HOLD
DVL,Dhunseri Ventures Limited,Financial Services,Capital Markets,266.989990234375,False,112.34,False,True,-28.96,-27.88,False,4172.0,False,EXIT
SGIL,Synergy Green Industries Limited,Industrials,Metal Fabrication,560.8499755859375,False,7.64,False,True,-2.35,-0.66,False,,False,EXIT
GAYAPROJ,Gayatri Projects Limited,Industrials,Engineering & Construction,21.15999984741211,False,2272.04,False,True,145.02,146.38,True,,False,HOLD
IRISDOREME,Iris Clothings Limited,Consumer Cyclical,Apparel Manufacturing,57.93000030517578,False,16.55,False,True,62.49,68.38,True,,False,HOLD
PDMJEPAPER,Pudumjee Paper Products Limited,Basic Materials,Paper & Paper Products,88.08000183105469,False,93.59,False,False,-33.12,-32.55,False,,False,EXIT
NRAIL,N R Agarwal Industries Limited,Basic Materials,Paper & Paper Products,523.9500122070312,True,46.65,False,True,37.61,37.98,True,,False,HOLD
CONTROLPR,Control Print Limited,Industrials,Business Equipment & Supplies,584.6500244140625,False,38.959999999999994,False,False,-26.98,-25.23,False,425.0,True,EXIT
RAJOOENG,Rajoo Engineers Limited,Industrials,Specialty Industrial Machinery,50.97999954223633,False,50.84,True,False,-56.14,-54.33,False,254.0,True,EXIT
IFBAGRO,IFB Agro Industries Limited,Consumer Defensive,Beverages - Wineries & Distilleries,1029.300048828125,False,59.650000000000006,True,False,32.43,28.92,True,1246.0,False,HOLD
ESTER,Ester Industries Limited,Basic Materials,Specialty Chemicals,101.0199966430664,False,43.22,False,True,-8.76,-8.25,False,1282.0,True,EXIT
TNPETRO,Tamilnadu Petroproducts Limited,Basic Materials,Specialty Chemicals,110.93000030517578,False,97.46000000000001,False,True,1.7,2.17,True,2150.0,False,HOLD
COMSYN,Commercial Syn Bags Limited,Consumer Cyclical,Packaging & Containers,287.8999938964844,True,26.31,False,True,93.59,99.4,True,341.0,True,HOLD
BHAGERIA,Bhageria Industries Limited,Basic Materials,Specialty Chemicals,199.25,False,68.44,False,True,12.32,12.76,True,597.0,True,HOLD
MODISONLTD,Modison Limited,Industrials,Electrical Equipment & Parts,339.1499938964844,False,72.53,True,True,106.62,108.07,True,490.0,True,HOLD
BORANA,BORANA,Consumer Cyclical,Textile Manufacturing,319.95001220703125,False,64.61,False,True,34.08,40.03,True,,False,HOLD
PVP,PVP Ventures Limited,Industrials,Conglomerates,35.43000030517578,False,7.38,False,True,82.23,83.73,True,159.97,False,HOLD
HEXATRADEX,Hexa Tradex Limited,Financial Services,Credit Services,157.0500030517578,False,8.72,False,False,-15.04,-14.02,False,133.23,False,EXIT
WCIL,WCIL,Industrials,Integrated Freight & Logistics,86.55000305175781,False,38.82,False,False,-31.09,-29.34,False,1726.0,True,EXIT
DHARMAJ,Dharmaj Crop Guard Limited,Basic Materials,Agricultural Inputs,270.1499938964844,False,54.650000000000006,True,True,-23.57,-23.03,False,951.0,True,HOLD
SADHNANIQ,Sadhana Nitro Chem Limited,Basic Materials,Chemicals,3.140000104904175,False,86.43,True,False,-54.75,-54.11,False,267.0,False,EXIT
SALSTEEL,S.A.L. Steel Limited,Basic Materials,Steel,66.41999816894531,True,21.060000000000002,False,True,322.44,322.01,True,,False,HOLD
MICEL,MIC Electronics Limited,Technology,Electronic Components,36.54999923706055,False,24.03,False,False,-22.5,-23.21,False,218.0,False,EXIT
DENTA,DENTA,Industrials,Engineering & Construction,295.75,False,60.900000000000006,False,False,-18.25,-16.52,False,239.0,False,EXIT
SUPREMEINF,Supreme Infrastructure India Limited,Industrials,Engineering & Construction,90.87000274658203,False,6815.37,True,True,-29.09,-27.34,False,2570.0,False,HOLD
WANBURY,Wanbury Limited,Healthcare,Drug Manufacturers - Specialty & Generic,261.3500061035156,False,66.13,False,True,-11.83,-0.3,False,661.0,False,EXIT
REGAAL,REGAAL,Consumer Defensive,Packaged Foods,86.0,False,55.57,False,True,,,False,915.0,True,EXIT
SRHHYPOLTD,Sree Rayalaseema Hi-Strength Hypo Limited,Basic Materials,Chemicals,496.54998779296875,False,89.50999999999999,False,False,-24.37,-23.82,False,1650.0,False,EXIT
STERTOOLS,Sterling Tools Limited,Industrials,Tools & Accessories,223.9499969482422,False,29.330000000000005,False,False,-32.16,-30.4,False,1026.0,True,EXIT
ROHLTD,Royal Orchid Hotels Limited,Consumer Cyclical,Lodging,312.3500061035156,False,32.18,False,False,-33.58,-27.47,False,319.0,True,EXIT
KOTHARIPET,Kothari Petrochemicals Limited,Basic Materials,Specialty Chemicals,143.9199981689453,False,72.5,True,True,-15.91,-15.38,False,334.0,False,HOLD
LIKHITHA,Likhitha Infrastructure Limited,Energy,Oil & Gas Equipment & Services,217.1699981689453,False,39.209999999999994,False,True,-26.85,-16.18,False,520.0,True,EXIT
KOPRAN,Kopran Limited,Healthcare,Drug Manufacturers - General,190.1999969482422,False,45.580000000000005,False,True,5.73,17.14,True,630.0,True,HOLD
SVLL,Shree Vasu Logistics Limited,Industrials,Trucking,756.2000122070312,False,4.04,False,True,-11.21,-9.5,False,,False,EXIT
BODALCHEM,Bodal Chemicals Limited,Basic Materials,Specialty Chemicals,68.4800033569336,False,47.82000000000001,False,True,-0.52,-0.04,False,2055.0,False,EXIT
NDTV,New Delhi Television Limited,Communication Services,Broadcasting,76.52999877929688,False,330.12,True,False,-24.96,-43.04,False,571.0,False,EXIT
GANESHBE,Ganesh Benzoplast Limited,Basic Materials,Specialty Chemicals,117.6500015258789,False,73.33,False,True,15.83,16.26,True,477.0,False,HOLD
PROSTARM,PROSTARM,Industrials,Electrical Equipment & Parts,134.38999938964844,False,32.96,False,False,-40.51,-38.73,False,351.0,True,EXIT
SANDESH,The Sandesh Limited,Communication Services,Publishing,1079.699951171875,False,134.92,False,True,-0.94,-19.34,False,419.0,False,EXIT
JITFINFRA,JITF Infralogistics Limited,Industrials,Engineering & Construction,314.3999938964844,False,48.14,False,True,1.48,3.16,True,2535.0,False,HOLD
STANLEY,STANLEY,Consumer Cyclical,"Furnishings, Fixtures & Appliances",136.22000122070312,False,14.9,False,False,-65.79,-59.6,False,432.0,False,EXIT
CIFL,Capital India Finance Limited,Financial Services,Credit Services,21.170000076293945,False,50.75,True,False,-42.54,-41.4,False,,False,EXIT
ORICONENT,Oricon Enterprises Limited,Consumer Cyclical,Packaging & Containers,53.119998931884766,False,34.12,False,False,-6.68,-0.63,False,1167.0,False,EXIT
VISAKAIND,Visaka Industries Limited,Industrials,Building Products & Equipment,95.45999908447266,False,102.80000000000001,False,True,8.78,10.44,True,1653.0,False,HOLD
SCODATUBES,Scoda Tubes Limited,Basic Materials,Steel,133.22999572753906,False,38.839999999999996,False,False,-26.78,-26.22,False,,False,EXIT
KOKUYOCMLN,Kokuyo Camlin Limited,Industrials,Business Equipment & Supplies,81.54000091552734,False,24.78,True,False,-31.31,-29.55,False,689.0,True,EXIT
TIRUPATIFL,Tirupati Forge Limited,Industrials,Metal Fabrication,65.83999633789062,False,6.29,False,True,69.78,71.31,True,,False,HOLD
RITCO,Ritco Logistics Limited,Industrials,Integrated Freight & Logistics,295.6000061035156,False,36.07,False,True,1.82,3.5,True,1187.0,True,HOLD
VHLTD,Viceroy Hotels Limited,Consumer Cyclical,Lodging,125.13999938964844,False,22.79,False,False,9.17,15.18,True,138.0,False,EXIT
SEJALLTD,Sejal Glass Limited,Industrials,Building Products & Equipment,679.9000244140625,False,24.490000000000002,False,False,23.82,25.45,True,244.0,True,EXIT
OMINFRAL,Om Infra Limited,Industrials,Engineering & Construction,85.04000091552734,False,22.529999999999998,False,False,-26.84,-25.09,False,1114.0,False,EXIT
QUICKHEAL,Quick Heal Technologies Limited,Technology,Software - Application,149.08999633789062,False,37.34,False,False,-50.47,-51.01,False,342.0,False,EXIT
KRYSTAL,KRYSTAL,Industrials,Specialty Business Services,620.0,False,55.46,False,True,-5.09,-3.39,False,1113.0,True,EXIT
VLSFINANCE,VLS Finance Limited,Financial Services,Capital Markets,259.1499938964844,False,170.82999999999998,False,True,7.64,8.56,True,4625.0,False,HOLD
MVGJL,Manoj Vaibhav Gems 'N' Jewellers Limited,Consumer Cyclical,Luxury Goods,157.13999938964844,False,114.98,False,False,-32.02,-25.91,False,,False,EXIT
MMP,MMP Industries Limited,Basic Materials,Aluminum,337.5,False,41.83,True,True,29.21,29.6,True,692.0,True,HOLD
SYSTMTXC,Systematix Corporate Services Limited,Financial Services,Capital Markets,59.709999084472656,False,28.640000000000004,False,False,,,False,168.0,True,EXIT
ARIHANTCAP,Arihant Capital Markets Limited,Financial Services,Capital Markets,74.13999938964844,False,40.25,False,False,-28.12,-27.04,False,241.0,True,EXIT
FINKURVE,Finkurve Financial Services Limited,Financial Services,Credit Services,72.73999786376953,False,26.029999999999998,True,False,,,False,,False,EXIT
GICHSGFIN,GIC Housing Finance Limited,Financial Services,Mortgage Finance,141.0800018310547,False,154.82,False,False,-23.65,-22.59,False,,False,EXIT
RADHIKAJWE,Radhika Jeweltech Limited,Consumer Cyclical,Luxury Goods,69.29000091552734,False,74.78999999999999,False,True,-34.26,-28.14,False,,False,EXIT
SICALLOG,Sical Logistics Limited,Industrials,Integrated Freight & Logistics,115.7300033569336,False,72.93,True,True,4.56,6.24,True,1303.0,False,HOLD
ADVANCE,ADVANCE,Basic Materials,Agricultural Inputs,118.79000091552734,False,27.78,False,True,,,False,496.0,True,EXIT
NCLIND,NCL Industries Limited,Basic Materials,Building Materials,172.57000732421875,False,95.39,False,False,-24.57,-24.02,False,2104.0,False,EXIT
DECCANCE,Deccan Cements Limited,Basic Materials,Building Materials,545.3499755859375,False,29.7,True,False,-52.6,-51.98,False,527.0,False,EXIT
SARLAPOLY,Sarla Performance Fibers Limited,Consumer Cyclical,Textile Manufacturing,101.19000244140625,False,106.14999999999999,True,True,-11.49,-5.43,False,426.0,False,HOLD
VALIANTORG,Valiant Organics Limited,Basic Materials,Chemicals,324.5,False,33.239999999999995,False,True,-16.51,-15.99,False,1153.0,False,EXIT
NRL,Nupur Recyclers Limited,Industrials,Waste Management,117.0,False,14.219999999999999,False,True,61.49,63.04,True,240.0,False,HOLD
ASAL,Automotive Stampings and Assemblies Limited,Consumer Cyclical,Auto Parts,499.1000061035156,False,29.83,False,True,-5.4,0.64,False,,False,EXIT
ADVENTHTL,Advent Hotels International Limited,Consumer Cyclical,Lodging,141.5800018310547,False,56.67,True,False,,,False,0.0,True,EXIT
ANUHPHR,Anuh Pharma Limited,Healthcare,Drug Manufacturers - Specialty & Generic,76.20999908447266,False,41.040000000000006,False,False,-29.44,-17.79,False,,False,EXIT
RAMASTEEL,Rama Steel Tubes Limited,Basic Materials,Steel,4.409999847412109,False,13.16,False,False,-62.73,-62.07,False,1337.0,False,EXIT
OCCLLTD,OCCL Limited,Basic Materials,Chemicals,152.2100067138672,False,74.82,False,True,8.97,9.42,True,,False,HOLD
VASCONEQ,Vascon Engineers Limited,Industrials,Engineering & Construction,31.81999969482422,False,48.9,False,False,-39.7,-37.92,False,1077.0,True,EXIT
ECOSMOBLTY,ECOSMOBLTY,Industrials,Rental & Leasing Services,120.26000213623047,False,57.58,False,False,-61.82,-60.0,False,642.0,True,EXIT
RMDRIP,RMDRIP,Industrials,Farm & Heavy Construction Machinery,17.649999618530273,False,35.1,True,False,-61.83,-60.01,False,131.0,True,EXIT
AHCL,AHCL,Healthcare,Drug Manufacturers - Specialty & Generic,14.430000305175781,False,31.630000000000003,False,True,,,False,,False,EXIT
ZUARIIND,Zuari Industries Limited,Industrials,Conglomerates,257.79998779296875,False,221.74,True,False,-17.46,-15.73,False,871.0,True,EXIT
HARDWYN,Hardwyn India Limited,Industrials,Building Products & Equipment,11.329999923706055,False,13.2,False,False,7.76,9.43,True,184.0,True,EXIT
PVSL,Popular Vehicles and Services Limited,Consumer Cyclical,Auto & Truck Dealerships,116.51000213623047,False,14.96,False,True,-10.26,-4.2,False,5616.0,False,EXIT
AGARIND,Agarwal Industrial Corporation Limited,Basic Materials,Specialty Chemicals,484.75,False,43.57,False,False,-52.95,-52.32,False,2399.0,True,EXIT
MODIS,Modi's Navnirman Limited,Real Estate,Real Estate - Development,400.04998779296875,True,25.700000000000003,True,False,,,False,74.97,True,EXIT
INDOFARM,INDOFARM,Industrials,Farm & Heavy Construction Machinery,145.77999877929688,False,74.69,True,False,-32.32,-30.56,False,368.0,True,EXIT
MEIL,MEIL,Industrials,Electrical Equipment & Parts,272.5,False,46.959999999999994,False,False,,,False,549.0,True,EXIT
GLOSTERLTD,Gloster Limited,Consumer Cyclical,Textile Manufacturing,634.6500244140625,False,19.62,False,True,-17.47,-11.39,False,735.0,True,EXIT
BIRLACABLE,Birla Cable Limited,Technology,Communication Equipment,288.44000244140625,False,16.89,False,True,86.15,84.77,True,792.0,False,HOLD
SUBEXLTD,Subex Limited,Technology,Software - Application,13.880000114440918,False,28.53,False,True,-2.25,-3.09,False,372.0,False,EXIT
GEECEE,GeeCee Ventures Limited,Real Estate,Real Estate - Development,371.6000061035156,False,42.09,False,True,12.82,-2.14,False,201.0,False,EXIT
SOUTHWEST,South West Pinnacle Exploration Limited,Energy,Oil & Gas Equipment & Services,220.25,False,39.97,True,True,54.71,63.11,True,180.0,True,HOLD
DWARKESH,Dwarikesh Sugar Industries Limited,Consumer Defensive,Confectioners,42.95000076293945,False,131.2,False,True,9.88,6.52,True,,False,HOLD
KUANTUM,Kuantum Papers Limited,Basic Materials,Paper & Paper Products,80.66000366210938,False,41.949999999999996,False,False,-33.79,-33.21,False,,False,EXIT
LOKESHMACH,Lokesh Machines Limited,Industrials,Specialty Industrial Machinery,347.1000061035156,False,1.85,False,True,65.61,67.15,True,,False,HOLD
PREMIERPOL,Premier Polyfilm Ltd.,Basic Materials,Specialty Chemicals,73.55000305175781,False,34.949999999999996,False,True,49.21,49.55,True,,False,HOLD
KELLTONTEC,Kellton Tech Solutions Limited,Technology,Software - Application,13.710000038146973,False,91.33,True,False,-53.14,-53.67,False,1098.0,True,EXIT
XCHANGING,Xchanging Solutions Limited,Technology,Information Technology Services,63.880001068115234,False,57.839999999999996,False,False,-28.8,-29.48,False,307.0,False,EXIT
DBOL,Dhampur Bio Organics Limited,Consumer Defensive,Farm Products,119.80000305175781,False,92.91,False,True,32.53,29.02,True,2408.0,False,HOLD
BIRLAMONEY,Aditya Birla Money Limited,Financial Services,Capital Markets,131.8800048828125,False,59.46,True,False,-27.84,-26.76,False,164.0,True,EXIT
ELDEHSG,Eldeco Housing and Industries Limited,Real Estate,Real Estate Services,759.2999877929688,False,24.279999999999998,False,False,14.69,-0.29,False,169.0,False,EXIT
MAANALU,Maan Aluminium Limited,Basic Materials,Aluminum,120.1500015258789,False,13.030000000000001,True,False,5.52,5.98,True,42.16,True,HOLD
BAJAJINDEF,BAJAJINDEF,Industrials,Farm & Heavy Construction Machinery,217.14999389648438,False,23.619999999999997,False,False,-46.88,-45.09,False,179.0,True,EXIT
EVERESTIND,Everest Industries Limited,Industrials,Building Products & Equipment,456.6499938964844,False,188.86999999999998,True,True,-25.58,-23.84,False,1707.0,True,HOLD
ONMOBILE,OnMobile Global Limited,Communication Services,Telecom Services,63.029998779296875,False,61.809999999999995,True,True,29.81,10.99,True,865.0,False,HOLD
PATELRMART,PATELRMART,Consumer Cyclical,Department Stores,219.6199951171875,False,39.300000000000004,False,True,,,False,,False,EXIT
ATL,Allcargo Terminals Limited,Industrials,Integrated Freight & Logistics,23.700000762939453,False,44.209999999999994,False,False,-21.06,-19.33,False,758.0,True,EXIT
HMVL,Hindustan Media Ventures Limited,Communication Services,Publishing,86.63999938964844,False,48.690000000000005,False,True,16.37,-2.27,False,933.0,False,EXIT
MAGADSUGAR,Magadh Sugar & Energy Limited,Consumer Defensive,Confectioners,543.2999877929688,False,84.21,False,True,7.2,3.86,True,,False,HOLD
DCMSIL,DCM Shriram International Limited,Industrials,Industrial Distribution,82.36000061035156,False,27.71,False,False,,,False,574.0,True,EXIT
DPSCLTD,India Power Corporation Limited,Utilities,Utilities - Regulated Electric,7.320000171661377,False,12.82,False,False,-34.2,-44.28,False,833.0,False,EXIT
VIVIANA,VIVIANA,Industrials,Engineering & Construction,700.75,False,0.0,False,False,-45.92,-44.13,False,,False,EXIT
HERANBA,Heranba Industries Limited,Basic Materials,Agricultural Inputs,169.75999450683594,False,88.61999999999999,False,False,-53.71,-53.08,False,1410.0,True,EXIT
BLAL,BEML Land Assets Limited,Financial Services,Shell Companies,171.49000549316406,False,1.96,False,False,-20.89,-19.85,False,,False,EXIT
XTRANET,XTRANET,Technology,Information Technology Services,172.5,True,0.0,False,False,,,False,,False,EXIT
BESTAGRO,Best Agrolife Limited,Basic Materials,Agricultural Inputs,18.8700008392334,False,129.56,False,False,-30.04,-29.48,False,1873.0,False,EXIT
STCINDIA,The State Trading Corporation of India Limited,Industrials,Conglomerates,116.69999694824219,False,641.5699999999999,True,False,-6.56,-4.86,False,15539.0,False,EXIT
SHALPAINTS,Shalimar Paints Limited,Basic Materials,Specialty Chemicals,91.38999938964844,False,64.85,True,True,25.67,26.08,True,599.0,True,HOLD
TRANSPEK,Transpek Industry Limited,Basic Materials,Chemicals,1125.800048828125,False,45.65,False,False,,,False,,False,EXIT
LAXMIINDIA,LAXMIINDIA,Financial Services,Credit Services,124.37999725341797,False,54.55,False,True,-10.7,-9.7,False,,False,EXIT
MUKKA,Mukka Proteins Limited,Consumer Defensive,Packaged Foods,26.5,False,51.77000000000001,False,True,-1.46,-4.74,False,1269.0,False,EXIT
SPECIALITY,Speciality Restaurants Limited,Consumer Cyclical,Restaurants,139.6699981689453,False,21.55,False,True,2.92,8.95,True,436.0,True,HOLD
PANACHE,Panache Digilife Limited,Technology,Communication Equipment,524.75,True,16.66,True,True,115.53,113.98,True,116.0,True,ADD
CHEMCON,Chemcon Speciality Chemicals Limited,Basic Materials,Specialty Chemicals,191.13999938964844,False,23.6,False,False,-19.23,-18.69,False,,False,EXIT
DMCC,DMCC Speciality Chemicals Limited,Basic Materials,Chemicals,294.1499938964844,False,27.33,False,True,-18.87,-18.34,False,431.0,True,EXIT
SAURASHCEM,Saurashtra Cement Limited,Basic Materials,Building Materials,60.34000015258789,False,56.949999999999996,False,False,-52.87,-52.24,False,1765.0,False,EXIT
CCCL,Consolidated Construction Consortium Limited,Industrials,Engineering & Construction,16.0,False,88.95,False,False,-2.9,-1.21,False,882.0,False,EXIT
COFFEEDAY,Coffee Day Enterprises Limited,Consumer Cyclical,Restaurants,28.81999969482422,False,228.00000000000003,False,False,-34.23,-28.11,False,4142.0,False,EXIT
TVTODAY,T.V. Today Network Limited,Communication Services,Broadcasting,112.41999816894531,False,18.490000000000002,False,False,-9.79,-28.08,False,993.0,True,EXIT
AQYLON,Aqylon Nexus Limited,Communication Services,Broadcasting,22.93000030517578,False,11.45,True,False,-84.62,-101.9,False,180.0,False,EXIT
INNOVANA,INNOVANA,Technology,Software - Application,319.3999938964844,False,37.55,False,False,-44.1,-44.68,False,103.0,True,EXIT
CHEVIOT,Cheviot Company Limited,Consumer Cyclical,Textile Manufacturing,1159.0,False,69.80000000000001,False,True,-12.9,-6.83,False,122.0,True,EXIT
WELINV,Welspun Investments and Commercials Limited,Financial Services,Capital Markets,1848.0,True,3.95,False,True,93.82,94.36,True,,False,HOLD
INNOVISION,INNOVISION,Industrials,Staffing & Employment Services,281.95001220703125,False,22.979999999999997,False,False,,,False,893.0,True,EXIT
KILITCH,Kilitch Drugs (India) Limited,Healthcare,Drug Manufacturers - Specialty & Generic,181.66000366210938,False,30.17,False,True,-30.28,-18.64,False,198.0,True,EXIT
BAFNAPH,Bafna Pharmaceuticals Limited,Healthcare,Drug Manufacturers - Specialty & Generic,257.70001220703125,False,11.1,True,True,120.83,131.48,True,185.0,False,HOLD
GTPL,GTPL Hathway Limited,Communication Services,Entertainment,52.88999938964844,False,38.910000000000004,False,False,-40.56,-58.43,False,3477.0,True,EXIT
SCPL,Sheetal Cool Products Limited,Consumer Defensive,Packaged Foods,653.0499877929688,True,19.11,False,True,159.36,155.01,True,,False,HOLD
EMAMIPAP,Emami Paper Mills Limited,Basic Materials,Paper & Paper Products,109.16000366210938,False,93.67999999999999,False,True,12.55,12.99,True,,False,HOLD
ORBTEXP,Orbit Exports Limited,Consumer Cyclical,Textile Manufacturing,235.92999267578125,False,29.18,False,True,13.13,19.13,True,218.0,True,HOLD
EIFFL,Euro India Fresh Foods Limited,Consumer Defensive,Packaged Foods,274.70001220703125,False,7.23,False,True,15.0,11.61,True,,False,HOLD
20MICRONS,20 Microns Limited,Basic Materials,Other Industrial Metals & Mining,190.89999389648438,False,67.76,True,True,-21.08,-20.54,False,913.0,True,HOLD
KSOLVES,Ksolves India Limited,Technology,Software - Application,277.1000061035156,False,35.129999999999995,True,False,-13.08,-13.85,False,137.0,True,EXIT
MERCURYEV,Mercury Ev-Tech Limited,Consumer Cyclical,Auto Manufacturers,36.08000183105469,True,4.4,False,False,,,False,,False,EXIT
BIGBLOC,Bigbloc Construction Limited,Industrials,Building Products & Equipment,44.95000076293945,False,7.12,False,False,-15.96,-14.24,False,243.0,False,EXIT
UNITEDPOLY,United Polyfab Gujarat Limited,Consumer Cyclical,Textile Manufacturing,33.310001373291016,False,25.43,True,True,-23.26,-17.17,False,908.0,False,HOLD
JAYAGROGN,Jayant Agro-Organics Limited,Basic Materials,Specialty Chemicals,222.5399932861328,False,50.41,False,True,-14.49,-13.96,False,2778.0,False,EXIT
MANBA,MANBA,Financial Services,Credit Services,130.02000427246094,False,48.87,False,True,-10.37,-9.37,False,,False,EXIT
FABTECH,FABTECH,Healthcare,Health Information Services,147.77000427246094,False,38.08,False,False,,,False,327.0,True,EXIT
EMKAY,Emkay Global Financial Services Limited,Financial Services,Capital Markets,237.11000061035156,False,19.53,False,False,5.81,6.74,True,360.0,True,EXIT
SNOWMAN,Snowman Logistics Limited,Industrials,Integrated Freight & Logistics,37.91999816894531,False,14.5,False,False,-33.18,-31.42,False,,False,EXIT
KANORICHEM,Kanoria Chemicals & Industries Limited,Basic Materials,Chemicals,152.2899932861328,False,136.44000000000003,True,True,76.59,76.86,True,1578.0,False,HOLD
GANESHCP,GANESHCP,Consumer Defensive,Packaged Foods,160.5399932861328,False,147.21,False,False,,,False,,False,EXIT
PROZONER,Prozone Realty Limited,Real Estate,Real Estate - Diversified,42.02000045776367,False,10.7,False,False,9.43,-5.49,False,185.0,False,EXIT
VAKRANGEE,Vakrangee Limited,Technology,Information Technology Services,5.920000076293945,False,11.02,False,False,-35.35,-35.99,False,6502.0,False,EXIT
ADSL,Allied Digital Services Limited,Technology,Information Technology Services,112.81999969482422,False,47.169999999999995,True,False,-33.17,-33.81,False,366.0,True,EXIT
PYRAMID,Pyramid Technoplast Limited,Consumer Cyclical,Packaging & Containers,162.97000122070312,False,28.82,False,True,-3.95,2.1,False,,False,EXIT
AMANTA,AMANTA,Healthcare,Drug Manufacturers - Specialty & Generic,156.3300018310547,False,17.330000000000002,False,True,,,False,,False,EXIT
HTMEDIA,HT Media Limited,Communication Services,Publishing,26.3700008392334,False,54.27,False,True,21.22,2.51,True,2502.0,False,HOLD
SUTLEJTEX,Sutlej Textiles and Industries Limited,Consumer Cyclical,Textile Manufacturing,38.09000015258789,False,86.31,False,True,-9.91,-3.85,False,3076.0,False,EXIT
CHEMBONDCH,Chembond Chemicals Limited,Basic Materials,Specialty Chemicals,269.05999755859375,True,37.26,False,True,44.17,44.52,True,69.4,True,HOLD
GLOTTIS,GLOTTIS,Industrials,Integrated Freight & Logistics,65.0199966430664,False,37.08,False,True,,,False,,False,EXIT
ONWARDTEC,Onward Technologies Limited,Technology,Information Technology Services,284.04998779296875,False,43.55,True,True,-13.08,-13.84,False,491.0,True,HOLD
ABINFRA,ABINFRA,Industrials,Engineering & Construction,10.8100004196167,False,19.34,False,False,-47.61,-45.81,False,,False,EXIT
SATIA,Satia Industries Limited,Basic Materials,Paper & Paper Products,59.880001068115234,False,89.94999999999999,False,False,-29.83,-29.27,False,,False,EXIT
AHLWEST,Asian Hotels (West) Limited,Consumer Cyclical,Lodging,550.0,False,57.83,False,True,272.13,277.51,True,432.0,False,HOLD
NBIFIN,N.B.I. Industrial Finance Company Limited,Financial Services,Capital Markets,2092.5,False,13.13,True,False,-15.61,-14.58,False,,False,EXIT
HINDCOMPOS,Hindustan Composites Limited,Consumer Cyclical,Auto Parts,410.25,False,32.43,False,False,-21.47,-15.39,False,325.0,True,EXIT
TREL,Transindia Real Estate Limited,Real Estate,Real Estate Services,25.93000030517578,False,36.95,False,False,-11.46,-26.12,False,136.0,False,EXIT
PPL,Prakash Pipes Limited,Industrials,Building Products & Equipment,274.3500061035156,False,43.260000000000005,False,True,-20.07,-18.34,False,,False,EXIT
MALLCOM,Mallcom (India) Limited,Industrials,Security & Protection Services,969.5499877929688,False,26.760000000000005,False,False,-24.67,-22.93,False,487.0,True,EXIT
MINDTECK,Mindteck (India) Limited,Technology,Information Technology Services,177.85000610351562,False,31.52,False,False,-13.06,-13.83,False,424.0,True,EXIT
KRONOX,KRONOX,Basic Materials,Specialty Chemicals,150.52999877929688,False,27.55,False,True,-10.94,-10.43,False,100.0,True,EXIT
TPLPLASTEH,TPL Plastech Limited,Consumer Cyclical,Packaging & Containers,77.33000183105469,False,29.060000000000002,True,True,-7.42,-1.36,False,349.0,True,HOLD
RBZJEWEL,RBZ Jewellers Limited,Consumer Cyclical,Luxury Goods,140.83999633789062,False,54.79,False,True,-3.52,2.52,False,,False,EXIT
ZIMLAB,ZIM Laboratories Limited,Healthcare,Drug Manufacturers - Specialty & Generic,107.55000305175781,False,10.43,False,True,27.91,39.18,True,397.0,False,HOLD
ZFSTEERING,ZF Steering Gear (India) Limited,Consumer Cyclical,Auto Parts,662.75,False,20.63,False,False,,,False,,False,EXIT
LINC,Linc Limited,Industrials,Business Equipment & Supplies,97.91999816894531,False,32.74,False,False,-26.92,-25.17,False,543.0,True,EXIT
NAHARPOLY,Nahar Poly Films Limited,Consumer Cyclical,Packaging & Containers,243.3000030517578,False,78.84,False,False,-29.12,-23.01,False,723.0,False,EXIT
SOFTTECH,SoftTech Engineers Limited,Technology,Software - Application,428.54998779296875,False,4.95,False,True,12.65,11.73,True,95.0,True,HOLD
PRIMO,Primo Chemicals Limited,Basic Materials,Chemicals,25.6200008392334,False,15.360000000000001,False,True,-10.35,-9.84,False,701.0,False,EXIT
DCI,DC Infotech and Communication Limited,Technology,Electronics & Computer Distribution,365.1000061035156,False,21.21,True,True,54.02,52.84,True,556.0,True,HOLD
SHIVAUM,SHIVAUM,Basic Materials,Steel,447.1000061035156,True,6.08,False,True,43.66,44.01,True,548.0,True,HOLD
CEWATER,CEWATER,Utilities,Utilities - Regulated Water,264.6499938964844,False,30.95,False,False,-42.68,-52.53,False,594.0,True,EXIT
SAYAJIHOTL,Sayaji Hotels Limited,Consumer Cyclical,Lodging,327.0,True,23.65,False,False,,,False,,False,EXIT
DHUNINV,Dhunseri Investments Limited,Financial Services,Capital Markets,1063.5,False,59.330000000000005,False,True,-31.14,-30.05,False,,False,EXIT
OSWALGREEN,Oswal Greentech Limited,Financial Services,Asset Management,20.989999771118164,False,103.89999999999999,True,False,-54.9,-53.7,False,458.0,False,EXIT
PANSARI,Pansari Developers Limited,Real Estate,Real Estate - Development,311.70001220703125,False,22.02,False,True,43.31,27.97,True,60.0,False,HOLD
MUFTI,MUFTI,Consumer Cyclical,Apparel Retail,78.19999694824219,False,47.42,False,False,-41.98,-35.84,False,618.0,True,EXIT
APTECHT,Aptech Limited,Consumer Defensive,Education & Training Services,92.41000366210938,False,23.53,False,False,-28.57,-31.67,False,460.0,True,EXIT
GFLLIMITED,GFL Limited,Financial Services,Asset Management,50.790000915527344,False,61.35000000000001,False,False,-21.08,-20.03,False,6971.51,False,EXIT
PASUPTAC,Pasupati Acrylon Limited,Consumer Cyclical,Textile Manufacturing,58.970001220703125,False,69.92,False,True,31.08,37.04,True,,False,HOLD
VISACHROME,VISA Chrome Limited,Basic Materials,Steel,36.88999938964844,False,1123.6499999999999,False,False,1.99,2.46,True,,False,EXIT
HITECHCORP,Hitech Corporation Limited,Consumer Cyclical,Packaging & Containers,332.29998779296875,True,20.43,True,True,53.77,59.68,True,561.0,True,ADD
MANAKSTEEL,Manaksia Steels Limited,Basic Materials,Steel,86.12000274658203,False,39.92,True,True,39.06,39.43,True,742.0,False,HOLD
NAHARINDUS,Nahar Industrial Enterprises Limited,Consumer Cyclical,Textile Manufacturing,122.04000091552734,False,51.34,False,True,0.97,7.0,True,2006.0,False,HOLD
MOLDTECH,Mold-Tek Technologies Limited,Industrials,Engineering & Construction,185.5399932861328,False,10.09,False,True,14.83,16.49,True,161.0,False,HOLD
3IINFOLTD,3i Infotech Limited,Technology,Information Technology Services,26.950000762939453,False,34.3,False,True,18.32,17.36,True,1344.0,False,HOLD
URJA,Urja Global Limited,Technology,Solar,9.489999771118164,False,1.19,False,False,-30.76,-31.42,False,163.56,False,EXIT
OSWALAGRO,Oswal Agro Mills Limited,Real Estate,Real Estate - Development,37.779998779296875,False,69.2,False,False,-38.16,-52.48,False,162.0,True,EXIT
MUNJALSHOW,Munjal Showa Limited,Consumer Cyclical,Auto Parts,138.2100067138672,False,21.97,False,True,-5.94,0.1,False,1669.0,False,EXIT
PENINLAND,Peninsula Land Limited,Real Estate,Real Estate - Development,15.5,False,153.64,True,False,-47.42,-61.63,False,993.0,False,EXIT
REPRO,Repro India Limited,Industrials,Specialty Business Services,324.75,False,34.8,True,False,-38.47,-36.7,False,479.0,False,EXIT
DISHTV,Dish TV India Limited,Communication Services,Entertainment,2.819999933242798,False,807.36,False,False,-29.15,-47.18,False,6166.0,False,EXIT
CHEMFAB,Chemfab Alkalis Limited,Basic Materials,Specialty Chemicals,375.79998779296875,False,12.67,False,False,-49.66,-49.04,False,334.0,True,EXIT
IRIS,IRIS RegTech Solutions Limited,Technology,Software - Application,238.99000549316406,False,126.49000000000001,True,False,-30.14,-30.8,False,120.0,True,EXIT
PTL,PTL Enterprises Limited,Real Estate,Real Estate Services,38.63999938964844,False,46.17,True,False,8.05,-6.85,False,450.0,True,EXIT
CSM,CSM,Technology,Information Technology Services,100.70999908447266,False,0.0,False,False,,,False,,False,EXIT
RUSHIL,Rushil Décor Limited,Consumer Cyclical,"Furnishings, Fixtures & Appliances",17.209999084472656,False,34.78,False,False,-30.24,-24.13,False,898.0,True,EXIT
RKSWAMY,RKSWAMY,Communication Services,Advertising Agencies,94.58999633789062,False,22.099999999999998,False,False,-24.03,-42.12,False,332.0,False,EXIT
MODINATUR,Modi Naturals Limited,Consumer Defensive,Packaged Foods,400.6499938964844,False,50.27,True,False,,,False,474.0,False,EXIT
GLOBAL,Global Education Limited,Consumer Defensive,Education & Training Services,106.41999816894531,False,26.520000000000003,False,True,62.45,58.74,True,74.0,False,HOLD
UNIVPHOTO,Universus Photo Imagings Limited,Healthcare,Medical Devices,472.6000061035156,False,79.94,False,True,76.67,87.61,True,62.0,False,HOLD
BMWVENTLTD,BMWVENTLTD,Basic Materials,Steel,57.290000915527344,False,41.34,False,False,,,False,,False,EXIT
PLASTIBLEN,Plastiblends India Limited,Basic Materials,Specialty Chemicals,199.1699981689453,False,44.2,False,True,1.32,1.8,True,,False,HOLD
KNAGRI,KNAGRI,Consumer Defensive,Farm Products,225.91000366210938,False,0.0,False,True,-4.02,-7.28,False,2224.0,False,EXIT
THEINVEST,The Investment Trust of India Limited,Financial Services,Capital Markets,99.98999786376953,False,30.07,False,False,-41.5,-40.37,False,640.0,False,EXIT
SCHAND,S Chand And Company Limited,Communication Services,Publishing,137.86000061035156,False,263.64,False,False,-14.84,-33.06,False,794.0,False,EXIT
MCLEODRUSS,McLeod Russel India Limited,Consumer Defensive,Packaged Foods,46.27000045776367,False,181.61999999999998,False,False,24.92,21.46,True,1596.0,False,EXIT
SHREERAMA,Shree Rama Multi-Tech Limited,Consumer Cyclical,Packaging & Containers,43.79999923706055,False,24.770000000000003,False,False,-9.35,-3.3,False,,False,EXIT
KANPRPLA,Kanpur Plastipack Limited,Consumer Cyclical,Packaging & Containers,251.17999267578125,True,45.19,True,True,6.24,12.25,True,627.0,True,ADD
MAJESAUT,Majestic Auto Limited,Real Estate,Real Estate Services,378.5,False,96.89999999999999,False,False,,,False,,False,EXIT
TERASOFT,Tera Software Limited,Technology,Information Technology Services,345.6499938964844,False,24.799999999999997,True,False,14.07,13.14,True,131.0,False,HOLD
ORIENTCER,Orient Ceratech Limited,Basic Materials,Specialty Chemicals,43.380001068115234,False,21.860000000000003,False,True,5.89,6.35,True,366.0,False,HOLD
MANCREDIT,Mangal Credit and Fincorp Limited,Financial Services,Credit Services,238.07000732421875,False,15.3,True,True,25.35,26.2,True,,False,HOLD
SUKHJITS,The Sukhjit Starch & Chemicals Limited,Basic Materials,Specialty Chemicals,159.77999877929688,False,34.17,False,False,-9.97,-9.46,False,1498.0,True,EXIT
UGARSUGAR,The Ugar Sugar Works Limited,Consumer Defensive,Confectioners,48.189998626708984,False,105.42,True,True,20.69,17.26,True,1794.0,True,HOLD
KHAICHEM,Khaitan Chemicals and Fertilizers Limited,Basic Materials,Agricultural Inputs,52.369998931884766,False,54.019999999999996,False,False,-55.98,-55.34,False,,False,EXIT
KAMATHOTEL,Kamat Hotels (India) Limited,Consumer Cyclical,Lodging,195.8699951171875,False,40.269999999999996,False,False,-35.4,-29.28,False,264.0,True,EXIT
SREEL,Sreeleathers Limited,Consumer Cyclical,Footwear & Accessories,240.82000732421875,False,28.74,False,True,-9.16,-3.1,False,,False,EXIT
RAMANEWS,Shree Rama Newsprint Limited,Consumer Defensive,Beverages - Non-Alcoholic,31.6200008392334,False,68.53999999999999,False,True,1.07,-2.23,False,,False,EXIT
CSLFINANCE,CSL Finance Limited,Financial Services,Credit Services,219.0,False,86.12,False,False,-33.1,-31.99,False,,False,EXIT
ENIL,Entertainment Network (India) Limited,Communication Services,Broadcasting,101.01000213623047,False,24.16,False,False,-24.05,-42.15,False,621.0,False,EXIT
UNIVASTU,Univastu India Limited,Industrials,Engineering & Construction,160.69000244140625,True,7.01,False,True,75.0,76.52,True,171.0,True,HOLD
IL&FSENGG,IL&FS Engineering and Construction Company Limited,Industrials,Engineering & Construction,36.72999954223633,False,22.419999999999998,True,True,4.33,6.0,True,3267.0,False,HOLD
NILASPACES,Nila Spaces Limited,Real Estate,Real Estate - Development,12.3100004196167,False,28.56,True,False,3.15,-11.68,False,136.0,True,EXIT
MGEL,Mangalam Global Enterprise Limited,Consumer Defensive,Farm Products,14.430000305175781,False,32.61,False,True,-12.89,-16.1,False,2092.0,True,EXIT
ELIN,Elin Electronics Limited,Industrials,Electrical Equipment & Parts,101.55000305175781,False,24.11,False,False,-49.58,-47.78,False,1180.0,True,EXIT
INTLCONV,International Conveyors Limited,Industrials,Specialty Industrial Machinery,75.72000122070312,False,103.1,True,False,-20.27,-18.54,False,215.0,False,EXIT
HLVLTD,HLV Limited,Consumer Cyclical,Lodging,6.980000019073486,False,26.17,False,False,-49.86,-43.7,False,718.0,False,EXIT
UNIDT,United Drilling Tools Limited,Energy,Oil & Gas Equipment & Services,224.27999877929688,False,18.97,False,True,-4.24,5.8,False,175.0,False,EXIT
GUJAPOLLO,Gujarat Apollo Industries Limited,Industrials,Specialty Industrial Machinery,341.95001220703125,False,5.15,False,False,-35.47,-33.7,False,77.9,False,EXIT
DICIND,DIC India Limited,Basic Materials,Specialty Chemicals,569.25,False,19.03,False,True,-9.96,-9.45,False,892.0,True,EXIT
SIGMA,Sigma Solve Limited,Technology,Information Technology Services,46.15999984741211,False,23.89,False,False,18.13,17.17,True,31.94,True,EXIT
ZEEMEDIA,Zee Media Corporation Limited,Communication Services,Broadcasting,9.630000114440918,False,103.64000000000001,False,True,-9.06,-27.36,False,867.0,False,EXIT
DENORA,De Nora India Limited,Industrials,Electrical Equipment & Parts,839.7999877929688,False,13.469999999999999,False,True,-4.19,-2.5,False,,False,EXIT
ALBERTDAVD,Albert David Limited,Healthcare,Drug Manufacturers - Specialty & Generic,812.5,False,47.97,False,True,-15.26,-3.71,False,362.0,False,EXIT
SILINV,SIL Investments Limited,Financial Services,Asset Management,440.54998779296875,False,56.02,False,False,-26.88,-25.81,False,178.0,False,EXIT
ADVANIHOTR,Advani Hotels & Resorts (India) Limited,Consumer Cyclical,Lodging,52.09000015258789,False,25.820000000000004,True,False,-19.06,-12.98,False,71.0,False,EXIT
MAZDA,Mazda Limited,Industrials,Specialty Industrial Machinery,235.16000366210938,False,27.500000000000004,False,True,-19.97,-18.24,False,,False,EXIT
IGCL,IGCL,Basic Materials,Agricultural Inputs,70.91000366210938,False,45.95,False,False,-32.9,-32.33,False,590.0,True,EXIT
THOMASCOTT,Thomas Scott (India) Limited,Consumer Cyclical,Textile Manufacturing,346.8999938964844,False,19.179999999999996,False,True,-7.02,-0.97,False,,False,EXIT
BBTCL,B&B Triplewall Containers Limited,Consumer Cyclical,Packaging & Containers,244.63999938964844,False,20.44,False,True,16.55,22.54,True,492.0,True,HOLD
ORIENTBELL,Orient Bell Limited,Industrials,Building Products & Equipment,350.75,False,13.169999999999998,False,True,20.13,21.77,True,705.0,False,HOLD
KOTYARK,KOTYARK,Basic Materials,Specialty Chemicals,40.279998779296875,False,10.78,False,True,63.6,63.9,True,288.0,True,HOLD
MIRZAINT,Mirza International Limited,Consumer Cyclical,Footwear & Accessories,31.729999542236328,False,40.489999999999995,False,False,-12.95,-6.88,False,1399.0,False,EXIT
PPAP,PPAP Automotive Limited,Consumer Cyclical,Auto Parts,291.8999938964844,False,47.84,True,True,27.59,33.56,True,554.0,True,HOLD
WSI,W.S. Industries (India) Limited,Industrials,Engineering & Construction,59.650001525878906,False,6.42,False,False,-35.99,-34.23,False,326.0,False,EXIT
AARTISURF,Aarti Surfactants Limited,Basic Materials,Specialty Chemicals,658.5499877929688,False,18.41,False,True,35.23,35.61,True,659.0,True,HOLD
MAWANASUG,Mawana Sugars Limited,Consumer Defensive,Confectioners,116.04000091552734,False,96.43,False,True,29.93,26.44,True,1485.0,False,HOLD
KRITINUT,Kriti Nutrients Limited,Consumer Defensive,Packaged Foods,82.16000366210938,False,33.910000000000004,False,True,-19.52,-22.69,False,734.0,True,EXIT
FOCUS,Focus Lighting and Fixtures Limited,Consumer Cyclical,"Furnishings, Fixtures & Appliances",66.44000244140625,False,5.49,False,False,-41.86,-35.72,False,224.0,False,EXIT
SRGHFL,SRG Housing Finance Limited,Financial Services,Mortgage Finance,266.79998779296875,False,32.49,False,False,-19.09,-18.05,False,,False,EXIT
LIBERTSHOE,Liberty Shoes Ltd.,Consumer Cyclical,Footwear & Accessories,238.6999969482422,False,14.829999999999998,False,False,-31.22,-25.11,False,526.0,False,EXIT
NAHARCAP,Nahar Capital and Financial Services Limited,Financial Services,Capital Markets,256.05999755859375,False,63.13000000000001,False,True,-18.39,-17.35,False,52.0,False,EXIT
VINYLINDIA,Vinyl Chemicals (India) Limited,Basic Materials,Specialty Chemicals,238.63999938964844,False,18.669999999999998,False,False,-16.7,-16.17,False,,False,EXIT
DAVANGERE,Davangere Sugar Company Limited,Consumer Defensive,Confectioners,3.009999990463257,False,8.5,False,False,-3.67,-6.94,False,,False,EXIT
ACL,Andhra Cements Limited,Basic Materials,Building Materials,46.13999938964844,False,158.21,False,False,-30.33,-29.77,False,,False,EXIT
ARIES,Aries Agro Limited,Basic Materials,Agricultural Inputs,413.5,False,51.7,True,True,1.08,1.56,True,622.0,True,HOLD
HALEOSLABS,Haleos Labs Limited,Healthcare,Biotechnology,1484.4000244140625,False,17.32,False,True,22.12,33.42,True,378.0,False,HOLD
DONEAR,Donear Industries Limited,Consumer Cyclical,Textile Manufacturing,87.27999877929688,False,27.950000000000003,False,False,-19.84,-13.76,False,914.0,True,EXIT
ATALREAL,Atal Realtech Limited,Industrials,Engineering & Construction,36.130001068115234,True,6.49,True,True,77.95,79.46,True,96.0,True,ADD
NDLVENTURE,NDL Ventures Limited,Communication Services,Entertainment,127.45999908447266,False,0.76,False,True,42.51,23.52,True,1080.0,True,HOLD
ABCOTS,ABCOTS,Consumer Cyclical,Textile Manufacturing,199.0,False,13.030000000000001,False,False,-62.61,-56.43,False,298.0,True,EXIT
RAMAPHO,Rama Phosphates Limited,Basic Materials,Agricultural Inputs,119.8499984741211,False,52.49,False,False,-20.48,-19.95,False,,False,EXIT
SBGLP,Suratwwala Business Group Limited,Real Estate,Real Estate - Development,25.520000457763672,False,37.9,True,False,-28.76,-43.2,False,72.0,False,EXIT
ASAHISONG,Asahi Songwon Colors Limited,Basic Materials,Specialty Chemicals,361.8999938964844,False,34.83,True,True,9.79,10.24,True,562.0,True,HOLD
BATLIBOI,Batliboi Limited,Industrials,Specialty Industrial Machinery,89.55999755859375,False,15.76,False,False,,,False,,False,EXIT
AEPL,Artemis Electricals and Projects Limited,Industrials,Electrical Equipment & Parts,15.300000190734863,False,8.71,True,False,,,False,72.35,True,EXIT
TREJHARA,Trejhara Solutions Limited,Technology,Software - Application,162.3000030517578,False,8.67,False,False,-25.4,-26.09,False,116.0,True,EXIT
MUTHOOTCAP,Muthoot Capital Services Limited,Financial Services,Credit Services,255.41000366210938,False,25.810000000000002,False,True,-10.77,-9.77,False,,False,EXIT
MONEYBOXX,Moneyboxx Finance Limited,Financial Services,Credit Services,58.4900016784668,False,1.34,False,False,,,False,,False,EXIT
AUTOIND,Autoline Industries Limited,Consumer Cyclical,Auto Parts,98.2699966430664,False,38.53,True,True,33.24,39.2,True,677.0,False,HOLD
XTGLOBAL,XTGlobal Infotech Limited,Technology,Software - Application,30.709999084472656,False,13.03,False,False,-9.47,-10.26,False,242.0,False,EXIT
BANSWRAS,Banswara Syntex Limited,Consumer Cyclical,Textile Manufacturing,116.02999877929688,False,37.18,False,False,-20.93,-14.85,False,1499.0,False,EXIT
CYBERTECH,CyberTech Systems and Software Limited,Technology,Information Technology Services,133.94000244140625,False,31.740000000000002,False,False,-20.37,-21.1,False,236.0,True,EXIT
SARVESHWAR,Sarveshwar Foods Limited,Consumer Defensive,Packaged Foods,3.4600000381469727,False,31.79,True,False,-57.64,-60.55,False,1134.0,True,EXIT
RADIANTCMS,Radiant Cash Management Services Limited,Industrials,Specialty Business Services,36.08000183105469,False,32.25,False,False,-35.55,-33.78,False,427.0,True,EXIT
KOTHARIPRO,Kothari Products Limited,Industrials,Conglomerates,68.9800033569336,False,37.92,False,False,-17.8,-16.07,False,6866.0,False,EXIT
LORDSCHLO,Lords Chloro Alkali Limited,Basic Materials,Chemicals,138.52999877929688,False,29.529999999999998,False,False,-34.59,-34.01,False,,False,EXIT
ESSARSHPNG,Essar Shipping Limited,Industrials,Marine Shipping,17.489999771118164,False,166.78000000000003,False,False,-38.46,-36.69,False,2194.0,False,EXIT
KAYA,Kaya Limited,Consumer Defensive,Household & Personal Products,296.8500061035156,False,96.18,False,False,-31.11,-34.2,False,421.0,False,EXIT
HARRMALAYA,Harrisons Malayalam Limited,Consumer Defensive,Farm Products,198.80999755859375,False,29.130000000000003,False,True,-8.71,-11.95,False,512.0,True,EXIT
SURAJLTD,Suraj Limited,Basic Materials,Steel,223.44000244140625,False,8.319999999999999,False,False,-39.12,-38.53,False,367.0,False,EXIT
VRAJ,VRAJ,Basic Materials,Steel,122.97000122070312,False,32.010000000000005,False,False,-23.1,-22.55,False,516.0,False,EXIT
DJML,DJ Mediaprint & Logistics Limited,Industrials,Specialty Business Services,106.77999877929688,False,11.379999999999999,True,True,-7.21,-5.51,False,82.0,True,HOLD
EUROBOND,EUROBOND,Industrials,Building Products & Equipment,158.44000244140625,False,26.56,True,False,-40.36,-38.58,False,423.0,True,EXIT
FOODSIN,Foods and Inns Limited,Consumer Defensive,Packaged Foods,57.209999084472656,False,27.689999999999998,False,False,-40.98,-44.0,False,1020.0,False,EXIT
TOLINS,TOLINS,Consumer Cyclical,Auto Parts,96.69999694824219,False,35.68,False,False,-43.55,-37.41,False,292.0,True,EXIT
SHIVALIK,Shivalik Rasayan Limited,Basic Materials,Agricultural Inputs,267.989990234375,False,11.88,False,False,-52.63,-52.0,False,312.0,True,EXIT
AFIL,AFIL,Financial Services,Credit Services,9.680000305175781,False,44.27,False,True,33.05,33.86,True,,False,HOLD
RUBFILA,Rubfila International Limited,Basic Materials,Specialty Chemicals,66.77999877929688,False,26.610000000000003,False,False,-11.47,-10.96,False,550.0,True,EXIT
INSPIRISYS,Inspirisys Solutions Limited,Technology,Information Technology Services,87.47000122070312,False,40.93,True,False,-18.22,-18.95,False,589.0,False,EXIT
KESORAMIND,Kesoram Industries Limited,Basic Materials,Building Materials,11.699999809265137,False,156.62,False,True,112.47,112.63,True,3882.0,False,HOLD
MANOMAY,Manomay Tex India Limited,Consumer Cyclical,Textile Manufacturing,215.1199951171875,False,19.65,False,True,18.05,24.05,True,,False,HOLD
SINCLAIR,Sinclairs Hotels Limited,Consumer Cyclical,Lodging,74.58000183105469,False,14.85,True,False,-35.51,-29.39,False,19.63,True,EXIT
MARKOLINES,MARKOLINES,Industrials,Infrastructure Operations,175.1199951171875,False,26.229999999999997,True,True,,,False,347.0,False,HOLD
GOKUL,Gokul Refoils & Solvent Limited,Consumer Defensive,Packaged Foods,38.869998931884766,False,18.48,False,False,-4.07,-7.34,False,6349.0,False,EXIT
ORIENTPPR,Orient Paper & Industries Limited,Basic Materials,Paper & Paper Products,16.8799991607666,False,96.79,False,False,-43.65,-43.05,False,1615.0,True,EXIT
OMAXAUTO,Omax Autos Limited,Consumer Cyclical,Auto Parts,204.9600067138672,False,40.489999999999995,True,True,31.79,37.75,True,1287.0,False,HOLD
S&SPOWER,S&S Power Switchgear Limited,Industrials,Electrical Equipment & Parts,325.6000061035156,False,10.11,True,False,-26.87,-25.13,False,186.0,True,EXIT
MANORG,Mangalam Organics Limited,Basic Materials,Specialty Chemicals,449.8999938964844,False,20.79,False,False,-22.93,-22.39,False,530.0,True,EXIT
GINNIFILA,Ginni Filaments Limited,Consumer Cyclical,Textile Manufacturing,45.029998779296875,False,35.48,False,True,-25.44,-19.34,False,1084.0,False,EXIT
TARACHAND,Tara Chand Infralogistic Solutions Limited,Industrials,Farm & Heavy Construction Machinery,47.88999938964844,False,27.7,False,False,-40.02,-38.24,False,,False,EXIT
MEDICO,Medico Remedies Limited,Healthcare,Drug Manufacturers - Specialty & Generic,45.58000183105469,False,13.120000000000001,False,False,-4.77,6.71,False,,False,EXIT
EMAMIREAL,Emami Realty Limited,Real Estate,Real Estate - Development,75.2699966430664,False,189.46999999999997,True,False,-23.5,-38.0,False,1041.0,False,EXIT
SHAH,Shah Metacorp Limited,Basic Materials,Steel,4.099999904632568,False,13.53,False,False,19.79,20.21,True,277.0,False,EXIT
UYFINCORP,U. Y. Fincorp Limited,Financial Services,Credit Services,21.079999923706055,False,48.28,True,True,36.27,37.06,True,,False,HOLD
VPRPL,Vishnu Prakash R Punglia Limited,Industrials,Engineering & Construction,32.86000061035156,False,171.42,False,False,-83.82,-81.94,False,,False,EXIT
CPEDU,Career Point Edutech Ltd.,Consumer Defensive,Education & Training Services,204.83999633789062,False,22.95,False,False,,,False,50.0,True,EXIT
JKIPL,JKIPL,Industrials,Farm & Heavy Construction Machinery,100.75,False,106.04000000000002,False,True,,,False,381.0,True,EXIT
MBLINFRA,MBL Infrastructures Limited,Industrials,Engineering & Construction,24.610000610351562,False,30.69,False,False,-45.59,-43.8,False,2343.0,False,EXIT
HCL-INSYS,HCL Infosystems Limited,Technology,Electronics & Computer Distribution,11.329999923706055,False,32.92,True,False,-23.88,-24.58,False,7848.0,False,EXIT
DCMSRIND,DCM Shriram Industries Limited,Consumer Defensive,Confectioners,42.2400016784668,False,47.44,False,False,-75.41,-78.21,False,2351.0,False,EXIT
GVKPIL,GVK Power & Infrastructure Limited,Utilities,Utilities - Independent Power Producers,2.359999895095825,False,839.51,False,False,-28.62,-38.84,False,4098.0,False,EXIT
MEGASTAR,Megastar Foods Limited,Consumer Defensive,Packaged Foods,315.6000061035156,False,9.3,False,True,38.49,34.94,True,361.0,True,HOLD
DREAMFOLKS,Dreamfolks Services Limited,Industrials,Airports & Air Services,66.70999908447266,False,53.46,False,False,-62.2,-60.37,False,1292.0,True,EXIT
MANAKSIA,Manaksia Limited,Industrials,Metal Fabrication,59.0,False,52.33,False,False,-20.28,-18.55,False,1679.0,False,EXIT
AVG,AVG Logistics Limited,Industrials,Integrated Freight & Logistics,205.0,False,26.159999999999997,False,True,-20.44,-18.71,False,552.0,True,EXIT
KRITI,Kriti Industries (India) Limited,Industrials,Building Products & Equipment,67.7699966430664,False,21.42,False,False,-61.35,-59.53,False,867.0,False,EXIT
SAHYADRI,Sahyadri Industries Limited,Industrials,Building Products & Equipment,360.1000061035156,False,29.0,False,True,15.11,16.77,True,,False,HOLD
DIGISPICE,DiGiSPICE Technologies Limited,Financial Services,Financial Conglomerates,17.059999465942383,False,18.97,True,False,-42.29,-41.15,False,2111.0,False,EXIT
BEDMUTHA,Bedmutha Industries Limited,Basic Materials,Steel,113.62999725341797,False,22.69,False,False,-22.29,-21.75,False,1049.0,True,EXIT
TRANSWORLD,Transworld Shipping Lines Limited,Industrials,Marine Shipping,155.75,False,71.79,False,False,-42.67,-40.89,False,718.0,False,EXIT
VARDHACRLC,Vardhman Acrylics Limited,Consumer Cyclical,Textile Manufacturing,44.61000061035156,False,199.9,False,True,-11.2,-5.14,False,,False,EXIT
SHARDUL,Shardul Securities Limited,Financial Services,Capital Markets,52.290000915527344,False,262.16999999999996,False,False,,,False,,False,EXIT
AMBALALSA,Ambalal Sarabhai Enterprises Limited,Healthcare,Drug Manufacturers - Specialty & Generic,42.27000045776367,False,18.340000000000003,False,False,,,False,,False,EXIT
RMC,RMC Switchgears Limited,Industrials,Electrical Equipment & Parts,267.0,False,19.09,False,False,,,False,318.0,True,EXIT
NIMBSPROJ,Nimbus Projects Limited,Unknown,Unknown,180.0,False,103.12,False,False,,,False,176.0,True,EXIT
GOACARBON,Goa Carbon Limited,Basic Materials,Specialty Chemicals,362.54998779296875,False,55.849999999999994,True,False,-25.71,-25.16,False,344.0,False,EXIT
VALIANTLAB,Valiant Laboratories Limited,Healthcare,Drug Manufacturers - Specialty & Generic,82.41000366210938,False,10.84,False,True,-23.19,-11.59,False,334.0,False,EXIT
ASHIMASYN,Ashima Limited,Real Estate,Real Estate - Development,17.1299991607666,False,19.69,False,True,-16.92,-31.51,False,449.0,False,EXIT
SHANKARA,Shankara Building Products Limited,Consumer Cyclical,Home Improvement Retail,141.0399932861328,False,46.14,False,True,-97.36,-91.09,False,5697.0,True,EXIT
PAKKA,Pakka Limited,Basic Materials,Paper & Paper Products,74.4000015258789,False,21.27,False,False,-57.93,-57.28,False,408.0,False,EXIT
NURECA,Nureca Limited,Healthcare,Medical Devices,346.29998779296875,False,13.700000000000001,False,True,33.85,45.07,True,256.0,False,HOLD
KCPSUGIND,K.C.P. Sugar and Industries Corporation Limited,Consumer Defensive,Confectioners,30.489999771118164,False,41.519999999999996,False,True,-2.27,-5.55,False,442.0,False,EXIT
KAVDEFENCE,KAVDEFENCE,Technology,Communication Equipment,56.959999084472656,False,2.43,False,False,-2.46,-3.29,False,170.37,False,EXIT
OILCOUNTUB,Oil Country Tubular Limited,Energy,Oil & Gas Equipment & Services,59.099998474121094,False,67.78999999999999,False,True,-44.46,-33.31,False,,False,EXIT
DBEIL,DBEIL,Industrials,Engineering & Construction,7.110000133514404,False,39.65,False,False,-52.18,-50.37,False,,False,EXIT
NDL,Nandan Denim Limited,Consumer Cyclical,Textile Manufacturing,2.319999933242798,False,33.129999999999995,False,False,-42.13,-36.0,False,,False,EXIT
RUCHIRA,Ruchira Papers Limited,Basic Materials,Paper & Paper Products,104.08999633789062,False,44.150000000000006,False,False,-27.5,-26.94,False,,False,EXIT
TAKE,TAKE LIMITED,Healthcare,Health Information Services,23.760000228881836,False,11.260000000000002,False,False,134.47,145.02,True,2212.9,False,EXIT
SHEMAROO,Shemaroo Entertainment Limited,Communication Services,Entertainment,129.1300048828125,False,180.85999999999999,True,True,25.95,7.18,True,707.0,False,HOLD
ATLANTAA,Atlantaa Limited,Industrials,Infrastructure Operations,40.02000045776367,False,44.940000000000005,False,False,23.02,24.65,True,541.0,False,EXIT
IITL,Industrial Investment Trust Limited,Financial Services,Credit Services,147.69000244140625,False,45.18,False,False,-18.4,-17.36,False,339.07,False,EXIT
HALDER,Halder Venture Limited,Consumer Defensive,Farm Products,301.8999938964844,True,50.56999999999999,True,False,,,False,884.0,False,EXIT
DYNPRO,Dynemic Products Limited,Basic Materials,Specialty Chemicals,231.85000610351562,False,19.94,False,False,-37.73,-37.14,False,368.0,True,EXIT
BELLACASA,Bella Casa Fashion & Retail Limited,Consumer Cyclical,Textile Manufacturing,223.74000549316406,False,20.13,False,False,-56.1,-49.93,False,,False,EXIT
HILINFRA,HILINFRA,Industrials,Infrastructure Operations,44.400001525878906,False,32.07,False,False,-69.01,-67.17,False,573.0,False,EXIT
SOMATEX,Soma Textiles & Industries Limited,Consumer Cyclical,Textile Manufacturing,91.37000274658203,False,10.21,False,False,5.8,11.82,True,272.93,False,EXIT
DEVX,Dev Accelerator Limited,Real Estate,Real Estate Services,32.849998474121094,False,12.75,False,False,,,False,127.0,True,EXIT
TRACXN,Tracxn Technologies Limited,Technology,Software - Application,29.610000610351562,False,10.120000000000001,False,False,-45.4,-45.97,False,,False,EXIT
MEDICAMEQ,Medicamen Biotech Limited,Healthcare,Drug Manufacturers - Specialty & Generic,240.4499969482422,False,10.31,False,False,-47.68,-35.92,False,179.0,False,EXIT
CLEDUCATE,CL Educate Limited,Consumer Defensive,Education & Training Services,58.849998474121094,False,36.7,True,False,-42.92,-45.93,False,358.0,True,EXIT
GENUSPAPER,Genus Paper & Boards Limited,Basic Materials,Paper & Paper Products,11.09000015258789,False,9.459999999999999,False,False,-42.64,-42.04,False,863.0,True,EXIT
REMSONSIND,Remsons Industries Limited,Consumer Cyclical,Auto Parts,88.25,False,18.04,True,False,-38.28,-32.16,False,377.0,True,EXIT
VGL,VGL,Consumer Cyclical,Textile Manufacturing,58.65999984741211,False,69.63,True,False,-44.62,-38.48,False,827.0,False,EXIT
MODIRUBBER,Modi Rubber Limited,Real Estate,Real Estate Services,119.33000183105469,False,24.48,False,False,14.28,-0.7,False,146.0,False,EXIT
ELGIRUBCO,Elgi Rubber Company Limited,Consumer Cyclical,Auto Parts,58.33000183105469,False,240.24,True,True,-2.97,3.07,False,489.0,False,HOLD
APOLSINHOT,Apollo Sindoori Hotels Limited,Industrials,Specialty Business Services,1208.0,False,10.51,False,False,-21.31,-19.58,False,542.0,True,EXIT
HPAL,HP Adhesives Limited,Basic Materials,Specialty Chemicals,35.150001525878906,False,11.71,False,False,-28.16,-27.6,False,251.0,True,EXIT
VARDMNPOLY,Vardhman Polytex Limited,Consumer Cyclical,Textile Manufacturing,6.300000190734863,False,7.670000000000001,False,False,-38.08,-31.95,False,1051.0,False,EXIT
CINELINE,Cineline India Limited,Communication Services,Entertainment,89.79000091552734,False,14.79,True,True,13.0,-5.6,False,286.0,False,HOLD
SUNDRMBRAK,Sundaram Brake Linings Limited,Consumer Cyclical,Auto Parts,881.0499877929688,False,12.359999999999998,False,True,0.74,6.77,True,,False,HOLD
A2ZINFRA,A2Z Infra Engineering Limited,Industrials,Engineering & Construction,14.720000267028809,False,9.12,False,False,-30.03,-28.27,False,1349.0,False,EXIT
AVONMORE,Avonmore Capital & Management Services Limited,Financial Services,Capital Markets,12.350000381469727,False,34.48,False,False,-37.48,-36.36,False,,False,EXIT
VERTOZ,Vertoz Limited,Technology,Software - Infrastructure,35.58000183105469,False,26.04,False,False,-62.73,-63.2,False,254.0,True,EXIT
PRITIKAUTO,Pritika Auto Industries Limited,Industrials,Specialty Industrial Machinery,17.299999237060547,False,19.88,False,True,-10.21,-8.51,False,423.0,True,EXIT
MAHEPC,Mahindra EPC Irrigation Limited,Industrials,Farm & Heavy Construction Machinery,107.55999755859375,False,14.4,False,False,-34.35,-32.59,False,284.0,False,EXIT
NATHBIOGEN,Nath Bio-Genes (India) Limited,Basic Materials,Agricultural Inputs,155.05999755859375,False,36.62,False,False,-14.04,-13.52,False,268.0,True,EXIT
APCL,Anjani Portland Cement Limited,Basic Materials,Building Materials,103.55000305175781,False,28.78,False,False,-33.54,-32.97,False,801.0,False,EXIT
OMFREIGHT,OMFREIGHT,Industrials,Integrated Freight & Logistics,97.0999984741211,False,19.96,False,True,,,False,489.0,True,EXIT
RHL,Robust Hotels Limited,Consumer Cyclical,Lodging,166.94000244140625,False,24.700000000000003,False,False,-49.82,-43.67,False,,False,EXIT
NILAINFRA,Nila Infrastructures Limited,Real Estate,Real Estate - Development,7.139999866485596,False,25.019999999999996,True,False,-24.99,-39.48,False,247.0,True,EXIT
DCMNVL,DCM Nouvelle Limited,Consumer Cyclical,Textile Manufacturing,179.27000427246094,False,8.43,False,True,-4.15,1.89,False,1081.0,False,EXIT
SICAGEN,Sicagen India Limited,Basic Materials,Steel,58.79999923706055,False,18.07,False,False,,,False,,False,EXIT
LEMERITE,LEMERITE,Consumer Cyclical,Textile Manufacturing,23.170000076293945,False,5.52,False,False,-74.55,-68.34,False,525.0,True,EXIT
SPENCERS,Spencer's Retail Limited,Consumer Cyclical,Department Stores,30.770000457763672,False,249.32999999999998,True,False,-55.01,-48.84,False,2645.0,False,EXIT
TIGERLOGS,Tiger Logistics (India) Limited,Industrials,Integrated Freight & Logistics,25.459999084472656,False,21.490000000000002,True,False,,,False,330.0,False,EXIT
COASTCORP,Coastal Corporation Limited,Consumer Defensive,Packaged Foods,41.81999969482422,False,26.42,False,False,27.02,23.54,True,613.0,True,EXIT
GULFPETRO,GP Petroleums Limited,Energy,Oil & Gas Refining & Marketing,61.650001525878906,False,40.62,True,True,36.51,45.42,True,790.0,False,HOLD
RPPINFRA,R.P.P. Infra Projects Limited,Industrials,Engineering & Construction,59.650001525878906,False,30.39,False,False,-51.6,-49.8,False,1439.0,True,EXIT
CORDSCABLE,Cords Cable Industries Limited,Industrials,Electrical Equipment & Parts,218.50999450683594,False,20.650000000000002,False,True,16.17,17.82,True,,False,HOLD
GOLDTECH,AION-TECH Solutions Limited,Technology,Information Technology Services,48.599998474121094,False,10.07,False,True,-34.7,-35.34,False,93.0,False,EXIT
AARON,Aaron Industries Limited,Industrials,Specialty Industrial Machinery,135.4600067138672,False,6.789999999999999,False,False,-46.46,-44.67,False,,False,EXIT
AXITA,Axita Cotton Limited,Consumer Cyclical,Textile Manufacturing,7.269999980926514,False,6.31,True,False,-19.24,-13.16,False,653.0,True,EXIT
PONNIERODE,Ponni Sugars (Erode) Limited,Consumer Defensive,Confectioners,345.29998779296875,False,40.06,False,True,20.53,17.1,True,,False,HOLD
EXXARO,Exxaro Tiles Limited,Industrials,Building Products & Equipment,6.190000057220459,False,4.1,False,False,-25.6,-23.85,False,325.0,False,EXIT
PODDARMENT,Poddar Pigments Limited,Basic Materials,Specialty Chemicals,264.20001220703125,False,14.76,False,True,-13.11,-12.6,False,,False,EXIT
UFO,UFO Moviez India Limited,Communication Services,Entertainment,67.13999938964844,False,24.03,False,False,-1.72,-20.12,False,612.0,False,EXIT
RVHL,Ravinder Heights Limited,Real Estate,Real Estate - Development,43.470001220703125,False,55.81,True,False,22.68,7.6,True,12.0,False,HOLD
MANAKALUCO,Manaksia Aluminium Company Limited,Basic Materials,Aluminum,39.33000183105469,False,7.5600000000000005,False,True,24.85,25.26,True,,False,HOLD
NDGL,Naga Dhunseri Group Limited,Financial Services,Capital Markets,2927.89990234375,False,64.03999999999999,False,True,-34.25,-33.15,False,,False,EXIT
SIKKO,Sikko Industries Limited,Basic Materials,Agricultural Inputs,5.559999942779541,False,9.12,True,True,50.85,51.19,True,61.3,True,HOLD
BPL,BPL Limited,Technology,Consumer Electronics,49.540000915527344,False,14.36,False,False,-37.14,-37.76,False,198.0,False,EXIT
DIAMINESQ,Diamines and Chemicals Limited,Basic Materials,Chemicals,242.05999755859375,False,12.780000000000001,False,False,-39.93,-39.34,False,110.34,False,EXIT
UCAL,UCAL Limited,Consumer Cyclical,Auto Parts,139.85000610351562,False,33.32,False,True,-8.64,-2.58,False,870.0,False,EXIT
DPWIRES,D.P. Wires Limited,Industrials,Metal Fabrication,162.38999938964844,False,17.580000000000002,False,False,-27.43,-25.68,False,,False,EXIT
KMSUGAR,K.M. Sugar Mills Limited,Consumer Defensive,Confectioners,27.559999465942383,False,53.42,True,True,-4.23,-7.5,False,659.0,True,HOLD
RNBDENIMS,R & B Denims Limited,Consumer Cyclical,Textile Manufacturing,8.930000305175781,False,23.22,False,False,,,False,296.0,False,EXIT
ZEELEARN,Zee Learn Limited,Consumer Defensive,Education & Training Services,8.130000114440918,False,62.63,False,True,-18.32,-21.49,False,517.0,False,EXIT
BTTL,Bhilwara Technical Textiles Limited,Consumer Cyclical,Textile Manufacturing,43.0,False,17.88,False,False,,,False,,False,EXIT
IVC,IL&FS Investment Managers Limited,Financial Services,Financial Conglomerates,8.270000457763672,False,18.189999999999998,False,True,-9.97,-8.98,False,215.0,False,EXIT
SUMIT,Sumit Woods Limited,Real Estate,Real Estate - Development,51.060001373291016,False,6.050000000000001,False,False,-39.08,-53.39,False,94.0,True,EXIT
WORTHPERI,Worth Peripherals Limited,Consumer Cyclical,Packaging & Containers,154.5,False,14.63,False,True,-7.15,-1.1,False,297.0,False,EXIT
TRF,TRF Limited,Industrials,Specialty Industrial Machinery,230.7100067138672,False,18.04,False,False,-33.95,-32.18,False,1162.56,False,EXIT
SAKUMA,Sakuma Exports Limited,Consumer Defensive,Farm Products,1.6200000047683716,False,9.51,False,False,-36.18,-39.23,False,4546.0,False,EXIT
PAVNAIND,Pavna Industries Limited,Consumer Cyclical,Auto Parts,17.940000534057617,False,8.809999999999999,False,False,-66.49,-60.29,False,298.0,True,EXIT
STARTECK,Starteck Finance Limited,Financial Services,Credit Services,257.04998779296875,False,23.61,False,False,-26.83,-25.76,False,,False,EXIT
BIMETAL,Bimetal Bearings Limited,Consumer Cyclical,Auto Parts,628.5999755859375,False,11.73,False,False,,,False,,False,EXIT
ALMONDZ,Almondz Global Securities Limited,Financial Services,Capital Markets,14.300000190734863,False,33.79,False,False,-33.82,-32.71,False,150.0,True,EXIT
FCSSOFT,FCS Software Solutions Limited,Technology,Information Technology Services,1.4900000095367432,False,9.24,True,False,-40.83,-41.43,False,133.41,False,EXIT
JAYSREETEA,Jay Shree Tea & Industries Limited,Consumer Defensive,Farm Products,92.04000091552734,False,64.22,False,True,-10.12,-13.34,False,858.0,True,EXIT
AHLEAST,Asian Hotels (East) Limited,Consumer Cyclical,Lodging,138.1199951171875,False,73.64,True,False,-22.5,-16.41,False,202.0,False,EXIT
LOTUSEYE,Lotus Eye Hospital and Institute Limited,Healthcare,Medical Care Facilities,115.22000122070312,False,1.2400000000000002,False,False,34.95,46.17,True,,False,EXIT
NIPPOBATRY,Indo National Limited,Industrials,Electrical Equipment & Parts,330.1499938964844,False,31.15,False,False,-34.97,-33.2,False,641.0,False,EXIT
SURANAT&P,Surana Telecom and Power Limited,Utilities,Utilities - Independent Power Producers,16.549999237060547,False,24.810000000000002,True,False,-2.54,-13.45,False,36.0,False,EXIT
ALPINETEX,ALPINETEX,Consumer Cyclical,Textile Manufacturing,58.599998474121094,False,0.0,False,False,,,False,,False,EXIT
LYKALABS,Lyka Labs Limited,Healthcare,Biotechnology,66.69999694824219,False,11.9,False,False,-48.78,-37.0,False,194.0,False,EXIT
RADIOCITY,Music Broadcast Limited,Communication Services,Broadcasting,6.710000038146973,False,67.74,True,True,-6.48,-24.81,False,201.0,True,HOLD
STARPAPER,Star Paper Mills Limited,Basic Materials,Paper & Paper Products,147.97999572753906,False,35.34,True,False,-19.33,-18.8,False,360.0,True,EXIT
EQUIPPP,Equippp Social Impact Technologies Limited,Technology,Information Technology Services,21.5,False,1.49,False,True,3.8,2.93,True,560.34,False,HOLD
SAHLIBHFI,Shalibhadra Finance Limited,Financial Services,Credit Services,74.19999694824219,False,19.48,False,False,,,False,,False,EXIT
CHEMBOND,Chembond Material Technologies Limited,Basic Materials,Specialty Chemicals,178.85000610351562,False,20.86,False,True,0.39,0.87,True,440.0,False,HOLD
SETCO,Setco Automotive Limited,Consumer Cyclical,Auto Parts,17.219999313354492,False,130.54000000000002,True,False,5.75,11.77,True,691.0,True,HOLD
GLOBECIVIL,GLOBECIVIL,Industrials,Engineering & Construction,44.40999984741211,False,23.31,False,False,-51.1,-49.3,False,326.0,True,EXIT
PIGL,Power & Instrumental (Gujarat) Limited,Industrials,Engineering & Construction,106.36000061035156,False,14.280000000000001,True,False,-30.31,-28.55,False,169.0,True,EXIT
GEEKAYWIRE,Geekay Wires Limited,Industrials,Electrical Equipment & Parts,22.600000381469727,False,30.110000000000003,False,False,-39.87,-38.1,False,,False,EXIT
SHIVAMAUTO,Shivam Autotech Limited,Consumer Cyclical,Auto Parts,16.809999465942383,False,81.33,True,False,-50.98,-44.82,False,636.0,False,EXIT
SRD,Shankar Lal Rampal Dye-Chem Limited,Basic Materials,Specialty Chemicals,40.5,False,13.49,False,False,-52.88,-52.25,False,,False,EXIT
VIKASLIFE,Vikas Lifecare Limited,Consumer Defensive,Farm Products,1.25,False,167.38000000000002,True,False,-45.23,-48.23,False,480.0,True,EXIT
UNITEDTEA,The United Nilgiri Tea Estates Company Limited,Consumer Defensive,Farm Products,458.29998779296875,False,21.94,True,False,-9.96,-13.19,False,62.0,True,EXIT
VETO,Veto Switchgears and Cables Limited,Industrials,Electrical Equipment & Parts,123.87999725341797,False,25.13,False,True,5.56,7.23,True,300.0,True,HOLD
AFFORDABLE,Affordable Robotic & Automation Limited,Industrials,Specialty Industrial Machinery,181.88999938964844,False,12.079999999999998,False,False,-59.46,-57.64,False,163.0,True,EXIT
RCOM,Reliance Communications Limited,Communication Services,Telecom Services,0.8100000023841858,False,11125.0,True,False,-40.66,-58.53,False,25594.0,False,EXIT
KALYANIFRG,Kalyani Forge Limited,Consumer Cyclical,Auto Parts,643.5,False,9.56,False,True,-18.19,-12.11,False,,False,EXIT
AAREYDRUGS,Aarey Drugs & Pharmaceuticals Limited,Healthcare,Drug Manufacturers - Specialty & Generic,83.87000274658203,False,4.52,False,True,12.06,23.43,True,,False,HOLD
SINTERCOM,Sintercom India Limited,Consumer Cyclical,Auto Parts,82.45999908447266,False,1.43,False,False,-45.23,-39.09,False,,False,EXIT
VMSTMT,VMSTMT,Basic Materials,Steel,51.36000061035156,False,21.04,False,True,,,False,,False,EXIT
AARVI,Aarvi Encon Limited,Industrials,Staffing & Employment Services,153.47000122070312,False,17.61,False,True,17.97,19.61,True,510.0,True,HOLD
MARALOVER,Maral Overseas Limited,Consumer Cyclical,Textile Manufacturing,53.099998474121094,False,27.37,False,True,-22.22,-16.13,False,,False,EXIT
RVTH,Revathi Equipment India Limited,Industrials,Farm & Heavy Construction Machinery,729.9000244140625,False,16.64,False,True,-21.74,-20.0,False,212.0,False,EXIT
GENCON,Generic Engineering Construction and Projects Limited,Industrials,Engineering & Construction,39.61000061035156,False,8.5,False,False,-7.23,-5.52,False,302.0,True,EXIT
AKSHARCHEM,AksharChem (India) Limited,Basic Materials,Specialty Chemicals,305.6400146484375,False,11.540000000000003,False,True,6.04,6.51,True,380.0,False,HOLD
SHIVATEX,Shiva Texyarn Limited,Consumer Cyclical,Textile Manufacturing,162.67999267578125,False,10.219999999999999,False,False,-16.43,-10.36,False,553.0,False,EXIT
GICL,GICL,Industrials,Integrated Freight & Logistics,23.049999237060547,False,10.17,True,False,-86.54,-84.66,False,157.0,True,EXIT
GLOBALVECT,Global Vectra Helicorp Limited,Industrials,Airports & Air Services,150.52999877929688,False,32.29,False,False,-33.48,-31.71,False,,False,EXIT
BALAJEE,BALAJEE,Consumer Cyclical,Packaging & Containers,27.709999084472656,False,11.01,False,False,-55.15,-48.99,False,579.0,True,EXIT
ASMS,Avio Smart Market Stack Limited,Technology,Information Technology Services,7.050000190734863,False,5.97,False,False,-48.57,-49.13,False,1163.0,False,EXIT
SPCENET,Spacenet Enterprises India Limited,Financial Services,Capital Markets,3.5999999046325684,False,16.07,False,False,-43.11,-41.96,False,157.0,True,EXIT
AERONEU,Aeroflex Neu Limited,Consumer Cyclical,Packaging & Containers,86.0,False,2.73,False,True,-35.64,-29.52,False,129.0,True,EXIT
ALANKIT,Alankit Limited,Technology,Information Technology Services,8.289999961853027,False,19.1,False,False,-47.91,-48.47,False,312.0,False,EXIT
KOTARISUG,Kothari Sugars and Chemicals Limited,Consumer Defensive,Confectioners,26.280000686645508,False,26.67,True,False,-8.65,-11.89,False,433.0,False,EXIT
DSFCL,DSFCL,Basic Materials,Specialty Chemicals,25.25,False,8.25,False,False,,,False,429.0,True,EXIT
SONAMLTD,Sonam Limited,Consumer Cyclical,"Furnishings, Fixtures & Appliances",55.380001068115234,False,0.0,False,True,5.61,11.63,True,,False,HOLD
ESSENTIA,Integra Essentia Limited,Consumer Defensive,Food Distribution,1.3799999952316284,False,5.41,False,False,-30.53,-33.62,False,442.0,True,EXIT
BCONCEPTS,Brand Concepts Limited,Consumer Cyclical,Footwear & Accessories,159.02000427246094,False,6.58,False,False,-56.8,-50.63,False,292.0,True,EXIT
BASML,Bannari Amman Spinning Mills Ltd,Consumer Cyclical,Textile Manufacturing,24.739999771118164,False,13.75,False,False,-26.66,-20.56,False,1560.0,False,EXIT
MAHESHWARI,Maheshwari Logistics Limited,Industrials,Integrated Freight & Logistics,72.5,False,16.849999999999998,False,True,14.47,16.12,True,1147.0,False,HOLD
VIJIFIN,Viji Finance Limited,Financial Services,Credit Services,12.390000343322754,True,4.33,True,True,215.3,215.3,True,,False,ADD
SMARTLINK,Smartlink Holdings Limited,Technology,Communication Equipment,225.50999450683594,False,16.580000000000002,False,True,45.04,43.92,True,215.0,True,HOLD
PKTEA,The Peria Karamalai Tea and Produce Company Limited,Consumer Defensive,Farm Products,679.9500122070312,False,23.189999999999998,True,False,2.87,-0.45,False,72.79,False,EXIT
NITIRAJ,Nitiraj Engineers Limited,Technology,Scientific & Technical Instruments,205.88999938964844,False,2.72,False,True,-3.46,-4.29,False,67.81,False,EXIT
SSDL,SSDL,Consumer Cyclical,Apparel Retail,65.13999938964844,False,23.409999999999997,False,False,-40.6,-34.47,False,604.0,True,EXIT
ZODIACLOTH,Zodiac Clothing Company Limited,Consumer Cyclical,Apparel Manufacturing,75.20999908447266,False,35.05,True,False,-32.28,-26.17,False,405.0,False,EXIT
ROSSELLIND,Rossell India Limited,Industrials,Conglomerates,55.58000183105469,False,63.44,True,True,-22.11,-20.38,False,367.0,True,HOLD
CPCAP,CP Capital Limited,Financial Services,Credit Services,126.56999969482422,False,42.58,False,True,-17.03,-16.0,False,,False,EXIT
PLAZACABLE,Plaza Wires Limited,Industrials,Electrical Equipment & Parts,56.380001068115234,False,7.300000000000001,False,True,-4.18,-2.48,False,,False,EXIT
NOVAAGRI,Nova Agritech Limited,Basic Materials,Agricultural Inputs,24.5,False,12.84,False,False,-54.24,-53.61,False,294.0,True,EXIT
CCHHL,Country Club Hospitality & Holidays Limited,Consumer Cyclical,Lodging,12.229999542236328,False,18.54,False,False,-41.65,-35.52,False,520.63,False,EXIT
NECLIFE,Nectar Lifesciences Limited,Healthcare,Drug Manufacturers - Specialty & Generic,11.0,False,145.75,True,False,-39.99,-28.28,False,2779.0,False,EXIT
SAKHTISUG,Sakthi Sugars Limited,Consumer Defensive,Confectioners,17.049999237060547,False,195.89999999999998,False,False,-21.39,-24.55,False,3063.0,False,EXIT
QMSMEDI,QMSMEDI,Healthcare,Medical Instruments & Supplies,131.9199981689453,False,11.239999999999998,False,True,60.7,71.74,True,,False,HOLD
VSTL,Vibhor Steel Tubes Limited,Basic Materials,Steel,107.91000366210938,False,8.79,False,False,-33.37,-32.8,False,,False,EXIT
PILITA,Pil Italica Lifestyle Limited,Consumer Cyclical,"Furnishings, Fixtures & Appliances",8.479999542236328,False,3.54,False,False,-52.82,-46.66,False,,False,EXIT
JMA,Jullundur Motor Agency (Delhi) Limited,Consumer Cyclical,Auto Parts,87.83999633789062,False,29.71,True,True,-9.36,-3.3,False,556.0,True,HOLD
SHRADHA,Shradha Realty Limited,Real Estate,Real Estate - Development,34.45000076293945,False,26.86,True,False,-33.86,-48.23,False,110.0,False,EXIT
TEAMGTY,Team India Guaranty Limited,Financial Services,Asset Management,227.94000244140625,False,2.09,False,False,-25.43,-24.36,False,,False,EXIT
SIGIND,Signet Industries Limited,Industrials,Conglomerates,66.31999969482422,False,16.17,False,True,17.55,19.19,True,,False,HOLD
SHREYANIND,Shreyans Industries Limited,Basic Materials,Paper & Paper Products,130.27000427246094,False,32.53,False,False,-46.07,-45.46,False,,False,EXIT
VIKASECO,Vikas Ecotech Limited,Basic Materials,Specialty Chemicals,1.090000033378601,False,6.58,False,False,-53.25,-52.62,False,397.0,False,EXIT
INTENTECH,Intense Technologies Limited,Technology,Software - Infrastructure,80.33999633789062,False,28.69,True,False,-4.02,-4.85,False,127.4,True,EXIT
TAINWALCHM,Tainwala Chemicals and Plastics (India) Limited,Basic Materials,Specialty Chemicals,205.77999877929688,False,10.79,False,True,-12.05,-11.53,False,,False,EXIT
GILLANDERS,Gillanders Arbuthnot and Company Limited,Consumer Defensive,Farm Products,89.0,False,28.15,True,False,-26.95,-30.06,False,947.0,False,EXIT
RANASUG,Rana Sugars Limited,Consumer Defensive,Confectioners,13.050000190734863,False,57.13,False,True,-9.93,-13.16,False,1713.0,True,EXIT
AUSOMENT,AuSom Enterprise Limited,Financial Services,Capital Markets,147.05999755859375,False,19.48,False,True,24.91,25.75,True,2393.0,True,HOLD
DRCSYSTEMS,DRC Systems India Limited,Technology,Information Technology Services,12.789999961853027,False,19.93,True,False,-29.95,-30.61,False,65.0,True,EXIT
LANCORHOL,Lancor Holdings Limited,Real Estate,Real Estate - Development,28.8799991607666,False,45.879999999999995,True,True,48.57,33.16,True,190.0,True,HOLD
RPPL,Rajshree Polypack Limited,Consumer Cyclical,Packaging & Containers,23.329999923706055,False,17.259999999999998,True,True,-10.05,-3.99,False,330.0,True,HOLD
AIRAN,Airan Limited,Technology,Information Technology Services,15.260000228881836,False,12.110000000000001,False,False,-47.23,-47.79,False,106.0,True,EXIT
MURUDCERA,Murudeshwar Ceramics Ltd.,Industrials,Building Products & Equipment,30.5,False,10.79,True,False,-32.65,-30.89,False,202.0,True,EXIT
RACE,Race Eco Chain Limited,Industrials,Waste Management,100.06999969482422,False,6.77,True,False,-62.1,-60.27,False,555.0,True,EXIT
ASPINWALL,Aspinwall and Company Limited,Consumer Defensive,Farm Products,236.0,False,19.7,False,False,-13.01,-16.22,False,336.0,True,EXIT
VIPCLOTHNG,VIP Clothing Limited,Consumer Cyclical,Apparel Manufacturing,20.139999389648438,False,9.81,False,False,-57.27,-51.1,False,,False,EXIT
CENTEXT,Century Extrusions Limited,Basic Materials,Aluminum,21.290000915527344,False,10.969999999999999,True,False,-5.23,-4.73,False,431.0,True,EXIT
SILGO,Silgo Retail Limited,Consumer Cyclical,Luxury Goods,69.77999877929688,False,5.27,True,False,17.38,23.37,True,44.37,True,HOLD
ARCHIDPLY,Archidply Industries Limited,Basic Materials,Lumber & Wood Production,93.30000305175781,False,7.98,False,True,-12.74,-12.22,False,550.0,True,EXIT
RUDRA,Rudra Global Infra Products Limited,Basic Materials,Steel,22.459999084472656,False,13.52,False,False,,,False,561.0,True,EXIT
KHADIM,Khadim India Limited,Consumer Cyclical,Footwear & Accessories,98.58999633789062,False,3.4499999999999997,False,False,-70.66,-64.45,False,799.0,False,EXIT
VIRINCHI,Virinchi Limited,Technology,Software - Application,14.880000114440918,False,30.299999999999997,False,False,-50.08,-50.62,False,406.0,False,EXIT
BROOKS,Brooks Laboratories Limited,Healthcare,Drug Manufacturers - Specialty & Generic,62.40999984741211,False,24.58,True,False,-74.57,-62.63,False,91.0,False,EXIT
SUPREME,Supreme Holdings & Hospitality (India) Limited,Real Estate,Real Estate - Development,41.61000061035156,False,0.56,False,False,-32.87,-47.26,False,78.33,False,EXIT
SUPERHOUSE,Superhouse Limited,Consumer Cyclical,Footwear & Accessories,169.52000427246094,False,7.13,False,True,-1.45,4.59,False,800.0,False,EXIT
BYKE,The Byke Hospitality Limited,Consumer Cyclical,Lodging,31.200000762939453,False,6.709999999999999,False,False,-67.26,-61.06,False,,False,EXIT
NIRAJ,Niraj Cement Structurals Limited,Industrials,Engineering & Construction,28.200000762939453,False,21.130000000000003,True,False,-43.66,-41.88,False,606.0,False,EXIT
IVP,IVP Limited,Basic Materials,Specialty Chemicals,174.83999633789062,False,18.68,False,True,-2.34,-1.85,False,,False,EXIT
ARVEE,Arvee Laboratories (India) Ltd.,Basic Materials,Specialty Chemicals,166.00999450683594,False,2.08,False,False,-6.53,-6.03,False,61.35,False,EXIT
VASWANI,Vaswani Industries Limited,Basic Materials,Steel,52.16999816894531,False,20.16,True,False,-3.89,-3.4,False,389.0,True,EXIT
UMIYA-MRO,Umiya Buildcon Limited,Real Estate,Real Estate - Development,89.69000244140625,False,33.37,False,True,20.53,5.48,True,123.0,False,HOLD
MODTHREAD,Modern Threads (India) Limited,Consumer Cyclical,Textile Manufacturing,48.279998779296875,False,12.19,False,True,-6.88,-0.83,False,,False,EXIT
VIPULLTD,Vipul Limited,Real Estate,Real Estate - Diversified,14.300000190734863,False,44.839999999999996,False,True,50.09,34.67,True,284.0,False,HOLD
DELPHIFX,Delphi World Money Limited,Financial Services,Capital Markets,6.659999847412109,False,6.97,False,False,-53.33,-52.14,False,9163.53,False,EXIT
METROGLOBL,MetroGlobal Limited,Industrials,Conglomerates,146.11000061035156,True,17.46,False,False,,,False,,False,EXIT
TRIGYN,Trigyn Technologies Limited,Technology,Information Technology Services,56.06999969482422,False,11.2,False,False,-29.5,-30.17,False,1280.0,False,EXIT
TICL,Twamev Construction and Infrastructure Limited,Industrials,Engineering & Construction,9.510000228881836,False,7.630000000000001,False,False,-71.47,-69.63,False,708.0,False,EXIT
INDOUS,Indo Us Bio-Tech Limited,Basic Materials,Agricultural Inputs,81.01000213623047,False,13.120000000000001,True,False,-53.18,-52.55,False,49.39,True,EXIT
BHARATGEAR,Bharat Gears Limited,Consumer Cyclical,Auto Parts,103.27999877929688,False,16.509999999999998,False,False,9.02,15.04,True,,False,EXIT
TIPSFILMS,Tips Films Limited,Communication Services,Entertainment,348.20001220703125,False,25.33,False,False,-14.1,-32.33,False,,False,EXIT
NATCAPSUQ,Natural Capsules Limited,Healthcare,Drug Manufacturers - Specialty & Generic,149.72000122070312,False,24.67,True,False,-41.3,-29.57,False,170.0,False,EXIT
AMJLAND,AMJ Land Holdings Limited,Real Estate,Real Estate - Development,39.36000061035156,False,14.790000000000001,False,False,-15.37,-29.98,False,333.0,False,EXIT
EMMBI,Emmbi Industries Limited,Consumer Cyclical,Packaging & Containers,85.72000122070312,False,7.890000000000001,True,False,-25.06,-18.97,False,404.0,True,EXIT
INDTERRAIN,Indian Terrain Fashions Limited,Consumer Cyclical,Apparel Retail,31.100000381469727,False,10.030000000000001,False,False,-21.36,-15.28,False,,False,EXIT
MHLXMIRU,Mahalaxmi Rubtech Limited,Consumer Cyclical,Textile Manufacturing,188.77000427246094,False,21.79,True,True,-27.67,-21.57,False,267.0,True,HOLD
NECCLTD,North Eastern Carrying Corporation Limited,Industrials,Trucking,15.100000381469727,False,7.750000000000001,True,False,-35.44,-33.67,False,572.0,False,EXIT
SRTL,SRTL,Consumer Cyclical,Textile Manufacturing,39.560001373291016,False,4.46,False,False,,,False,,False,EXIT
MKPL,M. K. Proteins Limited,Consumer Defensive,Packaged Foods,4.130000114440918,False,6.83,False,False,-37.64,-40.69,False,,False,EXIT
MCL,M Tek Copper Limited,Basic Materials,Copper,57.20000076293945,False,3.67,False,False,4.45,4.92,True,,False,EXIT
BAIDFIN,Baid Finserv Limited,Financial Services,Credit Services,9.899999618530273,False,14.98,False,False,-16.19,-15.16,False,,False,EXIT
KRITIKA,Kritika Wires Limited,Basic Materials,Steel,5.590000152587891,False,6.199999999999999,False,False,-43.0,-42.4,False,,False,EXIT
DCM,DCM Limited,Industrials,Metal Fabrication,82.66000366210938,False,6.5,False,False,-22.96,-21.22,False,961.69,False,EXIT
SADBHAV,Sadbhav Engineering Limited,Industrials,Engineering & Construction,8.539999961853027,False,171.57,False,False,-34.27,-32.51,False,5240.0,False,EXIT
SANGINITA,Sanginita Chemicals Limited,Basic Materials,Chemicals,54.0,False,9.899999999999999,True,True,437.81,437.05,True,230.0,True,HOLD
INCREDIBLE,Incredible Industries Limited,Basic Materials,Steel,32.22999954223633,False,11.52,False,False,-23.29,-22.75,False,,False,EXIT
RELIABLE,Reliable Data Services Limited,Technology,Information Technology Services,139.86000061035156,False,8.35,False,False,46.71,45.58,True,131.0,True,EXIT
DEVIT,Dev Information Technology Limited,Technology,Information Technology Services,26.09000015258789,False,90.32,True,False,-44.27,-44.84,False,171.0,True,EXIT
LAL,Lorenzini Apparels Limited,Consumer Cyclical,Apparel Manufacturing,8.800000190734863,False,4.35,False,True,-25.51,-19.42,False,,False,EXIT
KAMOPAINTS,Kamdhenu Ventures Limited,Basic Materials,Steel,4.539999961853027,False,5.54,False,False,-55.0,-54.36,False,292.0,False,EXIT
TTL,T.T. Limited,Consumer Cyclical,Textile Manufacturing,6.139999866485596,False,2.3,False,False,-55.28,-49.11,False,,False,EXIT
FILATFASH,Filatex Fashions Limited,Consumer Cyclical,Apparel Manufacturing,0.18000000715255737,False,2.83,False,False,-76.29,-70.07,False,186.0,True,EXIT
DGCONTENT,Digicontent Limited,Communication Services,Internet Content & Information,24.56999969482422,False,20.03,True,False,-24.98,-43.07,False,20.0,False,EXIT
BRNL,Bharat Road Network Limited,Industrials,Infrastructure Operations,17.420000076293945,False,96.43,False,False,-14.55,-12.83,False,401.0,False,EXIT
AARTECH,Aartech Solonics Limited,Industrials,Electrical Equipment & Parts,50.22999954223633,False,4.4,True,True,-24.71,-22.96,False,36.35,True,HOLD
HPIL,Hindprakash Industries Limited,Basic Materials,Specialty Chemicals,125.05000305175781,False,2.74,False,False,-8.71,-8.21,False,103.61,False,EXIT
LAGNAM,Lagnam Spintex Limited,Consumer Cyclical,Textile Manufacturing,78.79000091552734,False,14.39,False,True,-22.2,-16.12,False,,False,EXIT
ALPHAGEO,Alphageo (India) Limited,Energy,Oil & Gas Equipment & Services,301.3599853515625,False,15.520000000000001,False,True,13.99,23.53,True,429.0,False,HOLD
INDBANK,Indbank Merchant Banking Services Limited,Financial Services,Capital Markets,32.4900016784668,False,7.65,False,False,-5.41,-4.43,False,,False,EXIT
BTML,Bodhi Tree Multimedia Limited,Communication Services,Entertainment,8.819999694824219,False,6.91,False,True,22.52,3.79,True,89.0,True,HOLD
INDOWIND,Indowind Energy Limited,Utilities,Utilities - Renewable,8.8100004196167,False,14.91,True,False,-44.48,-54.29,False,38.81,False,EXIT
HECPROJECT,HEC Infra Projects Limited,Industrials,Engineering & Construction,130.0500030517578,False,12.58,False,True,-27.06,-25.31,False,,False,EXIT
ALPA,Alpa Laboratories Limited,Healthcare,Drug Manufacturers - Specialty & Generic,64.2699966430664,False,15.16,False,False,-47.9,-36.14,False,112.0,False,EXIT
WIPL,The Western India Plywoods Limited,Basic Materials,Lumber & Wood Production,167.97999572753906,False,2.7,False,True,6.78,7.24,True,116.0,True,HOLD
BALPHARMA,Bal Pharma Limited,Healthcare,Drug Manufacturers - Specialty & Generic,87.05000305175781,False,6.28,False,True,-16.49,-4.93,False,339.0,False,EXIT
MITCON,MITCON Consultancy & Engineering Services Limited,Industrials,Engineering & Construction,79.58999633789062,False,8.09,True,True,6.74,8.41,True,129.0,False,HOLD
SHAHALLOYS,Shah Alloys Limited,Basic Materials,Steel,72.11000061035156,False,65.04,False,True,23.14,23.55,True,880.0,False,HOLD
DTIL,Dhunseri Tea & Industries Limited,Consumer Defensive,Packaged Foods,135.52000427246094,False,73.52999999999999,True,False,-32.12,-35.21,False,456.0,True,EXIT
SECMARK,SecMark Consultancy Limited,Industrials,Consulting Services,128.25999450683594,False,8.13,True,True,-9.3,-7.6,False,35.11,True,HOLD
PRAENG,Prajay Engineers Syndicate Limited,Real Estate,Real Estate - Development,20.200000762939453,False,18.64,True,False,16.9,1.89,True,109.0,False,HOLD
KEYFINSERV,Keynote Financial Services Limited,Financial Services,Capital Markets,267.20001220703125,False,27.44,True,False,-2.9,-1.93,False,25.32,False,EXIT
RUCHINFRA,Ruchi Infrastructure Limited,Industrials,Specialty Business Services,5.889999866485596,False,10.93,False,False,-27.14,-25.39,False,2636.0,False,EXIT
CALSOFT,California Software Company Limited,Technology,Software - Application,24.600000381469727,False,14.63,True,True,66.53,65.27,True,10.86,False,HOLD
ISHANCH,Ishan Dyes and Chemicals Limited,Basic Materials,Chemicals,48.16999816894531,False,10.63,False,False,-26.97,-26.41,False,101.43,True,EXIT
BALAXI,Balaxi Pharmaceuticals Limited,Healthcare,Drug Manufacturers - Specialty & Generic,24.0,False,1.41,False,False,-65.61,-53.73,False,336.0,False,EXIT
AIROLAM,Airo Lam Limited,Consumer Cyclical,"Furnishings, Fixtures & Appliances",87.29000091552734,False,3.87,False,False,-26.71,-20.61,False,211.0,True,EXIT
CORALFINAC,Coral India Finance and Housing Limited,Real Estate,Real Estate Services,33.060001373291016,False,14.779999999999998,False,False,-14.29,-28.91,False,,False,EXIT
MAGNUM,Magnum Ventures Limited,Basic Materials,Paper & Paper Products,19.030000686645508,False,24.94,True,False,-20.37,-19.83,False,396.0,True,EXIT
TARMAT,Tarmat Limited,Industrials,Engineering & Construction,58.70000076293945,False,6.24,False,True,0.6,2.29,True,276.0,False,HOLD
SURANASOL,Surana Solar Limited,Technology,Solar,25.600000381469727,False,6.760000000000001,True,False,-22.36,-23.07,False,92.55,False,EXIT
INDIANCARD,The Indian Card Clothing Company Limited,Consumer Cyclical,Textile Manufacturing,223.08999633789062,False,11.690000000000001,False,False,-31.95,-25.84,False,85.0,False,EXIT
JOCIL,Jocil Limited,Basic Materials,Specialty Chemicals,146.27999877929688,False,8.290000000000001,False,True,-13.33,-12.81,False,919.0,False,EXIT
SALONA,Salona Cotspin Limited,Consumer Cyclical,Textile Manufacturing,259.6199951171875,False,4.300000000000001,False,False,0.39,6.42,True,,False,EXIT
MUKTAARTS,Mukta Arts Limited,Communication Services,Entertainment,56.5,False,11.81,True,False,-13.38,-31.62,False,308.0,False,EXIT
PRAXIS,Praxis Home Retail Limited,Consumer Cyclical,Specialty Retail,6.210000038146973,False,228.70000000000002,False,False,-52.85,-46.69,False,,False,EXIT
STEELCITY,Steel City Securities Limited,Financial Services,Capital Markets,83.52999877929688,False,14.290000000000001,False,False,-25.14,-24.07,False,70.0,True,EXIT
BSL,BSL Limited,Consumer Cyclical,Textile Manufacturing,122.44999694824219,False,4.359999999999999,False,False,-23.89,-17.8,False,,False,EXIT
ISFT,IntraSoft Technologies Limited,Consumer Cyclical,Internet Retail,82.33000183105469,False,13.28,False,False,-28.56,-22.46,False,1170.0,False,EXIT
TEXMOPIPES,Texmo Pipes and Products Limited,Industrials,Building Products & Equipment,46.029998779296875,False,14.059999999999999,False,False,-25.18,-23.43,False,635.0,False,EXIT
CROWN,Crown Lifters Limited,Industrials,Rental & Leasing Services,107.94000244140625,False,8.9,False,False,-34.11,-32.35,False,,False,EXIT
URAVIDEF,Uravi Defence and Technology Limited,Consumer Cyclical,Auto Parts,108.81999969482422,False,1.43,False,False,-88.05,-81.81,False,41.99,False,EXIT
MAHAPEXLTD,Maha Rashtra Apex Corporation Limited,Financial Services,Credit Services,50.40999984741211,False,64.42,False,False,-60.46,-59.23,False,10.0,False,EXIT
SAMBHAAV,Sambhaav Media Limited,Communication Services,Publishing,6.5,False,1.18,False,False,13.81,-4.8,False,48.33,False,EXIT
GTL,GTL Limited,Communication Services,Telecom Services,7.659999847412109,False,666.75,True,False,-1.46,-19.86,False,3942.0,False,EXIT
ONELIFECAP,Onelife Capital Advisors Limited,Financial Services,Capital Markets,33.72999954223633,False,18.82,True,True,184.87,185.0,True,6.41,False,HOLD
USK,Udayshivakumar Infra Limited,Industrials,Engineering & Construction,21.40999984741211,False,26.69,False,False,-45.12,-43.33,False,577.0,False,EXIT
REPL,Rudrabhishek Enterprises Limited,Industrials,Consulting Services,64.0,False,18.200000000000003,False,False,-65.4,-63.57,False,107.97,True,EXIT
AVROIND,Avro India Limited,Consumer Cyclical,"Furnishings, Fixtures & Appliances",8.630000114440918,False,4.31,False,False,-56.07,-49.9,False,67.48,True,EXIT
WEIZMANIND,Weizmann Limited,Consumer Cyclical,Textile Manufacturing,77.37999725341797,False,5.92,False,False,-39.6,-33.48,False,135.0,False,EXIT
PAR,Par Drugs and Chemicals Limited,Healthcare,Drug Manufacturers - Specialty & Generic,102.25,False,13.11,False,True,-12.38,-0.85,False,,False,EXIT
VITAL,VITAL,Basic Materials,Specialty Chemicals,54.5,False,0.0,False,True,-6.6,-6.1,False,134.0,True,EXIT
XELPMOC,Xelpmoc Design and Tech Limited,Technology,Information Technology Services,82.25,False,7.59,True,False,-11.72,-12.49,False,14.74,False,EXIT
LAMBODHARA,Lambodhara Textiles Limited,Consumer Cyclical,Textile Manufacturing,111.54000091552734,False,11.01,False,False,-18.29,-12.22,False,,False,EXIT
ANIKINDS,Anik Industries Limited,Consumer Defensive,Food Distribution,42.689998626708984,False,3.3400000000000003,False,False,-55.35,-58.28,False,610.0,False,EXIT
GSLSU,Global Surfaces Limited,Basic Materials,Building Materials,32.11000061035156,False,30.419999999999998,False,False,-78.56,-77.86,False,225.0,False,EXIT
KREBSBIO,Krebs Biochemicals & Industries Limited,Healthcare,Drug Manufacturers - Specialty & Generic,54.599998474121094,False,16.93,False,False,-43.29,-31.55,False,,False,EXIT
VLEGOV,VL E-Governance & IT Solutions Limited,Technology,Information Technology Services,9.920000076293945,False,2.51,False,False,-78.92,-79.28,False,,False,EXIT
GANGESSECU,Ganges Securities Limited,Consumer Defensive,Packaged Foods,118.51000213623047,False,8.11,False,False,-30.44,-33.53,False,41.93,False,EXIT
AAATECH,AAA Technologies Limited,Technology,Information Technology Services,92.18000030517578,False,2.6,False,False,6.57,5.68,True,,False,EXIT
LATTEYS,Latteys Industries Limited,Industrials,Specialty Industrial Machinery,20.59000015258789,False,3.5700000000000003,True,False,0.91,2.6,True,80.0,True,HOLD
ZENITHEXPO,Zenith Exports Limited,Consumer Cyclical,Textile Manufacturing,215.27000427246094,False,2.53,False,True,-12.96,-6.89,False,,False,EXIT
BCPL,BCPL Railway Infrastructure Limited,Industrials,Infrastructure Operations,72.83999633789062,False,6.450000000000001,False,False,,,False,161.0,True,EXIT
ABAN,Aban Offshore Limited,Energy,Oil & Gas Drilling,18.459999084472656,False,849.68,False,False,-72.75,-60.81,False,,False,EXIT
VISHWARAJ,Vishwaraj Sugar Industries Limited,Consumer Defensive,Confectioners,5.289999961853027,False,48.4,False,False,-41.37,-44.39,False,,False,EXIT
HINDCON,Hindcon Chemicals Limited,Basic Materials,Specialty Chemicals,22.709999084472656,False,3.2199999999999998,False,False,-36.97,-36.38,False,85.59,False,EXIT
CUBEXTUB,Cubex Tubings Limited,Basic Materials,Copper,82.5999984741211,False,7.450000000000001,True,False,-1.68,-1.19,False,267.0,True,EXIT
GVPTECH,GVP Infotech Limited,Technology,Information Technology Services,7.070000171661377,False,95.72,True,False,-32.11,-32.76,False,1491.0,False,EXIT
DBSTOCKBRO,DB (International) Stock Brokers Limited,Financial Services,Capital Markets,32.630001068115234,False,3.4699999999999998,False,True,24.14,24.99,True,48.25,False,HOLD
SURYALAXMI,Suryalakshmi Cotton Mills Limited,Consumer Cyclical,Textile Manufacturing,56.2400016784668,False,3.12,False,False,-22.46,-16.38,False,727.0,True,EXIT
LANDSMILL,Landsmill Green Limited,Industrials,Conglomerates,0.7599999904632568,False,1.6600000000000001,False,False,-37.95,-36.18,False,39.65,False,EXIT
OBCL,OBCL Limited,Industrials,Trucking,54.43000030517578,False,10.91,False,False,-6.77,-5.07,False,488.0,False,EXIT
TOTAL,Total Transport Systems Limited,Industrials,Integrated Freight & Logistics,64.16999816894531,False,7.79,False,True,-17.85,-16.13,False,665.0,True,EXIT
NAVKARURB,Navkar Urbanstructure Limited,Basic Materials,Building Materials,0.9900000095367432,False,3.2,False,False,-65.88,-65.21,False,,False,EXIT
FELDVR,Future Enterprises Limited,Consumer Cyclical,Department Stores,2.359999895095825,False,0.0,False,False,-42.16,-36.02,False,,False,EXIT
SOMICONVEY,Somi Conveyor Beltings Limited,Industrials,Specialty Industrial Machinery,86.5199966430664,False,5.029999999999999,False,False,-48.26,-46.46,False,,False,EXIT
AKSHOPTFBR,Aksh Optifibre Limited,Technology,Communication Equipment,6.650000095367432,False,17.560000000000002,False,True,-20.91,-21.63,False,618.0,False,EXIT
HILTON,Hilton Metal Forging Limited,Industrials,Metal Fabrication,19.899999618530273,False,3.4499999999999997,False,False,-72.49,-70.64,False,,False,EXIT
SIL,Standard Industries Limited,Consumer Cyclical,Textile Manufacturing,19.59000015258789,False,19.5,False,True,-2.02,4.02,False,437.0,False,EXIT
BEARDSELL,Beardsell Limited,Industrials,Building Products & Equipment,24.719999313354492,False,11.430000000000001,True,False,-27.35,-25.61,False,268.0,True,EXIT
LOVABLE,Lovable Lingerie Limited,Consumer Cyclical,Apparel Manufacturing,72.69999694824219,False,10.82,False,False,-30.63,-24.53,False,,False,EXIT
JETFREIGHT,Jet Freight Logistics Limited,Industrials,Integrated Freight & Logistics,22.229999542236328,False,6.8100000000000005,False,True,55.38,56.94,True,461.0,False,HOLD
SHYAMCENT,Shyam Century Ferrous Limited,Basic Materials,Steel,4.989999771118164,False,11.17,False,False,-34.92,-34.34,False,133.0,False,EXIT
ARTNIRMAN,Art Nirman Limited,Real Estate,Real Estate - Development,41.06999969482422,False,1.34,False,False,-6.34,-21.06,False,,False,EXIT
NARMADA,Narmada Agrobase Limited,Basic Materials,Agricultural Inputs,15.1899995803833,False,3.86,False,False,27.02,27.43,True,,False,EXIT
GROBTEA,The Grob Tea Company Limited,Consumer Defensive,Farm Products,958.0499877929688,False,43.77,False,True,-13.49,-16.7,False,,False,EXIT
COMPUSOFT,Compucom Software Limited,Consumer Defensive,Education & Training Services,13.09000015258789,False,3.3600000000000003,False,False,-35.66,-38.71,False,75.0,False,EXIT
LOYALTEX,Loyal Textile Mills Limited,Consumer Cyclical,Textile Manufacturing,218.1999969482422,False,64.68,False,False,-41.95,-35.81,False,1763.0,False,EXIT
VAISHALI,Vaishali Pharma Limited,Healthcare,Drug Manufacturers - Specialty & Generic,8.510000228881836,False,5.73,False,True,-45.8,-34.05,False,,False,EXIT
DUCON,Ducon Infratechnologies Limited,Industrials,Specialty Industrial Machinery,3.0899999141693115,False,10.98,False,False,-48.07,-46.28,False,451.0,True,EXIT
MOTOGENFIN,The Motor & General Finance Limited,Real Estate,Real Estate Services,26.06999969482422,False,146.85,True,True,9.6,-5.32,False,15.16,False,HOLD
RAJSREESUG,Rajshree Sugars & Chemicals Limited,Consumer Defensive,Confectioners,32.66999816894531,False,71.34,True,False,-18.8,-21.97,False,830.0,False,EXIT
NORBTEAEXP,Norben Tea & Exports Limited,Consumer Defensive,Farm Products,63.02000045776367,False,1.27,False,False,76.19,72.39,True,,False,EXIT
RELCHEMQ,Reliance Chemotex Industries Limited,Consumer Cyclical,Textile Manufacturing,118.98999786376953,False,5.26,False,False,-41.71,-35.57,False,366.0,False,EXIT
OSWALSEEDS,ShreeOswal Seeds and Chemicals Limited,Basic Materials,Agricultural Inputs,12.149999618530273,False,13.620000000000001,True,False,-20.66,-20.12,False,272.0,False,EXIT
SPLIL,SPL Industries Limited,Consumer Cyclical,Apparel Manufacturing,31.719999313354492,False,7.45,False,False,-20.66,-14.58,False,340.0,False,EXIT
SEMAC,Semac Construction Limited,Industrials,Engineering & Construction,326.0,False,7.19,False,True,-45.19,-43.4,False,325.0,False,EXIT
DIGJAMLMTD,Digjam Limited,Consumer Cyclical,Textile Manufacturing,50.380001068115234,False,3.94,False,True,-18.51,-12.43,False,,False,EXIT
BHANDARI,Bhandari Hosiery Exports Limited,Consumer Cyclical,Apparel Manufacturing,2.859999895095825,False,7.7700000000000005,False,False,-52.99,-46.83,False,21.03,True,EXIT
SMLT,Sarthak Metals Limited,Industrials,Metal Fabrication,71.61000061035156,False,4.609999999999999,False,False,-39.53,-37.75,False,,False,EXIT
INVENTURE,Inventure Growth & Securities Limited,Financial Services,Capital Markets,0.9200000166893005,False,14.530000000000001,True,False,-43.85,-42.7,False,311.87,False,EXIT
BAGFILMS,B.A.G. Films and Media Limited,Communication Services,Broadcasting,4.519999980926514,False,3.74,False,False,-14.06,-32.29,False,145.0,False,EXIT
BANKA,Banka BioLoo Limited,Industrials,Pollution & Treatment Controls,81.44000244140625,False,2.84,False,True,-11.97,-10.26,False,54.18,True,EXIT
RAJMET,Rajnandini Metal Limited,Basic Materials,Copper,3.2100000381469727,False,0.0,False,False,-32.14,-31.57,False,,False,EXIT
MOKSH,Moksh Ornaments Limited,Consumer Cyclical,Luxury Goods,10.529999732971191,False,0.0,False,False,-33.12,-27.0,False,,False,EXIT
KAKATCEM,Kakatiya Cement Sugar and Industries Limited,Basic Materials,Building Materials,107.58000183105469,False,24.060000000000002,False,False,-35.37,-34.79,False,,False,EXIT
PALASHSECU,Palash Securities Limited,Consumer Defensive,Packaged Foods,90.80000305175781,False,28.8,True,False,-24.79,-27.92,False,6.04,True,EXIT
SADBHIN,Sadbhav Infrastructure Project Limited,Industrials,Engineering & Construction,2.859999895095825,False,198.38,False,False,-18.83,-17.1,False,3548.0,False,EXIT
GOYALALUM,Goyal Aluminiums Limited,Basic Materials,Aluminum,6.510000228881836,False,3.5,True,False,-15.5,-14.98,False,82.41,False,EXIT
RHFL,Reliance Home Finance Limited,Financial Services,Mortgage Finance,1.7799999713897705,False,2.61,False,False,-66.33,-65.08,False,,False,EXIT
BVCL,Barak Valley Cements Limited,Basic Materials,Building Materials,40.97999954223633,False,5.27,False,False,-10.44,-9.93,False,234.0,False,EXIT
AAKASH,Aakash Exploration Services Limited,Energy,Oil & Gas Equipment & Services,8.789999961853027,False,3.24,False,False,-30.44,-19.68,False,93.0,False,EXIT
SELMC,SEL Manufacturing Company Limited,Consumer Cyclical,Textile Manufacturing,27.600000381469727,False,167.88,False,False,-17.52,-11.45,False,3774.0,False,EXIT
GLOBE,Globe Enterprises (India) Limited,Consumer Cyclical,Textile Manufacturing,1.9900000095367432,False,7.950000000000001,False,False,-16.68,-10.61,False,524.0,True,EXIT
AMDIND,AMD Industries Limited,Consumer Cyclical,Packaging & Containers,54.79999923706055,False,9.889999999999999,True,True,-0.67,5.37,False,190.0,True,HOLD
PARASPETRO,Paras Petrofils Limited,Consumer Cyclical,Textile Manufacturing,2.359999895095825,False,2.22,False,True,-11.35,-5.29,False,,False,EXIT
REGENCERAM,Regency Ceramics Limited,Industrials,Building Products & Equipment,36.310001373291016,False,23.84,False,False,-32.26,-30.5,False,,False,EXIT
GRADIENTE,Gradiente Infotainment Limited,Communication Services,Entertainment,2.7200000286102295,False,0.0,False,False,,,False,,False,EXIT
LPDC,Landmark Property Development Company Limited,Real Estate,Real Estate Services,8.119999885559082,False,1.57,False,True,16.84,1.83,True,,False,HOLD
FIBERWEB,Fiberweb (India) Limited,Consumer Cyclical,Textile Manufacturing,29.020000457763672,False,13.059999999999999,False,False,-51.88,-45.72,False,286.13,False,EXIT
KOHINOOR,Kohinoor Foods Limited,Consumer Defensive,Packaged Foods,27.719999313354492,False,94.61999999999999,False,True,-21.68,-24.83,False,1420.0,False,EXIT
GATECH,GACM Technologies Limited,Financial Services,Asset Management,0.7599999904632568,False,7.1,False,True,56.97,57.67,True,385.56,False,HOLD
PATINTLOG,Patel Integrated Logistics Limited,Industrials,Integrated Freight & Logistics,13.90999984741211,False,9.59,True,True,-15.9,-14.17,False,454.0,False,HOLD
CINEVISTA,Cinevista Limited,Communication Services,Entertainment,14.720000267028809,False,6.1,True,False,-3.89,-22.26,False,59.0,False,EXIT
BLBLIMITED,BLB Limited,Financial Services,Capital Markets,15.960000038146973,False,33.32,False,True,-7.7,-6.72,False,2522.0,False,EXIT
NIBL,NRB Industrial Bearings Limited,Industrials,Tools & Accessories,33.290000915527344,False,29.460000000000004,True,True,19.05,20.7,True,81.0,False,HOLD
HISARMETAL,Hisar Metal Industries Limited,Basic Materials,Steel,151.22000122070312,False,3.3800000000000003,False,False,-22.44,-21.9,False,,False,EXIT
NOIDATOLL,Noida Toll Bridge Company Limited,Industrials,Infrastructure Operations,4.03000020980835,False,27.199999999999996,False,False,-1.86,-0.17,False,130.0,False,EXIT
KHAITANLTD,Khaitan (India) Limited,Industrials,Industrial Distribution,139.17999267578125,False,6.039999999999999,False,True,22.54,24.17,True,77.61,True,HOLD
DHARAN,Dharan Infra-EPC Limited,Real Estate,Real Estate - Development,0.1599999964237213,False,35.050000000000004,False,False,-50.85,-65.01,False,129.0,False,EXIT
ENERGYDEV,Energy Development Company Limited,Utilities,Utilities - Regulated Electric,16.850000381469727,False,27.28,True,False,-11.15,-21.84,False,150.0,False,EXIT
ROLLT,Rollatainers Limited,Real Estate,Real Estate Services,3.0199999809265137,False,18.549999999999997,False,True,126.53,110.15,True,560.0,False,HOLD
ORIENTLTD,Orient Press Limited,Consumer Cyclical,Packaging & Containers,74.11000061035156,False,1.9300000000000002,False,True,-26.35,-20.25,False,,False,EXIT
TOKYOPLAST,Tokyo Plast International Limited,Consumer Cyclical,Packaging & Containers,78.5,False,0.45,False,False,-47.4,-41.25,False,79.93,False,EXIT
RSSOFTWARE,R S Software (India) Limited,Technology,Information Technology Services,33.13999938964844,False,33.0,False,False,-62.64,-63.11,False,352.0,False,EXIT
ZENITHSTL,Zenith Steel Pipes & Industries Limited,Basic Materials,Steel,5.590000152587891,False,4.54,False,False,-34.82,-34.25,False,229.36,False,EXIT
BANARBEADS,Banaras Beads Limited,Consumer Cyclical,Footwear & Accessories,112.51000213623047,False,1.8900000000000001,False,False,0.72,6.75,True,,False,EXIT
HDIL,Housing Development and Infrastructure Limited,Real Estate,Real Estate - Diversified,1.5299999713897705,False,11.67,False,False,-41.02,-55.31,False,2380.0,False,EXIT
ATAM,Atam Valves Limited,Industrials,Specialty Industrial Machinery,59.029998779296875,False,3.58,False,False,-40.26,-38.48,False,,False,EXIT
TOUCHWOOD,Touchwood Entertainment Limited,Communication Services,Advertising Agencies,64.73999786376953,False,4.0600000000000005,False,False,-19.16,-37.32,False,68.85,True,EXIT
PIONEEREMB,Pioneer Embroideries Limited,Consumer Cyclical,Textile Manufacturing,23.56999969482422,False,9.84,False,False,-48.14,-41.99,False,375.0,True,EXIT
CTE,Cambridge Technology Enterprises Limited,Technology,Information Technology Services,38.83000183105469,False,10.89,False,True,-11.22,-12.0,False,206.0,False,EXIT
ODIGMA,Odigma Consultancy Solutions Limited,Communication Services,Advertising Agencies,22.59000015258789,False,1.8,False,False,-10.4,-28.68,False,,False,EXIT
CURAA,CURAA,Technology,Software - Application,71.3499984741211,False,1.79,False,False,-80.07,-80.43,False,52.97,False,EXIT
PARSVNATH,Parsvnath Developers Limited,Real Estate,Real Estate - Development,1.5,False,419.7099999999999,True,False,-80.7,-94.48,False,1189.0,False,EXIT
ACCURACY,Accuracy Shipping Limited,Industrials,Integrated Freight & Logistics,4.829999923706055,False,3.7800000000000002,False,False,-36.3,-34.54,False,945.0,True,EXIT
VINEETLAB,Vineet Laboratories Limited,Basic Materials,Chemicals,37.290000915527344,False,12.64,False,True,3.81,4.27,True,,False,HOLD
NAGREEKEXP,Nagreeka Exports Limited,Consumer Cyclical,Textile Manufacturing,24.31999969482422,False,3.06,False,False,-14.99,-8.92,False,630.0,False,EXIT
PRAKASHSTL,Prakash Steelage Limited,Basic Materials,Steel,3.940000057220459,False,0.84,False,False,-36.21,-35.63,False,1123.0,False,EXIT
NGIL,Nakoda Group of Industries Limited,Consumer Defensive,Packaged Foods,42.2599983215332,False,1.63,True,True,62.4,58.69,True,59.62,False,HOLD
BONLON,Bonlon Industries Limited,Basic Materials,Other Industrial Metals & Mining,42.439998626708984,False,7.02,False,False,,,False,623.0,True,EXIT
ALKALI,Alkali Metals Limited,Basic Materials,Specialty Chemicals,66.87000274658203,False,6.959999999999999,False,False,-27.9,-27.34,False,,False,EXIT
JHS,JHS Svendgaard Laboratories Limited,Consumer Defensive,Household & Personal Products,8.949999809265137,False,5.619999999999999,False,False,-21.61,-24.76,False,140.29,False,EXIT
DIGIDRIVE,Digidrive Distributors Limited,Consumer Cyclical,Internet Retail,17.299999237060547,False,9.56,True,False,-53.57,-47.4,False,50.0,True,EXIT
UMAEXPORTS,Uma Exports Limited,Consumer Defensive,Farm Products,21.59000015258789,False,3.3000000000000003,False,False,-58.7,-61.61,False,1731.0,True,EXIT
IL&FSTRANS,IL&FS Transportation Networks Limited,Industrials,Infrastructure Operations,2.069999933242798,False,0.0,False,False,-43.09,-41.31,False,8717.0,True,EXIT
ROML,Raj Oil Mills Limited,Consumer Defensive,Packaged Foods,44.52000045776367,False,4.67,True,False,-3.45,-6.72,False,341.0,False,EXIT
GENSOL,Gensol Engineering Limited,Technology,Solar,16.6200008392334,False,16.91,False,False,-63.78,-64.23,False,963.0,True,EXIT
AJOONI,Ajooni Biotech Limited,Consumer Defensive,Packaged Foods,3.859999895095825,False,2.27,False,False,-25.96,-29.08,False,,False,EXIT
DAMODARIND,Damodar Industries Limited,Consumer Cyclical,Textile Manufacturing,27.5,False,7.44,False,False,-33.72,-27.6,False,,False,EXIT
AGRITECH,Agri-tech (India) Limited,Consumer Defensive,Farm Products,105.48999786376953,False,0.91,True,False,-25.05,-28.17,False,0.38,False,EXIT
GATECHDVR,GACM Technologies Limited,Financial Services,Asset Management,0.49000000953674316,False,7.1,False,True,9.01,9.92,True,233.33,False,HOLD
RKEC,RKEC Projects Limited,Industrials,Engineering & Construction,25.020000457763672,False,10.98,False,False,-67.56,-65.72,False,399.0,True,EXIT
CAPTRUST,Capital Trust Limited,Financial Services,Credit Services,21.229999542236328,False,46.82,True,True,-64.41,-63.17,False,,False,HOLD
SECURKLOUD,SecureKloud Technologies Limited,Technology,Software - Application,18.260000228881836,False,157.37,False,False,-31.09,-31.74,False,849.0,False,EXIT
ATLASCYCLE,Atlas Cycles (Haryana) Limited,Consumer Cyclical,Leisure,96.41000366210938,False,8.030000000000001,True,False,-25.68,-19.58,False,684.28,False,EXIT
TFL,Transwarranty Finance Limited,Financial Services,Mortgage Finance,11.640000343322754,False,4.430000000000001,True,False,-32.7,-31.6,False,,False,EXIT
DELTAMAGNT,Delta Manufacturing Limited,Consumer Cyclical,Textile Manufacturing,58.5,False,12.41,False,False,-38.31,-32.18,False,124.0,False,EXIT
FMNL,Future Market Networks Limited,Real Estate,Real Estate Services,9.180000305175781,False,7.93,False,False,-17.62,-32.2,False,161.0,False,EXIT
HGM,Handson Global Management (HGM) Limited,Technology,Information Technology Services,46.060001373291016,False,7.5,False,False,-20.23,-20.95,False,22.47,True,EXIT
PALREDTEC,Palred Technologies Limited,Technology,Consumer Electronics,51.79999923706055,False,5.26,False,True,-4.49,-5.31,False,148.0,False,EXIT
ANMOL,Anmol India Limited,Energy,Thermal Coal,10.15999984741211,False,11.239999999999998,False,False,-50.52,-39.2,False,,False,EXIT
SUNDARAM,Sundaram Multi Pap Limited,Basic Materials,Paper & Paper Products,1.0399999618530273,False,4.0600000000000005,False,False,-52.4,-51.77,False,194.34,False,EXIT
AGROPHOS,Agro Phos (India) Limited,Basic Materials,Agricultural Inputs,27.329999923706055,False,2.7600000000000002,False,False,-27.19,-26.63,False,131.0,False,EXIT
SUPREMEENG,Supreme Engineering Limited,Basic Materials,Steel,2.3299999237060547,False,9.649999999999999,False,True,79.18,79.43,True,,False,HOLD
MALUPAPER,Malu Paper Mills Limited,Basic Materials,Paper & Paper Products,31.6299991607666,False,14.66,False,False,-19.7,-19.17,False,,False,EXIT
BALKRISHNA,Balkrishna Paper Mills Limited,Consumer Cyclical,Packaging & Containers,17.540000915527344,False,6.51,False,False,-22.33,-16.25,False,198.0,True,EXIT
SHIVAMILLS,Shiva Mills Limited,Consumer Cyclical,Textile Manufacturing,62.20000076293945,False,2.9000000000000004,False,True,-19.64,-13.56,False,,False,EXIT
ANSALAPI,Ansal Properties & Infrastructure Limited,Real Estate,Real Estate - Development,3.450000047683716,False,165.47,True,False,-24.07,-38.57,False,1406.0,False,EXIT
SUVIDHAA,Suvidhaa Infoserve Limited,Technology,Information Technology Services,2.5199999809265137,False,9.309999999999999,True,False,-44.02,-44.6,False,285.0,False,EXIT
ICDSLTD,ICDS Limited,Real Estate,Real Estate Services,40.04999923706055,False,2.58,False,False,-2.96,-17.72,False,6.45,False,EXIT
ADROITINFO,Adroit Infotech Limited,Technology,Information Technology Services,9.8100004196167,False,3.81,False,False,-11.92,-12.69,False,52.95,False,EXIT
TRU,TruCap Finance Limited,Financial Services,Credit Services,4.079999923706055,False,103.62,True,False,-67.86,-66.6,False,,False,EXIT
ORCHASP,Orchasp Limited,Technology,Software - Application,1.4600000381469727,False,1.05,False,False,-53.68,-54.2,False,104.67,False,EXIT
KSR,KSR Footwear Limited,Consumer Cyclical,Footwear & Accessories,29.860000610351562,False,18.62,False,False,,,False,,False,EXIT
BIOFILCHEM,Biofil Chemicals and Pharmaceuticals Limited,Healthcare,Drug Manufacturers - Specialty & Generic,31.84000015258789,False,2.7800000000000002,False,False,-42.87,-31.14,False,,False,EXIT
RAJTV,Raj Television Network Limited,Communication Services,Broadcasting,10.220000267028809,False,0.79,False,False,-61.83,-79.41,False,,False,EXIT
HYBRIDFIN,Hybrid Financial Services Limited,Financial Services,Capital Markets,17.469999313354492,False,2.55,False,False,13.43,14.33,True,7.07,True,EXIT
MANUGRAPH,Manugraph India Limited,Industrials,Specialty Industrial Machinery,15.59000015258789,False,9.58,False,False,-36.08,-34.31,False,446.0,False,EXIT
VINNY,Vinny Overseas Limited,Consumer Cyclical,Textile Manufacturing,1.059999942779541,False,0.9299999999999999,False,False,-28.6,-22.49,False,,False,EXIT
AHLADA,Ahlada Engineers Limited,Industrials,Building Products & Equipment,38.36000061035156,False,2.45,False,False,-42.57,-40.78,False,259.0,False,EXIT
SVPGLOB,SVP Global Textiles Limited,Consumer Cyclical,Textile Manufacturing,3.950000047683716,False,376.41999999999996,True,True,-0.04,6.0,False,2489.0,False,HOLD
BLUECOAST,Blue Coast Hotels Limited,Consumer Cyclical,Lodging,24.489999771118164,False,2.1,False,False,-78.97,-72.75,False,134.89,False,EXIT
PRITI,Priti International Limited,Consumer Cyclical,"Furnishings, Fixtures & Appliances",35.790000915527344,False,0.8999999999999999,False,False,-69.14,-62.94,False,,False,EXIT
COUNCODOS,Country Condo's Limited,Real Estate,Real Estate - Development,6.449999809265137,False,0.6,False,True,13.15,-1.81,False,,False,EXIT
MASKINVEST,Mask Investments Limited,Financial Services,Capital Markets,148.1300048828125,False,0.1,False,False,-3.9,-2.93,False,,False,EXIT
LCCINFOTEC,LCC Infotech Limited,Consumer Defensive,Education & Training Services,3.9200000762939453,False,1.34,True,False,-22.01,-25.16,False,11.0,False,EXIT
WEWIN,We Win Limited,Technology,Information Technology Services,46.16999816894531,False,4.5,False,False,-14.52,-15.28,False,78.49,True,EXIT
KARMAENG,Karma Energy Limited,Utilities,Utilities - Renewable,39.709999084472656,False,2.6999999999999997,True,False,-22.71,-33.08,False,41.88,False,EXIT
JAIPURKURT,Nandani Creation Limited,Consumer Cyclical,Apparel Manufacturing,27.489999771118164,False,1.57,False,False,-42.34,-36.21,False,70.0,True,EXIT
ARCHIES,Archies Limited,Consumer Cyclical,Specialty Retail,13.760000228881836,False,4.89,False,False,-35.45,-29.33,False,194.95,False,EXIT
GAYAHWS,Gayatri Highways Limited,Industrials,Infrastructure Operations,1.8899999856948853,False,15.02,False,False,-15.32,-13.6,False,86.0,False,EXIT
SHEKHAWATI,Shekhawati Industries Limited,Consumer Cyclical,Textile Manufacturing,19.329999923706055,False,8.11,False,True,-21.04,-14.95,False,363.26,False,EXIT
RKDL,Ravi Kumar Distilleries Limited,Consumer Defensive,Beverages - Wineries & Distilleries,18.6299991607666,False,0.14,False,False,-33.51,-36.58,False,,False,EXIT
AKI,AKI India Limited,Consumer Cyclical,Footwear & Accessories,4.150000095367432,False,4.19,True,False,-67.49,-61.29,False,80.96,True,EXIT
DHRUV,Dhruv Consultancy Services Limited,Industrials,Engineering & Construction,23.969999313354492,False,33.690000000000005,True,False,-67.82,-65.99,False,102.0,True,EXIT
21STCENMGM,Twentyfirst Century Management Services Limited,Financial Services,Capital Markets,44.04999923706055,False,28.68,False,True,-26.52,-25.44,False,260.0,False,EXIT
OSIAHYPER,Osia Hyper Retail Limited,Consumer Cyclical,Department Stores,2.4600000381469727,False,5.1,False,False,-88.53,-82.28,False,,False,EXIT
DANGEE,Dangee Dums Limited,Consumer Cyclical,Restaurants,2.950000047683716,False,1.86,False,False,-41.24,-35.11,False,19.89,True,EXIT
CELEBRITY,Celebrity Fashions Limited,Consumer Cyclical,Apparel Manufacturing,6.769999980926514,False,15.72,False,False,-56.08,-49.92,False,,False,EXIT
TPHQ,Teamo Productions HQ Limited,Industrials,Engineering & Construction,0.49000000953674316,False,12.200000000000001,True,False,-40.48,-38.7,False,2.6,False,EXIT
AKASH,Akash Infra-Projects Limited,Industrials,Engineering & Construction,24.600000381469727,False,2.8200000000000003,False,False,-10.8,-9.09,False,140.82,False,EXIT
GOLDENTOBC,Golden Tobacco Limited,Consumer Defensive,Tobacco,24.989999771118164,False,0.0,False,False,-32.7,-35.77,False,96.08,False,EXIT
PRUDMOULI,Prudential Sugar Corporation Ltd.,Consumer Defensive,Confectioners,13.350000381469727,False,6.16,False,False,-66.39,-69.25,False,104.84,False,EXIT
MANGALAM,Mangalam Drugs & Organics Limited,Healthcare,Drug Manufacturers - Specialty & Generic,28.06999969482422,False,44.41,True,False,-82.1,-70.11,False,369.0,False,EXIT
AMBICAAGAR,Ambica Agarbathies Aroma & Industries Limited,Consumer Defensive,Household & Personal Products,24.93000030517578,False,3.45,True,True,-9.42,-12.65,False,98.07,True,HOLD
SAGARDEEP,Sagardeep Alloys Limited,Basic Materials,Copper,23.709999084472656,False,2.13,True,False,-22.39,-21.85,False,142.0,False,EXIT
LFIC,Lakshmi Finance & Industrial Corporation Limited,Financial Services,Asset Management,140.2100067138672,False,9.09,False,False,-35.7,-34.59,False,,False,EXIT
VIVIMEDLAB,Vivimed Labs Limited,Healthcare,Drug Manufacturers - Specialty & Generic,4.909999847412109,False,176.46000000000004,False,False,-16.4,-4.84,False,1462.0,False,EXIT
TNTELE,Tamilnadu Telecommunications Limited,Technology,Communication Equipment,9.039999961853027,False,14.889999999999999,False,False,-45.89,-46.45,False,,False,EXIT
BANG,Bang Overseas Limited,Consumer Cyclical,Apparel Manufacturing,28.56999969482422,False,5.949999999999999,False,False,-54.97,-48.8,False,194.0,False,EXIT
HBSL,HB Stockholdings Limited,Financial Services,Capital Markets,57.959999084472656,False,25.740000000000002,False,False,-29.35,-28.27,False,,False,EXIT
LASA,Lasa Supergenerics Limited,Healthcare,Drug Manufacturers - Specialty & Generic,7.409999847412109,False,34.08,False,False,-39.74,-28.03,False,,False,EXIT
MITTAL,Mittal Life Style Limited,Consumer Cyclical,Textile Manufacturing,0.9100000262260437,False,2.3299999999999996,True,False,-53.67,-47.51,False,72.02,False,EXIT
ADL,Archidply Decor Limited,Consumer Cyclical,"Furnishings, Fixtures & Appliances",69.54000091552734,False,0.32000000000000006,False,False,-25.91,-19.81,False,54.28,False,EXIT
ABMINTLLTD,ABM International Limited,Basic Materials,Specialty Chemicals,62.439998626708984,False,4.21,False,True,20.18,20.6,True,155.95,False,HOLD
MADHUCON,Madhucon Projects Limited,Industrials,Engineering & Construction,5.300000190734863,False,444.52,True,False,-19.72,-17.99,False,2599.0,False,EXIT
AROGRANITE,Aro Granite Industries Limited,Industrials,Building Products & Equipment,25.3700008392334,False,11.930000000000001,False,False,-34.83,-33.07,False,252.55,False,EXIT
MOHITIND,Mohit Industries Limited,Consumer Cyclical,Textile Manufacturing,23.809999465942383,False,0.92,False,False,-45.89,-39.75,False,191.0,False,EXIT
ORIENTALTL,Oriental Trimex Limited,Industrials,Building Products & Equipment,5.130000114440918,False,2.2600000000000002,False,False,-53.92,-52.11,False,,False,EXIT
SEYAIND,Seya Industries Limited,Basic Materials,Specialty Chemicals,12.289999961853027,False,2.8800000000000003,False,False,-39.87,-39.28,False,,False,EXIT
NKIND,N.K Industries Limited,Consumer Defensive,Household & Personal Products,60.25,False,3.6199999999999997,True,False,-6.63,-9.88,False,493.13,False,EXIT
GSS,GSS Infotech Limited,Technology,Information Technology Services,13.34000015258789,False,51.120000000000005,True,False,-58.35,-58.84,False,46.14,False,EXIT
GANGAFORGE,Ganga Forging Limited,Industrials,Metal Fabrication,2.619999885559082,False,3.73,False,False,-28.95,-27.2,False,,False,EXIT
SUPERSPIN,Super Spinning Mills Limited,Consumer Cyclical,Textile Manufacturing,5.769999980926514,False,8.57,True,False,-46.98,-40.83,False,521.0,False,EXIT
ASHOKAMET,Ashoka Metcast Limited,Basic Materials,Steel,13.779999732971191,False,10.8,True,False,-25.21,-24.65,False,67.03,False,EXIT
SITINET,SITI Networks Limited,Communication Services,Entertainment,0.28999999165534973,False,196.85,True,False,-30.25,-48.26,False,1608.0,False,EXIT
CEREBRAINT,Cerebra Integrated Technologies Limited,Industrials,Waste Management,2.569999933242798,False,71.64999999999999,True,False,-70.48,-68.63,False,261.0,False,EXIT
CYBERMEDIA,Cyber Media (India) Limited,Communication Services,Publishing,16.489999771118164,False,3.52,False,True,15.96,-2.68,False,101.8,False,EXIT
KAUSHALYA,Kaushalya Infrastructure Development Corporation Limited,Industrials,Engineering & Construction,907.2000122070312,False,1.5599999999999998,False,True,3.75,5.43,True,14.56,False,HOLD
DNAMEDIA,Diligent Media Corporation Limited,Communication Services,Publishing,2.619999885559082,False,8.879999999999999,False,False,-30.75,-48.76,False,127.76,False,EXIT
AKSHAR,Akshar Spintex Limited,Consumer Cyclical,Textile Manufacturing,0.4099999964237213,False,7.3999999999999995,False,False,-28.13,-22.03,False,,False,EXIT
GTECJAINX,G-Tec Jainx Education Limited,Consumer Defensive,Education & Training Services,28.989999771118164,False,4.04,True,True,17.71,14.29,True,6.5,False,HOLD
EASTSILK,Eastern Silk Industries Limited,Consumer Cyclical,Textile Manufacturing,59.560001373291016,False,14.35,True,False,3206.49,3204.86,True,434.0,True,HOLD
MADHAV,Madhav Marbles and Granites Limited,Industrials,Building Products & Equipment,35.040000915527344,False,2.6,False,False,-26.7,-24.95,False,76.96,False,EXIT
LEXUS,Lexus Granito (India) Limited,Industrials,Building Products & Equipment,13.569999694824219,False,2.22,False,False,-60.65,-58.83,False,,False,EXIT
KEEPLEARN,DSJ Keep Learning Limited,Consumer Defensive,Education & Training Services,1.8300000429153442,False,1.6300000000000001,False,False,-40.81,-43.84,False,,False,EXIT
SIMBHALS,Simbhaoli Sugars Limited,Consumer Defensive,Confectioners,6.940000057220459,False,32.809999999999995,True,False,-54.87,-57.8,False,1263.0,False,EXIT
KANANIIND,Kanani Industries Limited,Consumer Cyclical,Luxury Goods,1.4900000095367432,False,2.58,False,False,-33.74,-27.62,False,496.0,False,EXIT
WILLAMAGOR,Williamson Magor & Co. Limited,Financial Services,Credit Services,25.059999465942383,False,50.220000000000006,False,False,-30.78,-29.69,False,51.0,False,EXIT
PNC,Pritish Nandy Communications Ltd,Communication Services,Entertainment,18.399999618530273,False,13.77,True,False,-20.03,-38.18,False,58.0,False,EXIT
PEARLPOLY,Pearl Polymers Limited,Consumer Cyclical,Packaging & Containers,16.770000457763672,False,10.55,False,False,-59.08,-52.9,False,,False,EXIT
NAGREEKCAP,Nagreeka Capital & Infrastructure Ltd.,Financial Services,Asset Management,23.84000015258789,False,12.1,False,False,-17.19,-16.16,False,,False,EXIT
IMPEXFERRO,Impex Ferro Tech Limited,Basic Materials,Other Industrial Metals & Mining,3.569999933242798,False,6.430000000000001,True,True,77.85,78.11,True,506.0,True,HOLD
SANWARIA,Sanwaria Consumer Limited,Consumer Defensive,Farm Products,0.20000000298023224,False,4.21,False,False,-43.89,-46.89,False,,False,EXIT
SGL,STL Global Limited,Consumer Cyclical,Textile Manufacturing,9.729999542236328,False,1.3900000000000001,False,False,-37.98,-31.85,False,,False,EXIT
AKG,AKG Exim Limited,Industrials,Industrial Distribution,8.720000267028809,False,0.36000000000000004,False,False,-35.53,-33.77,False,123.67,False,EXIT
TGBHOTELS,TGB Banquets and Hotels Limited,Consumer Cyclical,Lodging,9.529999732971191,False,1.44,False,False,-26.31,-20.22,False,164.01,False,EXIT
TREEHOUSE,Tree House Education & Accessories Limited,Consumer Defensive,Education & Training Services,6.130000114440918,False,10.32,False,False,-17.79,-20.97,False,209.0,False,EXIT
INFOMEDIA,Infomedia Press Limited,Financial Services,Shell Companies,5.159999847412109,False,3.6800000000000006,False,False,-23.19,-22.13,False,186.0,False,EXIT
KHANDSE,Khandwala Securities Limited,Financial Services,Capital Markets,17.700000762939453,False,1.7599999999999998,True,False,-34.28,-33.18,False,10.29,True,EXIT
NEXTMEDIA,Next Mediaworks Limited,Communication Services,Broadcasting,3.859999895095825,False,4.99,True,False,-23.78,-41.87,False,1.45,False,EXIT
AGSTRA,AGS Transact Technologies Limited,Technology,Software - Infrastructure,2.009999990463257,False,194.26,True,False,-63.13,-63.59,False,1806.0,False,EXIT
LIBAS,Libas Consumer Products Limited,Consumer Cyclical,Apparel Manufacturing,9.720000267028809,False,0.0,False,False,-30.4,-24.3,False,91.91,True,EXIT
TARAPUR,Tarapur Transformers Limited,Industrials,Specialty Industrial Machinery,14.479999542236328,False,2.04,False,False,-47.46,-45.67,False,,False,EXIT
LAXMICOT,Laxmi Cotspin Limited,Consumer Cyclical,Textile Manufacturing,13.420000076293945,False,10.64,True,False,-56.99,-50.82,False,216.0,False,EXIT
ARSHIYA,Arshiya Limited,Industrials,Integrated Freight & Logistics,0.9399999976158142,False,98.67,False,False,-71.57,-69.73,False,1140.0,False,EXIT
KSHITIJPOL,Kshitij Polyline Limited,Industrials,Business Equipment & Supplies,3.109999895095825,False,3.6900000000000004,True,True,-6.05,-4.35,False,59.36,False,HOLD
VCL,Vaxtex Cotfab Limited,Consumer Cyclical,Textile Manufacturing,1.690000057220459,False,6.28,False,True,51.01,56.92,True,,False,HOLD
FLFL,Future Lifestyle Fashions Limited,Consumer Cyclical,Apparel Manufacturing,1.2000000476837158,False,0.0,False,False,-36.98,-30.86,False,6297.0,False,EXIT
KRIDHANINF,Kridhan Infra Limited,Basic Materials,Steel,2.2200000286102295,False,2.6900000000000004,False,False,-48.87,-48.25,False,726.75,False,EXIT
ANKITMETAL,Ankit Metal & Power Limited,Basic Materials,Steel,1.5800000429153442,False,0.0,True,False,-21.85,-21.31,False,1148.0,True,EXIT
HAVISHA,Sri Havisha Hospitality and Infrastructure Limited,Consumer Cyclical,Lodging,1.340000033378601,False,5.03,True,False,-46.37,-40.22,False,2.89,False,EXIT
MFML,Mahalaxmi Fabric Mills Limited,Consumer Cyclical,Textile Manufacturing,19.34000015258789,False,8.3,True,False,-45.67,-39.52,False,166.0,False,EXIT
SHRENIK,Shrenik Limited,Basic Materials,Paper & Paper Products,0.3100000023841858,False,1.4400000000000002,False,False,-49.29,-48.68,False,,False,EXIT
TCIFINANCE,TCI Finance Limited,Financial Services,Credit Services,15.199999809265137,False,1.9900000000000002,False,False,10.12,11.03,True,,False,EXIT
ACEINTEG,Ace Integrated Solutions Limited,Industrials,Staffing & Employment Services,17.799999237060547,False,0.9500000000000002,True,False,-32.18,-30.42,False,9.14,False,EXIT
FEL,Future Enterprises Limited,Consumer Cyclical,Department Stores,0.38999998569488525,False,0.0,False,False,-40.52,-34.39,False,20186.0,False,EXIT
SHYAMTEL,Shyam Telecom Limited,Technology,Communication Equipment,14.119999885559082,False,5.03,True,True,-3.35,-4.17,False,799.0,False,HOLD
ASTRON,Astron Paper & Board Mill Limited,Basic Materials,Paper & Paper Products,3.490000009536743,False,21.18,False,False,-81.1,-80.39,False,512.0,False,EXIT
TECILCHEM,Tecil Chemicals and Hydro Power Ltd.,Financial Services,Shell Companies,8.59000015258789,False,0.42000000000000004,False,False,-57.04,-55.83,False,0.0,True,EXIT
SILLYMONKS,Silly Monks Entertainment Limited,Communication Services,Entertainment,15.630000114440918,False,2.35,True,False,17.94,-0.73,False,22.22,False,EXIT
RADAAN,Radaan Mediaworks India Limited,Communication Services,Entertainment,3.059999942779541,False,4.79,True,False,-3.85,-22.21,False,35.54,False,EXIT
TVVISION,TV Vision Limited,Communication Services,Broadcasting,4.150000095367432,False,34.48,True,False,-22.75,-40.87,False,176.0,False,EXIT
EUROTEXIND,Eurotex Industries and Exports Limited,Real Estate,Real Estate - Development,13.920000076293945,False,4.87,False,False,9.96,-4.96,False,,False,EXIT
HEADSUP,Heads UP Ventures Limited,Consumer Cyclical,Apparel Retail,6.929999828338623,False,7.42,True,False,-45.1,-38.96,False,1.42,True,EXIT
VIVIDHA,Visagar Polytex Limited,Consumer Cyclical,Textile Manufacturing,0.5400000214576721,False,1.54,False,False,-33.0,-26.89,False,,False,EXIT
UMESLTD,Usha Martin Education & Solutions Limited,Consumer Defensive,Education & Training Services,5.820000171661377,False,0.39,True,True,-0.74,-4.03,False,6.19,False,HOLD
TIJARIA,Tijaria Polypipes Limited,Industrials,Building Products & Equipment,6.03000020980835,False,1.3,False,True,-26.85,-25.11,False,,False,EXIT
MTEDUCARE,MT Educare Limited,Consumer Defensive,Education & Training Services,1.8700000047683716,False,11.29,False,True,-11.77,-14.99,False,305.0,False,EXIT
BOHRAIND,Bohra Industries Limited,Basic Materials,Agricultural Inputs,14.84000015258789,False,4.25,False,False,-57.91,-57.26,False,,False,EXIT
AURUS,Aurus Gem Corporation Limited,Consumer Cyclical,Luxury Goods,4.739999771118164,False,16.91,False,False,-43.03,-36.89,False,,False,EXIT
GLFL,Gujarat Lease Financing Limited,Financial Services,Shell Companies,5.599999904632568,False,0.23,False,False,-12.94,-11.93,False,0.69,False,EXIT
KALYANI,Kalyani Commercials Limited,Consumer Cyclical,Auto & Truck Dealerships,138.08999633789062,True,2.74,True,False,-10.09,-4.03,False,901.0,False,EXIT
RETAIL,JHS Svendgaard Retail Ventures Limited,Consumer Defensive,Grocery Stores,19.030000686645508,False,0.42000000000000004,False,False,-52.29,-55.24,False,,False,EXIT
NIRAJISPAT,Niraj Ispat Industries Limited,Consumer Cyclical,Apparel Manufacturing,211.0,False,1.21,False,False,-56.55,-50.38,False,,False,EXIT
UNIINFO,Uniinfo Telecom Services Limited,Communication Services,Telecom Services,11.699999809265137,False,1.5300000000000002,False,False,-24.49,-42.58,False,50.1,False,EXIT
BILVYAPAR,BIL Vyapar Limited,Basic Materials,Specialty Chemicals,4.139999866485596,False,2.9800000000000004,False,False,-67.34,-66.67,False,4735.57,False,EXIT
CREATIVEYE,Creative Eye Limited,Communication Services,Entertainment,6.199999809265137,False,5.180000000000001,False,False,-2.42,-20.81,False,,False,EXIT
ORTINGLOBE,Ortin Global Limited,Healthcare,Drug Manufacturers - Specialty & Generic,15.800000190734863,False,0.74,False,True,1.65,13.09,True,,False,HOLD
ARENTERP,Rajdarshan Industries Limited,Basic Materials,Other Industrial Metals & Mining,38.9900016784668,False,0.8400000000000001,True,False,-20.72,-20.18,False,1.9,False,EXIT
FLEXITUFF,Flexituff Ventures International Limited,Consumer Cyclical,Textile Manufacturing,3.190000057220459,False,134.89,False,False,-94.54,-88.28,False,1457.0,False,EXIT
LAKPRE,Lakshmi Precision Screws Limited,Industrials,Tools & Accessories,4.800000190734863,False,0.0,False,False,-36.34,-34.57,False,425.0,False,EXIT
DCMFINSERV,DCM Financial Services Limited,Financial Services,Credit Services,5.309999942779541,False,1.03,False,True,-13.81,-12.8,False,3.96,False,EXIT
ANTGRAPHIC,Antarctica Limited,Consumer Cyclical,Packaging & Containers,0.7300000190734863,False,0.0,False,False,-46.14,-40.0,False,,False,EXIT
GLOBALE,Globale Tessile Limited,Consumer Cyclical,Textile Manufacturing,10.739999771118164,False,1.4,False,False,-30.41,-24.3,False,,False,EXIT
DSKULKARNI,D S Kulkarni Developers Limited,Real Estate,Real Estate - Development,13.300000190734863,False,0.9600000000000001,False,False,9.03,-5.88,False,,False,EXIT
MEP,MEP Infrastructure Developers Limited,Industrials,Infrastructure Operations,0.6200000047683716,False,0.0,False,False,-68.75,-66.91,False,2815.0,False,EXIT
COMPINFO,Compuage Infocom Limited,Technology,Electronics & Computer Distribution,1.100000023841858,False,0.0,False,False,-59.9,-60.38,False,4515.0,False,EXIT
BLUECHIP,Blue Chip India Limited,Financial Services,Capital Markets,1.809999942779541,False,0.44999999999999996,False,False,-66.77,-65.52,False,,False,EXIT
PREMIER,Premier Limited,Industrials,Specialty Industrial Machinery,2.799999952316284,False,5.869999999999999,True,False,-32.11,-30.35,False,99.96,False,EXIT
SHANTI,Shanti Overseas (India) Limited,Consumer Defensive,Farm Products,6.21999979019165,False,2.87,False,False,-37.91,-40.95,False,210.44,False,EXIT
ORTEL,Ortel Communications Limited,Communication Services,Entertainment,2.190000057220459,False,0.0,False,True,49.41,30.32,True,203.0,False,HOLD
SETUINFRA,Setubandhan Infrastructure Limited,Industrials,Engineering & Construction,0.41999998688697815,False,0.0,False,False,-30.79,-29.03,False,283.49,False,EXIT
CLCIND,CLC Industries Limited,Consumer Cyclical,Textile Manufacturing,50.43000030517578,False,8.83,True,False,-92.28,-86.02,False,1638.0,False,EXIT
BIRLANU,BIRLANU,Industrials,Building Products & Equipment,1555.199951171875,False,119.52,False,True,-25.36,-23.62,False,3615.0,True,EXIT
FRONTSP,Frontier Springs Limited,,,1330.300048828125,False,0.0,False,False,,,False,,False,EXIT
RELINFRA,RELINFRA,Utilities,Utilities - Independent Power Producers,67.12000274658203,False,2900.2200000000003,False,False,-69.04,-78.2,False,26952.0,False,EXIT
RELIANCE,RELIANCE,Energy,Oil & Gas Refining & Marketing,1310.0,False,83556.0,False,False,-19.13,-8.68,False,962820.0,True,EXIT
ABMKNO,ABM Knowledgeware Limited,,,199.77000427246094,False,0.0,False,False,,,False,,False,EXIT
OMPOWER,OMPOWER,Industrials,Engineering & Construction,169.9499969482422,False,0.0,False,False,,,False,,False,EXIT
AKCAPIT,A. K. Capital Services Limited,,,1737.0,False,0.0,False,False,,,False,,False,EXIT
3BBLACKBIO,3B Blackbio Dx Limited,,,1174.5999755859375,False,0.0,False,False,,,False,,False,EXIT
ABSLAMC,ABSLAMC,Financial Services,Asset Management,1011.2000122070312,False,1043.23,False,True,13.4,14.3,True,1955.0,True,HOLD
AARNAV,Aarnav Fashions Limited,,,31.459999084472656,False,0.0,False,False,,,False,,False,EXIT
AASTHA,AASTHA,Consumer Cyclical,Textile Manufacturing,74.30999755859375,False,0.0,False,False,,,False,,False,EXIT
WELSPLSOL,Welspun Specialty Solutions Limited,,,47.959999084472656,False,0.0,False,False,,,False,,False,EXIT
BEEKAY,Beekay Steel Industries Limited,,,435.3500061035156,True,0.0,False,False,,,False,,False,EXIT
BENGALASM,Bengal & Assam Company Limited,,,6210.0,False,0.0,False,False,,,False,,False,EXIT
RECLTD,RECLTD,Financial Services,Credit Services,335.0,False,16085.990000000002,False,False,-17.26,-16.23,False,,False,EXIT
SHBAJRG,Shri Bajrang Alliance Limited,,,173.8000030517578,False,0.0,False,False,,,False,,False,EXIT
BIRLAPREC,Birla Precision Technologies Limited,,,35.91999816894531,False,0.0,False,False,,,False,,False,EXIT
MENNPIS,Menon Pistons Limited,,,73.72000122070312,False,0.0,False,False,,,False,,False,EXIT
MCX,MCX,Financial Services,Financial Data & Stock Exchanges,2911.5,False,1344.33,False,True,73.99,74.62,True,1113.0,True,HOLD
BOSCHLTD,BOSCHLTD,Consumer Cyclical,Auto Parts,47100.0,True,2773.2,False,True,12.03,18.04,True,18087.0,True,HOLD
EMPOWER,Empower India Limited,,,2.0899999141693115,False,0.0,False,False,,,False,,False,EXIT
RPOWER,RPOWER,Utilities,Utilities - Independent Power Producers,22.979999542236328,False,651.11,False,False,-41.07,-50.96,False,10396.0,False,EXIT
BLIL,Balmer Lawrie Investments Limited,,,70.94000244140625,False,0.0,False,False,,,False,,False,EXIT
THAKDEV,Thakkers Developers Limited,,,146.47999572753906,False,0.0,False,False,,,False,,False,EXIT
MADHAVIPL,Madhav Infra Projects Limited,,,7.070000171661377,False,0.0,False,False,,,False,,False,EXIT
MANIPALHOS,MANIPALHOS,Healthcare,Medical Care Facilities,706.9500122070312,True,0.0,False,False,,,False,,False,EXIT
BI,Bilcare Limited,,,76.80999755859375,True,0.0,False,False,,,False,,False,EXIT
RAMBHAJO,RAMBHAJO,Consumer Cyclical,Luxury Goods,177.7899932861328,False,0.0,False,False,,,False,,False,EXIT
THACKER,Thacker and Company Limited,,,1020.0999755859375,False,0.0,False,False,,,False,,False,EXIT
RIR,Rir Power Electronics Limited,Technology,Semiconductors,165.36000061035156,False,7.930000000000001,False,False,,,False,,False,EXIT
KUSUMGAR,KUSUMGAR,Consumer Cyclical,Textile Manufacturing,601.8499755859375,False,0.0,False,False,,,False,,False,EXIT
LAHOTIOV,Lahoti Overseas Limited,,,41.029998779296875,False,0.0,False,False,,,False,,False,EXIT
KPL,Kwality Pharmaceuticals Limited,,,3436.5,True,0.0,False,False,,,False,,False,EXIT
RAJPALAYAM,Rajapalayam Mills Limited,Unknown,Unknown,838.1500244140625,True,114.35000000000001,False,False,,,False,,False,EXIT
CMPDI,CMPDI,Basic Materials,Other Industrial Metals & Mining,237.25,False,656.6099999999999,False,False,,,False,,False,EXIT
CHALET,CHALET,Consumer Cyclical,Lodging,825.0999755859375,False,576.38,False,False,-21.68,-15.6,False,1718.0,True,EXIT
SONAL,Sonal Mercantile Limited,,,90.9800033569336,False,0.0,False,False,,,False,,False,EXIT
SHINDL,Sharat Industries Limited,,,163.32000732421875,True,0.0,False,False,,,False,,False,EXIT
TCC,TCC Concept Limited,,,259.54998779296875,False,0.0,False,False,,,False,83.0,True,EXIT
CORONA,CORONA,Healthcare,Drug Manufacturers - General,2137.10009765625,True,164.35000000000002,False,False,,,False,1196.0,True,EXIT
DAICHI,Dai-ichi Karkaria Limited,,,336.25,True,0.0,False,False,,,False,,False,EXIT
CMRGREEN,CMRGREEN,Basic Materials,Aluminum,213.57000732421875,False,0.0,False,False,,,False,,False,EXIT
QUINT,Quint Digital Limited,,,37.560001373291016,False,0.0,False,False,,,False,,False,EXIT
COCKERILL,John Cockerill India Limited,Industrials,Metal Fabrication,8578.5,False,18.419999999999998,False,False,,,False,,False,EXIT
HBESD,HB Estate Developers Limited,Unknown,Unknown,76.0,False,0.0,False,False,,,False,,False,EXIT
FERMENTA,Fermenta Biotech Limited,,,450.04998779296875,False,0.0,False,False,,,False,,False,EXIT
FEDDERSHOL,Fedders Holding Limited,,,42.18000030517578,False,0.0,False,False,,,False,,False,EXIT
MCCHRLS-B,Mac Charles (India) Limited,,,679.3499755859375,False,0.0,False,False,,,False,,False,EXIT
ASHOKLEY,ASHOKLEY,Industrials,Farm & Heavy Construction Machinery,171.63999938964844,False,3471.03,False,True,35.1,36.7,True,48535.0,True,HOLD
ASHIKAG,ASHIKAG,,,443.20001220703125,False,0.0,False,False,,,False,,False,EXIT
MERCANTILE,Mercantile Ventures Limited,,,24.06999969482422,False,0.0,False,False,,,False,,False,EXIT
BLACKROSE,Black Rose Industries Limited,,,104.80999755859375,False,0.0,False,False,,,False,,False,EXIT
UNITECH,UNITECH,Real Estate,Real Estate - Diversified,3.9600000381469727,False,2455.74,False,False,-33.32,-47.7,False,3431.0,False,EXIT
BAJAJST,Bajaj Steel Industries Limited,,,362.1499938964844,False,0.0,False,False,,,False,,False,EXIT
BHARATCOAL,BHARATCOAL,Basic Materials,Coking Coal,33.689998626708984,False,325.23,False,False,,,False,14246.0,False,EXIT
BIOCON,BIOCON,Healthcare,Biotechnology,417.0,False,385.6,False,True,0.6,12.04,True,15262.0,True,HOLD
BNAGROCHEM,BN Agrochem Limited,,,244.9499969482422,False,0.0,False,False,,,False,,False,EXIT
BNALTD,B & A Limited,,,380.0,False,0.0,False,False,,,False,,False,EXIT
TVSMOTOR,TVSMOTOR,Consumer Cyclical,Auto Manufacturers,4307.0,True,3242.2799999999997,False,True,32.61,38.57,True,44089.0,True,HOLD
TURTLEMINT,TURTLEMINT,Financial Services,Insurance Brokers,137.44000244140625,True,47.9,False,False,,,False,,False,EXIT
TCS,TCS,Technology,Information Technology Services,2361.0,False,50484.0,False,False,-25.22,-25.91,False,267021.0,True,EXIT
TECHNVISN,TechNVision Ventures Limited,,,5220.5,False,0.0,False,False,,,False,,False,EXIT
TENNIND,TENNIND,Consumer Cyclical,Auto Parts,538.25,False,593.23,False,False,,,False,5468.0,False,EXIT
DECNGOLD,Deccan Gold Mines Limited,,,225.4600067138672,True,0.0,False,False,,,False,,False,EXIT
TAMBOLIIN,Tamboli Industries Limited,,,243.99000549316406,True,0.0,False,False,,,False,,False,EXIT
TAALTECH,TAAL Tech Limited,,,4280.0,False,0.0,False,False,,,False,,False,EXIT
ASTAR,Asian Star Company Limited,,,600.8499755859375,False,0.0,False,False,,,False,,False,EXIT
PRICOLLTD,PRICOLLTD,Consumer Cyclical,Auto Parts,792.0499877929688,True,253.82999999999998,False,True,75.15,81.0,True,2692.0,True,HOLD
PRADPME,Pradeep Metals Limited,,,497.6000061035156,False,0.0,False,False,,,False,,False,EXIT
RSDFIN,RSD Finance Limited,,,112.08999633789062,False,0.0,False,False,,,False,,False,EXIT
KLBRENG-B,Kilburn Engineering Limited,,,358.20001220703125,False,0.0,False,False,,,False,,False,EXIT
RRIL,RRIL Limited,,,16.709999084472656,False,0.0,False,False,,,False,,False,EXIT
SUZLON,SUZLON,Industrials,Specialty Industrial Machinery,47.099998474121094,False,2189.17,False,False,-27.36,-25.61,False,20403.0,False,EXIT
VELJAN,Veljan Denison Limited,,,1824.300048828125,True,0.0,False,False,,,False,,False,EXIT
ARTEMISMED,Artemis Medicare Services Limited,,,314.75,False,0.0,False,True,,26.92,False,937.0,True,EXIT
COMFINTE,Comfort Intech Limited,,,6.630000114440918,False,0.0,False,False,,,False,,False,EXIT
PREMCO,Premco Global Limited,,,385.95001220703125,False,0.0,False,False,,,False,,False,EXIT
MMWL,Media Matrix Worldwide Limited,Communication Services,Entertainment,15.869999885559082,True,5.85,False,False,,,False,,False,EXIT
HESTERBIO,HESTERBIO,Healthcare,Drug Manufacturers - Specialty & Generic,2414.39990234375,False,136.17000000000002,False,True,12.1,23.46,True,311.0,True,HOLD
PRAVEG,Praveg Limited,,,269.70001220703125,False,0.0,False,False,,,False,,False,EXIT
SHRIKRISH,Shri Krishna Devcon Limited,Unknown,Unknown,40.0,False,0.0,False,False,,,False,,False,EXIT
HALDYNGL,Haldyn Glass Limited,,,123.76000213623047,False,0.0,False,False,,,False,,False,EXIT
SKMEGGPROD,SKMEGGPROD,Consumer Defensive,Packaged Foods,259.5,False,86.57,False,True,52.16,48.52,True,701.0,False,HOLD
HEXAGON,HEXAGON,Consumer Defensive,Packaged Foods,63.97999954223633,False,0.0,False,False,,,False,,False,EXIT
JUBLFOOD,JUBLFOOD,Consumer Cyclical,Restaurants,504.1000061035156,False,428.48,False,True,-30.36,-24.25,False,6105.0,True,EXIT
KAMAHOLD,KAMA Holdings Limited,,,2449.5,False,0.0,False,False,,,False,,False,EXIT
EMBDL,EMBDL,Real Estate,Real Estate - Diversified,61.619998931884766,False,852.3,False,False,-23.61,-38.11,False,2111.0,True,EXIT
ELITECON,Elitecon International Limited,,,17.170000076293945,False,0.0,False,False,,,False,,False,EXIT
KIRANVYPAR,Kiran Vyapar Limited,,,201.17999267578125,True,0.0,False,False,,,False,,False,EXIT
KOTIC,Kothari Industrial Corporation Limited,,,146.17999267578125,False,0.0,False,False,,,False,,False,EXIT
NATIONSTD,National Standard (India) Limited,,,148.47000122070312,False,0.0,False,False,,,False,,False,EXIT
CPL,Captain Polyplast Limited,Industrials,Farm & Heavy Construction Machinery,68.36000061035156,False,27.780000000000005,False,False,,,False,,False,EXIT
INDPRUD,Industrial And Prudential Investment Company Limited,,,6280.0,False,0.0,False,False,,,False,,False,EXIT
INFOBEAN,INFOBEAN,Technology,Software - Application,162.39999389648438,False,62.35,False,False,0.42,-0.43,False,395.0,True,EXIT
SCANSTL,Scan Steels Limited,,,59.75,False,0.0,False,False,,,False,,False,EXIT
SEIL,Shanti Educational Initiatives Limited,,,212.7100067138672,False,0.0,False,False,,,False,,False,EXIT
PML,Paul Merchants Limited,,,490.0,False,0.0,False,False,,,False,,False,EXIT
PIONRINV,Pioneer Investcorp Limited,,,81.19999694824219,False,0.0,False,False,,,False,,False,EXIT
INVPRECQ,Investment & Precision Castings Limited,,,1210.0,True,0.0,False,False,,,False,,False,EXIT
IONEXCHANG,IONEXCHANG,Industrials,Pollution & Treatment Controls,372.95001220703125,False,156.49,False,False,-19.26,-17.53,False,2737.0,True,EXIT
NILE,Nile Limited,,,1487.300048828125,False,0.0,False,False,,,False,,False,EXIT
3PLAND,3P Land Holdings Ltd,Unknown,Unknown,32.18000030517578,False,1.65,False,False,-22.27,-39.35,False,205.25,False,EXIT
DISAQ,DISA India Limited,,,11661.0,False,0.0,False,False,,,False,,False,EXIT
ZSARACOM,Saraswati Commercial (India) Limited,,,12143.0,False,0.0,False,False,,,False,,False,EXIT
KANCHI,Kanchi Karpooram Limited,,,370.6000061035156,False,0.0,False,False,,,False,,False,EXIT
SAMPANN,SAMPANN,Unknown,Unknown,26.280000686645508,False,6.98,False,False,2.68,-22.72,False,93.0,True,EXIT
NEAGI,Neelamalai Agro Industries Limited,,,3139.0,True,0.0,False,False,,,False,,False,EXIT
IOC,IOC,Energy,Oil & Gas Refining & Marketing,139.39999389648438,False,35909.45,False,False,-14.89,-4.55,False,841756.0,False,EXIT
ACSTECH,ACS Technologies Limited,,,49.97999954223633,True,0.0,False,False,,,False,,False,EXIT
ABANSENT,ABans Enterprises Limited,,,30.3799991607666,False,0.0,False,False,,,False,,False,EXIT
IWP,The Indian Wood Products Company Limited,,,34.959999084472656,True,0.0,False,False,,,False,,False,EXIT
SURYALA,Suryalata Spinning Mills Limited,,,375.8999938964844,False,0.0,False,False,,,False,,False,EXIT
SAPPL,Shree Ajit Pulp and Paper Limited,,,277.95001220703125,False,0.0,False,False,,,False,,False,EXIT
ELCIDIN,Elcid Investments Limited,,,110390.0,False,0.0,False,False,,,False,,False,EXIT
ZODIAC,Zodiac Energy Limited,,,266.8999938964844,False,0.0,False,False,,-38.2,False,408.0,True,EXIT
DRAGARWQ,Dr. Agarwal's Eye Hospital Limited,,,5403.0,True,0.0,False,False,,,False,,False,EXIT
SINGERIND,Singer India Limited,,,83.22000122070312,False,0.0,False,False,,,False,483.0,False,EXIT
SIKA,Sika Interplant Systems Limited,,,1098.800048828125,False,0.0,False,False,,,False,,False,EXIT
GUJRAFFIA,Gujarat Raffia Industries Limited,,,43.220001220703125,False,0.0,False,False,,,False,47.56,False,EXIT
WPIL,WPIL Limited,,,418.25,False,0.0,False,False,,,False,,False,EXIT
GRANDOAK,Grand Oak Canyons Distillery Limited,,,38.2400016784668,False,0.0,False,False,,,False,,False,EXIT
AIAENG,AIAENG,Industrials,Specialty Industrial Machinery,4482.7998046875,False,1270.15,False,True,38.11,39.71,True,4909.0,False,HOLD
GNRL,Gujarat Natural Resources Limited,,,111.33999633789062,True,0.0,False,False,,,False,,False,EXIT
GRAVISSHO,Graviss Hospitality Limited,,,29.18000030517578,False,0.0,False,False,,,False,,False,EXIT
