Symbol,Company,Sector,Industry,Current_Price,ATH_Price_Flag,TTM_Net_Profit,ATH_Profit_Flag,Above_MA200_Flag,RS_vs_Sector,RS_vs_Benchmark,Outperformance_Flag,ATH_Sales,Signal
RELIANCE,Reliance Industries Limited,Energy,Oil & Gas Refining & Marketing,1290.9000244140625,False,83556.0,True,False,-20.09,-12.17,False,962820.0,EXIT
BHARTIARTL,Bharti Airtel Limited,Communication Services,Telecom Services,1970.0999755859375,False,30925.3,False,True,17.92,-0.73,False,172985.0,EXIT
HDFCBANK,HDFC Bank Limited,Financial Services,Banks - Regional,742.0,False,49307.979999999996,False,False,-29.08,-29.13,False,,EXIT
ICICIBANK,ICICI Bank Limited,Financial Services,Banks - Regional,1454.5999755859375,True,56090.159999999996,True,True,-4.05,-4.22,False,,HOLD
SBIN,State Bank of India,Financial Services,Banks - Regional,1042.699951171875,False,62161.45,False,True,27.72,27.41,True,,HOLD
TCS,Tata Consultancy Services Limited,Technology,Information Technology Services,2460.0,False,50484.0,True,False,-23.81,-23.61,False,267021.0,EXIT
BAJFINANCE,Bajaj Finance Limited,Financial Services,Credit Services,1149.0,True,20303.53,True,True,26.46,26.16,True,,ADD
LT,Larsen & Toubro Limited,Industrials,Engineering & Construction,3990.0,False,16280.750000000002,True,True,8.46,6.25,True,255734.0,HOLD
HINDUNILVR,Hindustan Unilever Limited,Consumer Defensive,Household & Personal Products,2096.5,False,15028.0,True,False,-14.47,-21.21,False,63121.0,EXIT
SUNPHARMA,Sun Pharmaceutical Industries Limited,Healthcare,Drug Manufacturers - Specialty & Generic,1964.0,True,10511.350000000002,False,True,8.83,16.01,True,52578.0,HOLD
INFY,Infosys Limited,Technology,Information Technology Services,1167.5,False,332.4,False,False,-24.97,-24.77,False,162990.0,EXIT
MARUTI,Maruti Suzuki India Limited,Consumer Cyclical,Auto Manufacturers,14168.0,False,15241.6,True,False,7.56,10.95,True,152913.0,HOLD
TITAN,Titan Company Limited,Consumer Cyclical,Luxury Goods,4935.0,True,4825.0,True,True,40.09,43.41,True,60456.0,ADD
ADANIENT,Adani Enterprises Limited,Energy,Thermal Coal,3050.0,False,7007.960000000001,False,True,18.57,25.41,True,127540.0,HOLD
M&M,Mahindra & Mahindra Limited,Consumer Cyclical,Auto Manufacturers,3433.0,False,18880.07,True,True,0.23,3.64,True,159211.0,HOLD
ADANIPOWER,Adani Power Limited,Utilities,Utilities - Independent Power Producers,209.9499969482422,False,14687.210000000001,False,True,88.02,76.12,True,56203.0,HOLD
ADANIPORTS,Adani Ports and Special Economic Zone Limited,Industrials,Marine Shipping,1706.699951171875,False,13317.560000000001,True,True,21.48,19.25,True,30475.0,HOLD
KOTAKBANK,Kotak Mahindra Bank Limited,Financial Services,Banks - Regional,398.0,False,15827.900000000001,False,False,-3.81,-3.98,False,,EXIT
AXISBANK,Axis Bank Limited,Financial Services,Banks - Regional,1261.800048828125,False,28489.31,True,False,14.7,14.45,True,,HOLD
HCLTECH,HCL Technologies Limited,Technology,Information Technology Services,1369.9000244140625,False,13188.0,False,False,-10.83,-10.72,False,117055.0,EXIT
ITC,ITC Limited,Consumer Defensive,Tobacco,289.0,False,20494.55,False,False,-27.64,-34.3,False,75323.0,EXIT
ULTRACEMCO,UltraTech Cement Limited,Basic Materials,Building Materials,12050.0,False,9533.34,True,True,-2.87,-5.32,False,75955.0,HOLD
NTPC,NTPC Limited,Utilities,Utilities - Regulated Electric,343.6499938964844,False,28706.79,True,False,9.66,-0.12,False,188138.0,EXIT
BAJAJFINSV,Bajaj Finserv Ltd.,Financial Services,Financial Conglomerates,2105.0,False,9800.970000000001,True,True,5.44,5.23,True,133822.0,HOLD
BAJAJ-AUTO,Bajaj Auto Limited,Consumer Cyclical,Auto Manufacturers,11600.0,False,11759.400000000001,True,True,34.72,38.05,True,50995.0,HOLD
HAL,Hindustan Aeronautics Limited,Industrials,Aerospace & Defense,4635.0,False,9115.6,True,True,0.69,-1.49,False,30981.0,HOLD
JSWSTEEL,JSW Steel Limited,Basic Materials,Steel,1300.0,True,25344.0,True,True,22.01,19.49,True,175006.0,ADD
ONGC,Oil and Natural Gas Corporation Limited,Energy,Oil & Gas Integrated,242.0,False,41424.38,False,False,-8.16,-0.58,False,632291.0,EXIT
NESTLEIND,Nestlé India Limited,Consumer Defensive,Packaged Foods,1520.0,True,3477.1800000000003,False,True,36.94,29.86,True,24394.0,HOLD
BEL,Bharat Electronics Limited,Industrials,Aerospace & Defense,391.5,False,5828.57,True,False,-0.95,-3.13,False,23769.0,EXIT
ETERNAL,Eternal Limited,Consumer Cyclical,Internet Retail,312.3999938964844,False,393.0,False,True,-4.71,-1.29,False,20243.0,EXIT
LICI,Life Insurance Corporation of India,Financial Services,Insurance - Life,391.29998779296875,False,47354.67,False,False,-16.11,-16.22,False,889970.0,EXIT
POWERGRID,Power Grid Corporation of India Limited,Utilities,Utilities - Regulated Electric,283.3999938964844,False,16504.74,False,False,4.43,-5.21,False,45843.0,EXIT
ASIANPAINT,Asian Paints Limited,Basic Materials,Specialty Chemicals,2775.0,False,4764.83,False,True,12.14,9.64,True,35495.0,HOLD
DMART,Avenue Supermarts Limited,Consumer Defensive,Discount Stores,4023.0,False,3146.09,True,False,-0.95,-7.78,False,59358.0,EXIT
COALINDIA,Coal India Limited,Energy,Thermal Coal,417.6000061035156,False,35645.79,False,False,0.48,7.82,True,144762.0,EXIT
SHRIRAMFIN,Shriram Finance Limited,Financial Services,Credit Services,1087.300048828125,True,11162.76,False,True,70.87,70.37,True,,HOLD
TATASTEEL,Tata Steel Limited,Basic Materials,Steel,190.9499969482422,False,11034.54,False,False,18.55,16.04,True,243959.0,EXIT
HINDZINC,Hindustan Zinc Limited,Basic Materials,Other Industrial Metals & Mining,562.9000244140625,False,16652.0,True,False,32.43,29.89,True,34098.0,HOLD
ADANIGREEN,Adani Green Energy Limited,Utilities,Utilities - Renewable,1384.0,False,1283.0,False,True,46.99,36.2,True,11212.0,HOLD
HINDALCO,Hindalco Industries Limited,Basic Materials,Aluminum,1020.0,False,13391.0,False,True,47.28,44.69,True,238496.0,HOLD
EICHERMOT,Eicher Motors Limited,Consumer Cyclical,Auto Manufacturers,7935.0,True,5772.5199999999995,True,True,34.21,37.54,True,18451.0,ADD
DIVISLAB,Divi's Laboratories Limited,Healthcare,Drug Manufacturers - Specialty & Generic,8378.0,True,2541.0,False,True,18.35,25.47,True,9360.0,HOLD
GRASIM,Grasim Industries Limited,Basic Materials,Building Materials,3138.0,True,5908.91,False,True,11.42,8.93,True,148478.0,HOLD
TVSMOTOR,TVS Motor Company Limited,Consumer Cyclical,Auto Manufacturers,4360.0,True,3242.2799999999997,True,True,41.23,44.54,True,44089.0,ADD
INDIGO,InterGlobe Aviation Limited,Industrials,Airlines,5358.0,False,5500.0,False,True,-8.78,-10.94,False,80803.0,EXIT
IOC,Indian Oil Corporation Limited,Energy,Oil & Gas Refining & Marketing,141.60000610351562,False,42402.35,True,False,-11.86,-4.18,False,841756.0,EXIT
ADANIENSOL,Adani Energy Solutions Limited,Utilities,Utilities - Independent Power Producers,1646.0,False,2897.6299999999997,True,True,114.86,102.24,True,23767.0,HOLD
TORNTPHARM,Torrent Pharmaceuticals Limited,Healthcare,Drug Manufacturers - Specialty & Generic,5030.0,True,2181.0,False,True,28.54,35.6,True,11516.0,HOLD
SBILIFE,SBI Life Insurance Company Limited,Financial Services,Insurance - Life,1899.0,False,2700.68,False,False,0.24,0.06,True,,EXIT
WIPRO,Wipro Limited,Technology,Information Technology Services,186.3000030517578,False,13219.0,True,False,-28.13,-27.91,False,90488.0,EXIT
VAML,Vedanta Aluminium Metal Limited,Basic Materials,Aluminum,467.6000061035156,False,7410.0,False,False,,,False,,EXIT
HYUNDAI,HYUNDAI,Consumer Cyclical,Auto Manufacturers,2220.0,False,4747.88,False,True,-5.65,-2.22,False,69829.0,EXIT
JIOFIN,Jio Financial Services Limited,Financial Services,Asset Management,265.0,False,1696.1100000000001,True,True,-24.19,-24.26,False,2043.0,HOLD
SOLARINDS,Solar Industries India Limited,Basic Materials,Specialty Chemicals,18700.0,True,1677.55,True,True,29.08,26.54,True,7540.0,ADD
PIDILITIND,Pidilite Industries Limited,Basic Materials,Specialty Chemicals,1620.0,True,2292.03,True,True,8.61,6.13,True,13140.0,ADD
DLF,DLF Limited,Real Estate,Real Estate - Development,643.4000244140625,False,4516.79,False,True,-5.55,-22.48,False,9926.0,EXIT
TMCV,TMCV,Consumer Cyclical,Auto Manufacturers,446.75,False,5193.0,False,False,,,False,,EXIT
TRENT,Trent Limited,Consumer Cyclical,Apparel Retail,3107.699951171875,False,1719.65,False,False,-47.95,-44.42,False,17135.0,EXIT
MOTHERSON,Samvardhana Motherson International Limited,Consumer Cyclical,Auto Parts,151.0,True,3859.6800000000003,True,True,46.68,49.98,True,113663.0,ADD
CHOLAFIN,Cholamandalam Investment and Finance Company Limited,Financial Services,Credit Services,1875.0,True,5729.22,True,True,24.03,23.74,True,,ADD
ABB,ABB India Limited,Industrials,Specialty Industrial Machinery,7700.0,False,3042.87,True,True,49.87,47.57,True,13203.0,HOLD
TATACAP,TATACAP,Financial Services,Credit Services,360.6000061035156,True,4306.27,True,True,,,False,,HOLD
ICICIAMC,ICICIAMC,Financial Services,Asset Management,3063.800048828125,False,3479.24,False,False,,,False,4977.0,EXIT
CUMMINSIND,Cummins India Limited,Industrials,Specialty Industrial Machinery,5550.0,False,2268.92,True,True,54.28,51.97,True,10391.0,HOLD
VBL,Varun Beverages Limited,Consumer Defensive,Beverages - Non-Alcoholic,439.0,False,3961.97,True,False,-10.54,-17.31,False,21685.0,EXIT
BSE,BSE Limited,Financial Services,Financial Data & Stock Exchanges,3618.0,False,2496.9799999999996,True,True,42.24,41.87,True,3212.0,HOLD
TECHM,Tech Mahindra Limited,Technology,Information Technology Services,1648.5,False,5081.5,False,True,8.14,8.13,True,53290.0,HOLD
POWERINDIA,Hitachi Energy India Limited,Industrials,Electrical Equipment & Parts,32005.0,False,907.37,False,True,49.63,47.34,True,,HOLD
BHEL,Bharat Heavy Electricals Limited,Industrials,Specialty Industrial Machinery,411.95001220703125,False,2513.08,False,True,69.34,67.0,True,39561.0,HOLD
IDEA,Vodafone Idea Limited,Communication Services,Telecom Services,12.899999618530273,False,69388.3,True,True,104.77,84.97,True,44958.0,HOLD
PFC,Power Finance Corporation Limited,Financial Services,Credit Services,420.0,False,25900.96,True,True,-1.94,-2.12,False,,HOLD
POLYCAB,Polycab India Limited,Industrials,Electrical Equipment & Parts,9176.0,False,2770.92,True,True,31.23,28.98,True,22408.0,HOLD
BPCL,Bharat Petroleum Corporation Limited,Energy,Oil & Gas Refining & Marketing,324.0,False,21524.66,False,False,-9.31,-1.69,False,473187.0,EXIT
CGPOWER,CG Power and Industrial Solutions Limited,Industrials,Electrical Equipment & Parts,880.0499877929688,False,1232.56,False,True,31.51,29.26,True,13632.0,HOLD
SIEMENS,Siemens Limited,Industrials,Specialty Industrial Machinery,4000.5,False,1555.2000000000003,False,True,32.26,30.01,True,22240.0,HOLD
UNIONBANK,Union Bank of India,Financial Services,Banks - Regional,174.0,False,20645.76,False,True,31.54,31.21,True,,HOLD
BRITANNIA,Britannia Industries Limited,Consumer Defensive,Packaged Foods,5478.0,False,2438.9700000000003,True,False,-2.14,-8.97,False,17943.0,EXIT
PNB,Punjab National Bank,Financial Services,Banks - Regional,113.98999786376953,False,19082.13,False,False,5.49,5.28,True,,EXIT
LTM,LTM Limited,Technology,Information Technology Services,4559.0,False,5083.299999999999,False,False,-14.18,-14.04,False,38008.0,EXIT
APOLLOHOSP,Apollo Hospitals Enterprise Limited,Healthcare,Medical Care Facilities,9050.0,True,1854.0,True,True,13.05,20.21,True,21794.0,ADD
BAJAJHLDNG,Bajaj Holdings & Investment Limited,Financial Services,Asset Management,11475.0,False,9636.75,True,True,-20.98,-21.07,False,1702.0,HOLD
BANKBARODA,Bank of Baroda Limited,Financial Services,Banks - Regional,245.0,False,16496.15,False,False,-1.87,-2.04,False,,EXIT
MUTHOOTFIN,Muthoot Finance Limited,Financial Services,Credit Services,2870.0,False,10590.330000000002,True,False,4.23,4.03,True,,HOLD
TMPV,Tata Motors Passenger Vehicles Limited,Consumer Cyclical,Auto Manufacturers,348.54998779296875,False,89363.0,True,False,-53.84,-50.3,False,439695.0,EXIT
LODHA,Lodha Developers Limited,Real Estate,Real Estate - Development,1229.800048828125,False,4011.6000000000004,True,True,12.39,-4.77,False,13780.0,HOLD
TATAPOWER,The Tata Power Company Limited,Utilities,Utilities - Independent Power Producers,380.0,False,3863.26,False,False,4.17,-5.46,False,65478.0,EXIT
BOSCHLTD,Bosch Limited,Consumer Cyclical,Auto Parts,41200.0,True,2773.2,True,True,-6.85,-3.42,False,18087.0,HOLD
GROWW,GROWW,Financial Services,Capital Markets,191.3300018310547,False,2346.6699999999996,False,False,,,False,4061.0,EXIT
SBIFUNDS,SBIFUNDS,Financial Services,Asset Management,569.7000122070312,False,1241.6,False,False,,,False,,EXIT
GAIL,GAIL (India) Limited,Utilities,Utilities - Regulated Gas,175.0,False,8101.85,False,True,6.33,-3.37,False,145668.0,EXIT
HDFCLIFE,HDFC Life Insurance Company Limited,Financial Services,Insurance - Life,535.9500122070312,False,2075.2200000000003,True,False,-31.14,-31.18,False,101482.0,EXIT
CIPLA,Cipla Limited,Healthcare,Drug Manufacturers - Specialty & Generic,1460.0,False,3317.1099999999997,False,True,-14.61,-7.27,False,27548.0,EXIT
IRFC,Indian Railway Finance Corporation Limited,Financial Services,Credit Services,89.5999984741211,False,7159.4,False,False,-34.54,-34.57,False,,EXIT
LLOYDSME,Lloyds Metals and Energy Limited,Basic Materials,Steel,2053.0,True,3680.8400000000006,True,True,38.16,35.59,True,6721.0,ADD
ENRIN,Siemens Energy India Limited,Utilities,Utilities - Renewable,3310.300048828125,False,1309.8,False,True,8.49,-1.26,False,,EXIT
CANBK,Canara Bank,Financial Services,Banks - Regional,128.0,False,18203.559999999998,True,False,15.42,15.16,True,,HOLD
MARICO,Marico Limited,Consumer Defensive,Household & Personal Products,875.0,True,1762.0,True,True,24.35,17.34,True,10831.0,ADD
INDIANB,Indian Bank,Financial Services,Banks - Regional,845.0,False,11952.93,True,False,29.1,28.78,True,,HOLD
ZYDUSLIFE,Zydus Lifesciences Limited,Healthcare,Drug Manufacturers - Specialty & Generic,1130.0,False,4952.299999999999,True,True,7.02,14.22,True,23242.0,HOLD
JINDALSTEL,Jindal Steel Limited,Basic Materials,Steel,1124.0,False,3573.9399999999996,False,True,13.53,11.04,True,53212.0,HOLD
HDFCAMC,HDFC Asset Management Company Limited,Financial Services,Asset Management,2556.0,False,2229.21,False,False,-13.59,-13.71,False,4051.0,EXIT
GMRAIRPORT,GMR Airports Limited,Industrials,Airports & Air Services,106.55999755859375,False,672.86,True,True,15.08,12.87,True,11088.0,HOLD
GVT&D,GE Vernova T&D India Limited,Industrials,Specialty Industrial Machinery,4333.2001953125,False,1120.26,True,True,54.67,52.36,True,4020.0,HOLD
ABCAPITAL,Aditya Birla Capital Limited,Financial Services,Financial Conglomerates,420.0,True,3773.86,False,True,47.6,47.21,True,,HOLD
LUPIN,Lupin Limited,Healthcare,Drug Manufacturers - Specialty & Generic,2410.0,True,4627.4400000000005,True,True,17.28,24.41,True,22708.0,ADD
GODREJCP,Godrej Consumer Products Limited,Consumer Defensive,Household & Personal Products,1058.199951171875,False,1814.0300000000002,False,False,-12.17,-18.93,False,14364.0,EXIT
INDIAMART,IndiaMART InterMESH Limited,Communication Services,Internet Content & Information,1774.800048828125,False,410.75,False,False,-15.14,-33.34,False,1388.0,EXIT
HEROMOTOCO,Hero MotoCorp Limited,Consumer Cyclical,Auto Manufacturers,5548.0,False,5741.7300000000005,True,True,15.31,18.68,True,40923.0,HOLD
UNITDSPR,UNITDSPR,Consumer Defensive,Beverages - Wineries & Distilleries,1525.0,False,1837.0,True,True,17.16,10.2,True,12069.0,HOLD
AMBUJACEM,Ambuja Cements Limited,Basic Materials,Building Materials,436.04998779296875,False,2610.85,False,False,-29.21,-31.59,False,19985.0,EXIT
TATACONSUM,Tata Consumer Products Limited,Consumer Defensive,Packaged Foods,1092.0,False,1564.8200000000002,True,False,5.05,-1.82,False,17618.0,EXIT
MAXHEALTH,Max Healthcare Institute Limited,Healthcare,Medical Care Facilities,1077.0,False,1442.41,True,True,-24.9,-17.5,False,7028.0,HOLD
BHARATFORG,Bharat Forge Limited,Consumer Cyclical,Auto Parts,2195.0,True,1079.65,False,True,79.58,82.8,True,15682.0,HOLD
INDHOTEL,The Indian Hotels Company Limited,Consumer Cyclical,Lodging,750.0,False,2157.36,True,True,-6.9,-3.47,False,8335.0,HOLD
VEDL,Vedanta Limited,Basic Materials,Other Industrial Metals & Mining,269.0,False,21066.0,True,False,-38.94,-41.28,False,152968.0,EXIT
INDUSTOWER,Indus Towers Limited,Communication Services,Telecom Services,390.0,False,7051.400000000001,False,False,27.93,9.15,True,30123.0,EXIT
MANKIND,Mankind Pharma Limited,Healthcare,Drug Manufacturers - Specialty & Generic,2438.0,False,1969.4799999999998,False,True,-18.25,-10.89,False,12207.0,EXIT
JSWENERGY,JSW Energy Limited,Utilities,Utilities - Independent Power Producers,568.0,False,2005.6,True,True,11.83,1.99,True,11745.0,HOLD
LGEINDIA,LGEINDIA,Technology,Consumer Electronics,1542.5,False,1770.3999999999999,False,False,,,False,,EXIT
RECLTD,REC Limited,Financial Services,Credit Services,368.0,False,16085.990000000002,False,True,-9.98,-10.12,False,,EXIT
LAURUSLABS,Laurus Labs Limited,Healthcare,Drug Manufacturers - Specialty & Generic,1850.0,True,1061.42,True,True,104.64,111.19,True,6041.0,ADD
ASHOKLEY,Ashok Leyland Limited,Industrials,Farm & Heavy Construction Machinery,172.0800018310547,False,3471.03,True,True,39.0,36.73,True,48535.0,HOLD
OFSS,Oracle Financial Services Software Limited,Technology,Software - Infrastructure,11600.0,False,3508.7,True,True,31.88,31.73,True,6847.0,HOLD
LENSKART,LENSKART,Healthcare,Medical Instruments & Supplies,567.5,True,552.0400000000001,False,False,,,False,6653.0,EXIT
MAZDOCK,Mazagon Dock Shipbuilders Limited,Industrials,Aerospace & Defense,2389.0,False,2560.52,False,False,-15.15,-17.3,False,11432.0,EXIT
DRREDDY,Dr. Reddy's Laboratories Limited,Healthcare,Drug Manufacturers - Specialty & Generic,1172.5999755859375,False,3311.3999999999996,False,False,-15.25,-7.91,False,32644.0,EXIT
NYKAA,FSN E-Commerce Ventures Limited,Consumer Cyclical,Internet Retail,342.5,False,199.44,False,True,53.96,57.24,True,7950.0,HOLD
SHREECEM,Shree Cement Limited,Basic Materials,Building Materials,26900.0,False,2009.3700000000003,False,True,-13.43,-15.85,False,20404.0,EXIT
AUROPHARMA,Aurobindo Pharma Limited,Healthcare,Drug Manufacturers - Specialty & Generic,1585.9000244140625,True,3559.7700000000004,False,True,34.8,41.81,True,31724.0,HOLD
IDBI,IDBI Bank Limited,Financial Services,Banks - Regional,84.55000305175781,False,8107.52,True,False,-10.97,-11.1,False,,EXIT
FEDERALBNK,The Federal Bank Limited,Financial Services,Banks - Regional,362.45001220703125,True,4609.45,True,True,81.41,80.86,True,,ADD
PERSISTENT,Persistent Systems Limited,Technology,Information Technology Services,5499.0,False,1789.41,True,True,2.55,2.58,True,11939.0,HOLD
PAYTM,One97 Communications Limited,Technology,Software - Infrastructure,1400.0,False,752.0,True,True,26.33,26.22,True,9978.0,HOLD
DIXON,Dixon Technologies (India) Limited,Technology,Consumer Electronics,13988.0,False,1169.46,True,True,-21.54,-21.36,False,38860.0,HOLD
MEESHO,MEESHO,Consumer Cyclical,Internet Retail,191.8800048828125,False,1201.22,True,False,,,False,9390.0,EXIT
HINDPETRO,Hindustan Petroleum Corporation Limited,Energy,Oil & Gas Refining & Marketing,391.5,False,26452.260000000002,True,False,-15.62,-7.83,False,440403.0,EXIT
ICICIGI,ICICI Lombard General Insurance Company Limited,Financial Services,Insurance - Diversified,1644.800048828125,False,2355.57,False,False,-16.75,-16.86,False,,EXIT
BHARTIHEXA,BHARTIHEXA,Communication Services,Telecom Services,1616.800048828125,False,1780.4,False,False,1.77,-16.66,False,,EXIT
NAUKRI,Info Edge (India) Limited,Communication Services,Internet Content & Information,1260.0,False,1449.8200000000002,False,True,6.78,-11.72,False,2850.0,EXIT
HAVELLS,Havells India Limited,Industrials,Electrical Equipment & Parts,1295.0,False,1661.9399999999998,True,False,-15.64,-17.79,False,21778.0,EXIT
NHPC,NHPC Limited,Utilities,Utilities - Renewable,80.5,False,3597.94,False,True,2.37,-7.21,False,10607.0,EXIT
INDUSINDBK,IndusInd Bank Limited,Financial Services,Banks - Regional,1026.0,False,2363.27,False,True,24.27,23.97,True,,HOLD
AUBANK,AU Small Finance Bank Limited,Financial Services,Banks - Regional,1059.0,True,2876.34,True,True,37.5,37.15,True,,ADD
LTF,L&T Finance Limited,Financial Services,Credit Services,317.8999938964844,False,3148.81,True,True,52.61,52.19,True,,HOLD
SRF,SRF Limited,Industrials,Conglomerates,2642.300048828125,False,2205.87,True,False,-14.86,-17.01,False,14870.0,EXIT
WAAREEENER,WAAREEENER,Technology,Solar,2670.0,False,3718.9799999999996,True,False,-17.34,-17.18,False,14444.0,EXIT
COFORGE,Coforge Limited,Technology,Information Technology Services,1749.9000244140625,False,1698.5,True,True,-3.5,-3.43,False,5557.0,HOLD
NTPCGREEN,NTPCGREEN,Utilities,Utilities - Renewable,90.72000122070312,False,668.23,True,False,-8.0,-17.3,False,2210.0,EXIT
NMDC,NMDC Limited,Basic Materials,Steel,84.19999694824219,False,7229.24,False,True,16.11,13.61,True,25965.0,HOLD
DABUR,Dabur India Limited,Consumer Defensive,Household & Personal Products,409.6499938964844,False,2033.3600000000001,True,False,-19.58,-26.29,False,12563.0,EXIT
ICICIPRULI,ICICI Prudential Life Insurance Company Limited,Financial Services,Insurance - Life,513.5499877929688,False,1699.3199999999997,False,False,-19.55,-19.65,False,89683.0,EXIT
SWIGGY,SWIGGY,Consumer Cyclical,Internet Retail,291.0,False,2656.0,True,False,-34.23,-30.73,False,15227.0,EXIT
OIL,Oil India Limited,Energy,Oil & Gas Integrated,450.0,False,6619.9400000000005,False,True,-6.23,1.3,False,36084.0,EXIT
NAM-INDIA,Nippon Life India Asset Management Limited,Financial Services,Asset Management,1202.0,True,1688.44,False,True,44.59,44.21,True,2344.0,HOLD
POLICYBZR,PB Fintech Limited,Financial Services,Insurance Brokers,1597.0,False,704.78,True,False,-13.83,-13.96,False,4977.0,EXIT
IDFCFIRSTB,IDFC First Bank Limited,Financial Services,Banks - Regional,86.0,False,2410.58,False,True,20.69,20.41,True,,HOLD
JSWINFRA,JSW Infrastructure Limited,Industrials,Marine Shipping,329.25,False,1508.7,False,True,6.41,4.22,True,4476.0,HOLD
ASTERDM,Aster DM Quality Care Limited,Healthcare,Medical Care Facilities,834.7000122070312,True,357.15999999999997,False,True,31.79,38.82,True,10253.0,HOLD
ATGL,Adani Total Gas Limited,Utilities,Utilities - Regulated Gas,666.9500122070312,False,633.95,False,True,16.37,6.41,True,5000.0,HOLD
BAJAJHFL,BAJAJHFL,Financial Services,Mortgage Finance,87.11000061035156,False,2632.66,False,False,-27.25,-27.31,False,,EXIT
YESBANK,Yes Bank Limited,Financial Services,Banks - Regional,23.0,False,3919.19,False,True,18.39,18.13,True,,HOLD
FORTIS,Fortis Healthcare Limited,Healthcare,Medical Care Facilities,932.7999877929688,False,1041.78,True,True,-2.66,4.6,False,7783.0,HOLD
TORNTPOWER,Torrent Power Limited,Utilities,Utilities - Independent Power Producers,1341.0,False,2416.4300000000003,False,False,8.32,-1.43,False,29165.0,EXIT
SAIL,Steel Authority of India Limited,Basic Materials,Steel,173.5500030517578,False,4598.13,False,True,37.24,34.68,True,105378.0,HOLD
PRESTIGE,Prestige Estates Projects Limited,Real Estate,Real Estate - Diversified,1595.0,False,1138.9,False,True,11.2,-5.94,False,8315.0,EXIT
BIOCON,Biocon Limited,Healthcare,Biotechnology,422.0,False,385.6,False,True,-0.52,6.73,False,15262.0,EXIT
ALKEM,Alkem Laboratories Limited,Healthcare,Drug Manufacturers - Specialty & Generic,5608.0,False,2301.8,False,True,3.54,10.76,True,12965.0,HOLD
MCX,Multi Commodity Exchange of India Limited,Financial Services,Financial Data & Stock Exchanges,2680.0,False,1134.08,True,True,64.82,64.34,True,1113.0,HOLD
UNOMINDA,Uno Minda Limited,Consumer Cyclical,Auto Parts,1227.0,False,1197.13,True,True,8.5,11.9,True,16775.0,HOLD
PHOENIXLTD,The Phoenix Mills Limited,Real Estate,Real Estate - Diversified,1932.300048828125,False,1216.69,False,True,45.02,27.44,True,3972.0,HOLD
OBEROIRLTY,Oberoi Realty Limited,Real Estate,Real Estate - Development,1778.800048828125,False,2290.68,True,True,24.19,6.88,True,5286.0,HOLD
SUZLON,Suzlon Energy Limited,Industrials,Specialty Industrial Machinery,48.0099983215332,False,2189.17,False,False,-27.65,-29.77,False,20403.0,EXIT
IOB,Indian Overseas Bank,Financial Services,Banks - Regional,34.290000915527344,False,5878.05,True,False,-10.92,-11.05,False,,EXIT
NATIONALUM,National Aluminium Company Limited,Basic Materials,Aluminum,377.0,False,6141.8,True,True,100.57,97.82,True,16788.0,HOLD
SCHAEFFLER,Schaeffler India Limited,Consumer Cyclical,Auto Parts,4055.5,False,1251.32,True,True,-7.12,-3.69,False,9686.0,HOLD
GODREJPROP,Godrej Properties Limited,Real Estate,Real Estate - Development,2033.5999755859375,False,1827.1499999999999,True,True,10.43,-6.7,False,4923.0,HOLD
KALYANKJIL,Kalyan Jewellers India Limited,Consumer Cyclical,Luxury Goods,591.4000244140625,False,1350.3799999999999,True,True,-7.91,-4.48,False,25045.0,HOLD
GLENMARK,Glenmark Pharmaceuticals Limited,Healthcare,Drug Manufacturers - Specialty & Generic,2225.0,False,1361.84,True,True,-3.66,3.6,False,13322.0,HOLD
SBICARD,SBI Cards and Payment Services Limited,Financial Services,Credit Services,658.0,False,2386.34,False,False,-21.75,-21.84,False,,EXIT
BANKINDIA,Bank of India Limited,Financial Services,Banks - Regional,140.44000244140625,False,11032.19,False,False,22.39,22.11,True,,EXIT
GICRE,General Insurance Corporation of India,Financial Services,Insurance - Reinsurance,359.70001220703125,False,9662.380000000001,False,False,-9.62,-9.76,False,50345.0,EXIT
COROMANDEL,Coromandel International Limited,Basic Materials,Agricultural Inputs,2115.5,False,1531.64,False,True,-18.01,-20.41,False,29628.0,EXIT
MAHABANK,Bank of Maharashtra,Financial Services,Banks - Regional,78.41999816894531,False,7371.5599999999995,True,True,38.72,38.36,True,,HOLD
BERGEPAINT,Berger Paints India Limited,Basic Materials,Specialty Chemicals,533.7999877929688,False,1182.6100000000001,True,True,-7.55,-9.98,False,11545.0,HOLD
JSL,Jindal Stainless Limited,Basic Materials,Steel,735.6500244140625,False,3193.45,False,False,-0.13,-2.59,False,39312.0,EXIT
ABBOTINDIA,Abbott India Limited,Healthcare,Drug Manufacturers - Specialty & Generic,27825.0,False,1552.02,False,True,-29.22,-21.78,False,,EXIT
RADICO,Radico Khaitan Limited,Consumer Defensive,Beverages - Wineries & Distilleries,4450.0,True,694.51,True,True,62.65,55.4,True,4843.0,ADD
RBLBANK,RBL Bank Limited,Financial Services,Banks - Regional,380.54998779296875,False,920.8199999999999,False,True,40.15,39.78,True,,HOLD
APARINDS,APAR Industries Limited,Industrials,Electrical Equipment & Parts,15433.0,False,1192.73,True,True,70.86,68.52,True,18581.0,HOLD
LINDEINDIA,Linde India Limited,Basic Materials,Specialty Chemicals,7156.5,False,496.37,False,True,7.32,4.84,True,3136.0,HOLD
HDBFS,HDBFS,Financial Services,Credit Services,678.5499877929688,False,2179.7000000000003,False,False,-12.01,-12.14,False,,EXIT
COLPAL,Colgate-Palmolive (India) Limited,Consumer Defensive,Household & Personal Products,2010.0,False,1340.88,True,False,-7.67,-14.46,False,1960.0,EXIT
MRF,MRF Limited,Consumer Cyclical,Auto Parts,132745.0,False,2420.1899999999996,False,False,-15.08,-11.63,False,28152.0,EXIT
M&MFIN,Mahindra & Mahindra Financial Services Limited,Financial Services,Credit Services,398.6000061035156,True,3216.08,True,True,51.01,50.6,True,,ADD
FACT,The Fertilisers and Chemicals Travancore Limited,Basic Materials,Agricultural Inputs,842.2999877929688,False,146.06,False,False,-11.25,-13.67,False,6198.0,EXIT
TIINDIA,Tube Investments of India Limited,Industrials,Conglomerates,2744.300048828125,False,496.71000000000004,False,False,-6.96,-9.12,False,19465.0,EXIT
MFSL,Max Financial Services Limited,Financial Services,Insurance - Life,1519.300048828125,False,136.67000000000002,False,False,-0.91,-1.09,False,46576.0,EXIT
SUNDARMFIN,Sundaram Finance Limited,Financial Services,Credit Services,4779.2998046875,False,2123.7200000000003,True,False,3.75,3.55,True,,HOLD
MOTILALOFS,Motilal Oswal Financial Services Limited,Financial Services,Capital Markets,861.0,False,3222.4199999999996,True,True,-10.59,-10.73,False,8340.0,HOLD
UPL,UPL Limited,Basic Materials,Agricultural Inputs,581.9000244140625,False,2441.0,False,False,-19.47,-21.87,False,53576.0,EXIT
APLAPOLLO,APL Apollo Tubes Limited,Basic Materials,Steel,1920.0,False,1194.67,True,True,19.91,17.4,True,20690.0,HOLD
VMM,VMM,Consumer Cyclical,Department Stores,111.30000305175781,False,891.9199999999998,True,False,-28.55,-25.07,False,10716.0,EXIT
TATACOMM,Tata Communications Limited,Communication Services,Telecom Services,1778.5,False,952.74,False,True,21.21,2.52,True,23109.0,HOLD
ATHERENERG,Ather Energy Limited,Consumer Cyclical,Auto Manufacturers,1450.4000244140625,True,517.1299999999999,False,True,259.89,262.68,True,,HOLD
THERMAX,Thermax Limited,Industrials,Conglomerates,4015.0,False,593.36,False,True,12.03,9.82,True,10389.0,HOLD
FLUOROCHEM,Gujarat Fluorochemicals Limited,Basic Materials,Specialty Chemicals,4612.7998046875,True,578.0,False,True,30.25,27.71,True,5685.0,HOLD
SONACOMS,Sona BLW Precision Forgings Limited,Consumer Cyclical,Auto Parts,787.0,True,647.88,False,True,70.78,74.02,True,3226.0,HOLD
BALKRISIND,Balkrishna Industries Limited,Consumer Cyclical,Auto Parts,2491.89990234375,False,1420.68,False,True,-10.44,-7.01,False,10447.0,EXIT
KEI,KEI Industries Limited,Industrials,Electrical Equipment & Parts,5500.0,True,941.47,True,True,40.28,38.0,True,9736.0,ADD
HINDCOPPER,Hindustan Copper Limited,Basic Materials,Copper,492.3500061035156,False,918.54,True,True,100.91,98.17,True,2071.0,HOLD
RVNL,Rail Vikas Nigam Limited,Industrials,Engineering & Construction,231.39999389648438,False,874.7199999999999,False,False,-35.98,-38.08,False,21879.0,EXIT
PIRAMALFIN,Piramal Finance Limited,Financial Services,Credit Services,2052.300048828125,False,1636.6,False,False,,,False,12882.0,EXIT
360ONE,360 One Wam Limited,Financial Services,Asset Management,1155.0,False,1231.22,True,True,6.37,6.16,True,3684.0,HOLD
PREMIERENE,PREMIERENE,Technology,Solar,1036.300048828125,False,1434.12,True,True,-2.02,-1.96,False,6519.0,HOLD
BDL,Bharat Dynamics Limited,Industrials,Aerospace & Defense,1265.0,False,420.33000000000004,False,False,-21.82,-23.95,False,,EXIT
AIIL,Authum Investment & Infrastructure Limited,Financial Services,Capital Markets,558.5499877929688,False,2098.14,False,True,-3.48,-3.65,False,,EXIT
ANTHEM,ANTHEM,Healthcare,Biotechnology,819.25,False,575.95,False,True,-1.99,5.27,False,1845.0,EXIT
PAGEIND,Page Industries Limited,Consumer Cyclical,Apparel Manufacturing,39750.0,False,763.8299999999999,False,True,-21.18,-17.71,False,,EXIT
GLAXO,GlaxoSmithKline Pharmaceuticals Limited,Healthcare,Drug Manufacturers - General,2647.0,False,1041.3600000000001,False,True,-18.73,-11.37,False,3749.0,EXIT
AEGISLOG,AEGISLOG,Energy,Oil & Gas Refining & Marketing,1357.9000244140625,True,898.1500000000001,True,True,76.66,81.89,True,8627.0,ADD
MPHASIS,Mphasis Limited,Technology,Information Technology Services,2380.0,False,1883.03,True,False,-17.15,-17.0,False,14230.0,EXIT
GODREJIND,Godrej Industries Limited,Industrials,Conglomerates,1308.800048828125,False,1240.52,True,True,15.42,13.21,True,19657.0,HOLD
IPCALAB,Ipca Laboratories Limited,Healthcare,Drug Manufacturers - Specialty & Generic,1694.699951171875,False,1141.12,False,True,6.6,13.8,True,8897.0,HOLD
SUPREMEIND,The Supreme Industries Limited,Industrials,Building Products & Equipment,3501.0,False,1069.96,True,False,-19.9,-22.04,False,10446.0,EXIT
VOLTAS,Voltas Limited,Consumer Cyclical,"Furnishings, Fixtures & Appliances",1327.699951171875,False,375.88,False,False,-8.11,-4.68,False,15413.0,EXIT
WELCORP,Welspun Corp Limited,Basic Materials,Steel,1736.5999755859375,True,2219.8599999999997,True,True,95.02,92.3,True,17340.0,ADD
AJANTPHARM,Ajanta Pharma Limited,Healthcare,Drug Manufacturers - Specialty & Generic,3525.10009765625,True,1130.03,True,True,22.99,30.08,True,4648.0,ADD
AIAENG,AIA Engineering Limited,Industrials,Specialty Industrial Machinery,4627.0,False,1270.15,True,True,49.42,47.12,True,4909.0,HOLD
PETRONET,Petronet LNG Limited,Energy,Oil & Gas Refining & Marketing,285.0,False,3912.5299999999997,False,True,-10.24,-2.6,False,59899.0,EXIT
JKCEMENT,J.K. Cement Limited,Basic Materials,Building Materials,5492.5,False,1109.43,True,False,-20.27,-22.67,False,11879.0,EXIT
PIIND,PI Industries Limited,Basic Materials,Agricultural Inputs,2785.5,False,1320.8,False,False,-33.96,-36.31,False,7978.0,EXIT
NLCINDIA,NLC India Limited,Utilities,Utilities - Regulated Electric,300.70001220703125,False,3339.04,True,True,29.94,19.61,True,16165.0,HOLD
GLAND,Gland Pharma Limited,Healthcare,Drug Manufacturers - Specialty & Generic,2583.10009765625,False,1030.18,False,True,19.53,26.65,True,5665.0,HOLD
NH,Narayana Hrudayalaya Limited,Healthcare,Medical Care Facilities,1919.4000244140625,False,805.6,False,True,-6.01,1.27,False,3590.0,EXIT
POONAWALLA,Poonawalla Fincorp Limited,Financial Services,Credit Services,469.6499938964844,False,775.32,False,True,5.52,5.31,True,,HOLD
CONCOR,Container Corporation of India Limited,Industrials,Railroads,515.0,False,1242.0,False,True,-12.95,-15.1,False,8887.0,EXIT
CPPLUS,CPPLUS,Industrials,Building Products & Equipment,3499.199951171875,False,390.04,False,True,,,False,3112.0,EXIT
IRCTC,Indian Railway Catering & Tourism Corporation Limited,Consumer Cyclical,Travel Services,510.25,False,1393.45,True,False,-37.23,-33.72,False,4675.0,EXIT
HUDCO,Housing and Urban Development Corporation Limited,Financial Services,Credit Services,203.41000366210938,False,4255.25,False,False,-10.57,-10.71,False,,EXIT
3MINDIA,3M India Limited,Industrials,Conglomerates,35725.0,False,526.45,False,True,15.49,13.27,True,4189.0,HOLD
ASTRAL,Astral Limited,Industrials,Building Products & Equipment,1448.0,False,581.0999999999999,True,False,-0.08,-2.26,False,5832.0,EXIT
NAVINFLUOR,Navin Fluorine International Limited,Basic Materials,Chemicals,7629.0,True,610.14,True,True,48.54,45.94,True,1687.0,ADD
ENDURANCE,Endurance Technologies Limited,Consumer Cyclical,Auto Parts,2838.699951171875,False,951.71,True,True,0.53,3.95,True,8846.0,HOLD
PATANJALI,Patanjali Foods Limited,Consumer Defensive,Packaged Foods,359.8999938964844,False,1656.3000000000002,True,False,-39.03,-45.61,False,34157.0,EXIT
EXIDEIND,Exide Industries Limited,Consumer Cyclical,Auto Parts,458.3500061035156,False,931.6700000000001,False,True,10.27,13.66,True,17238.0,HOLD
HSCL,Himadri Speciality Chemical Limited,Basic Materials,Specialty Chemicals,751.6500244140625,False,804.2,True,True,57.28,54.66,True,4613.0,HOLD
MEDANTA,Global Health Limited,Healthcare,Medical Care Facilities,1435.0999755859375,True,556.1800000000001,False,True,-2.54,4.72,False,3692.0,EXIT
LTTS,L&T Technology Services Limited,Technology,Information Technology Services,3502.0,False,1307.0,False,False,-21.72,-21.54,False,10670.0,EXIT
UBL,United Breweries Limited,Consumer Defensive,Beverages - Brewers,1434.0999755859375,False,464.21999999999997,False,False,-23.0,-29.68,False,8915.0,EXIT
COCHINSHIP,Cochin Shipyard Limited,Industrials,Aerospace & Defense,1430.0,False,716.51,False,False,-19.4,-21.54,False,4820.0,EXIT
EMCURE,EMCURE,Healthcare,Drug Manufacturers - Specialty & Generic,1978.0999755859375,True,924.3499999999999,True,True,29.52,36.57,True,7896.0,ADD
DELHIVERY,Delhivery Limited,Industrials,Integrated Freight & Logistics,482.0,False,275.6,True,True,2.98,0.79,True,8932.0,HOLD
KPRMILL,K.P.R. Mill Limited,Consumer Cyclical,Textile Manufacturing,1057.300048828125,False,853.02,True,True,-6.33,-2.91,False,6388.0,HOLD
PWL,Physicswallah Limited,Consumer Defensive,Education & Training Services,126.12999725341797,False,588.95,False,False,,,False,2887.0,EXIT
STARHEALTH,Star Health and Allied Insurance Company Limited,Financial Services,Insurance - Life,587.7000122070312,False,1227.47,False,True,31.71,31.38,True,,HOLD
MANAPPURAM,Manappuram Finance Limited,Financial Services,Credit Services,356.6000061035156,True,974.5699999999999,False,True,31.72,31.39,True,,HOLD
BLUESTARCO,Blue Star Limited,Industrials,Building Products & Equipment,1685.0,False,622.31,True,False,-4.59,-6.76,False,11968.0,EXIT
ANANDRATHI,Anand Rathi Wealth Limited,Financial Services,Asset Management,2034.0,False,365.66999999999996,False,True,50.33,49.92,True,1107.0,HOLD
TATAINVEST,Tata Investment Corporation Limited,Financial Services,Asset Management,677.5999755859375,False,323.24,False,False,-6.34,-6.5,False,385.0,EXIT
HEXT,Hexaware Technologies Limited,Technology,Information Technology Services,554.9500122070312,False,1353.3,False,False,-25.56,-25.36,False,13430.0,EXIT
ESCORTS,Escorts Kubota Limited,Industrials,Farm & Heavy Construction Machinery,3101.199951171875,False,2394.35,True,False,-10.1,-12.26,False,10244.0,EXIT
ITCHOTELS,ITCHOTELS,Consumer Cyclical,Resorts & Casinos,165.4499969482422,False,731.27,True,False,-34.95,-31.45,False,3560.0,EXIT
DALBHARAT,Dalmia Bharat Limited,Basic Materials,Building Materials,1827.0,False,697.0,False,False,-19.18,-21.58,False,14691.0,EXIT
HONAUT,Honeywell Automation India Limited,Industrials,Electrical Equipment & Parts,38190.0,False,556.1999999999999,False,True,-1.41,-3.59,False,,EXIT
IREDA,Indian Renewable Energy Development Agency Limited,Financial Services,Credit Services,120.3499984741211,False,1826.22,False,False,-22.25,-22.33,False,,EXIT
GODFRYPHLP,Godfrey Phillips India Limited,Consumer Defensive,Tobacco,2336.89990234375,False,1419.4199999999998,True,False,-18.87,-25.59,False,5611.0,EXIT
KARURVYSYA,The Karur Vysya Bank Limited,Financial Services,Banks - Regional,341.45001220703125,True,2692.0699999999997,False,True,52.23,51.81,True,,HOLD
NUVAMA,Nuvama Wealth Management Limited,Financial Services,Asset Management,1694.199951171875,False,828.74,False,True,19.78,19.5,True,4162.0,HOLD
UCOBANK,UCO Bank,Financial Services,Banks - Regional,26.329999923706055,False,2816.74,False,False,-12.68,-12.81,False,,EXIT
SCHNEIDER,Schneider Electric Infrastructure Limited,Industrials,Electrical Equipment & Parts,1333.9000244140625,False,212.56,False,True,27.87,25.62,True,,HOLD
KIMS,Krishna Institute of Medical Sciences Limited,Healthcare,Medical Care Facilities,795.9000244140625,False,241.4,False,True,-4.38,2.9,False,3035.0,EXIT
AEGISVOPAK,AEGISVOPAK,Energy,Oil & Gas Equipment & Services,296.1499938964844,True,231.81,False,True,6.81,13.98,True,621.0,HOLD
CRISIL,CRISIL Limited,Financial Services,Financial Data & Stock Exchanges,4357.2001953125,False,862.79,True,True,-21.21,-21.3,False,3649.0,HOLD
KIRLOSENG,Kirloskar Oil Engines Limited,Industrials,Specialty Industrial Machinery,2273.89990234375,False,574.32,True,True,156.18,153.64,True,6349.0,HOLD
WOCKPHARMA,Wockhardt Limited,Healthcare,Drug Manufacturers - Specialty & Generic,2022.5999755859375,False,340.0,False,True,17.4,24.53,True,4830.0,HOLD
LALPATHLAB,Dr. Lal PathLabs Limited,Healthcare,Diagnostics & Research,1889.4000244140625,False,391.3,False,True,11.1,18.27,True,2461.0,HOLD
IKS,IKS,Healthcare,Health Information Services,1845.9000244140625,False,688.6400000000001,False,True,6.79,13.99,True,973.0,HOLD
CUPID,Cupid Limited,Consumer Defensive,Household & Personal Products,237.99000549316406,True,108.23,True,True,618.39,607.43,True,183.0,ADD
TATATECH,Tata Technologies Limited,Technology,Information Technology Services,762.5499877929688,False,561.8399999999999,False,True,6.24,6.25,True,5168.0,HOLD
GRSE,Garden Reach Shipbuilders & Engineers Limited,Industrials,Aerospace & Defense,2546.89990234375,False,535.2,False,False,-4.42,-6.59,False,,EXIT
MRPL,Mangalore Refinery and Petrochemicals Limited,Energy,Oil & Gas Refining & Marketing,169.63999938964844,False,2784.1899999999996,False,True,23.31,30.02,True,109026.0,HOLD
TVSHLTD,TVS Holdings Limited,Consumer Cyclical,Auto Parts,14790.0,False,1863.0700000000002,True,True,16.09,19.47,True,44993.0,HOLD
HFCL,HFCL Limited,Technology,Communication Equipment,202.77999877929688,False,536.96,False,True,167.69,166.71,True,4743.0,HOLD
RRKABEL,R R Kabel Limited,Industrials,Electrical Equipment & Parts,2641.10009765625,True,581.1,False,True,103.1,100.68,True,7618.0,HOLD
ABSLAMC,Aditya Birla Sun Life AMC Limited,Financial Services,Asset Management,995.5999755859375,False,1043.23,False,True,11.87,11.64,True,1955.0,HOLD
JUBLFOOD,Jubilant FoodWorks Limited,Consumer Cyclical,Restaurants,465.0,False,428.48,True,False,-35.46,-31.96,False,6105.0,EXIT
CHOLAHLDNG,Cholamandalam Financial Holdings Limited,Financial Services,Credit Services,1545.9000244140625,False,2441.29,True,False,-18.67,-18.76,False,,EXIT
LICHSGFIN,LIC Housing Finance Limited,Financial Services,Mortgage Finance,512.0,False,5753.3,True,False,-16.9,-17.0,False,,EXIT
SHYAMMETL,Shyam Metalics and Energy Limited,Basic Materials,Steel,1019.7999877929688,True,1123.1599999999999,False,True,3.15,0.68,True,15138.0,HOLD
STLTECH,Sterlite Technologies Limited,Technology,Communication Equipment,604.4500122070312,False,283.0,False,True,408.02,405.55,True,6925.0,HOLD
NIACL,The New India Assurance Company Limited,Financial Services,Insurance - Diversified,171.77000427246094,False,1254.58,False,True,-11.89,-12.02,False,43354.0,EXIT
METROBRAND,Metro Brands Limited,Consumer Cyclical,Apparel Retail,1040.699951171875,False,438.26,False,False,-19.61,-16.15,False,2450.0,EXIT
BANDHANBNK,Bandhan Bank Limited,Financial Services,Banks - Regional,173.60000610351562,False,1613.36,False,True,-0.13,-0.31,False,,EXIT
CENTRALBK,Central Bank of India,Financial Services,Banks - Regional,31.229999542236328,False,4615.120000000001,True,False,-16.77,-16.88,False,,EXIT
SAILIFE,SAILIFE,Healthcare,Diagnostics & Research,1366.4000244140625,True,353.34999999999997,True,True,59.16,66.01,True,1642.0,ADD
PGHH,Procter & Gamble Hygiene and Health Care Limited,Consumer Defensive,Household & Personal Products,8639.5,False,790.7199999999999,False,False,-33.52,-40.14,False,,EXIT
CDSL,Central Depository Services (India) Limited,Financial Services,Capital Markets,1340.0,False,416.23,False,False,-18.31,-18.41,False,1082.0,EXIT
ZFCVINDIA,ZF Commercial Vehicle Control Systems India Limited,Consumer Cyclical,Auto Parts,2555.60009765625,False,390.97,False,True,7.81,11.2,True,3831.0,HOLD
PNBHOUSING,PNB Housing Finance Limited,Financial Services,Mortgage Finance,1080.0,False,2260.03,True,True,35.44,35.1,True,,HOLD
ANGELONE,Angel One Limited,Financial Services,Capital Markets,300.3500061035156,False,820.3,False,True,10.91,10.68,True,5239.0,HOLD
APOLLOTYRE,Apollo Tyres Limited,Consumer Cyclical,Auto Parts,438.3500061035156,False,1372.42,False,False,-7.76,-4.33,False,26123.0,EXIT
SJVN,SJVN Limited,Utilities,Utilities - Renewable,69.0,False,877.85,False,False,-20.54,-29.51,False,3072.0,EXIT
MSUMI,Motherson Sumi Wiring India Limited,Consumer Cyclical,Auto Parts,39.75,False,624.77,False,False,-3.1,0.32,False,9319.0,EXIT
ITI,ITI Limited,Technology,Communication Equipment,282.6000061035156,False,518.4399999999999,False,False,-7.12,-7.03,False,3616.0,EXIT
PTCIL,PTC Industries Limited,Industrials,Metal Fabrication,18099.0,False,101.55999999999999,True,True,20.82,18.59,True,308.0,HOLD
SYRMA,Syrma SGS Technology Limited,Technology,Electronic Components,1421.5999755859375,True,368.11,False,True,91.76,91.24,True,3787.0,HOLD
AMBER,Amber Enterprises India Limited,Consumer Cyclical,"Furnishings, Fixtures & Appliances",7395.0,False,381.06,True,True,-14.17,-10.73,False,6744.0,HOLD
PPLPHARMA,Piramal Pharma Limited,Healthcare,Drug Manufacturers - Specialty & Generic,202.5,False,296.1,True,True,-7.08,0.21,False,9151.0,HOLD
IIFL,IIFL Finance Limited,Financial Services,Credit Services,607.6500244140625,False,1959.56,True,True,31.85,31.52,True,,HOLD
CRAFTSMAN,Craftsman Automation Limited,Consumer Cyclical,Auto Parts,10175.0,True,464.94000000000005,False,True,46.58,49.89,True,5690.0,HOLD
NETWEB,Netweb Technologies India Limited,Technology,Computer Hardware,4762.2001953125,False,229.22,False,True,103.65,103.05,True,,HOLD
GUJENERGY,Gujarat Energy Limited,Utilities,Utilities - Regulated Gas,278.8500061035156,False,1225.5299999999997,False,False,-28.66,-37.4,False,,EXIT
ACMESOLAR,ACME Solar Holdings Limited,Utilities,Utilities - Renewable,381.6499938964844,True,619.1899999999999,False,True,45.11,34.37,True,1777.0,HOLD
NBCC,NBCC (India) Limited,Industrials,Engineering & Construction,94.83999633789062,False,720.04,True,False,-15.91,-18.06,False,12039.0,EXIT
GABRIEL,Gabriel India Limited,Consumer Cyclical,Auto Parts,1530.800048828125,True,297.65999999999997,True,True,41.82,45.14,True,4063.0,ADD
CREDITACC,CreditAccess Grameen Limited,Financial Services,Credit Services,1557.5999755859375,False,1145.22,False,True,22.53,22.25,True,,HOLD
KAYNES,Kaynes Technology India Limited,Technology,Electronic Components,3875.0,False,358.67,True,False,-42.4,-42.09,False,2722.0,EXIT
ACC,ACC Limited,Basic Materials,Building Materials,1384.699951171875,False,1164.46,False,False,-23.89,-26.28,False,22210.0,EXIT
SUMICHEM,Sumitomo Chemical India Limited,Basic Materials,Agricultural Inputs,511.8999938964844,False,580.03,True,True,-20.97,-23.37,False,3511.0,HOLD
ACUTAAS,Acutaas Chemicals Limited,Basic Materials,Specialty Chemicals,3224.300048828125,False,214.73,False,True,142.72,139.86,True,990.0,HOLD
REDINGTON,Redington Limited,Technology,Information Technology Services,349.6000061035156,True,1588.37,True,True,35.33,35.16,True,99334.0,ADD
GILLETTE,Gillette India Limited,Consumer Defensive,Household & Personal Products,7662.0,False,430.34000000000003,False,False,-24.32,-31.0,False,,EXIT
RUBICON,RUBICON,Healthcare,Drug Manufacturers - General,1516.4000244140625,True,223.89,False,False,,,False,1284.0,EXIT
AWL,AWL Agri Business Limited,Consumer Defensive,Packaged Foods,190.58999633789062,False,1147.61,False,False,-22.87,-29.56,False,63672.0,EXIT
NEULANDLAB,Neuland Laboratories Limited,Healthcare,Drug Manufacturers - Specialty & Generic,19273.0,True,363.98999999999995,True,True,36.68,43.68,True,1559.0,ADD
IRB,IRB Infrastructure Developers Limited,Industrials,Infrastructure Operations,20.1299991607666,False,954.1399999999999,False,False,-12.48,-14.64,False,7613.0,EXIT
DATAPATTNS,Data Patterns (India) Limited,Industrials,Aerospace & Defense,4554.7001953125,False,267.93,False,True,66.54,64.21,True,,HOLD
TIMKEN,Timken India Limited,Industrials,Tools & Accessories,3231.89990234375,False,507.39000000000004,True,False,3.1,0.91,True,3194.0,HOLD
FORCEMOT,Force Motors Limited,Consumer Cyclical,Auto Manufacturers,18378.0,False,1251.8600000000001,True,False,0.98,4.39,True,8072.0,HOLD
GODIGIT,GODIGIT,Financial Services,Insurance - Property & Casualty,263.29998779296875,False,514.23,False,False,-30.51,-30.55,False,,EXIT
CEMPRO,Cemindia Projects Limited,Industrials,Engineering & Construction,1329.800048828125,False,631.12,True,True,70.39,68.05,True,9097.0,HOLD
GRINDWELL,Grindwell Norton Limited,Industrials,Building Products & Equipment,2094.5,False,423.87,True,True,38.27,36.0,True,2737.0,HOLD
BELRISE,BELRISE,Consumer Cyclical,Auto Parts,240.33999633789062,True,496.84999999999997,False,True,61.0,64.26,True,8291.0,HOLD
TATAELXSI,Tata Elxsi Limited,Technology,Software - Application,3737.0,False,644.21,True,False,-41.97,-41.67,False,849.0,EXIT
DEEPAKNTR,Deepak Nitrite Limited,Basic Materials,Chemicals,1717.699951171875,False,550.44,False,True,-6.68,-9.12,False,8282.0,EXIT
ANANTRAJ,Anant Raj Limited,Real Estate,Real Estate - Development,630.4000244140625,False,554.85,True,True,25.78,8.45,True,2060.0,HOLD
CGCL,Capri Global Capital Limited,Financial Services,Credit Services,228.67999267578125,False,1066.5400000000002,True,True,16.91,16.65,True,,HOLD
ASAHIINDIA,Asahi India Glass Limited,Consumer Cyclical,Auto Parts,898.0,False,380.55999999999995,True,False,1.13,4.54,True,4594.0,HOLD
AFFLE,Affle 3i Limited,Communication Services,Advertising Agencies,1683.300048828125,False,447.39,True,True,2.77,-15.67,False,2266.0,HOLD
PFOCUS,Prime Focus Limited,Communication Services,Entertainment,302.79998779296875,False,218.75,False,True,112.78,92.87,True,4644.0,HOLD
KIOCL,KIOCL Limited,Basic Materials,Steel,391.29998779296875,False,126.47,False,True,-0.88,-3.33,False,3006.0,EXIT
PFIZER,Pfizer Limited,Healthcare,Drug Manufacturers - General,4862.10009765625,False,735.15,True,True,-13.9,-6.56,False,678.0,HOLD
KPIL,Kalpataru Projects International Limited,Industrials,Engineering & Construction,1279.699951171875,False,1025.41,True,True,12.35,10.14,True,22316.0,HOLD
EMMVEE,EMMVEE,Technology,Solar,323.5,False,1274.17,False,False,,,False,2336.0,EXIT
CESC,CESC Limited,Utilities,Utilities - Regulated Electric,164.75999450683594,False,1485.0,True,False,6.66,-3.04,False,9584.0,EXIT
AADHARHFC,AADHARHFC,Financial Services,Mortgage Finance,492.79998779296875,False,1095.88,False,True,-4.93,-5.09,False,,EXIT
RAMCOCEM,The Ramco Cements Limited,Basic Materials,Building Materials,945.9000244140625,False,648.7199999999999,False,False,-20.48,-22.88,False,9376.0,EXIT
IGL,Indraprastha Gas Limited,Utilities,Utilities - Regulated Gas,153.92999267578125,False,1549.6299999999999,False,False,-20.0,-28.98,False,14928.0,EXIT
SANSERA,Sansera Engineering Limited,Consumer Cyclical,Auto Parts,3508.699951171875,True,324.09000000000003,True,True,162.03,165.05,True,3017.0,ADD
FSL,Firstsource Solutions Limited,Technology,Information Technology Services,330.70001220703125,False,655.5799999999999,True,True,-7.56,-7.47,False,7980.0,HOLD
IFCI,IFCI Limited,Financial Services,Credit Services,75.9000015258789,False,211.35000000000002,False,True,28.5,28.19,True,,HOLD
SUNDRMFAST,Sundram Fasteners Limited,Consumer Cyclical,Auto Parts,992.8499755859375,False,564.75,True,True,-4.75,-1.33,False,5955.0,HOLD
CUB,City Union Bank Limited,Financial Services,Banks - Regional,201.47000122070312,False,1074.29,False,False,20.45,20.17,True,,EXIT
EIHOTEL,EIH Limited,Consumer Cyclical,Lodging,327.1000061035156,False,628.28,False,False,-20.44,-16.98,False,2743.0,EXIT
GRANULES,Granules India Limited,Healthcare,Drug Manufacturers - Specialty & Generic,825.7000122070312,False,662.35,True,True,71.47,78.24,True,4512.0,HOLD
AETHER,Aether Industries Limited,Basic Materials,Specialty Chemicals,1578.300048828125,True,235.20000000000002,True,True,104.51,101.76,True,839.0,ADD
SAGILITY,Sagility Limited,Healthcare,Health Information Services,44.09000015258789,False,890.76,True,False,-14.21,-6.88,False,5570.0,EXIT
CARBORUNIV,Carborundum Universal Limited,Industrials,Conglomerates,1078.5,False,184.54000000000002,False,True,16.14,13.92,True,2828.0,HOLD
ASTRAZEN,AstraZeneca Pharma India Limited,Healthcare,Drug Manufacturers - Specialty & Generic,8210.5,False,187.51999999999998,False,False,-19.34,-11.97,False,,EXIT
SUNTV,Sun TV Network Limited,Communication Services,Broadcasting,502.3500061035156,False,1439.5100000000002,False,False,3.66,-14.8,False,4282.0,EXIT
HBLENGINE,HBLENGINE,Industrials,Electrical Equipment & Parts,729.2000122070312,False,814.89,True,False,18.13,15.91,True,2209.0,HOLD
ATUL,Atul Ltd,Basic Materials,Specialty Chemicals,6793.5,False,743.96,True,True,2.08,-0.38,False,5075.0,HOLD
CAMS,Computer Age Management Services Limited,Technology,Information Technology Services,809.4000244140625,False,361.06000000000006,False,True,2.88,2.91,True,1334.0,HOLD
HATSUN,Hatsun Agro Product Limited,Consumer Defensive,Packaged Foods,891.4000244140625,False,380.34999999999997,True,False,1.77,-5.08,False,8700.0,EXIT
DEEPAKFERT,Deepak Fertilisers And Petrochemicals Corporation Limited,Basic Materials,Chemicals,1599.0999755859375,False,1014.09,True,True,2.31,-0.15,False,4243.0,HOLD
SHRIPISTON,SPR Auto Technologies Limited,Consumer Cyclical,Auto Parts,4402.7001953125,True,559.5,True,True,75.99,79.22,True,3550.0,ADD
GESHIP,The Great Eastern Shipping Company Limited,Industrials,Marine Shipping,1434.9000244140625,False,2942.52,True,True,52.88,50.58,True,4835.0,HOLD
CAPLIPOINT,Caplin Point Laboratories Limited,Healthcare,Drug Manufacturers - Specialty & Generic,2571.89990234375,True,629.36,True,True,17.29,24.41,True,1937.0,ADD
TRITURBINE,Triveni Turbine Limited,Industrials,Specialty Industrial Machinery,618.7999877929688,False,349.7,True,True,3.38,1.19,True,2006.0,HOLD
BAYERCROP,Bayer CropScience Limited,Basic Materials,Agricultural Inputs,4331.0,False,689.2,True,False,-31.98,-34.34,False,727.0,EXIT
BRIGADE,Brigade Enterprises Limited,Real Estate,Real Estate - Development,580.2000122070312,False,481.89,False,False,-8.22,-25.12,False,5074.0,EXIT
URBANCO,Urban Company Limited,Technology,Software - Application,141.88999938964844,False,192.2,False,True,,,False,1144.0,EXIT
KAJARIACER,Kajaria Ceramics Limited,Industrials,Building Products & Equipment,1197.800048828125,False,394.96999999999997,False,True,-0.78,-2.96,False,4635.0,EXIT
ERIS,Eris Lifesciences Limited,Healthcare,Drug Manufacturers - Specialty & Generic,1373.0,False,643.9100000000001,False,False,-34.96,-27.48,False,2894.0,EXIT
CHENNPETRO,Chennai Petroleum Corporation Limited,Energy,Oil & Gas Refining & Marketing,1325.699951171875,True,3494.89,True,True,95.91,100.61,True,76271.0,ADD
SAMMAANCAP,Sammaan Capital Limited,Financial Services,Mortgage Finance,160.27999877929688,False,9073.83,True,True,23.33,23.04,True,,HOLD
ONESOURCE,ONESOURCE,Healthcare,Biotechnology,1530.5999755859375,False,128.78,True,False,-31.27,-23.82,False,1445.0,EXIT
JYOTICNC,Jyoti CNC Automation Limited,Industrials,Specialty Industrial Machinery,847.9000244140625,False,336.0,True,True,-19.14,-21.28,False,1818.0,HOLD
ZYDUSWELL,Zydus Wellness Limited,Consumer Defensive,Packaged Foods,550.2000122070312,False,501.70000000000005,True,True,37.22,30.13,True,2709.0,HOLD
CHOICEIN,Choice International Limited,Financial Services,Capital Markets,824.7999877929688,True,225.57000000000002,True,True,6.22,6.01,True,921.0,ADD
CASTROLIND,Castrol India Limited,Energy,Oil & Gas Refining & Marketing,187.05999755859375,False,964.3100000000001,False,True,-26.53,-18.43,False,,EXIT
SARDAEN,Sarda Energy & Minerals Limited,Basic Materials,Steel,509.3999938964844,False,1105.9,True,False,-4.02,-6.46,False,4643.0,EXIT
ELGIEQUIP,Elgi Equipments Limited,Industrials,Specialty Industrial Machinery,591.2000122070312,False,430.20000000000005,True,True,3.53,1.34,True,3510.0,HOLD
GMDCLTD,Gujarat Mineral Development Corporation Limited,Energy,Thermal Coal,556.0,False,956.67,False,False,25.82,32.46,True,3498.0,EXIT
JSWCEMENT,JSWCEMENT,Basic Materials,Building Materials,131.91000366210938,False,634.0699999999999,True,True,,,False,6002.0,HOLD
CHALET,Chalet Hotels Limited,Consumer Cyclical,Lodging,825.6500244140625,False,576.38,True,False,-15.11,-11.66,False,1718.0,EXIT
CENTURYPLY,Century Plyboards (India) Limited,Basic Materials,Lumber & Wood Production,769.5,False,262.71,False,True,0.94,-1.52,False,4528.0,EXIT
AARTIIND,Aarti Industries Limited,Basic Materials,Specialty Chemicals,481.75,False,468.0,False,True,20.82,18.3,True,7271.0,HOLD
ASTRAMICRO,Astra Microwave Products Limited,Technology,Communication Equipment,1835.4000244140625,True,192.96000000000004,True,True,88.55,88.05,True,1044.0,ADD
TDPOWERSYS,TD Power Systems Limited,Industrials,Specialty Industrial Machinery,1127.5,False,231.6,True,True,119.0,116.54,True,1279.0,HOLD
MTARTECH,MTAR Technologies Limited,Industrials,Specialty Industrial Machinery,6312.5,False,140.01,True,True,335.41,332.47,True,676.0,HOLD
CHAMBLFERT,Chambal Fertilisers and Chemicals Limited,Basic Materials,Agricultural Inputs,454.6000061035156,False,1828.24,True,True,-15.79,-18.2,False,27773.0,HOLD
PGEL,PG Electroplast Limited,Technology,Electronic Components,612.0,False,196.56,False,True,-26.3,-26.09,False,4870.0,EXIT
EMAMILTD,Emami Limited,Consumer Defensive,Household & Personal Products,391.79998779296875,False,775.27,False,False,-32.94,-39.56,False,3809.0,EXIT
ABDL,ABDL,Consumer Defensive,Beverages - Wineries & Distilleries,622.8499755859375,False,213.23000000000002,True,True,21.12,14.13,True,3520.0,HOLD
INOXINDIA,INOX India Limited,Industrials,Specialty Industrial Machinery,1901.4000244140625,False,262.57,False,True,60.53,58.21,True,1296.0,HOLD
POLYMED,Poly Medicure Limited,Healthcare,Medical Instruments & Supplies,1724.5,False,320.89000000000004,False,True,-25.0,-17.59,False,1669.0,EXIT
LMW,LMW Limited,Industrials,Specialty Industrial Machinery,16064.0,False,145.34,False,True,3.01,0.82,True,4719.0,HOLD
J&KBANK,Jammu and Kashmir Bank Limited,Financial Services,Banks - Regional,157.80999755859375,False,2293.38,False,True,50.4,49.99,True,,HOLD
TATACHEM,Tata Chemicals Limited,Basic Materials,Chemicals,668.2999877929688,False,2494.0,False,False,-32.61,-34.97,False,17204.0,EXIT
TRAVELFOOD,TRAVELFOOD,Consumer Cyclical,Restaurants,1366.0999755859375,True,452.1,False,True,27.31,30.66,True,1688.0,HOLD
OLAELEC,OLAELEC,Consumer Cyclical,Auto Manufacturers,38.56999969482422,False,2285.0,True,True,-12.65,-9.21,False,5010.0,HOLD
DIACABS,Diamond Power Infrastructure Limited,Industrials,Specialty Industrial Machinery,316.3999938964844,False,158.17000000000002,True,True,90.12,87.73,True,3153.0,HOLD
ECLERX,eClerx Services Limited,Technology,Information Technology Services,1919.199951171875,False,523.02,True,True,-9.83,-9.72,False,3366.0,HOLD
VTL,Vardhman Textiles Limited,Consumer Cyclical,Textile Manufacturing,598.0499877929688,False,868.05,False,True,36.5,39.82,True,10137.0,HOLD
MEDPLUS,MedPlus Health Services Limited,Healthcare,Pharmaceutical Retailers,684.0499877929688,False,197.32999999999998,False,False,-36.71,-29.23,False,6136.0,EXIT
CROMPTON,Crompton Greaves Consumer Electricals Limited,Consumer Cyclical,"Furnishings, Fixtures & Appliances",263.1000061035156,False,924.01,True,True,-26.67,-23.2,False,7028.0,HOLD
ARE&M,Amara Raja Energy & Mobility Limited,Industrials,Electrical Equipment & Parts,921.0,False,780.8499999999999,False,True,-5.28,-7.45,False,12846.0,EXIT
GRWRHITECH,Garware Hi-Tech Films Limited,Basic Materials,Specialty Chemicals,7326.0,True,338.22999999999996,True,True,118.01,115.22,True,2109.0,ADD
RATNAMANI,Ratnamani Metals & Tubes Limited,Basic Materials,Steel,2374.300048828125,False,482.54,False,False,-6.46,-8.89,False,5186.0,EXIT
THELEELA,Leela Palaces Hotels & Resorts Limited,Consumer Cyclical,Lodging,500.1000061035156,True,445.92999999999995,True,True,10.56,13.94,True,1301.0,ADD
MINDACORP,Minda Corporation Limited,Consumer Cyclical,Auto Parts,722.2000122070312,True,327.65,True,True,38.55,41.87,True,5056.0,ADD
PSB,Punjab & Sind Bank,Financial Services,Banks - Regional,23.8700008392334,False,1358.92,False,False,-21.15,-21.23,False,,EXIT
NATCOPHARM,NATCO Pharma Limited,Healthcare,Drug Manufacturers - Specialty & Generic,917.0,False,1418.5,False,False,-12.85,-5.52,False,4430.0,EXIT
JINDALSAW,Jindal Saw Limited,Basic Materials,Steel,264.3999938964844,False,821.46,False,True,24.49,21.96,True,20958.0,HOLD
TBOTEK,TBOTEK,Consumer Cyclical,Travel Services,1603.199951171875,False,260.12,False,True,7.66,11.06,True,1737.0,HOLD
KPITTECH,KPIT Technologies Limited,Technology,Software - Infrastructure,625.5999755859375,False,582.62,False,False,-52.6,-52.22,False,5842.0,EXIT
COHANCE,COHANCE,Healthcare,Drug Manufacturers - Specialty & Generic,424.8999938964844,False,179.17,False,False,-66.99,-59.3,False,1340.0,EXIT
THANGAMAYL,Thangamayil Jewellery Limited,Consumer Cyclical,Luxury Goods,4717.5,False,378.23999999999995,False,True,141.01,144.09,True,,HOLD
KFINTECH,KFin Technologies Limited,Technology,Software - Application,948.9500122070312,False,325.61,True,False,-19.36,-19.19,False,1056.0,EXIT
FIVESTAR,Five-Star Business Finance Limited,Financial Services,Credit Services,544.75,False,1084.02,False,True,-13.45,-13.57,False,,EXIT
NIVABUPA,Niva Bupa Health Insurance Company Limited,Financial Services,Insurance - Life,87.30999755859375,False,642.01,False,True,3.04,2.85,True,,HOLD
BIKAJI,Bikaji Foods International Limited,Consumer Defensive,Packaged Foods,647.9000244140625,False,258.27,False,False,-9.91,-16.68,False,2622.0,EXIT
PINELABS,PINELABS,Technology,Software - Infrastructure,151.19000244140625,False,126.11000000000001,True,False,,,False,2274.0,EXIT
DCMSHRIRAM,DCM Shriram Limited,Industrials,Conglomerates,1026.699951171875,False,1388.1600000000003,True,False,-26.95,-29.07,False,12077.0,EXIT
KANSAINER,Kansai Nerolac Paints Limited,Basic Materials,Specialty Chemicals,198.9199981689453,False,563.0,False,False,-19.7,-22.1,False,7823.0,EXIT
GPIL,Godawari Power & Ispat Limited,Basic Materials,Steel,244.7100067138672,False,800.74,False,False,23.49,20.97,True,5745.0,EXIT
BASF,BASF India Limited,Basic Materials,Specialty Chemicals,3947.10009765625,False,420.1,False,True,-18.29,-20.7,False,15260.0,EXIT
ABREL,Aditya Birla Real Estate Limited,Real Estate,Real Estate Services,1424.0999755859375,False,240.17,False,False,-13.21,-30.04,False,7645.0,EXIT
NAVA,Nava Limited,Industrials,Conglomerates,571.7000122070312,False,786.66,False,False,-9.21,-11.38,False,3984.0,EXIT
APLLTD,Alembic Pharmaceuticals Limited,Healthcare,Drug Manufacturers - Specialty & Generic,809.4000244140625,False,646.9399999999999,False,True,-27.37,-19.94,False,6672.0,EXIT
CLEANMAX,CLEANMAX,Utilities,Utilities - Renewable,1326.699951171875,False,77.43,False,False,,,False,2776.0,EXIT
HAPPYFORGE,HAPPYFORGE,Industrials,Metal Fabrication,1703.4000244140625,True,295.81,False,True,78.04,75.68,True,1409.0,HOLD
JBMA,JBM Auto Limited,Consumer Cyclical,Auto Parts,659.7000122070312,False,208.35000000000002,True,True,-2.08,1.34,False,5472.0,HOLD
SYNGENE,Syngene International Limited,Healthcare,Diagnostics & Research,410.20001220703125,False,258.6,False,False,-53.02,-45.42,False,3373.0,EXIT
CIEINDIA,CIE Automotive India Limited,Consumer Cyclical,Auto Parts,410.6000061035156,False,892.8199999999999,False,False,-5.94,-2.51,False,9406.0,EXIT
RAINBOW,Rainbow Children's Medicare Limited,Healthcare,Medical Care Facilities,1579.0,False,285.39,False,True,-5.83,1.45,False,1516.0,EXIT
CCL,CCL Products (India) Limited,Consumer Defensive,Packaged Foods,1122.0,False,404.11999999999995,True,True,24.33,17.33,True,3106.0,HOLD
PARADEEP,Paradeep Phosphates Limited,Basic Materials,Agricultural Inputs,144.94000244140625,False,1046.95,False,True,-37.89,-40.23,False,13820.0,EXIT
IGIL,International Gemological Institute Limited,Basic Materials,Other Precious Metals & Mining,362.1000061035156,False,615.86,True,True,-5.34,-7.79,False,1229.0,HOLD
AGARWALEYE,AGARWALEYE,Healthcare,Medical Instruments & Supplies,493.5,False,103.5,True,True,-2.52,4.74,False,1711.0,HOLD
FINCABLES,Finolex Cables Limited,Industrials,Electrical Equipment & Parts,993.25,False,713.72,True,True,12.2,10.0,True,5319.0,HOLD
USHAMART,Usha Martin Limited,Basic Materials,Steel,503.6000061035156,True,498.26,True,True,36.02,33.46,True,3746.0,ADD
AEQUS,AEQUS,Industrials,Aerospace & Defense,230.7899932861328,False,170.22,True,False,,,False,965.0,EXIT
KSB,KSB Limited,Industrials,Specialty Industrial Machinery,856.9500122070312,False,258.70000000000005,False,True,1.97,-0.22,False,2696.0,EXIT
MAHSCOOTER,Maharashtra Scooters Ltd.,Financial Services,Asset Management,13833.0,False,11.45,False,True,-11.85,-11.98,False,,EXIT
CONCORDBIO,Concord Biotech Limited,Healthcare,Biotechnology,1420.0,False,259.55,False,True,-27.69,-20.27,False,1200.0,EXIT
KIRLOSBROS,Kirloskar Brothers Limited,Industrials,Specialty Industrial Machinery,1891.699951171875,False,439.6,True,True,0.38,-1.8,False,4492.0,HOLD
GALLANTT,Gallantt Ispat Limited,Basic Materials,Steel,629.2000122070312,False,513.3399999999999,True,True,-21.07,-23.46,False,4293.0,HOLD
JUBLPHARMA,Jubilant Pharmova Limited,Healthcare,Drug Manufacturers - Specialty & Generic,932.75,False,431.80000000000007,False,False,-29.75,-22.31,False,9111.0,EXIT
AZAD,AZAD,Industrials,Specialty Industrial Machinery,2374.39990234375,True,125.47999999999999,False,True,56.95,54.64,True,457.0,HOLD
FINEORG,Fine Organic Industries Limited,Basic Materials,Specialty Chemicals,4929.5,False,417.07000000000005,False,True,-7.84,-10.28,False,3023.0,EXIT
WELSPUNLIV,Welspun Living Limited,Consumer Cyclical,Textile Manufacturing,160.72999572753906,False,204.44,False,True,19.82,23.19,True,10545.0,HOLD
SOBHA,Sobha Limited,Real Estate,Real Estate - Development,1358.4000244140625,False,171.74,False,False,0.01,-16.99,False,4039.0,EXIT
HONASA,Honasa Consumer Limited,Consumer Defensive,Household & Personal Products,459.3999938964844,False,199.94,False,True,76.82,69.47,True,2067.0,HOLD
ZENTEC,Zen Technologies Limited,Industrials,Aerospace & Defense,1683.4000244140625,False,168.51000000000002,False,True,11.05,8.84,True,974.0,HOLD
VENTIVE,VENTIVE,Consumer Cyclical,Lodging,626.7000122070312,False,425.65,False,False,-25.75,-22.27,False,1605.0,EXIT
BEML,BEML Limited,Industrials,Conglomerates,1690.5999755859375,False,553.86,True,False,-16.63,-18.78,False,4337.0,EXIT
APOLLO,Apollo Micro Systems Limited,Industrials,Aerospace & Defense,398.20001220703125,False,95.81,True,True,129.25,126.77,True,562.0,HOLD
LTFOODS,LT Foods Limited,Consumer Defensive,Packaged Foods,417.3999938964844,False,644.97,True,True,-10.93,-17.7,False,8681.0,HOLD
ALIVUS,Alivus Life Sciences Limited,Healthcare,Drug Manufacturers - Specialty & Generic,1335.800048828125,True,594.54,False,True,27.64,34.69,True,1885.0,HOLD
SHADOWFAX,SHADOWFAX,Industrials,Integrated Freight & Logistics,248.14999389648438,True,65.69,True,False,,,False,2485.0,EXIT
PRIVISCL,Privi Speciality Chemicals Limited,Basic Materials,Specialty Chemicals,3660.5,True,255.89999999999998,True,True,60.16,57.53,True,2101.0,ADD
SHAILY,Shaily Engineering Plastics Limited,Basic Materials,Specialty Chemicals,3075.699951171875,True,169.92,True,True,83.79,81.1,True,787.0,ADD
DEVYANI,Devyani International Limited,Consumer Cyclical,Restaurants,119.75,False,38.769999999999996,False,False,-34.05,-30.56,False,3349.0,EXIT
AMAGI,AMAGI,Technology,Software - Application,674.7000122070312,True,44.86,False,False,,,False,1163.0,EXIT
FRACTAL,FRACTAL,Technology,Software - Infrastructure,797.7999877929688,False,263.8,False,False,,,False,2765.0,EXIT
UJJIVANSFB,Ujjivan Small Finance Bank Limited,Financial Services,Banks - Regional,70.3499984741211,True,887.45,False,True,56.88,56.44,True,,HOLD
CANHLIFE,CANHLIFE,Financial Services,Insurance - Life,148.66000366210938,True,113.94,False,False,,,False,,EXIT
VOGL,Vedanta Oil and Gas Limited,Basic Materials,Other Industrial Metals & Mining,37.79999923706055,False,1048.0,False,False,,,False,,EXIT
CEATLTD,CEAT Limited,Consumer Cyclical,Auto Parts,3611.199951171875,False,515.62,False,False,4.23,7.63,True,13172.0,EXIT
VIJAYA,Vijaya Diagnostic Centre Limited,Healthcare,Diagnostics & Research,1385.0999755859375,True,164.31,False,True,16.72,23.85,True,681.0,HOLD
ANURAS,Anupam Rasayan India Ltd,Basic Materials,Specialty Chemicals,1214.4000244140625,False,155.84,False,False,6.42,3.94,True,1602.0,EXIT
VGUARD,V-Guard Industries Limited,Industrials,Electrical Equipment & Parts,313.3500061035156,False,373.28999999999996,True,False,-16.9,-19.04,False,5578.0,EXIT
DOMS,DOMS Industries Limited,Industrials,Business Equipment & Supplies,2253.10009765625,False,230.19,False,False,-6.21,-8.38,False,1913.0,EXIT
INGERRAND,Ingersoll-Rand (India) Limited,Industrials,Specialty Industrial Machinery,4401.39990234375,False,256.03,False,True,15.61,13.39,True,,HOLD
PRUDENT,Prudent Corporate Advisory Services Limited,Financial Services,Asset Management,3300.60009765625,False,243.28,False,True,23.54,23.25,True,1133.0,HOLD
SCI,The Shipping Corporation of India Limited,Industrials,Marine Shipping,300.8999938964844,False,1352.9,True,True,40.95,38.67,True,5794.0,HOLD
SKFINDUS,SKFINDUS,Industrials,Tools & Accessories,2771.89990234375,True,290.37,False,False,,,False,,EXIT
VINATIORGA,Vinati Organics Limited,Basic Materials,Specialty Chemicals,1319.5999755859375,False,437.74,True,False,-26.89,-29.27,False,2248.0,EXIT
EIDPARRY,E.I.D.- Parry (India) Limited,Basic Materials,Agricultural Inputs,803.0999755859375,False,1236.14,True,False,-33.85,-36.2,False,3168.0,EXIT
INOXWIND,Inox Wind Limited,Industrials,Specialty Industrial Machinery,79.20999908447266,False,406.25,False,False,-49.9,-51.96,False,4445.0,EXIT
TMB,Tamilnad Mercantile Bank Limited,Financial Services,Banks - Regional,856.7999877929688,True,1431.5499999999997,False,True,92.59,91.99,True,,HOLD
VEDPOWER,Vedanta Power Limited,Utilities,Utilities - Independent Power Producers,35.619998931884766,False,511.0,False,False,,,False,,EXIT
ARVIND,Arvind Limited,Consumer Cyclical,Textile Manufacturing,547.3499755859375,False,413.94000000000005,True,True,66.38,69.64,True,7723.0,HOLD
BBOX,Black Box Limited,Technology,Software - Application,750.0499877929688,False,217.52,True,True,42.51,42.29,True,6288.0,HOLD
SPLPETRO,Supreme Petrochem Limited,Basic Materials,Specialty Chemicals,716.7999877929688,False,518.26,True,True,-13.31,-15.73,False,1613.0,HOLD
JSWDULUX,JSW Dulux Limited,Unknown,Unknown,2992.60009765625,False,399.4,False,False,-8.39,-23.23,False,,EXIT
CARTRADE,CarTrade Tech Limited,Consumer Cyclical,Auto & Truck Dealerships,2805.39990234375,False,214.57999999999998,False,True,18.14,21.51,True,641.0,HOLD
APTUS,Aptus Value Housing Finance India Limited,Financial Services,Mortgage Finance,260.6000061035156,False,923.42,False,False,-29.24,-29.29,False,,EXIT
SWANDEF,SWANDEF,Industrials,Aerospace & Defense,2528.800048828125,False,226.29000000000002,False,True,648.97,645.31,True,2534.0,HOLD
NAZARA,Nazara Technologies Limited,Communication Services,Electronic Gaming & Multimedia,349.5,True,154.54000000000002,False,True,17.66,-0.99,False,1624.0,EXIT
GRAPHITE,Graphite India Limited,Industrials,Electrical Equipment & Parts,710.0499877929688,False,383.0,False,True,33.34,31.08,True,6737.0,HOLD
ACE,Action Construction Equipment Limited,Industrials,Farm & Heavy Construction Machinery,1098.5999755859375,False,444.53,True,True,-2.04,-4.22,False,3327.0,HOLD
HEG,HEG Limited,Industrials,Electrical Equipment & Parts,678.9500122070312,False,586.4100000000001,False,True,26.66,24.41,True,6591.0,HOLD
PARKHOSPS,PARKHOSPS,Healthcare,Medical Care Facilities,283.95001220703125,False,212.07000000000002,True,False,,,False,109.93,EXIT
LLOYDSENGG,Lloyds Engineering Works Limited,Industrials,Specialty Industrial Machinery,92.72000122070312,True,189.88,True,True,29.39,27.15,True,846.0,ADD
VISL,VISL,Basic Materials,Steel,35.54999923706055,False,264.0,False,False,,,False,,EXIT
NSLNISP,NMDC Steel Limited,Basic Materials,Steel,44.0099983215332,False,776.2199999999999,False,True,17.92,15.41,True,,HOLD
TRIDENT,Trident Limited,Consumer Cyclical,Textile Manufacturing,24.969999313354492,False,395.24,False,False,-19.9,-16.44,False,6998.0,EXIT
JPPOWER,Jaiprakash Power Ventures Limited,Utilities,Utilities - Independent Power Producers,18.84000015258789,False,764.1099999999999,False,True,2.83,-6.77,False,6763.0,EXIT
PCBL,PCBL Chemical Limited,Basic Materials,Specialty Chemicals,322.54998779296875,False,291.3,False,True,-20.79,-23.18,False,8404.0,EXIT
ENGINERSIN,Engineers India Limited,Industrials,Engineering & Construction,224.88999938964844,False,691.59,True,True,5.06,2.87,True,3330.0,HOLD
JSWHL,JSW Holdings Limited,Financial Services,Asset Management,12175.0,False,79.47,False,False,-39.75,-39.75,False,407.0,EXIT
KEC,KEC International Limited,Industrials,Engineering & Construction,474.1000061035156,False,605.6,True,False,-44.65,-46.73,False,21847.0,EXIT
BLUESTONE,BLUESTONE,Consumer Cyclical,Luxury Goods,848.75,True,144.12,True,True,,,False,1770.0,HOLD
HOMEFIRST,Home First Finance Company India Limited,Financial Services,Mortgage Finance,1169.699951171875,False,568.38,False,True,-10.42,-10.56,False,,EXIT
BALRAMCHIN,Balrampur Chini Mills Limited,Consumer Defensive,Confectioners,658.7000122070312,True,378.46,False,True,18.81,11.84,True,5594.0,HOLD
INDGN,INDGN,Healthcare,Health Information Services,553.75,False,415.20000000000005,False,True,-16.74,-9.38,False,2839.0,EXIT
WABAG,VA Tech Wabag Limited,Industrials,Engineering & Construction,1951.4000244140625,False,370.6,True,True,23.83,21.6,True,3457.0,HOLD
INDIACEM,The India Cements Limited,Basic Materials,Building Materials,391.3999938964844,False,221.93,False,False,7.12,4.64,True,5628.0,EXIT
NUVOCO,Nuvoco Vistas Corporation Limited,Basic Materials,Building Materials,348.6000061035156,False,323.02,False,True,-20.3,-22.7,False,10733.0,EXIT
AVANTIFEED,Avanti Feeds Limited,Consumer Defensive,Packaged Foods,893.4000244140625,False,604.55,True,False,37.19,30.1,True,5612.0,HOLD
BLUEDART,Blue Dart Express Limited,Industrials,Integrated Freight & Logistics,5364.5,False,221.16,False,True,-8.95,-11.11,False,5720.0,EXIT
SOUTHBANK,The South Indian Bank Limited,Financial Services,Banks - Regional,46.86000061035156,True,1481.71,True,True,58.96,58.52,True,,ADD
LLOYDSENT,Lloyds Enterprises Limited,Basic Materials,Steel,81.1500015258789,False,299.15999999999997,True,True,-4.26,-6.7,False,1488.0,HOLD
AVALON,Avalon Technologies Limited,Technology,Electronic Components,1805.4000244140625,True,112.94,False,True,103.52,102.93,True,1098.0,HOLD
METROPOLIS,Metropolis Healthcare Limited,Healthcare,Diagnostics & Research,584.5,False,137.35,False,True,3.73,10.94,True,1331.0,HOLD
JAINREC,JAINREC,Basic Materials,Other Industrial Metals & Mining,323.45001220703125,False,303.45,False,False,,,False,7126.0,EXIT
SHILPAMED,Shilpa Medicare Limited,Healthcare,Drug Manufacturers - Specialty & Generic,644.6500244140625,True,243.32999999999998,True,True,41.01,47.98,True,1281.0,ADD
RKFORGE,Ramkrishna Forgings Limited,Industrials,Metal Fabrication,688.7000122070312,False,125.88,False,True,17.41,15.19,True,4034.0,HOLD
SEDEMAC,SEDEMAC,Consumer Cyclical,Auto Parts,2795.89990234375,True,91.07000000000001,False,False,,,False,,EXIT
IRCON,Ircon International Limited,Industrials,Engineering & Construction,131.92999267578125,False,595.47,False,False,-27.38,-29.5,False,12514.0,EXIT
ATLANTAELE,ATLANTAELE,Industrials,Electrical Equipment & Parts,1614.0,False,217.47,False,True,,,False,1244.0,EXIT
GRAVITA,Gravita India Limited,Industrials,Metal Fabrication,1658.5999755859375,False,389.2,True,False,-9.57,-11.73,False,3869.0,EXIT
IEX,Indian Energy Exchange Limited,Financial Services,Capital Markets,129.1999969482422,False,504.34,True,False,-7.05,-7.2,False,535.0,EXIT
MARKSANS,Marksans Pharma Limited,Healthcare,Drug Manufacturers - General,269.1000061035156,False,417.9,True,True,8.09,15.28,True,2623.0,HOLD
JMFINANCIL,JM Financial Limited,Financial Services,Capital Markets,123.58000183105469,False,1141.5,True,False,-24.95,-25.02,False,4786.0,EXIT
UTLSOLAR,UTLSOLAR,Technology,Solar,389.54998779296875,True,292.41,False,False,,,False,1541.0,EXIT
UTIAMC,UTI Asset Management Company Limited,Financial Services,Asset Management,909.0999755859375,False,718.39,False,False,-34.42,-34.45,False,1851.0,EXIT
JUBLINGREA,Jubilant Ingrevia Limited,Basic Materials,Specialty Chemicals,751.3499755859375,False,314.26,False,True,-0.66,-3.11,False,4949.0,EXIT
SIGNATURE,Signatureglobal (India) Limited,Real Estate,Real Estate - Development,818.3499755859375,False,1279.03,True,False,-16.24,-33.03,False,2498.0,EXIT
JKTYRE,JK Tyre & Industries Limited,Consumer Cyclical,Auto Parts,410.3999938964844,False,649.87,True,False,17.17,20.55,True,10313.0,HOLD
ZENSARTECH,Zensar Technologies Limited,Technology,Information Technology Services,511.79998779296875,False,776.2,True,False,-40.0,-39.71,False,5281.0,EXIT
ABLBL,ABLBL,Consumer Cyclical,Apparel Retail,94.56999969482422,False,185.96,False,False,-38.01,-34.51,False,7830.0,EXIT
TI,Tilaknagar Industries Ltd.,Consumer Defensive,Beverages - Wineries & Distilleries,491.1499938964844,False,204.59,False,True,-1.14,-7.97,False,1434.0,EXIT
TECHNOE,Techno Electric & Engineering Company Limited,Industrials,Engineering & Construction,985.4000244140625,False,473.86,True,False,-32.84,-34.95,False,2269.0,EXIT
TEGA,Tega Industries Limited,Industrials,Specialty Industrial Machinery,1579.800048828125,False,142.66,False,False,-18.52,-20.66,False,1639.0,EXIT
TITAGARH,Titagarh Rail Systems Limited,Industrials,Railroads,849.75,False,169.75,False,True,-1.72,-3.9,False,3868.0,EXIT
PVRINOX,PVR INOX Limited,Communication Services,Entertainment,1188.0999755859375,False,392.9,True,True,31.93,13.1,True,6107.0,HOLD
JWL,Jupiter Wagons Limited,Industrials,Railroads,259.8500061035156,False,171.07999999999998,False,False,-25.39,-27.52,False,3871.0,EXIT
MGL,Mahanagar Gas Limited,Utilities,Utilities - Regulated Gas,1111.5999755859375,False,842.77,False,False,-11.09,-20.31,False,7264.0,EXIT
ZEEL,Zee Entertainment Enterprises Limited,Communication Services,Broadcasting,99.55000305175781,False,589.8000000000001,False,True,-1.73,-20.11,False,8637.0,EXIT
VIYASH,Viyash Scientific Limited,Healthcare,Drug Manufacturers - Specialty & Generic,266.3999938964844,False,119.6,False,True,43.67,50.63,True,1551.0,HOLD
SIGMAADV,Sigma Advanced Systems Limited,Industrials,Aerospace & Defense,686.7999877929688,True,266.27,True,True,480.6,477.32,True,103.0,ADD
PGHL,Procter & Gamble Health Limited,Healthcare,Drug Manufacturers - Specialty & Generic,6482.5,False,326.91,False,True,-7.77,-0.48,False,,EXIT
EDELWEISS,Edelweiss Financial Services Limited,Financial Services,Financial Conglomerates,117.68000030517578,False,546.63,False,True,14.89,14.64,True,11078.0,HOLD
CANFINHOME,Can Fin Homes Limited,Financial Services,Mortgage Finance,809.7999877929688,False,1102.1399999999999,False,False,3.52,3.32,True,,EXIT
RATEGAIN,RateGain Travel Technologies Limited,Technology,Software - Application,970.7000122070312,True,194.38,False,True,117.69,117.01,True,1077.0,HOLD
OLECTRA,Olectra Greentech Limited,Industrials,Farm & Heavy Construction Machinery,1347.800048828125,False,177.5,True,True,-8.59,-10.75,False,1802.0,HOLD
JLHL,Jupiter Life Line Hospitals Limited,Healthcare,Medical Care Facilities,321.54998779296875,False,194.48999999999998,False,True,0.02,7.26,True,1262.0,HOLD
BLUEJET,Blue Jet Healthcare Limited,Healthcare,Biotechnology,582.0499877929688,False,305.78,False,True,-37.18,-29.69,False,538.0,EXIT
AAVAS,Aavas Financiers Limited,Financial Services,Mortgage Finance,1392.5999755859375,False,686.9200000000001,True,False,-22.02,-22.1,False,,EXIT
KTKBANK,The Karnataka Bank Limited,Financial Services,Banks - Regional,296.04998779296875,True,1437.3700000000001,True,True,60.98,60.52,True,,ADD
GODREJAGRO,Godrej Agrovet Limited,Consumer Defensive,Packaged Foods,563.25,False,450.97,False,False,-27.56,-34.21,False,9561.0,EXIT
LUMAXTECH,Lumax Auto Technologies Limited,Consumer Cyclical,Auto Parts,1634.300048828125,False,278.86,True,True,35.4,38.73,True,3637.0,HOLD
SANOFICONR,SANOFICONR,Healthcare,Drug Manufacturers - General,4529.2001953125,False,266.0,False,False,-16.5,-9.15,False,,EXIT
IIFLCAPS,IIFL Capital Services Limited,Financial Services,Capital Markets,334.8999938964844,False,570.11,False,True,1.94,1.75,True,2520.0,HOLD
E2E,E2E Networks Limited,Technology,Software - Infrastructure,570.1500244140625,True,69.48,False,True,160.21,159.27,True,,HOLD
SHREEJISPG,SHREEJISPG,Industrials,Marine Shipping,660.5499877929688,True,164.72,True,True,,,False,731.0,HOLD
BBTC,The Bombay Burmah Trading Corporation Limited,Consumer Defensive,Packaged Foods,1505.699951171875,False,1242.67,True,False,-17.44,-24.16,False,18298.0,EXIT
ASKAUTOLTD,ASKAUTOLTD,Consumer Cyclical,Auto Parts,551.2999877929688,True,275.14,False,True,11.17,14.56,True,3601.0,HOLD
VARROC,Varroc Engineering Limited,Consumer Cyclical,Auto Parts,680.75,False,245.63,False,True,24.95,28.3,True,12036.0,HOLD
SANDUMA,The Sandur Manganese & Iron Ores Limited,Basic Materials,Steel,210.97999572753906,False,657.11,False,False,39.97,37.4,True,3135.0,EXIT
WEWORK,WEWORK,Real Estate,Real Estate Services,737.3499755859375,True,86.56,False,True,,,False,1949.0,EXIT
FIRSTCRY,FIRSTCRY,Consumer Cyclical,Internet Retail,214.72999572753906,False,140.22,True,False,-48.3,-44.78,False,7660.0,EXIT
TIMETECHNO,Time Technoplast Limited,Consumer Cyclical,Packaging & Containers,208.8300018310547,False,468.72,True,True,-16.18,-12.73,False,5457.0,HOLD
RITES,RITES Limited,Industrials,Engineering & Construction,216.13999938964844,False,410.27,False,False,-18.01,-20.15,False,2662.0,EXIT
WHIRLPOOL,Whirlpool of India Limited,Consumer Cyclical,"Furnishings, Fixtures & Appliances",820.5,False,371.62,False,False,-45.78,-42.26,False,7919.0,EXIT
MANORAMA,Manorama Industries Limited,Consumer Defensive,Packaged Foods,1617.800048828125,True,201.73,True,True,14.45,7.51,True,771.0,ADD
PARAS,Paras Defence and Space Technologies Limited,Industrials,Aerospace & Defense,1300.300048828125,False,88.10000000000001,False,True,101.37,98.96,True,365.0,HOLD
AKUMS,AKUMS,Healthcare,Drug Manufacturers - Specialty & Generic,667.4000244140625,False,255.19,False,True,21.38,28.48,True,4178.0,HOLD
MANYAVAR,Vedant Fashions Limited,Consumer Cyclical,Apparel Manufacturing,485.8999938964844,False,400.07,True,True,-42.93,-39.41,False,1368.0,HOLD
RELAXO,Relaxo Footwears Limited,Consumer Cyclical,Footwear & Accessories,406.6000061035156,False,179.27,False,True,-15.19,-11.74,False,,EXIT
FINPIPE,Finolex Industries Limited,Industrials,Building Products & Equipment,165.42999267578125,False,599.05,False,False,-17.93,-20.07,False,4647.0,EXIT
VOLTAMP,Voltamp Transformers Limited,Industrials,Electrical Equipment & Parts,9881.5,False,305.38,False,True,13.9,11.69,True,,HOLD
SAREGAMA,Saregama India Limited,Communication Services,Entertainment,542.5499877929688,False,223.44,True,True,30.34,11.52,True,1171.0,HOLD
INTELLECT,Intellect Design Arena Limited,Technology,Software - Application,748.7000122070312,False,378.49,True,False,-29.58,-29.35,False,2506.0,EXIT
HCG,HealthCare Global Enterprises Limited,Healthcare,Medical Care Facilities,672.25,False,32.62,False,True,-0.9,6.35,False,2218.0,EXIT
SBFC,SBFC Finance Limited,Financial Services,Credit Services,92.16999816894531,False,471.82,True,False,-14.3,-14.42,False,,EXIT
TSFINV,TSF Investments Limited,Financial Services,Asset Management,463.20001220703125,False,521.78,True,True,-6.95,-7.1,False,291.0,HOLD
AFCONS,AFCONS,Industrials,Engineering & Construction,281.6000061035156,False,428.29999999999995,False,False,-32.11,-34.22,False,13268.0,EXIT
SKYGOLD,Sky Gold and Diamonds Limited,Consumer Cyclical,Luxury Goods,675.5,True,275.4,True,True,141.28,144.35,True,3548.0,ADD
SUDEEPPHRM,SUDEEPPHRM,Healthcare,Drug Manufacturers - Specialty & Generic,871.7999877929688,True,151.13,False,False,,,False,502.0,EXIT
BLACKBUCK,BlackBuck Limited,Technology,Software - Application,546.5,False,168.82,True,False,12.66,12.63,True,867.0,HOLD
BLS,BLS International Services Limited,Industrials,Specialty Business Services,247.9499969482422,False,686.7,True,False,-37.03,-39.13,False,2193.0,EXIT
LOTUSDEV,LOTUSDEV,Industrials,Engineering & Construction,193.64999389648438,False,297.24,True,True,,,False,548.0,HOLD
RPOWER,Reliance Power Limited,Utilities,Utilities - Independent Power Producers,24.06999969482422,False,651.11,False,False,-44.73,-53.04,False,10396.0,EXIT
SWANCORP,Swan Corp Limited,Industrials,Conglomerates,313.54998779296875,False,301.5,False,False,-28.83,-30.95,False,5017.0,EXIT
KIRLPNU,Kirloskar Pneumatic Company Limited,Industrials,Specialty Industrial Machinery,1449.0999755859375,False,245.9,True,True,5.41,3.21,True,1640.0,HOLD
PGIL,Pearl Global Industries Limited,Consumer Cyclical,Apparel Manufacturing,2122.39990234375,True,277.65999999999997,True,True,44.96,48.26,True,4699.0,ADD
WAAREERTL,Waaree Renewable Technologies Limited,Industrials,Engineering & Construction,912.5999755859375,False,478.3,True,False,-13.3,-15.46,False,1598.0,EXIT
STAR,Strides Pharma Science Limited,Healthcare,Drug Manufacturers - Specialty & Generic,994.5999755859375,False,510.85,False,True,7.83,15.02,True,4565.0,HOLD
ELECON,Elecon Engineering Company Limited,Industrials,Specialty Industrial Machinery,429.54998779296875,False,323.78,False,False,-26.54,-28.66,False,2227.0,EXIT
MMTC,MMTC Limited,Industrials,Conglomerates,63.650001525878906,False,387.38,False,True,-4.43,-6.6,False,30000.0,EXIT
THYROCARE,Thyrocare Technologies Limited,Healthcare,Diagnostics & Research,604.6500244140625,True,128.32,False,True,23.36,30.45,True,687.0,HOLD
ALKYLAMINE,Alkyl Amines Chemicals Limited,Basic Materials,Specialty Chemicals,1921.199951171875,False,183.09,False,True,-16.18,-18.59,False,993.0,EXIT
RAILTEL,RailTel Corporation of India Limited,Communication Services,Telecom Services,289.95001220703125,False,336.03,True,False,-6.62,-24.94,False,1964.0,EXIT
TEJASNET,Tejas Networks Limited,Technology,Communication Equipment,533.9500122070312,False,804.0000000000001,True,True,-11.82,-11.7,False,8923.0,HOLD
BANCOINDIA,Banco Products (India) Limited,Consumer Cyclical,Auto Parts,669.75,False,481.67999999999995,True,True,4.14,7.54,True,1105.0,HOLD
PNGJL,PNGJL,Consumer Cyclical,Luxury Goods,654.1500244140625,False,445.82,True,True,7.06,10.45,True,7586.0,HOLD
PCJEWELLER,PC Jeweller Limited,Consumer Cyclical,Luxury Goods,9.819999694824219,False,714.46,False,True,-40.52,-37.01,False,9610.0,EXIT
VESUVIUS,Vesuvius India Limited,Industrials,Specialty Industrial Machinery,456.6000061035156,False,260.62,False,False,-15.14,-17.29,False,,EXIT
BATAINDIA,Bata India Limited,Consumer Cyclical,Footwear & Accessories,709.5499877929688,False,166.23,False,False,-47.34,-43.81,False,3489.0,EXIT
SONATSOFTW,Sonata Software Limited,Technology,Information Technology Services,350.29998779296875,False,464.39,True,True,-6.17,-6.08,False,991.0,HOLD
TARIL,TARIL,Industrials,Electrical Equipment & Parts,294.20001220703125,False,258.56,True,False,-48.92,-50.99,False,2017.0,EXIT
NCC,NCC Limited,Industrials,Engineering & Construction,143.11000061035156,False,774.4300000000001,False,False,-33.85,-35.95,False,22199.0,EXIT
CYIENT,Cyient Limited,Industrials,Conglomerates,867.5999755859375,False,404.5,False,False,-29.81,-31.93,False,7360.0,EXIT
SGMART,SG Mart Limited,Industrials,Industrial Distribution,718.7999877929688,True,130.1,True,True,,,False,5856.0,HOLD
TTKPRESTIG,TTK Prestige Limited,Consumer Cyclical,"Furnishings, Fixtures & Appliances",630.7999877929688,False,155.68,False,True,-7.05,-3.62,False,2626.0,EXIT
QPOWER,QPOWER,Industrials,Electrical Equipment & Parts,1136.800048828125,False,121.33,False,True,50.24,47.94,True,337.0,HOLD
IXIGO,IXIGO,Consumer Cyclical,Travel Services,196.14999389648438,False,92.02,False,False,-26.25,-22.78,False,914.0,EXIT
EUREKAFORB,Eureka Forbes Limited,Consumer Cyclical,"Furnishings, Fixtures & Appliances",464.0,False,162.63,True,False,-25.96,-22.49,False,2437.0,EXIT
SUVEN,Suven Life Sciences Limited,Healthcare,Drug Manufacturers - Specialty & Generic,309.8500061035156,False,276.35,True,True,4.43,11.64,True,625.0,HOLD
ESABINDIA,ESAB India Limited,Industrials,Tools & Accessories,5637.5,False,206.69,True,False,5.31,3.12,True,339.0,HOLD
LEMONTREE,Lemon Tree Hotels Limited,Consumer Cyclical,Lodging,113.29000091552734,False,227.08999999999997,True,False,-29.5,-26.02,False,1286.0,EXIT
GENUSPOWER,Genus Power Infrastructures Limited,Industrials,Electrical Equipment & Parts,316.04998779296875,False,572.63,True,True,-18.89,-21.02,False,2442.0,HOLD
RELIGARE,Religare Enterprises Limited,Financial Services,Insurance - Life,256.5,False,176.62,False,True,-5.04,-5.2,False,7385.0,EXIT
EQUITASBNK,Equitas Small Finance Bank Limited,Financial Services,Banks - Regional,76.37999725341797,False,710.08,False,True,30.01,29.69,True,,HOLD
SFL,Sheela Foam Limited,Consumer Cyclical,"Furnishings, Fixtures & Appliances",768.0499877929688,False,163.92000000000002,False,True,1.6,5.01,True,3439.0,HOLD
GRINFRA,G R Infraprojects Limited,Industrials,Engineering & Construction,905.7999877929688,False,902.8399999999999,False,False,-27.94,-30.05,False,9482.0,EXIT
TIPSMUSIC,Tips Music Limited,Communication Services,Entertainment,669.2999877929688,False,207.26000000000002,False,True,31.55,12.72,True,,HOLD
EMBDL,Embassy Developments Limited,Real Estate,Real Estate - Diversified,61.119998931884766,False,852.3,True,False,-27.52,-44.17,False,2111.0,EXIT
PRICOLLTD,Pricol Limited,Consumer Cyclical,Auto Parts,766.75,True,253.82999999999998,True,True,65.57,68.83,True,2692.0,ADD
BSOFT,Birlasoft Limited,Technology,Information Technology Services,323.20001220703125,False,563.25,False,False,-23.81,-23.62,False,5375.0,EXIT
MAHLIFE,Mahindra Lifespace Developers Limited,Real Estate,Real Estate - Development,397.54998779296875,False,335.76,True,True,23.43,6.13,True,1086.0,HOLD
JAYNECOIND,Jayaswal Neco Industries Limited,Basic Materials,Steel,87.86000061035156,False,551.9,False,True,68.11,65.46,True,6297.0,HOLD
AVL,Aditya Vision Limited,Consumer Cyclical,Specialty Retail,634.4000244140625,False,116.91999999999999,False,True,43.57,46.88,True,2260.0,HOLD
SMLMAH,SMLMAH,Consumer Cyclical,Auto Manufacturers,5425.0,True,201.07,False,True,47.39,50.69,True,,HOLD
STARCEMENT,Star Cement Limited,Basic Materials,Building Materials,203.72000122070312,False,444.64,False,False,-23.74,-26.13,False,3163.0,EXIT
POWERMECH,Power Mech Projects Limited,Industrials,Engineering & Construction,2615.800048828125,False,363.89,True,True,-18.28,-20.42,False,5234.0,HOLD
SUDARSCHEM,Sudarshan Chemical Industries Limited,Basic Materials,Specialty Chemicals,1047.199951171875,False,252.89999999999998,False,True,-28.94,-31.31,False,3346.0,EXIT
KRBL,KRBL Limited,Consumer Defensive,Packaged Foods,368.6000061035156,False,648.0400000000001,False,True,0.24,-6.6,False,5594.0,EXIT
WELENT,Welspun Enterprises Limited,Industrials,Engineering & Construction,606.9000244140625,False,349.88,False,True,22.7,20.47,True,3584.0,HOLD
RHIM,RHI Magnesita India Limited,Industrials,Metal Fabrication,408.3500061035156,False,653.2900000000001,True,False,-23.45,-25.58,False,2892.0,EXIT
V2RETAIL,V2 Retail Limited,Consumer Cyclical,Apparel Retail,217.74000549316406,False,161.47,True,True,22.68,26.04,True,1884.0,HOLD
ICIL,Indo Count Industries Limited,Consumer Cyclical,Textile Manufacturing,419.75,True,125.44999999999999,False,True,50.61,53.9,True,3772.0,HOLD
INDIASHLTR,India Shelter Finance Corporation Limited,Financial Services,Mortgage Finance,732.4500122070312,False,383.58,True,False,-23.44,-23.51,False,,EXIT
CERA,Cera Sanitaryware Limited,Industrials,Building Products & Equipment,6301.0,False,204.22,False,True,-5.66,-7.83,False,1926.0,EXIT
GAEL,Gujarat Ambuja Exports Limited,Consumer Defensive,Packaged Foods,176.2100067138672,False,304.28000000000003,False,True,67.38,60.09,True,4927.0,HOLD
YATHARTH,Yatharth Hospital & Trauma Care Services Limited,Healthcare,Medical Care Facilities,845.5,True,176.15,True,True,19.17,26.29,True,860.0,ADD
BORORENEW,Borosil Renewables Limited,Technology,Solar,559.0499877929688,False,382.49,True,True,-12.62,-12.5,False,1476.0,HOLD
WESTLIFE,Westlife Foodworld Limited,Consumer Cyclical,Restaurants,542.5499877929688,False,5.22,False,True,-30.77,-27.28,False,2491.0,EXIT
KIRLFER,Kirloskar Ferrous Industries Limited,Industrials,Metal Fabrication,464.1499938964844,False,271.53999999999996,False,False,,,False,,EXIT
NEWGEN,Newgen Software Technologies Limited,Technology,Software - Infrastructure,561.3499755859375,False,281.65999999999997,False,False,-36.6,-36.33,False,1487.0,EXIT
IMFA,Indian Metals and Ferro Alloys Limited,Basic Materials,Other Industrial Metals & Mining,1467.300048828125,False,374.12,False,True,102.56,99.81,True,2780.0,HOLD
TTML,Tata Teleservices (Maharashtra) Limited,Communication Services,Telecom Services,39.880001068115234,False,1128.49,True,False,-17.25,-35.42,False,2972.0,EXIT
CLEAN,Clean Science and Technology Limited,Basic Materials,Specialty Chemicals,774.5499877929688,False,248.3,False,False,-36.89,-39.24,False,936.0,EXIT
TANLA,Tanla Platforms Limited,Technology,Software - Application,612.5,False,526.27,True,True,-1.97,-1.91,False,4028.0,HOLD
GMRP&UI,GMR Power And Urban Infra Limited,Energy,Thermal Coal,97.20999908447266,False,1176.4399999999998,False,False,-24.92,-16.87,False,6344.0,EXIT
INDIAGLYCO,India Glycols Limited,Basic Materials,Chemicals,1164.0999755859375,True,292.76,False,True,32.18,29.63,True,3768.0,HOLD
KRN,KRN,Technology,Electronic Components,1196.5999755859375,False,73.31,True,True,36.39,36.22,True,430.0,HOLD
SJS,S.J.S. Enterprises Limited,Consumer Cyclical,Auto Parts,2432.39990234375,True,161.07,False,True,98.69,101.86,True,398.0,HOLD
SANOFI,Sanofi India Limited,Healthcare,Drug Manufacturers - General,3394.300048828125,False,353.3,False,False,-48.45,-40.88,False,2013.0,EXIT
SAFARI,Safari Industries (India) Limited,Consumer Cyclical,Footwear & Accessories,1512.9000244140625,False,167.79,False,False,-35.02,-31.52,False,1772.0,EXIT
ORKLAINDIA,ORKLAINDIA,Consumer Defensive,Packaged Foods,579.4000244140625,False,231.16,False,False,,,False,2395.0,EXIT
CELLO,Cello World Limited,Consumer Cyclical,"Furnishings, Fixtures & Appliances",344.8500061035156,False,312.44,False,False,-47.74,-44.21,False,2136.0,EXIT
MAHSEAMLES,Maharashtra Seamless Limited,Basic Materials,Steel,579.0999755859375,False,818.05,False,False,-15.32,-17.74,False,5716.0,EXIT
NESCO,Nesco Limited,Industrials,Conglomerates,1047.5999755859375,False,416.55999999999995,True,False,-24.12,-26.24,False,732.0,EXIT
RAIN,Rain Industries Limited,Basic Materials,Specialty Chemicals,238.07000732421875,False,333.34999999999997,False,True,52.14,49.54,True,21011.0,HOLD
GNFC,Gujarat Narmada Valley Fertilizers & Chemicals Limited,Basic Materials,Chemicals,519.75,False,808.0,False,True,-4.89,-7.34,False,10227.0,EXIT
ELANTAS,ELANTAS Beck India Limited,Basic Materials,Specialty Chemicals,9873.0,False,109.73999999999998,False,False,,,False,,EXIT
MIDHANI,Mishra Dhatu Nigam Limited,Basic Materials,Steel,412.6000061035156,False,131.47,False,True,2.83,0.37,True,1074.0,HOLD
SHARDACROP,Sharda Cropchem Limited,Basic Materials,Agricultural Inputs,840.6500244140625,False,694.5799999999999,True,False,-24.78,-27.17,False,4320.0,EXIT
HMT,HMT Limited,Industrials,Farm & Heavy Construction Machinery,60.040000915527344,False,131.54,False,True,2.27,0.08,True,275.0,HOLD
KPIGREEN,KPI Green Energy Limited,Utilities,Utilities - Renewable,382.20001220703125,False,491.67999999999995,True,False,-23.91,-32.79,False,1735.0,EXIT
ABFRL,Aditya Birla Fashion and Retail Limited,Consumer Cyclical,Apparel Manufacturing,61.0,False,551.23,True,False,-26.68,-23.21,False,12418.0,EXIT
REDTAPE,REDTAPE Limited,Consumer Cyclical,Footwear & Accessories,130.49000549316406,False,240.54999999999998,True,True,-4.86,-1.44,False,2021.0,HOLD
SKFINDIA,SKF India Limited,Industrials,Tools & Accessories,1493.300048828125,False,305.46,False,False,-70.39,-72.41,False,4920.0,EXIT
JYOTHYLAB,Jyothy Labs Limited,Consumer Defensive,Household & Personal Products,201.91000366210938,False,333.19,False,False,-36.39,-42.99,False,2847.0,EXIT
JSLL,JSLL,Healthcare,Medical Care Facilities,574.2000122070312,False,221.81,False,False,-7.08,0.21,False,469.0,EXIT
GPPL,Gujarat Pipavav Port Limited,Industrials,Marine Shipping,151.8000030517578,False,466.78999999999996,True,False,-5.79,-7.95,False,988.0,EXIT
KWIL,KWIL,Consumer Defensive,Packaged Foods,32.689998626708984,False,285.5,False,False,,,False,,EXIT
PICCADIL,Piccadily Agro Industries Limited,Consumer Defensive,Beverages - Wineries & Distilleries,784.5,True,138.07,True,True,20.03,13.06,True,797.0,ADD
OMNI,OMNI,Industrials,Specialty Industrial Machinery,610.5,True,49.769999999999996,False,False,,,False,343.0,EXIT
GARFIBRES,Garware Technical Fibres Limited,Consumer Cyclical,Textile Manufacturing,774.5999755859375,False,198.56,False,True,-19.76,-16.3,False,1540.0,EXIT
TCI,Transport Corporation of India Limited,Industrials,Integrated Freight & Logistics,914.0499877929688,False,450.5,True,False,-23.15,-25.28,False,4492.0,EXIT
EPL,EPL Limited,Consumer Cyclical,Packaging & Containers,227.7100067138672,False,388.90000000000003,True,True,-5.29,-1.86,False,4213.0,HOLD
KINGFA,Kingfa Science & Technology (India) Limited,Basic Materials,Specialty Chemicals,5174.5,False,185.24999999999997,True,True,53.49,50.88,True,1745.0,HOLD
JKPAPER,JK Paper Limited,Basic Materials,Paper & Paper Products,382.75,False,328.62,False,True,6.57,4.1,True,6718.0,HOLD
RCF,Rashtriya Chemicals and Fertilizers Limited,Basic Materials,Agricultural Inputs,127.01000213623047,False,427.45,False,False,-16.63,-19.04,False,21452.0,EXIT
DYNAMATECH,Dynamatic Technologies Limited,Consumer Cyclical,Auto Parts,10752.0,False,32.41,False,True,56.21,59.49,True,1626.0,HOLD
MBAPL,Madhya Bharat Agro Products Limited,Basic Materials,Agricultural Inputs,158.6199951171875,True,119.72999999999999,False,True,78.69,76.01,True,,HOLD
JKLAKSHMI,JK Lakshmi Cement Limited,Basic Materials,Building Materials,570.5499877929688,False,331.15,False,False,-41.28,-43.62,False,6788.0,EXIT
SUPRIYA,Supriya Lifescience Limited,Healthcare,Biotechnology,887.6500244140625,False,209.13,False,True,21.08,28.19,True,696.0,HOLD
DBL,Dilip Buildcon Limited,Industrials,Engineering & Construction,467.25,False,1302.36,True,True,-4.8,-6.97,False,10537.0,HOLD
HNDFDS,Hindustan Foods Limited,Industrials,Conglomerates,586.8499755859375,False,144.62999999999997,True,True,4.43,2.24,True,3564.0,HOLD
SUPRAJIT,Suprajit Engineering Limited,Consumer Cyclical,Auto Parts,506.8999938964844,False,182.67000000000002,True,True,5.15,8.55,True,3277.0,HOLD
BALAMINES,Balaji Amines Limited,Basic Materials,Specialty Chemicals,1994.9000244140625,False,204.14000000000001,False,True,26.36,23.83,True,2346.0,HOLD
GALAXYSURF,Galaxy Surfactants Limited,Basic Materials,Specialty Chemicals,1980.5999755859375,False,267.38,False,True,-23.94,-26.32,False,4462.0,EXIT
ETHOSLTD,Ethos Limited,Consumer Cyclical,Luxury Goods,2853.199951171875,False,94.77,True,True,-3.76,-0.34,False,1252.0,HOLD
BIRLACORPN,Birla Corporation Limited,Basic Materials,Building Materials,902.2999877929688,False,553.75,False,False,-31.79,-34.15,False,9656.0,EXIT
NEPHROPLUS,NEPHROPLUS,Healthcare,Medical Care Facilities,713.1500244140625,False,107.59,False,False,,,False,756.0,EXIT
BAJAJCON,Bajaj Consumer Care Limited,Consumer Defensive,Household & Personal Products,544.2000122070312,False,223.01,True,True,149.39,141.55,True,984.0,HOLD
INOXGREEN,Inox Green Energy Services Limited,Utilities,Utilities - Renewable,178.2899932861328,False,102.41,True,False,14.83,4.91,True,368.0,HOLD
PRECWIRE,Precision Wires India Limited,Industrials,Electrical Equipment & Parts,381.20001220703125,False,155.27,True,True,115.68,113.23,True,881.0,HOLD
CAMPUS,Campus Activewear Limited,Consumer Cyclical,Footwear & Accessories,223.77000427246094,False,150.08999999999997,False,False,-22.59,-19.12,False,1194.0,EXIT
TRANSRAILL,TRANSRAILL,Industrials,Engineering & Construction,495.79998779296875,False,403.04,False,False,-33.47,-35.58,False,5308.0,EXIT
ASHAPURMIN,Ashapura Minechem Limited,Basic Materials,Other Industrial Metals & Mining,719.2999877929688,False,401.41,False,True,38.31,35.74,True,2739.0,HOLD
POWERICA,POWERICA,Industrials,Specialty Industrial Machinery,521.2999877929688,False,0.0,False,False,,,False,2653.0,EXIT
SPARC,Sun Pharma Advanced Research Company Limited,Healthcare,Drug Manufacturers - Specialty & Generic,207.27000427246094,False,1969.4799999999998,True,True,28.79,35.84,True,239.0,HOLD
FDC,FDC Limited,Healthcare,Drug Manufacturers - Specialty & Generic,402.6499938964844,False,281.42,False,True,-27.47,-20.05,False,2108.0,EXIT
GOKULAGRO,Gokul Agro Resources Limited,Consumer Defensive,Packaged Foods,231.1199951171875,True,421.34,True,True,55.06,47.85,True,19551.0,ADD
AJAXENGG,AJAXENGG,Industrials,Farm & Heavy Construction Machinery,593.7999877929688,False,225.14999999999998,False,True,-8.12,-10.29,False,,EXIT
AXISCADES,AXISCADES Technologies Limited,Industrials,Engineering & Construction,1583.199951171875,False,71.92,False,True,21.96,19.73,True,1031.0,HOLD
SENCO,Senco Gold Limited,Consumer Cyclical,Luxury Goods,387.8999938964844,False,574.31,True,True,10.53,13.92,True,6328.0,HOLD
SUNFLAG,Sunflag Iron and Steel Company Limited,Basic Materials,Steel,368.25,False,202.35000000000002,False,True,25.84,23.31,True,3536.0,HOLD
LATENTVIEW,Latent View Analytics Limited,Industrials,Consulting Services,298.04998779296875,False,153.45,False,False,-28.57,-30.69,False,848.0,EXIT
ACI,Archean Chemical Industries Limited,Basic Materials,Chemicals,532.2000122070312,False,96.83000000000001,False,False,-17.73,-20.13,False,1441.0,EXIT
PAISALO,Paisalo Digital Limited,Financial Services,Credit Services,71.11000061035156,False,237.2,True,True,127.93,127.17,True,,HOLD
MAPMYINDIA,C. E. Info Systems Limited,Technology,Software - Infrastructure,1139.699951171875,False,134.16000000000003,False,False,-39.83,-39.54,False,463.0,EXIT
KOVAI,Kovai Medical Center and Hospital Limited,Healthcare,Medical Care Facilities,5862.0,False,240.79999999999998,False,False,,,False,,EXIT
VIKRAMSOLR,VIKRAMSOLR,Technology,Solar,180.0399932861328,False,318.2,False,False,,,False,3423.0,EXIT
MAXESTATES,MAXESTATES,Real Estate,Real Estate - Development,392.6000061035156,False,29.549999999999997,False,False,-1.74,-18.72,False,160.0,EXIT
GREENLAM,Greenlam Industries Limited,Consumer Cyclical,"Furnishings, Fixtures & Appliances",247.6999969482422,False,87.32000000000001,False,True,0.01,3.42,True,2569.0,HOLD
SHAKTIPUMP,Shakti Pumps (India) Limited,Industrials,Specialty Industrial Machinery,519.4000244140625,False,212.32999999999998,False,False,-38.62,-40.71,False,2516.0,EXIT
BECTORFOOD,Mrs. Bectors Food Specialities Limited,Consumer Defensive,Packaged Foods,209.9600067138672,False,140.88,True,False,-25.2,-31.87,False,1742.0,EXIT
GSFC,Gujarat State Fertilizers & Chemicals Limited,Basic Materials,Agricultural Inputs,160.67999267578125,False,672.78,False,False,-21.88,-24.28,False,11369.0,EXIT
PNCINFRA,PNC Infratech Limited,Industrials,Engineering & Construction,251.05999755859375,False,831.6600000000001,False,True,-22.21,-24.34,False,8650.0,EXIT
UNIMECH,UNIMECH,Industrials,Aerospace & Defense,1334.0999755859375,False,63.28,False,True,17.9,15.68,True,243.0,HOLD
DODLA,Dodla Dairy Limited,Consumer Defensive,Food Distribution,1043.699951171875,False,241.98000000000002,False,False,-16.25,-22.99,False,3720.0,EXIT
KENNAMET,Kennametal India Limited,Industrials,Tools & Accessories,3000.699951171875,True,138.5,False,False,,,False,,EXIT
VMART,V-Mart Retail Limited,Consumer Cyclical,Department Stores,775.3499755859375,False,155.35,False,True,-8.0,-4.57,False,,EXIT
GANESHHOU,Ganesh Housing Limited,Real Estate,Real Estate - Development,778.5,False,250.12,False,True,-1.26,-18.25,False,959.0,EXIT
KALPATARU,KALPATARU,Real Estate,Real Estate - Development,285.1499938964844,False,282.26,True,False,-10.88,-27.74,False,3633.0,EXIT
IBULLSLTD,IBULLSLTD,Real Estate,Real Estate - Development,27.670000076293945,False,419.07,False,True,103.18,84.86,True,310.0,HOLD
KUSUMGAR,KUSUMGAR,Consumer Cyclical,Textile Manufacturing,622.0499877929688,True,0.0,False,False,,,False,,EXIT
DBREALTY,Valor Estate Limited,Real Estate,Real Estate - Development,112.91999816894531,False,143.98,False,False,-24.37,-41.06,False,1133.0,EXIT
FIEMIND,Fiem Industries Limited,Consumer Cyclical,Auto Parts,2324.5,False,255.59,True,True,13.25,16.63,True,2423.0,HOLD
JUSTDIAL,Just Dial Limited,Communication Services,Internet Content & Information,703.75,False,543.8000000000001,True,True,-0.56,-18.96,False,1043.0,HOLD
JSFB,Jana Small Finance Bank Limited,Financial Services,Banks - Regional,573.9000244140625,False,406.65999999999997,False,True,21.02,20.74,True,,HOLD
ISGEC,Isgec Heavy Engineering Limited,Industrials,Specialty Industrial Machinery,832.3499755859375,False,239.20999999999998,False,False,-25.64,-27.76,False,6422.0,EXIT
KMEW,Knowledge Marine & Engineering Works Limited,Industrials,Marine Shipping,2532.199951171875,False,82.08,True,True,197.86,195.23,True,195.0,HOLD
AARTIPHARM,Aarti Pharmalabs Limited,Healthcare,Drug Manufacturers - Specialty & Generic,690.0,False,186.5,False,False,-33.43,-25.97,False,2115.0,EXIT
EBGNG,EBGNG,Technology,Computer Hardware,508.45001220703125,False,142.43,False,True,63.31,62.97,True,1411.0,HOLD
ARVINDFASN,Arvind Fashions Limited,Consumer Cyclical,Apparel Retail,445.8999938964844,False,94.68,True,False,-25.07,-21.59,False,4644.0,EXIT
SENORES,SENORES,Healthcare,Drug Manufacturers - General,1360.5,False,126.37,True,True,85.02,91.7,True,398.0,HOLD
ITDC,India Tourism Development Corporation Limited,Consumer Cyclical,Lodging,705.0499877929688,False,82.69999999999999,True,True,15.27,18.65,True,570.0,HOLD
DCBBANK,DCB Bank Limited,Financial Services,Banks - Regional,191.8000030517578,False,760.85,True,True,41.34,40.97,True,,HOLD
GOKEX,Gokaldas Exports Limited,Consumer Cyclical,Apparel Manufacturing,796.75,False,100.12,False,True,-9.98,-6.55,False,3864.0,EXIT
CEIGALL,CEIGALL,Industrials,Engineering & Construction,339.8500061035156,False,311.88,False,True,24.47,22.23,True,3437.0,HOLD
SIS,SIS Limited,Industrials,Security & Protection Services,430.04998779296875,False,414.55,True,True,12.26,10.05,True,4931.0,HOLD
TVSSCS,TVS Supply Chain Solutions Limited,Industrials,Integrated Freight & Logistics,135.5399932861328,False,114.28,True,True,6.8,4.6,True,9996.0,HOLD
SKIPPER,Skipper Limited,Industrials,Engineering & Construction,546.3499755859375,False,213.14,True,True,2.74,0.56,True,4624.0,HOLD
SAPPHIRE,Sapphire Foods India Limited,Consumer Cyclical,Restaurants,192.3000030517578,False,33.23,False,False,-46.5,-42.98,False,2451.0,EXIT
CORDELIA,CORDELIA,Industrials,Marine Shipping,819.6500244140625,False,28.93,False,False,,,False,,EXIT
ALOKINDS,Alok Industries Limited,Consumer Cyclical,Textile Manufacturing,11.960000038146973,False,719.98,False,False,-44.1,-40.58,False,24153.0,EXIT
TIIL,Technocraft Industries (India) Limited,Industrials,Tools & Accessories,2638.89990234375,False,285.30999999999995,True,True,-17.43,-19.57,False,2596.0,HOLD
MASTEK,Mastek Limited,Technology,Information Technology Services,1842.5999755859375,False,412.43,True,True,-30.78,-30.55,False,3455.0,HOLD
MASFIN,MAS Financial Services Limited,Financial Services,Credit Services,310.75,False,389.33,True,False,-1.2,-1.38,False,,EXIT
FEDFINA,Fedbank Financial Services Limited,Financial Services,Credit Services,149.2899932861328,False,302.82,True,True,12.38,12.14,True,,HOLD
AEROFLEX,Aeroflex Industries Limited,Industrials,Metal Fabrication,463.79998779296875,False,60.09,False,True,142.73,140.22,True,373.0,HOLD
STYLAMIND,Stylam Industries Limited,Consumer Cyclical,"Furnishings, Fixtures & Appliances",3523.0,True,169.77,True,True,85.63,88.84,True,1025.0,ADD
PRAJIND,Praj Industries Limited,Industrials,Engineering & Construction,318.75,False,69.15,False,False,-32.66,-34.76,False,3528.0,EXIT
MOIL,MOIL Limited,Basic Materials,Other Industrial Metals & Mining,282.75,False,303.59000000000003,False,False,-19.68,-22.07,False,1438.0,EXIT
OPTIEMUS,Optiemus Infracom Limited,Technology,Electronics & Computer Distribution,625.6500244140625,False,66.01,False,True,-0.22,-0.17,False,4106.0,EXIT
KSHINTL,KSHINTL,Industrials,Electrical Equipment & Parts,910.25,True,99.0,False,False,,,False,1928.0,EXIT
HAPPSTMNDS,Happiest Minds Technologies Limited,Technology,Information Technology Services,388.1000061035156,False,226.2,False,False,-38.99,-38.7,False,2061.0,EXIT
GOLDIAM,Goldiam International Limited,Consumer Cyclical,Luxury Goods,361.1000061035156,False,170.60000000000002,False,True,33.8,37.13,True,781.0,HOLD
KRISHANA,Krishana Phoschem Limited,Basic Materials,Agricultural Inputs,181.27999877929688,True,146.98000000000002,False,True,63.25,60.62,True,,HOLD
HCC,Hindustan Construction Company Limited,Industrials,Engineering & Construction,21.84000015258789,False,117.73999999999998,False,True,-18.98,-21.12,False,10668.0,EXIT
STYL,STYL,Technology,Software - Infrastructure,361.70001220703125,False,263.76,False,True,,,False,1558.0,EXIT
NIRLON,Nirlon Limited,Real Estate,Real Estate Services,620.0,True,345.98,False,False,,,False,,EXIT
CSBBANK,CSB Bank Limited,Financial Services,Banks - Regional,329.8999938964844,False,664.62,False,False,-25.84,-25.91,False,,EXIT
RPEL,Raghav Productivity Enhancers Limited,Basic Materials,Chemicals,1276.5,True,60.53,True,True,104.8,102.04,True,200.0,ADD
INNOVACAP,Innova Captab Limited,Healthcare,Drug Manufacturers - Specialty & Generic,941.9500122070312,False,140.92,False,True,-5.6,1.68,False,1244.0,EXIT
SETL,Standard Engineering Technology Limited,Industrials,Specialty Industrial Machinery,275.3999938964844,False,80.05000000000001,False,True,45.73,43.45,True,614.0,HOLD
GREAVESCOT,Greaves Cotton Limited,Industrials,Specialty Industrial Machinery,200.0,False,105.17999999999999,False,True,-7.71,-9.87,False,2918.0,EXIT
NEOGEN,Neogen Chemicals Limited,Basic Materials,Specialty Chemicals,2083.199951171875,False,35.559999999999995,False,True,43.0,40.43,True,778.0,HOLD
CCAVENUE,AvenuesAI Limited,Technology,Software - Infrastructure,16.959999084472656,False,279.03,True,True,5.85,5.86,True,3993.0,HOLD
SAATVIKGL,Saatvik Green Energy Limited,Technology,Solar,426.29998779296875,False,337.28,False,False,,,False,2158.0,EXIT
AHLUCONT,Ahluwalia Contracts (India) Limited,Industrials,Engineering & Construction,830.7000122070312,False,265.85999999999996,False,False,-18.33,-20.47,False,4099.0,EXIT
RPTECH,Rashi Peripherals Limited,Technology,Electronics & Computer Distribution,870.9000244140625,True,277.58,True,True,198.59,197.41,True,13258.0,ADD
ENTERO,Entero Healthcare Solutions Limited,Healthcare,Medical Distribution,1231.199951171875,False,115.04,True,True,-15.56,-8.22,False,409.0,HOLD
SMARTWORKS,SMARTWORKS,Real Estate,Real Estate Services,476.6499938964844,False,22.39,True,True,26.24,8.91,True,1374.0,HOLD
PRSMJOHNSN,Prism Johnson Limited,Basic Materials,Building Materials,108.83999633789062,False,88.85000000000001,False,False,-29.26,-31.64,False,7427.0,EXIT
KISSHT,KISSHT,Financial Services,Credit Services,307.6499938964844,False,154.82,False,False,,,False,,EXIT
SUBROS,Subros Limited,Consumer Cyclical,Auto Parts,826.4500122070312,False,165.64999999999998,True,True,-11.59,-8.15,False,3368.0,HOLD
IFBIND,IFB Industries Limited,Consumer Cyclical,"Furnishings, Fixtures & Appliances",1369.4000244140625,False,111.64,False,True,-3.94,-0.52,False,5092.0,EXIT
CYIENTDLM,Cyient DLM Limited,Industrials,Aerospace & Defense,667.5,False,57.410000000000004,False,True,49.97,47.68,True,1520.0,HOLD
INDIGOPNTS,Indigo Paints Limited,Basic Materials,Specialty Chemicals,1089.199951171875,False,177.63,True,True,-9.98,-12.41,False,1277.0,HOLD
GULFOILLUB,Gulf Oil Lubricants India Limited,Basic Materials,Specialty Chemicals,1160.300048828125,False,347.63,True,True,-3.47,-5.91,False,3554.0,HOLD
JAIBALAJI,Jai Balaji Industries Limited,Basic Materials,Steel,63.34000015258789,False,129.95,False,False,-44.35,-46.68,False,6414.0,EXIT
JAMNAAUTO,Jamna Auto Industries Limited,Consumer Cyclical,Auto Parts,142.27000427246094,True,230.98000000000002,False,True,49.76,53.06,True,2361.0,HOLD
SHILCTECH,Shilchar Technologies Limited,Industrials,Electrical Equipment & Parts,4663.7001953125,False,112.22,False,False,,,False,623.0,EXIT
CENTUM,Centum Electronics Limited,Technology,Electronic Components,3698.60009765625,True,72.10000000000001,True,True,67.51,67.14,True,750.0,ADD
SURYAROSNI,Surya Roshni Limited,Basic Materials,Steel,238.22000122070312,False,285.81,False,False,-28.23,-30.6,False,7997.0,EXIT
CRAMC,CRAMC,Financial Services,Asset Management,266.6000061035156,False,230.68999999999997,False,False,,,False,,EXIT
PTC,PTC India Limited,Utilities,Utilities - Independent Power Producers,183.44000244140625,False,605.63,False,True,11.56,1.73,True,18346.0,HOLD
VADILALIND,Vadilal Industries Limited,Consumer Defensive,Packaged Foods,7294.5,True,155.42000000000002,True,True,42.73,35.6,True,1238.0,ADD
IONEXCHANG,Ion Exchange (India) Limited,Industrials,Pollution & Treatment Controls,424.6000061035156,False,156.49,False,True,-10.17,-12.33,False,2737.0,EXIT
PDSL,PDS Limited,Industrials,Specialty Business Services,352.54998779296875,False,127.16999999999999,False,True,0.83,-1.35,False,12578.0,EXIT
CARERATING,CARE Ratings Limited,Financial Services,Financial Data & Stock Exchanges,1729.4000244140625,False,171.17999999999998,True,True,1.54,1.35,True,402.0,HOLD
DEEDEV,DEEDEV,Industrials,Metal Fabrication,657.75,False,195.54,True,True,141.09,138.59,True,827.0,HOLD
LGBBROSLTD,L.G. Balakrishnan & Bros Limited,Consumer Cyclical,Auto Parts,1519.800048828125,False,309.17,False,False,13.94,17.32,True,2578.0,EXIT
BALUFORGE,Balu Forge Industries Limited,Industrials,Metal Fabrication,439.45001220703125,False,258.9,True,False,-30.35,-32.46,False,924.0,EXIT
RUSTOMJEE,Keystone Realtors Limited,Real Estate,Real Estate - Development,411.79998779296875,False,78.86000000000001,False,False,-20.98,-37.71,False,2222.0,EXIT
GOODLUCK,Goodluck India Limited,Basic Materials,Steel,1502.300048828125,False,180.43,True,True,38.09,35.52,True,3936.0,HOLD
EMIL,Electronics Mart India Limited,Consumer Cyclical,Specialty Retail,133.1699981689453,False,107.13000000000001,False,True,0.06,3.47,True,6965.0,HOLD
ORCHPHARMA,Orchid Pharma Limited,Healthcare,Drug Manufacturers - Specialty & Generic,1006.4000244140625,False,57.019999999999996,False,True,14.92,22.06,True,1948.0,HOLD
SHARDAMOTR,Sharda Motor Industries Limited,Consumer Cyclical,Auto Parts,887.9500122070312,False,339.93,True,False,-22.26,-18.8,False,2837.0,EXIT
PURVA,Puravankara Limited,Real Estate,Real Estate - Development,208.47000122070312,False,283.39,True,False,-15.69,-32.49,False,2185.0,EXIT
QUESS,Quess Corp Limited,Industrials,Staffing & Employment Services,323.04998779296875,False,251.93,False,True,9.93,7.73,True,19100.0,HOLD
LXCHEM,Laxmi Organic Industries Limited,Basic Materials,Specialty Chemicals,184.2899932861328,False,136.06,False,True,-5.03,-7.47,False,3084.0,EXIT
BLISSGVS,Bliss GVS Pharma Limited,Healthcare,Drug Manufacturers - Specialty & Generic,489.75,False,129.14,True,True,162.62,168.79,True,899.0,HOLD
LUMAXIND,Lumax Industries Limited,Consumer Cyclical,Auto Parts,5704.5,False,172.48000000000002,True,True,41.43,44.74,True,3400.0,HOLD
THOMASCOOK,Thomas Cook (India) Limited,Consumer Cyclical,Travel Services,105.97000122070312,False,218.85000000000002,False,False,-41.25,-37.74,False,11248.0,EXIT
GUJALKALI,Gujarat Alkalies and Chemicals Limited,Basic Materials,Chemicals,683.5,False,106.25,False,True,16.75,14.25,True,4516.0,HOLD
BANSALWIRE,BANSALWIRE,Basic Materials,Steel,314.70001220703125,False,143.08,False,True,-18.72,-21.12,False,3507.0,EXIT
DATAMATICS,Datamatics Global Services Limited,Technology,Information Technology Services,840.3499755859375,False,175.82999999999998,False,True,-21.27,-21.09,False,1723.0,EXIT
SSWL,Steel Strips Wheels Limited,Consumer Cyclical,Auto Parts,316.5,True,212.43000000000004,False,True,35.31,38.64,True,4429.0,HOLD
TRIVENI,Triveni Engineering & Industries Limited,Consumer Defensive,Confectioners,243.91000366210938,False,257.32,False,False,-26.3,-32.96,False,5689.0,EXIT
GVPIL,GE Power India Limited,Industrials,Engineering & Construction,758.6500244140625,False,252.60999999999999,True,True,141.33,138.83,True,3343.0,HOLD
PILANIINVS,Pilani Investment and Industries Corporation Limited,Financial Services,Asset Management,4344.2998046875,False,67.87,False,False,-17.58,-17.68,False,305.0,EXIT
SWSOLAR,Sterling and Wilson Renewable Energy Limited,Technology,Solar,206.10000610351562,False,223.53,False,False,-29.12,-28.89,False,8210.0,EXIT
RBA,Restaurant Brands Asia Limited,Consumer Cyclical,Restaurants,84.91000366210938,False,184.77,True,True,-2.97,0.45,False,2551.0,HOLD
SYMPHONY,Symphony Limited,Consumer Cyclical,"Furnishings, Fixtures & Appliances",672.2999877929688,False,359.0,True,False,-43.37,-39.85,False,1576.0,EXIT
ICRA,ICRA Limited,Financial Services,Financial Data & Stock Exchanges,5149.0,False,189.87,True,False,-21.27,-21.36,False,498.0,EXIT
TFCILTD,Tourism Finance Corporation of India Limited,Financial Services,Credit Services,109.4800033569336,True,154.12,True,True,96.15,95.53,True,,ADD
UNIVCABLES,Universal Cables Limited,Industrials,Electrical Equipment & Parts,1427.699951171875,True,163.1,True,True,97.47,95.06,True,2407.0,ADD
EPIGRAL,Epigral Limited,Basic Materials,Chemicals,1100.699951171875,False,271.02,False,False,-41.12,-43.46,False,2550.0,EXIT
RTNPOWER,RattanIndia Power Limited,Utilities,Utilities - Independent Power Producers,8.739999771118164,False,156.06,False,False,-25.99,-34.81,False,3364.0,EXIT
RENUKA,Shree Renuka Sugars Limited,Consumer Defensive,Confectioners,22.40999984741211,False,515.1,False,False,-22.31,-29.0,False,11844.0,EXIT
YASHO,Yasho Industries Limited,Basic Materials,Specialty Chemicals,4359.89990234375,True,25.259999999999998,False,True,134.34,131.51,True,672.0,HOLD
VRLLOG,VRL Logistics Limited,Industrials,Trucking,280.25,False,261.2,False,True,-6.64,-8.81,False,,EXIT
NORTHARC,Northern Arc Capital Limited,Financial Services,Credit Services,285.04998779296875,False,428.64,False,True,22.31,22.03,True,,HOLD
HIRECT,Hind Rectifiers Limited,Industrials,Electrical Equipment & Parts,1320.4000244140625,True,44.68,True,True,31.55,29.29,True,655.0,ADD
AGI,AGI Greenpac Limited,Consumer Cyclical,Packaging & Containers,714.7000122070312,False,375.03,True,True,-32.49,-29.0,False,2712.0,HOLD
FCL,Fineotex Chemical Limited,Basic Materials,Specialty Chemicals,38.439998626708984,False,122.34999999999998,False,True,51.3,48.7,True,569.0,HOLD
RPGLIFE,RPG Life Sciences Limited,Healthcare,Drug Manufacturers - Specialty & Generic,2745.699951171875,False,109.07999999999998,False,True,6.02,13.22,True,653.0,HOLD
MPSLTD,MPS Limited,Communication Services,Publishing,2726.10009765625,False,188.37,True,True,33.6,14.75,True,727.0,HOLD
RESPONIND,Responsive Industries Limited,Basic Materials,Specialty Chemicals,176.49000549316406,False,148.42000000000002,False,False,-19.54,-21.94,False,2515.0,EXIT
DHANUKA,Dhanuka Agritech Limited,Basic Materials,Agricultural Inputs,1008.0999755859375,False,268.77,False,False,-39.74,-42.09,False,2035.0,EXIT
NETWORK18,Network18 Media & Investments Limited,Communication Services,Entertainment,30.049999237060547,False,223.24,False,False,-35.04,-52.98,False,9297.0,EXIT
TEXRAIL,Texmaco Rail & Engineering Limited,Industrials,Railroads,108.76000213623047,False,195.14000000000001,False,False,-26.53,-28.65,False,5107.0,EXIT
HAWKINCOOK,Hawkins Cookers Limited,Consumer Cyclical,"Furnishings, Fixtures & Appliances",8566.0,False,103.68,False,False,,,False,,EXIT
SGFIN,SG Finserve Limited,Financial Services,Capital Markets,705.9000244140625,True,152.94000000000003,False,True,,,False,,EXIT
VAIBHAVGBL,Vaibhav Global Limited,Consumer Cyclical,Luxury Goods,270.1000061035156,False,252.64999999999998,False,True,11.25,14.63,True,3380.0,HOLD
SUNTECK,Sunteck Realty Limited,Real Estate,Real Estate - Development,302.8500061035156,False,197.36,True,False,-8.0,-24.9,False,808.0,EXIT
PACEDIGITK,Pace Digitek Limited,Technology,Communication Equipment,198.80999755859375,False,296.31,False,True,,,False,2321.0,EXIT
NACLIND,NACL Industries Limited,Basic Materials,Agricultural Inputs,181.1300048828125,False,31.86,False,True,-45.2,-47.53,False,2116.0,EXIT
SWARAJENG,Swaraj Engines Limited,Consumer Cyclical,Auto Parts,3598.60009765625,False,202.16,False,False,-17.64,-14.19,False,,EXIT
MHRIL,Mahindra Holidays & Resorts India Limited,Consumer Cyclical,Resorts & Casinos,227.97999572753906,False,60.31999999999999,False,False,-43.1,-39.58,False,1400.0,EXIT
ELECTCAST,Electrosteel Castings Limited,Industrials,Building Products & Equipment,71.56999969482422,False,205.2,False,False,-36.73,-38.83,False,7478.0,EXIT
BANARISUG,Bannari Amman Sugars Limited,Consumer Defensive,Confectioners,3480.39990234375,False,147.92000000000002,False,False,-4.22,-11.03,False,,EXIT
STYRENIX,Styrenix Performance Materials Limited,Basic Materials,Chemicals,2488.60009765625,False,186.46000000000004,False,True,-14.44,-16.86,False,2982.0,EXIT
ANUP,The Anup Engineering Limited,Industrials,Specialty Industrial Machinery,2189.5,False,110.38000000000001,False,True,-19.28,-21.42,False,733.0,EXIT
MSTCLTD,MSTC Limited,Industrials,Conglomerates,599.7999877929688,False,218.43,False,True,24.86,22.62,True,5689.0,HOLD
IDEAFORGE,ideaForge Technology Limited,Technology,Computer Hardware,882.2999877929688,False,143.11,False,True,100.64,100.06,True,317.0,HOLD
JUNIPER,Juniper Hotels Limited,Consumer Cyclical,Lodging,195.97000122070312,False,141.61,True,False,-38.46,-34.95,False,944.0,EXIT
RTNINDIA,RattanIndia Enterprises Limited,Consumer Cyclical,Internet Retail,32.529998779296875,False,1170.8600000000001,True,False,-47.85,-44.32,False,6866.0,EXIT
RAYMONDLSL,Raymond Lifestyle Limited,Consumer Cyclical,Apparel Manufacturing,743.7999877929688,False,159.69,True,False,-44.94,-41.42,False,6535.0,EXIT
MIDWESTLTD,MIDWESTLTD,Basic Materials,Building Materials,1216.800048828125,False,115.20000000000002,False,False,,,False,370.0,EXIT
SBCL,Shivalik Bimetal Controls Limited,Industrials,Metal Fabrication,778.0,True,95.86000000000001,True,True,45.09,42.8,True,509.0,ADD
AVANTEL,Avantel Limited,Technology,Communication Equipment,164.07000732421875,False,16.13,False,True,21.48,21.4,True,249.0,HOLD
IOLCP,IOL Chemicals and Pharmaceuticals Limited,Healthcare,Drug Manufacturers - Specialty & Generic,153.74000549316406,False,137.64,False,True,40.64,47.61,True,2217.0,HOLD
SHOPERSTOP,Shoppers Stop Limited,Consumer Cyclical,Department Stores,406.8500061035156,False,62.46,False,True,-30.1,-26.62,False,4436.0,EXIT
63MOONS,63 moons technologies limited,Technology,Software - Application,864.2000122070312,False,56.26,False,True,-16.88,-16.73,False,568.0,EXIT
RAYMONDREL,Raymond Realty Limited,Real Estate,Real Estate - Development,672.7000122070312,False,230.31000000000003,False,True,10.33,-6.8,False,565.0,EXIT
VIPIND,V.I.P. Industries Limited,Consumer Cyclical,Footwear & Accessories,301.5,False,338.01,True,False,-42.17,-38.65,False,2245.0,EXIT
RALLIS,Rallis India Limited,Basic Materials,Agricultural Inputs,217.60000610351562,False,237.0,False,False,-44.16,-46.49,False,2967.0,EXIT
CMSINFO,CMS Info Systems Limited,Industrials,Specialty Business Services,279.3999938964844,False,327.6,False,False,-39.19,-41.28,False,2425.0,EXIT
LASERPOWER,LASERPOWER,Industrials,Electrical Equipment & Parts,287.45001220703125,False,0.0,False,False,,,False,,EXIT
WEBELSOLAR,Websol Energy System Limited,Technology,Solar,96.31999969482422,False,256.64,True,True,-27.71,-27.49,False,575.0,HOLD
RAMRAT,Ram Ratna Wires Limited,Industrials,Electrical Equipment & Parts,429.25,False,107.06,True,True,21.67,19.44,True,3677.0,HOLD
TATVA,Tatva Chintan Pharma Chem Limited,Basic Materials,Specialty Chemicals,1766.300048828125,False,51.38,False,True,51.87,49.27,True,434.0,HOLD
REFEX,Refex Industries Limited,Energy,Thermal Coal,306.3500061035156,False,229.71000000000004,True,True,-39.9,-31.44,False,2468.0,HOLD
KIRLOSIND,Kirloskar Industries Limited,Industrials,Metal Fabrication,3945.39990234375,False,158.92,False,True,-8.52,-10.69,False,6629.0,EXIT
WAKEFIT,WAKEFIT,Consumer Cyclical,"Furnishings, Fixtures & Appliances",128.02000427246094,False,182.20999999999998,False,False,,,False,,EXIT
VISHNU,Vishnu Chemicals Limited,Basic Materials,Specialty Chemicals,594.0499877929688,False,142.26,False,True,18.36,15.85,True,1447.0,HOLD
SOTL,Savita Oil Technologies Limited,Basic Materials,Specialty Chemicals,643.0,True,181.83,False,True,57.95,55.33,True,3813.0,HOLD
MUTHOOTMF,MUTHOOTMF,Financial Services,Credit Services,226.3000030517578,False,540.89,False,True,41.49,41.12,True,,HOLD
AYE,AYE,Financial Services,Credit Services,167.77000427246094,False,225.01,False,False,,,False,,EXIT
MAHLOG,Mahindra Logistics Limited,Industrials,Integrated Freight & Logistics,421.0,False,59.629999999999995,False,True,29.55,27.3,True,6105.0,HOLD
KDDL,KDDL Limited,Consumer Cyclical,Luxury Goods,3652.800048828125,True,88.10999999999999,False,True,29.68,33.02,True,1648.0,HOLD
TARC,TARC Limited,Real Estate,Real Estate - Development,133.30999755859375,False,92.64,True,False,-12.74,-29.57,False,369.0,EXIT
AURIONPRO,Aurionpro Solutions Limited,Technology,Software - Application,738.5,False,200.82,True,False,-51.96,-51.59,False,1173.0,EXIT
MOSCHIP,MOSCHIP,Technology,Semiconductor Equipment & Materials,208.58999633789062,False,25.66,False,True,18.63,18.56,True,387.0,HOLD
INDOSTAR,IndoStar Capital Finance Limited,Financial Services,Credit Services,238.3000030517578,False,989.2800000000001,True,True,-23.59,-23.66,False,,HOLD
GHCL,GHCL Limited,Basic Materials,Chemicals,445.1000061035156,False,516.03,False,False,-24.77,-27.16,False,4545.0,EXIT
SANATHAN,SANATHAN,Consumer Cyclical,Textile Manufacturing,477.95001220703125,False,86.89,False,True,-11.74,-8.3,False,3329.0,EXIT
POCL,Pondy Oxides And Chemicals Limited,Basic Materials,Specialty Chemicals,531.2000122070312,False,114.61,False,True,15.32,12.82,True,2057.0,HOLD
SAMHI,SAMHI Hotels Limited,Consumer Cyclical,Lodging,171.75,False,456.43000000000006,True,True,-28.37,-24.89,False,1130.0,HOLD
KSCL,Kaveri Seed Company Limited,Basic Materials,Agricultural Inputs,779.7000122070312,False,382.32,True,False,-29.97,-32.34,False,1202.0,EXIT
MANINDS,Man Industries (India) Limited,Basic Materials,Steel,542.7000122070312,False,170.49,False,True,17.9,15.4,True,3505.0,HOLD
NRBBEARING,NRB Bearings Limited,Consumer Cyclical,Auto Parts,429.8999938964844,True,142.75,False,True,43.96,47.27,True,1078.0,HOLD
MANINFRA,Man Infraconstruction Limited,Industrials,Engineering & Construction,111.61000061035156,False,200.57999999999998,False,False,-36.55,-38.65,False,1890.0,EXIT
CAPILLARY,CAPILLARY,Technology,Software - Infrastructure,534.9500122070312,False,71.45,True,False,,,False,598.0,EXIT
BAJAJHIND,Bajaj Hindusthan Sugar Limited,Consumer Defensive,Confectioners,18.059999465942383,False,684.3100000000001,True,False,-18.63,-25.35,False,6806.0,EXIT
ASHIANA,Ashiana Housing Limited,Real Estate,Real Estate - Development,387.79998779296875,False,117.88999999999999,True,True,35.22,17.77,True,944.0,HOLD
GUFICBIO,Gufic Biosciences Limited,Healthcare,Drug Manufacturers - Specialty & Generic,397.04998779296875,False,64.21000000000001,False,True,-6.57,0.72,False,820.0,EXIT
GUJTHEM,Gujarat Themis Biosyn Limited,Healthcare,Drug Manufacturers - Specialty & Generic,353.70001220703125,False,46.67,False,False,-15.97,-8.63,False,170.0,EXIT
SHAREINDIA,Share India Securities Limited,Financial Services,Capital Markets,176.0800018310547,False,354.71000000000004,False,True,-4.13,-4.3,False,1483.0,EXIT
JTEKTINDIA,JTEKT India Limited,Consumer Cyclical,Auto Parts,140.77000427246094,False,76.9,False,True,4.72,8.12,True,2044.0,HOLD
AGIIL,AGI Infra Limited,Real Estate,Real Estate - Development,306.8500061035156,False,94.86,True,False,56.36,38.64,True,325.0,HOLD
FOSECOIND,Foseco India Limited,Basic Materials,Chemicals,5263.0,False,87.01,True,True,-1.0,-3.45,False,643.0,HOLD
GMMPFAUDLR,GMM Pfaudler Limited,Industrials,Specialty Industrial Machinery,847.7000122070312,False,63.269999999999996,False,False,-37.83,-39.93,False,3446.0,EXIT
ZOTA,Zota Health Care Limited,Healthcare,Biotechnology,1252.5,False,70.88,True,False,-8.1,-0.81,False,292.0,EXIT
PSPPROJECT,PSP Projects Limited,Industrials,Engineering & Construction,934.7000122070312,False,57.68,False,True,35.12,32.86,True,2512.0,HOLD
EIEL,EIEL,Industrials,Engineering & Construction,224.47999572753906,False,207.46999999999997,False,True,-12.8,-14.95,False,1046.0,EXIT
RAYMOND,Raymond Limited,Industrials,Specialty Industrial Machinery,605.0999755859375,False,5462.66,False,True,-6.81,-8.98,False,8215.0,EXIT
AARTIDRUGS,Aarti Drugs Limited,Healthcare,Drug Manufacturers - Specialty & Generic,414.04998779296875,False,194.92,False,True,-27.08,-19.66,False,2716.0,EXIT
VSTTILLERS,V.S.T. Tillers Tractors Limited,Industrials,Farm & Heavy Construction Machinery,4462.39990234375,False,104.72,False,False,-4.41,-6.58,False,1006.0,EXIT
KERNEX,Kernex Microsystems (India) Limited,Technology,Software - Application,2419.10009765625,True,88.33,True,True,123.68,122.96,True,190.0,ADD
JINDWORLD,Jindal Worldwide Limited,Consumer Cyclical,Textile Manufacturing,39.880001068115234,False,69.81,False,True,-6.81,-3.38,False,2559.0,EXIT
BAJAJELEC,Bajaj Electricals Limited,Consumer Cyclical,"Furnishings, Fixtures & Appliances",349.70001220703125,False,161.58999999999997,False,False,-50.37,-46.83,False,6662.0,EXIT
HEMIPROP,Hemisphere Properties India Limited,Real Estate,Real Estate - Diversified,138.8800048828125,False,8.66,False,True,24.34,7.03,True,,HOLD
KSL,Kalyani Steels Limited,Basic Materials,Steel,870.9000244140625,False,257.86,True,True,-2.11,-4.56,False,1982.0,HOLD
DEEPINDS,Deep Industries Limited,Energy,Oil & Gas E&P,654.0,True,235.19,False,True,15.43,22.36,True,477.0,HOLD
EMUDHRA,eMudhra Limited,Technology,Software - Application,514.0,False,114.66,True,True,-38.05,-37.77,False,519.0,HOLD
NOVARTIND,Novartis India Limited,Healthcare,Drug Manufacturers - Specialty & Generic,1622.0,True,73.55,False,False,,,False,,EXIT
BOSCH-HCIL,Bosch Home Comfort India Limited,Consumer Cyclical,"Furnishings, Fixtures & Appliances",1439.4000244140625,False,115.11,False,True,-24.58,-21.11,False,,EXIT
SANDHAR,Sandhar Technologies Limited,Consumer Cyclical,Auto Parts,645.3499755859375,False,198.66,True,True,24.76,28.11,True,3884.0,HOLD
BHAGCHEM,Bhagiradha Chemicals & Industries Limited,Basic Materials,Agricultural Inputs,286.1000061035156,False,18.17,False,True,-7.31,-9.75,False,502.0,EXIT
SINDHUTRAD,Sindhu Trade Links Limited,Industrials,Conglomerates,24.3700008392334,False,57.44,False,True,-9.33,-11.49,False,1140.0,EXIT
WSTCSTPAPR,West Coast Paper Mills Limited,Basic Materials,Paper & Paper Products,571.75,False,150.59,False,True,9.23,6.75,True,4921.0,HOLD
VSTIND,VST Industries Limited,Consumer Defensive,Tobacco,221.22000122070312,False,275.47,True,False,-18.46,-25.18,False,471.0,EXIT
OSWALPUMPS,OSWALPUMPS,Industrials,Electrical Equipment & Parts,325.70001220703125,False,376.27000000000004,False,False,-58.08,-60.13,False,1430.0,EXIT
LUXIND,Lux Industries Limited,Consumer Cyclical,Apparel Manufacturing,1267.9000244140625,False,103.81,False,True,-12.98,-9.54,False,2583.0,EXIT
SEAMECLTD,Seamec Limited,Industrials,Marine Shipping,1480.5,False,306.35,True,True,85.14,82.76,True,729.0,HOLD
ORIENTELEC,Orient Electric Limited,Consumer Cyclical,"Furnishings, Fixtures & Appliances",176.74000549316406,False,115.27,False,False,-24.16,-20.68,False,,EXIT
DBCORP,D. B. Corp Limited,Communication Services,Publishing,210.17999267578125,False,339.26,False,False,-8.04,-26.34,False,2463.0,EXIT
SPECTRUM,SPECTRUM,Industrials,Electrical Equipment & Parts,2552.10009765625,True,50.11,False,True,61.11,58.79,True,397.0,HOLD
ELLEN,ELLEN,Basic Materials,Chemicals,282.1499938964844,False,103.94,False,False,-50.6,-52.91,False,,EXIT
INDIQUBE,INDIQUBE,Real Estate,Real Estate Services,171.92999267578125,False,100.92,False,False,-5.85,-22.78,False,,EXIT
INDOTECH,Indo Tech Transformers Limited,Industrials,Electrical Equipment & Parts,3556.0,True,92.77,False,True,115.09,112.65,True,,HOLD
HARSHA,Harsha Engineers International Limited,Industrials,Tools & Accessories,408.1000061035156,False,155.2,True,True,-4.99,-7.16,False,1408.0,HOLD
JKIL,J. Kumar Infraprojects Limited,Industrials,Engineering & Construction,493.1499938964844,False,410.04,True,False,-30.95,-33.06,False,5693.0,EXIT
TRUALT,TRUALT,Energy,Oil & Gas Refining & Marketing,436.70001220703125,False,192.16,True,True,,,False,1908.0,HOLD
UNICHEMLAB,Unichem Laboratories Limited,Healthcare,Drug Manufacturers - Specialty & Generic,500.29998779296875,False,297.56000000000006,False,True,-22.02,-14.63,False,2111.0,EXIT
ROSSTECH,Rossell Techsys Limited,Industrials,Aerospace & Defense,1064.199951171875,True,25.740000000000002,False,True,87.2,84.82,True,260.0,HOLD
ROLEXRINGS,Rolex Rings Limited,Industrials,Metal Fabrication,141.33999633789062,False,141.4,False,True,-0.84,-3.02,False,,EXIT
PREMEXPLN,Premier Explosives Limited,Basic Materials,Specialty Chemicals,661.0999755859375,False,45.82,True,True,49.06,46.47,True,417.0,HOLD
GREENPLY,Greenply Industries Limited,Basic Materials,Lumber & Wood Production,287.6499938964844,False,98.62,False,True,-10.28,-12.7,False,2488.0,EXIT
SANGHVIMOV,Sanghvi Movers Limited,Industrials,Rental & Leasing Services,438.54998779296875,False,184.29,True,True,63.26,60.93,True,782.0,HOLD
SAMBHV,SAMBHV,Basic Materials,Steel,124.7300033569336,False,124.86,False,True,-1.1,-3.55,False,1511.0,EXIT
MARINE,Marine Electricals (India) Limited,Industrials,Electrical Equipment & Parts,300.6000061035156,False,60.13,True,True,66.75,64.42,True,767.0,HOLD
ADVENZYMES,Advanced Enzyme Technologies Limited,Basic Materials,Specialty Chemicals,322.6499938964844,False,168.72000000000003,True,True,-3.04,-5.49,False,637.0,HOLD
XPROINDIA,Xpro India Limited,Basic Materials,Specialty Chemicals,1178.199951171875,False,30.2,False,True,3.47,1.01,True,533.0,HOLD
HGINFRA,H.G. Infra Engineering Limited,Industrials,Engineering & Construction,547.5,False,330.37,False,False,-48.51,-50.58,False,5378.0,EXIT
NFL,National Fertilizers Limited,Basic Materials,Agricultural Inputs,71.83999633789062,False,361.99,False,False,-25.83,-28.21,False,29587.0,EXIT
SMSPHARMA,SMS Pharmaceuticals Limited,Healthcare,Drug Manufacturers - General,363.5,False,101.97999999999999,True,True,49.33,56.24,True,783.0,HOLD
GRAUWEIL,Grauer & Weil (India) Limited,Basic Materials,Specialty Chemicals,71.75,False,164.01999999999998,False,False,,,False,,EXIT
POLYPLEX,Polyplex Corporation Limited,Basic Materials,Specialty Chemicals,1116.5999755859375,False,83.57000000000001,False,True,-1.37,-3.83,False,7652.0,EXIT
HEIDELBERG,HeidelbergCement India Limited,Basic Materials,Building Materials,156.1300048828125,False,139.59,False,False,-28.01,-30.39,False,,EXIT
VENUSPIPES,Venus Pipes and Tubes Limited,Basic Materials,Steel,1633.9000244140625,False,101.96000000000001,False,True,16.25,13.75,True,,HOLD
WHEELS,Wheels India Limited,Consumer Cyclical,Auto Parts,1408.800048828125,False,163.46,True,True,80.3,83.52,True,4977.0,HOLD
KNRCON,KNR Constructions Limited,Industrials,Engineering & Construction,128.22999572753906,False,437.0799999999999,False,False,-40.78,-42.87,False,4753.0,EXIT
KOLTEPATIL,Kolte-Patil Developers Limited,Real Estate,Real Estate - Development,398.0,False,97.2,False,True,9.67,-7.46,False,1717.0,EXIT
CRIZAC,CRIZAC,Consumer Defensive,Education & Training Services,191.74000549316406,False,174.38,False,False,-37.74,-44.33,False,849.0,EXIT
PITTIENG,Pitti Engineering Limited,Industrials,Metal Fabrication,939.75,False,117.8,False,True,0.03,-2.16,False,1705.0,EXIT
ROUTE,Route Mobile Limited,Communication Services,Telecom Services,532.5999755859375,False,322.84,False,False,-24.9,-42.98,False,4576.0,EXIT
ASHOKA,Ashoka Buildcon Limited,Industrials,Engineering & Construction,120.33000183105469,False,2549.9999999999995,True,False,-41.16,-43.24,False,10037.0,EXIT
UFLEX,Uflex Limited,Consumer Cyclical,Packaging & Containers,475.3500061035156,False,317.1,False,True,-24.82,-21.35,False,15036.0,EXIT
GOPAL,Gopal Snacks Limited,Consumer Defensive,Packaged Foods,277.20001220703125,False,73.64999999999999,False,False,-20.25,-26.96,False,,EXIT
FUSION,Fusion Finance Limited,Financial Services,Credit Services,208.92999267578125,False,385.05,False,True,26.97,26.67,True,,HOLD
INDRAMEDCO,Indraprastha Medical Corporation Limited,Healthcare,Medical Care Facilities,370.45001220703125,False,175.17,False,False,-29.6,-22.16,False,,EXIT
CARYSIL,Carysil Limited,Consumer Cyclical,"Furnishings, Fixtures & Appliances",1178.199951171875,True,98.19,True,True,33.53,36.87,True,816.0,ADD
RELTD,Ravindra Energy Limited,Technology,Solar,168.55999755859375,False,80.96000000000001,True,True,16.23,16.18,True,765.0,HOLD
NIITMTS,NIIT Learning Systems Limited,Consumer Defensive,Education & Training Services,250.19000244140625,False,255.82,True,False,-18.63,-25.35,False,1653.0,EXIT
UNIPARTS,Uniparts India Limited,Industrials,Farm & Heavy Construction Machinery,732.9500122070312,True,158.3,True,True,108.42,105.99,True,929.0,ADD
FILATEX,Filatex India Limited,Consumer Cyclical,Textile Manufacturing,77.91999816894531,True,191.11,True,True,32.48,35.81,True,4252.0,ADD
MAYURUNIQ,Mayur Uniquoters Limited,Consumer Cyclical,Textile Manufacturing,774.4500122070312,False,191.73,True,True,40.75,44.07,True,880.0,HOLD
ARSSBL,ARSSBL,Financial Services,Financial Conglomerates,515.3499755859375,False,101.91,False,False,,,False,844.0,EXIT
RML,Rane (Madras) Limited,Consumer Cyclical,Auto Parts,1173.5999755859375,False,107.48,True,True,31.95,35.29,True,3463.0,HOLD
DREDGECORP,Dredging Corporation of India Limited,Industrials,Engineering & Construction,1120.9000244140625,False,169.05,False,True,66.96,64.62,True,,HOLD
NPST,NPST,Technology,Software - Application,1521.199951171875,False,46.94,False,True,-39.4,-39.11,False,173.0,EXIT
JASH,Jash Engineering Limited,Industrials,Specialty Industrial Machinery,495.0,False,85.26,False,True,-14.39,-16.54,False,735.0,EXIT
APCOTEXIND,Apcotex Industries Limited,Basic Materials,Specialty Chemicals,626.2000122070312,False,161.20000000000002,True,True,45.9,43.31,True,352.0,HOLD
GANECOS,Ganesha Ecosphere Limited,Consumer Cyclical,Textile Manufacturing,1126.800048828125,False,39.21,False,True,-30.08,-26.6,False,1133.0,EXIT
SHANTIGEAR,Shanthi Gears Limited,Industrials,Specialty Industrial Machinery,409.5,False,65.0,False,False,-25.66,-27.78,False,,EXIT
STEELCAS,Steelcast Limited,Basic Materials,Steel,339.04998779296875,True,90.69,False,True,63.45,60.81,True,,HOLD
MOREPENLAB,Morepen Laboratories Limited,Healthcare,Drug Manufacturers - Specialty & Generic,69.18000030517578,False,94.87,False,True,8.83,16.02,True,1812.0,HOLD
EUROPRATIK,EUROPRATIK,Basic Materials,Building Materials,317.79998779296875,False,81.94,False,True,,,False,284.0,EXIT
RSYSTEMS,R Systems International Limited,Technology,Information Technology Services,271.6000061035156,False,213.01,True,False,-39.81,-39.51,False,1958.0,EXIT
RPSGVENT,RPSG Ventures Limited,Technology,Information Technology Services,959.8499755859375,False,304.16,True,True,0.86,0.91,True,9608.0,HOLD
MONARCH,Monarch Networth Capital Limited,Financial Services,Capital Markets,394.25,False,181.19,True,True,11.16,10.93,True,328.0,HOLD
CHEMPLASTS,Chemplast Sanmar Limited,Basic Materials,Chemicals,194.41000366210938,False,279.87,False,False,-54.05,-56.35,False,5892.0,EXIT
HERITGFOOD,Heritage Foods Limited,Consumer Defensive,Packaged Foods,335.54998779296875,False,124.32999999999998,False,False,-26.41,-33.08,False,4135.0,EXIT
KKCL,Kewal Kiran Clothing Limited,Consumer Cyclical,Apparel Manufacturing,534.5499877929688,False,125.57,False,True,-10.2,-6.76,False,1003.0,EXIT
NITINSPIN,Nitin Spinners Limited,Consumer Cyclical,Textile Manufacturing,571.6500244140625,True,177.55,False,True,51.02,54.31,True,,HOLD
CARRARO,CARRARO,Consumer Cyclical,Auto Parts,540.4000244140625,False,130.55,True,True,0.95,4.36,True,1808.0,HOLD
INTERARCH,Interarch Building Solutions Limited,Industrials,Engineering & Construction,1843.0999755859375,False,134.52,False,False,-17.39,-19.53,False,,EXIT
WONDERLA,Wonderla Holidays Limited,Consumer Cyclical,Leisure,508.8500061035156,False,85.22,False,False,-25.26,-21.79,False,,EXIT
STALLION,STALLION,Basic Materials,Specialty Chemicals,268.54998779296875,False,43.84,False,True,106.25,103.49,True,,HOLD
BUILDPRO,Shankara Buildpro Limited,Consumer Cyclical,Home Improvement Retail,1337.800048828125,True,102.75999999999999,False,False,,,False,5267.0,EXIT
TVSSRICHAK,TVS Srichakra Limited,Consumer Cyclical,Auto Parts,3982.199951171875,False,71.23,False,False,29.68,33.02,True,3254.0,EXIT
DPABHUSHAN,D. P. Abhushan Limited,Consumer Cyclical,Luxury Goods,1486.5999755859375,False,239.86,True,True,-16.89,-13.43,False,3307.0,HOLD
SANGAMIND,Sangam (India) Limited,Consumer Cyclical,Textile Manufacturing,613.2999877929688,True,121.49,False,True,50.42,53.71,True,2843.0,HOLD
ELPROINTL,Elpro International Limited,Unknown,Unknown,178.89999389648438,True,271.30999999999995,False,False,,,False,,EXIT
ADFFOODS,ADF Foods Limited,Consumer Defensive,Packaged Foods,273.25,False,91.97,True,True,14.81,7.87,True,590.0,HOLD
NAVNETEDUL,Navneet Education Limited,Communication Services,Publishing,128.6300048828125,False,366.0,False,False,0.54,-17.88,False,1781.0,EXIT
HLEGLAS,HLE Glascoat Limited,Industrials,Specialty Industrial Machinery,422.95001220703125,False,47.77,False,True,-4.13,-6.3,False,649.0,EXIT
JTLIND,JTL Industries Limited,Basic Materials,Steel,78.86000061035156,False,98.86999999999999,False,True,11.47,8.98,True,2040.0,HOLD
VSSL,Vardhman Special Steels Limited,Basic Materials,Steel,304.79998779296875,True,108.75999999999999,False,True,13.26,10.76,True,1764.0,HOLD
BALMLAWRIE,Balmer Lawrie & Co. Ltd.,Industrials,Conglomerates,174.4199981689453,False,276.59000000000003,True,False,-19.34,-21.48,False,3254.0,EXIT
DIVGIITTS,Divgi TorqTransfer Systems Limited,Consumer Cyclical,Auto Parts,961.3499755859375,False,46.93,False,True,51.17,54.46,True,,HOLD
DCAL,Dishman Carbogen Amcis Limited,Healthcare,Biotechnology,188.24000549316406,False,101.21000000000001,False,False,-35.89,-28.41,False,2712.0,EXIT
WINDMACHIN,Windsor Machines Limited,Industrials,Specialty Industrial Machinery,282.8999938964844,False,25.96,False,True,-17.12,-19.26,False,393.0,EXIT
PRINCEPIPE,Prince Pipes and Fittings Limited,Industrials,Building Products & Equipment,276.1000061035156,False,77.93,False,True,-19.77,-21.91,False,,EXIT
KITEX,Kitex Garments Limited,Consumer Cyclical,Apparel Manufacturing,146.47999572753906,False,35.61,False,False,-37.45,-33.94,False,983.0,EXIT
POKARNA,Pokarna Limited,Industrials,Building Products & Equipment,930.9000244140625,False,80.6,False,True,0.04,-2.14,False,925.0,EXIT
GATEWAY,Gateway Distriparks Limited,Industrials,Integrated Freight & Logistics,59.70000076293945,False,381.78,True,True,-15.15,-17.3,False,1681.0,HOLD
ANTELOPUS,ANTELOPUS,Energy,Oil & Gas E&P,852.9500122070312,False,132.71,False,True,36.21,42.56,True,,HOLD
BEPL,Bhansali Engineering Polymers Limited,Basic Materials,Chemicals,122.94000244140625,False,205.31,False,True,7.89,5.41,True,1398.0,HOLD
EFCIL,EFC (I) Limited,Real Estate,Real Estate Services,191.14999389648438,False,246.27,True,False,,,False,657.0,EXIT
MAITHANALL,Maithan Alloys Limited,Basic Materials,Steel,962.75,False,816.4300000000001,False,False,-13.62,-16.04,False,2989.0,EXIT
TCPLPACK,TCPL Packaging Limited,Consumer Cyclical,Packaging & Containers,3211.5,False,97.79999999999998,False,True,-14.31,-10.86,False,1770.0,EXIT
BBL,Bharat Bijlee Limited,Industrials,Electrical Equipment & Parts,2390.199951171875,False,142.17000000000002,True,False,-18.97,-21.11,False,1902.0,EXIT
DALMIASUG,Dalmia Bharat Sugar and Industries Limited,Consumer Defensive,Confectioners,412.75,False,235.72,False,True,12.3,5.38,True,3725.0,HOLD
NSIL,Nalwa Sons Investments Limited,Financial Services,Asset Management,5596.0,False,54.5,False,False,-19.34,-19.44,False,134.0,EXIT
RAMCOIND,Ramco Industries Limited,Industrials,Building Products & Equipment,327.95001220703125,False,306.26,True,True,13.82,11.6,True,1659.0,HOLD
BOROLTD,Borosil Limited,Consumer Cyclical,"Furnishings, Fixtures & Appliances",239.8699951171875,False,74.66,False,False,-32.55,-29.05,False,1090.0,EXIT
ORIENTCEM,Orient Cement Limited,Basic Materials,Building Materials,137.6699981689453,False,365.23,False,False,-45.29,-47.62,False,,EXIT
ROSSARI,Rossari Biotech Limited,Basic Materials,Specialty Chemicals,512.9000244140625,False,147.44,False,False,-26.94,-29.32,False,2080.0,EXIT
DDEVPLSTIK,Ddev Plastiks Industries Limited,Basic Materials,Specialty Chemicals,283.8999938964844,False,201.82000000000002,False,True,-5.23,-7.67,False,,EXIT
JINDALPOLY,Jindal Poly Films Limited,Consumer Cyclical,Packaging & Containers,624.7999877929688,False,325.08,False,True,3.6,7.0,True,7557.0,HOLD
DIAMONDYD,Prataap Snacks Limited,Consumer Defensive,Packaged Foods,1171.5,False,9.719999999999999,False,True,28.02,20.99,True,1708.0,HOLD
SUNCLAY,Sundaram-Clayton Limited,Industrials,Metal Fabrication,1254.5999755859375,False,602.01,True,False,-35.06,-37.16,False,2109.0,EXIT
ZAGGLE,Zaggle Prepaid Ocean Services Limited,Technology,Software - Infrastructure,203.83999633789062,False,138.07999999999998,True,False,-49.57,-49.21,False,1304.0,EXIT
SASKEN,Sasken Technologies Limited,Technology,Information Technology Services,1997.4000244140625,False,53.92999999999999,False,True,31.55,31.4,True,446.0,HOLD
INDOTHAI,Indo Thai Securities Limited,Financial Services,Capital Markets,136.60000610351562,False,54.21,True,False,-32.97,-33.01,False,58.0,EXIT
PANAMAPET,Panama Petrochem Limited,Energy,Oil & Gas Refining & Marketing,458.45001220703125,False,212.5,True,True,20.53,27.32,True,1776.0,HOLD
UFBL,UFBL,Consumer Cyclical,Restaurants,735.0999755859375,False,59.14,True,True,168.63,171.64,True,1074.0,HOLD
NOCIL,NOCIL Limited,Basic Materials,Specialty Chemicals,170.99000549316406,False,64.30000000000001,False,True,-5.65,-8.09,False,1617.0,EXIT
SIYSIL,Siyaram Silk Mills Limited,Consumer Cyclical,Textile Manufacturing,622.9000244140625,False,230.89,False,True,-5.47,-2.05,False,2233.0,EXIT
FLAIR,FLAIR,Industrials,Business Equipment & Supplies,249.9499969482422,False,132.95,False,False,-26.82,-28.94,False,1080.0,EXIT
HIKAL,Hikal Limited,Healthcare,Drug Manufacturers - Specialty & Generic,228.5399932861328,False,77.6,False,True,-38.51,-31.01,False,2023.0,EXIT
BLSE,BLSE,Industrials,Specialty Business Services,301.45001220703125,False,57.5,False,True,55.38,53.07,True,519.0,HOLD
AUTOAXLES,Automotive Axles Limited,Consumer Cyclical,Auto Parts,1870.4000244140625,False,174.35000000000002,False,True,-7.7,-4.27,False,,EXIT
VIMTALABS,Vimta Labs Limited,Healthcare,Diagnostics & Research,642.25,False,79.66,True,True,-11.87,-4.55,False,318.0,HOLD
ARVSMART,Arvind SmartSpaces Limited,Real Estate,Real Estate - Development,604.2000122070312,False,96.44,False,True,12.94,-4.22,False,713.0,EXIT
GSPCROP,GSPCROP,Basic Materials,Agricultural Inputs,592.2999877929688,True,43.14,False,False,,,False,1406.0,EXIT
PARAGMILK,Parag Milk Foods Limited,Consumer Defensive,Packaged Foods,233.16000366210938,False,135.04000000000002,False,False,0.45,-6.4,False,3432.0,EXIT
HUBTOWN,Hubtown Limited,Real Estate,Real Estate - Development,188.63999938964844,False,148.49,True,False,-31.63,-48.23,False,564.0,EXIT
KIRIINDUS,Kiri Industries Limited,Basic Materials,Specialty Chemicals,418.75,False,5566.5,True,False,-23.57,-25.95,False,1497.0,EXIT
JUBLCPL,Jubilant Agri and Consumer Products Limited,Basic Materials,Specialty Chemicals,1882.4000244140625,False,127.86000000000001,True,False,-16.22,-18.63,False,1521.0,EXIT
NILKAMAL,Nilkamal Limited,Consumer Cyclical,"Furnishings, Fixtures & Appliances",1734.699951171875,False,115.58999999999999,False,True,-0.78,2.64,False,3313.0,EXIT
EPACKPEB,EPACKPEB,Industrials,Engineering & Construction,260.3500061035156,False,96.63,False,True,,,False,1134.0,EXIT
MEDIASSIST,MEDIASSIST,Healthcare,Healthcare Plans,357.70001220703125,False,87.96000000000001,False,False,-44.91,-37.37,False,151.0,EXIT
IMAGICAA,Imagicaaworld Entertainment Limited,Communication Services,Entertainment,48.70000076293945,False,88.78999999999999,False,True,-8.36,-26.66,False,410.0,EXIT
INDNIPPON,India Nippon Electricals Limited,Consumer Cyclical,Auto Parts,1183.0,True,111.16999999999999,True,True,40.58,43.89,True,845.0,ADD
CONFIPET,Confidence Petroleum India Limited,Energy,Oil & Gas Refining & Marketing,82.08000183105469,False,92.89,False,True,53.69,59.55,True,3146.0,HOLD
MMFL,M M Forgings Limited,Industrials,Metal Fabrication,552.8499755859375,False,98.12,False,True,59.07,56.76,True,1563.0,HOLD
FMGOETZE,Federal-Mogul Goetze (India) Limited,Consumer Cyclical,Auto Parts,470.3500061035156,False,170.65,True,True,-23.76,-20.29,False,1769.0,HOLD
SATIN,Satin Creditcare Network Limited,Financial Services,Credit Services,235.0500030517578,False,401.70000000000005,False,True,58.83,58.38,True,,HOLD
MARATHON,Marathon Nextgen Realty Limited,Real Estate,Real Estate - Development,391.45001220703125,False,202.95999999999998,False,False,-30.05,-46.67,False,717.0,EXIT
GKENERGY,GKENERGY,Utilities,Utilities - Renewable,130.0800018310547,False,211.81,False,False,,,False,1095.0,EXIT
RAMKY,Ramky Infrastructure Limited,Industrials,Engineering & Construction,389.6000061035156,False,271.07000000000005,False,False,-33.61,-35.71,False,2402.0,EXIT
ARKADE,ARKADE,Real Estate,Real Estate - Development,139.17999267578125,False,211.76999999999998,False,True,-12.25,-29.09,False,683.0,EXIT
MANGLMCEM,Mangalam Cement Limited,Basic Materials,Building Materials,944.6500244140625,False,128.95,False,True,31.5,28.95,True,,HOLD
PARKHOTELS,PARKHOTELS,Consumer Cyclical,Lodging,123.69999694824219,False,65.67999999999999,False,False,-27.01,-23.53,False,631.0,EXIT
MUFIN,Mufin Green Finance Limited,Financial Services,Credit Services,132.22000122070312,False,27.330000000000002,True,True,48.31,47.91,True,,HOLD
PATELENG,Patel Engineering Limited,Industrials,Engineering & Construction,28.399999618530273,False,269.15999999999997,False,False,-24.03,-26.16,False,5008.0,EXIT
UTKARSHBNK,Utkarsh Small Finance Bank Limited,Financial Services,Banks - Regional,14.539999961853027,False,1150.98,False,True,-31.54,-31.58,False,,EXIT
NITCO,NITCO Limited,Industrials,Building Products & Equipment,107.05999755859375,False,68.16,False,True,-15.89,-18.04,False,885.0,EXIT
PANACEABIO,Panacea Biotec Limited,Healthcare,Biotechnology,419.3999938964844,False,22.470000000000002,False,True,-9.11,-1.81,False,679.0,EXIT
STOVEKRAFT,Stove Kraft Limited,Consumer Cyclical,"Furnishings, Fixtures & Appliances",759.8499755859375,False,41.989999999999995,False,True,20.03,23.39,True,1448.0,HOLD
GLOBUSSPR,Globus Spirits Limited,Consumer Defensive,Beverages - Wineries & Distilleries,890.9500122070312,False,100.53,False,False,-24.65,-31.33,False,2537.0,EXIT
SPORTKING,Sportking India Limited,Consumer Cyclical,Textile Manufacturing,217.50999450683594,False,120.78,False,True,82.34,85.56,True,,HOLD
FISCHER,Fischer Medical Ventures Limited,Healthcare,Medical Devices,37.88999938964844,False,32.67,True,False,-72.42,-64.7,False,111.0,EXIT
SILVERTUC,Silver Touch Technologies Limited,Technology,Information Technology Services,193.5399932861328,False,41.68,True,False,-77.64,-77.11,False,288.0,EXIT
ADVAIT,Advait Energy Transitions Limited,Industrials,Specialty Industrial Machinery,2343.0,True,53.17,True,False,,,False,399.0,EXIT
TALBROAUTO,Talbros Automotive Components Limited,Consumer Cyclical,Auto Parts,415.25,True,104.12,False,True,37.38,40.7,True,827.0,HOLD
ADOR,Ador Welding Limited,Industrials,Specialty Industrial Machinery,1510.800048828125,False,92.47000000000001,False,True,51.86,49.56,True,1117.0,HOLD
RAJRATAN,Rajratan Global Wire Limited,Basic Materials,Steel,540.0499877929688,False,72.6,False,True,45.01,42.43,True,935.0,HOLD
BOMDYEING,The Bombay Dyeing and Manufacturing Company Limited,Consumer Cyclical,Textile Manufacturing,121.95999908447266,False,46.620000000000005,False,False,-36.23,-32.73,False,4430.0,EXIT
SUNDROP,Sundrop Brands Limited,Consumer Defensive,Packaged Foods,666.7999877929688,False,24.31,False,False,-14.79,-21.54,False,916.0,EXIT
RAJESHEXPO,Rajesh Exports Limited,Consumer Cyclical,Luxury Goods,84.87999725341797,False,238.56,False,False,-61.91,-58.35,False,423099.0,EXIT
PROTEAN,Protean eGov Technologies Limited,Technology,Information Technology Services,621.5499877929688,False,97.13,False,False,-22.99,-22.8,False,882.0,EXIT
GIPCL,Gujarat Industries Power Company Limited,Utilities,Utilities - Regulated Electric,162.22999572753906,False,408.82000000000005,True,True,-12.1,-21.3,False,1416.0,HOLD
RANEHOLDIN,Rane Holdings Limited,Consumer Cyclical,Auto Parts,1864.5999755859375,False,198.99,True,True,15.67,19.04,True,4382.0,HOLD
VERANDA,Veranda Learning Solutions Limited,Consumer Defensive,Education & Training Services,257.29998779296875,False,24.72,True,True,10.36,3.45,True,471.0,HOLD
SPAL,S.P. Apparels Limited,Consumer Cyclical,Apparel Manufacturing,1032.4000244140625,False,100.94,True,True,25.21,28.56,True,1395.0,HOLD
EVEREADY,Eveready Industries India Limited,Industrials,Electrical Equipment & Parts,354.20001220703125,False,187.34999999999997,True,True,-14.48,-16.62,False,1458.0,HOLD
AJMERA,Ajmera Realty & Infra India Limited,Real Estate,Real Estate - Development,122.97000122070312,False,149.79000000000002,True,False,-13.23,-30.06,False,738.0,EXIT
SOLARA,Solara Active Pharma Sciences Limited,Healthcare,Drug Manufacturers - Specialty & Generic,520.6500244140625,False,53.44,False,False,-26.54,-19.12,False,1617.0,EXIT
INA,Insolation Energy Limited,Technology,Solar,115.91999816894531,False,181.7,True,False,,,False,1334.0,EXIT
CAMLINFINE,Camlin Fine Sciences Limited,Basic Materials,Specialty Chemicals,130.22999572753906,False,112.53999999999999,True,False,-53.55,-55.86,False,1682.0,EXIT
JNKINDIA,JNK India Limited,Industrials,Specialty Industrial Machinery,429.29998779296875,False,65.36999999999999,False,True,26.59,24.35,True,480.0,HOLD
RHETAN,Rhetan TMT Limited,Basic Materials,Steel,31.760000228881836,True,10.299999999999999,False,True,,,False,,EXIT
SAIPARENT,SAIPARENT,Healthcare,Drug Manufacturers - General,531.7000122070312,False,0.0,False,False,,,False,163.0,EXIT
REPCOHOME,Repco Home Finance Limited,Financial Services,Mortgage Finance,383.04998779296875,False,475.41999999999996,True,False,-9.86,-10.0,False,,EXIT
EASEMYTRIP,Easy Trip Planners Limited,Consumer Cyclical,Travel Services,6.590000152587891,False,53.45,False,False,-39.34,-35.83,False,1049.0,EXIT
KICL,Kalyani Investment Company Limited,Financial Services,Asset Management,5450.5,False,43.13,False,True,10.53,10.3,True,78.0,HOLD
SIRCA,Sirca Paints India Limited,Basic Materials,Specialty Chemicals,437.0,False,67.02000000000001,True,False,-2.13,-4.58,False,372.0,EXIT
ORISSAMINE,The Orissa Minerals Development Company Limited,Basic Materials,Steel,4307.7998046875,False,17.88,False,False,-12.65,-15.07,False,,EXIT
VEEDOL,Veedol Corporation Limited,Basic Materials,Specialty Chemicals,1434.4000244140625,False,191.62,True,False,-15.5,-17.91,False,1970.0,EXIT
TASTYBITE,Tasty Bite Eatables Limited,Consumer Defensive,Packaged Foods,9461.0,False,35.300000000000004,False,True,-9.86,-16.64,False,,EXIT
GREENPANEL,Greenpanel Industries Limited,Basic Materials,Lumber & Wood Production,199.8300018310547,False,52.349999999999994,False,False,-28.2,-30.58,False,1783.0,EXIT
RISHABH,Rishabh Instruments Limited,Technology,Scientific & Technical Instruments,653.0,True,81.53,False,True,127.44,126.71,True,720.0,HOLD
VINDHYATEL,Vindhya Telelinks Limited,Industrials,Engineering & Construction,2336.60009765625,False,222.25,False,True,49.32,47.02,True,4088.0,HOLD
ORIENTHOT,Oriental Hotels Limited,Consumer Cyclical,Lodging,132.6999969482422,False,65.27999999999999,False,True,-13.03,-9.58,False,440.0,EXIT
ALEMBICLTD,Alembic Limited,Real Estate,Real Estate - Development,88.55000305175781,False,317.39,False,False,-9.31,-26.19,False,1121.0,EXIT
KNACK,KNACK,Consumer Cyclical,Packaging & Containers,198.6999969482422,False,0.0,False,False,,,False,,EXIT
NELCO,Nelco Limited,Technology,Communication Equipment,981.7000122070312,False,6.419999999999999,False,True,6.84,6.85,True,320.0,HOLD
COSMOFIRST,Cosmo First Limited,Consumer Cyclical,Packaging & Containers,922.3499755859375,False,155.97,False,True,-20.64,-17.18,False,3065.0,EXIT
SPANDANA,Spandana Sphoorty Financial Limited,Financial Services,Credit Services,256.54998779296875,False,472.33,False,True,-2.85,-3.02,False,,EXIT
GNA,G N A Axles Limited,Consumer Cyclical,Auto Parts,515.7999877929688,False,132.23000000000002,False,True,60.57,63.84,True,1583.0,HOLD
THEJO,Thejo Engineering Limited,Industrials,Specialty Industrial Machinery,2092.89990234375,False,49.25,False,True,-10.8,-12.96,False,559.0,EXIT
EMSLIMITED,EMS Limited,Industrials,Engineering & Construction,408.6000061035156,False,90.53999999999999,False,True,-34.63,-36.73,False,966.0,EXIT
PIXTRANS,PIX Transmissions Limited,Industrials,Specialty Industrial Machinery,1687.300048828125,False,106.88,False,True,9.47,7.27,True,589.0,HOLD
SHK,S H Kelkar and Company Limited,Basic Materials,Specialty Chemicals,165.77000427246094,False,89.09,False,True,-35.02,-37.37,False,2123.0,EXIT
TAJGVK,TAJGVK Hotels & Resorts Limited,Consumer Cyclical,Lodging,369.95001220703125,False,425.39000000000004,True,True,-21.5,-18.03,False,450.0,HOLD
SAGCEM,Sagar Cements Limited,Basic Materials,Building Materials,172.94000244140625,False,169.51,False,False,-29.94,-32.31,False,2505.0,EXIT
APOLLOPIPE,Apollo Pipes Limited,Industrials,Building Products & Equipment,527.3499755859375,False,20.96,False,True,29.09,26.84,True,1182.0,HOLD
BRIGHOTEL,BRIGHOTEL,Consumer Cyclical,Lodging,61.79999923706055,False,318.84,False,False,-32.2,-28.71,False,404.0,EXIT
BETA,BETA,Healthcare,Drug Manufacturers - Specialty & Generic,2365.0,True,35.55,False,True,27.62,34.68,True,362.0,HOLD
HUHTAMAKI,Huhtamaki India Limited,Consumer Cyclical,Packaging & Containers,288.29998779296875,False,124.57,True,True,25.66,29.01,True,2037.0,HOLD
LANDMARK,Landmark Cars Limited,Consumer Cyclical,Auto & Truck Dealerships,543.5,False,37.31,False,True,3.43,6.84,True,765.0,HOLD
SANSTAR,SANSTAR,Basic Materials,Chemicals,116.73999786376953,False,34.82,False,True,30.54,28.0,True,1110.0,HOLD
PENIND,Pennar Industries Limited,Industrials,Specialty Industrial Machinery,166.27999877929688,False,138.81,True,False,-29.92,-32.04,False,3227.0,EXIT
MOLDTKPAC,Mold-Tek Packaging Limited,Consumer Cyclical,Packaging & Containers,684.9000244140625,False,82.69,True,True,-21.97,-18.51,False,631.0,HOLD
PRAKASH,Prakash Industries Limited,Basic Materials,Steel,125.23999786376953,False,333.14,False,False,-26.34,-28.72,False,2935.0,EXIT
EPACK,EPACK Durable Limited,Consumer Cyclical,"Furnishings, Fixtures & Appliances",231.1300048828125,False,47.75,False,False,-46.66,-43.13,False,2171.0,EXIT
EXICOM,Exicom Tele-Systems Limited,Industrials,Electrical Equipment & Parts,165.8699951171875,False,274.13,True,True,12.01,9.8,True,1020.0,HOLD
JISLJALEQS,Jain Irrigation Systems Limited,Industrials,Conglomerates,30.920000076293945,False,96.71,False,False,-39.64,-41.73,False,8536.0,EXIT
GANDHAR,Gandhar Oil Refinery (India) Limited,Energy,Oil & Gas Refining & Marketing,236.10000610351562,False,301.42,False,True,34.8,41.19,True,4113.0,HOLD
RAMCOSYS,Ramco Systems Limited,Technology,Software - Application,592.0999755859375,False,41.5,False,True,47.55,47.3,True,626.0,HOLD
JAYKAY,Jaykay Enterprises Limited,Industrials,Specialty Business Services,161.27000427246094,False,232.53,True,False,,,False,81.0,EXIT
VINCOFE,Vintage Coffee and Beverages Limited,Consumer Defensive,Beverages - Non-Alcoholic,152.75,False,78.74,True,True,4.51,-2.36,False,309.0,HOLD
ESAFSFB,ESAF Small Finance Bank,Financial Services,Banks - Regional,41.97999954223633,False,227.66,False,True,32.38,32.05,True,,HOLD
PRABHA,Prabha Energy Limited,Energy,Oil & Gas E&P,155.1300048828125,False,1.5,True,False,-54.22,-45.35,False,33.45,EXIT
SAKSOFT,Saksoft Limited,Technology,Information Technology Services,177.83999633789062,False,133.27,True,True,-19.45,-19.28,False,883.0,HOLD
SHRINGARMS,Shringar House of Mangalsutra Limited,Consumer Cyclical,Luxury Goods,232.27999877929688,False,102.21000000000001,False,True,,,False,,EXIT
BFUTILITIE,BF Utilities Limited,Industrials,Infrastructure Operations,568.5,False,158.23000000000002,True,False,-25.91,-28.04,False,969.0,EXIT
NIBE,Nibe Limited,Industrials,Conglomerates,1383.0999755859375,False,56.629999999999995,True,True,-15.38,-17.52,False,507.0,HOLD
HPL,HPL Electric & Power Limited,Industrials,Electrical Equipment & Parts,335.6499938964844,False,91.00999999999999,False,False,-44.14,-46.22,False,1700.0,EXIT
HINDOILEXP,Hindustan Oil Exploration Company Limited,Energy,Oil & Gas E&P,161.49000549316406,False,62.74999999999999,False,True,-12.18,-4.49,False,570.0,EXIT
GEOJITFSL,Geojit Financial Services Limited,Financial Services,Capital Markets,78.16999816894531,False,77.85,False,True,3.36,3.16,True,481.0,HOLD
BHARATRAS,Bharat Rasayan Limited,Basic Materials,Agricultural Inputs,1345.4000244140625,False,145.72,False,False,-51.86,-54.17,False,1301.0,EXIT
HONDAPOWER,Honda India Power Products Limited,Industrials,Specialty Industrial Machinery,2104.300048828125,False,65.86,False,False,-29.09,-31.2,False,,EXIT
PARACABLES,Paramount Communications Limited,Technology,Communication Equipment,64.87999725341797,False,59.75,False,True,14.83,14.79,True,1555.0,HOLD
VENUSREM,Venus Remedies Limited,Healthcare,Drug Manufacturers - Specialty & Generic,1552.9000244140625,False,116.17,True,True,189.36,195.35,True,640.0,HOLD
VENKEYS,Venky's (India) Limited,Consumer Defensive,Farm Products,1595.199951171875,False,192.31,False,True,9.59,2.69,True,,HOLD
HESTERBIO,Hester Biosciences Limited,Healthcare,Drug Manufacturers - Specialty & Generic,2481.89990234375,False,136.17000000000002,True,True,6.34,13.54,True,311.0,HOLD
TIRUMALCHM,Thirumalai Chemicals Limited,Basic Materials,Specialty Chemicals,185.36000061035156,False,167.91,False,False,-35.87,-38.22,False,2132.0,EXIT
KCP,The KCP Limited,Basic Materials,Building Materials,153.32000732421875,False,197.11,False,False,-29.1,-31.47,False,2846.0,EXIT
KPEL,K.P. Energy Limited,Industrials,Engineering & Construction,322.79998779296875,False,181.39999999999998,True,False,-37.22,-39.32,False,936.0,EXIT
TCIEXP,TCI Express Limited,Industrials,Integrated Freight & Logistics,557.3499755859375,False,81.44,False,True,-19.98,-22.12,False,1254.0,EXIT
BGRENERGY,BGR Energy Systems Limited,Industrials,Engineering & Construction,272.1499938964844,False,1247.16,True,False,166.66,164.1,True,3441.0,HOLD
AEROPLANE,AEROPLANE,Consumer Defensive,Farm Products,201.38999938964844,True,0.0,False,False,,,False,,EXIT
TEAMLEASE,TeamLease Services Limited,Industrials,Staffing & Employment Services,1261.0,False,147.04,True,False,-32.75,-34.86,False,11156.0,EXIT
INDIANHUME,The Indian Hume Pipe Company Limited,Industrials,Engineering & Construction,396.79998779296875,False,141.1,False,True,-6.38,-8.54,False,,EXIT
CANTABIL,Cantabil Retail India Limited,Consumer Cyclical,Apparel Manufacturing,247.86000061035156,False,95.74000000000001,False,False,-12.29,-8.85,False,,EXIT
GMBREW,G.M. Breweries Limited,Consumer Defensive,Beverages - Wineries & Distilleries,900.75,False,159.68,True,False,33.74,26.68,True,748.0,HOLD
UEL,Ujaas Energy Limited,Technology,Solar,202.91000366210938,False,3.93,True,True,94.29,93.75,True,486.0,HOLD
LAOPALA,La Opala RG Limited,Consumer Cyclical,"Furnishings, Fixtures & Appliances",190.30999755859375,False,92.30000000000001,False,False,-37.41,-33.91,False,,EXIT
BAJEL,Bajel Projects Limited,Utilities,Utilities - Regulated Electric,178.69000244140625,False,21.12,True,True,-19.02,-28.03,False,2598.0,HOLD
MUKANDLTD,Mukand Limited,Basic Materials,Steel,142.25,False,604.15,False,True,1.56,-0.9,False,5568.0,EXIT
ARMANFIN,Arman Financial Services Limited,Financial Services,Credit Services,1998.800048828125,False,85.75999999999999,True,True,19.53,19.26,True,,HOLD
STYLEBAAZA,Baazar Style Retail Limited,Consumer Cyclical,Apparel Retail,277.29998779296875,False,98.15,True,False,-7.53,-4.1,False,1344.0,EXIT
INDOCO,Indoco Remedies Limited,Healthcare,Drug Manufacturers - Specialty & Generic,223.5800018310547,False,124.35,False,False,-37.21,-29.72,False,1817.0,EXIT
NGLFINE,NGL Fine-Chem Limited,Healthcare,Drug Manufacturers - General,3258.10009765625,True,48.050000000000004,False,True,144.58,150.87,True,368.0,HOLD
DCXINDIA,DCX Systems Limited,Industrials,Aerospace & Defense,180.05999755859375,False,15.829999999999998,False,False,-34.24,-36.34,False,1424.0,EXIT
TINNARUBR,Tinna Rubber and Infrastructure Limited,Basic Materials,Specialty Chemicals,1121.0,False,61.68000000000001,True,True,18.44,15.93,True,530.0,HOLD
SOMANYCERA,Somany Ceramics Limited,Industrials,Building Products & Equipment,509.29998779296875,False,81.19,False,True,-4.37,-6.54,False,2659.0,EXIT
TIL,TIL Limited,Industrials,Farm & Heavy Construction Machinery,259.70001220703125,False,30.77,False,True,-23.74,-25.86,False,1472.0,EXIT
SBC,SBC Exports Limited,Industrials,Conglomerates,41.529998779296875,False,34.26,False,True,131.91,129.42,True,231.0,HOLD
GOCLCORP,GOCL Corporation Limited,Basic Materials,Specialty Chemicals,411.6499938964844,False,1522.0,True,True,15.82,13.32,True,1233.0,HOLD
AWFIS,AWFIS,Industrials,Rental & Leasing Services,273.04998779296875,False,70.86,True,False,-55.68,-57.74,False,1208.0,EXIT
JGCHEM,JGCHEM,Basic Materials,Other Industrial Metals & Mining,505.75,True,65.87,False,True,2.23,-0.24,False,847.0,EXIT
HGS,Hinduja Global Solutions Limited,Industrials,Specialty Business Services,421.45001220703125,False,87.83000000000001,False,False,-29.36,-31.48,False,4986.0,EXIT
NDRAUTO,NDR Auto Components Limited,Consumer Cyclical,Auto Parts,819.8499755859375,False,62.09,True,True,-22.87,-19.4,False,713.0,HOLD
VIDYAWIRES,VIDYAWIRES,Industrials,Electrical Equipment & Parts,92.13999938964844,False,59.77,False,False,,,False,1481.0,EXIT
INDSWFTLAB,Ind-Swift Laboratories Limited,Healthcare,Drug Manufacturers - Specialty & Generic,230.2100067138672,False,254.91000000000003,False,True,112.12,118.62,True,1673.0,HOLD
MSPL,MSP Steel & Power Limited,Basic Materials,Steel,34.189998626708984,False,183.29,True,False,2.13,-0.34,False,2905.0,EXIT
SAKAR,Sakar Healthcare Limited,Healthcare,Drug Manufacturers - Specialty & Generic,916.0499877929688,True,30.479999999999997,True,True,158.97,165.16,True,178.0,ADD
SERVOTECH,Servotech Renewable Power System Limited,Industrials,Electrical Equipment & Parts,87.51000213623047,False,37.459999999999994,True,False,-35.6,-37.7,False,674.0,EXIT
ASIANENE,Asian Energy Services Limited,Energy,Oil & Gas Equipment & Services,417.6000061035156,True,58.75999999999999,True,True,6.72,13.89,True,465.0,ADD
ALGOQUANT,Algoquant Fintech Limited,Financial Services,Capital Markets,68.7699966430664,True,33.4,True,False,,,False,235.0,EXIT
GOODYEAR,Goodyear India Limited,Consumer Cyclical,Auto Parts,871.3499755859375,False,61.5,False,False,,,False,,EXIT
SCILAL,Shipping Corporation of India Land and Assets Limited,Real Estate,Real Estate Services,41.63999938964844,False,30.5,False,False,-3.38,-20.33,False,18.0,EXIT
RICOAUTO,Rico Auto Industries Limited,Consumer Cyclical,Auto Parts,145.75,True,50.51,False,True,100.23,103.4,True,2302.0,HOLD
DYCL,Dynamic Cables Limited,Industrials,Electrical Equipment & Parts,398.29998779296875,False,89.75,True,True,-4.62,-6.79,False,1025.0,HOLD
HATHWAY,Hathway Cable and Datacom Limited,Communication Services,Entertainment,10.920000076293945,False,88.56,False,False,-11.9,-30.14,False,1307.0,EXIT
MARSONS,Marsons Limited,Industrials,Electrical Equipment & Parts,108.1500015258789,False,46.33,True,False,,,False,168.0,EXIT
EIHAHOTELS,EIH Associated Hotels Limited,Consumer Cyclical,Lodging,315.75,False,87.16999999999999,True,False,-29.49,-26.0,False,197.0,EXIT
BCG,Brightcom Group Limited,Communication Services,Advertising Agencies,9.460000038146973,False,872.1400000000001,False,False,-23.95,-42.04,False,7397.0,EXIT
SIMPLEXINF,Simplex Infrastructures Limited,Industrials,Engineering & Construction,233.16000366210938,False,40.01,False,False,-23.52,-25.65,False,6202.0,EXIT
INSECTICID,Insecticides (India) Limited,Basic Materials,Agricultural Inputs,658.3499755859375,False,139.42000000000002,True,False,-38.25,-40.59,False,2000.0,EXIT
GRMOVER,GRM Overseas Limited,Consumer Defensive,Packaged Foods,91.77999877929688,False,74.6,False,False,-23.34,-30.03,False,1379.0,EXIT
VIKRAN,VIKRAN,Industrials,Engineering & Construction,72.25,False,123.81,False,False,,,False,,EXIT
TBZ,Tribhovandas Bhimji Zaveri Limited,Consumer Cyclical,Luxury Goods,275.8500061035156,False,202.29999999999998,True,True,30.87,34.21,True,2620.0,HOLD
HINDWAREAP,Hindware Home Innovation Limited,Consumer Cyclical,"Furnishings, Fixtures & Appliances",219.5399932861328,False,56.620000000000005,False,False,-30.69,-27.2,False,2872.0,EXIT
CAPACITE,Capacit'e Infraprojects Limited,Industrials,Engineering & Construction,213.52000427246094,False,191.54,False,False,-30.71,-32.82,False,2350.0,EXIT
NUCLEUS,Nucleus Software Exports Limited,Technology,Software - Application,698.2999877929688,False,105.41,False,False,-34.01,-33.75,False,832.0,EXIT
KRISHNADEF,KRISHNADEF,Industrials,Specialty Industrial Machinery,1201.5999755859375,False,34.230000000000004,True,True,43.72,41.44,True,194.0,HOLD
JINDRILL,Jindal Drilling & Industries Limited,Energy,Oil & Gas Equipment & Services,614.2999877929688,False,277.40000000000003,True,True,-10.76,-3.11,False,828.0,HOLD
JAICORPLTD,Jai Corp Limited,Basic Materials,Specialty Chemicals,103.27999877929688,False,169.26999999999998,True,False,-8.19,-10.62,False,748.0,EXIT
PFS,PTC India Financial Services Limited,Financial Services,Credit Services,28.06999969482422,False,271.46000000000004,False,False,-33.54,-33.58,False,,EXIT
IPL,India Pesticides Limited,Basic Materials,Agricultural Inputs,145.69000244140625,False,119.81,False,False,-37.07,-39.42,False,885.0,EXIT
WINDLAS,Windlas Biotech Limited,Healthcare,Drug Manufacturers - Specialty & Generic,862.25,False,66.45,False,True,-24.06,-16.66,False,760.0,EXIT
CEINSYS,Ceinsys Tech Limited,Industrials,Engineering & Construction,861.6500244140625,False,133.42,True,False,,,False,418.0,EXIT
NITTAGELA,Nitta Gelatin India Limited,Basic Materials,Specialty Chemicals,1637.699951171875,False,97.25,False,False,,,False,,EXIT
JAYBARMARU,Jay Bharat Maruti Limited,Consumer Cyclical,Auto Parts,162.47999572753906,False,139.68,True,True,82.86,86.07,True,2344.0,HOLD
STUDDS,STUDDS,Consumer Cyclical,Auto Parts,445.6000061035156,False,78.12,False,False,,,False,584.0,EXIT
BLUSPRING,Bluspring Enterprises Limited,Industrials,Specialty Business Services,111.4800033569336,False,34.05,False,True,22.25,20.02,True,3484.0,HOLD
SHALBY,Shalby Limited,Healthcare,Medical Care Facilities,165.0399932861328,False,37.38,False,False,-31.64,-24.19,False,1087.0,EXIT
MCLOUD,Magellanic Cloud Limited,Technology,Information Technology Services,28.760000228881836,False,114.22999999999999,True,False,-70.32,-69.84,False,600.0,EXIT
SURYODAY,Suryoday Small Finance Bank Limited,Financial Services,Banks - Regional,162.75999450683594,False,196.74,False,True,25.42,25.13,True,,HOLD
GOCOLORS,Go Fashion (India) Limited,Consumer Cyclical,Apparel Retail,320.04998779296875,False,53.41,False,False,-62.64,-59.08,False,190.0,EXIT
HITECH,Hi-Tech Pipes Limited,Basic Materials,Steel,85.94999694824219,False,76.17,True,False,-5.84,-8.28,False,3068.0,EXIT
BFINVEST,BF Investment Limited,Financial Services,Asset Management,480.54998779296875,False,282.01,False,True,-1.96,-2.13,False,1074.0,EXIT
KRSNAA,Krsnaa Diagnostics Limited,Healthcare,Diagnostics & Research,562.1500244140625,False,101.42999999999999,True,False,-44.23,-36.7,False,717.0,EXIT
ACCELYA,Accelya Solutions India Limited,Technology,Information Technology Services,1139.0,False,107.95,False,False,-22.54,-22.35,False,529.0,EXIT
MTNL,Mahanagar Telephone Nigam Limited,Communication Services,Telecom Services,27.809999465942383,False,3107.2500000000005,False,False,-24.33,-42.41,False,3398.0,EXIT
SMCGLOBAL,SMC Global Securities Limited,Financial Services,Capital Markets,79.45999908447266,False,81.36,False,True,10.15,9.92,True,1778.0,HOLD
AURUM,Aurum PropTech Limited,Real Estate,Real Estate Services,216.2100067138672,False,16.349999999999998,False,True,29.51,12.13,True,988.0,HOLD
DELTACORP,Delta Corp Limited,Consumer Cyclical,Resorts & Casinos,63.75,False,224.75,False,False,-32.87,-29.38,False,964.0,EXIT
MBEL,MBEL,Industrials,Engineering & Construction,295.75,False,92.64,False,False,,,False,909.0,EXIT
TARSONS,Tarsons Products Limited,Healthcare,Medical Instruments & Supplies,324.20001220703125,False,14.319999999999999,False,True,-24.59,-17.19,False,392.0,EXIT
YATRA,Yatra Online Limited,Consumer Cyclical,Travel Services,106.94999694824219,False,46.82,True,False,-2.16,1.25,False,845.0,EXIT
SUMMITSEC,Summit Securities Limited,Financial Services,Capital Markets,1540.0999755859375,False,65.09,False,False,-27.57,-27.63,False,141.0,EXIT
MAHASTEEL,Mahamaya Steel Industries Limited,Basic Materials,Steel,1074.9000244140625,True,9.6,True,True,202.79,199.76,True,802.0,ADD
VIDHIING,Vidhi Specialty Food Ingredients Limited,Basic Materials,Specialty Chemicals,330.8500061035156,False,53.25000000000001,False,True,-18.17,-20.57,False,537.0,EXIT
WENDT,Wendt (India) Limited,Industrials,Tools & Accessories,8102.0,False,18.03,False,True,-20.87,-23.0,False,234.0,EXIT
5PAISA,5paisa Capital Limited,Financial Services,Capital Markets,351.0,False,46.28,False,True,-9.94,-10.08,False,395.0,EXIT
SOLARWORLD,SOLARWORLD,Technology,Solar,169.72000122070312,False,117.00999999999999,False,False,,,False,545.0,EXIT
ASIANTILES,Asian Granito India Limited,Industrials,Building Products & Equipment,53.099998474121094,False,75.72,False,False,-9.25,-11.41,False,1564.0,EXIT
JISLDVREQS,Jain Irrigation Systems Limited,Industrials,Conglomerates,22.520000457763672,False,96.71,False,False,-21.98,-24.11,False,,EXIT
INFOBEAN,InfoBeans Technologies Limited,Technology,Software - Application,172.72999572753906,False,62.35,True,True,21.33,21.24,True,395.0,HOLD
MOTISONS,MOTISONS,Consumer Cyclical,Luxury Goods,14.180000305175781,False,63.7,False,False,-39.48,-35.98,False,,EXIT
MOBIKWIK,MOBIKWIK,Technology,Software - Infrastructure,205.97000122070312,False,78.97,True,False,-18.37,-18.21,False,1170.0,EXIT
SPMLINFRA,SPML Infra Limited,Industrials,Engineering & Construction,194.25,False,74.67999999999999,False,True,-33.41,-35.52,False,1701.0,EXIT
GARUDA,GARUDA,Industrials,Engineering & Construction,173.38999938964844,False,113.39,True,False,-8.48,-10.64,False,226.0,EXIT
DLINKINDIA,D-Link (India) Limited,Technology,Communication Equipment,441.29998779296875,False,104.05999999999999,False,False,-18.25,-18.09,False,1384.0,EXIT
WEL,Wonder Electricals Limited,Consumer Cyclical,"Furnishings, Fixtures & Appliances",117.69000244140625,False,9.12,False,False,-34.34,-30.85,False,894.0,EXIT
OMAXE,Omaxe Limited,Real Estate,Real Estate - Development,87.5999984741211,False,696.86,True,True,4.58,-12.47,False,1839.0,HOLD
GTLINFRA,GTL Infrastructure Limited,Technology,Communication Equipment,1.2799999713897705,False,1631.05,True,True,-20.14,-19.97,False,1398.0,HOLD
WALCHANNAG,Walchandnagar Industries Limited,Industrials,Engineering & Construction,233.8800048828125,False,29.89,False,True,20.4,18.17,True,,HOLD
DOLPHIN,Dolphin Offshore Enterprises (India) Limited,Energy,Oil & Gas Equipment & Services,402.3999938964844,False,72.02,True,True,-12.92,-5.21,False,340.0,HOLD
DSSL,Dynacons Systems & Solutions Limited,Technology,Information Technology Services,1238.5999755859375,False,84.69000000000001,True,True,20.58,20.5,True,1267.0,HOLD
SHANTIGOLD,SHANTIGOLD,Consumer Cyclical,Luxury Goods,218.0500030517578,False,145.06,False,True,-11.11,-7.67,False,1106.0,EXIT
VOEPL,Virtuoso Optoelectronics Limited,Technology,Consumer Electronics,484.1499938964844,False,22.79,False,False,,,False,,EXIT
PAUSHAKLTD,Paushak Limited,Basic Materials,Specialty Chemicals,735.2000122070312,True,39.32,False,False,,,False,,EXIT
IKIO,IKIO Technologies Limited,Technology,Electronic Components,199.9499969482422,False,38.09,False,True,-2.12,-2.05,False,486.0,EXIT
NAVKARCORP,Navkar Corporation Limited,Industrials,Integrated Freight & Logistics,102.70999908447266,False,38.07,False,True,-20.15,-22.29,False,371.0,EXIT
SESHAPAPER,Seshasayee Paper and Boards Limited,Basic Materials,Paper & Paper Products,227.99000549316406,False,92.03,False,False,-16.45,-18.86,False,2083.0,EXIT
ASALCBR,Associated Alcohols & Breweries Limited,Consumer Defensive,Beverages - Wineries & Distilleries,768.7999877929688,False,82.64,False,False,-22.98,-29.67,False,1075.0,EXIT
JAGSNPHARM,Jagsonpal Pharmaceuticals Limited,Healthcare,Drug Manufacturers - Specialty & Generic,236.5,False,45.47,False,True,-24.34,-16.94,False,269.0,EXIT
PNBGILTS,PNB Gilts Ltd.,Financial Services,Capital Markets,82.79000091552734,False,369.7,False,True,-26.52,-26.58,False,,EXIT
SIGNPOST,Signpost India Limited,Communication Services,Advertising Agencies,274.0,False,70.12,True,True,37.67,18.76,True,453.0,HOLD
ARFIN,Arfin India Limited,Basic Materials,Aluminum,86.2300033569336,False,15.44,False,True,114.89,112.11,True,616.0,HOLD
DIGITIDE,Digitide Solutions Limited,Industrials,Specialty Business Services,98.4800033569336,False,23.97,False,False,-55.82,-57.87,False,3269.0,EXIT
ONEPOINT,One Point One Solutions Limited,Industrials,Specialty Business Services,56.93000030517578,False,37.550000000000004,False,True,15.85,13.63,True,256.0,HOLD
IFGLEXPOR,IFGL Refractories Limited,Basic Materials,Building Materials,217.0800018310547,False,40.86,False,True,-9.65,-12.08,False,1653.0,EXIT
GPTINFRA,GPT Infraprojects Limited,Industrials,Engineering & Construction,112.83000183105469,False,97.31,True,True,-14.17,-16.32,False,1188.0,HOLD
DOLLAR,Dollar Industries Limited,Consumer Cyclical,Apparel Manufacturing,271.1000061035156,False,107.43,False,False,-35.13,-31.63,False,1710.0,EXIT
IVALUE,iValue Infosolutions Limited,Technology,Information Technology Services,276.3999938964844,False,103.66,False,True,,,False,1296.0,EXIT
SDBL,Som Distilleries & Breweries Limited,Consumer Defensive,Beverages - Brewers,71.23999786376953,False,121.55,True,False,-50.14,-56.65,False,1443.0,EXIT
CNL,Creative Newtech Limited,Technology,Electronics & Computer Distribution,1055.800048828125,True,69.0,True,True,68.01,67.64,True,1783.0,ADD
RACLGEAR,RACL Geartech Limited,Consumer Cyclical,Auto Parts,1353.800048828125,False,48.949999999999996,True,True,37.86,41.18,True,415.0,HOLD
AMRUTANJAN,Amrutanjan Health Care Limited,Healthcare,Drug Manufacturers - Specialty & Generic,517.8499755859375,False,57.910000000000004,False,False,-34.15,-26.68,False,177.0,EXIT
IZMO,IZMO Limited,Technology,Software - Application,996.4500122070312,False,47.56,False,True,174.65,173.62,True,225.0,HOLD
AYMSYNTEX,AYM Syntex Limited,Consumer Cyclical,Textile Manufacturing,256.25,False,14.450000000000001,True,True,16.21,19.59,True,1489.0,HOLD
INDORAMA,Indo Rama Synthetics (India) Limited,Consumer Cyclical,Textile Manufacturing,64.45999908447266,False,161.20000000000002,False,True,22.14,25.5,True,4259.0,HOLD
ONIDA,Onida Electronics Limited,Consumer Cyclical,"Furnishings, Fixtures & Appliances",38.400001525878906,False,74.74,False,True,139.13,142.21,True,,HOLD
ASTEC,Astec LifeSciences Limited,Basic Materials,Agricultural Inputs,622.25,False,72.59,False,False,-30.89,-33.26,False,677.0,EXIT
MACPOWER,Macpower CNC Machines Limited,Industrials,Specialty Industrial Machinery,1530.300048828125,True,33.88,False,True,50.92,48.62,True,,HOLD
UGROCAP,UGRO Capital Limited,Financial Services,Credit Services,97.08999633789062,False,174.82,False,False,-47.31,-47.28,False,,EXIT
NINSYS,NINtec Systems Limited,Technology,Information Technology Services,734.2000122070312,False,32.010000000000005,True,True,67.04,66.68,True,140.0,HOLD
TEXINFRA,Texmaco Infrastructure & Holdings Limited,Real Estate,Real Estate Services,113.94999694824219,False,10.940000000000001,False,True,30.19,12.8,True,24.0,HOLD
IGPL,I G Petrochemicals Limited,Basic Materials,Chemicals,503.8999938964844,False,53.92,False,True,4.67,2.2,True,2352.0,HOLD
ALLTIME,ALLTIME,Consumer Defensive,Household & Personal Products,221.4499969482422,False,35.41,False,False,,,False,558.0,EXIT
TTKHLTCARE,TTK Healthcare Limited,Healthcare,Drug Manufacturers - General,1037.699951171875,False,61.44,False,True,-25.78,-18.37,False,,EXIT
KAPSTON,Kapston Services Limited,Industrials,Specialty Business Services,533.75,True,28.139999999999997,True,True,97.77,95.37,True,689.0,ADD
SULA,Sula Vineyards Limited,Consumer Defensive,Beverages - Wineries & Distilleries,163.1199951171875,False,25.65,False,False,-39.07,-45.65,False,579.0,EXIT
SHRIRAMPPS,Shriram Properties Limited,Real Estate,Real Estate - Development,84.66999816894531,False,114.56,False,True,5.0,-12.06,False,865.0,EXIT
STEELXIND,Steel Exchange India Limited,Basic Materials,Steel,11.260000228881836,False,31.79,False,True,6.91,4.43,True,506.0,HOLD
ATULAUTO,Atul Auto Limited,Consumer Cyclical,Auto Manufacturers,557.7999877929688,False,42.260000000000005,False,True,18.11,21.48,True,667.0,HOLD
DIFFNKG,DIFFNKG,Industrials,Specialty Industrial Machinery,423.70001220703125,False,50.31999999999999,False,True,27.83,25.59,True,335.0,HOLD
IGARASHI,Igarashi Motors India Limited,Consumer Cyclical,Auto Parts,460.75,False,12.139999999999999,False,True,-28.72,-25.24,False,176.0,EXIT
CLSEL,Chaman Lal Setia Exports Ltd.,Consumer Defensive,Packaged Foods,290.1499938964844,False,114.77,False,True,-5.97,-12.77,False,,EXIT
PUNJABCHEM,Punjab Chemicals and Crop Protection Limited,Basic Materials,Chemicals,1111.4000244140625,False,63.959999999999994,False,False,-22.86,-25.25,False,1006.0,EXIT
BOROSCI,Borosil Scientific Limited,Consumer Cyclical,Packaging & Containers,145.75,False,42.94,True,True,-13.69,-10.25,False,434.0,HOLD
GALAPREC,GALAPREC,Industrials,Specialty Industrial Machinery,1102.699951171875,False,35.480000000000004,False,True,27.22,24.98,True,238.0,HOLD
GPTHEALTH,GPT Healthcare Limited,Healthcare,Medical Care Facilities,162.16000366210938,False,42.22,False,True,-22.49,-15.1,False,337.0,EXIT
BHARATSE,Bharat Seats Limited,Consumer Cyclical,Auto Parts,231.8699951171875,False,42.23,True,True,99.74,102.92,True,1289.0,HOLD
JAGRAN,Jagran Prakashan Limited,Communication Services,Publishing,63.02000045776367,False,196.96999999999997,False,False,-0.54,-18.94,False,2363.0,EXIT
QUADFUTURE,QUADFUTURE,Industrials,Railroads,353.1000061035156,False,45.230000000000004,False,True,-17.37,-19.51,False,,EXIT
KABRAEXTRU,Kabra Extrusiontechnik Limited,Industrials,Specialty Industrial Machinery,412.45001220703125,False,13.950000000000001,False,True,56.68,54.37,True,670.0,HOLD
UDS,Updater Services Limited,Industrials,Specialty Business Services,203.8300018310547,False,86.81,False,True,-31.85,-33.96,False,2736.0,EXIT
MOL,Meghmani Organics Limited,Basic Materials,Agricultural Inputs,54.06999969482422,False,71.3,False,False,-42.63,-44.97,False,2557.0,EXIT
DCW,DCW Limited,Basic Materials,Chemicals,46.689998626708984,False,48.18,False,False,-39.8,-42.15,False,1327.0,EXIT
SUMEETINDS,Sumeet Industries Limited,Consumer Cyclical,Textile Manufacturing,20.1299991607666,False,34.379999999999995,False,False,-25.45,-21.97,False,1406.0,EXIT
PNGSREVA,PNGSREVA,Consumer Cyclical,Luxury Goods,510.95001220703125,True,68.75,False,False,,,False,,EXIT
SPIC,Southern Petrochemical Industries Corporation Limited,Basic Materials,Agricultural Inputs,68.08999633789062,False,211.49,False,False,-27.86,-30.24,False,3086.0,EXIT
IMPAL,India Motor Parts & Accessories Limited,Consumer Cyclical,Auto Parts,1116.0999755859375,False,92.75,True,True,1.48,4.89,True,741.0,HOLD
BHARATWIRE,Bharat Wire Ropes Limited,Basic Materials,Steel,200.39999389648438,False,72.45,False,True,10.72,8.23,True,622.0,HOLD
AEROENTER,Aeroflex Enterprises Limited,Basic Materials,Steel,132.6699981689453,False,64.23,False,True,29.7,27.16,True,578.0,HOLD
PASHUPATI,Pashupati Cotspin Limited,Consumer Cyclical,Textile Manufacturing,84.61000061035156,False,10.39,False,False,13.75,17.13,True,661.0,EXIT
GODAVARIB,GODAVARIB,Basic Materials,Chemicals,261.75,False,118.74,True,False,-14.8,-17.21,False,2015.0,EXIT
CENTENKA,Century Enka Limited,Consumer Cyclical,Textile Manufacturing,620.5,False,147.16,True,True,17.52,20.89,True,2072.0,HOLD
PRECAM,Precision Camshafts Limited,Consumer Cyclical,Auto Parts,142.94000244140625,False,51.25000000000001,False,False,-27.01,-23.53,False,1080.0,EXIT
CAPITALSFB,Capital Small Finance Bank Limited,Financial Services,Banks - Regional,295.29998779296875,False,147.79999999999998,False,True,-11.63,-11.76,False,,EXIT
FINOPB,Fino Payments Bank Limited,Financial Services,Banks - Regional,161.02999877929688,False,67.31,False,False,-39.95,-39.96,False,,EXIT
UNIENTER,Uniphos Enterprises Limited,Basic Materials,Chemicals,96.95999908447266,False,25.61,False,False,-40.82,-43.16,False,,EXIT
SKMEGGPROD,SKM Egg Products Export (India) Limited,Consumer Defensive,Packaged Foods,240.13999938964844,False,86.57,False,True,58.68,51.45,True,701.0,HOLD
KALAMANDIR,Sai Silks (Kalamandir) Limited,Consumer Cyclical,Apparel Retail,88.26000213623047,False,126.49000000000001,False,False,-57.82,-54.27,False,1462.0,EXIT
SURAKSHA,SURAKSHA,Healthcare,Diagnostics & Research,251.10000610351562,False,32.19,False,False,-26.21,-18.8,False,252.0,EXIT
ICEMAKE,Ice Make Refrigeration Limited,Industrials,Specialty Industrial Machinery,820.8499755859375,False,15.03,False,True,2.71,0.52,True,480.0,HOLD
NIITLTD,NIIT Limited,Consumer Defensive,Education & Training Services,96.23999786376953,False,20.84,False,True,-17.7,-24.43,False,513.0,EXIT
DEN,DEN Networks Limited,Communication Services,Entertainment,27.420000076293945,False,130.61,False,False,-14.04,-32.26,False,1307.0,EXIT
FAZE3Q,Faze Three Limited,Consumer Cyclical,Textile Manufacturing,540.9500122070312,False,43.97,False,True,-14.39,-10.94,False,690.0,EXIT
RATNAVEER,Ratnaveer Precision Engineering Limited,Basic Materials,Steel,209.3300018310547,False,67.59,False,True,45.8,43.22,True,,HOLD
JYOTISTRUC,Jyoti Structures Limited,Industrials,Specialty Industrial Machinery,11.569999694824219,False,56.03,False,True,-31.78,-33.89,False,3636.0,EXIT
BUTTERFLY,Butterfly Gandhimathi Appliances Limited,Consumer Cyclical,"Furnishings, Fixtures & Appliances",664.4500122070312,False,45.64,False,True,-13.47,-10.03,False,,EXIT
ELECTHERM,Electrotherm (India) Limited,Basic Materials,Steel,1010.0,False,98.42,False,True,16.26,13.76,True,4272.0,HOLD
SHREEPUSHK,Shree Pushkar Chemicals & Fertilisers Limited,Basic Materials,Specialty Chemicals,421.95001220703125,False,70.1,True,True,3.53,1.06,True,806.0,HOLD
RUPA,Rupa & Company Limited,Consumer Cyclical,Apparel Manufacturing,162.8800048828125,False,72.49,False,True,-28.56,-25.08,False,1430.0,EXIT
PLATIND,Platinum Industries Limited,Basic Materials,Specialty Chemicals,227.02999877929688,False,0.0,False,False,-20.83,-23.22,False,392.0,EXIT
ASIANHOTNR,Asian Hotels (North) Limited,Consumer Cyclical,Lodging,301.54998779296875,False,164.85000000000002,True,False,-8.06,-4.63,False,354.0,EXIT
MANAKCOAT,Manaksia Coated Metals & Industries Limited,Industrials,Metal Fabrication,119.41999816894531,False,26.729999999999997,True,False,-26.04,-28.16,False,782.0,EXIT
WAAREEINDO,Indosolar Limited,Technology,Solar,313.3500061035156,False,236.88,False,False,-3.01,-2.94,False,,EXIT
ROTO,Roto Pumps Limited,Industrials,Specialty Industrial Machinery,66.4800033569336,False,24.770000000000003,False,True,-25.23,-27.36,False,298.0,EXIT
DHANBANK,Dhanlaxmi Bank Limited,Financial Services,Banks - Regional,32.150001525878906,False,104.46000000000001,False,True,16.68,16.42,True,,HOLD
KROSS,KROSS,Consumer Cyclical,Auto Parts,207.47999572753906,False,57.81999999999999,False,True,12.17,15.55,True,,HOLD
RGL,Renaissance Global Limited,Consumer Cyclical,Luxury Goods,117.11000061035156,False,65.47,False,True,-7.03,-3.6,False,2591.0,EXIT
RUBYMILLS,The Ruby Mills Limited,Consumer Cyclical,Textile Manufacturing,356.3999938964844,False,43.56,False,True,35.69,39.02,True,260.0,HOLD
EXPLEOSOL,Expleo Solutions Limited,Technology,Information Technology Services,813.9500122070312,False,123.98,False,False,-34.66,-34.4,False,1025.0,EXIT
ARIHANT,Arihant Foundations & Housing Limited,Real Estate,Real Estate - Development,1149.5999755859375,True,60.63,False,False,,,False,,EXIT
EXCELINDUS,Excel Industries Limited,Basic Materials,Specialty Chemicals,1050.5999755859375,False,75.66999999999999,False,True,-22.49,-24.89,False,1178.0,EXIT
ALLDIGI,Alldigi Tech Limited,Industrials,Specialty Business Services,813.0999755859375,False,82.73,False,False,-24.82,-26.94,False,546.0,EXIT
SYNCOMF,Syncom Formulations (India) Limited,Healthcare,Drug Manufacturers - Specialty & Generic,13.300000190734863,False,76.43,True,False,-38.41,-30.91,False,463.0,EXIT
BLKASHYAP,B.L. Kashyap and Sons Limited,Industrials,Engineering & Construction,54.45000076293945,False,43.82,False,True,-29.76,-31.87,False,1349.0,EXIT
GULPOLY,Gulshan Polyols Limited,Basic Materials,Chemicals,199.89999389648438,False,107.33,True,True,20.85,18.33,True,2020.0,HOLD
OAL,Oriental Aromatics Limited,Basic Materials,Specialty Chemicals,380.54998779296875,False,7.15,False,True,1.96,-0.5,False,935.0,EXIT
GYFTR,Gyftr Limited,Industrials,Specialty Business Services,159.4600067138672,False,21.81,False,False,,,False,,EXIT
BHAGYANGR,Bhagyanagar India Limited,Basic Materials,Copper,380.5,False,59.15,True,True,311.42,308.08,True,1847.0,HOLD
ANDHRAPAP,Andhra Paper Limited,Basic Materials,Paper & Paper Products,61.939998626708984,False,59.14,False,False,-21.73,-24.13,False,,EXIT
AWHCL,Antony Waste Handling Cell Limited,Industrials,Waste Management,429.54998779296875,False,75.45,False,False,-31.16,-33.27,False,934.0,EXIT
HARIOMPIPE,Hariom Pipe Industries Limited,Basic Materials,Steel,404.95001220703125,False,75.69999999999999,True,True,-10.5,-12.93,False,1604.0,HOLD
INDOBORAX,Indo Borax & Chemicals Limited,Basic Materials,Chemicals,404.6000061035156,False,50.260000000000005,True,True,36.95,34.39,True,225.0,HOLD
ALLCARGO,Allcargo Logistics Limited,Industrials,Integrated Freight & Logistics,8.210000038146973,False,123.92,False,False,-78.32,-80.32,False,19062.0,EXIT
AGL,AGL,Industrials,Integrated Freight & Logistics,13.270000457763672,False,0.0,False,False,,,False,,EXIT
DOLATALGO,Dolat Algotech Limited,Financial Services,Capital Markets,67.9000015258789,False,128.93,False,False,-26.27,-26.34,False,530.0,EXIT
EKC,Everest Kanto Cylinder Limited,Industrials,Specialty Industrial Machinery,109.04000091552734,False,146.85000000000002,False,False,-18.14,-20.28,False,1699.0,EXIT
ORIENTTECH,ORIENTTECH,Technology,Information Technology Services,260.75,False,43.830000000000005,False,False,-13.99,-13.86,False,840.0,EXIT
STLNETWORK,STLNETWORK,Communication Services,Telecom Services,24.360000610351562,False,98.57,False,True,,,False,1180.0,EXIT
MENONBE,Menon Bearings Limited,Consumer Cyclical,Auto Parts,232.13999938964844,True,45.57,True,True,70.4,73.64,True,243.0,ADD
RSL,RSL,Basic Materials,Steel,142.11000061035156,True,21.369999999999997,False,False,,,False,,EXIT
GCSL,Gretex Corporate Services Limited,Financial Services,Capital Markets,508.1499938964844,True,18.69,False,True,,,False,262.0,EXIT
RAJRILTD,Raj Rayon Industries Limited,Consumer Cyclical,Textile Manufacturing,21.389999389648438,False,33.989999999999995,False,False,-25.34,-21.86,False,,EXIT
LAXMIDENTL,LAXMIDENTL,Healthcare,Medical Instruments & Supplies,218.22999572753906,False,28.98,False,False,-59.87,-52.23,False,239.0,EXIT
GREENPOWER,Orient Green Power Company Limited,Utilities,Utilities - Independent Power Producers,10.0,False,147.47,True,False,-21.65,-30.58,False,413.0,EXIT
APEX,Apex Frozen Foods Limited,Consumer Defensive,Farm Products,378.29998779296875,False,38.85,False,True,68.58,61.28,True,,HOLD
LINCOLN,Lincoln Pharmaceuticals Limited,Healthcare,Drug Manufacturers - Specialty & Generic,593.2999877929688,False,87.89000000000001,False,True,0.74,7.98,True,623.0,HOLD
SEPC,SEPC Limited,Industrials,Engineering & Construction,5.949999809265137,False,53.540000000000006,True,False,-51.4,-53.46,False,1208.0,EXIT
SRM,SRM,Industrials,Engineering & Construction,509.8500061035156,False,111.02,False,True,7.69,5.49,True,528.0,HOLD
GENESYS,Genesys International Corporation Limited,Technology,Software - Application,316.6499938964844,False,32.57,False,False,-50.0,-49.64,False,284.0,EXIT
BAJAJHCARE,Bajaj HealthCare Limited,Healthcare,Drug Manufacturers - Specialty & Generic,335.6000061035156,False,64.05,False,False,-40.37,-32.87,False,,EXIT
ARIHANTSUP,Arihant Superstructures Limited,Real Estate,Real Estate - Development,258.8500061035156,False,32.58,False,False,-27.27,-43.92,False,510.0,EXIT
ULTRAMAR,Ultramarine & Pigments Limited,Basic Materials,Specialty Chemicals,389.0,False,80.79,False,False,,,False,,EXIT
CENTRUM,Centrum Capital Limited,Financial Services,Financial Conglomerates,23.600000381469727,False,165.4,True,False,-44.27,-44.26,False,9895.0,EXIT
RIIL,Reliance Industrial Infrastructure Limited,Industrials,Engineering & Construction,745.0,False,12.17,False,False,-15.17,-17.31,False,102.0,EXIT
UNITECH,Unitech Limited,Real Estate,Real Estate - Diversified,4.230000019073486,False,2455.74,True,False,-27.4,-44.05,False,3431.0,EXIT
GRPLTD,GRP Limited,Consumer Cyclical,Auto Parts,1988.300048828125,False,8.35,False,True,-20.27,-16.81,False,550.0,EXIT
MANALIPETC,Manali Petrochemicals Limited,Basic Materials,Specialty Chemicals,66.56999969482422,False,129.96,False,True,0.63,-1.83,False,1672.0,EXIT
ANDHRSUGAR,The Andhra Sugars Limited,Basic Materials,Chemicals,87.19000244140625,False,83.22,False,True,12.36,9.87,True,2368.0,HOLD
ALICON,Alicon Castalloy Limited,Industrials,Metal Fabrication,694.8499755859375,False,34.440000000000005,False,False,-22.43,-24.56,False,1526.0,EXIT
AMNPLST,Amines & Plasticizers Limited,Basic Materials,Chemicals,201.77000427246094,False,36.53,False,True,-7.85,-10.28,False,661.0,EXIT
JINDALPHOT,Jindal Photo Limited,Financial Services,Asset Management,1066.5,False,222.42,False,False,22.54,22.26,True,1412.0,EXIT
ARROWGREEN,Arrow Greentech Limited,Consumer Cyclical,Packaging & Containers,753.4500122070312,False,47.35,False,True,-7.9,-4.47,False,243.0,EXIT
AVTNPL,AVT Natural Products Limited,Basic Materials,Specialty Chemicals,70.83000183105469,False,64.8,False,True,-6.03,-8.47,False,582.0,EXIT
GHCLTEXTIL,GHCL Textiles Limited,Consumer Cyclical,Textile Manufacturing,114.23999786376953,True,70.37,False,True,25.01,28.36,True,,HOLD
VHL,Vardhman Holdings Limited,Financial Services,Credit Services,3362.10009765625,False,216.02999999999997,False,False,-17.7,-17.8,False,70.0,EXIT
BCLIND,BCL Industries Limited,Consumer Defensive,Beverages - Wineries & Distilleries,37.209999084472656,False,114.97999999999999,True,True,-13.13,-19.88,False,2815.0,HOLD
MONTECARLO,Monte Carlo Fashions Limited,Consumer Cyclical,Apparel Manufacturing,538.1500244140625,False,144.6,True,False,-14.4,-10.96,False,1118.0,EXIT
DAMCAPITAL,DAMCAPITAL,Financial Services,Capital Markets,153.13999938964844,False,72.69,False,False,-33.94,-33.97,False,250.0,EXIT
HITECHGEAR,The Hi-Tech Gears Limited,Consumer Cyclical,Auto Parts,565.25,False,20.979999999999997,False,False,-28.67,-25.19,False,1169.0,EXIT
JPOLYINVST,Jindal Poly Investment and Finance Company Limited,Financial Services,Asset Management,1061.800048828125,False,857.5099999999999,True,False,36.21,35.86,True,3125.0,HOLD
MADRASFERT,Madras Fertilizers Limited,Basic Materials,Agricultural Inputs,66.87000274658203,False,80.42,False,False,-29.75,-32.12,False,,EXIT
SHREDIGCEM,Shree Digvijay Cement Company Limited,Basic Materials,Building Materials,72.55000305175781,False,35.53,False,False,-13.38,-15.8,False,792.0,EXIT
MWL,MWL,Basic Materials,Steel,42.25,True,51.89,False,True,127.57,124.75,True,1060.0,HOLD
GANDHITUBE,Gandhi Special Tubes Limited,Industrials,Metal Fabrication,900.2999877929688,False,68.36,True,True,18.33,16.11,True,173.0,HOLD
CREST,Crest Ventures Limited,Financial Services,Financial Conglomerates,386.25,False,48.51,False,True,0.55,0.37,True,,HOLD
STEL,STEL Holdings Limited,Financial Services,Asset Management,561.9000244140625,False,11.99,False,True,36.46,36.11,True,22.0,HOLD
NELCAST,Nelcast Limited,Industrials,Metal Fabrication,124.30000305175781,False,48.81,False,True,-30.1,-32.21,False,1267.0,EXIT
IRMENERGY,IRM Energy Limited,Utilities,Utilities - Regulated Gas,272.6000061035156,False,53.220000000000006,False,True,0.37,-9.16,False,980.0,EXIT
ARIS,Arisinfra Solutions Limited,Industrials,Engineering & Construction,130.50999450683594,False,52.72,True,True,-17.68,-19.82,False,768.0,HOLD
TNPL,Tamil Nadu Newsprint and Papers Limited,Basic Materials,Paper & Paper Products,153.55999755859375,False,276.6,False,True,-3.23,-5.68,False,,EXIT
JARO,JARO,Consumer Defensive,Education & Training Services,457.3500061035156,False,50.44,False,False,,,False,199.0,EXIT
SALZERELEC,Salzer Electronics Limited,Industrials,Electrical Equipment & Parts,612.0999755859375,False,52.94,True,False,-31.09,-33.2,False,1418.0,EXIT
LGHL,LGHL,Consumer Cyclical,Luxury Goods,201.82000732421875,False,10.83,True,False,-36.13,-32.63,False,202.0,EXIT
HMAAGRO,HMA Agro Industries Limited,Consumer Defensive,Packaged Foods,20.799999237060547,False,164.75,False,False,-29.98,-36.62,False,4862.0,EXIT
EIMCOELECO,Eimco Elecon (India) Limited,Industrials,Farm & Heavy Construction Machinery,1873.800048828125,False,48.74000000000001,True,True,-23.03,-25.16,False,228.0,HOLD
WANBURY,Wanbury Limited,Healthcare,Drug Manufacturers - Specialty & Generic,278.8999938964844,False,66.13,False,True,-8.5,-1.21,False,661.0,EXIT
AFSL,Abans Financial Services Limited,Financial Services,Capital Markets,201.27000427246094,False,104.07000000000001,False,False,-12.31,-12.43,False,4377.0,EXIT
SALASAR,Salasar Techno Engineering Limited,Basic Materials,Steel,5.920000076293945,False,42.199999999999996,False,False,-17.84,-20.25,False,1447.0,EXIT
BALAJITELE,Balaji Telefilms Limited,Communication Services,Entertainment,85.12000274658203,False,49.089999999999996,False,False,3.92,-14.54,False,625.0,EXIT
SUYOG,Suyog Telematics Limited,Communication Services,Telecom Services,852.5499877929688,False,63.06,False,True,18.05,-0.6,False,193.0,EXIT
NAHARSPING,Nahar Spinning Mills Limited,Consumer Cyclical,Textile Manufacturing,323.70001220703125,False,56.940000000000005,False,True,31.19,34.53,True,,HOLD
MUNJALAU,Munjal Auto Industries Limited,Consumer Cyclical,Auto Parts,104.05000305175781,False,40.74,False,True,31.71,35.05,True,2123.0,HOLD
RSWM,RSWM Limited,Consumer Cyclical,Textile Manufacturing,235.25999450683594,False,52.02,False,True,49.59,52.89,True,4826.0,HOLD
MASTERTR,Master Trust Limited,Financial Services,Capital Markets,84.02999877929688,False,126.08999999999999,False,False,-49.48,-49.44,False,584.0,EXIT
AVADHSUGAR,Avadh Sugar & Energy Limited,Consumer Defensive,Confectioners,615.0499877929688,False,87.31,False,True,40.85,33.73,True,,HOLD
KRISHIVAL,KRISHIVAL,Consumer Defensive,Packaged Foods,388.54998779296875,False,21.48,True,True,6.62,-0.26,False,202.0,HOLD
BIRLANU,BirlaNu Limited,Industrials,Building Products & Equipment,1355.300048828125,False,119.52,False,False,-34.69,-36.79,False,3615.0,EXIT
FAIRCHEMOR,Fairchem Organics Limited,Basic Materials,Specialty Chemicals,796.75,False,14.569999999999999,False,True,-11.59,-14.01,False,,EXIT
GKSL,GKSL,Healthcare,Medical Care Facilities,130.5500030517578,False,17.060000000000002,False,False,,,False,40.24,EXIT
GEMAROMA,GEMAROMA,Basic Materials,Chemicals,187.7100067138672,False,36.18,False,True,,,False,504.0,EXIT
GAUDIUMIVF,GAUDIUMIVF,Healthcare,Medical Care Facilities,132.05999755859375,False,21.849999999999998,False,False,,,False,71.0,EXIT
MAMATA,MAMATA,Industrials,Specialty Industrial Machinery,414.3999938964844,False,15.06,False,True,-13.24,-15.39,False,255.0,EXIT
HIMATSEIDE,Himatsingka Seide Limited,Consumer Cyclical,Textile Manufacturing,81.05000305175781,False,61.97,False,False,-47.27,-43.74,False,3184.0,EXIT
BIL,Bhartiya International Ltd.,Consumer Cyclical,Footwear & Accessories,801.75,False,30.990000000000002,False,True,-18.46,-15.0,False,1029.0,EXIT
SIGACHI,Sigachi Industries Limited,Healthcare,Drug Manufacturers - Specialty & Generic,26.3799991607666,False,121.52999999999999,False,True,-38.95,-31.45,False,488.0,EXIT
WEALTH,Wealth First Portfolio Managers Limited,Financial Services,Capital Markets,928.5,False,38.67,False,False,-29.93,-29.98,False,331.0,EXIT
ZUARI,Zuari Agro Chemicals Limited,Basic Materials,Agricultural Inputs,231.64999389648438,False,969.86,True,False,-32.5,-34.86,False,8103.0,EXIT
SOLEX,SOLEX,Technology,Solar,925.75,False,86.16,True,False,-34.81,-34.54,False,662.0,EXIT
AMBIKCO,Ambika Cotton Mills Limited,Consumer Cyclical,Textile Manufacturing,1779.300048828125,False,71.56,False,True,12.36,15.74,True,,HOLD
HEALTHX,Health X Platform Limited,Healthcare,Pharmaceutical Retailers,316.70001220703125,False,48.900000000000006,False,True,-2.3,4.96,False,,EXIT
THEMISMED,Themis Medicare Limited,Healthcare,Drug Manufacturers - Specialty & Generic,115.41000366210938,False,36.82,False,True,1.65,8.88,True,406.0,HOLD
YUKEN,Yuken India Limited,Industrials,Specialty Industrial Machinery,714.9000244140625,False,15.489999999999998,False,False,-31.92,-34.03,False,457.0,EXIT
GKWLIMITED,GKW Limited,Industrials,Specialty Business Services,1649.9000244140625,False,40.09,True,False,-4.78,-6.95,False,117.78,EXIT
PRECOT,Precot Limited,Consumer Cyclical,Textile Manufacturing,805.0499877929688,False,28.29,False,True,35.82,39.15,True,993.0,HOLD
KAMDHENU,Kamdhenu Limited,Basic Materials,Steel,34.54999923706055,False,85.62,True,True,12.59,10.1,True,924.0,HOLD
MAFATIND,Mafatlal Industries Limited,Unknown,Unknown,132.00999450683594,False,89.98,False,False,,,False,,EXIT
CONSOFINVT,Consolidated Finvest & Holdings Limited,Financial Services,Capital Markets,304.3999938964844,False,63.26,False,True,53.92,53.5,True,,HOLD
UNIECOM,UNIECOM,Technology,Software - Application,86.12000274658203,False,20.45,False,False,-30.64,-30.4,False,135.0,EXIT
DENTA,DENTA,Industrials,Engineering & Construction,364.25,False,60.900000000000006,False,True,13.47,11.26,True,239.0,HOLD
RAJOOENG,Rajoo Engineers Limited,Industrials,Specialty Industrial Machinery,51.470001220703125,False,50.84,True,False,-53.45,-55.51,False,254.0,EXIT
PRIMESECU,Prime Securities Limited,Financial Services,Capital Markets,283.25,False,29.290000000000003,False,False,-0.03,-0.22,False,89.0,EXIT
SURAJEST,SURAJEST,Real Estate,Real Estate - Development,200.13999938964844,False,75.47,False,False,-17.75,-34.52,False,549.0,EXIT
SGIL,Synergy Green Industries Limited,Industrials,Metal Fabrication,595.0999755859375,True,7.64,False,True,11.32,9.11,True,,HOLD
GAYAPROJ,Gayatri Projects Limited,Industrials,Engineering & Construction,19.65999984741211,False,2272.04,False,True,133.46,130.98,True,,HOLD
BHAGERIA,Bhageria Industries Limited,Basic Materials,Specialty Chemicals,212.24000549316406,False,68.44,False,True,14.99,12.49,True,597.0,HOLD
INDOAMIN,Indo Amines Limited,Basic Materials,Chemicals,126.2300033569336,False,79.33,True,True,-15.08,-17.49,False,1079.0,HOLD
MICEL,MIC Electronics Limited,Technology,Electronic Components,37.86000061035156,False,25.47,False,False,-31.12,-30.88,False,218.0,EXIT
SWELECTES,Swelect Energy Systems Limited,Technology,Solar,620.4500122070312,False,55.17,False,False,-11.06,-10.94,False,622.0,EXIT
KOPRAN,Kopran Limited,Healthcare,Drug Manufacturers - General,189.05999755859375,False,45.580000000000005,False,True,4.25,11.47,True,630.0,HOLD
TVSELECT,TVS Electronics Limited,Technology,Computer Hardware,500.45001220703125,False,8.36,False,True,19.24,19.17,True,4112.0,HOLD
WCIL,WCIL,Industrials,Integrated Freight & Logistics,91.38999938964844,False,38.82,False,False,-14.22,-16.37,False,1726.0,EXIT
ESTER,Ester Industries Limited,Basic Materials,Specialty Chemicals,87.19999694824219,False,43.22,False,False,-21.63,-24.02,False,1282.0,EXIT
IFBAGRO,IFB Agro Industries Limited,Consumer Defensive,Beverages - Wineries & Distilleries,973.5999755859375,False,59.650000000000006,True,False,19.77,12.79,True,1246.0,HOLD
STERTOOLS,Sterling Tools Limited,Industrials,Tools & Accessories,251.64999389648438,False,29.330000000000005,False,True,-25.5,-27.63,False,1026.0,EXIT
CONTROLPR,Control Print Limited,Industrials,Business Equipment & Supplies,575.0499877929688,False,38.959999999999994,False,False,-26.22,-28.35,False,425.0,EXIT
KECL,Kirloskar Electric Company Limited,Industrials,Specialty Industrial Machinery,136.55999755859375,False,15.13,False,True,8.31,6.11,True,680.0,HOLD
VHLTD,Viceroy Hotels Limited,Consumer Cyclical,Lodging,129.5,False,24.36,False,False,15.94,19.32,True,138.0,EXIT
MAXIND,Max India Limited,Healthcare,Medical Care Facilities,171.8000030517578,False,121.85000000000001,False,True,-29.54,-22.1,False,233.0,EXIT
DHARMAJ,Dharmaj Crop Guard Limited,Basic Materials,Agricultural Inputs,267.8500061035156,False,54.650000000000006,True,True,-21.01,-23.41,False,951.0,HOLD
IRISDOREME,Iris Clothings Limited,Consumer Cyclical,Apparel Manufacturing,53.25,False,16.55,False,True,61.14,64.4,True,,HOLD
MATRIMONY,Matrimony.com Limited,Communication Services,Internet Content & Information,431.20001220703125,False,34.17,False,False,-5.27,-23.61,False,481.0,EXIT
PDMJEPAPER,Pudumjee Paper Products Limited,Basic Materials,Paper & Paper Products,96.70999908447266,False,93.59,False,True,-24.1,-26.48,False,,EXIT
SICALLOG,Sical Logistics Limited,Industrials,Integrated Freight & Logistics,101.56999969482422,False,72.93,True,True,-6.51,-8.68,False,1303.0,HOLD
STANLEY,STANLEY,Consumer Cyclical,"Furnishings, Fixtures & Appliances",155.0500030517578,False,14.9,False,False,-58.77,-55.21,False,432.0,EXIT
BSHSL,Bombay Super Hybrid Seeds Limited,Basic Materials,Agricultural Inputs,87.44000244140625,False,23.14,False,False,-36.59,-38.95,False,,EXIT
EXCELSOFT,EXCELSOFT,Technology,Software - Application,81.72000122070312,False,53.39,False,False,,,False,233.0,EXIT
BODALCHEM,Bodal Chemicals Limited,Basic Materials,Specialty Chemicals,72.80000305175781,False,47.82000000000001,False,True,0.3,-2.15,False,2055.0,EXIT
SEJALLTD,Sejal Glass Limited,Industrials,Building Products & Equipment,735.9500122070312,False,24.490000000000002,False,False,40.0,37.72,True,244.0,EXIT
FINKURVE,Finkurve Financial Services Limited,Financial Services,Credit Services,60.0099983215332,False,26.029999999999998,True,False,,,False,,EXIT
SCODATUBES,Scoda Tubes Limited,Basic Materials,Steel,150.66000366210938,False,38.839999999999996,False,True,-22.02,-24.41,False,,EXIT
LIKHITHA,Likhitha Infrastructure Limited,Energy,Oil & Gas Equipment & Services,221.97000122070312,False,39.209999999999994,False,True,-31.1,-22.88,False,520.0,EXIT
DHAMPURSUG,Dhampur Sugar Mills Limited,Consumer Defensive,Confectioners,151.3800048828125,False,80.85999999999999,False,True,11.76,4.84,True,3484.0,HOLD
MODISONLTD,Modison Limited,Industrials,Electrical Equipment & Parts,283.95001220703125,False,72.53,True,True,66.95,64.62,True,490.0,HOLD
NDTV,New Delhi Television Limited,Communication Services,Broadcasting,76.66000366210938,False,330.12,True,False,-29.78,-47.79,False,571.0,EXIT
HEXATRADEX,Hexa Tradex Limited,Financial Services,Credit Services,162.08999633789062,False,8.72,False,False,-13.06,-13.19,False,133.23,EXIT
JITFINFRA,JITF Infralogistics Limited,Industrials,Engineering & Construction,338.95001220703125,False,48.14,False,True,-1.51,-3.69,False,2535.0,EXIT
TNPETRO,Tamilnadu Petroproducts Limited,Basic Materials,Specialty Chemicals,96.58000183105469,False,97.46000000000001,False,True,-1.9,-4.35,False,2150.0,EXIT
COMSYN,Commercial Syn Bags Limited,Consumer Cyclical,Packaging & Containers,211.0500030517578,True,26.31,False,True,50.89,54.18,True,341.0,HOLD
BORANA,BORANA,Consumer Cyclical,Textile Manufacturing,319.0,False,64.61,False,True,37.78,41.1,True,,HOLD
KOKUYOCMLN,Kokuyo Camlin Limited,Industrials,Business Equipment & Supplies,85.1500015258789,False,24.78,True,False,-26.97,-29.09,False,689.0,EXIT
OMINFRAL,Om Infra Limited,Industrials,Engineering & Construction,90.30999755859375,False,22.529999999999998,False,False,-24.42,-26.55,False,1114.0,EXIT
ARIHANTCAP,Arihant Capital Markets Limited,Financial Services,Capital Markets,77.94999694824219,False,40.25,False,False,-24.53,-24.6,False,241.0,EXIT
ROHLTD,Royal Orchid Hotels Limited,Consumer Cyclical,Lodging,313.54998779296875,False,32.18,False,False,-28.5,-25.02,False,319.0,EXIT
TEMBO,Tembo Global Industries Limited,Industrials,Metal Fabrication,574.1500244140625,False,96.35,True,False,13.87,11.66,True,744.0,HOLD
ORICONENT,Oricon Enterprises Limited,Consumer Cyclical,Packaging & Containers,54.58000183105469,False,34.12,False,False,2.04,5.44,True,1167.0,EXIT
UTTAMSUGAR,Uttam Sugar Mills Limited,Consumer Defensive,Confectioners,253.1199951171875,False,100.28,False,True,0.97,-5.88,False,2047.0,EXIT
RADHIKAJWE,Radhika Jeweltech Limited,Consumer Cyclical,Luxury Goods,69.04000091552734,False,74.78999999999999,False,True,-38.83,-35.33,False,,EXIT
REGAAL,REGAAL,Consumer Defensive,Packaged Foods,89.98999786376953,False,55.57,False,True,,,False,915.0,EXIT
DVL,Dhunseri Ventures Limited,Financial Services,Capital Markets,248.24000549316406,False,112.34,False,False,-32.01,-32.05,False,4172.0,EXIT
KRYSTAL,KRYSTAL,Industrials,Specialty Business Services,600.5499877929688,False,55.46,False,True,-11.65,-13.81,False,1113.0,EXIT
SYSTMTXC,Systematix Corporate Services Limited,Financial Services,Capital Markets,61.790000915527344,False,28.640000000000004,False,False,,,False,168.0,EXIT
SUDARCOLOR,Sudarshan Colorants India Limited,Basic Materials,Specialty Chemicals,377.75,False,48.519999999999996,False,False,-37.49,-39.84,False,973.0,EXIT
SALSTEEL,S.A.L. Steel Limited,Basic Materials,Steel,56.95000076293945,False,21.060000000000002,False,True,252.17,249.0,True,,HOLD
SRHHYPOLTD,Sree Rayalaseema Hi-Strength Hypo Limited,Basic Materials,Chemicals,486.70001220703125,False,89.50999999999999,False,False,-23.43,-25.82,False,1650.0,EXIT
RITCO,Ritco Logistics Limited,Industrials,Integrated Freight & Logistics,310.6000061035156,False,36.07,False,True,6.85,4.65,True,1187.0,HOLD
SVLL,Shree Vasu Logistics Limited,Industrials,Trucking,751.0999755859375,False,4.04,False,True,-5.97,-8.14,False,,EXIT
QUICKHEAL,Quick Heal Technologies Limited,Technology,Software - Application,155.82000732421875,False,35.31,False,False,-55.12,-54.73,False,342.0,EXIT
OCCLLTD,OCCL Limited,Basic Materials,Chemicals,180.3699951171875,True,47.71,False,True,22.93,20.4,True,,HOLD
TIRUPATIFL,Tirupati Forge Limited,Industrials,Metal Fabrication,73.20999908447266,False,6.29,False,True,94.36,91.96,True,,HOLD
NCLIND,NCL Industries Limited,Basic Materials,Building Materials,174.6199951171875,False,95.39,False,False,-20.88,-23.27,False,2104.0,EXIT
KOTHARIPET,Kothari Petrochemicals Limited,Basic Materials,Specialty Chemicals,144.2899932861328,False,72.5,True,True,-12.38,-14.8,False,334.0,HOLD
MVGJL,Manoj Vaibhav Gems 'N' Jewellers Limited,Consumer Cyclical,Luxury Goods,167.38999938964844,False,114.98,False,False,-31.08,-27.59,False,,EXIT
SUPREMEINF,Supreme Infrastructure India Limited,Industrials,Engineering & Construction,87.12000274658203,False,6815.37,True,True,-24.97,-27.09,False,2570.0,HOLD
CIFL,Capital India Finance Limited,Financial Services,Credit Services,21.1299991607666,False,50.75,True,False,-40.82,-40.82,False,,EXIT
RMDRIP,RMDRIP,Industrials,Farm & Heavy Construction Machinery,18.239999771118164,False,35.1,True,False,-56.2,-58.25,False,131.0,EXIT
GANESHBE,Ganesh Benzoplast Limited,Basic Materials,Specialty Chemicals,119.31999969482422,False,73.33,False,True,27.98,25.45,True,477.0,HOLD
ECOSMOBLTY,ECOSMOBLTY,Industrials,Rental & Leasing Services,133.52000427246094,False,57.58,False,False,-58.09,-60.14,False,642.0,EXIT
NRAIL,N R Agarwal Industries Limited,Basic Materials,Paper & Paper Products,483.5,False,46.65,False,True,28.43,25.89,True,,HOLD
ADVANCE,ADVANCE,Basic Materials,Agricultural Inputs,125.11000061035156,False,27.78,False,True,,,False,496.0,EXIT
VLSFINANCE,VLS Finance Limited,Financial Services,Capital Markets,255.14999389648438,False,170.82999999999998,False,True,8.0,7.78,True,4625.0,HOLD
ANUHPHR,Anuh Pharma Limited,Healthcare,Drug Manufacturers - Specialty & Generic,80.38999938964844,False,41.040000000000006,False,True,-25.21,-17.8,False,,EXIT
ADVENTHTL,Advent Hotels International Limited,Consumer Cyclical,Lodging,147.86000061035156,False,56.67,True,False,,,False,0.0,EXIT
GICHSGFIN,GIC Housing Finance Limited,Financial Services,Mortgage Finance,148.66000366210938,False,154.82,False,False,-24.2,-24.28,False,,EXIT
ASAL,Automotive Stampings and Assemblies Limited,Consumer Cyclical,Auto Parts,507.29998779296875,False,29.83,False,True,-3.32,0.1,False,,EXIT
SADHNANIQ,Sadhana Nitro Chem Limited,Basic Materials,Chemicals,2.9200000762939453,False,86.43,True,False,-59.02,-61.31,False,267.0,EXIT
SARLAPOLY,Sarla Performance Fibers Limited,Consumer Cyclical,Textile Manufacturing,101.52999877929688,False,106.14999999999999,True,True,-16.01,-12.56,False,426.0,HOLD
MEIL,MEIL,Industrials,Electrical Equipment & Parts,286.54998779296875,False,53.37,False,False,,,False,549.0,EXIT
EIFFL,Euro India Fresh Foods Limited,Consumer Defensive,Packaged Foods,284.1499938964844,False,7.23,False,True,22.96,15.96,True,,HOLD
SOUTHWEST,South West Pinnacle Exploration Limited,Energy,Oil & Gas Equipment & Services,235.8800048828125,False,39.97,True,True,52.65,58.54,True,180.0,HOLD
AHCL,AHCL,Healthcare,Drug Manufacturers - Specialty & Generic,14.569999694824219,False,41.62,False,True,,,False,,EXIT
DECCANCE,Deccan Cements Limited,Basic Materials,Building Materials,583.3499755859375,False,29.7,True,False,-45.12,-47.45,False,527.0,EXIT
INDOFARM,INDOFARM,Industrials,Farm & Heavy Construction Machinery,157.64999389648438,False,74.69,True,False,-19.98,-22.11,False,368.0,EXIT
PVSL,Popular Vehicles and Services Limited,Consumer Cyclical,Auto & Truck Dealerships,109.06999969482422,False,14.96,False,False,-17.07,-13.62,False,5616.0,EXIT
ZUARIIND,Zuari Industries Limited,Industrials,Conglomerates,263.6499938964844,False,221.74,True,False,-18.93,-21.07,False,871.0,EXIT
HARDWYN,Hardwyn India Limited,Industrials,Building Products & Equipment,11.239999771118164,False,13.2,False,False,11.62,9.42,True,184.0,EXIT
MODIS,Modi's Navnirman Limited,Real Estate,Real Estate - Development,396.0,True,25.700000000000003,True,False,,,False,74.97,EXIT
BIRLAMONEY,Aditya Birla Money Limited,Financial Services,Capital Markets,133.74000549316406,False,59.46,True,False,-29.44,-29.49,False,164.0,EXIT
ELDEHSG,Eldeco Housing and Industries Limited,Real Estate,Real Estate Services,782.2000122070312,False,24.279999999999998,False,False,19.0,1.76,True,169.0,EXIT
PATELRMART,PATELRMART,Consumer Cyclical,Department Stores,225.47000122070312,False,39.300000000000004,False,True,,,False,,EXIT
KELLTONTEC,Kellton Tech Solutions Limited,Technology,Software - Application,14.229999542236328,False,91.33,True,False,-51.97,-51.6,False,1098.0,EXIT
BAJAJINDEF,BAJAJINDEF,Industrials,Farm & Heavy Construction Machinery,232.0800018310547,False,23.619999999999997,False,False,-46.07,-48.14,False,179.0,EXIT
PROSTARM,PROSTARM,Industrials,Electrical Equipment & Parts,133.5800018310547,False,32.96,False,False,-42.77,-44.86,False,351.0,EXIT
VALIANTORG,Valiant Organics Limited,Basic Materials,Chemicals,290.75,False,33.239999999999995,False,True,-19.25,-21.65,False,1153.0,EXIT
AGARIND,Agarwal Industrial Corporation Limited,Basic Materials,Specialty Chemicals,526.0,False,43.57,False,False,-46.49,-48.82,False,2399.0,EXIT
MMP,MMP Industries Limited,Basic Materials,Aluminum,301.04998779296875,False,41.83,True,True,16.1,13.6,True,692.0,HOLD
VASCONEQ,Vascon Engineers Limited,Industrials,Engineering & Construction,33.47999954223633,False,48.9,False,False,-41.62,-43.7,False,1077.0,EXIT
SANDESH,The Sandesh Limited,Communication Services,Publishing,1001.7000122070312,False,134.92,False,False,1.25,-17.17,False,419.0,EXIT
TRANSPEK,Transpek Industry Limited,Basic Materials,Chemicals,1380.4000244140625,True,45.65,False,False,,,False,,EXIT
VISAKAIND,Visaka Industries Limited,Industrials,Building Products & Equipment,86.73999786376953,False,102.80000000000001,False,True,-0.61,-2.79,False,1653.0,EXIT
LOKESHMACH,Lokesh Machines Limited,Industrials,Specialty Industrial Machinery,331.5,False,1.85,False,True,54.21,51.9,True,,HOLD
XCHANGING,Xchanging Solutions Limited,Technology,Information Technology Services,68.38999938964844,False,57.839999999999996,False,False,-25.37,-25.16,False,307.0,EXIT
NRL,Nupur Recyclers Limited,Industrials,Waste Management,110.88999938964844,False,14.219999999999999,True,True,50.7,48.4,True,240.0,HOLD
GEECEE,GeeCee Ventures Limited,Real Estate,Real Estate - Development,362.0,False,42.09,False,True,11.97,-5.18,False,201.0,EXIT
MAANALU,Maan Aluminium Limited,Basic Materials,Aluminum,127.08999633789062,False,13.030000000000001,True,False,6.7,4.23,True,42.16,HOLD
PREMIERPOL,Premier Polyfilm Ltd.,Basic Materials,Specialty Chemicals,72.4800033569336,False,34.949999999999996,False,True,48.59,46.0,True,,HOLD
STCINDIA,The State Trading Corporation of India Limited,Industrials,Conglomerates,119.2699966430664,False,641.5699999999999,True,False,-4.67,-6.84,False,15539.0,EXIT
GLOSTERLTD,Gloster Limited,Consumer Cyclical,Textile Manufacturing,672.2999877929688,False,19.62,False,True,-0.49,2.92,False,735.0,EXIT
VIVIANA,VIVIANA,Industrials,Engineering & Construction,702.6500244140625,False,0.0,False,False,-44.28,-46.36,False,,EXIT
GANESHCP,GANESHCP,Consumer Defensive,Packaged Foods,175.6199951171875,False,147.21,False,False,,,False,,EXIT
BLAL,BEML Land Assets Limited,Financial Services,Shell Companies,173.61000061035156,False,4.23,False,False,-20.4,-20.49,False,,EXIT
HERANBA,Heranba Industries Limited,Basic Materials,Agricultural Inputs,181.3000030517578,False,88.61999999999999,False,False,-53.41,-55.71,False,1410.0,EXIT
DPSCLTD,India Power Corporation Limited,Utilities,Utilities - Regulated Electric,7.420000076293945,False,12.82,False,False,-36.05,-44.6,False,833.0,EXIT
EVERESTIND,Everest Industries Limited,Industrials,Building Products & Equipment,464.79998779296875,False,188.86999999999998,True,True,-13.06,-15.21,False,1707.0,HOLD
DMCC,DMCC Speciality Chemicals Limited,Basic Materials,Chemicals,281.6499938964844,False,27.33,False,True,-8.89,-11.32,False,431.0,EXIT
MAGADSUGAR,Magadh Sugar & Energy Limited,Consumer Defensive,Confectioners,548.75,False,84.21,False,True,6.32,-0.56,False,,EXIT
UNITEDPOLY,United Polyfab Gujarat Limited,Consumer Cyclical,Textile Manufacturing,29.719999313354492,False,25.43,True,False,-16.97,-13.51,False,908.0,EXIT
PVP,PVP Ventures Limited,Industrials,Conglomerates,27.920000076293945,False,7.38,False,False,36.24,33.98,True,159.97,EXIT
HMVL,Hindustan Media Ventures Limited,Communication Services,Publishing,104.44999694824219,False,48.690000000000005,False,True,30.42,11.61,True,933.0,HOLD
CCCL,Consolidated Construction Consortium Limited,Industrials,Engineering & Construction,15.680000305175781,False,88.95,False,False,-3.52,-5.69,False,882.0,EXIT
WELINV,Welspun Investments and Commercials Limited,Financial Services,Capital Markets,1900.0,True,3.95,False,True,76.14,75.62,True,,HOLD
JAYAGROGN,Jayant Agro-Organics Limited,Basic Materials,Specialty Chemicals,222.63999938964844,False,50.41,False,True,-9.88,-12.31,False,2778.0,EXIT
DWARKESH,Dwarikesh Sugar Industries Limited,Consumer Defensive,Confectioners,41.2599983215332,False,131.2,False,True,-1.18,-8.01,False,,EXIT
SUBEXLTD,Subex Limited,Technology,Software - Application,13.489999771118164,False,28.53,False,True,2.64,2.67,True,372.0,HOLD
KUANTUM,Kuantum Papers Limited,Basic Materials,Paper & Paper Products,79.4000015258789,False,41.949999999999996,False,False,-38.17,-40.52,False,,EXIT
MANBA,MANBA,Financial Services,Credit Services,134.67999267578125,False,48.87,False,True,-11.65,-11.78,False,,EXIT
INNOVISION,INNOVISION,Industrials,Staffing & Employment Services,286.75,False,22.979999999999997,False,False,,,False,893.0,EXIT
20MICRONS,20 Microns Limited,Basic Materials,Other Industrial Metals & Mining,196.72000122070312,False,66.84,True,True,-20.72,-23.12,False,913.0,HOLD
TVTODAY,T.V. Today Network Limited,Communication Services,Broadcasting,115.66999816894531,False,18.490000000000002,False,False,-9.38,-27.67,False,993.0,EXIT
ATL,Allcargo Terminals Limited,Industrials,Integrated Freight & Logistics,23.299999237060547,False,44.209999999999994,False,False,-26.64,-28.76,False,758.0,EXIT
BESTAGRO,Best Agrolife Limited,Basic Materials,Agricultural Inputs,22.65999984741211,False,108.83,False,True,-34.6,-36.96,False,1873.0,EXIT
INNOVANA,INNOVANA,Technology,Software - Application,323.75,False,37.55,False,False,-38.16,-37.88,False,103.0,EXIT
MUKKA,Mukka Proteins Limited,Consumer Defensive,Packaged Foods,22.950000762939453,False,51.77000000000001,False,False,-13.67,-20.42,False,1269.0,EXIT
RAMASTEEL,Rama Steel Tubes Limited,Basic Materials,Steel,4.429999828338623,False,13.16,False,False,-61.26,-63.54,False,1337.0,EXIT
ONMOBILE,OnMobile Global Limited,Communication Services,Telecom Services,69.9000015258789,False,61.809999999999995,True,True,42.69,23.72,True,865.0,HOLD
GTPL,GTPL Hathway Limited,Communication Services,Entertainment,60.52000045776367,False,38.910000000000004,False,False,-35.49,-53.43,False,3477.0,EXIT
SAURASHCEM,Saurashtra Cement Limited,Basic Materials,Building Materials,62.31999969482422,False,56.949999999999996,False,False,-52.37,-54.67,False,1765.0,EXIT
PYRAMID,Pyramid Technoplast Limited,Consumer Cyclical,Packaging & Containers,183.89999389648438,False,28.82,False,True,3.51,6.91,True,,HOLD
KSOLVES,Ksolves India Limited,Technology,Software - Application,283.04998779296875,False,35.129999999999995,True,False,-14.98,-14.84,False,137.0,EXIT
MERCURYEV,Mercury Ev-Tech Limited,Consumer Cyclical,Auto Manufacturers,35.7400016784668,True,4.4,False,False,,,False,,EXIT
EMKAY,Emkay Global Financial Services Limited,Financial Services,Capital Markets,247.0500030517578,False,19.53,False,False,0.47,0.29,True,360.0,EXIT
FABTECH,FABTECH,Healthcare,Health Information Services,151.5500030517578,False,38.08,False,False,,,False,327.0,EXIT
EMAMIPAP,Emami Paper Mills Limited,Basic Materials,Paper & Paper Products,113.12000274658203,False,93.67999999999999,False,True,17.69,15.18,True,,HOLD
LAXMIINDIA,LAXMIINDIA,Financial Services,Credit Services,136.02000427246094,False,54.55,False,True,,,False,,EXIT
NAHARPOLY,Nahar Poly Films Limited,Consumer Cyclical,Packaging & Containers,278.6000061035156,False,78.84,False,True,-21.83,-18.37,False,723.0,EXIT
PANACHE,Panache Digilife Limited,Technology,Communication Equipment,440.70001220703125,False,16.66,True,True,70.71,70.32,True,116.0,HOLD
AMANTA,AMANTA,Healthcare,Drug Manufacturers - Specialty & Generic,169.75,False,17.330000000000002,False,True,,,False,,EXIT
KILITCH,Kilitch Drugs (India) Limited,Healthcare,Drug Manufacturers - Specialty & Generic,190.32000732421875,False,30.17,False,True,-25.31,-17.9,False,198.0,EXIT
NBIFIN,N.B.I. Industrial Finance Company Limited,Financial Services,Capital Markets,2168.199951171875,False,13.13,True,True,-22.84,-22.93,False,,HOLD
ADSL,Allied Digital Services Limited,Technology,Information Technology Services,116.86000061035156,False,47.169999999999995,True,False,-28.81,-28.58,False,366.0,EXIT
AQYLON,Aqylon Nexus Limited,Communication Services,Broadcasting,25.420000076293945,False,11.45,True,False,-84.0,-101.29,False,180.0,EXIT
VAKRANGEE,Vakrangee Limited,Technology,Information Technology Services,6.03000020980835,False,10.95,False,False,-36.98,-36.7,False,6502.0,EXIT
CHEVIOT,Cheviot Company Limited,Consumer Cyclical,Textile Manufacturing,1130.5999755859375,False,69.80000000000001,False,True,-12.65,-9.21,False,122.0,EXIT
SCPL,Sheetal Cool Products Limited,Consumer Defensive,Packaged Foods,632.1500244140625,True,19.11,False,True,114.87,107.26,True,,HOLD
COFFEEDAY,Coffee Day Enterprises Limited,Consumer Cyclical,Restaurants,33.630001068115234,False,228.00000000000003,False,True,-11.48,-8.04,False,4142.0,EXIT
DBOL,Dhampur Bio Organics Limited,Consumer Defensive,Farm Products,108.1500015258789,False,92.91,False,True,39.75,32.65,True,2408.0,HOLD
BIGBLOC,Bigbloc Construction Limited,Industrials,Building Products & Equipment,46.47999954223633,False,7.12,False,False,-21.47,-23.6,False,243.0,EXIT
CHEMCON,Chemcon Speciality Chemicals Limited,Basic Materials,Specialty Chemicals,193.2899932861328,False,23.6,False,True,-20.01,-22.41,False,,EXIT
SPECIALITY,Speciality Restaurants Limited,Consumer Cyclical,Restaurants,139.4600067138672,False,21.55,False,True,-1.15,2.27,False,436.0,EXIT
ABINFRA,ABINFRA,Industrials,Engineering & Construction,10.020000457763672,False,19.34,False,False,-47.94,-50.01,False,,EXIT
ONWARDTEC,Onward Technologies Limited,Technology,Information Technology Services,289.95001220703125,False,43.55,True,True,-18.76,-18.6,False,491.0,HOLD
SNOWMAN,Snowman Logistics Limited,Industrials,Integrated Freight & Logistics,39.43000030517578,False,13.85,False,False,-29.56,-31.68,False,,EXIT
ORBTEXP,Orbit Exports Limited,Consumer Cyclical,Textile Manufacturing,246.7100067138672,False,29.18,False,True,8.29,11.69,True,218.0,HOLD
DCMSIL,DCM Shriram International Limited,Industrials,Industrial Distribution,78.16000366210938,False,27.71,False,False,,,False,574.0,EXIT
PPL,Prakash Pipes Limited,Industrials,Building Products & Equipment,262.04998779296875,False,43.260000000000005,False,True,-29.52,-31.64,False,,EXIT
PROZONER,Prozone Realty Limited,Real Estate,Real Estate - Diversified,42.58000183105469,False,10.7,False,False,12.35,-4.81,False,185.0,EXIT
SUTLEJTEX,Sutlej Textiles and Industries Limited,Consumer Cyclical,Textile Manufacturing,38.119998931884766,False,86.31,False,True,-15.86,-12.41,False,3076.0,EXIT
AHLWEST,Asian Hotels (West) Limited,Consumer Cyclical,Lodging,520.0,False,57.83,False,True,254.3,257.11,True,432.0,HOLD
HINDCOMPOS,Hindustan Composites Limited,Consumer Cyclical,Auto Parts,425.79998779296875,False,32.43,False,False,-17.3,-13.85,False,325.0,EXIT
KANORICHEM,Kanoria Chemicals & Industries Limited,Basic Materials,Chemicals,142.42999267578125,False,136.44000000000003,True,True,58.1,55.47,True,1578.0,HOLD
BAFNAPH,Bafna Pharmaceuticals Limited,Healthcare,Drug Manufacturers - Specialty & Generic,273.54998779296875,True,11.1,True,True,198.77,204.7,True,185.0,ADD
MINDTECK,Mindteck (India) Limited,Technology,Information Technology Services,192.38999938964844,False,31.52,False,False,-8.47,-8.37,False,424.0,EXIT
GLOTTIS,GLOTTIS,Industrials,Integrated Freight & Logistics,67.01000213623047,False,37.08,False,True,,,False,,EXIT
TPLPLASTEH,TPL Plastech Limited,Consumer Cyclical,Packaging & Containers,80.37000274658203,False,29.060000000000002,True,True,-0.27,3.15,False,349.0,HOLD
SATIA,Satia Industries Limited,Basic Materials,Paper & Paper Products,62.4900016784668,False,89.94999999999999,False,False,-25.1,-27.49,False,,EXIT
MALLCOM,Mallcom (India) Limited,Industrials,Security & Protection Services,992.7000122070312,False,30.04,False,False,-23.8,-25.93,False,487.0,EXIT
PRIMO,Primo Chemicals Limited,Basic Materials,Chemicals,24.1200008392334,False,15.360000000000001,False,True,-13.85,-16.27,False,701.0,EXIT
BIRLACABLE,Birla Cable Limited,Technology,Communication Equipment,224.6999969482422,False,16.89,False,True,28.17,28.04,True,792.0,HOLD
CHEMBONDCH,Chembond Chemicals Limited,Basic Materials,Specialty Chemicals,229.11000061035156,False,37.26,False,True,26.62,24.09,True,69.4,HOLD
LINC,Linc Limited,Industrials,Business Equipment & Supplies,101.68000030517578,False,32.74,False,False,-27.17,-29.29,False,543.0,EXIT
ZIMLAB,ZIM Laboratories Limited,Healthcare,Drug Manufacturers - Specialty & Generic,109.02999877929688,False,10.43,False,True,16.1,23.24,True,397.0,HOLD
ZFSTEERING,ZF Steering Gear (India) Limited,Consumer Cyclical,Auto Parts,665.9500122070312,False,16.23,False,False,,,False,,EXIT
SHIVAUM,SHIVAUM,Basic Materials,Steel,419.75,False,6.08,False,True,37.92,35.36,True,548.0,HOLD
RBZJEWEL,RBZ Jewellers Limited,Consumer Cyclical,Luxury Goods,151.0800018310547,False,54.79,False,True,4.66,8.07,True,,HOLD
TREL,Transindia Real Estate Limited,Real Estate,Real Estate Services,24.479999542236328,False,36.95,False,False,-14.45,-31.27,False,136.0,EXIT
CEWATER,CEWATER,Utilities,Utilities - Regulated Water,279.6000061035156,False,30.95,False,False,-48.76,-56.97,False,594.0,EXIT
SOFTTECH,SoftTech Engineers Limited,Technology,Software - Application,428.45001220703125,False,4.95,False,True,12.27,12.25,True,95.0,HOLD
HTMEDIA,HT Media Limited,Communication Services,Publishing,26.5,False,54.27,False,True,24.06,5.33,True,2502.0,HOLD
PANSARI,Pansari Developers Limited,Real Estate,Real Estate - Development,335.95001220703125,False,22.02,False,True,59.7,41.94,True,60.0,HOLD
SIGMA,Sigma Solve Limited,Technology,Information Technology Services,48.09000015258789,False,23.89,False,True,17.32,17.26,True,31.94,HOLD
KRONOX,KRONOX,Basic Materials,Specialty Chemicals,161.8300018310547,False,27.55,False,True,-9.13,-11.56,False,100.0,EXIT
SHALPAINTS,Shalimar Paints Limited,Basic Materials,Specialty Chemicals,82.54000091552734,False,64.85,True,True,4.09,1.62,True,599.0,HOLD
VISACHROME,VISA Chrome Limited,Basic Materials,Steel,38.04999923706055,False,1123.6499999999999,False,False,8.0,5.52,True,,EXIT
HITECHCORP,Hitech Corporation Limited,Consumer Cyclical,Packaging & Containers,321.8500061035156,True,20.43,True,True,70.25,73.49,True,561.0,ADD
MUNJALSHOW,Munjal Showa Limited,Consumer Cyclical,Auto Parts,144.3000030517578,False,21.97,False,True,-2.32,1.09,False,1669.0,EXIT
REPRO,Repro India Limited,Industrials,Specialty Business Services,393.79998779296875,False,34.8,True,False,-26.95,-29.07,False,479.0,EXIT
MCLEODRUSS,McLeod Russel India Limited,Consumer Defensive,Packaged Foods,50.970001220703125,False,181.61999999999998,False,False,36.01,28.93,True,1596.0,EXIT
DCI,DC Infotech and Communication Limited,Technology,Electronics & Computer Distribution,340.3500061035156,False,21.21,True,True,41.06,40.85,True,556.0,HOLD
CSM,CSM,Technology,Information Technology Services,100.37999725341797,False,0.0,False,False,,,False,,EXIT
OSWALGREEN,Oswal Greentech Limited,Financial Services,Asset Management,21.520000457763672,False,103.89999999999999,True,False,-52.83,-52.78,False,458.0,EXIT
CHEMFAB,Chemfab Alkalis Limited,Basic Materials,Specialty Chemicals,371.3500061035156,False,9.489999999999998,False,False,-48.76,-51.08,False,334.0,EXIT
MUFTI,MUFTI,Consumer Cyclical,Apparel Retail,82.2300033569336,False,47.42,False,False,-42.75,-39.23,False,618.0,EXIT
APTECHT,Aptech Limited,Consumer Defensive,Education & Training Services,94.06999969482422,False,23.53,False,False,-27.24,-33.9,False,460.0,EXIT
GLOBAL,Global Education Limited,Consumer Defensive,Education & Training Services,102.83000183105469,False,26.520000000000003,False,True,66.85,59.57,True,74.0,HOLD
MGEL,Mangalam Global Enterprise Limited,Consumer Defensive,Farm Products,15.239999771118164,False,32.61,False,True,-5.79,-12.59,False,2092.0,EXIT
DISHTV,Dish TV India Limited,Communication Services,Entertainment,2.8299999237060547,False,807.36,False,False,-32.15,-50.13,False,6166.0,EXIT
SHREERAMA,Shree Rama Multi-Tech Limited,Consumer Cyclical,Packaging & Containers,38.290000915527344,False,24.770000000000003,False,False,-13.3,-9.85,False,,EXIT
PTL,PTL Enterprises Limited,Real Estate,Real Estate Services,40.130001068115234,False,46.17,True,True,16.8,-0.41,False,450.0,HOLD
KNAGRI,KNAGRI,Consumer Defensive,Farm Products,207.92999267578125,False,0.0,False,True,-14.26,-21.0,False,2224.0,EXIT
PASUPTAC,Pasupati Acrylon Limited,Consumer Cyclical,Textile Manufacturing,61.119998931884766,False,69.92,False,True,23.95,27.3,True,,HOLD
UNIVPHOTO,Universus Photo Imagings Limited,Healthcare,Medical Devices,467.6000061035156,False,79.94,False,True,66.86,73.66,True,62.0,HOLD
MODINATUR,Modi Naturals Limited,Consumer Defensive,Packaged Foods,398.0,False,50.27,True,False,,,False,474.0,EXIT
MANCREDIT,Mangal Credit and Fincorp Limited,Financial Services,Credit Services,245.14999389648438,True,15.3,True,True,30.92,30.6,True,,ADD
RKSWAMY,RKSWAMY,Communication Services,Advertising Agencies,101.93000030517578,False,22.099999999999998,False,False,-22.58,-40.69,False,332.0,EXIT
DHUNINV,Dhunseri Investments Limited,Financial Services,Capital Markets,884.9500122070312,False,59.330000000000005,False,False,-43.51,-43.5,False,,EXIT
ENIL,Entertainment Network (India) Limited,Communication Services,Broadcasting,109.5999984741211,False,24.16,False,False,-13.85,-32.08,False,621.0,EXIT
OSWALAGRO,Oswal Agro Mills Limited,Real Estate,Real Estate - Development,38.93000030517578,False,69.2,False,False,-37.21,-53.73,False,162.0,EXIT
SUKHJITS,The Sukhjit Starch & Chemicals Limited,Basic Materials,Specialty Chemicals,165.30999755859375,False,34.17,False,False,-6.43,-8.86,False,1498.0,EXIT
PENINLAND,Peninsula Land Limited,Real Estate,Real Estate - Development,15.8100004196167,False,153.64,True,False,-45.75,-62.17,False,993.0,EXIT
GFLLIMITED,GFL Limited,Financial Services,Asset Management,48.369998931884766,False,61.35000000000001,False,False,-25.98,-26.05,False,6971.51,EXIT
IRIS,IRIS RegTech Solutions Limited,Technology,Software - Application,258.1700134277344,False,126.49000000000001,True,False,-34.11,-33.85,False,120.0,EXIT
THEINVEST,The Investment Trust of India Limited,Financial Services,Capital Markets,101.9800033569336,False,30.07,False,False,-41.04,-41.04,False,640.0,EXIT
SAYAJIHOTL,Sayaji Hotels Limited,Consumer Cyclical,Lodging,312.0,True,23.65,False,False,,,False,,EXIT
KANPRPLA,Kanpur Plastipack Limited,Consumer Cyclical,Packaging & Containers,211.35000610351562,False,45.19,True,True,-3.7,-0.28,False,627.0,HOLD
URJA,Urja Global Limited,Technology,Solar,10.050000190734863,False,1.19,False,False,-32.3,-32.05,False,163.56,EXIT
RUSHIL,Rushil Décor Limited,Consumer Cyclical,"Furnishings, Fixtures & Appliances",18.280000686645508,False,34.78,False,False,-32.99,-29.5,False,898.0,EXIT
SCHAND,S Chand And Company Limited,Communication Services,Publishing,144.30999755859375,False,263.64,False,False,-18.1,-36.26,False,794.0,EXIT
ELIN,Elin Electronics Limited,Industrials,Electrical Equipment & Parts,101.48999786376953,False,24.11,False,False,-44.75,-46.83,False,1180.0,EXIT
BBTCL,B&B Triplewall Containers Limited,Consumer Cyclical,Packaging & Containers,221.1999969482422,False,20.44,False,True,3.56,6.96,True,492.0,HOLD
SREEL,Sreeleathers Limited,Consumer Cyclical,Footwear & Accessories,212.61000061035156,False,28.74,False,True,-18.41,-14.95,False,,EXIT
BMWVENTLTD,BMWVENTLTD,Basic Materials,Steel,57.15999984741211,False,41.34,False,False,,,False,,EXIT
IGCL,IGCL,Basic Materials,Agricultural Inputs,75.27999877929688,False,42.09,False,True,-31.08,-33.45,False,590.0,EXIT
KAMATHOTEL,Kamat Hotels (India) Limited,Consumer Cyclical,Lodging,172.8000030517578,False,40.269999999999996,False,False,-35.95,-32.45,False,264.0,EXIT
UNIVASTU,Univastu India Limited,Industrials,Engineering & Construction,144.67999267578125,True,7.01,False,True,66.09,63.76,True,171.0,HOLD
ZEEMEDIA,Zee Media Corporation Limited,Communication Services,Broadcasting,7.050000190734863,False,103.64000000000001,False,False,-31.62,-49.61,False,867.0,EXIT
ORIENTCER,Orient Ceratech Limited,Basic Materials,Specialty Chemicals,40.720001220703125,False,21.860000000000003,False,False,-4.4,-6.84,False,366.0,EXIT
NAHARINDUS,Nahar Industrial Enterprises Limited,Consumer Cyclical,Textile Manufacturing,120.61000061035156,False,51.34,False,True,-4.96,-1.54,False,2006.0,EXIT
IL&FSENGG,IL&FS Engineering and Construction Company Limited,Industrials,Engineering & Construction,35.15999984741211,False,22.419999999999998,True,True,-0.36,-2.54,False,3267.0,HOLD
PLASTIBLEN,Plastiblends India Limited,Basic Materials,Specialty Chemicals,188.44000244140625,False,44.2,False,True,-1.46,-3.92,False,,EXIT
3IINFOLTD,3i Infotech Limited,Technology,Information Technology Services,25.1200008392334,False,34.3,False,True,4.3,4.32,True,1344.0,HOLD
DENORA,De Nora India Limited,Industrials,Electrical Equipment & Parts,880.0499877929688,False,10.33,False,True,2.1,-0.09,False,,EXIT
CSLFINANCE,CSL Finance Limited,Financial Services,Credit Services,216.39999389648438,False,86.12,False,False,-31.45,-31.5,False,,EXIT
INTLCONV,International Conveyors Limited,Industrials,Specialty Industrial Machinery,74.93000030517578,False,103.1,True,False,-15.13,-17.27,False,215.0,EXIT
DICIND,DIC India Limited,Basic Materials,Specialty Chemicals,513.3499755859375,False,19.03,False,False,-17.46,-19.87,False,892.0,EXIT
FOCUS,Focus Lighting and Fixtures Limited,Consumer Cyclical,"Furnishings, Fixtures & Appliances",68.69999694824219,False,5.49,False,False,-42.78,-39.26,False,224.0,EXIT
ADVANIHOTR,Advani Hotels & Resorts (India) Limited,Consumer Cyclical,Lodging,52.43000030517578,False,25.820000000000004,True,False,-16.39,-12.94,False,71.0,EXIT
TERASOFT,Tera Software Limited,Technology,Information Technology Services,408.54998779296875,False,24.799999999999997,True,True,32.48,32.33,True,131.0,HOLD
ORIENTBELL,Orient Bell Limited,Industrials,Building Products & Equipment,317.6000061035156,False,13.169999999999998,False,True,2.79,0.6,True,705.0,HOLD
HLVLTD,HLV Limited,Consumer Cyclical,Lodging,7.090000152587891,False,26.17,False,False,-52.8,-49.26,False,718.0,EXIT
NILASPACES,Nila Spaces Limited,Real Estate,Real Estate - Development,12.229999542236328,False,28.56,True,False,5.33,-11.74,False,136.0,EXIT
ASAHISONG,Asahi Songwon Colors Limited,Basic Materials,Specialty Chemicals,391.20001220703125,False,34.83,True,True,15.86,13.36,True,562.0,HOLD
HALEOSLABS,Haleos Labs Limited,Healthcare,Biotechnology,1539.5999755859375,False,17.32,False,True,29.63,36.68,True,378.0,HOLD
WSI,W.S. Industries (India) Limited,Industrials,Engineering & Construction,60.0099983215332,False,6.42,False,False,-27.62,-29.73,False,326.0,EXIT
SRGHFL,SRG Housing Finance Limited,Financial Services,Mortgage Finance,294.45001220703125,False,32.49,False,True,-12.85,-12.97,False,,EXIT
MIRZAINT,Mirza International Limited,Consumer Cyclical,Footwear & Accessories,34.20000076293945,False,40.489999999999995,False,False,-12.73,-9.28,False,1399.0,EXIT
UGARSUGAR,The Ugar Sugar Works Limited,Consumer Defensive,Confectioners,44.97999954223633,False,105.42,True,True,8.51,1.61,True,1794.0,HOLD
KHAICHEM,Khaitan Chemicals and Fertilizers Limited,Basic Materials,Agricultural Inputs,49.38999938964844,False,54.019999999999996,False,False,-55.22,-57.51,False,,EXIT
DAVANGERE,Davangere Sugar Company Limited,Consumer Defensive,Confectioners,3.0799999237060547,False,8.5,False,False,-3.08,-9.9,False,,EXIT
XTGLOBAL,XTGlobal Infotech Limited,Technology,Software - Application,33.16999816894531,False,13.03,False,True,-4.99,-4.91,False,242.0,EXIT
RAMAPHO,Rama Phosphates Limited,Basic Materials,Agricultural Inputs,126.2300033569336,False,52.49,False,False,-19.57,-21.97,False,,EXIT
UNIDT,United Drilling Tools Limited,Energy,Oil & Gas Equipment & Services,238.64999389648438,False,18.97,False,True,3.3,10.57,True,175.0,HOLD
MAJESAUT,Majestic Auto Limited,Real Estate,Real Estate Services,482.45001220703125,True,96.89999999999999,False,False,,,False,,EXIT
MANAKSTEEL,Manaksia Steels Limited,Basic Materials,Steel,79.26000213623047,False,39.92,True,True,21.56,19.04,True,742.0,HOLD
GUJAPOLLO,Gujarat Apollo Industries Limited,Industrials,Specialty Industrial Machinery,366.45001220703125,False,5.15,False,False,-23.67,-25.8,False,77.9,EXIT
LIBERTSHOE,Liberty Shoes Ltd.,Consumer Cyclical,Footwear & Accessories,260.8999938964844,False,14.829999999999998,False,False,-28.72,-25.23,False,526.0,EXIT
VINYLINDIA,Vinyl Chemicals (India) Limited,Basic Materials,Specialty Chemicals,247.61000061035156,False,16.5,False,True,-12.92,-15.34,False,,EXIT
SILINV,SIL Investments Limited,Financial Services,Asset Management,424.54998779296875,False,56.02,False,False,-30.39,-30.44,False,178.0,EXIT
SBGLP,Suratwwala Business Group Limited,Real Estate,Real Estate - Development,25.020000457763672,False,37.9,True,False,-26.5,-43.17,False,72.0,EXIT
DONEAR,Donear Industries Limited,Consumer Cyclical,Textile Manufacturing,85.23999786376953,False,27.950000000000003,False,False,-21.98,-18.52,False,914.0,EXIT
MOLDTECH,Mold-Tek Technologies Limited,Industrials,Engineering & Construction,151.4600067138672,False,10.09,False,True,2.37,0.18,True,161.0,HOLD
ACL,Andhra Cements Limited,Basic Materials,Building Materials,47.59000015258789,False,158.21,False,False,-30.39,-32.76,False,,EXIT
ARIES,Aries Agro Limited,Basic Materials,Agricultural Inputs,341.1000061035156,False,51.7,True,False,-16.52,-18.93,False,622.0,EXIT
THOMASCOTT,Thomas Scott (India) Limited,Consumer Cyclical,Textile Manufacturing,305.70001220703125,False,19.179999999999996,False,False,-11.66,-8.22,False,,EXIT
ABCOTS,ABCOTS,Consumer Cyclical,Textile Manufacturing,200.80999755859375,False,13.030000000000001,False,False,-59.7,-56.15,False,298.0,EXIT
MAZDA,Mazda Limited,Industrials,Specialty Industrial Machinery,226.3699951171875,False,27.500000000000004,False,True,-21.85,-23.98,False,,EXIT
TARACHAND,Tara Chand Infralogistic Solutions Limited,Industrials,Farm & Heavy Construction Machinery,58.880001068115234,False,27.7,False,False,-21.89,-24.02,False,,EXIT
NDLVENTURE,NDL Ventures Limited,Communication Services,Entertainment,127.2699966430664,False,0.76,False,True,113.33,93.41,True,1080.0,HOLD
RAMANEWS,Shree Rama Newsprint Limited,Consumer Defensive,Beverages - Non-Alcoholic,33.369998931884766,False,68.53999999999999,False,True,0.59,-6.26,False,,EXIT
CYBERTECH,CyberTech Systems and Software Limited,Technology,Information Technology Services,139.35000610351562,False,31.740000000000002,False,True,-11.79,-11.67,False,236.0,EXIT
BANSWRAS,Banswara Syntex Limited,Consumer Cyclical,Textile Manufacturing,125.48999786376953,False,33.94,False,True,-19.01,-15.55,False,1499.0,EXIT
KAYA,Kaya Limited,Consumer Defensive,Household & Personal Products,262.5,False,96.18,False,False,-34.32,-40.94,False,421.0,EXIT
NAHARCAP,Nahar Capital and Financial Services Limited,Financial Services,Capital Markets,263.17999267578125,False,63.13000000000001,False,True,-16.62,-16.73,False,52.0,EXIT
SARVESHWAR,Sarveshwar Foods Limited,Consumer Defensive,Packaged Foods,3.4100000858306885,False,31.79,True,False,-55.52,-61.99,False,1134.0,EXIT
MANORG,Mangalam Organics Limited,Basic Materials,Specialty Chemicals,470.04998779296875,False,20.79,False,False,-2.95,-5.4,False,530.0,EXIT
ESSARSHPNG,Essar Shipping Limited,Industrials,Marine Shipping,20.040000915527344,False,166.78000000000003,False,False,-24.66,-26.79,False,2194.0,EXIT
DJML,DJ Mediaprint & Logistics Limited,Industrials,Specialty Business Services,110.75,False,11.379999999999999,True,True,-0.66,-2.84,False,82.0,HOLD
LORDSCHLO,Lords Chloro Alkali Limited,Basic Materials,Chemicals,147.52999877929688,False,29.529999999999998,False,False,-31.94,-34.3,False,,EXIT
ATALREAL,Atal Realtech Limited,Industrials,Engineering & Construction,33.970001220703125,True,6.49,True,True,77.52,75.16,True,96.0,ADD
MAWANASUG,Mawana Sugars Limited,Consumer Defensive,Confectioners,115.3499984741211,False,96.43,False,True,31.53,24.48,True,1485.0,HOLD
AFIL,AFIL,Financial Services,Credit Services,9.270000457763672,False,44.27,False,True,30.65,30.33,True,,HOLD
OMAXAUTO,Omax Autos Limited,Consumer Cyclical,Auto Parts,181.3800048828125,False,40.489999999999995,True,True,19.51,22.87,True,1287.0,HOLD
EMAMIREAL,Emami Realty Limited,Real Estate,Real Estate - Development,77.0999984741211,False,189.46999999999997,True,False,-19.97,-36.71,False,1041.0,EXIT
MONEYBOXX,Moneyboxx Finance Limited,Financial Services,Credit Services,61.72999954223633,False,1.34,False,False,,,False,,EXIT
MEDICO,Medico Remedies Limited,Healthcare,Drug Manufacturers - Specialty & Generic,49.060001373291016,False,13.120000000000001,False,True,13.2,20.35,True,,HOLD
VRAJ,VRAJ,Basic Materials,Steel,121.58999633789062,False,32.010000000000005,False,False,-24.46,-26.84,False,516.0,EXIT
TOLINS,TOLINS,Consumer Cyclical,Auto Parts,103.44999694824219,False,35.68,False,False,-37.53,-34.03,False,292.0,EXIT
SURAJLTD,Suraj Limited,Basic Materials,Steel,219.9600067138672,False,8.319999999999999,False,False,-39.51,-41.85,False,367.0,EXIT
FOODSIN,Foods and Inns Limited,Consumer Defensive,Packaged Foods,53.900001525878906,False,27.689999999999998,False,False,-46.36,-52.9,False,1020.0,EXIT
PPAP,PPAP Automotive Limited,Consumer Cyclical,Auto Parts,282.8999938964844,False,47.84,True,True,6.61,10.01,True,554.0,HOLD
KOTHARIPRO,Kothari Products Limited,Industrials,Conglomerates,67.13999938964844,False,37.92,False,False,-17.59,-19.74,False,6866.0,EXIT
AUTOIND,Autoline Industries Limited,Consumer Cyclical,Auto Parts,90.11000061035156,False,38.53,True,True,17.6,20.97,True,677.0,HOLD
HARRMALAYA,Harrisons Malayalam Limited,Consumer Defensive,Farm Products,216.83999633789062,False,29.130000000000003,False,True,8.0,1.1,True,512.0,HOLD
ALBERTDAVD,Albert David Limited,Healthcare,Drug Manufacturers - Specialty & Generic,694.75,False,47.97,False,False,-28.29,-20.86,False,362.0,EXIT
S&SPOWER,S&S Power Switchgear Limited,Industrials,Electrical Equipment & Parts,322.45001220703125,False,10.11,True,False,-16.84,-18.99,False,186.0,EXIT
INSPIRISYS,Inspirisys Solutions Limited,Technology,Information Technology Services,97.0,False,40.93,True,True,-13.71,-13.57,False,589.0,HOLD
GINNIFILA,Ginni Filaments Limited,Consumer Cyclical,Textile Manufacturing,46.029998779296875,False,35.48,False,True,-8.39,-4.96,False,1084.0,EXIT
SHIVALIK,Shivalik Rasayan Limited,Basic Materials,Agricultural Inputs,248.0500030517578,False,11.88,False,False,-58.32,-60.61,False,312.0,EXIT
ORIENTPPR,Orient Paper & Industries Limited,Basic Materials,Paper & Paper Products,19.209999084472656,False,96.79,False,False,-32.44,-34.8,False,1615.0,EXIT
KESORAMIND,Kesoram Industries Limited,Basic Materials,Building Materials,13.529999732971191,False,5902.05,True,True,150.27,147.39,True,3882.0,HOLD
MARKOLINES,MARKOLINES,Industrials,Infrastructure Operations,176.1699981689453,False,26.229999999999997,True,True,,,False,347.0,HOLD
RADIANTCMS,Radiant Cash Management Services Limited,Industrials,Specialty Business Services,37.56999969482422,False,32.25,False,False,-40.41,-42.5,False,427.0,EXIT
EUROBOND,EUROBOND,Industrials,Building Products & Equipment,163.89999389648438,False,26.56,True,False,-28.42,-30.54,False,423.0,EXIT
RUBFILA,Rubfila International Limited,Basic Materials,Specialty Chemicals,71.56999969482422,False,26.610000000000003,False,False,-11.27,-13.69,False,550.0,EXIT
BATLIBOI,Batliboi Limited,Industrials,Specialty Industrial Machinery,84.0199966430664,False,15.76,False,False,,,False,,EXIT
GOKUL,Gokul Refoils & Solvent Limited,Consumer Defensive,Packaged Foods,39.2599983215332,False,18.48,False,False,-2.93,-9.75,False,6349.0,EXIT
MBLINFRA,MBL Infrastructures Limited,Industrials,Engineering & Construction,25.18000030517578,False,30.69,False,False,-40.84,-42.93,False,2343.0,EXIT
MUTHOOTCAP,Muthoot Capital Services Limited,Financial Services,Credit Services,239.63999938964844,False,25.810000000000002,False,True,-23.89,-23.96,False,,EXIT
AVG,AVG Logistics Limited,Industrials,Integrated Freight & Logistics,203.72999572753906,False,26.159999999999997,False,True,-18.08,-20.22,False,552.0,EXIT
SHAH,Shah Metacorp Limited,Basic Materials,Steel,4.010000228881836,False,13.53,False,False,3.81,1.34,True,277.0,EXIT
CPEDU,Career Point Edutech Ltd.,Consumer Defensive,Education & Training Services,210.11000061035156,False,22.95,False,False,,,False,50.0,EXIT
MANOMAY,Manomay Tex India Limited,Consumer Cyclical,Textile Manufacturing,213.42999267578125,False,19.65,False,True,28.21,31.56,True,,HOLD
UYFINCORP,U. Y. Fincorp Limited,Financial Services,Credit Services,19.360000610351562,False,48.28,True,True,3.0,2.8,True,,HOLD
DIGISPICE,DiGiSPICE Technologies Limited,Financial Services,Financial Conglomerates,17.18000030517578,False,18.97,True,False,-25.26,-25.33,False,2111.0,EXIT
GVKPIL,GVK Power & Infrastructure Limited,Utilities,Utilities - Independent Power Producers,2.4200000762939453,False,839.51,False,False,-31.27,-39.95,False,4098.0,EXIT
JKIPL,JKIPL,Industrials,Farm & Heavy Construction Machinery,97.88999938964844,False,106.04000000000002,False,True,,,False,381.0,EXIT
KOTYARK,KOTYARK,Basic Materials,Specialty Chemicals,36.630001068115234,False,10.78,False,True,71.22,68.56,True,288.0,HOLD
HCL-INSYS,HCL Infosystems Limited,Technology,Electronics & Computer Distribution,11.640000343322754,False,32.92,True,False,-26.55,-26.34,False,7848.0,EXIT
MEGASTAR,Megastar Foods Limited,Consumer Defensive,Packaged Foods,329.79998779296875,False,9.3,False,True,25.35,18.34,True,361.0,HOLD
SINCLAIR,Sinclairs Hotels Limited,Consumer Cyclical,Lodging,74.02999877929688,False,14.85,True,False,-34.87,-31.38,False,19.63,EXIT
KRITI,Kriti Industries (India) Limited,Industrials,Building Products & Equipment,70.19999694824219,False,21.42,False,False,-60.77,-62.82,False,867.0,EXIT
MANAKSIA,Manaksia Limited,Industrials,Metal Fabrication,56.7400016784668,False,52.33,False,False,-25.17,-27.29,False,1679.0,EXIT
KCPSUGIND,K.C.P. Sugar and Industries Corporation Limited,Consumer Defensive,Confectioners,31.3700008392334,False,41.519999999999996,False,True,0.27,-6.57,False,442.0,EXIT
KRITINUT,Kriti Nutrients Limited,Consumer Defensive,Packaged Foods,81.05000305175781,False,33.910000000000004,False,True,-22.39,-29.08,False,734.0,EXIT
SHARDUL,Shardul Securities Limited,Financial Services,Capital Markets,45.65999984741211,False,262.16999999999996,False,False,,,False,,EXIT
AEPL,Artemis Electricals and Projects Limited,Industrials,Electrical Equipment & Parts,14.079999923706055,False,8.71,True,False,,,False,72.35,EXIT
VARDHACRLC,Vardhman Acrylics Limited,Consumer Cyclical,Textile Manufacturing,44.529998779296875,False,185.64000000000001,False,True,-9.78,-6.34,False,,EXIT
TRANSWORLD,Transworld Shipping Lines Limited,Industrials,Marine Shipping,159.02000427246094,False,71.79,False,False,-40.94,-43.03,False,718.0,EXIT
DREAMFOLKS,Dreamfolks Services Limited,Industrials,Airports & Air Services,70.41000366210938,False,53.46,False,False,-47.16,-49.23,False,1292.0,EXIT
NIMBSPROJ,Nimbus Projects Limited,Unknown,Unknown,180.66000366210938,False,103.12,False,False,,,False,176.0,EXIT
BEDMUTHA,Bedmutha Industries Limited,Basic Materials,Steel,109.52999877929688,False,22.69,False,False,-23.4,-25.79,False,1049.0,EXIT
GOACARBON,Goa Carbon Limited,Basic Materials,Specialty Chemicals,383.8999938964844,False,55.849999999999994,True,False,-19.96,-22.36,False,344.0,EXIT
ASHIMASYN,Ashima Limited,Real Estate,Real Estate - Development,18.15999984741211,False,19.69,False,True,-14.67,-31.48,False,449.0,EXIT
SHANKARA,Shankara Building Products Limited,Consumer Cyclical,Home Improvement Retail,144.74000549316406,False,46.14,False,True,-95.17,-91.53,False,5697.0,EXIT
NURECA,Nureca Limited,Healthcare,Medical Devices,326.04998779296875,False,13.700000000000001,False,True,24.67,31.75,True,256.0,HOLD
KAVDEFENCE,KAVDEFENCE,Technology,Communication Equipment,57.18000030517578,False,2.43,False,False,-4.5,-4.43,False,170.37,EXIT
DBEIL,DBEIL,Industrials,Engineering & Construction,7.389999866485596,False,39.65,False,False,-47.91,-49.98,False,,EXIT
DCMSRIND,DCM Shriram Industries Limited,Consumer Defensive,Confectioners,44.150001525878906,False,47.44,False,False,-71.48,-77.85,False,2351.0,EXIT
NDL,Nandan Denim Limited,Consumer Cyclical,Textile Manufacturing,2.369999885559082,False,33.129999999999995,False,False,-39.23,-35.72,False,,EXIT
AARTISURF,Aarti Surfactants Limited,Basic Materials,Specialty Chemicals,541.8499755859375,False,12.35,False,True,-3.74,-6.18,False,659.0,EXIT
VPRPL,Vishnu Prakash R Punglia Limited,Industrials,Engineering & Construction,28.479999542236328,False,171.42,False,False,-83.52,-85.51,False,,EXIT
SHEMAROO,Shemaroo Entertainment Limited,Communication Services,Entertainment,116.43000030517578,False,180.85999999999999,True,True,13.57,-5.02,False,707.0,HOLD
PAKKA,Pakka Limited,Basic Materials,Paper & Paper Products,71.58999633789062,False,21.27,False,False,-63.98,-66.26,False,408.0,EXIT
SOMATEX,Soma Textiles & Industries Limited,Consumer Cyclical,Textile Manufacturing,95.9000015258789,False,11.08,False,False,0.57,3.98,True,272.93,EXIT
SAHYADRI,Sahyadri Industries Limited,Industrials,Building Products & Equipment,321.3999938964844,False,29.0,False,True,6.73,4.53,True,,HOLD
VALIANTLAB,Valiant Laboratories Limited,Healthcare,Drug Manufacturers - Specialty & Generic,62.18000030517578,False,10.84,False,False,-40.82,-33.31,False,334.0,EXIT
HILINFRA,HILINFRA,Industrials,Infrastructure Operations,45.72999954223633,False,32.07,False,False,,,False,573.0,EXIT
COASTCORP,Coastal Corporation Limited,Consumer Defensive,Packaged Foods,48.529998779296875,False,26.42,False,True,38.73,31.63,True,613.0,HOLD
DYNPRO,Dynemic Products Limited,Basic Materials,Specialty Chemicals,265.6499938964844,False,19.94,False,True,-24.74,-27.13,False,368.0,EXIT
TREJHARA,Trejhara Solutions Limited,Technology,Software - Application,137.08999633789062,False,8.67,False,False,-41.46,-41.16,False,116.0,EXIT
TRACXN,Tracxn Technologies Limited,Technology,Software - Application,30.06999969482422,False,10.120000000000001,False,False,-50.62,-50.26,False,,EXIT
RUCHIRA,Ruchira Papers Limited,Basic Materials,Paper & Paper Products,108.87000274658203,False,44.150000000000006,False,False,-20.7,-23.1,False,,EXIT
DEVX,Dev Accelerator Limited,Real Estate,Real Estate Services,33.95000076293945,False,12.75,False,False,,,False,127.0,EXIT
VGL,VGL,Consumer Cyclical,Textile Manufacturing,61.33000183105469,False,69.63,True,False,-32.93,-29.43,False,827.0,EXIT
MEDICAMEQ,Medicamen Biotech Limited,Healthcare,Drug Manufacturers - Specialty & Generic,250.8300018310547,False,10.31,False,False,-45.6,-38.05,False,179.0,EXIT
BELLACASA,Bella Casa Fashion & Retail Limited,Consumer Cyclical,Textile Manufacturing,246.3800048828125,False,20.13,False,False,-45.76,-42.24,False,,EXIT
AVONMORE,Avonmore Capital & Management Services Limited,Financial Services,Capital Markets,11.15999984741211,False,26.929999999999996,False,False,-40.61,-40.61,False,,EXIT
OILCOUNTUB,Oil Country Tubular Limited,Energy,Oil & Gas Equipment & Services,57.9900016784668,False,61.49,False,True,-49.33,-40.6,False,,EXIT
TAKE,TAKE LIMITED,Healthcare,Health Information Services,22.389999389648438,False,11.260000000000002,False,False,121.96,128.39,True,2212.9,EXIT
APOLSINHOT,Apollo Sindoori Hotels Limited,Industrials,Specialty Business Services,1198.5,False,10.51,False,False,-15.46,-17.6,False,542.0,EXIT
GENUSPAPER,Genus Paper & Boards Limited,Basic Materials,Paper & Paper Products,12.5,False,9.459999999999999,False,False,-32.66,-35.02,False,863.0,EXIT
HALDER,Halder Venture Limited,Consumer Defensive,Farm Products,254.50999450683594,False,50.56999999999999,True,False,,,False,884.0,EXIT
CLEDUCATE,CL Educate Limited,Consumer Defensive,Education & Training Services,56.689998626708984,False,36.7,True,False,-32.64,-39.27,False,358.0,EXIT
NATHBIOGEN,Nath Bio-Genes (India) Limited,Basic Materials,Agricultural Inputs,164.72000122070312,False,36.62,False,True,-9.43,-11.86,False,268.0,EXIT
VERTOZ,Vertoz Limited,Technology,Software - Infrastructure,35.779998779296875,False,26.04,False,False,-61.61,-61.18,False,254.0,EXIT
MODIRUBBER,Modi Rubber Limited,Real Estate,Real Estate Services,124.51000213623047,False,24.48,False,True,16.23,-0.98,False,146.0,EXIT
OMFREIGHT,OMFREIGHT,Industrials,Integrated Freight & Logistics,88.9800033569336,False,19.96,False,True,,,False,489.0,EXIT
SUNDRMBRAK,Sundaram Brake Linings Limited,Consumer Cyclical,Auto Parts,775.0,False,12.359999999999998,False,True,-14.03,-10.58,False,,EXIT
CINELINE,Cineline India Limited,Communication Services,Entertainment,89.51000213623047,False,14.79,True,True,12.5,-6.07,False,286.0,HOLD
TIGERLOGS,Tiger Logistics (India) Limited,Industrials,Integrated Freight & Logistics,26.809999465942383,False,21.490000000000002,True,False,,,False,330.0,EXIT
HPAL,HP Adhesives Limited,Basic Materials,Specialty Chemicals,34.06999969482422,False,11.71,False,False,-32.05,-34.41,False,251.0,EXIT
ELGIRUBCO,Elgi Rubber Company Limited,Consumer Cyclical,Auto Parts,58.47999954223633,False,240.24,True,True,6.17,9.57,True,489.0,HOLD
RPPINFRA,R.P.P. Infra Projects Limited,Industrials,Engineering & Construction,59.4900016784668,False,38.46,False,False,-55.24,-57.3,False,1439.0,EXIT
MAHEPC,Mahindra EPC Irrigation Limited,Industrials,Farm & Heavy Construction Machinery,107.68000030517578,False,14.4,False,False,-25.45,-27.57,False,284.0,EXIT
SPENCERS,Spencer's Retail Limited,Consumer Cyclical,Department Stores,32.20000076293945,False,249.32999999999998,True,False,-51.44,-47.9,False,2645.0,EXIT
APCL,Anjani Portland Cement Limited,Basic Materials,Building Materials,102.0999984741211,False,28.78,False,False,-32.54,-34.9,False,801.0,EXIT
GOLDTECH,AION-TECH Solutions Limited,Technology,Information Technology Services,54.5099983215332,False,10.07,False,True,-33.15,-32.9,False,93.0,EXIT
REMSONSIND,Remsons Industries Limited,Consumer Cyclical,Auto Parts,82.61000061035156,False,18.04,True,False,-41.21,-37.69,False,377.0,EXIT
RHL,Robust Hotels Limited,Consumer Cyclical,Lodging,175.63999938964844,False,24.700000000000003,False,False,-43.18,-39.67,False,,EXIT
NILAINFRA,Nila Infrastructures Limited,Real Estate,Real Estate - Development,7.53000020980835,False,25.019999999999996,True,False,-23.17,-39.87,False,247.0,EXIT
PRITIKAUTO,Pritika Auto Industries Limited,Industrials,Specialty Industrial Machinery,17.81999969482422,False,19.88,False,True,-2.07,-4.24,False,423.0,EXIT
VARDMNPOLY,Vardhman Polytex Limited,Consumer Cyclical,Textile Manufacturing,6.03000020980835,False,7.670000000000001,False,False,-46.37,-42.84,False,1051.0,EXIT
IITL,Industrial Investment Trust Limited,Financial Services,Credit Services,141.19000244140625,False,45.18,False,False,-15.79,-15.91,False,339.07,EXIT
ATLANTAA,Atlantaa Limited,Industrials,Infrastructure Operations,37.619998931884766,False,44.940000000000005,False,False,9.74,7.54,True,541.0,EXIT
AARON,Aaron Industries Limited,Industrials,Specialty Industrial Machinery,130.61000061035156,False,6.789999999999999,False,False,-44.61,-46.69,False,,EXIT
AXITA,Axita Cotton Limited,Consumer Cyclical,Textile Manufacturing,7.349999904632568,False,6.31,True,False,-15.2,-11.75,False,653.0,EXIT
ALPINETEX,ALPINETEX,Consumer Cyclical,Textile Manufacturing,68.04000091552734,False,0.0,False,False,,,False,,EXIT
NDGL,Naga Dhunseri Group Limited,Financial Services,Capital Markets,2799.0,False,64.03999999999999,False,False,-34.7,-34.73,False,,EXIT
PODDARMENT,Poddar Pigments Limited,Basic Materials,Specialty Chemicals,251.75,False,14.76,False,True,-16.9,-19.31,False,,EXIT
BTTL,Bhilwara Technical Textiles Limited,Consumer Cyclical,Textile Manufacturing,46.61000061035156,False,17.88,False,False,,,False,,EXIT
A2ZINFRA,A2Z Infra Engineering Limited,Industrials,Engineering & Construction,17.239999771118164,False,9.12,False,True,-16.05,-18.2,False,1349.0,EXIT
EXXARO,Exxaro Tiles Limited,Industrials,Building Products & Equipment,6.179999828338623,False,4.1,False,False,-24.45,-26.57,False,325.0,EXIT
AMBALALSA,Ambalal Sarabhai Enterprises Limited,Healthcare,Drug Manufacturers - Specialty & Generic,42.70000076293945,True,18.340000000000003,False,False,,,False,,EXIT
ZEELEARN,Zee Learn Limited,Consumer Defensive,Education & Training Services,8.069999694824219,False,56.11,False,True,-20.5,-27.21,False,517.0,EXIT
RMC,RMC Switchgears Limited,Industrials,Electrical Equipment & Parts,331.04998779296875,False,19.09,False,False,,,False,318.0,EXIT
IVC,IL&FS Investment Managers Limited,Financial Services,Financial Conglomerates,8.479999542236328,False,18.189999999999998,False,True,-4.86,-5.02,False,215.0,EXIT
BPL,BPL Limited,Technology,Consumer Electronics,53.41999816894531,False,14.36,False,False,-35.66,-35.4,False,198.0,EXIT
CORDSCABLE,Cords Cable Industries Limited,Industrials,Electrical Equipment & Parts,222.17999267578125,False,20.650000000000002,False,True,19.66,17.44,True,,HOLD
PONNIERODE,Ponni Sugars (Erode) Limited,Consumer Defensive,Confectioners,327.6000061035156,False,40.06,False,True,18.08,11.12,True,,HOLD
RNBDENIMS,R & B Denims Limited,Consumer Cyclical,Textile Manufacturing,8.989999771118164,False,23.22,False,False,,,False,296.0,EXIT
ALMONDZ,Almondz Global Securities Limited,Financial Services,Capital Markets,13.729999542236328,False,33.79,False,False,-39.1,-39.11,False,150.0,EXIT
SAKUMA,Sakuma Exports Limited,Consumer Defensive,Farm Products,1.6299999952316284,False,9.51,False,False,-37.77,-44.36,False,4546.0,EXIT
STARTECK,Starteck Finance Limited,Financial Services,Credit Services,256.6499938964844,False,23.61,False,False,-20.75,-20.84,False,,EXIT
DPWIRES,D.P. Wires Limited,Industrials,Metal Fabrication,169.55999755859375,False,17.580000000000002,False,False,-23.32,-25.45,False,,EXIT
DCMNVL,DCM Nouvelle Limited,Consumer Cyclical,Textile Manufacturing,149.69000244140625,False,8.43,False,True,-26.92,-23.44,False,1081.0,EXIT
FCSSOFT,FCS Software Solutions Limited,Technology,Information Technology Services,1.4800000190734863,False,9.24,True,False,-44.51,-44.19,False,133.41,EXIT
BIMETAL,Bimetal Bearings Limited,Consumer Cyclical,Auto Parts,645.75,False,11.73,False,False,,,False,,EXIT
GULFPETRO,GP Petroleums Limited,Energy,Oil & Gas Refining & Marketing,54.72999954223633,False,40.62,True,True,22.38,29.11,True,790.0,HOLD
KMSUGAR,K.M. Sugar Mills Limited,Consumer Defensive,Confectioners,28.84000015258789,False,53.42,True,True,10.98,4.06,True,659.0,HOLD
UCAL,UCAL Limited,Consumer Cyclical,Auto Parts,115.98999786376953,False,23.630000000000003,False,True,-26.94,-23.46,False,870.0,EXIT
UFO,UFO Moviez India Limited,Communication Services,Entertainment,68.11000061035156,False,24.03,False,False,6.16,-12.33,False,612.0,EXIT
PAVNAIND,Pavna Industries Limited,Consumer Cyclical,Auto Parts,18.229999542236328,False,8.809999999999999,False,False,-61.0,-57.44,False,298.0,EXIT
AHLEAST,Asian Hotels (East) Limited,Consumer Cyclical,Lodging,143.27999877929688,False,73.64,True,False,-14.72,-11.27,False,202.0,EXIT
TRF,TRF Limited,Industrials,Specialty Industrial Machinery,228.44000244140625,False,18.04,False,False,-34.12,-36.22,False,1162.56,EXIT
LOTUSEYE,Lotus Eye Hospital and Institute Limited,Healthcare,Medical Care Facilities,116.55999755859375,False,1.2400000000000002,False,True,47.45,54.37,True,,HOLD
DIAMINESQ,Diamines and Chemicals Limited,Basic Materials,Chemicals,239.82000732421875,False,12.780000000000001,False,False,-39.72,-42.07,False,110.34,EXIT
SURANAT&P,Surana Telecom and Power Limited,Utilities,Utilities - Independent Power Producers,18.270000457763672,False,24.810000000000002,True,False,3.37,-6.24,False,36.0,EXIT
MARALOVER,Maral Overseas Limited,Consumer Cyclical,Textile Manufacturing,54.279998779296875,False,33.96,False,True,-27.66,-24.18,False,,EXIT
NIPPOBATRY,Indo National Limited,Industrials,Electrical Equipment & Parts,320.8999938964844,False,31.15,False,False,-33.65,-35.76,False,641.0,EXIT
SAHLIBHFI,Shalibhadra Finance Limited,Financial Services,Credit Services,78.18000030517578,False,19.48,False,False,,,False,,EXIT
UNITEDTEA,The United Nilgiri Tea Estates Company Limited,Consumer Defensive,Farm Products,471.3999938964844,False,21.94,True,False,5.67,-1.21,False,62.0,EXIT
SRD,Shankar Lal Rampal Dye-Chem Limited,Basic Materials,Specialty Chemicals,38.68000030517578,False,13.49,False,False,-53.24,-55.54,False,,EXIT
SHIVAMAUTO,Shivam Autotech Limited,Consumer Cyclical,Auto Parts,17.989999771118164,False,81.33,True,False,-45.14,-41.62,False,636.0,EXIT
RADIOCITY,Music Broadcast Limited,Communication Services,Broadcasting,6.71999979019165,False,67.74,True,True,-7.82,-26.12,False,201.0,HOLD
STARPAPER,Star Paper Mills Limited,Basic Materials,Paper & Paper Products,152.0,False,35.34,True,True,-14.37,-16.79,False,360.0,HOLD
VIKASLIFE,Vikas Lifecare Limited,Consumer Defensive,Farm Products,1.2599999904632568,False,167.38000000000002,True,False,-44.14,-50.69,False,480.0,EXIT
SETCO,Setco Automotive Limited,Consumer Cyclical,Auto Parts,17.610000610351562,False,130.54000000000002,True,False,9.37,12.76,True,691.0,HOLD
JAYSREETEA,Jay Shree Tea & Industries Limited,Consumer Defensive,Farm Products,88.16000366210938,False,64.22,False,True,-17.7,-24.43,False,858.0,EXIT
SUMIT,Sumit Woods Limited,Real Estate,Real Estate - Development,55.849998474121094,False,6.050000000000001,False,True,-20.14,-36.88,False,94.0,EXIT
GEEKAYWIRE,Geekay Wires Limited,Industrials,Electrical Equipment & Parts,23.079999923706055,False,30.110000000000003,False,False,-32.14,-34.25,False,,EXIT
BCONCEPTS,Brand Concepts Limited,Consumer Cyclical,Footwear & Accessories,183.91000366210938,False,6.58,False,False,-50.96,-47.42,False,292.0,EXIT
GLOBECIVIL,GLOBECIVIL,Industrials,Engineering & Construction,40.63999938964844,False,23.31,False,False,-50.66,-52.72,False,326.0,EXIT
AARVI,Aarvi Encon Limited,Industrials,Staffing & Employment Services,156.3699951171875,False,17.61,False,True,50.5,48.2,True,510.0,HOLD
VETO,Veto Switchgears and Cables Limited,Industrials,Electrical Equipment & Parts,122.55999755859375,False,25.13,False,True,-6.09,-8.26,False,300.0,EXIT
SIKKO,Sikko Industries Limited,Basic Materials,Agricultural Inputs,5.300000190734863,False,9.12,True,True,45.22,42.64,True,61.3,HOLD
GLOBALVECT,Global Vectra Helicorp Limited,Industrials,Airports & Air Services,163.24000549316406,False,32.29,False,False,-29.55,-31.67,False,,EXIT
MANAKALUCO,Manaksia Aluminium Company Limited,Basic Materials,Aluminum,35.119998931884766,False,7.5600000000000005,False,True,5.75,3.28,True,,HOLD
SINTERCOM,Sintercom India Limited,Consumer Cyclical,Auto Parts,82.66000366210938,False,1.43,False,False,-45.16,-41.64,False,,EXIT
EQUIPPP,Equippp Social Impact Technologies Limited,Technology,Information Technology Services,23.489999771118164,False,1.51,False,True,7.59,7.59,True,560.34,HOLD
GENCON,Generic Engineering Construction and Projects Limited,Industrials,Engineering & Construction,39.33000183105469,False,8.5,False,False,-14.02,-16.17,False,302.0,EXIT
WORTHPERI,Worth Peripherals Limited,Consumer Cyclical,Packaging & Containers,152.97999572753906,False,14.63,False,True,-9.27,-5.84,False,297.0,EXIT
RCOM,Reliance Communications Limited,Communication Services,Telecom Services,0.8299999833106995,False,11125.0,True,False,-25.42,-43.48,False,25594.0,EXIT
SHIVATEX,Shiva Texyarn Limited,Consumer Cyclical,Textile Manufacturing,163.13999938964844,False,10.219999999999999,False,False,-20.44,-16.98,False,553.0,EXIT
CHEMBOND,Chembond Material Technologies Limited,Basic Materials,Specialty Chemicals,171.82000732421875,False,20.86,False,True,-3.83,-6.27,False,440.0,EXIT
DSFCL,DSFCL,Basic Materials,Specialty Chemicals,26.06999969482422,False,8.25,False,False,,,False,429.0,EXIT
BALAJEE,BALAJEE,Consumer Cyclical,Packaging & Containers,27.40999984741211,False,11.01,False,False,-52.69,-49.15,False,579.0,EXIT
AERONEU,Aeroflex Neu Limited,Consumer Cyclical,Packaging & Containers,85.1500015258789,False,3.46,False,True,-36.14,-32.64,False,129.0,EXIT
VMSTMT,VMSTMT,Basic Materials,Steel,44.65999984741211,False,21.04,False,False,,,False,,EXIT
NITIRAJ,Nitiraj Engineers Limited,Technology,Scientific & Technical Instruments,214.44000244140625,False,2.72,False,True,7.37,7.38,True,67.81,HOLD
SONAMLTD,Sonam Limited,Consumer Cyclical,"Furnishings, Fixtures & Appliances",54.16999816894531,False,0.0,False,True,8.09,11.48,True,,HOLD
PIGL,Power & Instrumental (Gujarat) Limited,Industrials,Engineering & Construction,110.62000274658203,False,14.280000000000001,True,False,-20.05,-22.18,False,169.0,EXIT
AAREYDRUGS,Aarey Drugs & Pharmaceuticals Limited,Healthcare,Drug Manufacturers - Specialty & Generic,83.9000015258789,False,4.52,False,True,11.13,18.3,True,,HOLD
LYKALABS,Lyka Labs Limited,Healthcare,Biotechnology,66.66000366210938,False,11.9,False,False,-49.74,-42.16,False,194.0,EXIT
KALYANIFRG,Kalyani Forge Limited,Consumer Cyclical,Auto Parts,609.6500244140625,False,9.56,False,False,-19.53,-16.07,False,,EXIT
ROSSELLIND,Rossell India Limited,Industrials,Conglomerates,58.220001220703125,False,63.44,True,True,-12.98,-15.14,False,367.0,HOLD
MAHESHWARI,Maheshwari Logistics Limited,Industrials,Integrated Freight & Logistics,73.0,False,16.849999999999998,False,True,18.9,16.67,True,1147.0,HOLD
RVTH,Revathi Equipment India Limited,Industrials,Farm & Heavy Construction Machinery,704.0999755859375,False,16.64,False,False,-24.47,-26.6,False,212.0,EXIT
BASML,Bannari Amman Spinning Mills Ltd,Consumer Cyclical,Textile Manufacturing,27.459999084472656,False,13.75,False,True,-13.48,-10.04,False,1560.0,EXIT
AFFORDABLE,Affordable Robotic & Automation Limited,Industrials,Specialty Industrial Machinery,180.2899932861328,False,12.079999999999998,False,False,-55.25,-57.31,False,163.0,EXIT
ASMS,Avio Smart Market Stack Limited,Technology,Information Technology Services,7.190000057220459,False,5.97,False,False,-48.58,-48.24,False,1163.0,EXIT
CCHHL,Country Club Hospitality & Holidays Limited,Consumer Cyclical,Lodging,12.819999694824219,False,18.54,False,False,-37.57,-34.07,False,520.63,EXIT
ALANKIT,Alankit Limited,Technology,Information Technology Services,7.809999942779541,False,19.1,False,False,-52.99,-52.62,False,312.0,EXIT
VSTL,Vibhor Steel Tubes Limited,Basic Materials,Steel,111.5199966430664,False,8.79,False,False,-30.2,-32.57,False,,EXIT
ZODIACLOTH,Zodiac Clothing Company Limited,Consumer Cyclical,Apparel Manufacturing,76.93000030517578,False,35.05,True,False,-32.04,-28.55,False,405.0,EXIT
KOTARISUG,Kothari Sugars and Chemicals Limited,Consumer Defensive,Confectioners,26.34000015258789,False,26.67,True,False,-13.58,-20.33,False,433.0,EXIT
PKTEA,The Peria Karamalai Tea and Produce Company Limited,Consumer Defensive,Farm Products,688.4000244140625,False,23.189999999999998,True,False,15.56,8.62,True,72.79,HOLD
SSDL,SSDL,Consumer Cyclical,Apparel Retail,54.90999984741211,False,23.409999999999997,False,False,-47.47,-43.94,False,604.0,EXIT
NOVAAGRI,Nova Agritech Limited,Basic Materials,Agricultural Inputs,22.989999771118164,False,12.84,False,False,-58.44,-60.73,False,294.0,EXIT
QMSMEDI,QMSMEDI,Healthcare,Medical Instruments & Supplies,114.9000015258789,False,11.239999999999998,False,True,38.9,45.88,True,,HOLD
NECLIFE,Nectar Lifesciences Limited,Healthcare,Drug Manufacturers - Specialty & Generic,10.529999732971191,False,145.75,True,False,-43.18,-35.65,False,2779.0,EXIT
PILITA,Pil Italica Lifestyle Limited,Consumer Cyclical,"Furnishings, Fixtures & Appliances",8.550000190734863,False,3.54,False,False,-50.65,-47.12,False,,EXIT
SAKHTISUG,Sakthi Sugars Limited,Consumer Defensive,Confectioners,17.739999771118164,False,195.89999999999998,False,False,-21.25,-27.95,False,3063.0,EXIT
JMA,Jullundur Motor Agency (Delhi) Limited,Consumer Cyclical,Auto Parts,89.33000183105469,False,29.71,True,True,-9.8,-6.36,False,556.0,HOLD
AKSHARCHEM,AksharChem (India) Limited,Basic Materials,Specialty Chemicals,261.489990234375,False,11.540000000000003,False,True,-6.59,-9.02,False,380.0,EXIT
CPCAP,CP Capital Limited,Financial Services,Credit Services,113.8499984741211,False,42.58,True,True,-36.43,-36.45,False,,HOLD
SMARTLINK,Smartlink Holdings Limited,Technology,Communication Equipment,220.94000244140625,False,13.149999999999999,False,True,52.91,52.63,True,215.0,HOLD
SHRADHA,Shradha Realty Limited,Real Estate,Real Estate - Development,33.81999969482422,False,26.86,True,False,-32.36,-48.95,False,110.0,EXIT
SICAGEN,Sicagen India Limited,Basic Materials,Steel,49.72999954223633,False,18.07,False,False,,,False,,EXIT
VIJIFIN,Viji Finance Limited,Financial Services,Credit Services,10.609999656677246,False,4.33,True,True,144.52,143.69,True,,HOLD
AUSOMENT,AuSom Enterprise Limited,Financial Services,Capital Markets,141.10000610351562,False,19.48,False,True,31.86,31.54,True,2393.0,HOLD
INTENTECH,Intense Technologies Limited,Technology,Software - Infrastructure,81.63999938964844,False,28.69,True,False,-6.97,-6.88,False,127.4,EXIT
SPCENET,Spacenet Enterprises India Limited,Financial Services,Capital Markets,3.4700000286102295,False,16.07,False,False,-49.28,-49.24,False,157.0,EXIT
BHARATGEAR,Bharat Gears Limited,Consumer Cyclical,Auto Parts,117.4000015258789,False,16.509999999999998,False,True,21.12,24.48,True,,HOLD
TEAMGTY,Team India Guaranty Limited,Financial Services,Asset Management,218.0,False,2.09,False,False,-24.8,-24.87,False,,EXIT
ESSENTIA,Integra Essentia Limited,Consumer Defensive,Food Distribution,1.2000000476837158,False,5.41,False,False,-36.43,-43.02,False,442.0,EXIT
SHREYANIND,Shreyans Industries Limited,Basic Materials,Paper & Paper Products,140.85000610351562,False,32.53,False,False,-41.13,-43.47,False,,EXIT
LANCORHOL,Lancor Holdings Limited,Real Estate,Real Estate - Development,26.34000015258789,False,45.879999999999995,True,True,31.74,14.33,True,190.0,HOLD
VIPCLOTHNG,VIP Clothing Limited,Consumer Cyclical,Apparel Manufacturing,21.510000228881836,False,9.81,False,False,-53.49,-49.95,False,,EXIT
GICL,GICL,Industrials,Integrated Freight & Logistics,18.260000228881836,False,10.17,True,False,-86.12,-88.1,False,157.0,EXIT
GILLANDERS,Gillanders Arbuthnot and Company Limited,Consumer Defensive,Farm Products,88.3499984741211,False,28.15,True,False,-35.28,-41.89,False,947.0,EXIT
AIRAN,Airan Limited,Technology,Information Technology Services,15.050000190734863,False,12.110000000000001,False,False,-48.17,-47.83,False,106.0,EXIT
DRCSYSTEMS,DRC Systems India Limited,Technology,Information Technology Services,13.569999694824219,False,19.93,True,False,-27.14,-26.92,False,65.0,EXIT
RACE,Race Eco Chain Limited,Industrials,Waste Management,111.2699966430664,False,6.77,True,False,-56.65,-58.7,False,555.0,EXIT
PLAZACABLE,Plaza Wires Limited,Industrials,Electrical Equipment & Parts,46.20000076293945,False,7.300000000000001,False,True,-21.65,-23.78,False,,EXIT
MURUDCERA,Murudeshwar Ceramics Ltd.,Industrials,Building Products & Equipment,30.75,False,10.79,True,False,-30.15,-32.27,False,202.0,EXIT
TAINWALCHM,Tainwala Chemicals and Plastics (India) Limited,Basic Materials,Specialty Chemicals,207.41000366210938,False,10.79,False,True,-21.54,-23.93,False,,EXIT
BYKE,The Byke Hospitality Limited,Consumer Cyclical,Lodging,34.83000183105469,False,6.709999999999999,False,False,-60.27,-56.71,False,,EXIT
SILGO,Silgo Retail Limited,Consumer Cyclical,Luxury Goods,70.98999786376953,False,5.27,True,False,18.0,21.37,True,44.37,HOLD
ASPINWALL,Aspinwall and Company Limited,Consumer Defensive,Farm Products,242.16000366210938,False,19.7,False,True,-14.42,-21.16,False,336.0,EXIT
RANASUG,Rana Sugars Limited,Consumer Defensive,Confectioners,12.949999809265137,False,57.13,False,True,-6.84,-13.64,False,1713.0,EXIT
BROOKS,Brooks Laboratories Limited,Healthcare,Drug Manufacturers - Specialty & Generic,60.790000915527344,False,24.58,True,False,-72.92,-65.19,False,91.0,EXIT
KHADIM,Khadim India Limited,Consumer Cyclical,Footwear & Accessories,98.0,False,3.4499999999999997,False,False,-70.47,-66.88,False,799.0,EXIT
SUPREME,Supreme Holdings & Hospitality (India) Limited,Real Estate,Real Estate - Development,46.83000183105469,False,0.56,False,False,-25.28,-41.95,False,78.33,EXIT
SUPERHOUSE,Superhouse Limited,Consumer Cyclical,Footwear & Accessories,157.69000244140625,False,7.13,False,True,-11.58,-8.14,False,800.0,EXIT
RUDRA,Rudra Global Infra Products Limited,Basic Materials,Steel,18.31999969482422,False,13.52,False,False,,,False,561.0,EXIT
NIRAJ,Niraj Cement Structurals Limited,Industrials,Engineering & Construction,28.760000228881836,False,21.130000000000003,True,False,-44.99,-47.07,False,606.0,EXIT
ARVEE,Arvee Laboratories (India) Ltd.,Basic Materials,Specialty Chemicals,158.5500030517578,False,2.08,False,False,-10.47,-12.9,False,61.35,EXIT
VIRINCHI,Virinchi Limited,Technology,Software - Application,15.609999656677246,False,30.299999999999997,False,False,-48.52,-48.18,False,406.0,EXIT
VASWANI,Vaswani Industries Limited,Basic Materials,Steel,52.560001373291016,False,20.16,True,False,-2.12,-4.57,False,389.0,EXIT
VIPULLTD,Vipul Limited,Real Estate,Real Estate - Diversified,11.1899995803833,False,44.839999999999996,False,True,17.11,-0.11,False,284.0,EXIT
SANGINITA,Sanginita Chemicals Limited,Basic Materials,Chemicals,62.779998779296875,False,9.899999999999999,True,True,526.87,522.92,True,230.0,HOLD
EMMBI,Emmbi Industries Limited,Consumer Cyclical,Packaging & Containers,86.97000122070312,False,7.890000000000001,True,False,-26.82,-23.35,False,404.0,EXIT
TIPSFILMS,Tips Films Limited,Communication Services,Entertainment,378.5,False,25.33,False,True,-7.22,-25.53,False,,EXIT
MODTHREAD,Modern Threads (India) Limited,Consumer Cyclical,Textile Manufacturing,48.04999923706055,False,12.19,False,True,-5.66,-2.24,False,,EXIT
UMIYA-MRO,Umiya Buildcon Limited,Real Estate,Real Estate - Development,93.05999755859375,False,33.37,False,True,27.74,10.39,True,123.0,HOLD
TTL,T.T. Limited,Consumer Cyclical,Textile Manufacturing,6.28000020980835,False,2.3,False,False,-58.39,-54.83,False,,EXIT
TRIGYN,Trigyn Technologies Limited,Technology,Information Technology Services,54.029998779296875,False,11.2,False,False,-39.12,-38.83,False,1280.0,EXIT
DELPHIFX,Delphi World Money Limited,Financial Services,Capital Markets,6.800000190734863,False,6.97,False,False,-50.81,-50.76,False,9163.53,EXIT
DCM,DCM Limited,Industrials,Metal Fabrication,82.0,False,6.5,False,False,-21.01,-23.14,False,961.69,EXIT
INDOUS,Indo Us Bio-Tech Limited,Basic Materials,Agricultural Inputs,82.79000091552734,False,13.120000000000001,True,False,-53.95,-56.26,False,49.39,EXIT
KRITIKA,Kritika Wires Limited,Basic Materials,Steel,5.929999828338623,False,6.199999999999999,False,False,-34.27,-36.62,False,,EXIT
METROGLOBL,MetroGlobal Limited,Industrials,Conglomerates,132.4199981689453,False,17.46,False,False,,,False,,EXIT
ARCHIDPLY,Archidply Industries Limited,Basic Materials,Lumber & Wood Production,80.86000061035156,False,7.98,False,False,-24.43,-26.82,False,550.0,EXIT
SRTL,SRTL,Consumer Cyclical,Textile Manufacturing,40.38999938964844,False,4.46,False,False,,,False,,EXIT
AMJLAND,AMJ Land Holdings Limited,Real Estate,Real Estate - Development,39.2599983215332,False,14.790000000000001,False,False,-16.12,-32.92,False,333.0,EXIT
CENTEXT,Century Extrusions Limited,Basic Materials,Aluminum,23.670000076293945,False,8.07,False,True,2.56,0.1,True,431.0,HOLD
MKPL,M. K. Proteins Limited,Consumer Defensive,Packaged Foods,4.179999828338623,False,6.83,False,False,-36.8,-43.4,False,,EXIT
IVP,IVP Limited,Basic Materials,Specialty Chemicals,157.17999267578125,False,18.68,False,True,-10.55,-12.97,False,,EXIT
NECCLTD,North Eastern Carrying Corporation Limited,Industrials,Trucking,15.720000267028809,False,7.750000000000001,True,False,-31.59,-33.7,False,572.0,EXIT
SADBHAV,Sadbhav Engineering Limited,Industrials,Engineering & Construction,8.569999694824219,False,171.57,False,False,-30.34,-32.45,False,5240.0,EXIT
INCREDIBLE,Incredible Industries Limited,Basic Materials,Steel,32.400001525878906,False,11.52,False,False,-17.22,-19.63,False,,EXIT
RPPL,Rajshree Polypack Limited,Consumer Cyclical,Packaging & Containers,22.920000076293945,False,17.259999999999998,True,True,-16.13,-12.68,False,330.0,HOLD
SIGIND,Signet Industries Limited,Industrials,Conglomerates,56.959999084472656,False,16.17,False,True,-1.61,-3.79,False,,EXIT
LAGNAM,Lagnam Spintex Limited,Consumer Cyclical,Textile Manufacturing,86.1500015258789,False,14.39,False,True,-19.24,-15.78,False,,EXIT
DEVIT,Dev Information Technology Limited,Technology,Information Technology Services,27.469999313354492,False,90.32,True,False,-42.56,-42.25,False,171.0,EXIT
BAIDFIN,Baid Finserv Limited,Financial Services,Credit Services,9.979999542236328,False,14.98,False,False,-19.31,-19.41,False,,EXIT
VIKASECO,Vikas Ecotech Limited,Basic Materials,Specialty Chemicals,1.1100000143051147,False,6.58,False,False,-51.54,-53.85,False,397.0,EXIT
KAMOPAINTS,Kamdhenu Ventures Limited,Basic Materials,Steel,4.559999942779541,False,5.54,False,False,-51.86,-54.17,False,292.0,EXIT
MHLXMIRU,Mahalaxmi Rubtech Limited,Consumer Cyclical,Textile Manufacturing,155.7100067138672,False,21.79,True,False,-36.33,-32.83,False,267.0,EXIT
FILATFASH,Filatex Fashions Limited,Consumer Cyclical,Apparel Manufacturing,0.18000000715255737,False,2.83,False,False,-76.19,-72.6,False,186.0,EXIT
NATCAPSUQ,Natural Capsules Limited,Healthcare,Drug Manufacturers - Specialty & Generic,152.55999755859375,False,24.67,True,False,-42.82,-35.3,False,170.0,EXIT
TICL,Twamev Construction and Infrastructure Limited,Industrials,Engineering & Construction,9.619999885559082,False,7.630000000000001,False,False,-69.99,-72.02,False,708.0,EXIT
INDOWIND,Indowind Energy Limited,Utilities,Utilities - Renewable,9.170000076293945,False,14.91,True,False,-43.75,-52.08,False,38.81,EXIT
AARTECH,Aartech Solonics Limited,Industrials,Electrical Equipment & Parts,47.2599983215332,False,4.4,True,False,-29.66,-31.77,False,36.35,EXIT
LAL,Lorenzini Apparels Limited,Consumer Cyclical,Apparel Manufacturing,8.420000076293945,False,4.35,False,True,-32.28,-28.79,False,,EXIT
BRNL,Bharat Road Network Limited,Industrials,Infrastructure Operations,17.450000762939453,False,96.43,False,False,-11.8,-13.96,False,401.0,EXIT
MCL,M Tek Copper Limited,Basic Materials,Copper,55.25,False,3.67,False,False,11.57,9.08,True,,EXIT
RELIABLE,Reliable Data Services Limited,Technology,Information Technology Services,142.44000244140625,False,8.35,False,True,86.73,86.24,True,131.0,HOLD
HPIL,Hindprakash Industries Limited,Basic Materials,Specialty Chemicals,125.05000305175781,False,2.74,False,False,-15.15,-17.57,False,103.61,EXIT
WIPL,The Western India Plywoods Limited,Basic Materials,Lumber & Wood Production,168.50999450683594,False,2.7,False,True,10.29,7.8,True,116.0,HOLD
INDBANK,Indbank Merchant Banking Services Limited,Financial Services,Capital Markets,32.25,False,7.65,False,False,-7.15,-7.3,False,,EXIT
ISHANCH,Ishan Dyes and Chemicals Limited,Basic Materials,Chemicals,51.75,False,10.63,False,False,-9.3,-11.73,False,101.43,EXIT
HECPROJECT,HEC Infra Projects Limited,Industrials,Engineering & Construction,136.88999938964844,False,12.58,False,True,-14.59,-16.74,False,,EXIT
KEYFINSERV,Keynote Financial Services Limited,Financial Services,Capital Markets,261.45001220703125,False,27.44,True,False,-3.27,-3.44,False,25.32,EXIT
PRAENG,Prajay Engineers Syndicate Limited,Real Estate,Real Estate - Development,20.350000381469727,False,18.64,True,False,23.37,6.07,True,109.0,HOLD
INDTERRAIN,Indian Terrain Fashions Limited,Consumer Cyclical,Apparel Retail,31.889999389648438,False,10.030000000000001,False,False,-21.85,-18.39,False,,EXIT
ALPA,Alpa Laboratories Limited,Healthcare,Drug Manufacturers - Specialty & Generic,67.0999984741211,False,15.16,False,False,-42.56,-35.03,False,112.0,EXIT
BALPHARMA,Bal Pharma Limited,Healthcare,Drug Manufacturers - Specialty & Generic,87.87000274658203,False,6.28,False,True,-20.5,-13.13,False,339.0,EXIT
ALPHAGEO,Alphageo (India) Limited,Energy,Oil & Gas Equipment & Services,247.67999267578125,False,15.520000000000001,False,True,-11.41,-3.74,False,429.0,EXIT
SECMARK,SecMark Consultancy Limited,Industrials,Consulting Services,124.20999908447266,False,8.13,True,True,-12.76,-14.91,False,35.11,HOLD
DGCONTENT,Digicontent Limited,Communication Services,Internet Content & Information,23.8799991607666,False,20.03,True,False,-21.76,-39.88,False,20.0,EXIT
RUCHINFRA,Ruchi Infrastructure Limited,Industrials,Specialty Business Services,5.78000020980835,False,10.93,False,False,-23.29,-25.42,False,2636.0,EXIT
DTIL,Dhunseri Tea & Industries Limited,Consumer Defensive,Packaged Foods,132.11000061035156,False,73.52999999999999,True,False,-27.0,-33.66,False,456.0,EXIT
CORALFINAC,Coral India Finance and Housing Limited,Real Estate,Real Estate Services,32.65999984741211,False,14.779999999999998,False,False,-13.62,-30.45,False,,EXIT
ONELIFECAP,Onelife Capital Advisors Limited,Financial Services,Capital Markets,35.52000045776367,False,18.82,True,True,176.37,175.4,True,6.41,HOLD
MAGNUM,Magnum Ventures Limited,Basic Materials,Paper & Paper Products,19.940000534057617,False,24.94,True,False,-19.41,-21.81,False,396.0,EXIT
INDIANCARD,The Indian Card Clothing Company Limited,Consumer Cyclical,Textile Manufacturing,224.99000549316406,False,11.690000000000001,False,True,-29.93,-26.45,False,85.0,EXIT
ISFT,IntraSoft Technologies Limited,Consumer Cyclical,Internet Retail,79.5199966430664,False,13.28,False,False,-27.34,-23.86,False,1170.0,EXIT
BALAXI,Balaxi Pharmaceuticals Limited,Healthcare,Drug Manufacturers - Specialty & Generic,24.030000686645508,False,1.41,False,False,-59.83,-52.2,False,336.0,EXIT
CALSOFT,California Software Company Limited,Technology,Software - Application,21.65999984741211,False,14.63,True,True,49.81,49.55,True,10.86,HOLD
SHAHALLOYS,Shah Alloys Limited,Basic Materials,Steel,67.4000015258789,False,65.04,False,False,15.06,12.56,True,880.0,EXIT
MITCON,MITCON Consultancy & Engineering Services Limited,Industrials,Engineering & Construction,76.44999694824219,False,8.09,True,True,-2.82,-5.0,False,129.0,HOLD
SAMPANN,Sampann Utpadan India Limited,Basic Materials,Specialty Chemicals,27.079999923706055,False,6.98,True,False,-10.21,-12.64,False,93.0,EXIT
NARMADA,Narmada Agrobase Limited,Basic Materials,Agricultural Inputs,15.949999809265137,False,3.86,False,True,49.58,46.98,True,,HOLD
AIROLAM,Airo Lam Limited,Consumer Cyclical,"Furnishings, Fixtures & Appliances",89.69000244140625,False,3.87,False,False,-24.15,-20.68,False,211.0,EXIT
BTML,Bodhi Tree Multimedia Limited,Communication Services,Entertainment,6.690000057220459,False,6.91,False,False,-0.11,-18.52,False,89.0,EXIT
URAVIDEF,Uravi Defence and Technology Limited,Consumer Cyclical,Auto Parts,113.55000305175781,False,1.43,False,False,-84.53,-80.91,False,41.99,EXIT
CROWN,Crown Lifters Limited,Industrials,Rental & Leasing Services,114.69999694824219,False,8.9,False,False,-28.25,-30.37,False,,EXIT
BSL,BSL Limited,Consumer Cyclical,Textile Manufacturing,124.87000274658203,False,4.359999999999999,False,False,-24.05,-20.58,False,,EXIT
SALONA,Salona Cotspin Limited,Consumer Cyclical,Textile Manufacturing,251.67999267578125,False,4.300000000000001,False,False,-10.53,-7.09,False,,EXIT
MUKTAARTS,Mukta Arts Limited,Communication Services,Entertainment,54.25,False,11.81,True,False,-17.17,-35.35,False,308.0,EXIT
JOCIL,Jocil Limited,Basic Materials,Specialty Chemicals,146.22999572753906,False,8.290000000000001,False,True,-5.48,-7.92,False,919.0,EXIT
SURANASOL,Surana Solar Limited,Technology,Solar,25.950000762939453,False,6.760000000000001,True,False,-21.51,-21.33,False,92.55,EXIT
MAHAPEXLTD,Maha Rashtra Apex Corporation Limited,Financial Services,Credit Services,45.40999984741211,False,64.42,False,False,-60.87,-60.78,False,10.0,EXIT
TEXMOPIPES,Texmo Pipes and Products Limited,Industrials,Building Products & Equipment,42.81999969482422,False,14.059999999999999,False,False,-29.44,-31.55,False,635.0,EXIT
TARMAT,Tarmat Limited,Industrials,Engineering & Construction,49.900001525878906,False,6.24,False,False,-10.26,-12.42,False,276.0,EXIT
USK,Udayshivakumar Infra Limited,Industrials,Engineering & Construction,22.5,False,26.69,False,False,-40.96,-43.05,False,577.0,EXIT
HINDCON,Hindcon Chemicals Limited,Basic Materials,Specialty Chemicals,22.780000686645508,False,3.2199999999999998,False,False,-34.25,-36.61,False,85.59,EXIT
PAR,Par Drugs and Chemicals Limited,Healthcare,Drug Manufacturers - Specialty & Generic,99.16999816894531,False,13.11,False,True,-12.77,-5.44,False,,EXIT
SAMBHAAV,Sambhaav Media Limited,Communication Services,Publishing,6.489999771118164,False,1.18,False,False,10.07,-8.47,False,48.33,EXIT
DBSTOCKBRO,DB (International) Stock Brokers Limited,Financial Services,Capital Markets,33.5,False,3.4699999999999998,False,True,20.35,20.08,True,48.25,HOLD
XELPMOC,Xelpmoc Design and Tech Limited,Technology,Information Technology Services,81.5199966430664,False,7.59,True,False,-11.61,-11.49,False,14.74,EXIT
WEIZMANIND,Weizmann Limited,Consumer Cyclical,Textile Manufacturing,77.30000305175781,False,5.92,False,False,-39.82,-36.31,False,135.0,EXIT
GSLSU,Global Surfaces Limited,Basic Materials,Building Materials,28.040000915527344,False,30.419999999999998,False,False,-76.94,-79.17,False,225.0,EXIT
FELDVR,Future Enterprises Limited,Consumer Cyclical,Department Stores,2.4800000190734863,False,0.0,False,False,-34.82,-31.33,False,,EXIT
LAMBODHARA,Lambodhara Textiles Limited,Consumer Cyclical,Textile Manufacturing,113.27999877929688,False,11.01,False,False,-16.76,-13.3,False,,EXIT
AVROIND,Avro India Limited,Consumer Cyclical,"Furnishings, Fixtures & Appliances",8.869999885559082,False,4.31,False,False,-51.79,-48.25,False,67.48,EXIT
GVPTECH,GVP Infotech Limited,Technology,Information Technology Services,6.980000019073486,False,95.72,True,False,-35.8,-35.53,False,1491.0,EXIT
REPL,Rudrabhishek Enterprises Limited,Industrials,Consulting Services,65.98999786376953,False,18.200000000000003,False,False,-62.38,-64.42,False,107.97,EXIT
KREBSBIO,Krebs Biochemicals & Industries Limited,Healthcare,Drug Manufacturers - Specialty & Generic,54.290000915527344,False,16.93,False,False,-41.18,-33.67,False,,EXIT
NAVKARURB,Navkar Urbanstructure Limited,Basic Materials,Building Materials,1.0299999713897705,False,3.2,False,False,-55.35,-57.65,False,,EXIT
BCPL,BCPL Railway Infrastructure Limited,Industrials,Infrastructure Operations,69.0,False,6.450000000000001,False,False,,,False,161.0,EXIT
LATTEYS,Latteys Industries Limited,Industrials,Specialty Industrial Machinery,19.780000686645508,False,3.5700000000000003,True,False,-6.32,-8.49,False,80.0,EXIT
ANIKINDS,Anik Industries Limited,Consumer Defensive,Food Distribution,43.45000076293945,False,3.3400000000000003,False,False,-51.73,-58.22,False,610.0,EXIT
GTL,GTL Limited,Communication Services,Telecom Services,7.389999866485596,False,666.75,True,False,-5.14,-23.48,False,3942.0,EXIT
AAATECH,AAA Technologies Limited,Technology,Information Technology Services,89.2300033569336,False,2.6,False,False,1.71,1.74,True,,EXIT
SURYALAXMI,Suryalakshmi Cotton Mills Limited,Consumer Cyclical,Textile Manufacturing,61.13999938964844,False,3.12,False,True,-19.47,-16.01,False,727.0,EXIT
LANDSMILL,Landsmill Green Limited,Industrials,Conglomerates,0.800000011920929,False,1.6600000000000001,False,False,-33.73,-35.83,False,39.65,EXIT
PRAXIS,Praxis Home Retail Limited,Consumer Cyclical,Specialty Retail,6.460000038146973,False,228.70000000000002,False,False,-47.84,-44.31,False,,EXIT
VITAL,VITAL,Basic Materials,Specialty Chemicals,49.380001068115234,False,0.0,False,False,-11.67,-14.09,False,134.0,EXIT
STEELCITY,Steel City Securities Limited,Financial Services,Capital Markets,86.5199966430664,False,14.290000000000001,False,True,-22.51,-22.6,False,70.0,EXIT
GANGESSECU,Ganges Securities Limited,Consumer Defensive,Packaged Foods,119.30000305175781,False,8.11,False,False,-20.39,-27.09,False,41.93,EXIT
SOMICONVEY,Somi Conveyor Beltings Limited,Industrials,Specialty Industrial Machinery,94.76000213623047,False,5.029999999999999,False,False,-38.6,-40.69,False,,EXIT
VLEGOV,VL E-Governance & IT Solutions Limited,Technology,Information Technology Services,10.550000190734863,False,2.51,False,False,-81.19,-80.64,False,,EXIT
VISHWARAJ,Vishwaraj Sugar Industries Limited,Consumer Defensive,Confectioners,5.46999979019165,False,48.4,False,False,-37.06,-43.65,False,,EXIT
OBCL,OBCL Limited,Industrials,Trucking,53.18000030517578,False,10.91,False,False,-4.64,-6.82,False,488.0,EXIT
HILTON,Hilton Metal Forging Limited,Industrials,Metal Fabrication,21.049999237060547,False,3.4499999999999997,False,False,-66.06,-68.09,False,,EXIT
SHYAMCENT,Shyam Century Ferrous Limited,Basic Materials,Steel,5.300000190734863,False,11.17,False,False,-31.25,-33.62,False,133.0,EXIT
CUBEXTUB,Cubex Tubings Limited,Basic Materials,Copper,78.52999877929688,False,7.450000000000001,True,False,-10.58,-13.0,False,267.0,EXIT
ZENITHEXPO,Zenith Exports Limited,Consumer Cyclical,Textile Manufacturing,197.0,False,2.53,False,False,-21.56,-18.1,False,,EXIT
SIL,Standard Industries Limited,Consumer Cyclical,Textile Manufacturing,16.899999618530273,False,19.5,False,True,-17.95,-14.49,False,437.0,EXIT
GROBTEA,The Grob Tea Company Limited,Consumer Defensive,Farm Products,903.2000122070312,False,43.77,False,False,-13.26,-20.02,False,,EXIT
NORBTEAEXP,Norben Tea & Exports Limited,Consumer Defensive,Farm Products,65.29000091552734,False,1.27,False,False,92.91,85.45,True,,EXIT
COMPUSOFT,Compucom Software Limited,Consumer Defensive,Education & Training Services,13.199999809265137,False,3.3600000000000003,False,False,-31.29,-37.93,False,75.0,EXIT
BEARDSELL,Beardsell Limited,Industrials,Building Products & Equipment,27.329999923706055,False,11.430000000000001,True,False,-14.61,-16.76,False,268.0,EXIT
LOVABLE,Lovable Lingerie Limited,Consumer Cyclical,Apparel Manufacturing,73.30999755859375,False,10.82,False,False,-27.72,-24.24,False,,EXIT
JETFREIGHT,Jet Freight Logistics Limited,Industrials,Integrated Freight & Logistics,21.950000762939453,False,6.8100000000000005,False,True,59.61,57.29,True,461.0,HOLD
MOTOGENFIN,The Motor & General Finance Limited,Real Estate,Real Estate Services,26.420000076293945,False,146.85,True,True,5.66,-11.41,False,15.16,HOLD
OSWALSEEDS,ShreeOswal Seeds and Chemicals Limited,Basic Materials,Agricultural Inputs,10.470000267028809,False,13.620000000000001,True,False,-13.96,-16.38,False,272.0,EXIT
LOYALTEX,Loyal Textile Mills Limited,Consumer Cyclical,Textile Manufacturing,208.99000549316406,False,64.68,False,False,-48.63,-45.1,False,1763.0,EXIT
DIGJAMLMTD,Digjam Limited,Consumer Cyclical,Textile Manufacturing,48.900001525878906,False,3.94,False,True,-22.57,-19.1,False,,EXIT
SEMAC,Semac Construction Limited,Industrials,Engineering & Construction,311.70001220703125,False,7.19,False,True,-42.12,-44.2,False,325.0,EXIT
RAJSREESUG,Rajshree Sugars & Chemicals Limited,Consumer Defensive,Confectioners,30.90999984741211,False,71.34,True,False,-25.37,-32.05,False,830.0,EXIT
BAGFILMS,B.A.G. Films and Media Limited,Communication Services,Broadcasting,4.440000057220459,False,3.74,False,False,-20.49,-38.62,False,145.0,EXIT
VAISHALI,Vaishali Pharma Limited,Healthcare,Drug Manufacturers - Specialty & Generic,7.820000171661377,False,5.73,False,False,-48.38,-40.82,False,,EXIT
DUCON,Ducon Infratechnologies Limited,Industrials,Specialty Industrial Machinery,2.9100000858306885,False,10.98,False,False,-49.87,-51.94,False,451.0,EXIT
BHANDARI,Bhandari Hosiery Exports Limited,Consumer Cyclical,Apparel Manufacturing,2.869999885559082,False,7.7700000000000005,False,False,-50.89,-47.36,False,21.03,EXIT
KAKATCEM,Kakatiya Cement Sugar and Industries Limited,Basic Materials,Building Materials,117.6500015258789,False,24.060000000000002,False,False,-24.12,-26.5,False,,EXIT
RHFL,Reliance Home Finance Limited,Financial Services,Mortgage Finance,1.8600000143051147,False,2.61,False,False,-65.31,-65.2,False,,EXIT
INVENTURE,Inventure Growth & Securities Limited,Financial Services,Capital Markets,0.9100000262260437,False,14.530000000000001,True,False,-43.77,-43.76,False,311.87,EXIT
GLOBE,Globe Enterprises (India) Limited,Consumer Cyclical,Textile Manufacturing,2.069999933242798,False,5.93,False,False,-12.98,-9.54,False,524.0,EXIT
BANKA,Banka BioLoo Limited,Industrials,Pollution & Treatment Controls,90.31999969482422,False,2.84,False,True,12.79,10.58,True,54.18,HOLD
GOYALALUM,Goyal Aluminiums Limited,Basic Materials,Aluminum,6.460000038146973,False,3.5,True,False,-14.85,-17.27,False,82.41,EXIT
SADBHIN,Sadbhav Infrastructure Project Limited,Industrials,Engineering & Construction,2.490000009536743,False,198.38,False,False,-38.82,-40.91,False,3548.0,EXIT
RELCHEMQ,Reliance Chemotex Industries Limited,Consumer Cyclical,Textile Manufacturing,126.19000244140625,False,5.26,False,False,-33.72,-30.22,False,366.0,EXIT
ARTNIRMAN,Art Nirman Limited,Real Estate,Real Estate - Development,40.58000183105469,False,1.34,False,False,-14.91,-31.72,False,,EXIT
ABAN,Aban Offshore Limited,Energy,Oil & Gas Drilling,17.389999389648438,False,849.68,False,False,-72.4,-63.03,False,,EXIT
SELMC,SEL Manufacturing Company Limited,Consumer Cyclical,Textile Manufacturing,27.850000381469727,False,167.88,False,False,-17.1,-13.65,False,3774.0,EXIT
SMLT,Sarthak Metals Limited,Industrials,Metal Fabrication,70.08000183105469,False,4.609999999999999,False,False,-42.57,-44.65,False,,EXIT
BVCL,Barak Valley Cements Limited,Basic Materials,Building Materials,41.70000076293945,False,5.27,False,False,-8.45,-10.88,False,234.0,EXIT
GRADIENTE,Gradiente Infotainment Limited,Communication Services,Entertainment,2.700000047683716,False,0.0,False,False,,,False,,EXIT
AAKASH,Aakash Exploration Services Limited,Energy,Oil & Gas Equipment & Services,8.949999809265137,False,3.24,False,True,-20.51,-12.58,False,93.0,EXIT
RAJMET,Rajnandini Metal Limited,Basic Materials,Copper,3.309999942779541,False,0.0,False,False,-32.45,-34.81,False,,EXIT
GATECH,GACM Technologies Limited,Financial Services,Asset Management,0.6800000071525574,False,7.1,False,True,22.58,22.3,True,385.56,HOLD
AMDIND,AMD Industries Limited,Consumer Cyclical,Packaging & Containers,46.2400016784668,False,9.889999999999999,True,False,-17.19,-13.74,False,190.0,EXIT
AKSHOPTFBR,Aksh Optifibre Limited,Technology,Communication Equipment,5.989999771118164,False,17.560000000000002,False,False,-29.17,-28.94,False,618.0,EXIT
SPLIL,SPL Industries Limited,Consumer Cyclical,Apparel Manufacturing,31.239999771118164,False,7.45,False,False,-29.98,-26.49,False,340.0,EXIT
PALASHSECU,Palash Securities Limited,Consumer Defensive,Packaged Foods,88.62999725341797,False,28.8,True,False,-22.2,-28.89,False,6.04,EXIT
REGENCERAM,Regency Ceramics Limited,Industrials,Building Products & Equipment,33.84000015258789,False,23.84,False,False,-32.98,-35.09,False,,EXIT
CINEVISTA,Cinevista Limited,Communication Services,Entertainment,14.869999885559082,False,6.1,True,False,-3.88,-22.24,False,59.0,EXIT
KOHINOOR,Kohinoor Foods Limited,Consumer Defensive,Packaged Foods,23.5,False,94.61999999999999,False,False,-29.2,-35.85,False,1420.0,EXIT
FIBERWEB,Fiberweb (India) Limited,Consumer Cyclical,Textile Manufacturing,29.049999237060547,False,13.059999999999999,False,False,-46.68,-43.16,False,286.13,EXIT
MOKSH,Moksh Ornaments Limited,Consumer Cyclical,Luxury Goods,10.289999961853027,False,0.0,False,False,-32.06,-28.57,False,,EXIT
PARASPETRO,Paras Petrofils Limited,Consumer Cyclical,Textile Manufacturing,2.509999990463257,False,2.22,False,True,-3.33,0.09,False,,EXIT
NIBL,NRB Industrial Bearings Limited,Industrials,Tools & Accessories,35.349998474121094,False,29.460000000000004,True,True,54.61,52.3,True,81.0,HOLD
BLBLIMITED,BLB Limited,Financial Services,Capital Markets,15.5,False,33.32,False,False,-0.8,-0.98,False,2522.0,EXIT
PATINTLOG,Patel Integrated Logistics Limited,Industrials,Integrated Freight & Logistics,14.420000076293945,False,9.59,True,True,-13.12,-15.27,False,454.0,HOLD
NOIDATOLL,Noida Toll Bridge Company Limited,Industrials,Infrastructure Operations,4.539999961853027,False,27.199999999999996,False,True,21.97,19.74,True,130.0,HOLD
LPDC,Landmark Property Development Company Limited,Real Estate,Real Estate Services,6.320000171661377,False,1.57,False,False,-8.81,-25.7,False,,EXIT
ORIENTLTD,Orient Press Limited,Consumer Cyclical,Packaging & Containers,77.5199966430664,False,1.9300000000000002,False,True,-19.38,-15.92,False,,EXIT
HISARMETAL,Hisar Metal Industries Limited,Basic Materials,Steel,148.75,False,3.3800000000000003,False,False,-31.25,-33.62,False,,EXIT
TOTAL,Total Transport Systems Limited,Industrials,Integrated Freight & Logistics,62.459999084472656,False,7.79,False,True,-18.88,-21.02,False,665.0,EXIT
ENERGYDEV,Energy Development Company Limited,Utilities,Utilities - Regulated Electric,16.649999618530273,False,27.28,True,False,-14.13,-23.27,False,150.0,EXIT
HDIL,Housing Development and Infrastructure Limited,Real Estate,Real Estate - Diversified,1.649999976158142,False,11.67,False,False,-32.41,-48.99,False,2380.0,EXIT
ZENITHSTL,Zenith Steel Pipes & Industries Limited,Basic Materials,Steel,5.610000133514404,False,4.54,False,False,-32.68,-35.05,False,229.36,EXIT
DHARAN,Dharan Infra-EPC Limited,Real Estate,Real Estate - Development,0.1599999964237213,False,35.050000000000004,False,False,-52.52,-68.85,False,129.0,EXIT
PARSVNATH,Parsvnath Developers Limited,Real Estate,Real Estate - Development,1.7400000095367432,False,419.7099999999999,True,False,-76.49,-92.51,False,1189.0,EXIT
RSSOFTWARE,R S Software (India) Limited,Technology,Information Technology Services,30.56999969482422,False,33.0,False,False,-61.92,-61.49,False,352.0,EXIT
PIONEEREMB,Pioneer Embroideries Limited,Consumer Cyclical,Textile Manufacturing,24.139999389648438,False,9.84,False,False,-46.79,-43.26,False,375.0,EXIT
VINEETLAB,Vineet Laboratories Limited,Basic Materials,Chemicals,39.75,False,12.64,False,True,11.34,8.85,True,,HOLD
BANARBEADS,Banaras Beads Limited,Consumer Cyclical,Footwear & Accessories,113.97000122070312,False,1.8900000000000001,False,False,-6.4,-2.98,False,,EXIT
ATAM,Atam Valves Limited,Industrials,Specialty Industrial Machinery,66.55999755859375,False,3.58,False,False,-27.93,-30.05,False,,EXIT
TOUCHWOOD,Touchwood Entertainment Limited,Communication Services,Advertising Agencies,66.33000183105469,False,4.0600000000000005,False,False,-18.5,-36.66,False,68.85,EXIT
NGIL,Nakoda Group of Industries Limited,Consumer Defensive,Packaged Foods,39.150001525878906,False,1.63,True,True,40.37,33.26,True,59.62,HOLD
TOKYOPLAST,Tokyo Plast International Limited,Consumer Cyclical,Packaging & Containers,79.88999938964844,False,0.45,False,False,-41.68,-38.16,False,79.93,EXIT
CURAA,CURAA,Technology,Software - Application,77.69999694824219,False,1.52,False,False,-74.03,-73.53,False,52.97,EXIT
ACCURACY,Accuracy Shipping Limited,Industrials,Integrated Freight & Logistics,4.840000152587891,False,3.7800000000000002,False,False,-34.4,-36.5,False,945.0,EXIT
ALKALI,Alkali Metals Limited,Basic Materials,Specialty Chemicals,70.62000274658203,False,6.959999999999999,False,False,-22.93,-25.32,False,,EXIT
ODIGMA,Odigma Consultancy Solutions Limited,Communication Services,Advertising Agencies,22.790000915527344,False,1.8,False,False,-21.53,-39.65,False,,EXIT
PRAKASHSTL,Prakash Steelage Limited,Basic Materials,Steel,3.990000009536743,False,0.84,False,False,-33.3,-35.66,False,1123.0,EXIT
AJOONI,Ajooni Biotech Limited,Consumer Defensive,Packaged Foods,3.9200000762939453,False,2.27,False,False,-25.29,-31.97,False,,EXIT
GATECHDVR,GACM Technologies Limited,Financial Services,Asset Management,0.5099999904632568,False,7.1,False,True,-1.45,-1.63,False,233.33,EXIT
IL&FSTRANS,IL&FS Transportation Networks Limited,Industrials,Infrastructure Operations,2.130000114440918,False,0.0,False,False,-31.91,-34.02,False,8717.0,EXIT
DIGIDRIVE,Digidrive Distributors Limited,Consumer Cyclical,Internet Retail,18.100000381469727,False,9.56,True,False,-53.84,-50.3,False,50.0,EXIT
UMAEXPORTS,Uma Exports Limited,Consumer Defensive,Farm Products,20.489999771118164,False,3.3000000000000003,False,False,-53.09,-59.57,False,1731.0,EXIT
NAGREEKEXP,Nagreeka Exports Limited,Consumer Cyclical,Textile Manufacturing,22.610000610351562,False,3.06,False,False,-16.97,-13.51,False,630.0,EXIT
CTE,Cambridge Technology Enterprises Limited,Technology,Information Technology Services,39.81999969482422,False,10.89,False,True,-12.19,-12.07,False,206.0,EXIT
ROML,Raj Oil Mills Limited,Consumer Defensive,Packaged Foods,44.470001220703125,False,4.67,True,False,-7.74,-14.53,False,341.0,EXIT
DAMODARIND,Damodar Industries Limited,Consumer Cyclical,Textile Manufacturing,28.049999237060547,False,7.44,False,False,-28.58,-25.1,False,,EXIT
JHS,JHS Svendgaard Laboratories Limited,Consumer Defensive,Household & Personal Products,7.670000076293945,False,5.619999999999999,False,False,-34.04,-40.66,False,140.29,EXIT
BONLON,Bonlon Industries Limited,Basic Materials,Other Industrial Metals & Mining,41.86000061035156,False,7.02,False,False,,,False,623.0,EXIT
AGRITECH,Agri-tech (India) Limited,Consumer Defensive,Farm Products,109.91000366210938,False,0.91,True,False,-19.95,-26.66,False,0.38,EXIT
KHAITANLTD,Khaitan (India) Limited,Industrials,Industrial Distribution,146.17999267578125,False,6.039999999999999,False,True,24.63,22.39,True,77.61,HOLD
ATLASCYCLE,Atlas Cycles (Haryana) Limited,Consumer Cyclical,Leisure,97.95999908447266,False,8.030000000000001,True,False,-30.58,-27.1,False,684.28,EXIT
HGM,Handson Global Management (HGM) Limited,Technology,Information Technology Services,49.619998931884766,False,7.5,False,False,-12.32,-12.2,False,22.47,EXIT
FMNL,Future Market Networks Limited,Real Estate,Real Estate Services,9.4399995803833,False,7.93,False,False,-22.21,-38.93,False,161.0,EXIT
RKEC,RKEC Projects Limited,Industrials,Engineering & Construction,26.84000015258789,False,10.98,False,False,-60.79,-62.83,False,399.0,EXIT
DELTAMAGNT,Delta Manufacturing Limited,Consumer Cyclical,Textile Manufacturing,57.5,False,12.41,False,False,-40.67,-37.16,False,124.0,EXIT
CAPTRUST,Capital Trust Limited,Financial Services,Credit Services,20.020000457763672,False,46.82,True,True,-69.24,-69.11,False,,HOLD
ROLLT,Rollatainers Limited,Real Estate,Real Estate Services,2.700000047683716,False,18.549999999999997,False,True,89.85,71.7,True,560.0,HOLD
TFL,Transwarranty Finance Limited,Financial Services,Mortgage Finance,11.329999923706055,False,4.430000000000001,True,False,-32.56,-32.6,False,,EXIT
SECURKLOUD,SecureKloud Technologies Limited,Technology,Software - Application,18.280000686645508,False,157.37,False,False,-31.1,-30.86,False,849.0,EXIT
AGROPHOS,Agro Phos (India) Limited,Basic Materials,Agricultural Inputs,28.100000381469727,False,2.7600000000000002,False,False,-41.17,-43.51,False,131.0,EXIT
RAJTV,Raj Television Network Limited,Communication Services,Broadcasting,10.229999542236328,False,0.79,False,False,-61.71,-79.3,False,,EXIT
SUNDARAM,Sundaram Multi Pap Limited,Basic Materials,Paper & Paper Products,1.25,False,4.0600000000000005,False,False,-40.61,-42.95,False,194.34,EXIT
ANMOL,Anmol India Limited,Energy,Thermal Coal,10.069999694824219,False,11.239999999999998,False,False,-45.56,-36.94,False,,EXIT
ADROITINFO,Adroit Infotech Limited,Technology,Information Technology Services,9.850000381469727,False,3.81,False,True,-11.78,-11.66,False,52.95,EXIT
LEMERITE,LEMERITE,Consumer Cyclical,Textile Manufacturing,23.1200008392334,False,5.52,False,False,-71.39,-67.8,False,525.0,EXIT
ORCHASP,Orchasp Limited,Technology,Software - Application,1.6100000143051147,False,1.05,False,False,-46.87,-46.54,False,104.67,EXIT
MALUPAPER,Malu Paper Mills Limited,Basic Materials,Paper & Paper Products,33.45000076293945,False,14.66,False,False,-16.97,-19.37,False,,EXIT
BALKRISHNA,Balkrishna Paper Mills Limited,Consumer Cyclical,Packaging & Containers,17.469999313354492,False,6.51,False,False,-21.33,-17.87,False,198.0,EXIT
TRU,TruCap Finance Limited,Financial Services,Credit Services,4.659999847412109,False,103.62,True,False,-72.56,-72.42,False,,EXIT
KSR,KSR Footwear Limited,Consumer Cyclical,Footwear & Accessories,29.030000686645508,False,18.62,False,False,,,False,,EXIT
HYBRIDFIN,Hybrid Financial Services Limited,Financial Services,Capital Markets,18.110000610351562,False,2.71,False,False,14.99,14.74,True,7.07,EXIT
SUVIDHAA,Suvidhaa Infoserve Limited,Technology,Information Technology Services,2.5899999141693115,False,9.309999999999999,True,False,-48.03,-47.69,False,285.0,EXIT
PALREDTEC,Palred Technologies Limited,Technology,Consumer Electronics,47.0,False,5.26,False,True,-15.84,-15.7,False,148.0,EXIT
LCCINFOTEC,LCC Infotech Limited,Consumer Defensive,Education & Training Services,4.190000057220459,False,1.34,True,False,0.66,-6.19,False,11.0,EXIT
SHIVAMILLS,Shiva Mills Limited,Consumer Cyclical,Textile Manufacturing,62.959999084472656,False,2.9000000000000004,False,True,-22.6,-19.13,False,,EXIT
ICDSLTD,ICDS Limited,Real Estate,Real Estate Services,43.61000061035156,False,2.58,False,False,12.03,-5.12,False,6.45,EXIT
ANSALAPI,Ansal Properties & Infrastructure Limited,Real Estate,Real Estate - Development,3.450000047683716,False,165.47,True,False,-18.69,-35.45,False,1406.0,EXIT
SUPREMEENG,Supreme Engineering Limited,Basic Materials,Steel,2.1700000762939453,False,9.649999999999999,False,True,60.94,58.31,True,,HOLD
BIOFILCHEM,Biofil Chemicals and Pharmaceuticals Limited,Healthcare,Drug Manufacturers - Specialty & Generic,32.900001525878906,False,2.7800000000000002,False,False,-38.26,-30.76,False,,EXIT
PRITI,Priti International Limited,Consumer Cyclical,"Furnishings, Fixtures & Appliances",37.84000015258789,False,0.8999999999999999,False,False,-60.83,-57.27,False,,EXIT
VINNY,Vinny Overseas Limited,Consumer Cyclical,Textile Manufacturing,1.0700000524520874,False,0.9299999999999999,False,False,-29.01,-25.53,False,,EXIT
BLUECOAST,Blue Coast Hotels Limited,Consumer Cyclical,Lodging,25.3799991607666,False,2.1,False,False,-59.31,-55.75,False,134.89,EXIT
GAYAHWS,Gayatri Highways Limited,Industrials,Infrastructure Operations,1.9900000095367432,False,15.02,False,False,-8.04,-10.2,False,86.0,EXIT
SVPGLOB,SVP Global Textiles Limited,Consumer Cyclical,Textile Manufacturing,3.7699999809265137,False,376.41999999999996,True,True,-1.74,1.68,False,2489.0,HOLD
AHLADA,Ahlada Engineers Limited,Industrials,Building Products & Equipment,37.20000076293945,False,0.44,False,False,-44.23,-46.31,False,259.0,EXIT
OSIAHYPER,Osia Hyper Retail Limited,Consumer Cyclical,Department Stores,2.940000057220459,False,5.1,False,False,-84.6,-80.98,False,,EXIT
RKDL,Ravi Kumar Distilleries Limited,Consumer Defensive,Beverages - Wineries & Distilleries,19.18000030517578,False,0.14,False,False,-30.21,-36.85,False,,EXIT
DHRUV,Dhruv Consultancy Services Limited,Industrials,Engineering & Construction,25.489999771118164,False,33.690000000000005,True,False,-64.52,-66.55,False,102.0,EXIT
ARCHIES,Archies Limited,Consumer Cyclical,Specialty Retail,14.199999809265137,False,4.89,False,False,-32.7,-29.21,False,194.95,EXIT
COUNCODOS,Country Condo's Limited,Real Estate,Real Estate - Development,6.019999980926514,False,0.6,False,True,2.06,-14.97,False,,EXIT
TPHQ,Teamo Productions HQ Limited,Industrials,Engineering & Construction,0.4300000071525574,False,12.200000000000001,True,False,-45.71,-47.79,False,2.6,EXIT
JAIPURKURT,Nandani Creation Limited,Consumer Cyclical,Apparel Manufacturing,26.610000610351562,False,1.57,False,False,-44.11,-40.59,False,70.0,EXIT
MASKINVEST,Mask Investments Limited,Financial Services,Capital Markets,147.0,False,0.1,False,False,-8.99,-9.13,False,,EXIT
WEWIN,We Win Limited,Technology,Information Technology Services,45.209999084472656,False,4.5,False,False,-10.33,-10.22,False,78.49,EXIT
MANUGRAPH,Manugraph India Limited,Industrials,Specialty Industrial Machinery,15.220000267028809,False,9.58,False,False,-19.0,-21.14,False,446.0,EXIT
DANGEE,Dangee Dums Limited,Consumer Cyclical,Restaurants,3.0199999809265137,False,1.86,False,False,-39.58,-36.07,False,19.89,EXIT
AKASH,Akash Infra-Projects Limited,Industrials,Engineering & Construction,26.3700008392334,False,2.8200000000000003,False,True,-4.22,-6.4,False,140.82,EXIT
CELEBRITY,Celebrity Fashions Limited,Consumer Cyclical,Apparel Manufacturing,7.170000076293945,False,15.72,False,False,-51.15,-47.61,False,,EXIT
KARMAENG,Karma Energy Limited,Utilities,Utilities - Renewable,38.130001068115234,False,2.6999999999999997,True,False,-26.85,-35.65,False,41.88,EXIT
GOLDENTOBC,Golden Tobacco Limited,Consumer Defensive,Tobacco,24.8799991607666,False,0.0,False,False,-26.46,-33.13,False,96.08,EXIT
SHEKHAWATI,Shekhawati Industries Limited,Consumer Cyclical,Textile Manufacturing,14.289999961853027,False,8.11,False,False,-45.34,-41.82,False,363.26,EXIT
PRUDMOULI,Prudential Sugar Corporation Ltd.,Consumer Defensive,Confectioners,13.020000457763672,False,6.16,False,False,-65.88,-72.28,False,104.84,EXIT
LFIC,Lakshmi Finance & Industrial Corporation Limited,Financial Services,Asset Management,142.67999267578125,False,9.09,False,False,-34.57,-34.6,False,,EXIT
AMBICAAGAR,Ambica Agarbathies Aroma & Industries Limited,Consumer Defensive,Household & Personal Products,24.649999618530273,False,3.45,True,True,-3.65,-10.47,False,98.07,HOLD
MANGALAM,Mangalam Drugs & Organics Limited,Healthcare,Drug Manufacturers - Specialty & Generic,26.979999542236328,False,44.41,True,False,-81.32,-73.54,False,369.0,EXIT
AKI,AKI India Limited,Consumer Cyclical,Footwear & Accessories,4.039999961853027,False,4.19,True,False,-70.55,-66.97,False,80.96,EXIT
21STCENMGM,Twentyfirst Century Management Services Limited,Financial Services,Capital Markets,41.77000045776367,False,28.68,False,True,-31.78,-31.82,False,260.0,EXIT
VIVIMEDLAB,Vivimed Labs Limited,Healthcare,Drug Manufacturers - Specialty & Generic,5.039999961853027,False,176.46000000000004,False,False,-9.11,-1.81,False,1462.0,EXIT
TNTELE,Tamilnadu Telecommunications Limited,Technology,Communication Equipment,9.010000228881836,False,14.889999999999999,False,False,-55.32,-54.93,False,,EXIT
SAGARDEEP,Sagardeep Alloys Limited,Basic Materials,Copper,24.579999923706055,False,2.13,True,False,-16.11,-18.52,False,142.0,EXIT
ABMINTLLTD,ABM International Limited,Basic Materials,Specialty Chemicals,42.45000076293945,False,4.21,False,False,-28.09,-30.47,False,155.95,EXIT
MITTAL,Mittal Life Style Limited,Consumer Cyclical,Textile Manufacturing,0.8999999761581421,False,2.3299999999999996,True,False,-53.92,-50.38,False,72.02,EXIT
BANG,Bang Overseas Limited,Consumer Cyclical,Apparel Manufacturing,30.100000381469727,False,5.949999999999999,False,False,-47.29,-43.76,False,194.0,EXIT
ADL,Archidply Decor Limited,Consumer Cyclical,"Furnishings, Fixtures & Appliances",75.33000183105469,False,0.32000000000000006,False,True,-22.44,-18.97,False,54.28,EXIT
AROGRANITE,Aro Granite Industries Limited,Industrials,Building Products & Equipment,25.040000915527344,False,11.930000000000001,False,False,-30.48,-32.59,False,252.55,EXIT
MADHUCON,Madhucon Projects Limited,Industrials,Engineering & Construction,5.119999885559082,False,444.52,True,False,-27.31,-29.43,False,2599.0,EXIT
ORIENTALTL,Oriental Trimex Limited,Industrials,Building Products & Equipment,5.190000057220459,False,2.2600000000000002,False,False,-47.1,-49.17,False,,EXIT
SEYAIND,Seya Industries Limited,Basic Materials,Specialty Chemicals,12.470000267028809,False,2.8800000000000003,False,False,-34.73,-37.09,False,,EXIT
CEREBRAINT,Cerebra Integrated Technologies Limited,Industrials,Waste Management,2.9700000286102295,False,71.64999999999999,True,False,-64.61,-66.64,False,261.0,EXIT
ASHOKAMET,Ashoka Metcast Limited,Basic Materials,Steel,14.140000343322754,False,10.8,True,False,-21.12,-23.52,False,67.03,EXIT
SITINET,SITI Networks Limited,Communication Services,Entertainment,0.3100000023841858,False,196.85,True,False,-27.09,-45.14,False,1608.0,EXIT
NKIND,N.K Industries Limited,Consumer Defensive,Household & Personal Products,63.029998779296875,False,3.6199999999999997,True,False,1.89,-4.96,False,493.13,EXIT
LASA,Lasa Supergenerics Limited,Healthcare,Drug Manufacturers - Specialty & Generic,7.110000133514404,False,34.08,False,False,-40.32,-32.81,False,,EXIT
HBSL,HB Stockholdings Limited,Financial Services,Capital Markets,55.34000015258789,False,25.740000000000002,False,False,-32.03,-32.07,False,,EXIT
SUPERSPIN,Super Spinning Mills Limited,Consumer Cyclical,Textile Manufacturing,6.239999771118164,False,8.57,True,False,-42.82,-39.3,False,521.0,EXIT
DNAMEDIA,Diligent Media Corporation Limited,Communication Services,Publishing,2.859999895095825,False,8.879999999999999,False,False,-18.33,-36.49,False,127.76,EXIT
CYBERMEDIA,Cyber Media (India) Limited,Communication Services,Publishing,15.699999809265137,False,3.52,False,False,7.5,-11.0,False,101.8,EXIT
GSS,GSS Infotech Limited,Technology,Information Technology Services,14.239999771118164,False,51.120000000000005,True,False,-57.19,-56.79,False,46.14,EXIT
TARAPUR,Tarapur Transformers Limited,Industrials,Specialty Industrial Machinery,14.989999771118164,False,2.04,False,False,-44.01,-46.09,False,,EXIT
MOHITIND,Mohit Industries Limited,Consumer Cyclical,Textile Manufacturing,26.940000534057617,False,0.92,False,True,-24.03,-20.56,False,191.0,EXIT
KAUSHALYA,Kaushalya Infrastructure Development Corporation Limited,Industrials,Engineering & Construction,915.0,False,1.5599999999999998,False,True,3.47,1.28,True,14.56,HOLD
AKG,AKG Exim Limited,Industrials,Industrial Distribution,10.029999732971191,False,0.26,False,False,-22.71,-24.84,False,123.67,EXIT
MADHAV,Madhav Marbles and Granites Limited,Industrials,Building Products & Equipment,33.59000015258789,False,2.6,False,False,-23.71,-25.84,False,76.96,EXIT
AKSHAR,Akshar Spintex Limited,Consumer Cyclical,Textile Manufacturing,0.4000000059604645,False,7.3999999999999995,False,False,-31.65,-28.16,False,,EXIT
GANGAFORGE,Ganga Forging Limited,Industrials,Metal Fabrication,1.8600000143051147,False,3.73,False,False,-49.9,-51.96,False,,EXIT
EASTSILK,Eastern Silk Industries Limited,Consumer Cyclical,Textile Manufacturing,60.0099983215332,False,14.35,True,False,3234.6,3230.26,True,434.0,HOLD
KEEPLEARN,DSJ Keep Learning Limited,Consumer Defensive,Education & Training Services,1.9199999570846558,False,1.6300000000000001,False,False,-33.22,-39.84,False,,EXIT
LEXUS,Lexus Granito (India) Limited,Industrials,Building Products & Equipment,14.880000114440918,False,2.22,False,False,-53.54,-55.6,False,,EXIT
KANANIIND,Kanani Industries Limited,Consumer Cyclical,Luxury Goods,1.5099999904632568,False,2.58,False,False,-31.99,-28.51,False,496.0,EXIT
NAGREEKCAP,Nagreeka Capital & Infrastructure Ltd.,Financial Services,Asset Management,23.75,False,12.1,False,False,-15.16,-15.27,False,,EXIT
PEARLPOLY,Pearl Polymers Limited,Consumer Cyclical,Packaging & Containers,16.84000015258789,False,10.55,False,False,-61.34,-57.78,False,,EXIT
GTECJAINX,G-Tec Jainx Education Limited,Consumer Defensive,Education & Training Services,29.139999389648438,False,4.04,True,True,15.7,8.75,True,6.5,HOLD
SIMBHALS,Simbhaoli Sugars Limited,Consumer Defensive,Confectioners,7.090000152587891,False,32.809999999999995,True,False,-51.57,-58.06,False,1263.0,EXIT
PNC,Pritish Nandy Communications Ltd,Communication Services,Entertainment,19.59000015258789,False,13.77,True,False,-14.41,-32.63,False,58.0,EXIT
SANWARIA,Sanwaria Consumer Limited,Consumer Defensive,Farm Products,0.20999999344348907,False,4.21,False,False,-38.71,-45.3,False,,EXIT
WILLAMAGOR,Williamson Magor & Co. Limited,Financial Services,Credit Services,25.600000381469727,False,50.220000000000006,True,False,-28.1,-28.16,False,51.0,EXIT
TGBHOTELS,TGB Banquets and Hotels Limited,Consumer Cyclical,Lodging,9.220000267028809,False,1.44,False,False,-27.76,-24.28,False,164.01,EXIT
KHANDSE,Khandwala Securities Limited,Financial Services,Capital Markets,17.540000915527344,False,1.7599999999999998,True,False,-32.49,-32.53,False,10.29,EXIT
INFOMEDIA,Infomedia Press Limited,Financial Services,Shell Companies,5.380000114440918,False,3.6800000000000006,False,False,-22.15,-22.24,False,186.0,EXIT
TREEHOUSE,Tree House Education & Accessories Limited,Consumer Defensive,Education & Training Services,6.309999942779541,False,10.32,False,False,-4.16,-10.97,False,209.0,EXIT
SGL,STL Global Limited,Consumer Cyclical,Textile Manufacturing,9.850000381469727,False,1.3900000000000001,False,False,-35.39,-31.89,False,,EXIT
LIBAS,Libas Consumer Products Limited,Consumer Cyclical,Apparel Manufacturing,9.899999618530273,False,0.0,False,False,-26.49,-23.01,False,91.91,EXIT
KSHITIJPOL,Kshitij Polyline Limited,Industrials,Business Equipment & Supplies,2.9600000381469727,False,3.6900000000000004,True,False,-9.54,-11.7,False,59.36,EXIT
NEXTMEDIA,Next Mediaworks Limited,Communication Services,Broadcasting,3.940000057220459,False,5.279999999999999,True,False,-22.07,-40.18,False,1.45,EXIT
FLFL,Future Lifestyle Fashions Limited,Consumer Cyclical,Apparel Manufacturing,1.2200000286102295,False,0.0,False,False,-36.61,-33.11,False,6297.0,EXIT
ARSHIYA,Arshiya Limited,Industrials,Integrated Freight & Logistics,0.9700000286102295,False,98.67,False,False,-68.04,-70.07,False,1140.0,EXIT
LAXMICOT,Laxmi Cotspin Limited,Consumer Cyclical,Textile Manufacturing,14.260000228881836,False,10.64,True,False,-54.2,-50.66,False,216.0,EXIT
KRIDHANINF,Kridhan Infra Limited,Basic Materials,Steel,2.299999952316284,False,2.6900000000000004,False,False,-46.93,-49.26,False,726.75,EXIT
ANKITMETAL,Ankit Metal & Power Limited,Basic Materials,Steel,1.600000023841858,False,0.0,True,False,-19.6,-22.0,False,1148.0,EXIT
SHRENIK,Shrenik Limited,Basic Materials,Paper & Paper Products,0.3400000035762787,False,1.4400000000000002,False,False,-39.47,-41.81,False,,EXIT
MFML,Mahalaxmi Fabric Mills Limited,Consumer Cyclical,Textile Manufacturing,19.6200008392334,False,8.3,True,False,-39.95,-36.44,False,166.0,EXIT
VCL,Vaxtex Cotfab Limited,Consumer Cyclical,Textile Manufacturing,1.1699999570846558,False,6.28,False,False,-14.95,-11.5,False,,EXIT
HAVISHA,Sri Havisha Hospitality and Infrastructure Limited,Consumer Cyclical,Lodging,1.3600000143051147,False,5.03,True,False,-42.38,-38.87,False,2.89,EXIT
ACEINTEG,Ace Integrated Solutions Limited,Industrials,Staffing & Employment Services,19.09000015258789,False,0.9500000000000002,True,False,-24.53,-26.65,False,9.14,EXIT
TCIFINANCE,TCI Finance Limited,Financial Services,Credit Services,15.020000457763672,False,1.9900000000000002,False,False,6.14,5.93,True,,EXIT
FEL,Future Enterprises Limited,Consumer Cyclical,Department Stores,0.3700000047683716,False,0.0,False,False,-44.44,-40.92,False,20186.0,EXIT
SHYAMTEL,Shyam Telecom Limited,Technology,Communication Equipment,16.450000762939453,False,5.03,True,True,13.82,13.79,True,799.0,HOLD
TECILCHEM,Tecil Chemicals and Hydro Power Ltd.,Financial Services,Shell Companies,9.979999542236328,False,0.42000000000000004,False,False,-52.92,-52.87,False,0.0,EXIT
ASTRON,Astron Paper & Board Mill Limited,Basic Materials,Paper & Paper Products,3.740000009536743,False,21.18,False,False,-75.07,-77.31,False,512.0,EXIT
TVVISION,TV Vision Limited,Communication Services,Broadcasting,4.449999809265137,False,34.48,True,False,-23.21,-41.3,False,176.0,EXIT
RADAAN,Radaan Mediaworks India Limited,Communication Services,Entertainment,3.200000047683716,False,4.79,True,True,-2.35,-20.73,False,35.54,HOLD
GLFL,Gujarat Lease Financing Limited,Financial Services,Shell Companies,5.860000133514404,False,0.2,False,False,-4.98,-5.14,False,0.69,EXIT
SILLYMONKS,Silly Monks Entertainment Limited,Communication Services,Entertainment,15.380000114440918,False,2.35,True,False,5.81,-12.68,False,22.22,EXIT
VIVIDHA,Visagar Polytex Limited,Consumer Cyclical,Textile Manufacturing,0.5099999904632568,False,1.54,False,False,-42.59,-39.07,False,,EXIT
EUROTEXIND,Eurotex Industries and Exports Limited,Real Estate,Real Estate - Development,12.9399995803833,False,4.87,False,False,8.84,-8.27,False,,EXIT
BOHRAIND,Bohra Industries Limited,Basic Materials,Agricultural Inputs,14.8100004196167,False,4.25,False,False,-56.46,-58.75,False,,EXIT
UMESLTD,Usha Martin Education & Solutions Limited,Consumer Defensive,Education & Training Services,5.460000038146973,False,0.39,True,True,-3.48,-10.3,False,6.19,HOLD
TIJARIA,Tijaria Polypipes Limited,Industrials,Building Products & Equipment,4.880000114440918,False,1.3,False,False,-42.25,-44.33,False,,EXIT
MTEDUCARE,MT Educare Limited,Consumer Defensive,Education & Training Services,1.9500000476837158,False,11.29,False,True,-14.26,-21.0,False,305.0,EXIT
HEADSUP,Heads UP Ventures Limited,Consumer Cyclical,Apparel Retail,7.170000076293945,False,7.42,True,False,-37.11,-33.61,False,1.42,EXIT
FLEXITUFF,Flexituff Ventures International Limited,Consumer Cyclical,Textile Manufacturing,3.990000009536743,False,134.89,False,False,-93.33,-89.7,False,1457.0,EXIT
KALYANI,Kalyani Commercials Limited,Consumer Cyclical,Auto & Truck Dealerships,138.08999633789062,True,2.74,True,False,-7.06,-3.63,False,901.0,EXIT
RETAIL,JHS Svendgaard Retail Ventures Limited,Consumer Defensive,Grocery Stores,17.329999923706055,False,0.42000000000000004,False,False,-52.13,-58.63,False,,EXIT
ARENTERP,Rajdarshan Industries Limited,Basic Materials,Other Industrial Metals & Mining,39.4900016784668,False,0.8400000000000001,True,False,-19.84,-22.24,False,1.9,EXIT
AURUS,Aurus Gem Corporation Limited,Consumer Cyclical,Luxury Goods,4.619999885559082,False,16.91,False,False,-42.89,-39.37,False,,EXIT
NIRAJISPAT,Niraj Ispat Industries Limited,Consumer Cyclical,Apparel Manufacturing,216.0,False,1.21,False,False,-58.51,-54.95,False,,EXIT
UNIINFO,Uniinfo Telecom Services Limited,Communication Services,Telecom Services,12.470000267028809,False,1.5300000000000002,False,False,-21.06,-39.19,False,50.1,EXIT
BILVYAPAR,BIL Vyapar Limited,Basic Materials,Specialty Chemicals,4.0,False,2.9800000000000004,False,False,-69.42,-71.68,False,4735.57,EXIT
CREATIVEYE,Creative Eye Limited,Communication Services,Entertainment,6.269999980926514,False,5.180000000000001,False,False,-3.2,-21.56,False,,EXIT
ORTINGLOBE,Ortin Global Limited,Healthcare,Drug Manufacturers - Specialty & Generic,15.270000457763672,False,0.74,False,True,-17.77,-10.41,False,,EXIT
ANTGRAPHIC,Antarctica Limited,Consumer Cyclical,Packaging & Containers,0.75,False,0.0,False,False,-43.04,-39.53,False,,EXIT
GLOBALE,Globale Tessile Limited,Consumer Cyclical,Textile Manufacturing,10.850000381469727,False,1.4,False,False,-26.5,-23.02,False,,EXIT
DCMFINSERV,DCM Financial Services Limited,Financial Services,Credit Services,5.260000228881836,False,1.03,False,True,-14.05,-14.17,False,3.96,EXIT
LAKPRE,Lakshmi Precision Screws Limited,Industrials,Tools & Accessories,5.0,False,0.0,False,False,-19.66,-21.8,False,425.0,EXIT
COMPINFO,Compuage Infocom Limited,Technology,Electronics & Computer Distribution,1.1200000047683716,False,0.0,False,False,-61.95,-61.52,False,4515.0,EXIT
BLUECHIP,Blue Chip India Limited,Financial Services,Capital Markets,1.7000000476837158,False,0.44999999999999996,False,False,-68.34,-68.21,False,,EXIT
MEP,MEP Infrastructure Developers Limited,Industrials,Infrastructure Operations,0.5400000214576721,False,0.0,False,False,-67.85,-69.88,False,2815.0,EXIT
PREMIER,Premier Limited,Industrials,Specialty Industrial Machinery,2.7300000190734863,False,5.869999999999999,True,False,-29.67,-31.79,False,99.96,EXIT
SHANTI,Shanti Overseas (India) Limited,Consumer Defensive,Farm Products,6.909999847412109,False,2.87,False,False,-37.62,-44.21,False,210.44,EXIT
SABEVENTS,SAB Events & Governance Now Media Limited,Communication Services,Publishing,6.630000114440918,False,0.68,False,False,19.61,0.94,True,,EXIT
ORTEL,Ortel Communications Limited,Communication Services,Entertainment,1.9500000476837158,False,0.0,False,True,25.28,6.54,True,203.0,HOLD
SETUINFRA,Setubandhan Infrastructure Limited,Industrials,Engineering & Construction,0.4099999964237213,False,0.0,False,False,-16.07,-18.21,False,283.49,EXIT
BNAGROCHEM,BN Agrochem Limited,,,271.5,False,0.0,False,False,,,False,,EXIT
RAMBHAJO,RAMBHAJO,Consumer Cyclical,Luxury Goods,185.80999755859375,False,0.0,False,False,,,False,,EXIT
BLIL,Balmer Lawrie Investments Limited,,,70.76000213623047,False,0.0,False,False,,,False,,EXIT
RSDFIN,RSD Finance Limited,,,145.8800048828125,True,0.0,False,False,,,False,,EXIT
BNALTD,B & A Limited,,,402.79998779296875,False,0.0,False,False,,,False,,EXIT
AASTHA,AASTHA,Consumer Cyclical,Textile Manufacturing,83.72000122070312,False,0.0,False,False,,,False,,EXIT
SHRIKRISH,Shri Krishna Devcon Limited,Unknown,Unknown,40.25,False,0.0,False,False,,,False,,EXIT
ACSTECH,ACS Technologies Limited,,,42.220001220703125,False,0.0,False,False,,,False,,EXIT
3BBLACKBIO,3B Blackbio Dx Limited,,,1238.5,False,0.0,False,False,,,False,,EXIT
ZSARACOM,Saraswati Commercial (India) Limited,,,12048.0,False,0.0,False,False,,,False,,EXIT
ZODIAC,Zodiac Energy Limited,,,257.6000061035156,False,0.0,False,False,,-45.45,False,408.0,EXIT
ABMKNO,ABM Knowledgeware Limited,,,196.69000244140625,False,0.0,False,False,,,False,,EXIT
KPL,Kwality Pharmaceuticals Limited,,,2587.0,False,0.0,False,False,,,False,,EXIT
RAJPALAYAM,Rajapalayam Mills Limited,Unknown,Unknown,829.5499877929688,True,114.35000000000001,False,False,,,False,,EXIT
RRIL,RRIL Limited,,,17.149999618530273,False,0.0,False,False,,,False,,EXIT
MADHAVIPL,Madhav Infra Projects Limited,,,7.889999866485596,False,0.0,False,False,,,False,,EXIT
LCL,LCL,Industrials,Specialty Industrial Machinery,519.2000122070312,True,0.0,False,False,,,False,,EXIT
RIR,Rir Power Electronics Limited,Technology,Semiconductors,159.25999450683594,True,7.930000000000001,False,False,,,False,,EXIT
CPL,Captain Polyplast Limited,Industrials,Farm & Heavy Construction Machinery,71.76000213623047,True,27.780000000000005,False,False,,,False,,EXIT
DAICHI,Dai-ichi Karkaria Limited,,,318.8500061035156,False,0.0,False,False,,,False,,EXIT
SINGERIND,Singer India Limited,,,65.30000305175781,False,0.0,False,False,,,False,483.0,EXIT
LAHOTIOV,Lahoti Overseas Limited,,,41.70000076293945,False,0.0,False,False,,,False,,EXIT
CORONA,CORONA,Healthcare,Drug Manufacturers - General,2159.699951171875,True,164.35000000000002,False,False,,,False,1196.0,EXIT
HBESD,HB Estate Developers Limited,Unknown,Unknown,74.25,False,0.0,False,False,,,False,,EXIT
CMPDI,CMPDI,Basic Materials,Other Industrial Metals & Mining,247.0500030517578,False,656.6099999999999,False,False,,,False,,EXIT
CMRGREEN,CMRGREEN,Basic Materials,Aluminum,228.58999633789062,False,0.0,False,False,,,False,,EXIT
TENNIND,TENNIND,Consumer Cyclical,Auto Parts,550.5499877929688,False,593.23,False,False,,,False,5468.0,EXIT
TECHNVISN,TechNVision Ventures Limited,,,4407.89990234375,False,0.0,False,False,,,False,,EXIT
COMFINTE,Comfort Intech Limited,,,6.400000095367432,False,0.0,False,False,,,False,,EXIT
HALDYNGL,Haldyn Glass Limited,,,132.57000732421875,True,0.0,False,False,,,False,,EXIT
COCKERILL,John Cockerill India Limited,Industrials,Metal Fabrication,8989.0,False,18.419999999999998,False,False,,,False,,EXIT
THACKER,Thacker and Company Limited,,,1050.0,False,0.0,False,False,,,False,,EXIT
TIMEX,Timex Group India Limited,Consumer Cyclical,Luxury Goods,556.9500122070312,True,85.79,False,False,,,False,,EXIT
CMLL,CMLL,Energy,Thermal Coal,565.9000244140625,True,0.0,False,False,,,False,,EXIT
THAKDEV,Thakkers Developers Limited,,,140.47000122070312,False,0.0,False,False,,,False,,EXIT
TCC,TCC Concept Limited,,,289.3999938964844,False,0.0,False,False,,,False,83.0,EXIT
ABANSENT,ABans Enterprises Limited,,,25.770000457763672,False,0.0,False,False,,,False,,EXIT
DISAQ,DISA India Limited,,,12470.0,True,0.0,False,False,,,False,,EXIT
BI,Bilcare Limited,,,60.529998779296875,False,0.0,False,False,,,False,,EXIT
PRAVEG,Praveg Limited,,,287.25,False,0.0,False,False,,,False,,EXIT
KIRANVYPAR,Kiran Vyapar Limited,,,197.72999572753906,True,0.0,False,False,,,False,,EXIT
KLBRENG-B,Kilburn Engineering Limited,,,419.6499938964844,False,0.0,False,False,,,False,,EXIT
RVHL,RVHL,Unknown,Unknown,45.15999984741211,False,55.81,False,False,33.33,4.59,True,12.0,EXIT
FERMENTA,Fermenta Biotech Limited,,,547.0499877929688,True,0.0,False,False,,,False,,EXIT
FEDDERSHOL,Fedders Holding Limited,,,41.75,False,0.0,False,False,,,False,,EXIT
INDPRUD,Industrial And Prudential Investment Company Limited,,,6567.0,False,0.0,False,False,,,False,,EXIT
PRADPME,Pradeep Metals Limited,,,508.04998779296875,False,0.0,False,False,,,False,,EXIT
MMWL,Media Matrix Worldwide Limited,Communication Services,Entertainment,13.819999694824219,False,5.85,False,False,,,False,,EXIT
BAJAJST,Bajaj Steel Industries Limited,,,390.3500061035156,False,0.0,False,False,,,False,,EXIT
SHBAJRG,Shri Bajrang Alliance Limited,,,187.1300048828125,False,0.0,False,False,,,False,,EXIT
GUJRAFFIA,Gujarat Raffia Industries Limited,,,38.9900016784668,False,0.0,False,False,,-2.36,False,47.56,EXIT
SIKA,Sika Interplant Systems Limited,,,1113.199951171875,False,0.0,False,False,,,False,,EXIT
BIRLAPREC,Birla Precision Technologies Limited,,,34.47999954223633,False,0.0,False,False,,,False,,EXIT
BHARATCOAL,BHARATCOAL,Basic Materials,Coking Coal,34.20000076293945,False,325.23,False,False,,,False,14246.0,EXIT
BLACKROSE,Black Rose Industries Limited,,,113.93000030517578,False,0.0,False,False,,,False,,EXIT
MCCHRLS-B,Mac Charles (India) Limited,,,680.0,False,0.0,False,False,,,False,,EXIT
QUINT,Quint Digital Limited,,,38.900001525878906,False,0.0,False,False,,,False,,EXIT
TAALTECH,TAAL Tech Limited,,,3930.5,True,0.0,False,False,,,False,,EXIT
TAMBOLIIN,Tamboli Industries Limited,,,209.61000061035156,False,0.0,False,False,,,False,,EXIT
DECNGOLD,Deccan Gold Mines Limited,,,199.4499969482422,False,0.0,False,False,,,False,,EXIT
TURTLEMINT,TURTLEMINT,Financial Services,Insurance Brokers,114.6500015258789,False,47.9,False,False,,,False,,EXIT
MERCANTILE,Mercantile Ventures Limited,,,24.15999984741211,False,0.0,False,False,,,False,,EXIT
MENNPIS,Menon Pistons Limited,,,73.33999633789062,False,0.0,False,False,,,False,,EXIT
SURYALA,Suryalata Spinning Mills Limited,,,406.54998779296875,False,0.0,False,False,,,False,,EXIT
BENGALASM,Bengal & Assam Company Limited,,,6256.0,False,0.0,False,False,,,False,,EXIT
BEEKAY,Beekay Steel Industries Limited,,,400.70001220703125,False,0.0,False,False,,,False,,EXIT
GRANDOAK,Grand Oak Canyons Distillery Limited,,,38.40999984741211,False,0.0,False,False,,,False,,EXIT
GNRL,Gujarat Natural Resources Limited,,,95.08999633789062,False,0.0,False,False,,,False,,EXIT
GRAVISSHO,Graviss Hospitality Limited,,,29.399999618530273,False,0.0,False,False,,,False,,EXIT
SONAL,Sonal Mercantile Limited,,,88.01000213623047,False,0.0,False,False,,,False,,EXIT
INVPRECQ,Investment & Precision Castings Limited,,,1135.199951171875,True,0.0,False,False,,,False,,EXIT
KOTIC,Kothari Industrial Corporation Limited,,,157.16000366210938,False,0.0,False,False,,,False,,EXIT
EMPOWER,Empower India Limited,,,2.690000057220459,True,0.0,False,False,,,False,,EXIT
ELCIDIN,Elcid Investments Limited,,,110915.0,False,0.0,False,False,,,False,,EXIT
KAMAHOLD,KAMA Holdings Limited,,,2522.60009765625,False,0.0,False,False,,,False,,EXIT
NEAGI,Neelamalai Agro Industries Limited,,,3170.0,False,0.0,False,False,,,False,,EXIT
ASHIKAG,ASHIKAG,,,459.29998779296875,False,0.0,False,False,,,False,,EXIT
SCANSTL,Scan Steels Limited,,,62.41999816894531,True,0.0,False,False,,,False,,EXIT
NATIONSTD,National Standard (India) Limited,,,223.74000549316406,False,0.0,False,False,,,False,,EXIT
AKCAPIT,A. K. Capital Services Limited,,,1728.300048828125,False,0.0,False,False,,,False,,EXIT
ELITECON,Elitecon International Limited,,,18.889999389648438,False,0.0,False,False,,,False,,EXIT
PREMCO,Premco Global Limited,,,384.0,False,0.0,False,False,,,False,,EXIT
ASTAR,Asian Star Company Limited,,,590.0,False,0.0,False,False,,,False,,EXIT
DRAGARWQ,Dr. Agarwal's Eye Hospital Limited,,,5081.0,True,0.0,False,False,,,False,,EXIT
FRONTSP,Frontier Springs Limited,,,1373.4000244140625,False,0.0,False,False,,,False,,EXIT
VELJAN,Veljan Denison Limited,,,1640.800048828125,False,0.0,False,False,,,False,,EXIT
NILE,Nile Limited,,,1686.0,False,0.0,False,False,,,False,,EXIT
XTRANET,XTRANET,Technology,Information Technology Services,127.94000244140625,True,0.0,False,False,,,False,,EXIT
3PLAND,3P Land Holdings Ltd,Unknown,Unknown,31.860000610351562,False,1.65,False,False,-24.94,-34.26,False,205.25,EXIT
WELSPLSOL,Welspun Specialty Solutions Limited,,,50.56999969482422,False,0.0,False,False,,,False,,EXIT
PML,Paul Merchants Limited,,,508.54998779296875,False,0.0,False,False,,,False,,EXIT
ARTEMISMED,Artemis Medicare Services Limited,,,301.75,False,0.0,False,True,,17.48,False,937.0,EXIT
KANCHI,Kanchi Karpooram Limited,,,357.6000061035156,False,0.0,False,False,,,False,,EXIT
IWP,The Indian Wood Products Company Limited,,,33.849998474121094,False,0.0,False,False,,,False,,EXIT
INDOMIM,INDOMIM,Industrials,Metal Fabrication,769.4000244140625,True,0.0,False,False,,,False,,EXIT
PIONRINV,Pioneer Investcorp Limited,,,86.75,False,0.0,False,False,,,False,,EXIT
SEIL,Shanti Educational Initiatives Limited,,,203.0,False,0.0,False,False,,,False,,EXIT
SAPPL,Shree Ajit Pulp and Paper Limited,,,290.0,False,0.0,False,False,,,False,,EXIT
WPIL,WPIL Limited,,,446.1000061035156,False,0.0,False,False,,,False,,EXIT
HEXAGON,HEXAGON,Consumer Defensive,Packaged Foods,66.80999755859375,False,0.0,False,False,,,False,,EXIT
SHINDL,Sharat Industries Limited,,,159.74000549316406,True,0.0,False,False,,,False,,EXIT
OMPOWER,OMPOWER,Industrials,Engineering & Construction,170.5399932861328,False,0.0,False,False,,,False,,EXIT
AARNAV,Aarnav Fashions Limited,,,30.309999465942383,True,0.0,False,False,,,False,,EXIT
