Symbol,Live_Price,Price_As_Of
20MICRONS,196.0399932861328,2026-08-19T10:17:40+00:00
21STCENMGM,44.810001373291016,2026-08-19T10:17:40+00:00
360ONE,1180.5,2026-08-19T10:17:40+00:00
3BBLACKBIO,1143.800048828125,2026-08-19T10:17:40+00:00
3IINFOLTD,23.149999618530273,2026-08-19T10:17:40+00:00
3MINDIA,33505.0,2026-08-19T10:17:40+00:00
3PLAND,31.959999084472656,2026-08-19T10:17:40+00:00
5PAISA,405.6000061035156,2026-08-19T10:17:40+00:00
63MOONS,788.8499755859375,2026-08-19T10:17:40+00:00
A2ZINFRA,14.470000267028809,2026-08-19T10:17:40+00:00
AAATECH,94.18000030517578,2026-08-19T10:17:40+00:00
AADHARHFC,474.3999938964844,2026-08-19T10:17:40+00:00
AAKASH,8.449999809265137,2026-08-19T10:17:40+00:00
AAREYDRUGS,82.58999633789062,2026-08-19T10:17:40+00:00
AARNAV,34.189998626708984,2026-08-19T10:17:40+00:00
AARON,140.32000732421875,2026-08-19T10:17:40+00:00
AARTECH,49.08000183105469,2026-08-19T10:17:40+00:00
AARTIDRUGS,408.45001220703125,2026-08-19T10:17:40+00:00
AARTIIND,527.0499877929688,2026-08-19T10:17:40+00:00
AARTIPHARM,834.1500244140625,2026-08-19T10:17:40+00:00
AARTISURF,589.0999755859375,2026-08-19T10:17:40+00:00
AARVI,155.80999755859375,2026-08-19T10:17:40+00:00
AASTHA,73.13999938964844,2026-08-19T10:17:40+00:00
AAVAS,1372.800048828125,2026-08-19T10:17:40+00:00
ABAN,17.389999389648438,2026-08-19T10:17:40+00:00
ABANSENT,28.790000915527344,2026-08-19T10:17:40+00:00
ABB,7430.0,2026-08-19T10:17:40+00:00
ABBOTINDIA,26405.0,2026-08-19T10:17:40+00:00
ABCAPITAL,396.0,2026-08-19T10:17:40+00:00
ABCOTS,218.07000732421875,2026-08-19T10:17:40+00:00
ABDL,598.0499877929688,2026-08-19T10:17:40+00:00
ABFRL,54.470001220703125,2026-08-19T10:17:40+00:00
ABINFRA,13.449999809265137,2026-08-19T10:17:40+00:00
ABLBL,86.88999938964844,2026-08-19T10:17:40+00:00
ABMINTLLTD,50.72999954223633,2026-08-19T10:17:40+00:00
ABMKNO,191.07000732421875,2026-08-19T10:17:40+00:00
ABREL,1395.0999755859375,2026-08-19T10:17:40+00:00
ABSLAMC,1003.4000244140625,2026-08-19T10:17:40+00:00
ACC,1288.699951171875,2026-08-19T10:17:40+00:00
ACCELYA,1134.5999755859375,2026-08-19T10:17:40+00:00
ACCURACY,4.599999904632568,2026-08-19T10:17:40+00:00
ACE,1181.199951171875,2026-08-19T10:17:40+00:00
ACEINTEG,17.90999984741211,2026-08-19T10:17:40+00:00
ACI,506.0,2026-08-19T10:17:40+00:00
ACL,46.08000183105469,2026-08-19T10:17:40+00:00
ACMESOLAR,380.3999938964844,2026-08-19T10:17:40+00:00
ACSTECH,49.65999984741211,2026-08-19T10:17:40+00:00
ACUTAAS,3228.89990234375,2026-08-19T10:17:40+00:00
ADANIENSOL,1540.699951171875,2026-08-19T10:17:40+00:00
ADANIENT,2990.300048828125,2026-08-19T10:17:40+00:00
ADANIGREEN,1293.0,2026-08-19T10:17:40+00:00
ADANIPORTS,1681.9000244140625,2026-08-19T10:17:40+00:00
ADANIPOWER,204.02000427246094,2026-08-19T10:17:40+00:00
ADFFOODS,263.29998779296875,2026-08-19T10:17:40+00:00
ADL,71.9800033569336,2026-08-19T10:17:40+00:00
ADOR,1634.5999755859375,2026-08-19T10:17:40+00:00
ADROITINFO,9.850000381469727,2026-08-19T10:17:40+00:00
ADSL,109.38999938964844,2026-08-19T10:17:40+00:00
ADVAIT,2096.199951171875,2026-08-19T10:17:40+00:00
ADVANCE,116.62000274658203,2026-08-19T10:17:40+00:00
ADVANIHOTR,49.459999084472656,2026-08-19T10:17:40+00:00
ADVENTHTL,133.9499969482422,2026-08-19T10:17:40+00:00
ADVENZYMES,305.20001220703125,2026-08-19T10:17:40+00:00
AEGISLOG,1364.0,2026-08-19T10:17:40+00:00
AEGISVOPAK,270.1499938964844,2026-08-19T10:17:40+00:00
AEPL,14.890000343322754,2026-08-19T10:17:40+00:00
AEQUS,262.45001220703125,2026-08-19T10:17:40+00:00
AEROENTER,130.13999938964844,2026-08-19T10:17:40+00:00
AEROFLEX,474.1499938964844,2026-08-19T10:17:40+00:00
AERONEU,84.36000061035156,2026-08-19T10:17:40+00:00
AEROPLANE,179.3000030517578,2026-08-19T10:17:40+00:00
AETHER,1640.0999755859375,2026-08-19T10:17:40+00:00
AFCONS,277.95001220703125,2026-08-19T10:17:40+00:00
AFFLE,1693.800048828125,2026-08-19T10:17:40+00:00
AFFORDABLE,170.0,2026-08-19T10:17:40+00:00
AFIL,9.359999656677246,2026-08-19T10:17:40+00:00
AFSL,201.42999267578125,2026-08-19T10:17:40+00:00
AGARIND,491.6000061035156,2026-08-19T10:17:40+00:00
AGARWALEYE,501.8500061035156,2026-08-19T10:17:40+00:00
AGI,706.2000122070312,2026-08-19T10:17:40+00:00
AGIIL,294.25,2026-08-19T10:17:40+00:00
AGL,13.119999885559082,2026-08-19T10:17:40+00:00
AGRITECH,100.37999725341797,2026-08-19T10:17:40+00:00
AGROPHOS,25.559999465942383,2026-08-19T10:17:40+00:00
AGSTRA,2.049999952316284,2026-08-19T10:17:40+00:00
AHCL,14.529999732971191,2026-08-19T10:17:40+00:00
AHLADA,40.81999969482422,2026-08-19T10:17:40+00:00
AHLEAST,139.72999572753906,2026-08-19T10:17:40+00:00
AHLUCONT,698.5499877929688,2026-08-19T10:17:40+00:00
AHLWEST,536.0999755859375,2026-08-19T10:17:40+00:00
AIAENG,4384.89990234375,2026-08-19T10:17:40+00:00
AIIL,550.5,2026-08-19T10:17:40+00:00
AIRAN,14.949999809265137,2026-08-19T10:17:40+00:00
AIROLAM,88.5,2026-08-19T10:17:40+00:00
AJANTPHARM,3697.89990234375,2026-08-19T10:17:40+00:00
AJAXENGG,566.9000244140625,2026-08-19T10:17:40+00:00
AJMERA,116.41000366210938,2026-08-19T10:17:40+00:00
AJOONI,3.7799999713897705,2026-08-19T10:17:40+00:00
AKASH,25.020000457763672,2026-08-19T10:17:40+00:00
AKCAPIT,1754.199951171875,2026-08-19T10:17:40+00:00
AKG,8.869999885559082,2026-08-19T10:17:40+00:00
AKI,4.239999771118164,2026-08-19T10:17:40+00:00
AKSHAR,0.4099999964237213,2026-08-19T10:17:40+00:00
AKSHARCHEM,299.94000244140625,2026-08-19T10:17:40+00:00
AKSHOPTFBR,7.679999828338623,2026-08-19T10:17:40+00:00
AKUMS,753.2999877929688,2026-08-19T10:17:40+00:00
ALANKIT,8.180000305175781,2026-08-19T10:17:40+00:00
ALBERTDAVD,839.5499877929688,2026-08-19T10:17:40+00:00
ALEMBICLTD,88.43000030517578,2026-08-19T10:17:40+00:00
ALGOQUANT,65.69999694824219,2026-08-19T10:17:40+00:00
ALICON,752.6500244140625,2026-08-19T10:17:40+00:00
ALIVUS,1369.0,2026-08-19T10:17:40+00:00
ALKALI,68.2300033569336,2026-08-19T10:17:40+00:00
ALKEM,5382.5,2026-08-19T10:17:40+00:00
ALKYLAMINE,1956.0999755859375,2026-08-19T10:17:40+00:00
ALLCARGO,10.100000381469727,2026-08-19T10:17:40+00:00
ALLDIGI,812.4500122070312,2026-08-19T10:17:40+00:00
ALLTIME,210.52999877929688,2026-08-19T10:17:40+00:00
ALMONDZ,13.720000267028809,2026-08-19T10:17:40+00:00
ALOKINDS,11.380000114440918,2026-08-19T10:17:40+00:00
ALPA,61.08000183105469,2026-08-19T10:17:40+00:00
ALPHAGEO,345.4100036621094,2026-08-19T10:17:40+00:00
ALPINETEX,58.880001068115234,2026-08-19T10:17:40+00:00
AMAGI,555.5999755859375,2026-08-19T10:17:40+00:00
AMANTA,177.6300048828125,2026-08-19T10:17:40+00:00
AMBALALSA,46.31999969482422,2026-08-19T10:17:40+00:00
AMBER,7250.0,2026-08-19T10:17:40+00:00
AMBICAAGAR,24.829999923706055,2026-08-19T10:17:40+00:00
AMBIKCO,1648.0999755859375,2026-08-19T10:17:40+00:00
AMBUJACEM,407.5,2026-08-19T10:17:40+00:00
AMDIND,52.689998626708984,2026-08-19T10:17:40+00:00
AMJLAND,38.65999984741211,2026-08-19T10:17:40+00:00
AMNPLST,181.66000366210938,2026-08-19T10:17:40+00:00
AMRUTANJAN,498.79998779296875,2026-08-19T10:17:40+00:00
ANANDRATHI,2189.199951171875,2026-08-19T10:17:40+00:00
ANANTRAJ,631.5499877929688,2026-08-19T10:17:40+00:00
ANDHRAPAP,61.06999969482422,2026-08-19T10:17:40+00:00
ANDHRSUGAR,99.52999877929688,2026-08-19T10:17:40+00:00
ANGELONE,289.5,2026-08-19T10:17:40+00:00
ANIKINDS,44.150001525878906,2026-08-19T10:17:40+00:00
ANKITMETAL,1.5299999713897705,2026-08-19T10:17:40+00:00
ANMOL,9.979999542236328,2026-08-19T10:17:40+00:00
ANNAPURNA,153.35000610351562,2026-08-19T10:17:40+00:00
ANSALAPI,3.3299999237060547,2026-08-19T10:17:40+00:00
ANTELOPUS,798.3499755859375,2026-08-19T10:17:40+00:00
ANTGRAPHIC,0.7300000190734863,2026-08-19T10:17:40+00:00
ANTHEM,881.9000244140625,2026-08-19T10:17:40+00:00
ANUHPHR,75.86000061035156,2026-08-19T10:17:40+00:00
ANUP,1804.800048828125,2026-08-19T10:17:40+00:00
ANURAS,1225.4000244140625,2026-08-19T10:17:40+00:00
APARINDS,16615.0,2026-08-19T10:17:40+00:00
APCL,103.06999969482422,2026-08-19T10:17:40+00:00
APCOTEXIND,620.25,2026-08-19T10:17:40+00:00
APEX,400.04998779296875,2026-08-19T10:17:40+00:00
APLAPOLLO,2121.800048828125,2026-08-19T10:17:40+00:00
APLLTD,817.5,2026-08-19T10:17:40+00:00
APOLLO,386.70001220703125,2026-08-19T10:17:40+00:00
APOLLOHOSP,8750.0,2026-08-19T10:17:40+00:00
APOLLOPIPE,576.4500122070312,2026-08-19T10:17:40+00:00
APOLLOTYRE,427.3500061035156,2026-08-19T10:17:40+00:00
APOLSINHOT,1184.699951171875,2026-08-19T10:17:40+00:00
APTECHT,92.8499984741211,2026-08-19T10:17:40+00:00
APTUS,253.0500030517578,2026-08-19T10:17:40+00:00
AQYLON,23.920000076293945,2026-08-19T10:17:40+00:00
ARCHIDPLY,96.18000030517578,2026-08-19T10:17:40+00:00
ARCHIES,13.819999694824219,2026-08-19T10:17:40+00:00
ARDEE,63.380001068115234,2026-08-19T10:17:40+00:00
ARE&M,928.5499877929688,2026-08-19T10:17:40+00:00
ARENTERP,37.900001525878906,2026-08-19T10:17:40+00:00
ARFIN,83.62000274658203,2026-08-19T10:17:40+00:00
ARIES,438.3999938964844,2026-08-19T10:17:40+00:00
ARIHANT,1029.5,2026-08-19T10:17:40+00:00
ARIHANTCAP,77.68000030517578,2026-08-19T10:17:40+00:00
ARIHANTSUP,248.39999389648438,2026-08-19T10:17:40+00:00
ARIS,136.0,2026-08-19T10:17:40+00:00
ARKADE,127.6500015258789,2026-08-19T10:17:40+00:00
ARMANFIN,1931.5999755859375,2026-08-19T10:17:40+00:00
AROGRANITE,24.899999618530273,2026-08-19T10:17:40+00:00
ARROWGREEN,714.1500244140625,2026-08-19T10:17:40+00:00
ARSHIYA,0.9100000262260437,2026-08-19T10:17:40+00:00
ARSSBL,497.45001220703125,2026-08-19T10:17:40+00:00
ARTEMISMED,313.95001220703125,2026-08-19T10:17:40+00:00
ARTNIRMAN,43.189998626708984,2026-08-19T10:17:40+00:00
ARVEE,174.38999938964844,2026-08-19T10:17:40+00:00
ARVIND,516.5,2026-08-19T10:17:40+00:00
ARVINDFASN,429.29998779296875,2026-08-19T10:17:40+00:00
ARVSMART,662.5999755859375,2026-08-19T10:17:40+00:00
ASAHIINDIA,957.0499877929688,2026-08-19T10:17:40+00:00
ASAHISONG,357.29998779296875,2026-08-19T10:17:40+00:00
ASAL,496.25,2026-08-19T10:17:40+00:00
ASALCBR,718.1500244140625,2026-08-19T10:17:40+00:00
ASHAPURMIN,589.6500244140625,2026-08-19T10:17:40+00:00
ASHIANA,368.25,2026-08-19T10:17:40+00:00
ASHIKAG,428.70001220703125,2026-08-19T10:17:40+00:00
ASHIMASYN,17.489999771118164,2026-08-19T10:17:40+00:00
ASHOKA,111.5999984741211,2026-08-19T10:17:40+00:00
ASHOKAMET,13.390000343322754,2026-08-19T10:17:40+00:00
ASHOKLEY,173.10000610351562,2026-08-19T10:17:40+00:00
ASIANENE,478.75,2026-08-19T10:17:40+00:00
ASIANHOTNR,297.79998779296875,2026-08-19T10:17:40+00:00
ASIANPAINT,2630.800048828125,2026-08-19T10:17:40+00:00
ASIANTILES,46.040000915527344,2026-08-19T10:17:40+00:00
ASKAUTOLTD,646.3499755859375,2026-08-19T10:17:40+00:00
ASMS,7.03000020980835,2026-08-19T10:17:40+00:00
ASPINWALL,235.41000366210938,2026-08-19T10:17:40+00:00
ASTAR,583.0499877929688,2026-08-19T10:17:40+00:00
ASTEC,603.7999877929688,2026-08-19T10:17:40+00:00
ASTERDM,800.2000122070312,2026-08-19T10:17:40+00:00
ASTRAL,1544.9000244140625,2026-08-19T10:17:40+00:00
ASTRAMICRO,1701.0999755859375,2026-08-19T10:17:40+00:00
ASTRAZEN,7500.5,2026-08-19T10:17:40+00:00
ASTRON,3.180000066757202,2026-08-19T10:17:40+00:00
ATALREAL,33.18000030517578,2026-08-19T10:17:40+00:00
ATAM,59.36000061035156,2026-08-19T10:17:40+00:00
ATGL,664.25,2026-08-19T10:17:40+00:00
ATHERENERG,1438.199951171875,2026-08-19T10:17:40+00:00
ATL,23.479999542236328,2026-08-19T10:17:40+00:00
ATLANTAA,38.95000076293945,2026-08-19T10:17:40+00:00
ATLANTAELE,1716.5,2026-08-19T10:17:40+00:00
ATLASCYCLE,97.0,2026-08-19T10:17:40+00:00
ATUL,6596.0,2026-08-19T10:17:40+00:00
ATULAUTO,489.1000061035156,2026-08-19T10:17:40+00:00
AUBANK,1075.0,2026-08-19T10:17:40+00:00
AURIONPRO,684.4500122070312,2026-08-19T10:17:40+00:00
AUROPHARMA,1624.5,2026-08-19T10:17:40+00:00
AURUM,229.72999572753906,2026-08-19T10:17:40+00:00
AURUS,4.659999847412109,2026-08-19T10:17:40+00:00
AUSOMENT,146.39999389648438,2026-08-19T10:17:40+00:00
AUTOAXLES,1759.699951171875,2026-08-19T10:17:40+00:00
AUTOIND,85.04000091552734,2026-08-19T10:17:40+00:00
AVADHSUGAR,743.9000244140625,2026-08-19T10:17:40+00:00
AVALON,2245.60009765625,2026-08-19T10:17:40+00:00
AVANTEL,163.86000061035156,2026-08-19T10:17:40+00:00
AVANTIFEED,860.5999755859375,2026-08-19T10:17:40+00:00
AVG,196.22999572753906,2026-08-19T10:17:40+00:00
AVL,605.5,2026-08-19T10:17:40+00:00
AVONMORE,13.029999732971191,2026-08-19T10:17:40+00:00
AVROIND,9.539999961853027,2026-08-19T10:17:40+00:00
AVTNPL,86.58999633789062,2026-08-19T10:17:40+00:00
AWFIS,266.45001220703125,2026-08-19T10:17:40+00:00
AWHCL,381.6000061035156,2026-08-19T10:17:40+00:00
AWL,188.72000122070312,2026-08-19T10:17:40+00:00
AXISBANK,1235.0,2026-08-19T10:17:40+00:00
AXISCADES,1592.800048828125,2026-08-19T10:17:40+00:00
AXITA,7.269999980926514,2026-08-19T10:17:40+00:00
AYE,170.33999633789062,2026-08-19T10:17:40+00:00
AYMSYNTEX,265.20001220703125,2026-08-19T10:17:40+00:00
AZAD,2828.39990234375,2026-08-19T10:17:40+00:00
BAFNAPH,242.5500030517578,2026-08-19T10:17:40+00:00
BAGFILMS,4.429999828338623,2026-08-19T10:17:40+00:00
BAIDFIN,9.6899995803833,2026-08-19T10:17:40+00:00
BAJAJ-AUTO,11645.0,2026-08-19T10:17:40+00:00
BAJAJCON,500.70001220703125,2026-08-19T10:17:40+00:00
BAJAJELEC,353.54998779296875,2026-08-19T10:17:40+00:00
BAJAJFINSV,2012.0,2026-08-19T10:17:40+00:00
BAJAJHCARE,319.25,2026-08-19T10:17:40+00:00
BAJAJHFL,85.01000213623047,2026-08-19T10:17:40+00:00
BAJAJHIND,20.3799991607666,2026-08-19T10:17:40+00:00
BAJAJHLDNG,11380.0,2026-08-19T10:17:40+00:00
BAJAJINDEF,215.0399932861328,2026-08-19T10:17:40+00:00
BAJAJST,355.95001220703125,2026-08-19T10:17:40+00:00
BAJEL,180.22000122070312,2026-08-19T10:17:40+00:00
BAJFINANCE,1080.199951171875,2026-08-19T10:17:40+00:00
BALAJEE,26.260000228881836,2026-08-19T10:17:40+00:00
BALAJITELE,91.45999908447266,2026-08-19T10:17:40+00:00
BALAMINES,2092.699951171875,2026-08-19T10:17:40+00:00
BALAXI,23.790000915527344,2026-08-19T10:17:40+00:00
BALKRISHNA,17.229999542236328,2026-08-19T10:17:40+00:00
BALKRISIND,2366.39990234375,2026-08-19T10:17:40+00:00
BALMLAWRIE,173.61000061035156,2026-08-19T10:17:40+00:00
BALPHARMA,84.81999969482422,2026-08-19T10:17:40+00:00
BALRAMCHIN,650.7999877929688,2026-08-19T10:17:40+00:00
BALUFORGE,537.5,2026-08-19T10:17:40+00:00
BANARBEADS,112.41000366210938,2026-08-19T10:17:40+00:00
BANARISUG,3617.39990234375,2026-08-19T10:17:40+00:00
BANCOINDIA,622.75,2026-08-19T10:17:40+00:00
BANDHANBNK,169.1999969482422,2026-08-19T10:17:40+00:00
BANG,29.059999465942383,2026-08-19T10:17:40+00:00
BANKA,78.4000015258789,2026-08-19T10:17:40+00:00
BANKBARODA,245.0,2026-08-19T10:17:40+00:00
BANKINDIA,141.6999969482422,2026-08-19T10:17:40+00:00
BANSALWIRE,322.8500061035156,2026-08-19T10:17:40+00:00
BANSWRAS,115.44999694824219,2026-08-19T10:17:40+00:00
BASF,3930.0,2026-08-19T10:17:40+00:00
BASML,24.760000228881836,2026-08-19T10:17:40+00:00
BATAINDIA,721.2999877929688,2026-08-19T10:17:40+00:00
BATLIBOI,85.52999877929688,2026-08-19T10:17:40+00:00
BAYERCROP,4069.89990234375,2026-08-19T10:17:40+00:00
BBL,2304.39990234375,2026-08-19T10:17:40+00:00
BBOX,767.75,2026-08-19T10:17:40+00:00
BBTC,1445.0,2026-08-19T10:17:40+00:00
BBTCL,246.0399932861328,2026-08-19T10:17:40+00:00
BCG,9.149999618530273,2026-08-19T10:17:40+00:00
BCLIND,35.81999969482422,2026-08-19T10:17:40+00:00
BCONCEPTS,159.6999969482422,2026-08-19T10:17:40+00:00
BCPL,69.5199966430664,2026-08-19T10:17:40+00:00
BDL,1349.0,2026-08-19T10:17:40+00:00
BEARDSELL,25.049999237060547,2026-08-19T10:17:40+00:00
BECTORFOOD,263.32000732421875,2026-08-19T10:17:40+00:00
BEDMUTHA,112.05000305175781,2026-08-19T10:17:40+00:00
BEEKAY,427.29998779296875,2026-08-19T10:17:40+00:00
BEL,409.20001220703125,2026-08-19T10:17:40+00:00
BELLACASA,223.97999572753906,2026-08-19T10:17:40+00:00
BELRISE,233.00999450683594,2026-08-19T10:17:40+00:00
BEML,1966.9000244140625,2026-08-19T10:17:40+00:00
BENGALASM,6201.5,2026-08-19T10:17:40+00:00
BEPL,119.05000305175781,2026-08-19T10:17:40+00:00
BERGEPAINT,535.9000244140625,2026-08-19T10:17:40+00:00
BESTAGRO,18.309999465942383,2026-08-19T10:17:40+00:00
BETA,2399.199951171875,2026-08-19T10:17:40+00:00
BFINVEST,447.1499938964844,2026-08-19T10:17:40+00:00
BFUTILITIE,530.6500244140625,2026-08-19T10:17:40+00:00
BGRENERGY,246.5500030517578,2026-08-19T10:17:40+00:00
BHAGCHEM,287.3999938964844,2026-08-19T10:17:40+00:00
BHAGERIA,204.39999389648438,2026-08-19T10:17:40+00:00
BHAGYANGR,382.3999938964844,2026-08-19T10:17:40+00:00
BHANDARI,3.0399999618530273,2026-08-19T10:17:40+00:00
BHARATCOAL,32.939998626708984,2026-08-19T10:17:40+00:00
BHARATFORG,2069.0,2026-08-19T10:17:40+00:00
BHARATGEAR,101.95999908447266,2026-08-19T10:17:40+00:00
BHARATRAS,1278.4000244140625,2026-08-19T10:17:40+00:00
BHARATSE,227.19000244140625,2026-08-19T10:17:40+00:00
BHARATWIRE,186.3300018310547,2026-08-19T10:17:40+00:00
BHARTIARTL,1922.0,2026-08-19T10:17:40+00:00
BHARTIHEXA,1596.300048828125,2026-08-19T10:17:40+00:00
BHEL,419.79998779296875,2026-08-19T10:17:40+00:00
BI,91.66000366210938,2026-08-19T10:17:40+00:00
BIGBLOC,43.38999938964844,2026-08-19T10:17:40+00:00
BIKAJI,609.1500244140625,2026-08-19T10:17:40+00:00
BIL,842.5999755859375,2026-08-19T10:17:40+00:00
BILVYAPAR,4.099999904632568,2026-08-19T10:17:40+00:00
BIMETAL,624.5499877929688,2026-08-19T10:17:40+00:00
BIOCON,412.75,2026-08-19T10:17:40+00:00
BIOFILCHEM,30.90999984741211,2026-08-19T10:17:40+00:00
BIRLACABLE,284.7699890136719,2026-08-19T10:17:40+00:00
BIRLACORPN,884.9000244140625,2026-08-19T10:17:40+00:00
BIRLAMONEY,127.43000030517578,2026-08-19T10:17:40+00:00
BIRLANU,1560.5,2026-08-19T10:17:40+00:00
BIRLAPREC,36.630001068115234,2026-08-19T10:17:40+00:00
BLACKBUCK,616.3499755859375,2026-08-19T10:17:40+00:00
BLACKROSE,110.87999725341797,2026-08-19T10:17:40+00:00
BLAL,168.4499969482422,2026-08-19T10:17:40+00:00
BLBLIMITED,16.15999984741211,2026-08-19T10:17:40+00:00
BLIL,71.13999938964844,2026-08-19T10:17:40+00:00
BLISSGVS,573.7999877929688,2026-08-19T10:17:40+00:00
BLKASHYAP,52.040000915527344,2026-08-19T10:17:40+00:00
BLS,271.3699951171875,2026-08-19T10:17:40+00:00
BLSE,314.1000061035156,2026-08-19T10:17:40+00:00
BLUECHIP,1.899999976158142,2026-08-19T10:17:40+00:00
BLUECOAST,24.299999237060547,2026-08-19T10:17:40+00:00
BLUEDART,5067.0,2026-08-19T10:17:40+00:00
BLUEJET,592.2999877929688,2026-08-19T10:17:40+00:00
BLUESTARCO,1493.199951171875,2026-08-19T10:17:40+00:00
BLUESTONE,816.2000122070312,2026-08-19T10:17:40+00:00
BLUSPRING,119.86000061035156,2026-08-19T10:17:40+00:00
BMWVENTLTD,57.18000030517578,2026-08-19T10:17:40+00:00
BNAGROCHEM,238.75,2026-08-19T10:17:40+00:00
BNALTD,414.3999938964844,2026-08-19T10:17:40+00:00
BODALCHEM,71.75,2026-08-19T10:17:40+00:00
BOHRAIND,14.739999771118164,2026-08-19T10:17:40+00:00
BOMDYEING,111.56999969482422,2026-08-19T10:17:40+00:00
BONLON,41.540000915527344,2026-08-19T10:17:40+00:00
BORANA,309.1499938964844,2026-08-19T10:17:40+00:00
BOROLTD,248.11000061035156,2026-08-19T10:17:40+00:00
BORORENEW,549.7000122070312,2026-08-19T10:17:40+00:00
BOROSCI,128.9600067138672,2026-08-19T10:17:40+00:00
BOSCH-HCIL,1762.5999755859375,2026-08-19T10:17:40+00:00
BOSCHLTD,48460.0,2026-08-19T10:17:40+00:00
BPCL,307.0,2026-08-19T10:17:40+00:00
BPL,50.33000183105469,2026-08-19T10:17:40+00:00
BRIGADE,587.7000122070312,2026-08-19T10:17:40+00:00
BRIGHOTEL,60.650001525878906,2026-08-19T10:17:40+00:00
BRITANNIA,5453.0,2026-08-19T10:17:40+00:00
BRNL,17.450000762939453,2026-08-19T10:17:40+00:00
BROOKS,59.08000183105469,2026-08-19T10:17:40+00:00
BSE,3352.0,2026-08-19T10:17:40+00:00
BSHSL,88.72000122070312,2026-08-19T10:17:40+00:00
BSL,121.2300033569336,2026-08-19T10:17:40+00:00
BSOFT,305.8999938964844,2026-08-19T10:17:40+00:00
BTML,8.720000267028809,2026-08-19T10:17:40+00:00
BTTL,43.119998931884766,2026-08-19T10:17:40+00:00
BUILDPRO,1273.0,2026-08-19T10:17:40+00:00
BURNPUR,15.720000267028809,2026-08-19T10:17:40+00:00
BUTTERFLY,654.5,2026-08-19T10:17:40+00:00
BVCL,40.40999984741211,2026-08-19T10:17:40+00:00
BYKE,31.5,2026-08-19T10:17:40+00:00
CALSOFT,28.469999313354492,2026-08-19T10:17:40+00:00
CAMLINFINE,106.1500015258789,2026-08-19T10:17:40+00:00
CAMPUS,222.5399932861328,2026-08-19T10:17:40+00:00
CAMS,754.2999877929688,2026-08-19T10:17:40+00:00
CANBK,129.0800018310547,2026-08-19T10:17:40+00:00
CANFINHOME,817.6500244140625,2026-08-19T10:17:40+00:00
CANHLIFE,151.6300048828125,2026-08-19T10:17:40+00:00
CANTABIL,232.1199951171875,2026-08-19T10:17:40+00:00
CAPACITE,205.52999877929688,2026-08-19T10:17:40+00:00
CAPILLARY,510.1499938964844,2026-08-19T10:17:40+00:00
CAPITALSFB,287.6000061035156,2026-08-19T10:17:40+00:00
CAPLIPOINT,2571.0,2026-08-19T10:17:40+00:00
CAPTRUST,20.489999771118164,2026-08-19T10:17:40+00:00
CARBORUNIV,1087.199951171875,2026-08-19T10:17:40+00:00
CARERATING,1706.699951171875,2026-08-19T10:17:40+00:00
CARRARO,518.8499755859375,2026-08-19T10:17:40+00:00
CARTRADE,2783.5,2026-08-19T10:17:40+00:00
CARYSIL,1181.9000244140625,2026-08-19T10:17:40+00:00
CASTROLIND,188.75,2026-08-19T10:17:40+00:00
CCAVENUE,14.890000343322754,2026-08-19T10:17:40+00:00
CCCL,15.15999984741211,2026-08-19T10:17:40+00:00
CCHHL,12.34000015258789,2026-08-19T10:17:40+00:00
CCL,1124.5999755859375,2026-08-19T10:17:40+00:00
CDSL,1329.0,2026-08-19T10:17:40+00:00
CEATLTD,3534.800048828125,2026-08-19T10:17:40+00:00
CEIGALL,313.6499938964844,2026-08-19T10:17:40+00:00
CEINSYS,763.7000122070312,2026-08-19T10:17:40+00:00
CELEBRITY,6.860000133514404,2026-08-19T10:17:40+00:00
CELLO,358.79998779296875,2026-08-19T10:17:40+00:00
CEMPRO,1265.699951171875,2026-08-19T10:17:40+00:00
CENTENKA,569.9000244140625,2026-08-19T10:17:40+00:00
CENTEXT,22.079999923706055,2026-08-19T10:17:40+00:00
CENTRALBK,30.90999984741211,2026-08-19T10:17:40+00:00
CENTRUM,23.899999618530273,2026-08-19T10:17:40+00:00
CENTUM,3368.89990234375,2026-08-19T10:17:40+00:00
CENTURYPLY,747.0,2026-08-19T10:17:40+00:00
CERA,5691.5,2026-08-19T10:17:40+00:00
CEREBRAINT,2.700000047683716,2026-08-19T10:17:40+00:00
CESC,159.66000366210938,2026-08-19T10:17:40+00:00
CEWATER,275.70001220703125,2026-08-19T10:17:40+00:00
CGCL,226.22999572753906,2026-08-19T10:17:40+00:00
CGPOWER,863.0499877929688,2026-08-19T10:17:40+00:00
CHALET,848.0499877929688,2026-08-19T10:17:40+00:00
CHAMBLFERT,434.8500061035156,2026-08-19T10:17:40+00:00
CHEMBOND,166.0,2026-08-19T10:17:40+00:00
CHEMBONDCH,269.7799987792969,2026-08-19T10:17:40+00:00
CHEMCON,187.8000030517578,2026-08-19T10:17:40+00:00
CHEMFAB,372.54998779296875,2026-08-19T10:17:40+00:00
CHEMPLASTS,179.67999267578125,2026-08-19T10:17:40+00:00
CHENNPETRO,1440.300048828125,2026-08-19T10:17:40+00:00
CHEVIOT,1141.0999755859375,2026-08-19T10:17:40+00:00
CHOICEIN,800.4500122070312,2026-08-19T10:17:40+00:00
CHOLAFIN,1873.5,2026-08-19T10:17:40+00:00
CHOLAHLDNG,1557.300048828125,2026-08-19T10:17:40+00:00
CIEINDIA,406.6499938964844,2026-08-19T10:17:40+00:00
CIFL,20.399999618530273,2026-08-19T10:17:40+00:00
CINELINE,87.33000183105469,2026-08-19T10:17:40+00:00
CINEVISTA,14.069999694824219,2026-08-19T10:17:40+00:00
CIPLA,1422.0,2026-08-19T10:17:40+00:00
CLCIND,49.02000045776367,2026-08-19T10:17:40+00:00
CLEAN,819.2999877929688,2026-08-19T10:17:40+00:00
CLEANMAX,1243.800048828125,2026-08-19T10:17:40+00:00
CLEDUCATE,60.33000183105469,2026-08-19T10:17:40+00:00
CLSEL,279.20001220703125,2026-08-19T10:17:40+00:00
CMLL,514.5,2026-08-19T10:17:40+00:00
CMPDI,238.13999938964844,2026-08-19T10:17:40+00:00
CMRGREEN,213.0800018310547,2026-08-19T10:17:40+00:00
CMSINFO,246.0,2026-08-19T10:17:40+00:00
CNL,1226.3499755859375,2026-08-19T10:17:40+00:00
COALINDIA,400.0,2026-08-19T10:17:40+00:00
COASTCORP,42.040000915527344,2026-08-19T10:17:40+00:00
COCHINSHIP,1485.0,2026-08-19T10:17:40+00:00
COCKERILL,8010.5,2026-08-19T10:17:40+00:00
COFFEEDAY,29.350000381469727,2026-08-19T10:17:40+00:00
COFORGE,1813.0999755859375,2026-08-19T10:17:40+00:00
COHANCE,446.8500061035156,2026-08-19T10:17:40+00:00
COLPAL,1879.5999755859375,2026-08-19T10:17:40+00:00
COMFINTE,6.570000171661377,2026-08-19T10:17:40+00:00
COMPINFO,1.0399999618530273,2026-08-19T10:17:40+00:00
COMPUSOFT,13.869999885559082,2026-08-19T10:17:40+00:00
COMSYN,280.54998779296875,2026-08-19T10:17:40+00:00
CONCOR,514.3499755859375,2026-08-19T10:17:40+00:00
CONCORDBIO,1587.5,2026-08-19T10:17:40+00:00
CONFIPET,72.48999786376953,2026-08-19T10:17:40+00:00
CONSOFINVT,282.45001220703125,2026-08-19T10:17:40+00:00
CONTROLPR,570.0999755859375,2026-08-19T10:17:40+00:00
CORALFINAC,33.81999969482422,2026-08-19T10:17:40+00:00
CORDELIA,825.25,2026-08-19T10:17:40+00:00
CORDSCABLE,235.97999572753906,2026-08-19T10:17:40+00:00
COROMANDEL,2038.0999755859375,2026-08-19T10:17:40+00:00
CORONA,2121.39990234375,2026-08-19T10:17:40+00:00
COSMOFIRST,930.7000122070312,2026-08-19T10:17:40+00:00
COUNCODOS,6.989999771118164,2026-08-19T10:17:40+00:00
CPCAP,123.45999908447266,2026-08-19T10:17:40+00:00
CPEDU,205.47000122070312,2026-08-19T10:17:40+00:00
CPL,68.05999755859375,2026-08-19T10:17:40+00:00
CPPLUS,3303.5,2026-08-19T10:17:40+00:00
CRAFTSMAN,10779.0,2026-08-19T10:17:40+00:00
CRAMC,250.75,2026-08-19T10:17:40+00:00
CREATIVEYE,6.150000095367432,2026-08-19T10:17:40+00:00
CREDITACC,1519.4000244140625,2026-08-19T10:17:40+00:00
CREST,363.8500061035156,2026-08-19T10:17:40+00:00
CRISIL,4499.39990234375,2026-08-19T10:17:40+00:00
CRIZAC,171.6199951171875,2026-08-19T10:17:40+00:00
CROMPTON,245.5,2026-08-19T10:17:40+00:00
CROWN,103.68000030517578,2026-08-19T10:17:40+00:00
CSBBANK,314.6000061035156,2026-08-19T10:17:40+00:00
CSLFINANCE,223.47000122070312,2026-08-19T10:17:40+00:00
CSM,99.25,2026-08-19T10:17:40+00:00
CTE,44.939998626708984,2026-08-19T10:17:40+00:00
CUB,221.02999877929688,2026-08-19T10:17:40+00:00
CUBEXTUB,78.05999755859375,2026-08-19T10:17:40+00:00
CUMMINSIND,5220.0,2026-08-19T10:17:40+00:00
CUPID,284.55999755859375,2026-08-19T10:17:40+00:00
CURAA,72.0,2026-08-19T10:17:40+00:00
CYBERMEDIA,16.700000762939453,2026-08-19T10:17:40+00:00
CYBERTECH,135.5399932861328,2026-08-19T10:17:40+00:00
CYIENT,894.5,2026-08-19T10:17:40+00:00
CYIENTDLM,715.5999755859375,2026-08-19T10:17:40+00:00
DABUR,399.75,2026-08-19T10:17:40+00:00
DAICHI,322.0,2026-08-19T10:17:40+00:00
DALBHARAT,1875.0,2026-08-19T10:17:40+00:00
DALMIASUG,475.54998779296875,2026-08-19T10:17:40+00:00
DAMCAPITAL,144.85000610351562,2026-08-19T10:17:40+00:00
DAMODARIND,27.600000381469727,2026-08-19T10:17:40+00:00
DANGEE,2.869999885559082,2026-08-19T10:17:40+00:00
DATAMATICS,817.0999755859375,2026-08-19T10:17:40+00:00
DATAPATTNS,4774.2001953125,2026-08-19T10:17:40+00:00
DAVANGERE,2.990000009536743,2026-08-19T10:17:40+00:00
DBCORP,207.4199981689453,2026-08-19T10:17:40+00:00
DBEIL,6.739999771118164,2026-08-19T10:17:40+00:00
DBL,416.20001220703125,2026-08-19T10:17:40+00:00
DBOL,129.25999450683594,2026-08-19T10:17:40+00:00
DBREALTY,101.79000091552734,2026-08-19T10:17:40+00:00
DBSTOCKBRO,32.47999954223633,2026-08-19T10:17:40+00:00
DCAL,172.39999389648438,2026-08-19T10:17:40+00:00
DCBBANK,181.80999755859375,2026-08-19T10:17:40+00:00
DCI,366.8500061035156,2026-08-19T10:17:40+00:00
DCM,81.0999984741211,2026-08-19T10:17:40+00:00
DCMFINSERV,5.5,2026-08-19T10:17:40+00:00
DCMNVL,175.88999938964844,2026-08-19T10:17:40+00:00
DCMSHRIRAM,1049.4000244140625,2026-08-19T10:17:40+00:00
DCMSIL,74.58000183105469,2026-08-19T10:17:40+00:00
DCMSRIND,49.88999938964844,2026-08-19T10:17:40+00:00
DCW,43.2599983215332,2026-08-19T10:17:40+00:00
DCXINDIA,174.6699981689453,2026-08-19T10:17:40+00:00
DDEVPLSTIK,280.20001220703125,2026-08-19T10:17:40+00:00
DECCANCE,549.9000244140625,2026-08-19T10:17:40+00:00
DECNGOLD,233.2100067138672,2026-08-19T10:17:40+00:00
DEEDEV,644.5999755859375,2026-08-19T10:17:40+00:00
DEEPAKFERT,1476.199951171875,2026-08-19T10:17:40+00:00
DEEPAKNTR,1768.300048828125,2026-08-19T10:17:40+00:00
DEEPINDS,667.3499755859375,2026-08-19T10:17:40+00:00
DELHIVERY,450.0,2026-08-19T10:17:40+00:00
DELPHIFX,6.630000114440918,2026-08-19T10:17:40+00:00
DELTACORP,59.68000030517578,2026-08-19T10:17:40+00:00
DELTAMAGNT,57.279998779296875,2026-08-19T10:17:40+00:00
DEN,27.3799991607666,2026-08-19T10:17:40+00:00
DENORA,835.6500244140625,2026-08-19T10:17:40+00:00
DENTA,289.0,2026-08-19T10:17:40+00:00
DEVIT,24.969999313354492,2026-08-19T10:17:40+00:00
DEVX,33.959999084472656,2026-08-19T10:17:40+00:00
DEVYANI,142.89999389648438,2026-08-19T10:17:40+00:00
DGCONTENT,23.799999237060547,2026-08-19T10:17:40+00:00
DHAMPURSUG,176.17999267578125,2026-08-19T10:17:40+00:00
DHANBANK,32.220001220703125,2026-08-19T10:17:40+00:00
DHANUKA,994.0999755859375,2026-08-19T10:17:40+00:00
DHARAN,0.15000000596046448,2026-08-19T10:17:40+00:00
DHARMAJ,269.20001220703125,2026-08-19T10:17:40+00:00
DHRUV,25.6200008392334,2026-08-19T10:17:40+00:00
DHUNINV,955.4500122070312,2026-08-19T10:17:40+00:00
DIACABS,359.3999938964844,2026-08-19T10:17:40+00:00
DIAMINESQ,238.97999572753906,2026-08-19T10:17:40+00:00
DIAMONDYD,1179.199951171875,2026-08-19T10:17:40+00:00
DICIND,576.9000244140625,2026-08-19T10:17:40+00:00
DIFFNKG,406.20001220703125,2026-08-19T10:17:40+00:00
DIGIDRIVE,17.209999084472656,2026-08-19T10:17:40+00:00
DIGISPICE,17.020000457763672,2026-08-19T10:17:40+00:00
DIGITIDE,94.69000244140625,2026-08-19T10:17:40+00:00
DIGJAMLMTD,51.29999923706055,2026-08-19T10:17:40+00:00
DISAQ,11803.0,2026-08-19T10:17:40+00:00
DISHTV,2.7799999713897705,2026-08-19T10:17:40+00:00
DIVGIITTS,1267.4000244140625,2026-08-19T10:17:40+00:00
DIVISLAB,8560.0,2026-08-19T10:17:40+00:00
DIXON,14462.0,2026-08-19T10:17:40+00:00
DJML,104.91999816894531,2026-08-19T10:17:40+00:00
DLF,669.9000244140625,2026-08-19T10:17:40+00:00
DLINKINDIA,445.75,2026-08-19T10:17:40+00:00
DMART,3965.0,2026-08-19T10:17:40+00:00
DMCC,291.1000061035156,2026-08-19T10:17:40+00:00
DNAMEDIA,2.490000009536743,2026-08-19T10:17:40+00:00
DODLA,1102.0,2026-08-19T10:17:40+00:00
DOLATALGO,75.12999725341797,2026-08-19T10:17:40+00:00
DOLLAR,268.0,2026-08-19T10:17:40+00:00
DOLPHIN,619.25,2026-08-19T10:17:40+00:00
DOMS,2193.10009765625,2026-08-19T10:17:40+00:00
DONEAR,88.5999984741211,2026-08-19T10:17:40+00:00
DPABHUSHAN,1467.9000244140625,2026-08-19T10:17:40+00:00
DPSCLTD,7.139999866485596,2026-08-19T10:17:40+00:00
DPWIRES,160.07000732421875,2026-08-19T10:17:40+00:00
DRAGARWQ,5327.5,2026-08-19T10:17:40+00:00
DRCSYSTEMS,12.829999923706055,2026-08-19T10:17:40+00:00
DREAMFOLKS,65.3499984741211,2026-08-19T10:17:40+00:00
DREDGECORP,1189.199951171875,2026-08-19T10:17:40+00:00
DRREDDY,1170.0,2026-08-19T10:17:40+00:00
DSFCL,26.530000686645508,2026-08-19T10:17:40+00:00
DSKULKARNI,15.380000114440918,2026-08-19T10:17:40+00:00
DSSL,1116.300048828125,2026-08-19T10:17:40+00:00
DTIL,134.8800048828125,2026-08-19T10:17:40+00:00
DUCON,3.4000000953674316,2026-08-19T10:17:40+00:00
DVL,263.8299865722656,2026-08-19T10:17:40+00:00
DWARKESH,48.279998779296875,2026-08-19T10:17:40+00:00
DYCL,445.95001220703125,2026-08-19T10:17:40+00:00
DYNAMATECH,11735.0,2026-08-19T10:17:40+00:00
DYNPRO,226.4499969482422,2026-08-19T10:17:40+00:00
E2E,631.3499755859375,2026-08-19T10:17:40+00:00
EASEMYTRIP,6.110000133514404,2026-08-19T10:17:40+00:00
EASTSILK,61.900001525878906,2026-08-19T10:17:40+00:00
EBGNG,588.4000244140625,2026-08-19T10:17:40+00:00
ECLERX,1832.9000244140625,2026-08-19T10:17:40+00:00
ECOSMOBLTY,112.44999694824219,2026-08-19T10:17:40+00:00
EDELWEISS,122.2699966430664,2026-08-19T10:17:40+00:00
EFCIL,184.88999938964844,2026-08-19T10:17:40+00:00
EICHERMOT,7990.5,2026-08-19T10:17:40+00:00
EIDPARRY,787.0499877929688,2026-08-19T10:17:40+00:00
EIEL,196.1199951171875,2026-08-19T10:17:40+00:00
EIFFL,256.29998779296875,2026-08-19T10:17:40+00:00
EIHAHOTELS,294.3999938964844,2026-08-19T10:17:40+00:00
EIHOTEL,297.6499938964844,2026-08-19T10:17:40+00:00
EIMCOELECO,2170.800048828125,2026-08-19T10:17:40+00:00
EKC,111.93000030517578,2026-08-19T10:17:40+00:00
ELANTAS,11600.5,2026-08-19T10:17:40+00:00
ELCIDIN,108465.0,2026-08-19T10:17:40+00:00
ELDEHSG,828.4500122070312,2026-08-19T10:17:40+00:00
ELECON,428.8500061035156,2026-08-19T10:17:40+00:00
ELECTCAST,71.76000213623047,2026-08-19T10:17:40+00:00
ELECTHERM,1033.9000244140625,2026-08-19T10:17:40+00:00
ELGIEQUIP,637.7999877929688,2026-08-19T10:17:40+00:00
ELGIRUBCO,57.04999923706055,2026-08-19T10:17:40+00:00
ELIN,99.6500015258789,2026-08-19T10:17:40+00:00
ELITECON,16.850000381469727,2026-08-19T10:17:40+00:00
ELLEN,328.5,2026-08-19T10:17:40+00:00
ELPROINTL,175.10000610351562,2026-08-19T10:17:40+00:00
EMAMILTD,400.6000061035156,2026-08-19T10:17:40+00:00
EMAMIPAP,113.7300033569336,2026-08-19T10:17:40+00:00
EMAMIREAL,71.05999755859375,2026-08-19T10:17:40+00:00
EMBDL,62.290000915527344,2026-08-19T10:17:40+00:00
EMCURE,1891.0,2026-08-19T10:17:40+00:00
EMIL,191.24000549316406,2026-08-19T10:17:40+00:00
EMKAY,240.19000244140625,2026-08-19T10:17:40+00:00
EMMBI,81.97000122070312,2026-08-19T10:17:40+00:00
EMMVEE,316.95001220703125,2026-08-19T10:17:40+00:00
EMPOWER,2.2300000190734863,2026-08-19T10:17:40+00:00
EMSLIMITED,394.95001220703125,2026-08-19T10:17:40+00:00
EMUDHRA,545.2000122070312,2026-08-19T10:17:40+00:00
ENDURANCE,2988.60009765625,2026-08-19T10:17:40+00:00
ENERGYDEV,16.450000762939453,2026-08-19T10:17:40+00:00
ENGINERSIN,236.89999389648438,2026-08-19T10:17:40+00:00
ENIL,101.48999786376953,2026-08-19T10:17:40+00:00
ENRIN,3483.0,2026-08-19T10:17:40+00:00
ENTERO,1386.800048828125,2026-08-19T10:17:40+00:00
EPACK,206.13999938964844,2026-08-19T10:17:40+00:00
EPACKPEB,223.0500030517578,2026-08-19T10:17:40+00:00
EPIGRAL,1082.199951171875,2026-08-19T10:17:40+00:00
EPL,250.8000030517578,2026-08-19T10:17:40+00:00
EQUIPPP,23.389999389648438,2026-08-19T10:17:40+00:00
EQUITASBNK,74.69000244140625,2026-08-19T10:17:40+00:00
ERIS,1348.300048828125,2026-08-19T10:17:40+00:00
ESABINDIA,6057.5,2026-08-19T10:17:40+00:00
ESAFSFB,41.91999816894531,2026-08-19T10:17:40+00:00
ESCORTS,3054.89990234375,2026-08-19T10:17:40+00:00
ESSARSHPNG,15.8100004196167,2026-08-19T10:17:40+00:00
ESSENTIA,1.2000000476837158,2026-08-19T10:17:40+00:00
ESTER,96.08000183105469,2026-08-19T10:17:40+00:00
ETERNAL,320.0,2026-08-19T10:17:40+00:00
ETHOSLTD,2899.89990234375,2026-08-19T10:17:40+00:00
EUREKAFORB,419.8500061035156,2026-08-19T10:17:40+00:00
EUROBOND,157.35000610351562,2026-08-19T10:17:40+00:00
EUROPRATIK,268.1499938964844,2026-08-19T10:17:40+00:00
EUROTEXIND,14.0,2026-08-19T10:17:40+00:00
EVEREADY,357.1499938964844,2026-08-19T10:17:40+00:00
EVERESTIND,427.70001220703125,2026-08-19T10:17:40+00:00
EXCELINDUS,1133.25,2026-08-19T10:17:40+00:00
EXCELSOFT,71.08999633789062,2026-08-19T10:17:40+00:00
EXICOM,155.7100067138672,2026-08-19T10:17:40+00:00
EXIDEIND,459.5,2026-08-19T10:17:40+00:00
EXPLEOSOL,887.0499877929688,2026-08-19T10:17:40+00:00
EXXARO,6.099999904632568,2026-08-19T10:17:40+00:00
FABTECH,145.47999572753906,2026-08-19T10:17:40+00:00
FACT,787.1500244140625,2026-08-19T10:17:40+00:00
FAIRCHEMOR,660.25,2026-08-19T10:17:40+00:00
FAZE3Q,488.95001220703125,2026-08-19T10:17:40+00:00
FCL,44.97999954223633,2026-08-19T10:17:40+00:00
FCSSOFT,1.4700000286102295,2026-08-19T10:17:40+00:00
FDC,344.70001220703125,2026-08-19T10:17:40+00:00
FEDDERSHOL,39.900001525878906,2026-08-19T10:17:40+00:00
FEDERALBNK,358.79998779296875,2026-08-19T10:17:40+00:00
FEDFINA,149.8000030517578,2026-08-19T10:17:40+00:00
FEL,0.4099999964237213,2026-08-19T10:17:40+00:00
FELDVR,2.319999933242798,2026-08-19T10:17:40+00:00
FERMENTA,456.1000061035156,2026-08-19T10:17:40+00:00
FIBERWEB,26.43000030517578,2026-08-19T10:17:40+00:00
FIEMIND,2241.0,2026-08-19T10:17:40+00:00
FILATEX,83.1500015258789,2026-08-19T10:17:40+00:00
FILATFASH,0.18000000715255737,2026-08-19T10:17:40+00:00
FINCABLES,1313.699951171875,2026-08-19T10:17:40+00:00
FINEORG,5130.10009765625,2026-08-19T10:17:40+00:00
FINKURVE,71.36000061035156,2026-08-19T10:17:40+00:00
FINOPB,147.02999877929688,2026-08-19T10:17:40+00:00
FINPIPE,158.25999450683594,2026-08-19T10:17:40+00:00
FIRSTCRY,196.5,2026-08-19T10:17:40+00:00
FISCHER,38.959999084472656,2026-08-19T10:17:40+00:00
FIVESTAR,521.25,2026-08-19T10:17:40+00:00
FLAIR,248.9499969482422,2026-08-19T10:17:40+00:00
FLEXITUFF,2.809999942779541,2026-08-19T10:17:40+00:00
FLFL,1.149999976158142,2026-08-19T10:17:40+00:00
FLUOROCHEM,4689.10009765625,2026-08-19T10:17:40+00:00
FMGOETZE,471.6499938964844,2026-08-19T10:17:40+00:00
FMNL,8.510000228881836,2026-08-19T10:17:40+00:00
FOCUS,67.62999725341797,2026-08-19T10:17:40+00:00
FOODSIN,53.86000061035156,2026-08-19T10:17:40+00:00
FORCEMOT,17837.0,2026-08-19T10:17:40+00:00
FORTIS,911.2999877929688,2026-08-19T10:17:40+00:00
FOSECOIND,5467.0,2026-08-19T10:17:40+00:00
FRACTAL,834.2000122070312,2026-08-19T10:17:40+00:00
FRONTSP,1281.4000244140625,2026-08-19T10:17:40+00:00
FSL,273.04998779296875,2026-08-19T10:17:40+00:00
FUSION,192.0800018310547,2026-08-19T10:17:40+00:00
GABRIEL,1438.5999755859375,2026-08-19T10:17:40+00:00
GAEL,173.8300018310547,2026-08-19T10:17:40+00:00
GAIL,172.5,2026-08-19T10:17:40+00:00
GALAPREC,1017.5999755859375,2026-08-19T10:17:40+00:00
GALAXYSURF,2361.300048828125,2026-08-19T10:17:40+00:00
GALLANTT,575.7000122070312,2026-08-19T10:17:40+00:00
GANDHAR,250.14999389648438,2026-08-19T10:17:40+00:00
GANDHITUBE,886.5999755859375,2026-08-19T10:17:40+00:00
GANECOS,1065.9000244140625,2026-08-19T10:17:40+00:00
GANESHBE,112.44000244140625,2026-08-19T10:17:40+00:00
GANESHCP,164.02000427246094,2026-08-19T10:17:40+00:00
GANESHHOU,825.9000244140625,2026-08-19T10:17:40+00:00
GANGAFORGE,2.259999990463257,2026-08-19T10:17:40+00:00
GANGESSECU,118.9800033569336,2026-08-19T10:17:40+00:00
GARFIBRES,759.8499755859375,2026-08-19T10:17:40+00:00
GARUDA,180.77999877929688,2026-08-19T10:17:40+00:00
GATECH,0.8299999833106995,2026-08-19T10:17:40+00:00
GATECHDVR,0.5099999904632568,2026-08-19T10:17:40+00:00
GATEWAY,54.43000030517578,2026-08-19T10:17:40+00:00
GAUDIUMIVF,116.0,2026-08-19T10:17:40+00:00
GAYAHWS,1.9299999475479126,2026-08-19T10:17:40+00:00
GAYAPROJ,21.59000015258789,2026-08-19T10:17:40+00:00
GCSL,521.7000122070312,2026-08-19T10:17:40+00:00
GEECEE,370.8500061035156,2026-08-19T10:17:40+00:00
GEEKAYWIRE,22.6200008392334,2026-08-19T10:17:40+00:00
GEMAROMA,175.5500030517578,2026-08-19T10:17:40+00:00
GENCON,38.38999938964844,2026-08-19T10:17:40+00:00
GENESYS,182.4499969482422,2026-08-19T10:17:40+00:00
GENESYS-RE,122.0,2026-08-19T10:17:40+00:00
GENSOL,19.170000076293945,2026-08-19T10:17:40+00:00
GENUSPAPER,11.430000305175781,2026-08-19T10:17:40+00:00
GENUSPOWER,309.29998779296875,2026-08-19T10:17:40+00:00
GEOJITFSL,80.01000213623047,2026-08-19T10:17:40+00:00
GESHIP,1315.5,2026-08-19T10:17:40+00:00
GFLLIMITED,56.7599983215332,2026-08-19T10:17:40+00:00
GHCL,438.70001220703125,2026-08-19T10:17:40+00:00
GHCLTEXTIL,126.4000015258789,2026-08-19T10:17:40+00:00
GICHSGFIN,137.25,2026-08-19T10:17:40+00:00
GICL,23.989999771118164,2026-08-19T10:17:40+00:00
GICRE,359.6000061035156,2026-08-19T10:17:40+00:00
GILLANDERS,89.05000305175781,2026-08-19T10:17:40+00:00
GILLETTE,7505.0,2026-08-19T10:17:40+00:00
GINNIFILA,44.41999816894531,2026-08-19T10:17:40+00:00
GIPCL,171.9600067138672,2026-08-19T10:17:40+00:00
GKENERGY,122.12999725341797,2026-08-19T10:17:40+00:00
GKSL,157.25,2026-08-19T10:17:40+00:00
GKWLIMITED,1604.0,2026-08-19T10:17:40+00:00
GLAND,2841.300048828125,2026-08-19T10:17:40+00:00
GLAXO,3032.39990234375,2026-08-19T10:17:40+00:00
GLENMARK,2246.5,2026-08-19T10:17:40+00:00
GLFL,5.820000171661377,2026-08-19T10:17:40+00:00
GLOBAL,107.58000183105469,2026-08-19T10:17:40+00:00
GLOBALE,11.449999809265137,2026-08-19T10:17:40+00:00
GLOBALVECT,149.02000427246094,2026-08-19T10:17:40+00:00
GLOBE,1.9900000095367432,2026-08-19T10:17:40+00:00
GLOBECIVIL,44.970001220703125,2026-08-19T10:17:40+00:00
GLOBUSSPR,905.2000122070312,2026-08-19T10:17:40+00:00
GLOSTERLTD,596.0,2026-08-19T10:17:40+00:00
GLOTTIS,65.38999938964844,2026-08-19T10:17:40+00:00
GMBREW,873.5,2026-08-19T10:17:40+00:00
GMDCLTD,557.75,2026-08-19T10:17:40+00:00
GMMPFAUDLR,1019.8499755859375,2026-08-19T10:17:40+00:00
GMRAIRPORT,102.5,2026-08-19T10:17:40+00:00
GMRP&UI,98.66999816894531,2026-08-19T10:17:40+00:00
GNA,577.1500244140625,2026-08-19T10:17:40+00:00
GNFC,602.2999877929688,2026-08-19T10:17:40+00:00
GNRL,105.4000015258789,2026-08-19T10:17:40+00:00
GOACARBON,355.6499938964844,2026-08-19T10:17:40+00:00
GOCLCORP,398.54998779296875,2026-08-19T10:17:40+00:00
GOCOLORS,333.6000061035156,2026-08-19T10:17:40+00:00
GODAVARIB,247.14999389648438,2026-08-19T10:17:40+00:00
GODFRYPHLP,2117.60009765625,2026-08-19T10:17:40+00:00
GODIGIT,252.0500030517578,2026-08-19T10:17:40+00:00
GODREJAGRO,573.3499755859375,2026-08-19T10:17:40+00:00
GODREJCP,930.0,2026-08-19T10:17:40+00:00
GODREJIND,1218.0,2026-08-19T10:17:40+00:00
GODREJPROP,2007.300048828125,2026-08-19T10:17:40+00:00
GOKEX,797.2000122070312,2026-08-19T10:17:40+00:00
GOKUL,40.119998931884766,2026-08-19T10:17:40+00:00
GOKULAGRO,243.02000427246094,2026-08-19T10:17:40+00:00
GOLDENTOBC,24.559999465942383,2026-08-19T10:17:40+00:00
GOLDIAM,363.70001220703125,2026-08-19T10:17:40+00:00
GOLDTECH,48.119998931884766,2026-08-19T10:17:40+00:00
GOODLUCK,1363.300048828125,2026-08-19T10:17:40+00:00
GOODYEAR,761.4000244140625,2026-08-19T10:17:40+00:00
GOPAL,288.45001220703125,2026-08-19T10:17:40+00:00
GOYALALUM,6.349999904632568,2026-08-19T10:17:40+00:00
GPIL,246.10000610351562,2026-08-19T10:17:40+00:00
GPPL,165.1300048828125,2026-08-19T10:17:40+00:00
GPTHEALTH,154.05999755859375,2026-08-19T10:17:40+00:00
GPTINFRA,113.02999877929688,2026-08-19T10:17:40+00:00
GRADIENTE,2.859999895095825,2026-08-19T10:17:40+00:00
GRANDOAK,37.810001373291016,2026-08-19T10:17:40+00:00
GRANULES,841.1500244140625,2026-08-19T10:17:40+00:00
GRAPHITE,717.5499877929688,2026-08-19T10:17:40+00:00
GRASIM,3270.0,2026-08-19T10:17:40+00:00
GRAUWEIL,66.58999633789062,2026-08-19T10:17:40+00:00
GRAVISSHO,28.719999313354492,2026-08-19T10:17:40+00:00
GRAVITA,1793.0999755859375,2026-08-19T10:17:40+00:00
GREAVESCOT,195.02999877929688,2026-08-19T10:17:40+00:00
GREENLAM,254.6999969482422,2026-08-19T10:17:40+00:00
GREENPANEL,160.66000366210938,2026-08-19T10:17:40+00:00
GREENPLY,283.8999938964844,2026-08-19T10:17:40+00:00
GREENPOWER,9.430000305175781,2026-08-19T10:17:40+00:00
GRINDWELL,2052.5,2026-08-19T10:17:40+00:00
GRINFRA,883.2999877929688,2026-08-19T10:17:40+00:00
GRMOVER,88.79000091552734,2026-08-19T10:17:40+00:00
GROBTEA,915.0,2026-08-19T10:17:40+00:00
GROWW,194.13999938964844,2026-08-19T10:17:40+00:00
GRPLTD,1985.4000244140625,2026-08-19T10:17:40+00:00
GRSE,2638.300048828125,2026-08-19T10:17:40+00:00
GRWRHITECH,7080.5,2026-08-19T10:17:40+00:00
GSFC,161.97999572753906,2026-08-19T10:17:40+00:00
GSLSU,36.61000061035156,2026-08-19T10:17:40+00:00
GSPCROP,594.0999755859375,2026-08-19T10:17:40+00:00
GSS,12.5,2026-08-19T10:17:40+00:00
GTECJAINX,29.0,2026-08-19T10:17:40+00:00
GTL,7.25,2026-08-19T10:17:40+00:00
GTLINFRA,1.2100000381469727,2026-08-19T10:17:40+00:00
GTPL,53.779998779296875,2026-08-19T10:17:40+00:00
GUFICBIO,421.75,2026-08-19T10:17:40+00:00
GUJALKALI,664.4500122070312,2026-08-19T10:17:40+00:00
GUJAPOLLO,365.04998779296875,2026-08-19T10:17:40+00:00
GUJENERGY,266.1000061035156,2026-08-19T10:17:40+00:00
GUJRAFFIA,40.65999984741211,2026-08-19T10:17:40+00:00
GUJTHEM,372.29998779296875,2026-08-19T10:17:40+00:00
GULFOILLUB,1153.699951171875,2026-08-19T10:17:40+00:00
GULFPETRO,64.61000061035156,2026-08-19T10:17:40+00:00
GULPOLY,182.17999267578125,2026-08-19T10:17:40+00:00
GVKPIL,2.319999933242798,2026-08-19T10:17:40+00:00
GVPIL,685.0,2026-08-19T10:17:40+00:00
GVPTECH,7.010000228881836,2026-08-19T10:17:40+00:00
GVT&D,4100.0,2026-08-19T10:17:40+00:00
GYFTR,151.89999389648438,2026-08-19T10:17:40+00:00
HAL,5017.0,2026-08-19T10:17:40+00:00
HALDER,290.7699890136719,2026-08-19T10:17:40+00:00
HALDYNGL,129.6699981689453,2026-08-19T10:17:40+00:00
HALEOSLABS,1456.4000244140625,2026-08-19T10:17:40+00:00
HAPPSTMNDS,410.3999938964844,2026-08-19T10:17:40+00:00
HAPPYFORGE,2307.89990234375,2026-08-19T10:17:40+00:00
HARDWYN,9.210000038146973,2026-08-19T10:17:40+00:00
HARIOMPIPE,348.0,2026-08-19T10:17:40+00:00
HARRMALAYA,192.52999877929688,2026-08-19T10:17:40+00:00
HARSHA,436.54998779296875,2026-08-19T10:17:40+00:00
HATHWAY,10.430000305175781,2026-08-19T10:17:40+00:00
HATSUN,930.2999877929688,2026-08-19T10:17:40+00:00
HAVELLS,1287.0,2026-08-19T10:17:40+00:00
HAVISHA,1.399999976158142,2026-08-19T10:17:40+00:00
HAWKINCOOK,8049.0,2026-08-19T10:17:40+00:00
HBESD,74.80000305175781,2026-08-19T10:17:40+00:00
HBLENGINE,671.8499755859375,2026-08-19T10:17:40+00:00
HBSL,55.08000183105469,2026-08-19T10:17:40+00:00
HCC,19.829999923706055,2026-08-19T10:17:40+00:00
HCG,745.25,2026-08-19T10:17:40+00:00
HCL-INSYS,11.260000228881836,2026-08-19T10:17:40+00:00
HCLTECH,1324.800048828125,2026-08-19T10:17:40+00:00
HDBFS,681.0999755859375,2026-08-19T10:17:40+00:00
HDFCAMC,2551.699951171875,2026-08-19T10:17:40+00:00
HDFCBANK,720.0,2026-08-19T10:17:40+00:00
HDFCLIFE,536.2999877929688,2026-08-19T10:17:40+00:00
HDIL,1.5199999809265137,2026-08-19T10:17:40+00:00
HEADSUP,6.78000020980835,2026-08-19T10:17:40+00:00
HEALTHX,313.70001220703125,2026-08-19T10:17:40+00:00
HECPROJECT,116.80000305175781,2026-08-19T10:17:40+00:00
HEG,708.0499877929688,2026-08-19T10:17:40+00:00
HEIDELBERG,158.10000610351562,2026-08-19T10:17:40+00:00
HEMIPROP,130.38999938964844,2026-08-19T10:17:40+00:00
HERANBA,162.99000549316406,2026-08-19T10:17:40+00:00
HERITGFOOD,360.0,2026-08-19T10:17:40+00:00
HEROMOTOCO,5709.5,2026-08-19T10:17:40+00:00
HESTERBIO,2412.300048828125,2026-08-19T10:17:40+00:00
HEXAGON,68.97000122070312,2026-08-19T10:17:40+00:00
HEXATRADEX,161.94000244140625,2026-08-19T10:17:40+00:00
HEXT,553.2999877929688,2026-08-19T10:17:40+00:00
HFCL,226.52999877929688,2026-08-19T10:17:40+00:00
HGINFRA,518.5499877929688,2026-08-19T10:17:40+00:00
HGM,44.0,2026-08-19T10:17:40+00:00
HGS,408.0,2026-08-19T10:17:40+00:00
HIKAL,214.11000061035156,2026-08-19T10:17:40+00:00
HILINFRA,45.68000030517578,2026-08-19T10:17:40+00:00
HILTON,20.200000762939453,2026-08-19T10:17:40+00:00
HIMATSEIDE,69.75,2026-08-19T10:17:40+00:00
HINDALCO,1038.949951171875,2026-08-19T10:17:40+00:00
HINDCOMPOS,407.29998779296875,2026-08-19T10:17:40+00:00
HINDCON,21.549999237060547,2026-08-19T10:17:40+00:00
HINDCOPPER,554.8499755859375,2026-08-19T10:17:40+00:00
HINDOILEXP,153.7100067138672,2026-08-19T10:17:40+00:00
HINDPETRO,366.45001220703125,2026-08-19T10:17:40+00:00
HINDUNILVR,2020.699951171875,2026-08-19T10:17:40+00:00
HINDWAREAP,199.19000244140625,2026-08-19T10:17:40+00:00
HINDZINC,557.0,2026-08-19T10:17:40+00:00
HIRECT,1263.800048828125,2026-08-19T10:17:40+00:00
HISARMETAL,152.0500030517578,2026-08-19T10:17:40+00:00
HITECH,77.05999755859375,2026-08-19T10:17:40+00:00
HITECHCORP,332.0,2026-08-19T10:17:40+00:00
HITECHGEAR,530.9000244140625,2026-08-19T10:17:40+00:00
HLEGLAS,315.95001220703125,2026-08-19T10:17:40+00:00
HLVLTD,6.630000114440918,2026-08-19T10:17:40+00:00
HMAAGRO,21.940000534057617,2026-08-19T10:17:40+00:00
HMT,61.369998931884766,2026-08-19T10:17:40+00:00
HMVL,95.05000305175781,2026-08-19T10:17:40+00:00
HNDFDS,643.25,2026-08-19T10:17:40+00:00
HOMEFIRST,1184.4000244140625,2026-08-19T10:17:40+00:00
HONASA,476.6000061035156,2026-08-19T10:17:40+00:00
HONAUT,36140.0,2026-08-19T10:17:40+00:00
HONDAPOWER,2082.39990234375,2026-08-19T10:17:40+00:00
HPAL,34.5099983215332,2026-08-19T10:17:40+00:00
HPIL,131.0399932861328,2026-08-19T10:17:40+00:00
HPL,310.79998779296875,2026-08-19T10:17:40+00:00
HSCL,750.25,2026-08-19T10:17:40+00:00
HTMEDIA,26.09000015258789,2026-08-19T10:17:40+00:00
HUBTOWN,180.1199951171875,2026-08-19T10:17:40+00:00
HUDCO,188.32000732421875,2026-08-19T10:17:40+00:00
HUHTAMAKI,268.04998779296875,2026-08-19T10:17:40+00:00
HYBRIDFIN,17.0,2026-08-19T10:17:40+00:00
HYUNDAI,2174.5,2026-08-19T10:17:40+00:00
IBULLSLTD,26.469999313354492,2026-08-19T10:17:40+00:00
ICDSLTD,40.0,2026-08-19T10:17:40+00:00
ICEMAKE,728.25,2026-08-19T10:17:40+00:00
ICICIAMC,3260.89990234375,2026-08-19T10:17:40+00:00
ICICIBANK,1402.0,2026-08-19T10:17:40+00:00
ICICIGI,1615.699951171875,2026-08-19T10:17:40+00:00
ICICIPRULI,499.5,2026-08-19T10:17:40+00:00
ICIL,443.79998779296875,2026-08-19T10:17:40+00:00
ICRA,4893.2998046875,2026-08-19T10:17:40+00:00
IDBI,80.72000122070312,2026-08-19T10:17:40+00:00
IDEA,14.069999694824219,2026-08-19T10:17:40+00:00
IDEAFORGE,825.2000122070312,2026-08-19T10:17:40+00:00
IDFCFIRSTB,85.48999786376953,2026-08-19T10:17:40+00:00
IEX,123.0,2026-08-19T10:17:40+00:00
IFBAGRO,992.0999755859375,2026-08-19T10:17:40+00:00
IFBIND,1398.4000244140625,2026-08-19T10:17:40+00:00
IFCI,81.68000030517578,2026-08-19T10:17:40+00:00
IFGLEXPOR,220.69000244140625,2026-08-19T10:17:40+00:00
IGARASHI,438.8999938964844,2026-08-19T10:17:40+00:00
IGCL,72.12999725341797,2026-08-19T10:17:40+00:00
IGIL,338.3999938964844,2026-08-19T10:17:40+00:00
IGL,152.63999938964844,2026-08-19T10:17:40+00:00
IGPL,476.3999938964844,2026-08-19T10:17:40+00:00
IIFL,630.8499755859375,2026-08-19T10:17:40+00:00
IIFLCAPS,334.04998779296875,2026-08-19T10:17:40+00:00
IITL,145.86000061035156,2026-08-19T10:17:40+00:00
IKIO,195.1699981689453,2026-08-19T10:17:40+00:00
IKS,1812.300048828125,2026-08-19T10:17:40+00:00
IL&FSENGG,37.540000915527344,2026-08-19T10:17:40+00:00
IL&FSTRANS,2.009999990463257,2026-08-19T10:17:40+00:00
IMAGICAA,48.52000045776367,2026-08-19T10:17:40+00:00
IMFA,1457.9000244140625,2026-08-19T10:17:40+00:00
IMPAL,1096.0,2026-08-19T10:17:40+00:00
IMPEXFERRO,3.7799999713897705,2026-08-19T10:17:40+00:00
INA,93.30999755859375,2026-08-19T10:17:40+00:00
INCREDIBLE,31.989999771118164,2026-08-19T10:17:40+00:00
INDBANK,31.579999923706055,2026-08-19T10:17:40+00:00
INDGN,565.5999755859375,2026-08-19T10:17:40+00:00
INDHOTEL,723.3499755859375,2026-08-19T10:17:40+00:00
INDIACEM,369.70001220703125,2026-08-19T10:17:40+00:00
INDIAGLYCO,1106.300048828125,2026-08-19T10:17:40+00:00
INDIAMART,1734.300048828125,2026-08-19T10:17:40+00:00
INDIANB,873.1500244140625,2026-08-19T10:17:40+00:00
INDIANCARD,214.0399932861328,2026-08-19T10:17:40+00:00
INDIANHUME,363.20001220703125,2026-08-19T10:17:40+00:00
INDIASHLTR,655.25,2026-08-19T10:17:40+00:00
INDIGO,5193.0,2026-08-19T10:17:40+00:00
INDIGOPNTS,1148.800048828125,2026-08-19T10:17:40+00:00
INDIQUBE,192.1699981689453,2026-08-19T10:17:40+00:00
INDNIPPON,1110.0999755859375,2026-08-19T10:17:40+00:00
INDOAMIN,124.8499984741211,2026-08-19T10:17:40+00:00
INDOBORAX,433.8500061035156,2026-08-19T10:17:40+00:00
INDOCO,217.19000244140625,2026-08-19T10:17:40+00:00
INDOFARM,137.16000366210938,2026-08-19T10:17:40+00:00
INDOMIM,967.9500122070312,2026-08-19T10:17:40+00:00
INDORAMA,56.290000915527344,2026-08-19T10:17:40+00:00
INDOSTAR,250.5500030517578,2026-08-19T10:17:40+00:00
INDOTECH,3709.800048828125,2026-08-19T10:17:40+00:00
INDOTHAI,66.0999984741211,2026-08-19T10:17:40+00:00
INDOUS,86.86000061035156,2026-08-19T10:17:40+00:00
INDOWIND,8.529999732971191,2026-08-19T10:17:40+00:00
INDPRUD,6175.0,2026-08-19T10:17:40+00:00
INDRAMEDCO,374.45001220703125,2026-08-19T10:17:40+00:00
INDSWFTLAB,322.05999755859375,2026-08-19T10:17:40+00:00
INDTERRAIN,30.549999237060547,2026-08-19T10:17:40+00:00
INDUSINDBK,1016.7000122070312,2026-08-19T10:17:40+00:00
INDUSTOWER,372.3999938964844,2026-08-19T10:17:40+00:00
INFOBEAN,157.75999450683594,2026-08-19T10:17:40+00:00
INFOMEDIA,5.090000152587891,2026-08-19T10:17:40+00:00
INFY,1119.800048828125,2026-08-19T10:17:40+00:00
INGERRAND,4641.39990234375,2026-08-19T10:17:40+00:00
INNOVACAP,1039.75,2026-08-19T10:17:40+00:00
INNOVANA,310.04998779296875,2026-08-19T10:17:40+00:00
INNOVISION,266.3500061035156,2026-08-19T10:17:40+00:00
INOXGREEN,175.88999938964844,2026-08-19T10:17:40+00:00
INOXINDIA,1930.300048828125,2026-08-19T10:17:40+00:00
INOXWIND,73.73999786376953,2026-08-19T10:17:40+00:00
INSECTICID,613.5499877929688,2026-08-19T10:17:40+00:00
INSPIRISYS,91.48999786376953,2026-08-19T10:17:40+00:00
INTELLECT,678.4500122070312,2026-08-19T10:17:40+00:00
INTENTECH,80.22000122070312,2026-08-19T10:17:40+00:00
INTERARCH,1703.4000244140625,2026-08-19T10:17:40+00:00
INTLCONV,75.62999725341797,2026-08-19T10:17:40+00:00
INVENTURE,0.8899999856948853,2026-08-19T10:17:40+00:00
INVPRECQ,1316.5999755859375,2026-08-19T10:17:40+00:00
IOB,33.18000030517578,2026-08-19T10:17:40+00:00
IOC,136.3000030517578,2026-08-19T10:17:40+00:00
IOLCP,156.9199981689453,2026-08-19T10:17:40+00:00
IONEXCHANG,372.95001220703125,2026-08-19T10:17:40+00:00
IPCALAB,1903.699951171875,2026-08-19T10:17:40+00:00
IPL,137.2899932861328,2026-08-19T10:17:40+00:00
IRB,18.979999542236328,2026-08-19T10:17:40+00:00
IRCON,122.62000274658203,2026-08-19T10:17:40+00:00
IRCTC,488.3500061035156,2026-08-19T10:17:40+00:00
IREDA,113.91999816894531,2026-08-19T10:17:40+00:00
IRFC,85.18000030517578,2026-08-19T10:17:40+00:00
IRIS,244.9199981689453,2026-08-19T10:17:40+00:00
IRISDOREME,58.619998931884766,2026-08-19T10:17:40+00:00
IRMENERGY,286.79998779296875,2026-08-19T10:17:40+00:00
ISFT,84.76000213623047,2026-08-19T10:17:40+00:00
ISGEC,756.5999755859375,2026-08-19T10:17:40+00:00
ISHANCH,47.81999969482422,2026-08-19T10:17:40+00:00
ITC,267.04998779296875,2026-08-19T10:17:40+00:00
ITCHOTELS,163.49000549316406,2026-08-19T10:17:40+00:00
ITDC,683.0,2026-08-19T10:17:40+00:00
ITI,279.95001220703125,2026-08-19T10:17:40+00:00
IVALUE,278.6499938964844,2026-08-19T10:17:40+00:00
IVC,8.220000267028809,2026-08-19T10:17:40+00:00
IVP,182.67999267578125,2026-08-19T10:17:40+00:00
IWP,34.15999984741211,2026-08-19T10:17:40+00:00
IXIGO,168.7899932861328,2026-08-19T10:17:40+00:00
IZMO,871.5499877929688,2026-08-19T10:17:40+00:00
J&KBANK,148.9499969482422,2026-08-19T10:17:40+00:00
JAGRAN,61.540000915527344,2026-08-19T10:17:40+00:00
JAGSNPHARM,230.27999877929688,2026-08-19T10:17:40+00:00
JAIBALAJI,66.38999938964844,2026-08-19T10:17:40+00:00
JAICORPLTD,98.68000030517578,2026-08-19T10:17:40+00:00
JAINREC,288.8500061035156,2026-08-19T10:17:40+00:00
JAIPURKURT,27.030000686645508,2026-08-19T10:17:40+00:00
JAMNAAUTO,120.5,2026-08-19T10:17:40+00:00
JARO,439.5,2026-08-19T10:17:40+00:00
JASH,485.1499938964844,2026-08-19T10:17:40+00:00
JAYAGROGN,220.4499969482422,2026-08-19T10:17:40+00:00
JAYBARMARU,125.5999984741211,2026-08-19T10:17:40+00:00
JAYKAY,147.61000061035156,2026-08-19T10:17:40+00:00
JAYNECOIND,91.22000122070312,2026-08-19T10:17:40+00:00
JAYSREETEA,93.87999725341797,2026-08-19T10:17:40+00:00
JBMA,618.6500244140625,2026-08-19T10:17:40+00:00
JETFREIGHT,21.860000610351562,2026-08-19T10:17:40+00:00
JGCHEM,627.9500122070312,2026-08-19T10:17:40+00:00
JHS,8.40999984741211,2026-08-19T10:17:40+00:00
JINDALPHOT,1053.300048828125,2026-08-19T10:17:40+00:00
JINDALPOLY,638.3499755859375,2026-08-19T10:17:40+00:00
JINDALSAW,268.70001220703125,2026-08-19T10:17:40+00:00
JINDALSTEL,1115.0,2026-08-19T10:17:40+00:00
JINDRILL,635.0999755859375,2026-08-19T10:17:40+00:00
JINDWORLD,35.58000183105469,2026-08-19T10:17:40+00:00
JIOFIN,243.14999389648438,2026-08-19T10:17:40+00:00
JISLDVREQS,21.579999923706055,2026-08-19T10:17:40+00:00
JISLJALEQS,28.049999237060547,2026-08-19T10:17:40+00:00
JITFINFRA,312.20001220703125,2026-08-19T10:17:40+00:00
JKCEMENT,5276.0,2026-08-19T10:17:40+00:00
JKIL,504.70001220703125,2026-08-19T10:17:40+00:00
JKIPL,95.30999755859375,2026-08-19T10:17:40+00:00
JKLAKSHMI,558.25,2026-08-19T10:17:40+00:00
JKPAPER,379.0,2026-08-19T10:17:40+00:00
JKTYRE,374.8500061035156,2026-08-19T10:17:40+00:00
JLHL,320.54998779296875,2026-08-19T10:17:40+00:00
JMA,90.27999877929688,2026-08-19T10:17:40+00:00
JMFINANCIL,126.30000305175781,2026-08-19T10:17:40+00:00
JNKINDIA,454.0,2026-08-19T10:17:40+00:00
JNPR,253.7100067138672,2026-08-19T10:17:40+00:00
JOCIL,149.9199981689453,2026-08-19T10:17:40+00:00
JPOLYINVST,987.7000122070312,2026-08-19T10:17:40+00:00
JPPOWER,17.030000686645508,2026-08-19T10:17:40+00:00
JSFB,571.1500244140625,2026-08-19T10:17:40+00:00
JSL,724.0,2026-08-19T10:17:40+00:00
JSLL,497.6000061035156,2026-08-19T10:17:40+00:00
JSWCEMENT,123.66000366210938,2026-08-19T10:17:40+00:00
JSWDULUX,3094.199951171875,2026-08-19T10:17:40+00:00
JSWENERGY,543.9500122070312,2026-08-19T10:17:40+00:00
JSWHL,11329.0,2026-08-19T10:17:40+00:00
JSWINFRA,329.8999938964844,2026-08-19T10:17:40+00:00
JSWSTEEL,1285.800048828125,2026-08-19T10:17:40+00:00
JTEKTINDIA,128.72999572753906,2026-08-19T10:17:40+00:00
JTLIND,72.18000030517578,2026-08-19T10:17:40+00:00
JUBLCPL,2312.300048828125,2026-08-19T10:17:40+00:00
JUBLFOOD,498.29998779296875,2026-08-19T10:17:40+00:00
JUBLINGREA,708.4000244140625,2026-08-19T10:17:40+00:00
JUBLPHARMA,868.0,2026-08-19T10:17:40+00:00
JUNIPER,197.7899932861328,2026-08-19T10:17:40+00:00
JUSTDIAL,660.4500122070312,2026-08-19T10:17:40+00:00
JWL,248.5,2026-08-19T10:17:40+00:00
JYOTHYLAB,207.8800048828125,2026-08-19T10:17:40+00:00
JYOTICNC,950.6500244140625,2026-08-19T10:17:40+00:00
JYOTISTRUC,10.710000038146973,2026-08-19T10:17:40+00:00
KABRAEXTRU,500.79998779296875,2026-08-19T10:17:40+00:00
KAJARIACER,1208.9000244140625,2026-08-19T10:17:40+00:00
KAKATCEM,114.9800033569336,2026-08-19T10:17:40+00:00
KALAMANDIR,84.69999694824219,2026-08-19T10:17:40+00:00
KALPATARU,273.6000061035156,2026-08-19T10:17:40+00:00
KALYANI,138.08999633789062,2026-08-19T10:17:40+00:00
KALYANIFRG,675.5499877929688,2026-08-19T10:17:40+00:00
KALYANKJIL,595.2000122070312,2026-08-19T10:17:40+00:00
KAMAHOLD,2442.699951171875,2026-08-19T10:17:40+00:00
KAMATHOTEL,189.4199981689453,2026-08-19T10:17:40+00:00
KAMDHENU,33.779998779296875,2026-08-19T10:17:40+00:00
KAMOPAINTS,4.349999904632568,2026-08-19T10:17:40+00:00
KANANIIND,1.4700000286102295,2026-08-19T10:17:40+00:00
KANCHI,374.6000061035156,2026-08-19T10:17:40+00:00
KANORICHEM,151.60000610351562,2026-08-19T10:17:40+00:00
KANPRPLA,256.5899963378906,2026-08-19T10:17:40+00:00
KANSAINER,201.3699951171875,2026-08-19T10:17:40+00:00
KAPSTON,523.4000244140625,2026-08-19T10:17:40+00:00
KARMAENG,38.2599983215332,2026-08-19T10:17:40+00:00
KARURVYSYA,331.04998779296875,2026-08-19T10:17:40+00:00
KAUSHALYA,876.3499755859375,2026-08-19T10:17:40+00:00
KAVDEFENCE,57.06999969482422,2026-08-19T10:17:40+00:00
KAYA,338.45001220703125,2026-08-19T10:17:40+00:00
KAYNES,3823.300048828125,2026-08-19T10:17:40+00:00
KCP,151.38999938964844,2026-08-19T10:17:40+00:00
KCPSUGIND,32.029998779296875,2026-08-19T10:17:40+00:00
KDDL,3950.10009765625,2026-08-19T10:17:40+00:00
KEC,423.5,2026-08-19T10:17:40+00:00
KECL,131.6300048828125,2026-08-19T10:17:40+00:00
KEEPLEARN,1.909999966621399,2026-08-19T10:17:40+00:00
KEI,5681.10009765625,2026-08-19T10:17:40+00:00
KELLTONTEC,13.34000015258789,2026-08-19T10:17:40+00:00
KENNAMET,3616.10009765625,2026-08-19T10:17:40+00:00
KERNEX,1875.0,2026-08-19T10:17:40+00:00
KESORAMIND,11.720000267028809,2026-08-19T10:17:40+00:00
KEYFINSERV,254.10000610351562,2026-08-19T10:17:40+00:00
KFINTECH,948.0,2026-08-19T10:17:40+00:00
KHADIM,97.0,2026-08-19T10:17:40+00:00
KHAICHEM,57.650001525878906,2026-08-19T10:17:40+00:00
KHAITANLTD,148.8000030517578,2026-08-19T10:17:40+00:00
KHANDSE,17.18000030517578,2026-08-19T10:17:40+00:00
KICL,5222.5,2026-08-19T10:17:40+00:00
KILITCH,158.10000610351562,2026-08-19T10:17:40+00:00
KIMS,788.6500244140625,2026-08-19T10:17:40+00:00
KINGFA,5780.0,2026-08-19T10:17:40+00:00
KIOCL,377.5,2026-08-19T10:17:40+00:00
KIRANVYPAR,201.99000549316406,2026-08-19T10:17:40+00:00
KIRIINDUS,431.29998779296875,2026-08-19T10:17:40+00:00
KIRLFER,430.1499938964844,2026-08-19T10:17:40+00:00
KIRLOSBROS,1951.4000244140625,2026-08-19T10:17:40+00:00
KIRLOSENG,2079.89990234375,2026-08-19T10:17:40+00:00
KIRLOSIND,3729.699951171875,2026-08-19T10:17:40+00:00
KIRLPNU,736.7000122070312,2026-08-19T10:17:40+00:00
KISSHT,300.25,2026-08-19T10:17:40+00:00
KITEX,124.27999877929688,2026-08-19T10:17:40+00:00
KKCL,517.9500122070312,2026-08-19T10:17:40+00:00
KLBRENG-B,363.5,2026-08-19T10:17:40+00:00
KMEW,2748.39990234375,2026-08-19T10:17:40+00:00
KMSUGAR,32.630001068115234,2026-08-19T10:17:40+00:00
KNACK,199.60000610351562,2026-08-19T10:17:40+00:00
KNAGRI,214.8800048828125,2026-08-19T10:17:40+00:00
KNRCON,127.37000274658203,2026-08-19T10:17:40+00:00
KOHINOOR,31.270000457763672,2026-08-19T10:17:40+00:00
KOKUYOCMLN,80.23999786376953,2026-08-19T10:17:40+00:00
KOLTEPATIL,456.70001220703125,2026-08-19T10:17:40+00:00
KOPRAN,207.4600067138672,2026-08-19T10:17:40+00:00
KOTAKBANK,390.25,2026-08-19T10:17:40+00:00
KOTARISUG,27.219999313354492,2026-08-19T10:17:40+00:00
KOTHARIPET,133.38999938964844,2026-08-19T10:17:40+00:00
KOTHARIPRO,68.12999725341797,2026-08-19T10:17:40+00:00
KOTIC,144.8000030517578,2026-08-19T10:17:40+00:00
KOTYARK,34.54999923706055,2026-08-19T10:17:40+00:00
KOVAI,5999.5,2026-08-19T10:17:40+00:00
KPEL,268.20001220703125,2026-08-19T10:17:40+00:00
KPIGREEN,308.3500061035156,2026-08-19T10:17:40+00:00
KPIL,1376.5999755859375,2026-08-19T10:17:40+00:00
KPITTECH,589.0999755859375,2026-08-19T10:17:40+00:00
KPL,3452.39990234375,2026-08-19T10:17:40+00:00
KPRMILL,1126.199951171875,2026-08-19T10:17:40+00:00
KRBL,399.6000061035156,2026-08-19T10:17:40+00:00
KREBSBIO,54.130001068115234,2026-08-19T10:17:40+00:00
KRIDHANINF,2.180000066757202,2026-08-19T10:17:40+00:00
KRISHANA,194.3000030517578,2026-08-19T10:17:40+00:00
KRISHIVAL,366.25,2026-08-19T10:17:40+00:00
KRISHNADEF,1077.800048828125,2026-08-19T10:17:40+00:00
KRITI,66.43000030517578,2026-08-19T10:17:40+00:00
KRITIKA,5.619999885559082,2026-08-19T10:17:40+00:00
KRITINUT,84.2699966430664,2026-08-19T10:17:40+00:00
KRN,1501.199951171875,2026-08-19T10:17:40+00:00
KRONOX,155.16000366210938,2026-08-19T10:17:40+00:00
KROSS,198.27000427246094,2026-08-19T10:17:40+00:00
KRSNAA,536.0,2026-08-19T10:17:40+00:00
KRYSTAL,629.4500122070312,2026-08-19T10:17:40+00:00
KSB,807.0999755859375,2026-08-19T10:17:40+00:00
KSCL,771.3499755859375,2026-08-19T10:17:40+00:00
KSHINTL,1006.0499877929688,2026-08-19T10:17:40+00:00
KSHITIJPOL,2.890000104904175,2026-08-19T10:17:40+00:00
KSL,875.5499877929688,2026-08-19T10:17:40+00:00
KSOLVES,272.6499938964844,2026-08-19T10:17:40+00:00
KSR,28.84000015258789,2026-08-19T10:17:40+00:00
KTKBANK,324.04998779296875,2026-08-19T10:17:40+00:00
KUANTUM,78.69999694824219,2026-08-19T10:17:40+00:00
KUSUMGAR,566.3499755859375,2026-08-19T10:17:40+00:00
KWIL,37.709999084472656,2026-08-19T10:17:40+00:00
LAGNAM,77.93000030517578,2026-08-19T10:17:40+00:00
LAHOTIOV,41.15999984741211,2026-08-19T10:17:40+00:00
LAKPRE,4.360000133514404,2026-08-19T10:17:40+00:00
LAL,8.579999923706055,2026-08-19T10:17:40+00:00
LALPATHLAB,1887.199951171875,2026-08-19T10:17:40+00:00
LAMBODHARA,110.18000030517578,2026-08-19T10:17:40+00:00
LANCORHOL,27.219999313354492,2026-08-19T10:17:40+00:00
LANDMARK,510.25,2026-08-19T10:17:40+00:00
LANDSMILL,0.75,2026-08-19T10:17:40+00:00
LAOPALA,187.24000549316406,2026-08-19T10:17:40+00:00
LASA,7.090000152587891,2026-08-19T10:17:40+00:00
LASERPOWER,322.5,2026-08-19T10:17:40+00:00
LATENTVIEW,276.5,2026-08-19T10:17:40+00:00
LATTEYS,22.84000015258789,2026-08-19T10:17:40+00:00
LAURUSLABS,1801.800048828125,2026-08-19T10:17:40+00:00
LAXMICOT,14.890000343322754,2026-08-19T10:17:40+00:00
LAXMIDENTL,195.77000427246094,2026-08-19T10:17:40+00:00
LAXMIINDIA,130.88999938964844,2026-08-19T10:17:40+00:00
LCCINFOTEC,3.75,2026-08-19T10:17:40+00:00
LCL,561.2999877929688,2026-08-19T10:17:40+00:00
LEAPIND,159.69000244140625,2026-08-19T10:17:40+00:00
LEMERITE,23.540000915527344,2026-08-19T10:17:40+00:00
LEMONTREE,108.08000183105469,2026-08-19T10:17:40+00:00
LENSKART,639.5999755859375,2026-08-19T10:17:40+00:00
LEXUS,14.130000114440918,2026-08-19T10:17:40+00:00
LFIC,140.17999267578125,2026-08-19T10:17:40+00:00
LGBBROSLTD,1603.0,2026-08-19T10:17:40+00:00
LGEINDIA,1645.0999755859375,2026-08-19T10:17:40+00:00
LGHL,173.69000244140625,2026-08-19T10:17:40+00:00
LIBAS,9.680000305175781,2026-08-19T10:17:40+00:00
LIBERTSHOE,244.25,2026-08-19T10:17:40+00:00
LICHSGFIN,497.0,2026-08-19T10:17:40+00:00
LICI,413.1000061035156,2026-08-19T10:17:40+00:00
LIKHITHA,207.47999572753906,2026-08-19T10:17:40+00:00
LINC,96.33000183105469,2026-08-19T10:17:40+00:00
LINCOLN,609.5,2026-08-19T10:17:40+00:00
LINDEINDIA,6702.5,2026-08-19T10:17:40+00:00
LLOYDSENGG,92.9000015258789,2026-08-19T10:17:40+00:00
LLOYDSENT,78.56999969482422,2026-08-19T10:17:40+00:00
LLOYDSME,1919.0,2026-08-19T10:17:40+00:00
LMW,19665.0,2026-08-19T10:17:40+00:00
LODHA,1210.0,2026-08-19T10:17:40+00:00
LOKESHMACH,321.3999938964844,2026-08-19T10:17:40+00:00
LORDSCHLO,133.0399932861328,2026-08-19T10:17:40+00:00
LOTUSDEV,164.02000427246094,2026-08-19T10:17:40+00:00
LOTUSEYE,115.51000213623047,2026-08-19T10:17:40+00:00
LOVABLE,70.76000213623047,2026-08-19T10:17:40+00:00
LOYALTEX,215.6199951171875,2026-08-19T10:17:40+00:00
LPDC,7.260000228881836,2026-08-19T10:17:40+00:00
LT,4041.300048828125,2026-08-19T10:17:40+00:00
LTF,315.3999938964844,2026-08-19T10:17:40+00:00
LTFOODS,429.5,2026-08-19T10:17:40+00:00
LTM,4564.39990234375,2026-08-19T10:17:40+00:00
LTTS,3540.89990234375,2026-08-19T10:17:40+00:00
LUMAXIND,5629.0,2026-08-19T10:17:40+00:00
LUMAXTECH,1987.0999755859375,2026-08-19T10:17:40+00:00
LUPIN,2225.0,2026-08-19T10:17:40+00:00
LUXIND,1217.4000244140625,2026-08-19T10:17:40+00:00
LXCHEM,174.30999755859375,2026-08-19T10:17:40+00:00
LYKALABS,70.7699966430664,2026-08-19T10:17:40+00:00
M&M,3415.0,2026-08-19T10:17:40+00:00
M&MFIN,389.6000061035156,2026-08-19T10:17:40+00:00
MAANALU,118.8499984741211,2026-08-19T10:17:40+00:00
MACPOWER,1943.199951171875,2026-08-19T10:17:40+00:00
MADHAV,35.380001068115234,2026-08-19T10:17:40+00:00
MADHAVIPL,7.019999980926514,2026-08-19T10:17:40+00:00
MADHUCON,5.190000057220459,2026-08-19T10:17:40+00:00
MADRASFERT,65.36000061035156,2026-08-19T10:17:40+00:00
MAFATIND,122.4000015258789,2026-08-19T10:17:40+00:00
MAGADSUGAR,580.5499877929688,2026-08-19T10:17:40+00:00
MAGNUM,19.260000228881836,2026-08-19T10:17:40+00:00
MAHABANK,79.81999969482422,2026-08-19T10:17:40+00:00
MAHAPEXLTD,57.08000183105469,2026-08-19T10:17:40+00:00
MAHASTEEL,1140.699951171875,2026-08-19T10:17:40+00:00
MAHEPC,107.4000015258789,2026-08-19T10:17:40+00:00
MAHESHWARI,72.4000015258789,2026-08-19T10:17:40+00:00
MAHLIFE,373.70001220703125,2026-08-19T10:17:40+00:00
MAHLOG,406.25,2026-08-19T10:17:40+00:00
MAHSCOOTER,13347.0,2026-08-19T10:17:40+00:00
MAHSEAMLES,613.9000244140625,2026-08-19T10:17:40+00:00
MAITHANALL,989.25,2026-08-19T10:17:40+00:00
MAJESAUT,355.0,2026-08-19T10:17:40+00:00
MALLCOM,964.6500244140625,2026-08-19T10:17:40+00:00
MALUPAPER,30.81999969482422,2026-08-19T10:17:40+00:00
MAMATA,401.45001220703125,2026-08-19T10:17:40+00:00
MANAKALUCO,37.720001220703125,2026-08-19T10:17:40+00:00
MANAKCOAT,124.73999786376953,2026-08-19T10:17:40+00:00
MANAKSIA,58.720001220703125,2026-08-19T10:17:40+00:00
MANAKSTEEL,85.55000305175781,2026-08-19T10:17:40+00:00
MANALIPETC,72.80000305175781,2026-08-19T10:17:40+00:00
MANAPPURAM,340.0,2026-08-19T10:17:40+00:00
MANBA,129.86000061035156,2026-08-19T10:17:40+00:00
MANCREDIT,222.02999877929688,2026-08-19T10:17:40+00:00
MANGALAM,26.940000534057617,2026-08-19T10:17:40+00:00
MANGLMCEM,894.7999877929688,2026-08-19T10:17:40+00:00
MANINDS,643.0499877929688,2026-08-19T10:17:40+00:00
MANINFRA,109.98999786376953,2026-08-19T10:17:40+00:00
MANIPALHOS,744.7999877929688,2026-08-19T10:17:40+00:00
MANKIND,2394.0,2026-08-19T10:17:40+00:00
MANOMAY,214.11000061035156,2026-08-19T10:17:40+00:00
MANORAMA,1935.0,2026-08-19T10:17:40+00:00
MANORG,440.3500061035156,2026-08-19T10:17:40+00:00
MANUGRAPH,15.8100004196167,2026-08-19T10:17:40+00:00
MANYAVAR,542.5999755859375,2026-08-19T10:17:40+00:00
MAPMYINDIA,1007.5999755859375,2026-08-19T10:17:40+00:00
MARALOVER,52.02000045776367,2026-08-19T10:17:40+00:00
MARATHON,359.29998779296875,2026-08-19T10:17:40+00:00
MARICO,850.0,2026-08-19T10:17:40+00:00
MARINE,371.45001220703125,2026-08-19T10:17:40+00:00
MARKOLINES,172.85000610351562,2026-08-19T10:17:40+00:00
MARKSANS,327.0,2026-08-19T10:17:40+00:00
MARSONS,108.37000274658203,2026-08-19T10:17:40+00:00
MARUTI,13690.0,2026-08-19T10:17:40+00:00
MASFIN,300.45001220703125,2026-08-19T10:17:40+00:00
MASKINVEST,146.66000366210938,2026-08-19T10:17:40+00:00
MASTEK,1716.800048828125,2026-08-19T10:17:40+00:00
MASTERTR,78.91999816894531,2026-08-19T10:17:40+00:00
MATRIMONY,552.3499755859375,2026-08-19T10:17:40+00:00
MAWANASUG,128.72000122070312,2026-08-19T10:17:40+00:00
MAXESTATES,490.1499938964844,2026-08-19T10:17:40+00:00
MAXHEALTH,997.0,2026-08-19T10:17:40+00:00
MAXIND,148.4600067138672,2026-08-19T10:17:40+00:00
MAYURUNIQ,758.1500244140625,2026-08-19T10:17:40+00:00
MAZDA,237.47000122070312,2026-08-19T10:17:40+00:00
MAZDOCK,2563.800048828125,2026-08-19T10:17:40+00:00
MBAPL,163.6300048828125,2026-08-19T10:17:40+00:00
MBEL,278.5,2026-08-19T10:17:40+00:00
MBLINFRA,24.280000686645508,2026-08-19T10:17:40+00:00
MCCHRLS-B,679.5499877929688,2026-08-19T10:17:40+00:00
MCL,58.36000061035156,2026-08-19T10:17:40+00:00
MCLEODRUSS,47.58000183105469,2026-08-19T10:17:40+00:00
MCLOUD,29.719999313354492,2026-08-19T10:17:40+00:00
MCX,2973.0,2026-08-19T10:17:40+00:00
MEDANTA,1417.199951171875,2026-08-19T10:17:40+00:00
MEDIASSIST,349.79998779296875,2026-08-19T10:17:40+00:00
MEDICAMEQ,228.72999572753906,2026-08-19T10:17:40+00:00
MEDICO,42.66999816894531,2026-08-19T10:17:40+00:00
MEDPLUS,649.2999877929688,2026-08-19T10:17:40+00:00
MEESHO,196.8800048828125,2026-08-19T10:17:40+00:00
MEGASTAR,308.45001220703125,2026-08-19T10:17:40+00:00
MEIL,266.3999938964844,2026-08-19T10:17:40+00:00
MENNPIS,71.61000061035156,2026-08-19T10:17:40+00:00
MENONBE,265.8699951171875,2026-08-19T10:17:40+00:00
MEP,0.6499999761581421,2026-08-19T10:17:40+00:00
MERCANTILE,24.3700008392334,2026-08-19T10:17:40+00:00
MERCURYEV,37.630001068115234,2026-08-19T10:17:40+00:00
METROBRAND,924.7000122070312,2026-08-19T10:17:40+00:00
METROGLOBL,142.27000427246094,2026-08-19T10:17:40+00:00
METROPOLIS,555.0,2026-08-19T10:17:40+00:00
MFML,18.549999237060547,2026-08-19T10:17:40+00:00
MFSL,1546.0999755859375,2026-08-19T10:17:40+00:00
MGEL,14.800000190734863,2026-08-19T10:17:40+00:00
MGL,1128.0,2026-08-19T10:17:40+00:00
MHLXMIRU,190.0500030517578,2026-08-19T10:17:40+00:00
MHRIL,219.47999572753906,2026-08-19T10:17:40+00:00
MICEL,35.91999816894531,2026-08-19T10:17:40+00:00
MIDHANI,428.1499938964844,2026-08-19T10:17:40+00:00
MIDWESTLTD,1150.0,2026-08-19T10:17:40+00:00
MINDACORP,738.9000244140625,2026-08-19T10:17:40+00:00
MINDTECK,171.82000732421875,2026-08-19T10:17:40+00:00
MIRZAINT,31.06999969482422,2026-08-19T10:17:40+00:00
MITCON,79.02999877929688,2026-08-19T10:17:40+00:00
MITTAL,0.8899999856948853,2026-08-19T10:17:40+00:00
MKPL,4.159999847412109,2026-08-19T10:17:40+00:00
MMFL,657.7999877929688,2026-08-19T10:17:40+00:00
MMP,391.5,2026-08-19T10:17:40+00:00
MMTC,62.150001525878906,2026-08-19T10:17:40+00:00
MMWL,14.369999885559082,2026-08-19T10:17:40+00:00
MOBIKWIK,195.61000061035156,2026-08-19T10:17:40+00:00
MODINATUR,354.6000061035156,2026-08-19T10:17:40+00:00
MODIRUBBER,117.75,2026-08-19T10:17:40+00:00
MODIS,410.1499938964844,2026-08-19T10:17:40+00:00
MODISONLTD,392.3500061035156,2026-08-19T10:17:40+00:00
MODTHREAD,52.279998779296875,2026-08-19T10:17:40+00:00
MOHITIND,23.3700008392334,2026-08-19T10:17:40+00:00
MOIL,253.0500030517578,2026-08-19T10:17:40+00:00
MOKSH,10.430000305175781,2026-08-19T10:17:40+00:00
MOL,61.869998931884766,2026-08-19T10:17:40+00:00
MOLDTECH,180.07000732421875,2026-08-19T10:17:40+00:00
MOLDTKPAC,669.8499755859375,2026-08-19T10:17:40+00:00
MONARCH,385.1499938964844,2026-08-19T10:17:40+00:00
MONEYBOXX,55.15999984741211,2026-08-19T10:17:40+00:00
MONTECARLO,545.4500122070312,2026-08-19T10:17:40+00:00
MOREPENLAB,88.41999816894531,2026-08-19T10:17:40+00:00
MOSCHIP,206.24000549316406,2026-08-19T10:17:40+00:00
MOTHERSON,170.2899932861328,2026-08-19T10:17:40+00:00
MOTILALOFS,942.0999755859375,2026-08-19T10:17:40+00:00
MOTISONS,16.6200008392334,2026-08-19T10:17:40+00:00
MOTOGENFIN,26.59000015258789,2026-08-19T10:17:40+00:00
MPHASIS,2424.5,2026-08-19T10:17:40+00:00
MPSLTD,2929.60009765625,2026-08-19T10:17:40+00:00
MRF,133630.0,2026-08-19T10:17:40+00:00
MRPL,176.50999450683594,2026-08-19T10:17:40+00:00
MSPL,34.54999923706055,2026-08-19T10:17:40+00:00
MSTCLTD,703.75,2026-08-19T10:17:40+00:00
MSUMI,39.2599983215332,2026-08-19T10:17:40+00:00
MTARTECH,6918.5,2026-08-19T10:17:40+00:00
MTEDUCARE,1.8700000047683716,2026-08-19T10:17:40+00:00
MTNL,26.709999084472656,2026-08-19T10:17:40+00:00
MUFIN,135.11000061035156,2026-08-19T10:17:40+00:00
MUFTI,77.45999908447266,2026-08-19T10:17:40+00:00
MUKANDLTD,134.57000732421875,2026-08-19T10:17:40+00:00
MUKKA,26.3799991607666,2026-08-19T10:17:40+00:00
MUKTAARTS,56.0,2026-08-19T10:17:40+00:00
MUNJALAU,114.8499984741211,2026-08-19T10:17:40+00:00
MUNJALSHOW,132.35000610351562,2026-08-19T10:17:40+00:00
MURUDCERA,30.43000030517578,2026-08-19T10:17:40+00:00
MUTHOOTCAP,249.94000244140625,2026-08-19T10:17:40+00:00
MUTHOOTFIN,2859.0,2026-08-19T10:17:40+00:00
MUTHOOTMF,208.61000061035156,2026-08-19T10:17:40+00:00
MVELECTRO,570.2000122070312,2026-08-19T10:17:40+00:00
MVGJL,148.2100067138672,2026-08-19T10:17:40+00:00
MWL,41.25,2026-08-19T10:17:40+00:00
NACLIND,173.99000549316406,2026-08-19T10:17:40+00:00
NAGREEKCAP,23.309999465942383,2026-08-19T10:17:40+00:00
NAGREEKEXP,23.010000228881836,2026-08-19T10:17:40+00:00
NAHARCAP,256.80999755859375,2026-08-19T10:17:40+00:00
NAHARINDUS,117.62000274658203,2026-08-19T10:17:40+00:00
NAHARPOLY,237.60000610351562,2026-08-19T10:17:40+00:00
NAHARSPING,298.75,2026-08-19T10:17:40+00:00
NAM-INDIA,1217.0,2026-08-19T10:17:40+00:00
NARMADA,14.630000114440918,2026-08-19T10:17:40+00:00
NATCAPSUQ,149.6999969482422,2026-08-19T10:17:40+00:00
NATCOPHARM,886.8499755859375,2026-08-19T10:17:40+00:00
NATHBIOGEN,153.8300018310547,2026-08-19T10:17:40+00:00
NATIONALUM,386.54998779296875,2026-08-19T10:17:40+00:00
NATIONSTD,127.30000305175781,2026-08-19T10:17:40+00:00
NAUKRI,1378.4000244140625,2026-08-19T10:17:40+00:00
NAVA,549.2000122070312,2026-08-19T10:17:40+00:00
NAVINFLUOR,8277.5,2026-08-19T10:17:40+00:00
NAVKARCORP,97.4000015258789,2026-08-19T10:17:40+00:00
NAVKARURB,0.9599999785423279,2026-08-19T10:17:40+00:00
NAVNETEDUL,133.8800048828125,2026-08-19T10:17:40+00:00
NAZARA,357.3500061035156,2026-08-19T10:17:40+00:00
NBCC,87.19000244140625,2026-08-19T10:17:40+00:00
NBIFIN,2000.0,2026-08-19T10:17:40+00:00
NCC,139.57000732421875,2026-08-19T10:17:40+00:00
NCLIND,173.19000244140625,2026-08-19T10:17:40+00:00
NDGL,2711.0,2026-08-19T10:17:40+00:00
NDL,2.25,2026-08-19T10:17:40+00:00
NDLVENTURE,116.08000183105469,2026-08-19T10:17:40+00:00
NDRAUTO,781.0499877929688,2026-08-19T10:17:40+00:00
NDTV,73.33999633789062,2026-08-19T10:17:40+00:00
NEAGI,3420.800048828125,2026-08-19T10:17:40+00:00
NECCLTD,14.369999885559082,2026-08-19T10:17:40+00:00
NECLIFE,10.520000457763672,2026-08-19T10:17:40+00:00
NELCAST,117.33000183105469,2026-08-19T10:17:40+00:00
NELCO,910.0999755859375,2026-08-19T10:17:40+00:00
NEOGEN,2328.800048828125,2026-08-19T10:17:40+00:00
NEPHROPLUS,691.0,2026-08-19T10:17:40+00:00
NESCO,1033.0,2026-08-19T10:17:40+00:00
NESTLEIND,1465.0,2026-08-19T10:17:40+00:00
NETWEB,5065.0,2026-08-19T10:17:40+00:00
NETWORK18,28.06999969482422,2026-08-19T10:17:40+00:00
NEUEON,16.739999771118164,2026-08-19T10:17:40+00:00
NEULANDLAB,23290.0,2026-08-19T10:17:40+00:00
NEWGEN,519.9500122070312,2026-08-19T10:17:40+00:00
NEXTMEDIA,3.869999885559082,2026-08-19T10:17:40+00:00
NFL,70.06999969482422,2026-08-19T10:17:40+00:00
NGIL,40.79999923706055,2026-08-19T10:17:40+00:00
NGLFINE,3040.39990234375,2026-08-19T10:17:40+00:00
NH,1785.699951171875,2026-08-19T10:17:40+00:00
NHPC,76.16999816894531,2026-08-19T10:17:40+00:00
NIACL,185.67999267578125,2026-08-19T10:17:40+00:00
NIBE,1411.0999755859375,2026-08-19T10:17:40+00:00
NIBL,31.239999771118164,2026-08-19T10:17:40+00:00
NIITLTD,92.31999969482422,2026-08-19T10:17:40+00:00
NIITMTS,236.33999633789062,2026-08-19T10:17:40+00:00
NILAINFRA,6.960000038146973,2026-08-19T10:17:40+00:00
NILASPACES,12.649999618530273,2026-08-19T10:17:40+00:00
NILE,1544.4000244140625,2026-08-19T10:17:40+00:00
NILKAMAL,2033.800048828125,2026-08-19T10:17:40+00:00
NIMBSPROJ,176.0,2026-08-19T10:17:40+00:00
NINSYS,720.4000244140625,2026-08-19T10:17:40+00:00
NIPPOBATRY,327.79998779296875,2026-08-19T10:17:40+00:00
NIRAJ,27.780000686645508,2026-08-19T10:17:40+00:00
NIRAJISPAT,224.0,2026-08-19T10:17:40+00:00
NIRLON,621.5999755859375,2026-08-19T10:17:40+00:00
NITCO,90.1500015258789,2026-08-19T10:17:40+00:00
NITINSPIN,583.5499877929688,2026-08-19T10:17:40+00:00
NITIRAJ,199.27999877929688,2026-08-19T10:17:40+00:00
NITTAGELA,1559.5,2026-08-19T10:17:40+00:00
NIVABUPA,83.95999908447266,2026-08-19T10:17:40+00:00
NKIND,61.54999923706055,2026-08-19T10:17:40+00:00
NLCINDIA,268.04998779296875,2026-08-19T10:17:40+00:00
NMDC,83.3499984741211,2026-08-19T10:17:40+00:00
NOCIL,161.57000732421875,2026-08-19T10:17:40+00:00
NOIDATOLL,4.139999866485596,2026-08-19T10:17:40+00:00
NORBTEAEXP,69.13999938964844,2026-08-19T10:17:40+00:00
NORTHARC,284.3500061035156,2026-08-19T10:17:40+00:00
NOVAAGRI,24.760000228881836,2026-08-19T10:17:40+00:00
NOVARTIND,1531.699951171875,2026-08-19T10:17:40+00:00
NPST,1594.199951171875,2026-08-19T10:17:40+00:00
NRAIL,499.1499938964844,2026-08-19T10:17:40+00:00
NRBBEARING,483.1499938964844,2026-08-19T10:17:40+00:00
NRL,113.0999984741211,2026-08-19T10:17:40+00:00
NSIL,5518.5,2026-08-19T10:17:40+00:00
NSLNISP,40.150001525878906,2026-08-19T10:17:40+00:00
NTPC,336.54998779296875,2026-08-19T10:17:40+00:00
NTPCGREEN,91.69999694824219,2026-08-19T10:17:40+00:00
NUCLEUS,727.7999877929688,2026-08-19T10:17:40+00:00
NURECA,317.0,2026-08-19T10:17:40+00:00
NUVAMA,1733.4000244140625,2026-08-19T10:17:40+00:00
NUVOCO,318.5,2026-08-19T10:17:40+00:00
NYKAA,327.3500061035156,2026-08-19T10:17:40+00:00
OAL,341.8999938964844,2026-08-19T10:17:40+00:00
OBCL,54.189998626708984,2026-08-19T10:17:40+00:00
OBEROIRLTY,1869.699951171875,2026-08-19T10:17:40+00:00
OCCLLTD,165.13999938964844,2026-08-19T10:17:40+00:00
ODIGMA,22.510000228881836,2026-08-19T10:17:40+00:00
OFSS,11774.0,2026-08-19T10:17:40+00:00
OIL,474.8500061035156,2026-08-19T10:17:40+00:00
OILCOUNTUB,58.970001220703125,2026-08-19T10:17:40+00:00
OLAELEC,37.279998779296875,2026-08-19T10:17:40+00:00
OLECTRA,1305.5999755859375,2026-08-19T10:17:40+00:00
OMAXAUTO,195.27000427246094,2026-08-19T10:17:40+00:00
OMAXE,99.41000366210938,2026-08-19T10:17:40+00:00
OMFREIGHT,93.69000244140625,2026-08-19T10:17:40+00:00
OMINFRAL,85.04000091552734,2026-08-19T10:17:40+00:00
OMNI,586.6500244140625,2026-08-19T10:17:40+00:00
OMPOWER,165.27999877929688,2026-08-19T10:17:40+00:00
ONELIFECAP,33.0,2026-08-19T10:17:40+00:00
ONEPOINT,56.310001373291016,2026-08-19T10:17:40+00:00
ONESOURCE,1520.5,2026-08-19T10:17:40+00:00
ONGC,238.0,2026-08-19T10:17:40+00:00
ONIDA,36.93000030517578,2026-08-19T10:17:40+00:00
ONMOBILE,59.33000183105469,2026-08-19T10:17:40+00:00
ONWARDTEC,282.3999938964844,2026-08-19T10:17:40+00:00
OPTIEMUS,546.7000122070312,2026-08-19T10:17:40+00:00
ORBTEXP,230.1199951171875,2026-08-19T10:17:40+00:00
ORCHASP,1.3899999856948853,2026-08-19T10:17:40+00:00
ORCHPHARMA,979.5,2026-08-19T10:17:40+00:00
ORICONENT,56.709999084472656,2026-08-19T10:17:40+00:00
ORIENTALTL,5.059999942779541,2026-08-19T10:17:40+00:00
ORIENTBELL,343.3500061035156,2026-08-19T10:17:40+00:00
ORIENTCEM,129.47000122070312,2026-08-19T10:17:40+00:00
ORIENTCER,43.119998931884766,2026-08-19T10:17:40+00:00
ORIENTELEC,180.58999633789062,2026-08-19T10:17:40+00:00
ORIENTHOT,139.5,2026-08-19T10:17:40+00:00
ORIENTLTD,79.30000305175781,2026-08-19T10:17:40+00:00
ORIENTPPR,16.850000381469727,2026-08-19T10:17:40+00:00
ORIENTTECH,240.64999389648438,2026-08-19T10:17:40+00:00
ORISSAMINE,4637.0,2026-08-19T10:17:40+00:00
ORKLAINDIA,551.0,2026-08-19T10:17:40+00:00
ORTEL,2.190000057220459,2026-08-14T10:47:36+00:00
ORTINGLOBE,15.479999542236328,2026-08-19T10:17:40+00:00
OSIAHYPER,2.8299999237060547,2026-08-19T10:17:40+00:00
OSWALAGRO,37.459999084472656,2026-08-19T10:17:40+00:00
OSWALGREEN,20.889999389648438,2026-08-19T10:17:40+00:00
OSWALPUMPS,292.1000061035156,2026-08-19T10:17:40+00:00
OSWALSEEDS,13.300000190734863,2026-08-19T10:17:40+00:00
PACEDIGITK,175.80999755859375,2026-08-19T10:17:40+00:00
PAGEIND,35240.0,2026-08-19T10:17:40+00:00
PAISALO,69.37000274658203,2026-08-19T10:17:40+00:00
PAKKA,88.54000091552734,2026-08-19T10:17:40+00:00
PALASHSECU,86.37000274658203,2026-08-19T10:17:40+00:00
PALREDTEC,55.0,2026-08-19T10:17:40+00:00
PANACEABIO,402.6499938964844,2026-08-19T10:17:40+00:00
PANACHE,541.0999755859375,2026-08-19T10:17:40+00:00
PANAMAPET,489.6499938964844,2026-08-19T10:17:40+00:00
PANSARI,312.6000061035156,2026-08-19T10:17:40+00:00
PAR,100.86000061035156,2026-08-19T10:17:40+00:00
PARACABLES,62.72999954223633,2026-08-19T10:17:40+00:00
PARADEEP,150.88999938964844,2026-08-19T10:17:40+00:00
PARAGMILK,208.9499969482422,2026-08-19T10:17:40+00:00
PARAS,1496.4000244140625,2026-08-19T10:17:40+00:00
PARASPETRO,2.2100000381469727,2026-08-19T10:17:40+00:00
PARKHOSPS,270.6499938964844,2026-08-19T10:17:40+00:00
PARKHOTELS,116.8499984741211,2026-08-19T10:17:40+00:00
PARSVNATH,1.4299999475479126,2026-08-19T10:17:40+00:00
PASHUPATI,86.30999755859375,2026-08-19T10:17:40+00:00
PASUPTAC,61.560001373291016,2026-08-19T10:17:40+00:00
PATANJALI,350.95001220703125,2026-08-19T10:17:40+00:00
PATELENG,27.799999237060547,2026-08-19T10:17:40+00:00
PATELRMART,238.22999572753906,2026-08-19T10:17:40+00:00
PATINTLOG,13.760000228881836,2026-08-19T10:17:40+00:00
PAUSHAKLTD,777.7999877929688,2026-08-19T10:17:40+00:00
PAVNAIND,18.8700008392334,2026-08-19T10:17:40+00:00
PAYTM,1583.5,2026-08-19T10:17:40+00:00
PCBL,326.70001220703125,2026-08-19T10:17:40+00:00
PCJEWELLER,9.680000305175781,2026-08-19T10:17:40+00:00
PDMJEPAPER,87.5199966430664,2026-08-19T10:17:40+00:00
PDSL,361.8999938964844,2026-08-19T10:17:40+00:00
PEARLPOLY,15.899999618530273,2026-08-19T10:17:40+00:00
PENIND,158.22999572753906,2026-08-19T10:17:40+00:00
PENINLAND,14.90999984741211,2026-08-19T10:17:40+00:00
PERSISTENT,5510.0,2026-08-19T10:17:40+00:00
PETRONET,288.1499938964844,2026-08-19T10:17:40+00:00
PFC,374.45001220703125,2026-08-19T10:17:40+00:00
PFIZER,4919.5,2026-08-19T10:17:40+00:00
PFOCUS,279.20001220703125,2026-08-19T10:17:40+00:00
PFS,27.920000076293945,2026-08-19T10:17:40+00:00
PGEL,601.9000244140625,2026-08-19T10:17:40+00:00
PGHH,8239.0,2026-08-19T10:17:40+00:00
PGHL,5781.0,2026-08-19T10:17:40+00:00
PGIL,2413.699951171875,2026-08-19T10:17:40+00:00
PHOENIXLTD,1919.0,2026-08-19T10:17:40+00:00
PICCADIL,705.8499755859375,2026-08-19T10:17:40+00:00
PIDILITIND,1650.0,2026-08-19T10:17:40+00:00
PIGL,105.0,2026-08-19T10:17:40+00:00
PIIND,2505.0,2026-08-19T10:17:40+00:00
PILANIINVS,4291.7998046875,2026-08-19T10:17:40+00:00
PILITA,8.0,2026-08-19T10:17:40+00:00
PINELABS,157.6199951171875,2026-08-19T10:17:40+00:00
PIONEEREMB,22.030000686645508,2026-08-19T10:17:40+00:00
PIONRINV,80.41000366210938,2026-08-19T10:17:40+00:00
PIRAMALFIN,2057.39990234375,2026-08-19T10:17:40+00:00
PITTIENG,1069.3499755859375,2026-08-19T10:17:40+00:00
PIXTRANS,1815.199951171875,2026-08-19T10:17:40+00:00
PKTEA,728.3499755859375,2026-08-19T10:17:40+00:00
PLASTIBLEN,187.1300048828125,2026-08-19T10:17:40+00:00
PLATIND,206.3800048828125,2026-08-19T10:17:40+00:00
PLAZACABLE,49.86000061035156,2026-08-19T10:17:40+00:00
PML,492.1000061035156,2026-08-19T10:17:40+00:00
PNB,117.4800033569336,2026-08-19T10:17:40+00:00
PNBGILTS,78.77999877929688,2026-08-19T10:17:40+00:00
PNBHOUSING,1174.0,2026-08-19T10:17:40+00:00
PNC,18.200000762939453,2026-08-19T10:17:40+00:00
PNCINFRA,212.00999450683594,2026-08-19T10:17:40+00:00
PNGJL,603.4500122070312,2026-08-19T10:17:40+00:00
PNGSREVA,564.3499755859375,2026-08-19T10:17:40+00:00
POCL,500.6000061035156,2026-08-19T10:17:40+00:00
PODDARMENT,248.89999389648438,2026-08-19T10:17:40+00:00
POKARNA,901.8499755859375,2026-08-19T10:17:40+00:00
POLICYBZR,1782.0999755859375,2026-08-19T10:17:40+00:00
POLYCAB,9140.0,2026-08-19T10:17:40+00:00
POLYMED,1770.300048828125,2026-08-19T10:17:40+00:00
POLYPLEX,1171.9000244140625,2026-08-19T10:17:40+00:00
PONNIERODE,384.1499938964844,2026-08-19T10:17:40+00:00
POONAWALLA,493.29998779296875,2026-08-19T10:17:40+00:00
POWERGRID,263.5,2026-08-19T10:17:40+00:00
POWERICA,532.8499755859375,2026-08-19T10:17:40+00:00
POWERINDIA,33800.0,2026-08-19T10:17:40+00:00
POWERMECH,2427.699951171875,2026-08-19T10:17:40+00:00
PPAP,271.70001220703125,2026-08-19T10:17:40+00:00
PPL,271.5,2026-08-19T10:17:40+00:00
PPLPHARMA,209.63999938964844,2026-08-19T10:17:40+00:00
PRABHA,199.7899932861328,2026-08-19T10:17:40+00:00
PRADPME,534.5499877929688,2026-08-19T10:17:40+00:00
PRAENG,19.040000915527344,2026-08-19T10:17:40+00:00
PRAJIND,340.5,2026-08-19T10:17:40+00:00
PRAKASH,131.3800048828125,2026-08-19T10:17:40+00:00
PRAKASHSTL,3.9200000762939453,2026-08-19T10:17:40+00:00
PRAVEG,267.5,2026-08-19T10:17:40+00:00
PRAXIS,5.510000228881836,2026-08-19T10:17:40+00:00
PRECAM,131.02000427246094,2026-08-19T10:17:40+00:00
PRECOT,721.5999755859375,2026-08-19T10:17:40+00:00
PRECWIRE,429.70001220703125,2026-08-19T10:17:40+00:00
PREMCO,376.6000061035156,2026-08-19T10:17:40+00:00
PREMEXPLN,663.0999755859375,2026-08-19T10:17:40+00:00
PREMIER,2.7200000286102295,2026-08-19T10:17:40+00:00
PREMIERENE,1002.0,2026-08-19T10:17:40+00:00
PREMIERPOL,91.61000061035156,2026-08-19T10:17:40+00:00
PRESTIGE,1581.800048828125,2026-08-19T10:17:40+00:00
PRICOLLTD,804.5999755859375,2026-08-19T10:17:40+00:00
PRIMESECU,278.3500061035156,2026-08-19T10:17:40+00:00
PRIMO,22.15999984741211,2026-08-19T10:17:40+00:00
PRINCEPIPE,282.79998779296875,2026-08-19T10:17:40+00:00
PRITI,33.54999923706055,2026-08-19T10:17:40+00:00
PRITIKAUTO,17.579999923706055,2026-08-19T10:17:40+00:00
PRIVISCL,3467.800048828125,2026-08-19T10:17:40+00:00
PROSTARM,134.9600067138672,2026-08-19T10:17:40+00:00
PROTEAN,545.7000122070312,2026-08-19T10:17:40+00:00
PROZONER,41.52000045776367,2026-08-19T10:17:40+00:00
PRSMJOHNSN,110.2699966430664,2026-08-19T10:17:40+00:00
PRUDENT,3393.60009765625,2026-08-19T10:17:40+00:00
PRUDMOULI,14.020000457763672,2026-08-19T10:17:40+00:00
PSB,23.239999771118164,2026-08-19T10:17:40+00:00
PSPPROJECT,918.8499755859375,2026-08-19T10:17:40+00:00
PTC,155.5,2026-08-19T10:17:40+00:00
PTCIL,19475.0,2026-08-19T10:17:40+00:00
PTL,38.599998474121094,2026-08-19T10:17:40+00:00
PUNJABCHEM,1156.300048828125,2026-08-19T10:17:40+00:00
PURVA,218.74000549316406,2026-08-19T10:17:40+00:00
PVP,39.130001068115234,2026-08-19T10:17:40+00:00
PVRINOX,1200.9000244140625,2026-08-19T10:17:40+00:00
PVSL,113.43000030517578,2026-08-19T10:17:40+00:00
PWL,121.91999816894531,2026-08-19T10:17:40+00:00
PYRAMID,161.5,2026-08-19T10:17:40+00:00
QMSMEDI,134.60000610351562,2026-08-19T10:17:40+00:00
QPOWER,1295.300048828125,2026-08-19T10:17:40+00:00
QUADFUTURE,339.75,2026-08-19T10:17:40+00:00
QUESS,336.54998779296875,2026-08-19T10:17:40+00:00
QUICKHEAL,140.30999755859375,2026-08-19T10:17:40+00:00
QUINT,36.18000030517578,2026-08-19T10:17:40+00:00
RACE,100.02999877929688,2026-08-19T10:17:40+00:00
RACLGEAR,1438.699951171875,2026-08-19T10:17:40+00:00
RADAAN,2.940000057220459,2026-08-19T10:17:40+00:00
RADHIKAJWE,64.9000015258789,2026-08-19T10:17:40+00:00
RADIANTCMS,34.099998474121094,2026-08-19T10:17:40+00:00
RADICO,4696.0,2026-08-19T10:17:40+00:00
RADIOCITY,6.699999809265137,2026-08-19T10:17:40+00:00
RAILTEL,287.25,2026-08-19T10:17:40+00:00
RAIN,205.5399932861328,2026-08-19T10:17:40+00:00
RAINBOW,1461.800048828125,2026-08-19T10:17:40+00:00
RAJESHEXPO,80.94999694824219,2026-08-19T10:17:40+00:00
RAJMET,3.259999990463257,2026-08-19T10:17:40+00:00
RAJOOENG,50.97999954223633,2026-08-19T10:17:40+00:00
RAJPALAYAM,812.5,2026-08-19T10:17:40+00:00
RAJRATAN,506.20001220703125,2026-08-19T10:17:40+00:00
RAJRILTD,22.459999084472656,2026-08-19T10:17:40+00:00
RAJSREESUG,36.900001525878906,2026-08-19T10:17:40+00:00
RAJTV,10.579999923706055,2026-08-19T10:17:40+00:00
RALLIS,211.72000122070312,2026-08-19T10:17:40+00:00
RAMANEWS,32.400001525878906,2026-08-19T10:17:40+00:00
RAMAPHO,121.43000030517578,2026-08-19T10:17:40+00:00
RAMASTEEL,4.170000076293945,2026-08-19T10:17:40+00:00
RAMBHAJO,177.38999938964844,2026-08-19T10:17:40+00:00
RAMCOCEM,902.2000122070312,2026-08-19T10:17:40+00:00
RAMCOIND,339.8999938964844,2026-08-19T10:17:40+00:00
RAMCOSYS,552.4000244140625,2026-08-19T10:17:40+00:00
RAMKY,391.0,2026-08-19T10:17:40+00:00
RAMRAT,484.6499938964844,2026-08-19T10:17:40+00:00
RANASUG,13.760000228881836,2026-08-19T10:17:40+00:00
RANEHOLDIN,1566.5,2026-08-19T10:17:40+00:00
RATEGAIN,930.5999755859375,2026-08-19T10:17:40+00:00
RATNAMANI,2307.300048828125,2026-08-19T10:17:40+00:00
RATNAVEER,250.39999389648438,2026-08-19T10:17:40+00:00
RAYMOND,630.5,2026-08-19T10:17:40+00:00
RAYMONDLSL,727.5,2026-08-19T10:17:40+00:00
RAYMONDREL,572.5999755859375,2026-08-19T10:17:40+00:00
RBA,101.05999755859375,2026-08-19T10:17:40+00:00
RBLBANK,381.5,2026-08-19T10:17:40+00:00
RBZJEWEL,137.3800048828125,2026-08-19T10:17:40+00:00
RCF,119.02999877929688,2026-08-19T10:17:40+00:00
RCOM,0.7900000214576721,2026-08-19T10:17:40+00:00
RECLTD,337.0,2026-08-19T10:17:40+00:00
REDINGTON,335.04998779296875,2026-08-19T10:17:40+00:00
REDTAPE,126.04000091552734,2026-08-19T10:17:40+00:00
REFEX,297.04998779296875,2026-08-19T10:17:40+00:00
REGAAL,97.6500015258789,2026-08-19T10:17:40+00:00
REGENCERAM,35.7400016784668,2026-08-19T10:17:40+00:00
RELAXO,373.20001220703125,2026-08-19T10:17:40+00:00
RELCHEMQ,113.6500015258789,2026-08-19T10:17:40+00:00
RELIABLE,137.5399932861328,2026-08-19T10:17:40+00:00
RELIANCE,1311.0,2026-08-19T10:17:40+00:00
RELIGARE,230.6999969482422,2026-08-19T10:17:40+00:00
RELINFRA,63.189998626708984,2026-08-19T10:17:40+00:00
RELTD,160.07000732421875,2026-08-19T10:17:40+00:00
REMSONSIND,82.75,2026-08-19T10:17:40+00:00
RENUKA,24.239999771118164,2026-08-19T10:17:40+00:00
REPCOHOME,360.8500061035156,2026-08-19T10:17:40+00:00
REPL,60.18000030517578,2026-08-19T10:17:40+00:00
REPRO,329.20001220703125,2026-08-19T10:17:40+00:00
RESPONIND,156.5399932861328,2026-08-19T10:17:40+00:00
RETAIL,17.450000762939453,2026-08-19T10:17:40+00:00
RGL,130.1300048828125,2026-08-19T10:17:40+00:00
RHETAN,21.6200008392334,2026-08-19T10:17:40+00:00
RHFL,1.7300000190734863,2026-08-19T10:17:40+00:00
RHIM,374.8999938964844,2026-08-19T10:17:40+00:00
RHL,166.0,2026-08-19T10:17:40+00:00
RICOAUTO,129.1300048828125,2026-08-19T10:17:40+00:00
RIIL,731.4500122070312,2026-08-19T10:17:40+00:00
RIR,166.22999572753906,2026-08-19T10:17:40+00:00
RISHABH,695.0,2026-08-19T10:17:40+00:00
RITCO,313.0,2026-08-19T10:17:40+00:00
RITES,216.94000244140625,2026-08-19T10:17:40+00:00
RKDL,18.190000534057617,2026-08-19T10:17:40+00:00
RKEC,23.229999542236328,2026-08-19T10:17:40+00:00
RKFORGE,749.2000122070312,2026-08-19T10:17:40+00:00
RKSWAMY,94.79000091552734,2026-08-19T10:17:40+00:00
RMC,251.35000610351562,2026-08-19T10:17:40+00:00
RMDRIP,17.670000076293945,2026-08-19T10:17:40+00:00
RML,1080.300048828125,2026-08-19T10:17:40+00:00
RNBDENIMS,8.170000076293945,2026-08-19T10:17:40+00:00
ROHLTD,301.5,2026-08-19T10:17:40+00:00
ROLEXRINGS,174.6999969482422,2026-08-19T10:17:40+00:00
ROLLT,3.309999942779541,2026-08-19T10:17:40+00:00
ROML,43.93000030517578,2026-08-19T10:17:40+00:00
ROSSARI,496.25,2026-08-19T10:17:40+00:00
ROSSELLIND,56.150001525878906,2026-08-19T10:17:40+00:00
ROSSTECH,1079.699951171875,2026-08-19T10:17:40+00:00
ROTO,66.0,2026-08-19T10:17:40+00:00
ROUTE,501.5,2026-08-19T10:17:40+00:00
RPEL,1637.4000244140625,2026-08-19T10:17:40+00:00
RPGLIFE,2667.699951171875,2026-08-19T10:17:40+00:00
RPOWER,21.700000762939453,2026-08-19T10:17:40+00:00
RPPINFRA,57.470001220703125,2026-08-19T10:17:40+00:00
RPPL,22.719999313354492,2026-08-19T10:17:40+00:00
RPSGVENT,864.0999755859375,2026-08-19T10:17:40+00:00
RPTECH,838.25,2026-08-19T10:17:40+00:00
RRIL,17.030000686645508,2026-08-19T10:17:40+00:00
RRKABEL,2898.800048828125,2026-08-19T10:17:40+00:00
RSDFIN,96.33999633789062,2026-08-19T10:17:40+00:00
RSL,165.3699951171875,2026-08-19T10:17:40+00:00
RSSOFTWARE,31.309999465942383,2026-08-19T10:17:40+00:00
RSWM,199.72999572753906,2026-08-19T10:17:40+00:00
RSYSTEMS,238.89999389648438,2026-08-19T10:17:40+00:00
RTNINDIA,30.100000381469727,2026-08-19T10:17:40+00:00
RTNPOWER,7.809999942779541,2026-08-19T10:17:40+00:00
RUBFILA,69.2699966430664,2026-08-19T10:17:40+00:00
RUBICON,1798.800048828125,2026-08-19T10:17:40+00:00
RUBYMILLS,410.25,2026-08-19T10:17:40+00:00
RUCHINFRA,5.789999961853027,2026-08-19T10:17:40+00:00
RUCHIRA,101.93000030517578,2026-08-19T10:17:40+00:00
RUDRA,21.889999389648438,2026-08-19T10:17:40+00:00
RUPA,150.27000427246094,2026-08-19T10:17:40+00:00
RUSHIL,17.299999237060547,2026-08-19T10:17:40+00:00
RUSTOMJEE,369.8500061035156,2026-08-19T10:17:40+00:00
RVHL,41.720001220703125,2026-08-19T10:17:40+00:00
RVNL,223.5,2026-08-19T10:17:40+00:00
RVTH,731.4000244140625,2026-08-19T10:17:40+00:00
S&SPOWER,277.3500061035156,2026-08-19T10:17:40+00:00
SAATVIKGL,399.45001220703125,2026-08-19T10:17:40+00:00
SABEVENTS,132.60000610351562,2026-08-07T10:41:33+00:00
SADBHAV,7.989999771118164,2026-08-19T10:17:40+00:00
SADBHIN,2.759999990463257,2026-08-19T10:17:40+00:00
SADHNANIQ,2.9700000286102295,2026-08-19T10:17:40+00:00
SAFARI,1483.0,2026-08-19T10:17:40+00:00
SAGARDEEP,23.959999084472656,2026-08-19T10:17:40+00:00
SAGCEM,162.07000732421875,2026-08-19T10:17:40+00:00
SAGILITY,42.439998626708984,2026-08-19T10:17:40+00:00
SAHLIBHFI,71.08999633789062,2026-08-19T10:17:40+00:00
SAHYADRI,378.8999938964844,2026-08-19T10:17:40+00:00
SAIL,172.75,2026-08-19T10:17:40+00:00
SAILIFE,1422.199951171875,2026-08-19T10:17:40+00:00
SAIPARENT,540.4000244140625,2026-08-19T10:17:40+00:00
SAKAR,871.0,2026-08-19T10:17:40+00:00
SAKHTISUG,19.700000762939453,2026-08-19T10:17:40+00:00
SAKSOFT,164.3699951171875,2026-08-19T10:17:40+00:00
SAKUMA,1.5499999523162842,2026-08-19T10:17:40+00:00
SALASAR,6.059999942779541,2026-08-19T10:17:40+00:00
SALONA,265.3399963378906,2026-08-19T10:17:40+00:00
SALSTEEL,79.22000122070312,2026-08-19T10:17:40+00:00
SALZERELEC,572.5999755859375,2026-08-19T10:17:40+00:00
SAMBHAAV,6.349999904632568,2026-08-19T10:17:40+00:00
SAMBHV,122.91000366210938,2026-08-19T10:17:40+00:00
SAMHI,159.47999572753906,2026-08-19T10:17:40+00:00
SAMMAANCAP,153.6300048828125,2026-08-19T10:17:40+00:00
SAMPANN,26.020000457763672,2026-08-19T10:17:40+00:00
SANATHAN,447.79998779296875,2026-08-19T10:17:40+00:00
SANDESH,1051.5,2026-08-19T10:17:40+00:00
SANDHAR,636.6500244140625,2026-08-19T10:17:40+00:00
SANDUMA,196.4499969482422,2026-08-19T10:17:40+00:00
SANGAMIND,576.75,2026-08-19T10:17:40+00:00
SANGHVIMOV,498.75,2026-08-19T10:17:40+00:00
SANGINITA,62.5,2026-08-19T10:17:40+00:00
SANOFI,3271.300048828125,2026-08-19T10:17:40+00:00
SANOFICONR,4221.7001953125,2026-08-19T10:17:40+00:00
SANSERA,3894.300048828125,2026-08-19T10:17:40+00:00
SANSTAR,106.19000244140625,2026-08-19T10:17:40+00:00
SANWARIA,0.1899999976158142,2026-08-19T10:17:40+00:00
SAPPHIRE,233.7100067138672,2026-08-19T10:17:40+00:00
SAPPL,289.54998779296875,2026-08-19T10:17:40+00:00
SARDAEN,512.0499877929688,2026-08-19T10:17:40+00:00
SAREGAMA,508.5,2026-08-19T10:17:40+00:00
SARLAPOLY,100.0999984741211,2026-08-19T10:17:40+00:00
SARVESHWAR,3.4000000953674316,2026-08-19T10:17:40+00:00
SASKEN,1913.4000244140625,2026-08-19T10:17:40+00:00
SATIA,57.7400016784668,2026-08-19T10:17:40+00:00
SATIN,225.08999633789062,2026-08-19T10:17:40+00:00
SAURASHCEM,57.70000076293945,2026-08-19T10:17:40+00:00
SAYAJIHOTL,323.6000061035156,2026-08-19T10:17:40+00:00
SBC,38.880001068115234,2026-08-19T10:17:40+00:00
SBCL,1025.550048828125,2026-08-19T10:17:40+00:00
SBFC,92.7699966430664,2026-08-19T10:17:40+00:00
SBGLP,24.360000610351562,2026-08-19T10:17:40+00:00
SBICARD,623.6500244140625,2026-08-19T10:17:40+00:00
SBIFUNDS,553.9500122070312,2026-08-19T10:17:40+00:00
SBILIFE,1780.4000244140625,2026-08-19T10:17:40+00:00
SBIN,1048.5999755859375,2026-08-19T10:17:40+00:00
SCANSTL,63.540000915527344,2026-08-19T10:17:40+00:00
SCHAEFFLER,4104.89990234375,2026-08-19T10:17:40+00:00
SCHAND,137.13999938964844,2026-08-19T10:17:40+00:00
SCHNEIDER,1253.800048828125,2026-08-19T10:17:40+00:00
SCI,295.3500061035156,2026-08-19T10:17:40+00:00
SCILAL,40.209999084472656,2026-08-19T10:17:40+00:00
SCODATUBES,126.06999969482422,2026-08-19T10:17:40+00:00
SCPL,678.2000122070312,2026-08-19T10:17:40+00:00
SDBL,73.11000061035156,2026-08-19T10:17:40+00:00
SEAMECLTD,1635.699951171875,2026-08-19T10:17:40+00:00
SECMARK,128.0,2026-08-19T10:17:40+00:00
SECURKLOUD,17.850000381469727,2026-08-19T10:17:40+00:00
SEDEMAC,3222.699951171875,2026-08-19T10:17:40+00:00
SEIL,210.92999267578125,2026-08-19T10:17:40+00:00
SEJALLTD,684.2999877929688,2026-08-19T10:17:40+00:00
SELMC,27.09000015258789,2026-08-19T10:17:40+00:00
SEMAC,296.6499938964844,2026-08-19T10:17:40+00:00
SENCO,331.6000061035156,2026-08-19T10:17:40+00:00
SENORES,1550.9000244140625,2026-08-19T10:17:40+00:00
SEPC,5.710000038146973,2026-08-19T10:17:40+00:00
SERVOTECH,81.13999938964844,2026-08-19T10:17:40+00:00
SESHAPAPER,226.75,2026-08-19T10:17:40+00:00
SETCO,16.829999923706055,2026-08-19T10:17:40+00:00
SETL,309.6000061035156,2026-08-19T10:17:40+00:00
SETUINFRA,0.4399999976158142,2026-08-19T10:17:40+00:00
SEYAIND,12.670000076293945,2026-08-19T10:17:40+00:00
SFL,678.4500122070312,2026-08-19T10:17:40+00:00
SGFIN,692.75,2026-08-19T10:17:40+00:00
SGIL,555.25,2026-08-19T10:17:40+00:00
SGL,9.760000228881836,2026-08-19T10:17:40+00:00
SGMART,803.2000122070312,2026-08-19T10:17:40+00:00
SHADOWFAX,264.8399963378906,2026-08-19T10:17:40+00:00
SHAH,3.9100000858306885,2026-08-19T10:17:40+00:00
SHAHALLOYS,80.68000030517578,2026-08-19T10:17:40+00:00
SHAILY,3367.199951171875,2026-08-19T10:17:40+00:00
SHAKTIPUMP,492.3999938964844,2026-08-19T10:17:40+00:00
SHALBY,155.4499969482422,2026-08-19T10:17:40+00:00
SHALPAINTS,82.54000091552734,2026-08-19T10:17:40+00:00
SHANKARA,142.5399932861328,2026-08-19T10:17:40+00:00
SHANTI,6.28000020980835,2026-08-19T10:17:40+00:00
SHANTI-RE,27.809999465942383,2026-08-19T10:17:40+00:00
SHANTIGEAR,386.6499938964844,2026-08-19T10:17:40+00:00
SHANTIGOLD,241.75,2026-08-19T10:17:40+00:00
SHARDACROP,770.7000122070312,2026-08-19T10:17:40+00:00
SHARDAMOTR,943.0,2026-08-19T10:17:40+00:00
SHARDUL,53.06999969482422,2026-08-19T10:17:40+00:00
SHAREINDIA,175.25999450683594,2026-08-19T10:17:40+00:00
SHBAJRG,173.5800018310547,2026-08-19T10:17:40+00:00
SHEKHAWATI,18.43000030517578,2026-08-19T10:17:40+00:00
SHEMAROO,133.32000732421875,2026-08-19T10:17:40+00:00
SHILCTECH,3913.300048828125,2026-08-19T10:17:40+00:00
SHILPAMED,807.75,2026-08-19T10:17:40+00:00
SHINDL,165.3800048828125,2026-08-19T10:17:40+00:00
SHIVALIK,256.1099853515625,2026-08-19T10:17:40+00:00
SHIVAMAUTO,15.319999694824219,2026-08-19T10:17:40+00:00
SHIVAMILLS,61.400001525878906,2026-08-19T10:17:40+00:00
SHIVATEX,166.10000610351562,2026-08-19T10:17:40+00:00
SHIVAUM,447.1499938964844,2026-08-19T10:17:40+00:00
SHK,160.0,2026-08-19T10:17:40+00:00
SHOPERSTOP,417.1499938964844,2026-08-19T10:17:40+00:00
SHRADHA,33.880001068115234,2026-08-19T10:17:40+00:00
SHREDIGCEM,70.36000061035156,2026-08-19T10:17:40+00:00
SHREECEM,24340.0,2026-08-19T10:17:40+00:00
SHREEJISPG,649.4500122070312,2026-08-19T10:17:40+00:00
SHREEPUSHK,385.79998779296875,2026-08-19T10:17:40+00:00
SHREERAMA,44.369998931884766,2026-08-19T10:17:40+00:00
SHRENIK,0.30000001192092896,2026-08-19T10:17:40+00:00
SHREYANIND,127.83000183105469,2026-08-19T10:17:40+00:00
SHRIKRISH,38.459999084472656,2026-08-19T10:17:40+00:00
SHRINGARMS,224.47999572753906,2026-08-19T10:17:40+00:00
SHRIPISTON,4454.0,2026-08-19T10:17:40+00:00
SHRIRAMFIN,1106.0,2026-08-19T10:17:40+00:00
SHRIRAMPPS,77.30999755859375,2026-08-19T10:17:40+00:00
SHUKRAPHAR,42.66999816894531,2026-08-19T10:17:40+00:00
SHYAMCENT,4.980000019073486,2026-08-19T10:17:40+00:00
SHYAMMETL,989.9000244140625,2026-08-19T10:17:40+00:00
SHYAMTEL,14.1899995803833,2026-08-19T10:17:40+00:00
SICAGEN,55.849998474121094,2026-08-19T10:17:40+00:00
SICALLOG,109.8499984741211,2026-08-19T10:17:40+00:00
SIEMENS,3898.89990234375,2026-08-19T10:17:40+00:00
SIGACHI,28.8799991607666,2026-08-19T10:17:40+00:00
SIGIND,70.31999969482422,2026-08-19T10:17:40+00:00
SIGMA,46.119998931884766,2026-08-19T10:17:40+00:00
SIGMAADV,691.3499755859375,2026-08-19T10:17:40+00:00
SIGNATURE,784.9000244140625,2026-08-19T10:17:40+00:00
SIGNPOST,266.1499938964844,2026-08-19T10:17:40+00:00
SIKA,1035.0999755859375,2026-08-19T10:17:40+00:00
SIKKO,5.269999980926514,2026-08-19T10:17:40+00:00
SIL,19.559999465942383,2026-08-19T10:17:40+00:00
SILGO,69.88999938964844,2026-08-19T10:17:40+00:00
SILINV,438.04998779296875,2026-08-19T10:17:40+00:00
SILLYMONKS,15.890000343322754,2026-08-19T10:17:40+00:00
SILVERTUC,196.52000427246094,2026-08-19T10:17:40+00:00
SIMBHALS,7.519999980926514,2026-08-19T10:17:40+00:00
SIMPLEXINF,261.6499938964844,2026-08-19T10:17:40+00:00
SINCLAIR,75.22000122070312,2026-08-19T10:17:40+00:00
SINDHUTRAD,24.110000610351562,2026-08-19T10:17:40+00:00
SINGERIND,83.36000061035156,2026-08-19T10:17:40+00:00
SINTERCOM,85.0,2026-08-19T10:17:40+00:00
SIRCA,442.29998779296875,2026-08-19T10:17:40+00:00
SIS,414.5,2026-08-19T10:17:40+00:00
SITINET,0.2800000011920929,2026-08-19T10:17:40+00:00
SIYSIL,632.7999877929688,2026-08-19T10:17:40+00:00
SJS,2508.0,2026-08-19T10:17:40+00:00
SJVN,66.04000091552734,2026-08-19T10:17:40+00:00
SKFINDIA,1629.699951171875,2026-08-19T10:17:40+00:00
SKFINDUS,2800.39990234375,2026-08-19T10:17:40+00:00
SKIPPER,550.8499755859375,2026-08-19T10:17:40+00:00
SKMEGGPROD,253.25999450683594,2026-08-19T10:17:40+00:00
SKYGOLD,777.75,2026-08-19T10:17:40+00:00
SMARTLINK,227.16000366210938,2026-08-19T10:17:40+00:00
SMARTWORKS,502.3500061035156,2026-08-19T10:17:40+00:00
SMCGLOBAL,81.33000183105469,2026-08-19T10:17:40+00:00
SMLMAH,5228.5,2026-08-19T10:17:40+00:00
SMLT,68.52999877929688,2026-08-19T10:17:40+00:00
SMSPHARMA,356.04998779296875,2026-08-19T10:17:40+00:00
SNOWMAN,37.61000061035156,2026-08-19T10:17:40+00:00
SOBHA,1274.0999755859375,2026-08-19T10:17:40+00:00
SOFTTECH,421.45001220703125,2026-08-19T10:17:40+00:00
SOLARA,550.0499877929688,2026-08-19T10:17:40+00:00
SOLARINDS,19721.0,2026-08-19T10:17:40+00:00
SOLARWORLD,153.57000732421875,2026-08-19T10:17:40+00:00
SOLEX,789.0999755859375,2026-08-19T10:17:40+00:00
SOMANYCERA,509.25,2026-08-19T10:17:40+00:00
SOMATEX,85.94000244140625,2026-08-19T10:17:40+00:00
SOMICONVEY,86.61000061035156,2026-08-19T10:17:40+00:00
SONACOMS,823.5,2026-08-19T10:17:40+00:00
SONAL,90.45999908447266,2026-08-19T10:17:40+00:00
SONAMLTD,67.19000244140625,2026-08-19T10:17:40+00:00
SONATSOFTW,307.79998779296875,2026-08-19T10:17:40+00:00
SOTL,699.4000244140625,2026-08-19T10:17:40+00:00
SOUTHBANK,45.0,2026-08-19T10:17:40+00:00
SOUTHWEST,216.75,2026-08-19T10:17:40+00:00
SPAL,920.9000244140625,2026-08-19T10:17:40+00:00
SPANDANA,239.3000030517578,2026-08-19T10:17:40+00:00
SPARC,193.11000061035156,2026-08-19T10:17:40+00:00
SPCENET,3.359999895095825,2026-08-19T10:17:40+00:00
SPECIALITY,141.3699951171875,2026-08-19T10:17:40+00:00
SPECTRUM,2284.800048828125,2026-08-19T10:17:40+00:00
SPENCERS,30.56999969482422,2026-08-19T10:17:40+00:00
SPIC,68.05000305175781,2026-08-19T10:17:40+00:00
SPLIL,29.420000076293945,2026-08-19T10:17:40+00:00
SPLPETRO,702.5999755859375,2026-08-19T10:17:40+00:00
SPMLINFRA,195.55999755859375,2026-08-19T10:17:40+00:00
SPORTKING,209.6199951171875,2026-08-19T10:17:40+00:00
SRD,40.939998626708984,2026-08-19T10:17:40+00:00
SREEL,248.27000427246094,2026-08-19T10:17:40+00:00
SRF,2578.60009765625,2026-08-19T10:17:40+00:00
SRGHFL,260.1000061035156,2026-08-19T10:17:40+00:00
SRHHYPOLTD,479.20001220703125,2026-08-19T10:17:40+00:00
SRM,493.75,2026-08-19T10:17:40+00:00
SRTL,38.84000015258789,2026-08-19T10:17:40+00:00
SSDL,59.7599983215332,2026-08-19T10:17:40+00:00
SSWL,315.8500061035156,2026-08-19T10:17:40+00:00
STALLION,225.14999389648438,2026-08-19T10:17:40+00:00
STANLEY,136.08999633789062,2026-08-19T10:17:40+00:00
STAR,957.5,2026-08-19T10:17:40+00:00
STARCEMENT,193.94000244140625,2026-08-19T10:17:40+00:00
STARHEALTH,582.7999877929688,2026-08-19T10:17:40+00:00
STARPAPER,146.22000122070312,2026-08-19T10:17:40+00:00
STARTECK,257.04998779296875,2026-08-19T10:17:40+00:00
STCINDIA,116.05999755859375,2026-08-19T10:17:40+00:00
STEELCAS,357.3500061035156,2026-08-19T10:17:40+00:00
STEELCITY,82.18000030517578,2026-08-19T10:17:40+00:00
STEELXIND,10.670000076293945,2026-08-19T10:17:40+00:00
STEL,581.0,2026-08-19T10:17:40+00:00
STERTOOLS,223.5,2026-08-19T10:17:40+00:00
STLNETWORK,24.969999313354492,2026-08-19T10:17:40+00:00
STLTECH,621.2000122070312,2026-08-19T10:17:40+00:00
STOVEKRAFT,756.5499877929688,2026-08-19T10:17:40+00:00
STUDDS,448.0,2026-08-19T10:17:40+00:00
STYL,379.5,2026-08-19T10:17:40+00:00
STYLAMIND,3664.300048828125,2026-08-19T10:17:40+00:00
STYLEBAAZA,422.75,2026-08-19T10:17:40+00:00
STYRENIX,2126.60009765625,2026-08-19T10:17:40+00:00
SUBEXLTD,15.920000076293945,2026-08-19T10:17:40+00:00
SUBROS,737.2000122070312,2026-08-19T10:17:40+00:00
SUDARCOLOR,405.75,2026-08-19T10:17:40+00:00
SUDARSCHEM,1134.9000244140625,2026-08-19T10:17:40+00:00
SUDEEPPHRM,1156.4000244140625,2026-08-19T10:17:40+00:00
SUKHJITS,156.2100067138672,2026-08-19T10:17:40+00:00
SULA,145.42999267578125,2026-08-19T10:17:40+00:00
SUMEETINDS,12.75,2026-08-19T10:17:40+00:00
SUMICHEM,554.2000122070312,2026-08-19T10:17:40+00:00
SUMIT,53.5099983215332,2026-08-19T10:17:40+00:00
SUMMITSEC,1430.199951171875,2026-08-19T10:17:40+00:00
SUNCLAY,1281.0999755859375,2026-08-19T10:17:40+00:00
SUNDARAM,1.2899999618530273,2026-08-19T10:17:40+00:00
SUNDARMFIN,4485.10009765625,2026-08-19T10:17:40+00:00
SUNDRMBRAK,851.0999755859375,2026-08-19T10:17:40+00:00
SUNDRMFAST,1242.199951171875,2026-08-19T10:17:40+00:00
SUNDROP,649.9500122070312,2026-08-19T10:17:40+00:00
SUNFLAG,353.54998779296875,2026-08-19T10:17:40+00:00
SUNPHARMA,1900.0,2026-08-19T10:17:40+00:00
SUNTECK,296.20001220703125,2026-08-19T10:17:40+00:00
SUNTV,480.8999938964844,2026-08-19T10:17:40+00:00
SUPERHOUSE,164.0,2026-08-19T10:17:40+00:00
SUPERSPIN,5.909999847412109,2026-08-19T10:17:40+00:00
SUPRAJIT,517.6500244140625,2026-08-19T10:17:40+00:00
SUPREME,39.529998779296875,2026-08-19T10:17:40+00:00
SUPREMEENG,2.450000047683716,2026-08-19T10:17:40+00:00
SUPREMEIND,3610.0,2026-08-19T10:17:40+00:00
SUPREMEINF,86.1500015258789,2026-08-19T10:17:40+00:00
SUPRIYA,787.7999877929688,2026-08-19T10:17:40+00:00
SURAJEST,205.8699951171875,2026-08-19T10:17:40+00:00
SURAJLTD,203.32000732421875,2026-08-19T10:17:40+00:00
SURAKSHA,308.5,2026-08-19T10:17:40+00:00
SURANASOL,26.110000610351562,2026-08-19T10:17:40+00:00
SURANAT&P,16.149999618530273,2026-08-19T10:17:40+00:00
SURYALA,380.1000061035156,2026-08-19T10:17:40+00:00
SURYALAXMI,56.369998931884766,2026-08-19T10:17:40+00:00
SURYAROSNI,218.7100067138672,2026-08-19T10:17:40+00:00
SURYODAY,151.72999572753906,2026-08-19T10:17:40+00:00
SUTLEJTEX,38.09000015258789,2026-08-19T10:17:40+00:00
SUVEN,332.54998779296875,2026-08-19T10:17:40+00:00
SUVIDHAA,2.380000114440918,2026-08-19T10:17:40+00:00
SUYOG,759.25,2026-08-19T10:17:40+00:00
SUZLON,46.77000045776367,2026-08-19T10:17:40+00:00
SVLL,770.0,2026-08-19T10:17:40+00:00
SVPGLOB,3.7200000286102295,2026-08-19T10:17:40+00:00
SWANCORP,303.20001220703125,2026-08-19T10:17:40+00:00
SWANDEF,2348.199951171875,2026-08-19T10:17:40+00:00
SWARAJ,367.04998779296875,2026-08-19T10:17:40+00:00
SWARAJENG,3588.800048828125,2026-08-19T10:17:40+00:00
SWELECTES,606.5499877929688,2026-08-19T10:17:40+00:00
SWIGGY,272.3999938964844,2026-08-19T10:17:40+00:00
SWSOLAR,195.99000549316406,2026-08-19T10:17:40+00:00
SYMPHONY,602.0499877929688,2026-08-19T10:17:40+00:00
SYNCOMF,15.329999923706055,2026-08-19T10:17:40+00:00
SYNGENE,396.8500061035156,2026-08-19T10:17:40+00:00
SYRMA,1494.800048828125,2026-08-19T10:17:40+00:00
SYSTMTXC,58.029998779296875,2026-08-19T10:17:40+00:00
TAALTECH,4227.7001953125,2026-08-19T10:17:40+00:00
TAINWALCHM,218.22000122070312,2026-08-19T10:17:40+00:00
TAJGVK,344.04998779296875,2026-08-19T10:17:40+00:00
TAKE,22.889999389648438,2026-08-19T10:17:40+00:00
TALBROAUTO,423.04998779296875,2026-08-19T10:17:40+00:00
TAMBOLIIN,255.0399932861328,2026-08-19T10:17:40+00:00
TANLA,571.2000122070312,2026-08-19T10:17:40+00:00
TARACHAND,47.95000076293945,2026-08-19T10:17:40+00:00
TARAPUR,15.34000015258789,2026-08-19T10:17:40+00:00
TARC,119.83999633789062,2026-08-19T10:17:40+00:00
TARIL,291.25,2026-08-19T10:17:40+00:00
TARMAT,52.779998779296875,2026-08-19T10:17:40+00:00
TARSONS,343.1000061035156,2026-08-19T10:17:40+00:00
TASTYBITE,10392.0,2026-08-19T10:17:40+00:00
TATACAP,365.54998779296875,2026-08-19T10:17:40+00:00
TATACHEM,636.2999877929688,2026-08-19T10:17:40+00:00
TATACOMM,1660.0,2026-08-19T10:17:40+00:00
TATACONSUM,1068.0,2026-08-19T10:17:40+00:00
TATAELXSI,3659.699951171875,2026-08-19T10:17:40+00:00
TATAINVEST,652.9000244140625,2026-08-19T10:17:40+00:00
TATAPOWER,378.8999938964844,2026-08-19T10:17:40+00:00
TATASTEEL,184.0,2026-08-19T10:17:40+00:00
TATATECH,812.5499877929688,2026-08-19T10:17:40+00:00
TATVA,1647.800048828125,2026-08-19T10:17:40+00:00
TBOTEK,1661.4000244140625,2026-08-19T10:17:40+00:00
TBZ,248.0500030517578,2026-08-19T10:17:40+00:00
TCC,252.35000610351562,2026-08-19T10:17:40+00:00
TCI,907.7999877929688,2026-08-19T10:17:40+00:00
TCIEXP,547.2000122070312,2026-08-19T10:17:40+00:00
TCIFINANCE,15.380000114440918,2026-08-19T10:17:40+00:00
TCPLPACK,4094.199951171875,2026-08-19T10:17:40+00:00
TCS,2289.0,2026-08-19T10:17:40+00:00
TDPOWERSYS,1545.5999755859375,2026-08-19T10:17:40+00:00
TEAMGTY,229.99000549316406,2026-08-19T10:17:40+00:00
TEAMLEASE,1235.199951171875,2026-08-19T10:17:40+00:00
TECHM,1589.800048828125,2026-08-19T10:17:40+00:00
TECHNOCRAF,314.79998779296875,2026-08-19T10:17:40+00:00
TECHNOE,996.9500122070312,2026-08-19T10:17:40+00:00
TECHNVISN,5083.7998046875,2026-08-19T10:17:40+00:00
TECILCHEM,10.239999771118164,2026-08-19T10:17:40+00:00
TEGA,1726.5999755859375,2026-08-19T10:17:40+00:00
TEJASNET,509.54998779296875,2026-08-19T10:17:40+00:00
TEMBO,59.75,2026-08-19T10:17:40+00:00
TENNIND,556.8499755859375,2026-08-19T10:17:40+00:00
TERASOFT,329.45001220703125,2026-08-19T10:17:40+00:00
TEXINFRA,107.45999908447266,2026-08-19T10:17:40+00:00
TEXMOPIPES,44.380001068115234,2026-08-19T10:17:40+00:00
TEXRAIL,102.6500015258789,2026-08-19T10:17:40+00:00
TFCILTD,131.41000366210938,2026-08-19T10:17:40+00:00
TFL,11.40999984741211,2026-08-19T10:17:40+00:00
TGBHOTELS,9.180000305175781,2026-08-19T10:17:40+00:00
THACKER,1054.699951171875,2026-08-19T10:17:40+00:00
THAKDEV,150.0,2026-08-19T10:17:40+00:00
THANGAMAYL,5514.5,2026-08-19T10:17:40+00:00
THEINVEST,98.18000030517578,2026-08-19T10:17:40+00:00
THEJO,2124.60009765625,2026-08-19T10:17:40+00:00
THELEELA,532.7999877929688,2026-08-19T10:17:40+00:00
THEMISMED,104.20999908447266,2026-08-19T10:17:40+00:00
THERMAX,4025.5,2026-08-19T10:17:40+00:00
THOMASCOOK,100.55000305175781,2026-08-19T10:17:40+00:00
THOMASCOTT,288.79998779296875,2026-08-19T10:17:40+00:00
THYROCARE,582.5,2026-08-19T10:17:40+00:00
TI,573.8499755859375,2026-08-19T10:17:40+00:00
TICL,9.640000343322754,2026-08-19T10:17:40+00:00
TIGERLOGS,28.979999542236328,2026-08-19T10:17:40+00:00
TIIL,3127.5,2026-08-19T10:17:40+00:00
TIINDIA,2961.0,2026-08-19T10:17:40+00:00
TIJARIA,6.119999885559082,2026-08-19T10:17:40+00:00
TIL,227.0,2026-08-19T10:17:40+00:00
TIMETECHNO,190.88999938964844,2026-08-19T10:17:40+00:00
TIMEX,563.0,2026-08-19T10:17:40+00:00
TIMKEN,3231.800048828125,2026-08-19T10:17:40+00:00
TINNARUBR,1049.4000244140625,2026-08-19T10:17:40+00:00
TIPSFILMS,349.75,2026-08-19T10:17:40+00:00
TIPSMUSIC,651.7000122070312,2026-08-19T10:17:40+00:00
TIRUMALCHM,144.27999877929688,2026-08-19T10:17:40+00:00
TIRUPATIFL,64.87999725341797,2026-08-19T10:17:40+00:00
TITAGARH,831.75,2026-08-19T10:17:40+00:00
TITAN,5068.0,2026-08-19T10:17:40+00:00
TMB,838.8499755859375,2026-08-19T10:17:40+00:00
TMCV,478.29998779296875,2026-08-19T10:17:40+00:00
TMPV,321.29998779296875,2026-08-19T10:17:40+00:00
TNPETRO,113.47000122070312,2026-08-19T10:17:40+00:00
TNPL,138.69000244140625,2026-08-19T10:17:40+00:00
TNTELE,8.989999771118164,2026-08-19T10:17:40+00:00
TOKYOPLAST,77.01000213623047,2026-08-19T10:17:40+00:00
TOLINS,95.94999694824219,2026-08-19T10:17:40+00:00
TORNTPHARM,5013.0,2026-08-19T10:17:40+00:00
TORNTPOWER,1243.699951171875,2026-08-19T10:17:40+00:00
TOTAL,70.43000030517578,2026-08-19T10:17:40+00:00
TOUCHWOOD,61.709999084472656,2026-08-19T10:17:40+00:00
TPHQ,0.6899999976158142,2026-08-19T10:17:40+00:00
TPLPLASTEH,78.88999938964844,2026-08-19T10:17:40+00:00
TRACXN,28.229999542236328,2026-08-19T10:17:40+00:00
TRANSPEK,1189.4000244140625,2026-08-19T10:17:40+00:00
TRANSRAILL,457.6000061035156,2026-08-19T10:17:40+00:00
TRANSWORLD,164.97000122070312,2026-08-19T10:17:40+00:00
TRAVELFOOD,1321.699951171875,2026-08-19T10:17:40+00:00
TREEHOUSE,6.079999923706055,2026-08-19T10:17:40+00:00
TREJHARA,162.55999755859375,2026-08-19T10:17:40+00:00
TREL,26.860000610351562,2026-08-19T10:17:40+00:00
TRENT,2953.0,2026-08-19T10:17:40+00:00
TRF,229.0500030517578,2026-08-19T10:17:40+00:00
TRIDENT,24.489999771118164,2026-08-19T10:17:40+00:00
TRIGYN,54.70000076293945,2026-08-19T10:17:40+00:00
TRITURBINE,569.6500244140625,2026-08-19T10:17:40+00:00
TRIVENI,289.2300109863281,2026-08-19T10:17:40+00:00
TRU,4.300000190734863,2026-08-19T10:17:40+00:00
TRUALT,472.0,2026-08-19T10:17:40+00:00
TSFINV,414.70001220703125,2026-08-19T10:17:40+00:00
TTKHLTCARE,1099.0999755859375,2026-08-19T10:17:40+00:00
TTKPRESTIG,585.0999755859375,2026-08-19T10:17:40+00:00
TTL,6.329999923706055,2026-08-19T10:17:40+00:00
TTML,37.66999816894531,2026-08-19T10:17:40+00:00
TURTLEMINT,138.9199981689453,2026-08-19T10:17:40+00:00
TVSELECT,438.95001220703125,2026-08-19T10:17:40+00:00
TVSHLTD,13946.0,2026-08-19T10:17:40+00:00
TVSMOTOR,4361.10009765625,2026-08-19T10:17:40+00:00
TVSSCS,120.83999633789062,2026-08-19T10:17:40+00:00
TVSSRICHAK,4821.7998046875,2026-08-19T10:17:40+00:00
TVTODAY,117.41000366210938,2026-08-19T10:17:40+00:00
TVVISION,3.940000057220459,2026-08-19T10:17:40+00:00
UBL,1354.800048828125,2026-08-19T10:17:40+00:00
UCAL,146.17999267578125,2026-08-19T10:17:40+00:00
UCOBANK,25.68000030517578,2026-08-19T10:17:40+00:00
UDS,216.6300048828125,2026-08-19T10:17:40+00:00
UEL,200.8000030517578,2026-08-19T10:17:40+00:00
UFBL,779.2999877929688,2026-08-19T10:17:40+00:00
UFLEX,620.9500122070312,2026-08-19T10:17:40+00:00
UFO,64.81999969482422,2026-08-19T10:17:40+00:00
UGARSUGAR,50.40999984741211,2026-08-19T10:17:40+00:00
UGROCAP,88.18000030517578,2026-08-19T10:17:40+00:00
UJJIVANSFB,71.80000305175781,2026-08-19T10:17:40+00:00
ULTRACEMCO,11450.0,2026-08-19T10:17:40+00:00
ULTRAMAR,399.04998779296875,2026-08-19T10:17:40+00:00
UMAEXPORTS,22.489999771118164,2026-08-19T10:17:40+00:00
UMESLTD,5.800000190734863,2026-08-19T10:17:40+00:00
UMIYA-MRO,88.55000305175781,2026-08-19T10:17:40+00:00
UNICHEMLAB,512.9000244140625,2026-08-19T10:17:40+00:00
UNIDT,220.77000427246094,2026-08-19T10:17:40+00:00
UNIECOM,86.83000183105469,2026-08-19T10:17:40+00:00
UNIENTER,95.48999786376953,2026-08-19T10:17:40+00:00
UNIINFO,11.289999961853027,2026-08-19T10:17:40+00:00
UNIMECH,1498.4000244140625,2026-08-19T10:17:40+00:00
UNIONBANK,186.89999389648438,2026-08-19T10:17:40+00:00
UNIPARTS,820.0,2026-08-19T10:17:40+00:00
UNITDSPR,1524.0,2026-08-19T10:17:40+00:00
UNITECH,3.950000047683716,2026-08-19T10:17:40+00:00
UNITEDPOLY,35.22999954223633,2026-08-19T10:17:40+00:00
UNITEDTEA,451.6499938964844,2026-08-19T10:17:40+00:00
UNIVASTU,168.0500030517578,2026-08-19T10:17:40+00:00
UNIVCABLES,1662.0,2026-08-19T10:17:40+00:00
UNIVPHOTO,456.20001220703125,2026-08-19T10:17:40+00:00
UNOMINDA,1272.0,2026-08-19T10:17:40+00:00
UPL,568.0,2026-08-19T10:17:40+00:00
URAVIDEF,103.51000213623047,2026-08-19T10:17:40+00:00
URBANCO,147.8300018310547,2026-08-19T10:17:40+00:00
URJA,9.300000190734863,2026-08-19T10:17:40+00:00
USHAMART,501.54998779296875,2026-08-19T10:17:40+00:00
USK,21.950000762939453,2026-08-19T10:17:40+00:00
UTIAMC,892.4500122070312,2026-08-19T10:17:40+00:00
UTKARSHBNK,13.880000114440918,2026-08-19T10:17:40+00:00
UTLSOLAR,483.95001220703125,2026-08-19T10:17:40+00:00
UTTAMSUGAR,300.989990234375,2026-08-19T10:17:40+00:00
UYFINCORP,20.219999313354492,2026-08-19T10:17:40+00:00
V2RETAIL,220.27000427246094,2026-08-19T10:17:40+00:00
VADILALIND,7401.5,2026-08-19T10:17:40+00:00
VAIBHAVGBL,221.0,2026-08-19T10:17:40+00:00
VAISHALI,8.25,2026-08-19T10:17:40+00:00
VAKRANGEE,5.78000020980835,2026-08-19T10:17:40+00:00
VALIANTLAB,91.95999908447266,2026-08-19T10:17:40+00:00
VALIANTORG,316.54998779296875,2026-08-19T10:17:40+00:00
VAML,436.20001220703125,2026-08-19T10:17:40+00:00
VARDHACRLC,43.97999954223633,2026-08-19T10:17:40+00:00
VARDMNPOLY,6.119999885559082,2026-08-19T10:17:40+00:00
VARROC,830.9000244140625,2026-08-19T10:17:40+00:00
VASCONEQ,30.93000030517578,2026-08-19T10:17:40+00:00
VASWANI,48.36000061035156,2026-08-19T10:17:40+00:00
VBL,431.8500061035156,2026-08-19T10:17:40+00:00
VCL,1.940000057220459,2026-08-19T10:17:40+00:00
VEDL,262.6000061035156,2026-08-19T10:17:40+00:00
VEDPOWER,35.869998931884766,2026-08-19T10:17:40+00:00
VEEDOL,1517.800048828125,2026-08-19T10:17:40+00:00
VELJAN,1800.5999755859375,2026-08-19T10:17:40+00:00
VENKEYS,1502.199951171875,2026-08-19T10:17:40+00:00
VENTIVE,586.75,2026-08-19T10:17:40+00:00
VENUSPIPES,1549.4000244140625,2026-08-19T10:17:40+00:00
VENUSREM,1769.800048828125,2026-08-19T10:17:40+00:00
VERANDA,233.6999969482422,2026-08-19T10:17:40+00:00
VERTOZ,35.84000015258789,2026-08-19T10:17:40+00:00
VESUVIUS,433.6499938964844,2026-08-19T10:17:40+00:00
VETO,122.51000213623047,2026-08-19T10:17:40+00:00
VGL,58.060001373291016,2026-08-19T10:17:40+00:00
VGUARD,333.3500061035156,2026-08-19T10:17:40+00:00
VHL,3412.39990234375,2026-08-19T10:17:40+00:00
VHLTD,133.11000061035156,2026-08-19T10:17:40+00:00
VIDHIING,315.70001220703125,2026-08-19T10:17:40+00:00
VIDYAWIRES,88.25,2026-08-19T10:17:40+00:00
VIJAYA,1490.0,2026-08-19T10:17:40+00:00
VIJIFIN,13.130000114440918,2026-08-19T10:17:40+00:00
VIKASECO,1.0800000429153442,2026-08-19T10:17:40+00:00
VIKASLIFE,1.2100000381469727,2026-08-19T10:17:40+00:00
VIKRAMSOLR,170.83999633789062,2026-08-19T10:17:40+00:00
VIKRAN,60.779998779296875,2026-08-19T10:17:40+00:00
VIMTALABS,621.6500244140625,2026-08-19T10:17:40+00:00
VINATIORGA,1326.699951171875,2026-08-19T10:17:40+00:00
VINCOFE,152.91000366210938,2026-08-19T10:17:40+00:00
VINDHYATEL,2438.800048828125,2026-08-19T10:17:40+00:00
VINEETLAB,37.7400016784668,2026-08-19T10:17:40+00:00
VINNY,1.059999942779541,2026-08-19T10:17:40+00:00
VINYLINDIA,235.75,2026-08-19T10:17:40+00:00
VIPCLOTHNG,20.809999465942383,2026-08-19T10:17:40+00:00
VIPIND,310.79998779296875,2026-08-19T10:17:40+00:00
VIPULLTD,15.15999984741211,2026-08-19T10:17:40+00:00
VIRINCHI,15.020000457763672,2026-08-19T10:17:40+00:00
VISACHROME,37.779998779296875,2026-08-19T10:17:40+00:00
VISAKAIND,93.29000091552734,2026-08-19T10:17:40+00:00
VISHNU,622.0999755859375,2026-08-19T10:17:40+00:00
VISHWARAJ,5.5,2026-08-19T10:17:40+00:00
VISL,36.11000061035156,2026-08-19T10:17:40+00:00
VITAL,50.029998779296875,2026-08-19T10:17:40+00:00
VIVIANA,690.25,2026-08-19T10:17:40+00:00
VIVIDHA,0.5400000214576721,2026-08-19T10:17:40+00:00
VIVIMEDLAB,5.670000076293945,2026-08-19T10:17:40+00:00
VIYASH,271.3999938964844,2026-08-19T10:17:40+00:00
VLEGOV,9.350000381469727,2026-08-19T10:17:40+00:00
VLSFINANCE,250.6999969482422,2026-08-19T10:17:40+00:00
VMART,806.9500122070312,2026-08-19T10:17:40+00:00
VMM,103.4000015258789,2026-08-19T10:17:40+00:00
VMSTMT,48.380001068115234,2026-08-19T10:17:40+00:00
VOEPL,494.3500061035156,2026-08-19T10:17:40+00:00
VOGL,36.08000183105469,2026-08-19T10:17:40+00:00
VOLTAMP,10000.0,2026-08-19T10:17:40+00:00
VOLTAS,1223.0,2026-08-19T10:17:40+00:00
VPRPL,33.400001525878906,2026-08-19T10:17:40+00:00
VRAJ,120.83999633789062,2026-08-19T10:17:40+00:00
VRLLOG,295.1000061035156,2026-08-19T10:17:40+00:00
VSSL,358.6499938964844,2026-08-19T10:17:40+00:00
VSTIND,211.3300018310547,2026-08-19T10:17:40+00:00
VSTL,106.38999938964844,2026-08-19T10:17:40+00:00
VSTTILLERS,4442.2001953125,2026-08-19T10:17:40+00:00
VTL,596.1500244140625,2026-08-19T10:17:40+00:00
WAAREEENER,2679.0,2026-08-19T10:17:40+00:00
WAAREEINDO,293.1499938964844,2026-08-19T10:17:40+00:00
WAAREERTL,881.0499877929688,2026-08-19T10:17:40+00:00
WABAG,1977.300048828125,2026-08-19T10:17:40+00:00
WAKEFIT,133.13999938964844,2026-08-19T10:17:40+00:00
WALCHANNAG,221.86000061035156,2026-08-19T10:17:40+00:00
WANBURY,269.54998779296875,2026-08-19T10:17:40+00:00
WCIL,86.08999633789062,2026-08-19T10:17:40+00:00
WEALTH,850.9500122070312,2026-08-19T10:17:40+00:00
WEBELSOLAR,82.72000122070312,2026-08-19T10:17:40+00:00
WEIZMANIND,75.9000015258789,2026-08-19T10:17:40+00:00
WEL,146.25999450683594,2026-08-19T10:17:40+00:00
WELCORP,1973.9000244140625,2026-08-19T10:17:40+00:00
WELENT,579.7999877929688,2026-08-19T10:17:40+00:00
WELINV,1905.0,2026-08-19T10:17:40+00:00
WELSPLSOL,48.279998779296875,2026-08-19T10:17:40+00:00
WELSPUNLIV,181.24000549316406,2026-08-19T10:17:40+00:00
WENDT,7967.5,2026-08-19T10:17:40+00:00
WESTLIFE,574.4500122070312,2026-08-19T10:17:40+00:00
WEWIN,46.54999923706055,2026-08-19T10:17:40+00:00
WEWORK,691.6500244140625,2026-08-19T10:17:40+00:00
WHEELS,1466.0999755859375,2026-08-19T10:17:40+00:00
WHIRLPOOL,753.4500122070312,2026-08-19T10:17:40+00:00
WILLAMAGOR,24.520000457763672,2026-08-19T10:17:40+00:00
WINDLAS,964.9500122070312,2026-08-19T10:17:40+00:00
WINDMACHIN,314.29998779296875,2026-08-19T10:17:40+00:00
WIPL,168.97999572753906,2026-08-19T10:17:40+00:00
WIPRO,179.5500030517578,2026-08-19T10:17:40+00:00
WOCKPHARMA,1826.0,2026-08-19T10:17:40+00:00
WONDERLA,480.95001220703125,2026-08-19T10:17:40+00:00
WORTHPERI,152.58999633789062,2026-08-19T10:17:40+00:00
WPIL,452.0,2026-08-19T10:17:40+00:00
WSI,60.11000061035156,2026-08-19T10:17:40+00:00
WSTCSTPAPR,615.0499877929688,2026-08-19T10:17:40+00:00
XCHANGING,61.189998626708984,2026-08-19T10:17:40+00:00
XELPMOC,77.97000122070312,2026-08-19T10:17:40+00:00
XPROINDIA,1106.800048828125,2026-08-19T10:17:40+00:00
XTGLOBAL,29.020000457763672,2026-08-19T10:17:40+00:00
XTRANET,169.11000061035156,2026-08-19T10:17:40+00:00
YASHO,4470.7998046875,2026-08-19T10:17:40+00:00
YATHARTH,852.3499755859375,2026-08-19T10:17:40+00:00
YATRA,113.3499984741211,2026-08-19T10:17:40+00:00
YESBANK,22.739999771118164,2026-08-19T10:17:40+00:00
YUKEN,937.9000244140625,2026-08-19T10:17:40+00:00
ZAGGLE,186.0399932861328,2026-08-19T10:17:40+00:00
ZEEL,102.22000122070312,2026-08-19T10:17:40+00:00
ZEELEARN,7.760000228881836,2026-08-19T10:17:40+00:00
ZEEMEDIA,9.260000228881836,2026-08-19T10:17:40+00:00
ZENITHEXPO,207.32000732421875,2026-08-19T10:17:40+00:00
ZENITHSTL,5.400000095367432,2026-08-19T10:17:40+00:00
ZENSARTECH,477.8500061035156,2026-08-19T10:17:40+00:00
ZENTEC,1932.5999755859375,2026-08-19T10:17:40+00:00
ZFCVINDIA,2616.89990234375,2026-08-19T10:17:40+00:00
ZFSTEERING,673.75,2026-08-19T10:17:40+00:00
ZIMLAB,118.04000091552734,2026-08-19T10:17:40+00:00
ZODIAC,245.25,2026-08-19T10:17:40+00:00
ZODIACLOTH,74.48999786376953,2026-08-19T10:17:40+00:00
ZOTA,1114.9000244140625,2026-08-19T10:17:40+00:00
ZSARACOM,12454.0,2026-08-19T10:17:40+00:00
ZUARI,225.5,2026-08-19T10:17:40+00:00
ZUARIIND,262.1000061035156,2026-08-19T10:17:40+00:00
ZYDUSLIFE,1104.5,2026-08-19T10:17:40+00:00
ZYDUSWELL,492.70001220703125,2026-08-19T10:17:40+00:00
