Symbol,Company,Sector,Industry,Current_Price,ATH_Price_Flag,TTM_Net_Profit,ATH_Profit_Flag,Above_MA200_Flag,RS_vs_Sector,RS_vs_Benchmark,Outperformance_Flag,ATH_Sales,Signal
RELIANCE,Reliance Industries Limited,Energy,Oil & Gas Refining & Marketing,1325.0,False,83556.0,True,False,-18.07,-9.56,False,962820.0,EXIT
BHARTIARTL,Bharti Airtel Limited,Communication Services,Telecom Services,1948.0,False,30925.3,False,False,15.13,-3.74,False,172985.0,EXIT
HDFCBANK,HDFC Bank Limited,Financial Services,Banks - Regional,734.2999877929688,False,49307.979999999996,False,False,-31.37,-30.71,False,,EXIT
ICICIBANK,ICICI Bank Limited,Financial Services,Banks - Regional,1457.5,True,56090.159999999996,True,True,-4.26,-3.73,False,,HOLD
SBIN,State Bank of India,Financial Services,Banks - Regional,1085.0,False,62161.45,False,True,29.68,30.07,True,,HOLD
TCS,Tata Consultancy Services Limited,Technology,Information Technology Services,2373.0,False,50484.0,True,False,-27.02,-26.43,False,267021.0,EXIT
BAJFINANCE,Bajaj Finance Limited,Financial Services,Credit Services,1144.800048828125,True,20303.53,True,True,25.49,25.9,True,,ADD
LT,Larsen & Toubro Limited,Industrials,Engineering & Construction,4061.800048828125,False,16280.750000000002,True,True,7.56,7.26,True,255734.0,HOLD
HINDUNILVR,Hindustan Unilever Limited,Consumer Defensive,Household & Personal Products,2079.5,False,15028.0,True,False,-16.87,-22.68,False,63121.0,EXIT
SUNPHARMA,Sun Pharmaceutical Industries Limited,Healthcare,Drug Manufacturers - Specialty & Generic,1951.0,True,10511.350000000002,False,True,8.03,17.62,True,52578.0,HOLD
INFY,Infosys Limited,Technology,Information Technology Services,1165.0,False,332.4,False,False,-24.18,-23.6,False,162990.0,EXIT
MARUTI,Maruti Suzuki India Limited,Consumer Cyclical,Auto Manufacturers,14080.0,False,15241.6,True,False,2.99,7.74,True,152913.0,HOLD
TITAN,Titan Company Limited,Consumer Cyclical,Luxury Goods,4998.0,True,4825.0,True,True,36.88,41.55,True,60456.0,ADD
ADANIENT,Adani Enterprises Limited,Energy,Thermal Coal,3026.0,False,7007.960000000001,False,True,19.38,26.86,True,127540.0,HOLD
M&M,Mahindra & Mahindra Limited,Consumer Cyclical,Auto Manufacturers,3406.0,False,18880.07,True,True,-3.92,0.84,False,159211.0,HOLD
ADANIPOWER,Adani Power Limited,Utilities,Utilities - Independent Power Producers,208.1199951171875,False,14687.210000000001,False,True,90.08,78.69,True,56203.0,HOLD
ADANIPORTS,Adani Ports and Special Economic Zone Limited,Industrials,Marine Shipping,1695.0,False,13317.560000000001,True,True,19.63,19.3,True,30475.0,HOLD
KOTAKBANK,Kotak Mahindra Bank Limited,Financial Services,Banks - Regional,394.0,False,15827.900000000001,False,False,-6.86,-6.31,False,,EXIT
AXISBANK,Axis Bank Limited,Financial Services,Banks - Regional,1256.0,False,28489.31,True,False,12.12,12.59,True,,HOLD
HCLTECH,HCL Technologies Limited,Technology,Information Technology Services,1335.0,False,13188.0,False,False,-13.96,-13.45,False,117055.0,EXIT
ITC,ITC Limited,Consumer Defensive,Tobacco,285.8999938964844,False,20494.55,False,False,-29.58,-35.29,False,75323.0,EXIT
ULTRACEMCO,UltraTech Cement Limited,Basic Materials,Building Materials,12075.0,False,9533.34,True,True,-4.81,-5.92,False,75955.0,HOLD
NTPC,NTPC Limited,Utilities,Utilities - Regulated Electric,345.0,False,28706.79,True,False,8.37,-0.8,False,188138.0,EXIT
BAJAJFINSV,Bajaj Finserv Ltd.,Financial Services,Financial Conglomerates,2086.0,False,9800.970000000001,True,True,3.23,3.73,True,133822.0,HOLD
BAJAJ-AUTO,Bajaj Auto Limited,Consumer Cyclical,Auto Manufacturers,11620.0,False,11759.400000000001,True,True,32.71,37.39,True,50995.0,HOLD
HAL,Hindustan Aeronautics Limited,Industrials,Aerospace & Defense,4920.0,False,9115.6,True,True,4.02,3.72,True,30981.0,HOLD
JSWSTEEL,JSW Steel Limited,Basic Materials,Steel,1307.9000244140625,True,25344.0,True,True,20.75,19.57,True,175006.0,ADD
ONGC,Oil and Natural Gas Corporation Limited,Energy,Oil & Gas Integrated,237.8000030517578,False,41424.38,False,False,-11.29,-2.96,False,632291.0,EXIT
NESTLEIND,Nestlé India Limited,Consumer Defensive,Packaged Foods,1535.0,True,3477.1800000000003,False,True,38.95,32.78,True,24394.0,HOLD
BEL,Bharat Electronics Limited,Industrials,Aerospace & Defense,399.20001220703125,False,5828.57,True,False,-1.96,-2.25,False,23769.0,EXIT
ETERNAL,Eternal Limited,Consumer Cyclical,Internet Retail,316.25,False,393.0,False,True,-3.63,1.13,False,20243.0,EXIT
LICI,Life Insurance Corporation of India,Financial Services,Insurance - Life,387.54998779296875,False,47354.67,False,False,-18.47,-17.87,False,889970.0,EXIT
POWERGRID,Power Grid Corporation of India Limited,Utilities,Utilities - Regulated Electric,270.75,False,16504.74,False,False,-0.69,-9.62,False,45843.0,EXIT
ASIANPAINT,Asian Paints Limited,Basic Materials,Specialty Chemicals,2755.0,False,4764.83,False,True,7.05,5.9,True,35495.0,HOLD
DMART,Avenue Supermarts Limited,Consumer Defensive,Discount Stores,3931.199951171875,False,3146.09,True,False,-6.14,-12.01,False,59358.0,EXIT
COALINDIA,Coal India Limited,Energy,Thermal Coal,415.6000061035156,False,35645.79,False,False,-2.49,5.59,False,144762.0,EXIT
SHRIRAMFIN,Shriram Finance Limited,Financial Services,Credit Services,1141.0,True,11162.76,False,True,76.07,76.25,True,,HOLD
TATASTEEL,Tata Steel Limited,Basic Materials,Steel,189.3000030517578,False,11034.54,False,False,15.8,14.62,True,243959.0,EXIT
HINDZINC,Hindustan Zinc Limited,Basic Materials,Other Industrial Metals & Mining,590.0,False,16652.0,True,True,37.04,35.81,True,34098.0,HOLD
ADANIGREEN,Adani Green Energy Limited,Utilities,Utilities - Renewable,1371.5,False,1283.0,False,True,48.81,38.54,True,11212.0,HOLD
HINDALCO,Hindalco Industries Limited,Basic Materials,Aluminum,1027.0,False,13391.0,False,True,46.53,45.27,True,238496.0,HOLD
EICHERMOT,Eicher Motors Limited,Consumer Cyclical,Auto Manufacturers,7967.5,True,5772.5199999999995,True,True,31.2,35.88,True,18451.0,ADD
DIVISLAB,Divi's Laboratories Limited,Healthcare,Drug Manufacturers - Specialty & Generic,8349.0,True,2541.0,False,True,21.94,31.43,True,9360.0,HOLD
GRASIM,Grasim Industries Limited,Basic Materials,Building Materials,3220.0,True,5908.91,False,True,12.9,11.73,True,148478.0,HOLD
TVSMOTOR,TVS Motor Company Limited,Consumer Cyclical,Auto Manufacturers,4375.0,True,3242.2799999999997,True,True,38.82,43.48,True,44089.0,ADD
INDIGO,InterGlobe Aviation Limited,Industrials,Airlines,5318.5,False,5500.0,False,True,-14.19,-14.44,False,80803.0,EXIT
IOC,Indian Oil Corporation Limited,Energy,Oil & Gas Refining & Marketing,142.66000366210938,False,42402.35,True,False,-12.79,-4.41,False,841756.0,EXIT
ADANIENSOL,Adani Energy Solutions Limited,Utilities,Utilities - Independent Power Producers,1620.0,False,2897.6299999999997,True,True,112.07,100.09,True,23767.0,HOLD
TORNTPHARM,Torrent Pharmaceuticals Limited,Healthcare,Drug Manufacturers - Specialty & Generic,4956.0,True,2181.0,False,True,26.48,35.94,True,11516.0,HOLD
SBILIFE,SBI Life Insurance Company Limited,Financial Services,Insurance - Life,1861.5,False,2700.68,False,False,-4.84,-4.3,False,,EXIT
WIPRO,Wipro Limited,Technology,Information Technology Services,186.1199951171875,False,13219.0,True,False,-27.72,-27.12,False,90488.0,EXIT
VAML,Vedanta Aluminium Metal Limited,Basic Materials,Aluminum,480.6499938964844,True,7410.0,False,False,,,False,,EXIT
HYUNDAI,HYUNDAI,Consumer Cyclical,Auto Manufacturers,2212.0,False,4747.88,False,True,-7.4,-2.63,False,69829.0,EXIT
JIOFIN,Jio Financial Services Limited,Financial Services,Asset Management,263.1000061035156,False,1696.1100000000001,True,True,-24.75,-24.12,False,2043.0,HOLD
SOLARINDS,Solar Industries India Limited,Basic Materials,Specialty Chemicals,18496.0,True,1677.55,True,True,19.69,18.5,True,7540.0,ADD
PIDILITIND,Pidilite Industries Limited,Basic Materials,Specialty Chemicals,1686.0,True,2292.03,True,True,7.32,6.17,True,13140.0,ADD
DLF,DLF Limited,Real Estate,Real Estate - Development,642.0,False,4516.79,False,True,-4.04,-20.71,False,9926.0,EXIT
TMCV,TMCV,Consumer Cyclical,Auto Manufacturers,459.6499938964844,False,5193.0,False,False,,,False,,EXIT
TRENT,Trent Limited,Consumer Cyclical,Apparel Retail,3107.10009765625,False,1719.65,False,False,-51.56,-46.68,False,17135.0,EXIT
MOTHERSON,Samvardhana Motherson International Limited,Consumer Cyclical,Auto Parts,155.0,True,3859.6800000000003,True,True,53.24,57.87,True,113663.0,ADD
CHOLAFIN,Cholamandalam Investment and Finance Company Limited,Financial Services,Credit Services,1940.0,True,5729.22,True,True,28.26,28.65,True,,ADD
ABB,ABB India Limited,Industrials,Specialty Industrial Machinery,7735.0,False,3042.87,True,True,47.47,47.07,True,13203.0,HOLD
TATACAP,TATACAP,Financial Services,Credit Services,382.70001220703125,True,4306.27,True,True,,,False,,HOLD
ICICIAMC,ICICIAMC,Financial Services,Asset Management,3080.39990234375,False,3479.24,False,False,,,False,4977.0,EXIT
CUMMINSIND,Cummins India Limited,Industrials,Specialty Industrial Machinery,5402.0,False,2268.92,True,True,44.29,43.89,True,10391.0,HOLD
VBL,Varun Beverages Limited,Consumer Defensive,Beverages - Non-Alcoholic,444.0,False,3961.97,True,False,-9.9,-15.75,False,21685.0,EXIT
BSE,BSE Limited,Financial Services,Financial Data & Stock Exchanges,3435.0,False,2496.9799999999996,True,True,38.83,39.18,True,3212.0,HOLD
TECHM,Tech Mahindra Limited,Technology,Information Technology Services,1632.199951171875,False,5081.5,False,True,6.8,7.18,True,53290.0,HOLD
POWERINDIA,Hitachi Energy India Limited,Industrials,Electrical Equipment & Parts,31900.0,False,907.37,False,True,51.94,51.53,True,,HOLD
BHEL,Bharat Heavy Electricals Limited,Industrials,Specialty Industrial Machinery,408.1499938964844,False,2513.08,False,True,65.94,65.5,True,39561.0,HOLD
IDEA,Vodafone Idea Limited,Communication Services,Telecom Services,12.630000114440918,False,69388.3,True,True,101.34,81.32,True,44958.0,HOLD
PFC,Power Finance Corporation Limited,Financial Services,Credit Services,418.0,False,25900.96,True,True,-4.69,-4.15,False,,HOLD
POLYCAB,Polycab India Limited,Industrials,Electrical Equipment & Parts,9315.0,False,2770.92,True,True,32.16,31.8,True,22408.0,HOLD
BPCL,Bharat Petroleum Corporation Limited,Energy,Oil & Gas Refining & Marketing,323.70001220703125,False,21524.66,False,False,-10.48,-2.17,False,473187.0,EXIT
CGPOWER,CG Power and Industrial Solutions Limited,Industrials,Electrical Equipment & Parts,876.0,False,1232.56,False,True,24.38,24.03,True,13632.0,HOLD
SIEMENS,Siemens Limited,Industrials,Specialty Industrial Machinery,3952.0,False,1555.2000000000003,False,True,23.81,23.46,True,22240.0,HOLD
UNIONBANK,Union Bank of India,Financial Services,Banks - Regional,182.5,False,20645.76,True,True,34.24,34.6,True,,HOLD
BRITANNIA,Britannia Industries Limited,Consumer Defensive,Packaged Foods,5404.0,False,2438.9700000000003,True,False,1.26,-4.66,False,17943.0,EXIT
PNB,Punjab National Bank,Financial Services,Banks - Regional,114.30000305175781,False,19082.13,False,False,4.9,5.4,True,,EXIT
LTM,LTM Limited,Technology,Information Technology Services,4528.0,False,5083.299999999999,False,False,-15.29,-14.77,False,38008.0,EXIT
APOLLOHOSP,Apollo Hospitals Enterprise Limited,Healthcare,Medical Care Facilities,8974.5,True,1854.0,True,True,10.57,20.14,True,21794.0,ADD
BAJAJHLDNG,Bajaj Holdings & Investment Limited,Financial Services,Asset Management,11387.0,False,9636.75,True,True,-21.62,-21.0,False,1702.0,HOLD
BANKBARODA,Bank of Baroda Limited,Financial Services,Banks - Regional,251.0,False,16496.15,False,False,-1.39,-0.86,False,,EXIT
MUTHOOTFIN,Muthoot Finance Limited,Financial Services,Credit Services,2894.199951171875,False,10590.330000000002,True,False,5.08,5.58,True,,HOLD
TMPV,Tata Motors Passenger Vehicles Limited,Consumer Cyclical,Auto Manufacturers,345.3500061035156,False,89363.0,True,False,-56.68,-51.79,False,439695.0,EXIT
LODHA,Lodha Developers Limited,Real Estate,Real Estate - Development,1214.0,False,4011.6000000000004,True,True,11.08,-5.79,False,13780.0,HOLD
TATAPOWER,The Tata Power Company Limited,Utilities,Utilities - Independent Power Producers,378.6000061035156,False,3863.26,False,False,2.53,-6.49,False,65478.0,EXIT
BOSCHLTD,Bosch Limited,Consumer Cyclical,Auto Parts,42000.0,True,2773.2,True,True,0.34,5.1,True,18087.0,ADD
GROWW,GROWW,Financial Services,Capital Markets,189.0399932861328,False,2346.6699999999996,False,False,,,False,4061.0,EXIT
SBIFUNDS,SBIFUNDS,Financial Services,Asset Management,568.9500122070312,False,1241.6,False,False,,,False,,EXIT
GAIL,GAIL (India) Limited,Utilities,Utilities - Regulated Gas,176.39999389648438,False,8101.85,False,True,8.3,-0.87,False,145668.0,EXIT
HDFCLIFE,HDFC Life Insurance Company Limited,Financial Services,Insurance - Life,542.5,False,2075.2200000000003,True,False,-33.27,-32.6,False,101482.0,EXIT
CIPLA,Cipla Limited,Healthcare,Drug Manufacturers - Specialty & Generic,1477.0,False,3317.1099999999997,False,True,-15.08,-5.34,False,27548.0,EXIT
IRFC,Indian Railway Finance Corporation Limited,Financial Services,Credit Services,89.29000091552734,False,7159.4,False,False,-35.34,-34.67,False,,EXIT
LLOYDSME,Lloyds Metals and Energy Limited,Basic Materials,Steel,2059.0,True,3680.8400000000006,True,True,37.97,36.74,True,6721.0,ADD
ENRIN,Siemens Energy India Limited,Utilities,Utilities - Renewable,3252.199951171875,False,1309.8,False,True,7.32,-1.83,False,,EXIT
CANBK,Canara Bank,Financial Services,Banks - Regional,131.6999969482422,False,18203.559999999998,True,False,15.94,16.39,True,,HOLD
MARICO,Marico Limited,Consumer Defensive,Household & Personal Products,860.0,True,1762.0,True,True,21.71,15.65,True,10831.0,ADD
INDIANB,Indian Bank,Financial Services,Banks - Regional,877.9000244140625,False,11952.93,True,True,32.65,33.02,True,,HOLD
ZYDUSLIFE,Zydus Lifesciences Limited,Healthcare,Drug Manufacturers - Specialty & Generic,1108.0,False,4952.299999999999,True,True,4.5,14.11,True,23242.0,HOLD
JINDALSTEL,Jindal Steel Limited,Basic Materials,Steel,1101.0,False,3573.9399999999996,False,False,8.14,6.99,True,53212.0,EXIT
HDFCAMC,HDFC Asset Management Company Limited,Financial Services,Asset Management,2538.10009765625,False,2229.21,False,False,-15.92,-15.33,False,4051.0,EXIT
GMRAIRPORT,GMR Airports Limited,Industrials,Airports & Air Services,106.58999633789062,False,672.86,True,True,12.26,11.94,True,11088.0,HOLD
GVT&D,GE Vernova T&D India Limited,Industrials,Specialty Industrial Machinery,4366.7001953125,False,1120.26,True,True,51.7,51.29,True,4020.0,HOLD
ABCAPITAL,Aditya Birla Capital Limited,Financial Services,Financial Conglomerates,421.5,True,3773.86,False,True,47.09,47.4,True,,HOLD
LUPIN,Lupin Limited,Healthcare,Drug Manufacturers - Specialty & Generic,2385.0,False,4627.4400000000005,True,True,14.56,24.11,True,22708.0,HOLD
GODREJCP,Godrej Consumer Products Limited,Consumer Defensive,Household & Personal Products,1077.300048828125,False,1814.0300000000002,False,False,-9.25,-15.11,False,14364.0,EXIT
INDIAMART,IndiaMART InterMESH Limited,Communication Services,Internet Content & Information,1763.5,False,410.75,False,False,-16.23,-34.68,False,1388.0,EXIT
HEROMOTOCO,Hero MotoCorp Limited,Consumer Cyclical,Auto Manufacturers,5550.5,False,5741.7300000000005,True,True,14.63,19.35,True,40923.0,HOLD
UNITDSPR,UNITDSPR,Consumer Defensive,Beverages - Wineries & Distilleries,1525.0,False,1837.0,True,True,17.92,11.88,True,12069.0,HOLD
AMBUJACEM,Ambuja Cements Limited,Basic Materials,Building Materials,436.5,False,2610.85,False,False,-29.65,-30.69,False,19985.0,EXIT
TATACONSUM,Tata Consumer Products Limited,Consumer Defensive,Packaged Foods,1090.0,False,1564.8200000000002,True,False,4.79,-1.15,False,17618.0,EXIT
MAXHEALTH,Max Healthcare Institute Limited,Healthcare,Medical Care Facilities,1072.4000244140625,False,1442.41,True,True,-30.16,-20.32,False,7028.0,HOLD
BHARATFORG,Bharat Forge Limited,Consumer Cyclical,Auto Parts,2210.0,True,1079.65,False,True,84.72,89.27,True,15682.0,HOLD
INDHOTEL,The Indian Hotels Company Limited,Consumer Cyclical,Lodging,736.0,False,2157.36,True,True,-10.89,-6.11,False,8335.0,HOLD
VEDL,Vedanta Limited,Basic Materials,Other Industrial Metals & Mining,275.0,False,21066.0,True,False,-41.25,-42.27,False,152968.0,EXIT
INDUSTOWER,Indus Towers Limited,Communication Services,Telecom Services,383.29998779296875,False,7051.400000000001,False,False,26.76,7.73,True,30123.0,EXIT
MANKIND,Mankind Pharma Limited,Healthcare,Drug Manufacturers - Specialty & Generic,2420.300048828125,False,1969.4799999999998,False,True,-19.78,-10.0,False,12207.0,EXIT
JSWENERGY,JSW Energy Limited,Utilities,Utilities - Independent Power Producers,561.5,False,2005.6,False,True,9.66,0.45,True,11745.0,HOLD
LGEINDIA,LGEINDIA,Technology,Consumer Electronics,1578.300048828125,False,1770.3999999999999,False,True,,,False,,EXIT
RECLTD,REC Limited,Financial Services,Credit Services,361.5,False,16085.990000000002,False,True,-12.43,-11.85,False,,EXIT
LAURUSLABS,Laurus Labs Limited,Healthcare,Drug Manufacturers - Specialty & Generic,1830.0,True,1061.42,True,True,105.21,114.16,True,6041.0,ADD
ASHOKLEY,Ashok Leyland Limited,Industrials,Farm & Heavy Construction Machinery,177.5,False,3471.03,True,True,42.72,42.33,True,48535.0,HOLD
OFSS,Oracle Financial Services Software Limited,Technology,Software - Infrastructure,11735.0,False,3508.7,True,True,32.87,33.1,True,6847.0,HOLD
LENSKART,LENSKART,Healthcare,Medical Instruments & Supplies,565.0,True,552.0400000000001,False,False,,,False,6653.0,EXIT
MAZDOCK,Mazagon Dock Shipbuilders Limited,Industrials,Aerospace & Defense,2530.0,False,2560.52,False,True,-12.91,-13.17,False,11432.0,EXIT
DRREDDY,Dr. Reddy's Laboratories Limited,Healthcare,Drug Manufacturers - Specialty & Generic,1171.0,False,3311.3999999999996,False,False,-16.59,-6.84,False,32644.0,EXIT
NYKAA,FSN E-Commerce Ventures Limited,Consumer Cyclical,Internet Retail,331.95001220703125,False,199.44,False,True,49.79,54.43,True,7950.0,HOLD
SHREECEM,Shree Cement Limited,Basic Materials,Building Materials,26245.0,False,2009.3700000000003,False,True,-17.76,-18.84,False,20404.0,EXIT
AUROPHARMA,Aurobindo Pharma Limited,Healthcare,Drug Manufacturers - Specialty & Generic,1588.9000244140625,True,3559.7700000000004,False,True,34.07,43.49,True,31724.0,HOLD
IDBI,IDBI Bank Limited,Financial Services,Banks - Regional,84.54000091552734,False,8107.52,True,False,-10.89,-10.32,False,,EXIT
FEDERALBNK,The Federal Bank Limited,Financial Services,Banks - Regional,353.54998779296875,True,4609.45,True,True,74.25,74.44,True,,ADD
PERSISTENT,Persistent Systems Limited,Technology,Information Technology Services,5459.5,False,1789.41,True,False,3.08,3.49,True,11939.0,HOLD
PAYTM,One97 Communications Limited,Technology,Software - Infrastructure,1442.0,False,752.0,True,True,31.71,31.94,True,9978.0,HOLD
DIXON,Dixon Technologies (India) Limited,Technology,Consumer Electronics,14200.0,False,1169.46,True,True,-19.24,-18.7,False,38860.0,HOLD
MEESHO,MEESHO,Consumer Cyclical,Internet Retail,186.1699981689453,False,1201.22,True,False,,,False,9390.0,EXIT
HINDPETRO,Hindustan Petroleum Corporation Limited,Energy,Oil & Gas Refining & Marketing,395.0,False,26452.260000000002,True,False,-14.71,-6.28,False,440403.0,EXIT
ICICIGI,ICICI Lombard General Insurance Company Limited,Financial Services,Insurance - Diversified,1658.0,False,2355.57,False,False,-17.28,-16.68,False,,EXIT
BHARTIHEXA,BHARTIHEXA,Communication Services,Telecom Services,1514.5,False,1780.4,False,False,-1.67,-20.32,False,,EXIT
NAUKRI,Info Edge (India) Limited,Communication Services,Internet Content & Information,1240.0,False,1449.8200000000002,False,True,7.86,-10.92,False,2850.0,EXIT
HAVELLS,Havells India Limited,Industrials,Electrical Equipment & Parts,1282.4000244140625,False,1661.9399999999998,True,False,-18.3,-18.55,False,21778.0,EXIT
NHPC,NHPC Limited,Utilities,Utilities - Renewable,77.5,False,3597.94,False,False,-3.56,-12.42,False,10607.0,EXIT
INDUSINDBK,IndusInd Bank Limited,Financial Services,Banks - Regional,1016.2000122070312,False,2363.27,False,True,21.38,21.81,True,,HOLD
AUBANK,AU Small Finance Bank Limited,Financial Services,Banks - Regional,1087.5999755859375,True,2876.34,True,True,42.92,43.24,True,,ADD
LTF,L&T Finance Limited,Financial Services,Credit Services,316.6499938964844,False,3148.81,True,True,52.04,52.33,True,,HOLD
SRF,SRF Limited,Industrials,Conglomerates,2624.89990234375,False,2205.87,True,False,-16.02,-16.27,False,14870.0,EXIT
WAAREEENER,WAAREEENER,Technology,Solar,2660.89990234375,False,3718.9799999999996,True,False,-22.58,-22.01,False,14444.0,EXIT
COFORGE,Coforge Limited,Technology,Information Technology Services,1772.800048828125,False,1698.5,True,True,3.11,3.52,True,5557.0,HOLD
NTPCGREEN,NTPCGREEN,Utilities,Utilities - Renewable,91.33000183105469,False,668.23,True,False,-8.45,-17.17,False,2210.0,EXIT
NMDC,NMDC Limited,Basic Materials,Steel,86.19999694824219,False,7229.24,False,True,16.44,15.27,True,25965.0,HOLD
DABUR,Dabur India Limited,Consumer Defensive,Household & Personal Products,411.29998779296875,False,2033.3600000000001,True,False,-18.88,-24.67,False,12563.0,EXIT
ICICIPRULI,ICICI Prudential Life Insurance Company Limited,Financial Services,Insurance - Life,507.0,False,1699.3199999999997,False,False,-23.46,-22.83,False,89683.0,EXIT
SWIGGY,SWIGGY,Consumer Cyclical,Internet Retail,288.6499938964844,False,2656.0,True,False,-36.26,-31.42,False,15227.0,EXIT
OIL,Oil India Limited,Energy,Oil & Gas Integrated,444.0,False,6619.9400000000005,False,False,-10.21,-1.91,False,36084.0,EXIT
NAM-INDIA,Nippon Life India Asset Management Limited,Financial Services,Asset Management,1200.0,True,1688.44,False,True,42.6,42.93,True,2344.0,HOLD
POLICYBZR,PB Fintech Limited,Financial Services,Insurance Brokers,1599.0,False,704.78,True,False,-13.13,-12.55,False,4977.0,EXIT
IDFCFIRSTB,IDFC First Bank Limited,Financial Services,Banks - Regional,85.3499984741211,False,2410.58,False,True,19.04,19.48,True,,HOLD
JSWINFRA,JSW Infrastructure Limited,Industrials,Marine Shipping,327.5,False,1508.7,False,True,4.63,4.33,True,4476.0,HOLD
ASTERDM,Aster DM Quality Care Limited,Healthcare,Medical Care Facilities,844.4500122070312,True,357.15999999999997,False,True,27.26,36.73,True,10253.0,HOLD
ATGL,Adani Total Gas Limited,Utilities,Utilities - Regulated Gas,660.25,False,633.95,False,True,16.81,7.41,True,5000.0,HOLD
BAJAJHFL,BAJAJHFL,Financial Services,Mortgage Finance,86.41000366210938,False,2632.66,False,False,-29.07,-28.42,False,,EXIT
YESBANK,Yes Bank Limited,Financial Services,Banks - Regional,22.68000030517578,False,3919.19,False,True,15.95,16.4,True,,HOLD
FORTIS,Fortis Healthcare Limited,Healthcare,Medical Care Facilities,920.0,False,1041.78,True,False,-7.17,2.52,False,7783.0,EXIT
TORNTPOWER,Torrent Power Limited,Utilities,Utilities - Independent Power Producers,1325.199951171875,False,2416.4300000000003,False,False,4.79,-4.29,False,29165.0,EXIT
SAIL,Steel Authority of India Limited,Basic Materials,Steel,176.74000549316406,False,4598.13,False,True,39.72,38.48,True,105378.0,HOLD
PRESTIGE,Prestige Estates Projects Limited,Real Estate,Real Estate - Diversified,1578.0,False,1138.9,False,True,10.51,-6.35,False,8315.0,EXIT
BIOCON,Biocon Limited,Healthcare,Biotechnology,436.6000061035156,False,385.6,False,True,6.86,16.46,True,15262.0,HOLD
ALKEM,Alkem Laboratories Limited,Healthcare,Drug Manufacturers - Specialty & Generic,5597.5,False,2301.8,False,True,0.59,10.23,True,12965.0,HOLD
MCX,Multi Commodity Exchange of India Limited,Financial Services,Financial Data & Stock Exchanges,2640.0,False,1134.08,True,True,65.56,65.79,True,1113.0,HOLD
UNOMINDA,Uno Minda Limited,Consumer Cyclical,Auto Parts,1278.0,False,1197.13,True,True,8.21,12.95,True,16775.0,HOLD
PHOENIXLTD,The Phoenix Mills Limited,Real Estate,Real Estate - Diversified,1913.0,False,1216.69,False,True,44.7,27.41,True,3972.0,HOLD
OBEROIRLTY,Oberoi Realty Limited,Real Estate,Real Estate - Development,1777.0,False,2290.68,True,True,23.08,6.06,True,5286.0,HOLD
SUZLON,Suzlon Energy Limited,Industrials,Specialty Industrial Machinery,48.099998474121094,False,2189.17,False,False,-30.76,-30.98,False,20403.0,EXIT
IOB,Indian Overseas Bank,Financial Services,Banks - Regional,34.79999923706055,False,5878.05,True,False,-9.65,-9.08,False,,EXIT
NATIONALUM,National Aluminium Company Limited,Basic Materials,Aluminum,381.0,False,6141.8,True,True,98.7,97.29,True,16788.0,HOLD
SCHAEFFLER,Schaeffler India Limited,Consumer Cyclical,Auto Parts,4036.300048828125,False,1251.32,True,True,-10.4,-5.62,False,9686.0,HOLD
GODREJPROP,Godrej Properties Limited,Real Estate,Real Estate - Development,2081.89990234375,False,1827.1499999999999,True,True,13.19,-3.7,False,4923.0,HOLD
KALYANKJIL,Kalyan Jewellers India Limited,Consumer Cyclical,Luxury Goods,598.0,False,1350.3799999999999,True,True,-8.14,-3.37,False,25045.0,HOLD
GLENMARK,Glenmark Pharmaceuticals Limited,Healthcare,Drug Manufacturers - Specialty & Generic,2270.0,False,1361.84,True,True,-2.28,7.38,False,13322.0,HOLD
SBICARD,SBI Cards and Payment Services Limited,Financial Services,Credit Services,660.0,False,2386.34,False,False,-22.08,-21.46,False,,EXIT
BANKINDIA,Bank of India Limited,Financial Services,Banks - Regional,142.66000366210938,False,11032.19,False,False,22.6,23.02,True,,EXIT
GICRE,General Insurance Corporation of India,Financial Services,Insurance - Reinsurance,358.8500061035156,False,9662.380000000001,False,False,-10.9,-10.33,False,50345.0,EXIT
COROMANDEL,Coromandel International Limited,Basic Materials,Agricultural Inputs,2061.699951171875,False,1531.64,False,False,-21.3,-22.36,False,29628.0,EXIT
MAHABANK,Bank of Maharashtra,Financial Services,Banks - Regional,78.16999816894531,False,7371.5599999999995,True,True,39.84,40.18,True,,HOLD
BERGEPAINT,Berger Paints India Limited,Basic Materials,Specialty Chemicals,537.5999755859375,False,1182.6100000000001,True,True,-8.48,-9.59,False,11545.0,HOLD
JSL,Jindal Stainless Limited,Basic Materials,Steel,732.5,False,3193.45,False,False,-3.77,-4.89,False,39312.0,EXIT
ABBOTINDIA,Abbott India Limited,Healthcare,Drug Manufacturers - Specialty & Generic,27855.0,False,1552.02,False,True,-29.09,-19.26,False,,EXIT
RADICO,Radico Khaitan Limited,Consumer Defensive,Beverages - Wineries & Distilleries,4470.0,True,694.51,True,True,59.15,52.84,True,4843.0,ADD
RBLBANK,RBL Bank Limited,Financial Services,Banks - Regional,392.0,False,920.8199999999999,False,True,45.74,46.05,True,,HOLD
APARINDS,APAR Industries Limited,Industrials,Electrical Equipment & Parts,16126.0,True,1192.73,True,True,77.22,76.76,True,18581.0,ADD
LINDEINDIA,Linde India Limited,Basic Materials,Specialty Chemicals,7152.5,False,496.37,False,True,7.11,5.96,True,3136.0,HOLD
HDBFS,HDBFS,Financial Services,Credit Services,674.9000244140625,False,2179.7000000000003,False,False,-13.81,-13.23,False,,EXIT
COLPAL,Colgate-Palmolive (India) Limited,Consumer Defensive,Household & Personal Products,2028.4000244140625,False,1340.88,True,False,-8.32,-14.17,False,1960.0,EXIT
MRF,MRF Limited,Consumer Cyclical,Auto Parts,133930.0,False,2420.1899999999996,False,False,-18.0,-13.2,False,28152.0,EXIT
M&MFIN,Mahindra & Mahindra Financial Services Limited,Financial Services,Credit Services,388.79998779296875,True,3216.08,True,True,48.47,48.78,True,,ADD
FACT,The Fertilisers and Chemicals Travancore Limited,Basic Materials,Agricultural Inputs,843.0999755859375,False,146.06,False,False,-14.04,-15.13,False,6198.0,EXIT
TIINDIA,Tube Investments of India Limited,Industrials,Conglomerates,2753.800048828125,False,496.71000000000004,False,False,-11.4,-11.66,False,19465.0,EXIT
MFSL,Max Financial Services Limited,Financial Services,Insurance - Life,1518.800048828125,False,136.67000000000002,False,False,-3.27,-2.73,False,46576.0,EXIT
SUNDARMFIN,Sundaram Finance Limited,Financial Services,Credit Services,4647.39990234375,False,2123.7200000000003,True,False,-1.75,-1.23,False,,EXIT
MOTILALOFS,Motilal Oswal Financial Services Limited,Financial Services,Capital Markets,874.0,False,3222.4199999999996,True,True,-10.74,-10.18,False,8340.0,HOLD
UPL,UPL Limited,Basic Materials,Agricultural Inputs,572.75,False,2441.0,False,False,-22.42,-23.48,False,53576.0,EXIT
APLAPOLLO,APL Apollo Tubes Limited,Basic Materials,Steel,1945.0,False,1194.67,True,True,20.46,19.27,True,20690.0,HOLD
VMM,VMM,Consumer Cyclical,Department Stores,109.5199966430664,False,891.9199999999998,True,False,-34.71,-29.86,False,10716.0,EXIT
TATACOMM,Tata Communications Limited,Communication Services,Telecom Services,1735.5,False,952.74,False,False,17.21,-1.69,False,23109.0,EXIT
ATHERENERG,Ather Energy Limited,Consumer Cyclical,Auto Manufacturers,1453.199951171875,True,517.1299999999999,False,True,268.21,272.33,True,,HOLD
THERMAX,Thermax Limited,Industrials,Conglomerates,3991.0,False,593.36,False,True,11.17,10.85,True,10389.0,HOLD
FLUOROCHEM,Gujarat Fluorochemicals Limited,Basic Materials,Specialty Chemicals,4548.0,False,578.0,False,True,21.64,20.45,True,5685.0,HOLD
SONACOMS,Sona BLW Precision Forgings Limited,Consumer Cyclical,Auto Parts,792.0,True,647.88,False,True,68.3,72.89,True,3226.0,HOLD
BALKRISIND,Balkrishna Industries Limited,Consumer Cyclical,Auto Parts,2465.699951171875,False,1420.68,False,True,-6.73,-1.96,False,10447.0,EXIT
KEI,KEI Industries Limited,Industrials,Electrical Equipment & Parts,5595.0,True,941.47,True,True,42.55,42.16,True,9736.0,ADD
HINDCOPPER,Hindustan Copper Limited,Basic Materials,Copper,545.9500122070312,False,918.54,True,True,119.77,118.3,True,2071.0,HOLD
RVNL,Rail Vikas Nigam Limited,Industrials,Engineering & Construction,235.0,False,874.7199999999999,False,False,-36.56,-36.77,False,21879.0,EXIT
PIRAMALFIN,Piramal Finance Limited,Financial Services,Credit Services,2109.699951171875,True,1636.6,False,False,,,False,12882.0,EXIT
360ONE,360 One Wam Limited,Financial Services,Asset Management,1186.0,False,1231.22,True,True,7.05,7.54,True,3684.0,HOLD
PREMIERENE,PREMIERENE,Technology,Solar,1041.699951171875,False,1434.12,True,True,-1.33,-0.89,False,6519.0,HOLD
BDL,Bharat Dynamics Limited,Industrials,Aerospace & Defense,1299.0,False,420.33000000000004,False,False,-22.08,-22.32,False,,EXIT
AIIL,Authum Investment & Infrastructure Limited,Financial Services,Capital Markets,596.2000122070312,False,2098.14,False,True,-2.43,-1.9,False,,EXIT
ANTHEM,ANTHEM,Healthcare,Biotechnology,825.6500244140625,True,575.95,False,True,-0.37,9.27,False,1845.0,EXIT
PAGEIND,Page Industries Limited,Consumer Cyclical,Apparel Manufacturing,40050.0,False,763.8299999999999,False,True,-23.0,-18.19,False,,EXIT
GLAXO,GlaxoSmithKline Pharmaceuticals Limited,Healthcare,Drug Manufacturers - General,2579.5,False,1041.3600000000001,False,True,-20.14,-10.37,False,3749.0,EXIT
AEGISLOG,AEGISLOG,Energy,Oil & Gas Refining & Marketing,1400.0,True,898.1500000000001,True,True,86.28,91.9,True,8627.0,ADD
MPHASIS,Mphasis Limited,Technology,Information Technology Services,2421.89990234375,False,1883.03,True,False,-13.95,-13.44,False,14230.0,EXIT
GODREJIND,Godrej Industries Limited,Industrials,Conglomerates,1304.800048828125,False,1240.52,True,True,10.3,9.99,True,19657.0,HOLD
IPCALAB,Ipca Laboratories Limited,Healthcare,Drug Manufacturers - Specialty & Generic,1734.199951171875,False,1141.12,False,True,10.75,20.32,True,8897.0,HOLD
SUPREMEIND,The Supreme Industries Limited,Industrials,Building Products & Equipment,3477.0,False,1069.96,True,False,-21.34,-21.58,False,10446.0,EXIT
VOLTAS,Voltas Limited,Consumer Cyclical,"Furnishings, Fixtures & Appliances",1275.0,False,375.88,False,False,-12.46,-7.67,False,15413.0,EXIT
WELCORP,Welspun Corp Limited,Basic Materials,Steel,1819.5999755859375,True,2219.8599999999997,True,True,105.19,103.77,True,17340.0,ADD
AJANTPHARM,Ajanta Pharma Limited,Healthcare,Drug Manufacturers - Specialty & Generic,3470.39990234375,True,1130.03,True,True,22.37,31.87,True,4648.0,ADD
AIAENG,AIA Engineering Limited,Industrials,Specialty Industrial Machinery,4795.39990234375,False,1270.15,True,True,46.01,45.61,True,4909.0,HOLD
PETRONET,Petronet LNG Limited,Energy,Oil & Gas Refining & Marketing,276.95001220703125,False,3912.5299999999997,False,False,-11.43,-3.09,False,59899.0,EXIT
JKCEMENT,J.K. Cement Limited,Basic Materials,Building Materials,5421.0,False,1109.43,True,False,-25.74,-26.8,False,11879.0,EXIT
PIIND,PI Industries Limited,Basic Materials,Agricultural Inputs,2796.0,False,1320.8,False,False,-35.21,-36.24,False,7978.0,EXIT
NLCINDIA,NLC India Limited,Utilities,Utilities - Regulated Electric,304.0,False,3339.04,True,True,35.15,25.25,True,16165.0,HOLD
GLAND,Gland Pharma Limited,Healthcare,Drug Manufacturers - Specialty & Generic,2608.300048828125,False,1030.18,False,True,19.04,28.56,True,5665.0,HOLD
NH,Narayana Hrudayalaya Limited,Healthcare,Medical Care Facilities,1885.0,False,805.6,False,True,-7.8,1.89,False,3590.0,EXIT
POONAWALLA,Poonawalla Fincorp Limited,Financial Services,Credit Services,490.8500061035156,False,775.32,False,True,6.28,6.77,True,,HOLD
CONCOR,Container Corporation of India Limited,Industrials,Railroads,512.0,False,1242.0,False,True,-12.14,-12.4,False,8887.0,EXIT
CPPLUS,CPPLUS,Industrials,Building Products & Equipment,3656.199951171875,True,390.04,False,True,239.16,238.33,True,3112.0,HOLD
IRCTC,Indian Railway Catering & Tourism Corporation Limited,Consumer Cyclical,Travel Services,520.4500122070312,False,1393.45,True,False,-38.21,-33.36,False,4675.0,EXIT
HUDCO,Housing and Urban Development Corporation Limited,Financial Services,Credit Services,202.11000061035156,False,4255.25,False,False,-9.84,-9.27,False,,EXIT
3MINDIA,3M India Limited,Industrials,Conglomerates,36000.0,False,526.45,False,True,12.19,11.87,True,4189.0,HOLD
ASTRAL,Astral Limited,Industrials,Building Products & Equipment,1442.0,False,581.0999999999999,True,False,-2.73,-3.02,False,5832.0,EXIT
NAVINFLUOR,Navin Fluorine International Limited,Basic Materials,Chemicals,8650.0,True,610.14,True,True,67.73,66.41,True,1687.0,ADD
ENDURANCE,Endurance Technologies Limited,Consumer Cyclical,Auto Parts,2877.699951171875,False,951.71,True,True,3.78,8.53,True,8846.0,HOLD
PATANJALI,Patanjali Foods Limited,Consumer Defensive,Packaged Foods,355.0,False,1656.3000000000002,True,False,-40.66,-46.3,False,34157.0,EXIT
EXIDEIND,Exide Industries Limited,Consumer Cyclical,Auto Parts,474.25,False,931.6700000000001,False,True,14.89,19.61,True,17238.0,HOLD
HSCL,Himadri Speciality Chemical Limited,Basic Materials,Specialty Chemicals,761.0,True,804.2,True,True,63.2,61.89,True,4613.0,ADD
MEDANTA,Global Health Limited,Healthcare,Medical Care Facilities,1444.300048828125,True,556.1800000000001,False,True,-6.47,3.22,False,3692.0,EXIT
LTTS,L&T Technology Services Limited,Technology,Information Technology Services,3555.39990234375,False,1307.0,False,False,-21.75,-21.19,False,10670.0,EXIT
UBL,United Breweries Limited,Consumer Defensive,Beverages - Brewers,1415.300048828125,False,464.21999999999997,False,False,-25.6,-31.34,False,8915.0,EXIT
COCHINSHIP,Cochin Shipyard Limited,Industrials,Aerospace & Defense,1490.0,False,716.51,False,False,-17.15,-17.41,False,4820.0,EXIT
EMCURE,EMCURE,Healthcare,Drug Manufacturers - Specialty & Generic,1936.699951171875,True,924.3499999999999,True,True,21.98,31.48,True,7896.0,ADD
DELHIVERY,Delhivery Limited,Industrials,Integrated Freight & Logistics,463.6000061035156,False,275.6,True,True,-2.47,-2.75,False,8932.0,HOLD
KPRMILL,K.P.R. Mill Limited,Consumer Cyclical,Textile Manufacturing,1086.0,False,853.02,True,True,-4.91,-0.14,False,6388.0,HOLD
PWL,Physicswallah Limited,Consumer Defensive,Education & Training Services,125.48999786376953,False,588.95,False,False,,,False,2887.0,EXIT
STARHEALTH,Star Health and Allied Insurance Company Limited,Financial Services,Insurance - Life,573.6500244140625,False,1227.47,False,True,28.05,28.44,True,,HOLD
MANAPPURAM,Manappuram Finance Limited,Financial Services,Credit Services,364.0,True,974.5699999999999,False,True,37.09,37.44,True,,HOLD
BLUESTARCO,Blue Star Limited,Industrials,Building Products & Equipment,1571.0,False,622.31,False,False,-15.7,-15.95,False,11968.0,EXIT
ANANDRATHI,Anand Rathi Wealth Limited,Financial Services,Asset Management,2071.5,True,365.66999999999996,False,True,52.51,52.8,True,1107.0,HOLD
TATAINVEST,Tata Investment Corporation Limited,Financial Services,Asset Management,667.0999755859375,False,323.24,False,False,-11.09,-10.52,False,385.0,EXIT
HEXT,Hexaware Technologies Limited,Technology,Information Technology Services,556.0,False,1353.3,False,False,-28.37,-27.76,False,13430.0,EXIT
ESCORTS,Escorts Kubota Limited,Industrials,Farm & Heavy Construction Machinery,3081.0,False,2394.35,True,False,-13.43,-13.69,False,10244.0,EXIT
ITCHOTELS,ITCHOTELS,Consumer Cyclical,Resorts & Casinos,171.0800018310547,False,731.27,True,False,-35.81,-30.96,False,3560.0,EXIT
DALBHARAT,Dalmia Bharat Limited,Basic Materials,Building Materials,1822.5,False,697.0,False,False,-22.65,-23.72,False,14691.0,EXIT
HONAUT,Honeywell Automation India Limited,Industrials,Electrical Equipment & Parts,38315.0,False,556.1999999999999,False,True,-0.87,-1.16,False,,EXIT
IREDA,Indian Renewable Energy Development Agency Limited,Financial Services,Credit Services,121.0199966430664,False,1826.22,False,False,-21.47,-20.86,False,,EXIT
GODFRYPHLP,Godfrey Phillips India Limited,Consumer Defensive,Tobacco,2290.0,False,1419.4199999999998,True,False,-35.72,-41.4,False,5611.0,EXIT
KARURVYSYA,The Karur Vysya Bank Limited,Financial Services,Banks - Regional,337.5,True,2692.0699999999997,False,True,49.71,50.01,True,,HOLD
NUVAMA,Nuvama Wealth Management Limited,Financial Services,Asset Management,1658.300048828125,False,828.74,False,True,13.97,14.43,True,4162.0,HOLD
UCOBANK,UCO Bank,Financial Services,Banks - Regional,26.639999389648438,False,2816.74,False,False,-11.32,-10.75,False,,EXIT
SCHNEIDER,Schneider Electric Infrastructure Limited,Industrials,Electrical Equipment & Parts,1335.199951171875,False,212.56,False,True,28.99,28.63,True,,HOLD
KIMS,Krishna Institute of Medical Sciences Limited,Healthcare,Medical Care Facilities,808.5999755859375,True,241.4,False,True,-7.12,2.57,False,3035.0,EXIT
AEGISVOPAK,AEGISVOPAK,Energy,Oil & Gas Equipment & Services,288.70001220703125,True,231.81,False,True,6.1,13.95,True,621.0,HOLD
CRISIL,CRISIL Limited,Financial Services,Financial Data & Stock Exchanges,4550.60009765625,False,862.79,True,True,-17.96,-17.36,False,3649.0,HOLD
KIRLOSENG,Kirloskar Oil Engines Limited,Industrials,Specialty Industrial Machinery,2248.89990234375,False,574.32,True,True,140.5,139.89,True,6349.0,HOLD
WOCKPHARMA,Wockhardt Limited,Healthcare,Drug Manufacturers - Specialty & Generic,1975.0,False,340.0,False,True,19.5,29.01,True,4830.0,HOLD
LALPATHLAB,Dr. Lal PathLabs Limited,Healthcare,Diagnostics & Research,1928.0,True,391.3,False,True,5.88,15.48,True,2461.0,HOLD
IKS,IKS,Healthcare,Health Information Services,1763.0999755859375,False,688.6400000000001,False,True,-4.25,5.42,False,973.0,EXIT
CUPID,Cupid Limited,Consumer Defensive,Household & Personal Products,262.6099853515625,True,108.23,True,True,690.91,680.39,True,183.0,ADD
TATATECH,Tata Technologies Limited,Technology,Information Technology Services,801.5499877929688,False,561.8399999999999,False,True,14.88,15.21,True,5168.0,HOLD
GRSE,Garden Reach Shipbuilders & Engineers Limited,Industrials,Aerospace & Defense,2599.39990234375,False,535.2,False,True,-4.26,-4.55,False,,EXIT
MRPL,Mangalore Refinery and Petrochemicals Limited,Energy,Oil & Gas Refining & Marketing,167.77999877929688,False,2784.1899999999996,False,True,22.06,29.46,True,109026.0,HOLD
TVSHLTD,TVS Holdings Limited,Consumer Cyclical,Auto Parts,14908.0,False,1863.0700000000002,True,True,19.83,24.54,True,44993.0,HOLD
HFCL,HFCL Limited,Technology,Communication Equipment,203.6699981689453,False,536.96,False,True,175.5,174.85,True,4743.0,HOLD
RRKABEL,R R Kabel Limited,Industrials,Electrical Equipment & Parts,2764.39990234375,True,581.1,False,True,116.38,115.83,True,7618.0,HOLD
ABSLAMC,Aditya Birla Sun Life AMC Limited,Financial Services,Asset Management,1024.0999755859375,False,1043.23,False,True,14.67,15.12,True,1955.0,HOLD
JUBLFOOD,Jubilant FoodWorks Limited,Consumer Cyclical,Restaurants,473.0,False,428.48,True,False,-34.46,-29.61,False,6105.0,EXIT
CHOLAHLDNG,Cholamandalam Financial Holdings Limited,Financial Services,Credit Services,1648.0,False,2441.29,True,False,-13.44,-12.86,False,,EXIT
LICHSGFIN,LIC Housing Finance Limited,Financial Services,Mortgage Finance,505.0,False,5753.3,True,False,-17.63,-17.03,False,,EXIT
SHYAMMETL,Shyam Metalics and Energy Limited,Basic Materials,Steel,1015.5,True,1123.1599999999999,False,True,3.27,2.13,True,15138.0,HOLD
STLTECH,Sterlite Technologies Limited,Technology,Communication Equipment,633.8499755859375,True,283.0,False,True,403.57,401.5,True,6925.0,HOLD
NIACL,The New India Assurance Company Limited,Financial Services,Insurance - Diversified,178.92999267578125,False,1254.58,False,True,-11.3,-10.73,False,43354.0,EXIT
METROBRAND,Metro Brands Limited,Consumer Cyclical,Apparel Retail,981.0999755859375,False,438.26,False,False,-23.84,-19.02,False,2450.0,EXIT
BANDHANBNK,Bandhan Bank Limited,Financial Services,Banks - Regional,174.66000366210938,False,1613.36,False,True,0.95,1.46,True,,HOLD
CENTRALBK,Central Bank of India,Financial Services,Banks - Regional,31.510000228881836,False,4615.120000000001,True,False,-16.97,-16.38,False,,EXIT
SAILIFE,SAILIFE,Healthcare,Diagnostics & Research,1413.5,True,353.34999999999997,True,True,64.3,73.51,True,1642.0,ADD
PGHH,Procter & Gamble Hygiene and Health Care Limited,Consumer Defensive,Household & Personal Products,8484.0,False,790.7199999999999,False,False,-34.86,-40.55,False,,EXIT
CDSL,Central Depository Services (India) Limited,Financial Services,Capital Markets,1331.0,False,416.23,False,False,-19.18,-18.57,False,1082.0,EXIT
ZFCVINDIA,ZF Commercial Vehicle Control Systems India Limited,Consumer Cyclical,Auto Parts,2580.300048828125,False,390.97,False,True,3.58,8.33,True,3831.0,HOLD
PNBHOUSING,PNB Housing Finance Limited,Financial Services,Mortgage Finance,1150.0,False,2260.03,True,True,43.41,43.74,True,,HOLD
ANGELONE,Angel One Limited,Financial Services,Capital Markets,297.1000061035156,False,820.3,False,True,8.62,9.1,True,5239.0,HOLD
APOLLOTYRE,Apollo Tyres Limited,Consumer Cyclical,Auto Parts,449.70001220703125,False,1372.42,False,False,-6.1,-1.33,False,26123.0,EXIT
SJVN,SJVN Limited,Utilities,Utilities - Renewable,68.43000030517578,False,877.85,False,False,-22.09,-30.44,False,3072.0,EXIT
MSUMI,Motherson Sumi Wiring India Limited,Consumer Cyclical,Auto Parts,41.0099983215332,False,624.77,False,False,-3.57,1.2,False,9319.0,EXIT
ITI,ITI Limited,Technology,Communication Equipment,287.25,False,518.4399999999999,False,False,-9.28,-8.79,False,3616.0,EXIT
PTCIL,PTC Industries Limited,Industrials,Metal Fabrication,18221.0,False,101.55999999999999,True,True,16.89,16.56,True,308.0,HOLD
SYRMA,Syrma SGS Technology Limited,Technology,Electronic Components,1418.0,True,368.11,False,True,92.18,92.04,True,3787.0,HOLD
AMBER,Amber Enterprises India Limited,Consumer Cyclical,"Furnishings, Fixtures & Appliances",7425.0,False,381.06,True,True,-12.14,-7.35,False,6744.0,HOLD
PPLPHARMA,Piramal Pharma Limited,Healthcare,Drug Manufacturers - Specialty & Generic,208.24000549316406,False,296.1,True,True,-2.59,7.07,False,9151.0,HOLD
IIFL,IIFL Finance Limited,Financial Services,Credit Services,609.3499755859375,False,1959.56,True,True,29.66,30.05,True,,HOLD
CRAFTSMAN,Craftsman Automation Limited,Consumer Cyclical,Auto Parts,10555.0,True,464.94000000000005,False,True,56.98,61.6,True,5690.0,HOLD
NETWEB,Netweb Technologies India Limited,Technology,Computer Hardware,4816.0,False,229.22,False,True,122.6,122.27,True,,HOLD
GUJENERGY,Gujarat Energy Limited,Utilities,Utilities - Regulated Gas,275.6000061035156,False,1225.5299999999997,False,False,-32.37,-40.44,False,,EXIT
ACMESOLAR,ACME Solar Holdings Limited,Utilities,Utilities - Renewable,375.45001220703125,True,619.1899999999999,False,True,46.45,36.25,True,1777.0,HOLD
NBCC,NBCC (India) Limited,Industrials,Engineering & Construction,96.25,False,720.04,True,False,-17.02,-17.27,False,12039.0,EXIT
GABRIEL,Gabriel India Limited,Consumer Cyclical,Auto Parts,1531.800048828125,True,297.65999999999997,True,True,42.56,47.22,True,4063.0,ADD
CREDITACC,CreditAccess Grameen Limited,Financial Services,Credit Services,1547.0,False,1145.22,False,True,22.77,23.18,True,,HOLD
KAYNES,Kaynes Technology India Limited,Technology,Electronic Components,3830.0,False,358.67,True,False,-41.87,-41.19,False,2722.0,EXIT
ACC,ACC Limited,Basic Materials,Building Materials,1378.4000244140625,False,1164.46,False,False,-28.33,-29.38,False,22210.0,EXIT
SUMICHEM,Sumitomo Chemical India Limited,Basic Materials,Agricultural Inputs,525.2000122070312,False,580.03,True,True,-16.76,-17.84,False,3511.0,HOLD
ACUTAAS,Acutaas Chemicals Limited,Basic Materials,Specialty Chemicals,3260.60009765625,False,214.73,False,True,144.69,143.15,True,990.0,HOLD
REDINGTON,Redington Limited,Technology,Information Technology Services,350.75,True,1588.37,True,True,41.78,41.95,True,99334.0,ADD
GILLETTE,Gillette India Limited,Consumer Defensive,Household & Personal Products,7694.0,False,430.34000000000003,False,False,-26.58,-32.32,False,,EXIT
RUBICON,RUBICON,Healthcare,Drug Manufacturers - General,1533.4000244140625,True,223.89,False,True,,,False,1284.0,EXIT
AWL,AWL Agri Business Limited,Consumer Defensive,Packaged Foods,197.3800048828125,False,1147.61,False,False,-20.87,-26.64,False,63672.0,EXIT
NEULANDLAB,Neuland Laboratories Limited,Healthcare,Drug Manufacturers - Specialty & Generic,21543.0,True,363.98999999999995,True,True,54.26,63.54,True,1559.0,ADD
IRB,IRB Infrastructure Developers Limited,Industrials,Infrastructure Operations,19.93000030517578,False,954.1399999999999,False,False,-15.3,-15.56,False,7613.0,EXIT
DATAPATTNS,Data Patterns (India) Limited,Industrials,Aerospace & Defense,4392.60009765625,False,267.93,False,True,64.95,64.51,True,,HOLD
TIMKEN,Timken India Limited,Industrials,Tools & Accessories,3343.10009765625,False,507.39000000000004,True,True,10.12,9.81,True,3194.0,HOLD
FORCEMOT,Force Motors Limited,Consumer Cyclical,Auto Manufacturers,18690.0,False,1251.8600000000001,True,False,-6.57,-1.79,False,8072.0,EXIT
GODIGIT,GODIGIT,Financial Services,Insurance - Property & Casualty,270.1000061035156,False,514.23,False,False,-29.36,-28.71,False,,EXIT
CEMPRO,Cemindia Projects Limited,Industrials,Engineering & Construction,1245.800048828125,False,631.12,True,True,64.59,64.15,True,9097.0,HOLD
GRINDWELL,Grindwell Norton Limited,Industrials,Building Products & Equipment,2107.60009765625,False,423.87,True,True,37.37,36.99,True,2737.0,HOLD
BELRISE,BELRISE,Consumer Cyclical,Auto Parts,244.61000061035156,True,496.84999999999997,False,True,70.96,75.54,True,8291.0,HOLD
TATAELXSI,Tata Elxsi Limited,Technology,Software - Application,3715.0,False,644.21,True,False,-41.5,-40.81,False,849.0,EXIT
DEEPAKNTR,Deepak Nitrite Limited,Basic Materials,Chemicals,1750.4000244140625,False,550.44,False,True,-7.0,-8.11,False,8282.0,EXIT
ANANTRAJ,Anant Raj Limited,Real Estate,Real Estate - Development,617.4000244140625,False,554.85,True,True,26.03,8.97,True,2060.0,HOLD
CGCL,Capri Global Capital Limited,Financial Services,Credit Services,241.07000732421875,False,1066.5400000000002,True,True,23.79,24.2,True,,HOLD
ASAHIINDIA,Asahi India Glass Limited,Consumer Cyclical,Auto Parts,913.9500122070312,False,380.55999999999995,True,True,0.94,5.69,True,4594.0,HOLD
AFFLE,Affle 3i Limited,Communication Services,Advertising Agencies,1688.699951171875,False,447.39,True,True,0.58,-18.1,False,2266.0,HOLD
PFOCUS,Prime Focus Limited,Communication Services,Entertainment,291.8999938964844,False,218.75,False,True,106.59,86.5,True,4644.0,HOLD
KIOCL,KIOCL Limited,Basic Materials,Steel,394.45001220703125,False,126.47,False,True,4.15,3.01,True,3006.0,HOLD
PFIZER,Pfizer Limited,Healthcare,Drug Manufacturers - General,4900.0,False,735.15,True,True,-17.44,-7.69,False,678.0,HOLD
KPIL,Kalpataru Projects International Limited,Industrials,Engineering & Construction,1294.0999755859375,False,1025.41,True,True,11.61,11.29,True,22316.0,HOLD
EMMVEE,EMMVEE,Technology,Solar,328.1499938964844,False,1274.17,False,False,,,False,2336.0,EXIT
CESC,CESC Limited,Utilities,Utilities - Regulated Electric,162.47999572753906,False,1485.0,True,False,4.99,-4.09,False,9584.0,EXIT
AADHARHFC,AADHARHFC,Financial Services,Mortgage Finance,514.9000244140625,False,1095.88,False,True,-1.31,-0.78,False,,EXIT
RAMCOCEM,The Ramco Cements Limited,Basic Materials,Building Materials,937.0999755859375,False,648.7199999999999,False,False,-22.08,-23.15,False,9376.0,EXIT
IGL,Indraprastha Gas Limited,Utilities,Utilities - Regulated Gas,154.3300018310547,False,1549.6299999999999,False,False,-20.67,-29.06,False,14928.0,EXIT
SANSERA,Sansera Engineering Limited,Consumer Cyclical,Auto Parts,3787.300048828125,True,324.09000000000003,True,True,189.46,193.76,True,3017.0,ADD
FSL,Firstsource Solutions Limited,Technology,Information Technology Services,293.95001220703125,False,655.5799999999999,True,True,-21.6,-21.04,False,7980.0,HOLD
IFCI,IFCI Limited,Financial Services,Credit Services,74.91000366210938,False,211.35000000000002,False,True,29.68,30.07,True,,HOLD
SUNDRMFAST,Sundram Fasteners Limited,Consumer Cyclical,Auto Parts,1085.25,False,564.75,True,True,3.17,7.92,True,5955.0,HOLD
CUB,City Union Bank Limited,Financial Services,Banks - Regional,208.38999938964844,False,1074.29,False,True,24.32,24.73,True,,HOLD
EIHOTEL,EIH Limited,Consumer Cyclical,Lodging,325.6499938964844,False,628.28,False,False,-20.41,-15.6,False,2743.0,EXIT
GRANULES,Granules India Limited,Healthcare,Drug Manufacturers - Specialty & Generic,838.6500244140625,False,662.35,True,True,77.07,86.2,True,4512.0,HOLD
AETHER,Aether Industries Limited,Basic Materials,Specialty Chemicals,1584.4000244140625,True,235.20000000000002,True,True,106.04,104.61,True,839.0,ADD
SAGILITY,Sagility Limited,Healthcare,Health Information Services,43.7599983215332,False,890.76,True,False,-17.65,-7.9,False,5570.0,EXIT
CARBORUNIV,Carborundum Universal Limited,Industrials,Conglomerates,1069.0999755859375,False,184.54000000000002,False,True,16.43,16.1,True,2828.0,HOLD
ASTRAZEN,AstraZeneca Pharma India Limited,Healthcare,Drug Manufacturers - Specialty & Generic,8075.5,False,187.51999999999998,False,False,-23.07,-13.28,False,,EXIT
SUNTV,Sun TV Network Limited,Communication Services,Broadcasting,489.20001220703125,False,1439.5100000000002,False,False,1.71,-16.99,False,4282.0,EXIT
HBLENGINE,HBLENGINE,Industrials,Electrical Equipment & Parts,736.1500244140625,False,814.89,True,False,17.83,17.49,True,2209.0,HOLD
ATUL,Atul Ltd,Basic Materials,Specialty Chemicals,6834.0,False,743.96,True,True,-0.93,-2.06,False,5075.0,HOLD
CAMS,Computer Age Management Services Limited,Technology,Information Technology Services,799.4500122070312,False,361.06000000000006,False,True,-0.38,0.05,False,1334.0,EXIT
HATSUN,Hatsun Agro Product Limited,Consumer Defensive,Packaged Foods,927.25,False,380.34999999999997,True,False,5.4,-0.56,False,8700.0,EXIT
DEEPAKFERT,Deepak Fertilisers And Petrochemicals Corporation Limited,Basic Materials,Chemicals,1559.0,False,1014.09,True,True,-1.95,-3.07,False,4243.0,HOLD
SHRIPISTON,SPR Auto Technologies Limited,Consumer Cyclical,Auto Parts,4325.39990234375,True,559.5,True,True,69.4,73.99,True,3550.0,ADD
GESHIP,The Great Eastern Shipping Company Limited,Industrials,Marine Shipping,1352.9000244140625,False,2942.52,True,True,40.85,40.47,True,4835.0,HOLD
CAPLIPOINT,Caplin Point Laboratories Limited,Healthcare,Drug Manufacturers - Specialty & Generic,2585.800048828125,True,629.36,True,True,19.81,29.32,True,1937.0,ADD
TRITURBINE,Triveni Turbine Limited,Industrials,Specialty Industrial Machinery,646.3499755859375,False,349.7,True,True,17.75,17.41,True,2006.0,HOLD
BAYERCROP,Bayer CropScience Limited,Basic Materials,Agricultural Inputs,4214.89990234375,False,689.2,True,False,-33.63,-34.66,False,727.0,EXIT
BRIGADE,Brigade Enterprises Limited,Real Estate,Real Estate - Development,571.9500122070312,False,481.89,False,False,-9.36,-25.96,False,5074.0,EXIT
URBANCO,Urban Company Limited,Technology,Software - Application,142.6699981689453,False,192.2,False,True,,,False,1144.0,EXIT
KAJARIACER,Kajaria Ceramics Limited,Industrials,Building Products & Equipment,1175.4000244140625,False,394.96999999999997,False,True,-5.65,-5.92,False,4635.0,EXIT
ERIS,Eris Lifesciences Limited,Healthcare,Drug Manufacturers - Specialty & Generic,1382.9000244140625,False,643.9100000000001,False,False,-34.38,-24.51,False,2894.0,EXIT
CHENNPETRO,Chennai Petroleum Corporation Limited,Energy,Oil & Gas Refining & Marketing,1292.300048828125,True,3494.89,True,True,93.52,98.94,True,76271.0,ADD
SAMMAANCAP,Sammaan Capital Limited,Financial Services,Mortgage Finance,167.22000122070312,False,9073.83,True,True,31.04,31.42,True,,HOLD
ONESOURCE,ONESOURCE,Healthcare,Biotechnology,1557.0999755859375,False,128.78,True,False,-31.59,-21.74,False,1445.0,EXIT
JYOTICNC,Jyoti CNC Automation Limited,Industrials,Specialty Industrial Machinery,865.0499877929688,False,336.0,True,True,-16.38,-16.63,False,1818.0,HOLD
ZYDUSWELL,Zydus Wellness Limited,Consumer Defensive,Packaged Foods,531.5,False,501.70000000000005,True,True,37.17,31.01,True,2709.0,HOLD
CHOICEIN,Choice International Limited,Financial Services,Capital Markets,833.2000122070312,True,225.57000000000002,True,True,7.53,8.01,True,921.0,ADD
CASTROLIND,Castrol India Limited,Energy,Oil & Gas Refining & Marketing,194.1699981689453,False,964.3100000000001,False,True,-22.28,-13.64,False,,EXIT
SARDAEN,Sarda Energy & Minerals Limited,Basic Materials,Steel,500.8999938964844,False,1105.9,True,False,-17.51,-18.59,False,4643.0,EXIT
ELGIEQUIP,Elgi Equipments Limited,Industrials,Specialty Industrial Machinery,589.25,False,430.20000000000005,True,True,3.59,3.29,True,3510.0,HOLD
GMDCLTD,Gujarat Mineral Development Corporation Limited,Energy,Thermal Coal,596.75,False,956.67,False,True,39.02,45.95,True,3498.0,HOLD
JSWCEMENT,JSWCEMENT,Basic Materials,Building Materials,132.6199951171875,False,634.0699999999999,True,True,,,False,6002.0,HOLD
CHALET,Chalet Hotels Limited,Consumer Cyclical,Lodging,863.0999755859375,False,576.38,True,True,-10.28,-5.49,False,1718.0,HOLD
CENTURYPLY,Century Plyboards (India) Limited,Basic Materials,Lumber & Wood Production,783.75,False,262.71,False,True,1.06,-0.08,False,4528.0,EXIT
AARTIIND,Aarti Industries Limited,Basic Materials,Specialty Chemicals,501.20001220703125,False,468.0,False,True,26.33,25.12,True,7271.0,HOLD
ASTRAMICRO,Astra Microwave Products Limited,Technology,Communication Equipment,1802.199951171875,True,192.96000000000004,True,True,77.03,76.99,True,1044.0,ADD
TDPOWERSYS,TD Power Systems Limited,Industrials,Specialty Industrial Machinery,1227.699951171875,False,231.6,True,True,135.51,134.91,True,1279.0,HOLD
MTARTECH,MTAR Technologies Limited,Industrials,Specialty Industrial Machinery,6959.0,False,140.01,True,True,344.98,343.9,True,676.0,HOLD
CHAMBLFERT,Chambal Fertilisers and Chemicals Limited,Basic Materials,Agricultural Inputs,459.75,False,1828.24,True,True,-22.89,-23.96,False,27773.0,HOLD
PGEL,PG Electroplast Limited,Technology,Electronic Components,609.75,False,196.56,False,True,-24.17,-23.6,False,4870.0,EXIT
EMAMILTD,Emami Limited,Consumer Defensive,Household & Personal Products,409.0,False,775.27,False,False,-30.8,-36.5,False,3809.0,EXIT
ABDL,ABDL,Consumer Defensive,Beverages - Wineries & Distilleries,605.0,False,213.23000000000002,True,True,23.16,17.09,True,3520.0,HOLD
INOXINDIA,INOX India Limited,Industrials,Specialty Industrial Machinery,1954.4000244140625,False,262.57,False,True,66.56,66.12,True,1296.0,HOLD
POLYMED,Poly Medicure Limited,Healthcare,Medical Instruments & Supplies,1709.300048828125,False,320.89000000000004,False,True,-27.18,-17.36,False,1669.0,EXIT
LMW,LMW Limited,Industrials,Specialty Industrial Machinery,16635.0,False,145.34,False,True,3.94,3.64,True,4719.0,HOLD
J&KBANK,Jammu and Kashmir Bank Limited,Financial Services,Banks - Regional,160.0800018310547,False,2293.38,False,True,52.88,53.17,True,,HOLD
TATACHEM,Tata Chemicals Limited,Basic Materials,Chemicals,663.2999877929688,False,2494.0,False,False,-33.8,-34.83,False,17204.0,EXIT
TRAVELFOOD,TRAVELFOOD,Consumer Cyclical,Restaurants,1337.199951171875,True,452.1,False,True,17.85,22.57,True,1688.0,HOLD
OLAELEC,OLAELEC,Consumer Cyclical,Auto Manufacturers,41.439998626708984,False,2285.0,True,True,-6.66,-1.88,False,5010.0,HOLD
DIACABS,Diamond Power Infrastructure Limited,Industrials,Specialty Industrial Machinery,348.79998779296875,False,158.17000000000002,True,True,115.11,114.56,True,3153.0,HOLD
ECLERX,eClerx Services Limited,Technology,Information Technology Services,1872.4000244140625,False,523.02,True,True,-10.41,-9.92,False,3366.0,HOLD
VTL,Vardhman Textiles Limited,Consumer Cyclical,Textile Manufacturing,602.2000122070312,False,868.05,False,True,38.17,42.84,True,10137.0,HOLD
MEDPLUS,MedPlus Health Services Limited,Healthcare,Pharmaceutical Retailers,690.2000122070312,False,197.32999999999998,False,False,-31.99,-22.14,False,6136.0,EXIT
CROMPTON,Crompton Greaves Consumer Electricals Limited,Consumer Cyclical,"Furnishings, Fixtures & Appliances",270.0,False,924.01,True,True,-24.87,-20.05,False,7028.0,HOLD
ARE&M,Amara Raja Energy & Mobility Limited,Industrials,Electrical Equipment & Parts,927.4500122070312,False,780.8499999999999,False,True,-4.72,-5.0,False,12846.0,EXIT
GRWRHITECH,Garware Hi-Tech Films Limited,Basic Materials,Specialty Chemicals,7338.5,True,338.22999999999996,True,True,123.67,122.19,True,2109.0,ADD
RATNAMANI,Ratnamani Metals & Tubes Limited,Basic Materials,Steel,2370.60009765625,False,482.54,False,False,-2.76,-3.88,False,5186.0,EXIT
THELEELA,Leela Palaces Hotels & Resorts Limited,Consumer Cyclical,Lodging,511.0,True,445.92999999999995,True,True,12.09,16.82,True,1301.0,ADD
MINDACORP,Minda Corporation Limited,Consumer Cyclical,Auto Parts,716.9000244140625,True,327.65,True,True,41.61,46.27,True,5056.0,ADD
PSB,Punjab & Sind Bank,Financial Services,Banks - Regional,23.979999542236328,False,1358.92,False,False,-20.59,-19.98,False,,EXIT
NATCOPHARM,NATCO Pharma Limited,Healthcare,Drug Manufacturers - Specialty & Generic,912.5,False,1418.5,False,False,-15.01,-5.27,False,4430.0,EXIT
JINDALSAW,Jindal Saw Limited,Basic Materials,Steel,265.25,False,821.46,False,True,25.5,24.3,True,20958.0,HOLD
TBOTEK,TBOTEK,Consumer Cyclical,Travel Services,1623.0999755859375,False,260.12,False,True,8.86,13.6,True,1737.0,HOLD
KPITTECH,KPIT Technologies Limited,Technology,Software - Infrastructure,623.0,False,582.62,False,False,-53.92,-53.16,False,5842.0,EXIT
COHANCE,COHANCE,Healthcare,Drug Manufacturers - Specialty & Generic,438.8999938964844,False,179.17,False,False,-67.9,-57.8,False,1340.0,EXIT
THANGAMAYL,Thangamayil Jewellery Limited,Consumer Cyclical,Luxury Goods,5144.0,False,378.23999999999995,False,True,157.46,161.84,True,,HOLD
KFINTECH,KFin Technologies Limited,Technology,Software - Application,930.0,False,325.61,False,False,-21.53,-20.97,False,1056.0,EXIT
FIVESTAR,Five-Star Business Finance Limited,Financial Services,Credit Services,553.25,False,1084.02,False,True,-10.38,-9.82,False,,EXIT
NIVABUPA,Niva Bupa Health Insurance Company Limited,Financial Services,Insurance - Life,87.18000030517578,False,642.01,False,True,2.98,3.49,True,,HOLD
BIKAJI,Bikaji Foods International Limited,Consumer Defensive,Packaged Foods,624.25,False,258.27,False,False,-13.78,-19.6,False,2622.0,EXIT
PINELABS,PINELABS,Technology,Software - Infrastructure,156.0399932861328,False,126.11000000000001,True,False,,,False,2274.0,EXIT
DCMSHRIRAM,DCM Shriram Limited,Industrials,Conglomerates,1010.4000244140625,False,1388.1600000000003,True,False,-31.12,-31.34,False,12077.0,EXIT
KANSAINER,Kansai Nerolac Paints Limited,Basic Materials,Specialty Chemicals,211.1199951171875,False,563.0,False,False,-13.72,-14.81,False,7823.0,EXIT
GPIL,Godawari Power & Ispat Limited,Basic Materials,Steel,244.75999450683594,False,800.74,False,False,25.0,23.8,True,5745.0,EXIT
BASF,BASF India Limited,Basic Materials,Specialty Chemicals,4125.0,False,420.1,False,True,-14.74,-15.83,False,15260.0,EXIT
ABREL,Aditya Birla Real Estate Limited,Real Estate,Real Estate Services,1390.800048828125,False,240.17,False,False,-14.81,-31.34,False,7645.0,EXIT
NAVA,Nava Limited,Industrials,Conglomerates,594.2000122070312,False,786.66,False,True,-6.59,-6.87,False,3984.0,EXIT
APLLTD,Alembic Pharmaceuticals Limited,Healthcare,Drug Manufacturers - Specialty & Generic,834.4500122070312,False,646.9399999999999,False,True,-26.51,-16.69,False,6672.0,EXIT
CLEANMAX,CLEANMAX,Utilities,Utilities - Renewable,1357.800048828125,False,77.43,False,False,,,False,2776.0,EXIT
HAPPYFORGE,HAPPYFORGE,Industrials,Metal Fabrication,1870.0,True,295.81,False,True,87.76,87.27,True,1409.0,HOLD
JBMA,JBM Auto Limited,Consumer Cyclical,Auto Parts,657.5499877929688,False,208.35000000000002,True,True,-3.16,1.61,False,5472.0,HOLD
SYNGENE,Syngene International Limited,Healthcare,Diagnostics & Research,399.75,False,258.6,False,False,-55.17,-45.16,False,3373.0,EXIT
CIEINDIA,CIE Automotive India Limited,Consumer Cyclical,Auto Parts,410.29998779296875,False,892.8199999999999,False,False,-7.67,-2.89,False,9406.0,EXIT
RAINBOW,Rainbow Children's Medicare Limited,Healthcare,Medical Care Facilities,1573.199951171875,False,285.39,False,True,-8.4,1.29,False,1516.0,EXIT
CCL,CCL Products (India) Limited,Consumer Defensive,Packaged Foods,1131.199951171875,False,404.11999999999995,True,True,32.6,26.47,True,3106.0,HOLD
PARADEEP,Paradeep Phosphates Limited,Basic Materials,Agricultural Inputs,148.1300048828125,False,1046.95,False,True,-39.7,-40.72,False,13820.0,EXIT
IGIL,International Gemological Institute Limited,Basic Materials,Other Precious Metals & Mining,360.3500061035156,False,615.86,True,True,-5.13,-6.25,False,1229.0,HOLD
AGARWALEYE,AGARWALEYE,Healthcare,Medical Instruments & Supplies,532.2999877929688,True,103.5,True,True,4.81,14.42,True,1711.0,ADD
FINCABLES,Finolex Cables Limited,Industrials,Electrical Equipment & Parts,1034.75,False,713.72,True,True,15.64,15.32,True,5319.0,HOLD
USHAMART,Usha Martin Limited,Basic Materials,Steel,515.6500244140625,True,498.26,True,True,40.73,39.49,True,3746.0,ADD
AEQUS,AEQUS,Industrials,Aerospace & Defense,239.0500030517578,False,170.22,True,False,,,False,965.0,EXIT
KSB,KSB Limited,Industrials,Specialty Industrial Machinery,788.0499877929688,False,258.70000000000005,False,False,-9.58,-9.84,False,2696.0,EXIT
MAHSCOOTER,Maharashtra Scooters Ltd.,Financial Services,Asset Management,13817.0,False,11.45,False,True,-13.25,-12.67,False,,EXIT
CONCORDBIO,Concord Biotech Limited,Healthcare,Biotechnology,1374.699951171875,False,259.55,False,True,-31.39,-21.54,False,1200.0,EXIT
KIRLOSBROS,Kirloskar Brothers Limited,Industrials,Specialty Industrial Machinery,1957.199951171875,False,439.6,True,True,0.19,-0.1,False,4492.0,HOLD
GALLANTT,Gallantt Ispat Limited,Basic Materials,Steel,615.3499755859375,False,513.3399999999999,False,False,-25.15,-26.21,False,4293.0,EXIT
JUBLPHARMA,Jubilant Pharmova Limited,Healthcare,Drug Manufacturers - Specialty & Generic,926.25,False,431.80000000000007,False,False,-30.67,-20.83,False,9111.0,EXIT
AZAD,AZAD,Industrials,Specialty Industrial Machinery,2455.800048828125,True,125.47999999999999,False,True,50.52,50.12,True,457.0,HOLD
FINEORG,Fine Organic Industries Limited,Basic Materials,Specialty Chemicals,4989.0,False,417.07000000000005,False,True,-7.23,-8.34,False,3023.0,EXIT
WELSPUNLIV,Welspun Living Limited,Consumer Cyclical,Textile Manufacturing,159.25,False,204.44,False,True,28.07,32.76,True,10545.0,HOLD
SOBHA,Sobha Limited,Real Estate,Real Estate - Development,1355.9000244140625,False,171.74,False,False,-1.24,-17.94,False,4039.0,EXIT
HONASA,Honasa Consumer Limited,Consumer Defensive,Household & Personal Products,465.6499938964844,False,199.94,False,True,79.11,72.67,True,2067.0,HOLD
ZENTEC,Zen Technologies Limited,Industrials,Aerospace & Defense,1734.5999755859375,False,168.51000000000002,False,True,17.12,16.79,True,974.0,HOLD
VENTIVE,VENTIVE,Consumer Cyclical,Lodging,612.7999877929688,False,425.65,False,False,-28.43,-23.6,False,1605.0,EXIT
BEML,BEML Limited,Industrials,Conglomerates,1725.0999755859375,False,553.86,True,False,-17.15,-17.4,False,4337.0,EXIT
APOLLO,Apollo Micro Systems Limited,Industrials,Aerospace & Defense,403.95001220703125,False,95.81,True,True,119.25,118.69,True,562.0,HOLD
LTFOODS,LT Foods Limited,Consumer Defensive,Packaged Foods,419.3999938964844,False,644.97,True,True,-9.25,-15.1,False,8681.0,HOLD
ALIVUS,Alivus Life Sciences Limited,Healthcare,Drug Manufacturers - Specialty & Generic,1325.199951171875,True,594.54,False,True,25.22,34.69,True,1885.0,HOLD
SHADOWFAX,SHADOWFAX,Industrials,Integrated Freight & Logistics,240.10000610351562,True,65.69,True,False,,,False,2485.0,EXIT
PRIVISCL,Privi Speciality Chemicals Limited,Basic Materials,Specialty Chemicals,3660.0,True,255.89999999999998,True,True,42.42,41.17,True,2101.0,ADD
SHAILY,Shaily Engineering Plastics Limited,Basic Materials,Specialty Chemicals,3366.300048828125,True,169.92,True,True,100.05,98.64,True,787.0,ADD
DEVYANI,Devyani International Limited,Consumer Cyclical,Restaurants,123.86000061035156,False,38.769999999999996,False,False,-32.49,-27.65,False,3349.0,EXIT
AMAGI,AMAGI,Technology,Software - Application,649.0999755859375,True,44.86,False,False,,,False,1163.0,EXIT
FRACTAL,FRACTAL,Technology,Software - Infrastructure,807.5999755859375,False,263.8,False,False,,,False,2765.0,EXIT
UJJIVANSFB,Ujjivan Small Finance Bank Limited,Financial Services,Banks - Regional,72.05000305175781,True,887.45,False,True,62.36,62.6,True,,HOLD
CANHLIFE,CANHLIFE,Financial Services,Insurance - Life,150.5500030517578,True,113.94,False,True,,,False,,EXIT
VOGL,Vedanta Oil and Gas Limited,Basic Materials,Other Industrial Metals & Mining,35.900001525878906,False,1048.0,False,False,,,False,,EXIT
CEATLTD,CEAT Limited,Consumer Cyclical,Auto Parts,3755.39990234375,False,515.62,False,True,7.05,11.79,True,13172.0,HOLD
VIJAYA,Vijaya Diagnostic Centre Limited,Healthcare,Diagnostics & Research,1369.800048828125,True,164.31,False,True,15.99,25.52,True,681.0,HOLD
ANURAS,Anupam Rasayan India Ltd,Basic Materials,Specialty Chemicals,1213.0,False,155.84,False,False,3.28,2.14,True,1602.0,EXIT
VGUARD,V-Guard Industries Limited,Industrials,Electrical Equipment & Parts,322.25,False,373.28999999999996,True,False,-16.36,-16.62,False,5578.0,EXIT
DOMS,DOMS Industries Limited,Industrials,Business Equipment & Supplies,2251.199951171875,False,230.19,False,False,-10.54,-10.81,False,1913.0,EXIT
INGERRAND,Ingersoll-Rand (India) Limited,Industrials,Specialty Industrial Machinery,4337.89990234375,False,256.03,False,True,12.56,12.24,True,,HOLD
PRUDENT,Prudent Corporate Advisory Services Limited,Financial Services,Asset Management,3266.699951171875,False,243.28,False,True,19.23,19.67,True,1133.0,HOLD
SCI,The Shipping Corporation of India Limited,Industrials,Marine Shipping,308.6000061035156,False,1352.9,True,True,42.61,42.22,True,5794.0,HOLD
SKFINDUS,SKFINDUS,Industrials,Tools & Accessories,2747.800048828125,False,290.37,False,False,,,False,,EXIT
VINATIORGA,Vinati Organics Limited,Basic Materials,Specialty Chemicals,1349.5999755859375,False,437.74,True,False,-25.62,-26.68,False,2248.0,EXIT
EIDPARRY,E.I.D.- Parry (India) Limited,Basic Materials,Agricultural Inputs,809.8499755859375,False,1236.14,True,False,-35.98,-37.01,False,3168.0,EXIT
INOXWIND,Inox Wind Limited,Industrials,Specialty Industrial Machinery,78.19999694824219,False,406.25,False,False,-51.36,-51.53,False,4445.0,EXIT
TMB,Tamilnad Mercantile Bank Limited,Financial Services,Banks - Regional,873.4000244140625,True,1431.5499999999997,False,True,97.57,97.65,True,,HOLD
VEDPOWER,Vedanta Power Limited,Utilities,Utilities - Independent Power Producers,35.779998779296875,False,511.0,False,False,,,False,,EXIT
ARVIND,Arvind Limited,Consumer Cyclical,Textile Manufacturing,546.0999755859375,False,413.94000000000005,True,True,67.39,71.99,True,7723.0,HOLD
BBOX,Black Box Limited,Technology,Software - Application,741.7000122070312,False,217.52,False,True,43.0,43.16,True,6288.0,HOLD
SPLPETRO,Supreme Petrochem Limited,Basic Materials,Specialty Chemicals,702.6500244140625,False,518.26,True,True,-15.74,-16.82,False,1613.0,HOLD
JSWDULUX,JSW Dulux Limited,Unknown,Unknown,3077.0,False,399.4,False,False,-6.57,-21.44,False,,EXIT
CARTRADE,CarTrade Tech Limited,Consumer Cyclical,Auto & Truck Dealerships,2788.39990234375,False,214.57999999999998,False,True,22.33,27.03,True,641.0,HOLD
APTUS,Aptus Value Housing Finance India Limited,Financial Services,Mortgage Finance,260.79998779296875,False,923.42,False,False,-29.95,-29.3,False,,EXIT
SWANDEF,SWANDEF,Industrials,Aerospace & Defense,2649.0,False,226.29000000000002,False,True,681.69,679.85,True,2534.0,HOLD
NAZARA,Nazara Technologies Limited,Communication Services,Electronic Gaming & Multimedia,352.8500061035156,True,154.54000000000002,False,True,16.98,-1.92,False,1624.0,EXIT
GRAPHITE,Graphite India Limited,Industrials,Electrical Equipment & Parts,722.0499877929688,False,383.0,False,True,30.37,30.01,True,6737.0,HOLD
ACE,Action Construction Equipment Limited,Industrials,Farm & Heavy Construction Machinery,1113.699951171875,False,444.53,True,True,-1.37,-1.65,False,3327.0,HOLD
HEG,HEG Limited,Industrials,Electrical Equipment & Parts,685.0999755859375,False,586.4100000000001,False,True,26.67,26.32,True,6591.0,HOLD
PARKHOSPS,PARKHOSPS,Healthcare,Medical Care Facilities,292.25,True,212.07000000000002,True,False,,,False,109.93,EXIT
LLOYDSENGG,Lloyds Engineering Works Limited,Industrials,Specialty Industrial Machinery,88.45999908447266,False,189.88,True,True,25.2,24.85,True,846.0,HOLD
VISL,VISL,Basic Materials,Steel,35.88999938964844,False,264.0,False,False,,,False,,EXIT
NSLNISP,NMDC Steel Limited,Basic Materials,Steel,44.810001373291016,False,776.2199999999999,False,True,20.35,19.17,True,,HOLD
TRIDENT,Trident Limited,Consumer Cyclical,Textile Manufacturing,24.899999618530273,False,395.24,False,False,-20.76,-15.95,False,6998.0,EXIT
JPPOWER,Jaiprakash Power Ventures Limited,Utilities,Utilities - Independent Power Producers,18.100000381469727,False,764.1099999999999,False,True,-0.9,-9.82,False,6763.0,EXIT
PCBL,PCBL Chemical Limited,Basic Materials,Specialty Chemicals,324.79998779296875,False,291.3,False,True,-19.14,-20.21,False,8404.0,EXIT
ENGINERSIN,Engineers India Limited,Industrials,Engineering & Construction,242.38999938964844,False,691.59,True,True,13.89,13.57,True,3330.0,HOLD
JSWHL,JSW Holdings Limited,Financial Services,Asset Management,12082.0,False,79.47,False,False,-41.58,-40.88,False,407.0,EXIT
KEC,KEC International Limited,Industrials,Engineering & Construction,477.70001220703125,False,605.6,True,False,-46.77,-46.96,False,21847.0,EXIT
BLUESTONE,BLUESTONE,Consumer Cyclical,Luxury Goods,824.4000244140625,True,144.12,True,True,,,False,1770.0,HOLD
HOMEFIRST,Home First Finance Company India Limited,Financial Services,Mortgage Finance,1191.0999755859375,False,568.38,False,True,-9.18,-8.62,False,,EXIT
BALRAMCHIN,Balrampur Chini Mills Limited,Consumer Defensive,Confectioners,629.2999877929688,False,378.46,False,True,16.12,10.1,True,5594.0,HOLD
INDGN,INDGN,Healthcare,Health Information Services,550.2000122070312,False,415.20000000000005,False,True,-18.02,-8.26,False,2839.0,EXIT
WABAG,VA Tech Wabag Limited,Industrials,Engineering & Construction,1990.699951171875,False,370.6,True,True,27.53,27.18,True,3457.0,HOLD
INDIACEM,The India Cements Limited,Basic Materials,Building Materials,393.04998779296875,False,221.93,False,False,3.17,2.03,True,5628.0,EXIT
NUVOCO,Nuvoco Vistas Corporation Limited,Basic Materials,Building Materials,352.8500061035156,False,323.02,False,True,-22.45,-23.52,False,10733.0,EXIT
AVANTIFEED,Avanti Feeds Limited,Consumer Defensive,Packaged Foods,891.9000244140625,False,604.55,True,False,34.91,28.76,True,5612.0,HOLD
BLUEDART,Blue Dart Express Limited,Industrials,Integrated Freight & Logistics,5112.5,False,221.16,False,False,-16.11,-16.37,False,5720.0,EXIT
SOUTHBANK,The South Indian Bank Limited,Financial Services,Banks - Regional,47.43000030517578,True,1481.71,True,True,58.83,59.09,True,,ADD
LLOYDSENT,Lloyds Enterprises Limited,Basic Materials,Steel,79.4800033569336,False,299.15999999999997,True,True,0.36,-0.78,False,1488.0,HOLD
AVALON,Avalon Technologies Limited,Technology,Electronic Components,1774.5,True,112.94,False,True,97.36,97.19,True,1098.0,HOLD
METROPOLIS,Metropolis Healthcare Limited,Healthcare,Diagnostics & Research,564.5999755859375,False,137.35,False,True,-4.5,5.17,False,1331.0,EXIT
JAINREC,JAINREC,Basic Materials,Other Industrial Metals & Mining,315.3500061035156,False,303.45,False,False,,,False,7126.0,EXIT
SHILPAMED,Shilpa Medicare Limited,Healthcare,Drug Manufacturers - Specialty & Generic,738.7999877929688,True,243.32999999999998,True,True,65.98,75.19,True,1281.0,ADD
RKFORGE,Ramkrishna Forgings Limited,Industrials,Metal Fabrication,700.5,False,125.88,False,True,20.62,20.28,True,4034.0,HOLD
SEDEMAC,SEDEMAC,Consumer Cyclical,Auto Parts,2794.300048828125,True,91.07000000000001,False,False,,,False,,EXIT
IRCON,Ircon International Limited,Industrials,Engineering & Construction,132.11000061035156,False,595.47,False,False,-27.55,-27.78,False,12514.0,EXIT
ATLANTAELE,ATLANTAELE,Industrials,Electrical Equipment & Parts,1592.9000244140625,False,217.47,False,True,,,False,1244.0,EXIT
GRAVITA,Gravita India Limited,Industrials,Metal Fabrication,1719.0999755859375,False,389.2,True,True,-8.33,-8.61,False,3869.0,HOLD
IEX,Indian Energy Exchange Limited,Financial Services,Capital Markets,128.8300018310547,False,504.34,True,False,-7.78,-7.22,False,535.0,EXIT
MARKSANS,Marksans Pharma Limited,Healthcare,Drug Manufacturers - General,268.8999938964844,False,417.9,True,True,10.37,19.95,True,2623.0,HOLD
JMFINANCIL,JM Financial Limited,Financial Services,Capital Markets,129.77999877929688,False,1141.5,True,False,-21.21,-20.6,False,4786.0,EXIT
UTLSOLAR,UTLSOLAR,Technology,Solar,400.6499938964844,True,292.41,False,False,,,False,1541.0,EXIT
UTIAMC,UTI Asset Management Company Limited,Financial Services,Asset Management,900.2999877929688,False,718.39,False,False,-36.52,-35.84,False,1851.0,EXIT
JUBLINGREA,Jubilant Ingrevia Limited,Basic Materials,Specialty Chemicals,757.0,False,314.26,False,True,2.03,0.89,True,4949.0,HOLD
SIGNATURE,Signatureglobal (India) Limited,Real Estate,Real Estate - Development,815.0,False,1279.03,True,False,-15.26,-31.79,False,2498.0,EXIT
JKTYRE,JK Tyre & Industries Limited,Consumer Cyclical,Auto Parts,413.25,False,649.87,True,False,18.92,23.63,True,10313.0,HOLD
ZENSARTECH,Zensar Technologies Limited,Technology,Information Technology Services,500.6499938964844,False,776.2,True,False,-41.62,-40.94,False,5281.0,EXIT
ABLBL,ABLBL,Consumer Cyclical,Apparel Retail,94.66000366210938,False,185.96,False,False,-40.27,-35.42,False,7830.0,EXIT
TI,Tilaknagar Industries Ltd.,Consumer Defensive,Beverages - Wineries & Distilleries,488.45001220703125,False,204.59,False,True,1.62,-4.31,False,1434.0,EXIT
TECHNOE,Techno Electric & Engineering Company Limited,Industrials,Engineering & Construction,992.25,False,473.86,True,False,-32.62,-32.83,False,2269.0,EXIT
TEGA,Tega Industries Limited,Industrials,Specialty Industrial Machinery,1583.300048828125,False,142.66,False,False,-17.7,-17.96,False,1639.0,EXIT
TITAGARH,Titagarh Rail Systems Limited,Industrials,Railroads,861.6500244140625,False,169.75,False,True,-2.1,-2.39,False,3868.0,EXIT
PVRINOX,PVR INOX Limited,Communication Services,Entertainment,1162.9000244140625,False,392.9,True,True,26.64,7.62,True,6107.0,HOLD
JWL,Jupiter Wagons Limited,Industrials,Railroads,262.1000061035156,False,171.07999999999998,False,False,-26.8,-27.03,False,3871.0,EXIT
MGL,Mahanagar Gas Limited,Utilities,Utilities - Regulated Gas,1123.699951171875,False,842.77,False,True,-9.06,-17.76,False,7264.0,EXIT
ZEEL,Zee Entertainment Enterprises Limited,Communication Services,Broadcasting,92.56999969482422,False,589.8000000000001,False,False,-3.66,-22.28,False,8637.0,EXIT
VIYASH,Viyash Scientific Limited,Healthcare,Drug Manufacturers - Specialty & Generic,272.6499938964844,False,119.6,False,True,39.17,48.56,True,1551.0,HOLD
SIGMAADV,Sigma Advanced Systems Limited,Industrials,Aerospace & Defense,692.0499877929688,True,266.27,True,True,459.33,458.0,True,103.0,ADD
PGHL,Procter & Gamble Health Limited,Healthcare,Drug Manufacturers - Specialty & Generic,6068.0,False,326.91,False,True,-15.81,-6.06,False,,EXIT
EDELWEISS,Edelweiss Financial Services Limited,Financial Services,Financial Conglomerates,121.16000366210938,False,546.63,False,True,19.25,19.68,True,11078.0,HOLD
CANFINHOME,Can Fin Homes Limited,Financial Services,Mortgage Finance,808.25,False,1102.1399999999999,False,False,3.4,3.9,True,,EXIT
RATEGAIN,RateGain Travel Technologies Limited,Technology,Software - Application,944.9500122070312,True,194.38,False,True,116.78,116.48,True,1077.0,HOLD
OLECTRA,Olectra Greentech Limited,Industrials,Farm & Heavy Construction Machinery,1399.4000244140625,False,177.5,True,True,-5.1,-5.38,False,1802.0,HOLD
JLHL,Jupiter Life Line Hospitals Limited,Healthcare,Medical Care Facilities,319.25,False,194.48999999999998,False,True,0.83,10.47,True,1262.0,HOLD
BLUEJET,Blue Jet Healthcare Limited,Healthcare,Biotechnology,587.9000244140625,False,305.78,False,True,-37.29,-27.4,False,538.0,EXIT
AAVAS,Aavas Financiers Limited,Financial Services,Mortgage Finance,1376.300048828125,False,686.9200000000001,True,False,-24.58,-23.95,False,,EXIT
KTKBANK,The Karnataka Bank Limited,Financial Services,Banks - Regional,306.79998779296875,True,1437.3700000000001,True,True,70.48,70.69,True,,ADD
GODREJAGRO,Godrej Agrovet Limited,Consumer Defensive,Packaged Foods,545.5499877929688,False,450.97,False,False,-33.35,-39.04,False,9561.0,EXIT
LUMAXTECH,Lumax Auto Technologies Limited,Consumer Cyclical,Auto Parts,1698.300048828125,False,278.86,True,True,37.7,42.36,True,3637.0,HOLD
SANOFICONR,SANOFICONR,Healthcare,Drug Manufacturers - General,4533.7998046875,False,266.0,False,False,-30.04,-20.2,False,,EXIT
IIFLCAPS,IIFL Capital Services Limited,Financial Services,Capital Markets,335.45001220703125,False,570.11,False,True,4.78,5.28,True,2520.0,HOLD
E2E,E2E Networks Limited,Technology,Software - Infrastructure,605.7000122070312,True,69.48,False,True,188.01,187.27,True,,HOLD
SHREEJISPG,SHREEJISPG,Industrials,Marine Shipping,673.2999877929688,True,164.72,True,True,,,False,731.0,HOLD
BBTC,The Bombay Burmah Trading Corporation Limited,Consumer Defensive,Packaged Foods,1498.0,False,1242.67,True,False,-17.59,-23.39,False,18298.0,EXIT
ASKAUTOLTD,ASKAUTOLTD,Consumer Cyclical,Auto Parts,678.7999877929688,True,275.14,False,True,35.31,39.98,True,3601.0,HOLD
VARROC,Varroc Engineering Limited,Consumer Cyclical,Auto Parts,737.8499755859375,False,245.63,False,True,30.29,34.98,True,12036.0,HOLD
SANDUMA,The Sandur Manganese & Iron Ores Limited,Basic Materials,Steel,213.8800048828125,False,657.11,False,True,28.68,27.47,True,3135.0,HOLD
WEWORK,WEWORK,Real Estate,Real Estate Services,748.2000122070312,True,86.56,False,True,,,False,1949.0,EXIT
FIRSTCRY,FIRSTCRY,Consumer Cyclical,Internet Retail,213.88999938964844,False,140.22,True,False,-49.66,-44.78,False,7660.0,EXIT
TIMETECHNO,Time Technoplast Limited,Consumer Cyclical,Packaging & Containers,209.0,False,468.72,True,True,-15.58,-10.79,False,5457.0,HOLD
RITES,RITES Limited,Industrials,Engineering & Construction,231.3800048828125,False,410.27,False,True,-14.22,-14.48,False,2662.0,EXIT
WHIRLPOOL,Whirlpool of India Limited,Consumer Cyclical,"Furnishings, Fixtures & Appliances",830.4500122070312,False,371.62,False,False,-46.97,-42.1,False,7919.0,EXIT
MANORAMA,Manorama Industries Limited,Consumer Defensive,Packaged Foods,1623.9000244140625,True,201.73,True,True,16.95,10.93,True,771.0,ADD
PARAS,Paras Defence and Space Technologies Limited,Industrials,Aerospace & Defense,1316.699951171875,False,88.10000000000001,False,True,100.43,99.91,True,365.0,HOLD
AKUMS,AKUMS,Healthcare,Drug Manufacturers - Specialty & Generic,662.5499877929688,False,255.19,False,True,21.85,31.35,True,4178.0,HOLD
MANYAVAR,Vedant Fashions Limited,Consumer Cyclical,Apparel Manufacturing,500.3500061035156,False,400.07,True,True,-41.4,-36.54,False,1368.0,HOLD
RELAXO,Relaxo Footwears Limited,Consumer Cyclical,Footwear & Accessories,425.54998779296875,False,179.27,False,True,-12.17,-7.39,False,,EXIT
FINPIPE,Finolex Industries Limited,Industrials,Building Products & Equipment,171.30999755859375,False,599.05,False,False,-16.72,-16.98,False,4647.0,EXIT
VOLTAMP,Voltamp Transformers Limited,Industrials,Electrical Equipment & Parts,9941.0,False,305.38,False,True,16.83,16.5,True,,HOLD
SAREGAMA,Saregama India Limited,Communication Services,Entertainment,528.0,False,223.44,True,True,23.02,4.04,True,1171.0,HOLD
INTELLECT,Intellect Design Arena Limited,Technology,Software - Application,721.6500244140625,False,378.49,True,False,-28.94,-28.33,False,2506.0,EXIT
HCG,HealthCare Global Enterprises Limited,Healthcare,Medical Care Facilities,678.5,False,32.62,False,True,-3.35,6.31,False,2218.0,EXIT
SBFC,SBFC Finance Limited,Financial Services,Credit Services,95.29000091552734,False,471.82,True,False,-12.3,-11.72,False,,EXIT
TSFINV,TSF Investments Limited,Financial Services,Asset Management,437.70001220703125,False,521.78,False,False,-9.23,-8.67,False,291.0,EXIT
AFCONS,AFCONS,Industrials,Engineering & Construction,278.75,False,428.29999999999995,False,False,-35.39,-35.6,False,13268.0,EXIT
SKYGOLD,Sky Gold and Diamonds Limited,Consumer Cyclical,Luxury Goods,691.1500244140625,True,275.4,True,True,145.28,149.69,True,3548.0,ADD
SUDEEPPHRM,SUDEEPPHRM,Healthcare,Drug Manufacturers - Specialty & Generic,974.1500244140625,True,151.13,False,False,,,False,502.0,EXIT
BLACKBUCK,BlackBuck Limited,Technology,Software - Application,557.5499877929688,False,168.82,True,False,-5.81,-5.35,False,867.0,EXIT
BLS,BLS International Services Limited,Industrials,Specialty Business Services,253.97999572753906,False,686.7,True,False,-41.35,-41.55,False,2193.0,EXIT
LOTUSDEV,LOTUSDEV,Industrials,Engineering & Construction,195.61000061035156,False,297.24,True,True,-4.44,-4.72,False,548.0,HOLD
RPOWER,Reliance Power Limited,Utilities,Utilities - Independent Power Producers,24.239999771118164,False,651.11,False,False,-45.91,-53.61,False,10396.0,EXIT
SWANCORP,Swan Corp Limited,Industrials,Conglomerates,310.8999938964844,False,301.5,False,False,-30.58,-30.8,False,5017.0,EXIT
KIRLPNU,Kirloskar Pneumatic Company Limited,Industrials,Specialty Industrial Machinery,1455.199951171875,False,245.9,True,True,2.1,1.8,True,1640.0,HOLD
PGIL,Pearl Global Industries Limited,Consumer Cyclical,Apparel Manufacturing,2221.5,True,277.65999999999997,True,True,57.3,61.92,True,4699.0,ADD
WAAREERTL,Waaree Renewable Technologies Limited,Industrials,Engineering & Construction,905.1500244140625,False,478.3,True,False,-16.9,-17.15,False,1598.0,EXIT
STAR,Strides Pharma Science Limited,Healthcare,Drug Manufacturers - Specialty & Generic,997.2000122070312,False,510.85,False,True,9.52,19.1,True,4565.0,HOLD
ELECON,Elecon Engineering Company Limited,Industrials,Specialty Industrial Machinery,450.45001220703125,False,323.78,False,False,-24.29,-24.52,False,2227.0,EXIT
MMTC,MMTC Limited,Industrials,Conglomerates,64.05000305175781,False,387.38,False,True,-5.72,-6.0,False,30000.0,EXIT
THYROCARE,Thyrocare Technologies Limited,Healthcare,Diagnostics & Research,598.0499877929688,True,128.32,False,True,19.07,28.59,True,687.0,HOLD
ALKYLAMINE,Alkyl Amines Chemicals Limited,Basic Materials,Specialty Chemicals,1921.9000244140625,False,183.09,False,True,-14.5,-15.59,False,993.0,EXIT
RAILTEL,RailTel Corporation of India Limited,Communication Services,Telecom Services,290.8500061035156,False,336.03,True,False,-5.72,-24.32,False,1964.0,EXIT
TEJASNET,Tejas Networks Limited,Technology,Communication Equipment,522.2999877929688,False,804.0000000000001,True,True,-13.56,-13.05,False,8923.0,HOLD
BANCOINDIA,Banco Products (India) Limited,Consumer Cyclical,Auto Parts,681.8499755859375,False,481.67999999999995,True,True,3.04,7.79,True,1105.0,HOLD
PNGJL,PNGJL,Consumer Cyclical,Luxury Goods,635.2000122070312,False,445.82,True,True,4.34,9.09,True,7586.0,HOLD
PCJEWELLER,PC Jeweller Limited,Consumer Cyclical,Luxury Goods,9.680000305175781,False,714.46,False,False,-40.4,-35.55,False,9610.0,EXIT
VESUVIUS,Vesuvius India Limited,Industrials,Specialty Industrial Machinery,445.8500061035156,False,260.62,False,False,-21.54,-21.79,False,,EXIT
BATAINDIA,Bata India Limited,Consumer Cyclical,Footwear & Accessories,728.0999755859375,False,166.23,False,False,-48.54,-43.67,False,3489.0,EXIT
SONATSOFTW,Sonata Software Limited,Technology,Information Technology Services,331.95001220703125,False,464.39,True,True,-9.52,-9.04,False,991.0,HOLD
TARIL,TARIL,Industrials,Electrical Equipment & Parts,296.1499938964844,False,258.56,True,False,-46.18,-46.37,False,2017.0,EXIT
NCC,NCC Limited,Industrials,Engineering & Construction,143.72999572753906,False,774.4300000000001,False,False,-37.61,-37.81,False,22199.0,EXIT
CYIENT,Cyient Limited,Industrials,Conglomerates,854.9000244140625,False,404.5,False,False,-33.0,-33.22,False,7360.0,EXIT
SGMART,SG Mart Limited,Industrials,Industrial Distribution,717.1500244140625,True,130.1,True,True,,,False,5856.0,HOLD
TTKPRESTIG,TTK Prestige Limited,Consumer Cyclical,"Furnishings, Fixtures & Appliances",636.7999877929688,False,155.68,False,True,-9.54,-4.76,False,2626.0,EXIT
QPOWER,QPOWER,Industrials,Electrical Equipment & Parts,1157.0,False,121.33,False,True,51.82,51.41,True,337.0,HOLD
IXIGO,IXIGO,Consumer Cyclical,Travel Services,202.6699981689453,False,92.02,False,False,-20.12,-15.31,False,914.0,EXIT
EUREKAFORB,Eureka Forbes Limited,Consumer Cyclical,"Furnishings, Fixtures & Appliances",459.75,False,162.63,True,False,-29.25,-24.42,False,2437.0,EXIT
SUVEN,Suven Life Sciences Limited,Healthcare,Drug Manufacturers - Specialty & Generic,317.79998779296875,False,276.35,True,True,10.34,19.92,True,625.0,HOLD
ESABINDIA,ESAB India Limited,Industrials,Tools & Accessories,5624.0,False,206.69,True,False,3.6,3.3,True,339.0,HOLD
LEMONTREE,Lemon Tree Hotels Limited,Consumer Cyclical,Lodging,112.79000091552734,False,227.08999999999997,True,False,-31.44,-26.61,False,1286.0,EXIT
GENUSPOWER,Genus Power Infrastructures Limited,Industrials,Electrical Equipment & Parts,309.45001220703125,False,572.63,True,True,-24.04,-24.28,False,2442.0,HOLD
RELIGARE,Religare Enterprises Limited,Financial Services,Insurance - Life,256.54998779296875,False,176.62,False,True,-2.12,-1.59,False,7385.0,EXIT
EQUITASBNK,Equitas Small Finance Bank Limited,Financial Services,Banks - Regional,76.08999633789062,False,710.08,False,True,27.66,28.06,True,,HOLD
SFL,Sheela Foam Limited,Consumer Cyclical,"Furnishings, Fixtures & Appliances",697.0499877929688,False,163.92000000000002,False,True,-6.03,-1.25,False,3439.0,EXIT
GRINFRA,G R Infraprojects Limited,Industrials,Engineering & Construction,889.9500122070312,False,902.8399999999999,False,False,-32.52,-32.74,False,9482.0,EXIT
TIPSMUSIC,Tips Music Limited,Communication Services,Entertainment,654.4000244140625,False,207.26000000000002,False,True,25.01,6.0,True,,HOLD
EMBDL,Embassy Developments Limited,Real Estate,Real Estate - Diversified,60.70000076293945,False,852.3,True,False,-27.21,-43.58,False,2111.0,EXIT
PRICOLLTD,Pricol Limited,Consumer Cyclical,Auto Parts,761.4500122070312,True,253.82999999999998,True,True,66.57,71.17,True,2692.0,ADD
BSOFT,Birlasoft Limited,Technology,Information Technology Services,318.25,False,563.25,False,False,-22.81,-22.24,False,5375.0,EXIT
MAHLIFE,Mahindra Lifespace Developers Limited,Real Estate,Real Estate - Development,386.3999938964844,False,335.76,True,True,21.59,4.59,True,1086.0,HOLD
JAYNECOIND,Jayaswal Neco Industries Limited,Basic Materials,Steel,92.56999969482422,False,551.9,False,True,67.87,66.55,True,6297.0,HOLD
AVL,Aditya Vision Limited,Consumer Cyclical,Specialty Retail,629.7000122070312,False,116.91999999999999,False,True,40.35,45.01,True,2260.0,HOLD
SMLMAH,SMLMAH,Consumer Cyclical,Auto Manufacturers,5672.5,True,201.07,False,True,52.57,57.2,True,,HOLD
STARCEMENT,Star Cement Limited,Basic Materials,Building Materials,203.33999633789062,False,444.64,False,False,-26.56,-27.62,False,3163.0,EXIT
POWERMECH,Power Mech Projects Limited,Industrials,Engineering & Construction,2617.0,False,363.89,True,True,-21.3,-21.55,False,5234.0,HOLD
SUDARSCHEM,Sudarshan Chemical Industries Limited,Basic Materials,Specialty Chemicals,1115.5999755859375,False,252.89999999999998,False,True,-26.64,-27.7,False,3346.0,EXIT
KRBL,KRBL Limited,Consumer Defensive,Packaged Foods,374.04998779296875,False,648.0400000000001,True,True,1.52,-4.41,False,5594.0,HOLD
WELENT,Welspun Enterprises Limited,Industrials,Engineering & Construction,567.7999877929688,False,349.88,False,True,18.49,18.16,True,3584.0,HOLD
RHIM,RHI Magnesita India Limited,Industrials,Metal Fabrication,411.1499938964844,False,653.2900000000001,True,False,-22.67,-22.91,False,2892.0,EXIT
V2RETAIL,V2 Retail Limited,Consumer Cyclical,Apparel Retail,218.30999755859375,False,161.47,True,True,20.34,25.05,True,1884.0,HOLD
ICIL,Indo Count Industries Limited,Consumer Cyclical,Textile Manufacturing,421.54998779296875,True,125.44999999999999,False,True,61.2,65.81,True,3772.0,HOLD
INDIASHLTR,India Shelter Finance Corporation Limited,Financial Services,Mortgage Finance,734.8499755859375,False,383.58,True,False,-24.45,-23.82,False,,EXIT
CERA,Cera Sanitaryware Limited,Industrials,Building Products & Equipment,6324.5,False,204.22,False,True,-3.39,-3.67,False,1926.0,EXIT
GAEL,Gujarat Ambuja Exports Limited,Consumer Defensive,Packaged Foods,177.72000122070312,False,304.28000000000003,False,True,70.7,64.31,True,4927.0,HOLD
YATHARTH,Yatharth Hospital & Trauma Care Services Limited,Healthcare,Medical Care Facilities,871.4500122070312,True,176.15,True,True,9.68,19.26,True,860.0,ADD
BORORENEW,Borosil Renewables Limited,Technology,Solar,556.7999877929688,False,382.49,True,True,-13.03,-12.53,False,1476.0,HOLD
WESTLIFE,Westlife Foodworld Limited,Consumer Cyclical,Restaurants,578.75,False,5.22,False,True,-25.97,-21.15,False,2491.0,EXIT
KIRLFER,Kirloskar Ferrous Industries Limited,Industrials,Metal Fabrication,451.0,False,271.53999999999996,False,False,,,False,,EXIT
NEWGEN,Newgen Software Technologies Limited,Technology,Software - Infrastructure,545.0,False,281.65999999999997,False,False,-46.94,-46.22,False,1487.0,EXIT
IMFA,Indian Metals and Ferro Alloys Limited,Basic Materials,Other Industrial Metals & Mining,1510.0999755859375,False,374.12,False,True,109.23,107.79,True,2780.0,HOLD
TTML,Tata Teleservices (Maharashtra) Limited,Communication Services,Telecom Services,39.56999969482422,False,1128.49,True,False,-16.94,-35.39,False,2972.0,EXIT
CLEAN,Clean Science and Technology Limited,Basic Materials,Specialty Chemicals,771.6500244140625,False,248.3,False,False,-39.19,-40.21,False,936.0,EXIT
TANLA,Tanla Platforms Limited,Technology,Software - Application,608.9000244140625,False,526.27,True,True,-11.72,-11.22,False,4028.0,HOLD
GMRP&UI,GMR Power And Urban Infra Limited,Energy,Thermal Coal,97.83000183105469,False,1176.4399999999998,False,False,-23.99,-15.3,False,6344.0,EXIT
INDIAGLYCO,India Glycols Limited,Basic Materials,Chemicals,1151.0,True,292.76,False,True,26.03,24.83,True,3768.0,HOLD
KRN,KRN,Technology,Electronic Components,1214.699951171875,False,73.31,True,True,39.32,39.51,True,430.0,HOLD
SJS,S.J.S. Enterprises Limited,Consumer Cyclical,Auto Parts,2437.699951171875,True,161.07,False,True,102.42,106.94,True,398.0,HOLD
SANOFI,Sanofi India Limited,Healthcare,Drug Manufacturers - General,3352.60009765625,False,353.3,False,False,-51.83,-41.85,False,2013.0,EXIT
SAFARI,Safari Industries (India) Limited,Consumer Cyclical,Footwear & Accessories,1490.800048828125,False,167.79,False,False,-37.08,-32.23,False,1772.0,EXIT
ORKLAINDIA,ORKLAINDIA,Consumer Defensive,Packaged Foods,559.3499755859375,False,231.16,False,False,,,False,2395.0,EXIT
CELLO,Cello World Limited,Consumer Cyclical,"Furnishings, Fixtures & Appliances",379.25,False,312.44,False,False,-43.46,-38.59,False,2136.0,EXIT
MAHSEAMLES,Maharashtra Seamless Limited,Basic Materials,Steel,583.7999877929688,False,818.05,False,True,-16.52,-17.6,False,5716.0,EXIT
NESCO,Nesco Limited,Industrials,Conglomerates,1049.199951171875,False,416.55999999999995,True,False,-28.08,-28.3,False,732.0,EXIT
RAIN,Rain Industries Limited,Basic Materials,Specialty Chemicals,243.0,False,333.34999999999997,False,True,56.33,55.04,True,21011.0,HOLD
GNFC,Gujarat Narmada Valley Fertilizers & Chemicals Limited,Basic Materials,Chemicals,542.9500122070312,False,808.0,False,True,-3.94,-5.05,False,10227.0,EXIT
ELANTAS,ELANTAS Beck India Limited,Basic Materials,Specialty Chemicals,12376.5,True,109.73999999999998,False,False,,,False,,EXIT
MIDHANI,Mishra Dhatu Nigam Limited,Basic Materials,Steel,434.25,False,131.47,False,True,4.5,3.36,True,1074.0,HOLD
SHARDACROP,Sharda Cropchem Limited,Basic Materials,Agricultural Inputs,822.5999755859375,False,694.5799999999999,True,False,-25.63,-26.69,False,4320.0,EXIT
HMT,HMT Limited,Industrials,Farm & Heavy Construction Machinery,61.15999984741211,False,131.54,False,True,5.22,4.92,True,275.0,HOLD
KPIGREEN,KPI Green Energy Limited,Utilities,Utilities - Renewable,375.3500061035156,False,491.67999999999995,True,False,-25.89,-34.14,False,1735.0,EXIT
ABFRL,Aditya Birla Fashion and Retail Limited,Consumer Cyclical,Apparel Manufacturing,63.2599983215332,False,551.23,True,False,-26.77,-21.95,False,12418.0,EXIT
REDTAPE,REDTAPE Limited,Consumer Cyclical,Footwear & Accessories,136.86000061035156,False,240.54999999999998,True,True,0.84,5.59,True,2021.0,HOLD
SKFINDIA,SKF India Limited,Industrials,Tools & Accessories,1519.199951171875,False,305.46,False,False,-72.87,-73.0,False,4920.0,EXIT
JYOTHYLAB,Jyothy Labs Limited,Consumer Defensive,Household & Personal Products,205.8699951171875,False,333.19,False,False,-35.88,-41.56,False,2847.0,EXIT
JSLL,JSLL,Healthcare,Medical Care Facilities,604.25,False,221.81,False,False,-7.56,2.13,False,469.0,EXIT
GPPL,Gujarat Pipavav Port Limited,Industrials,Marine Shipping,151.25999450683594,False,466.78999999999996,True,False,-6.73,-7.01,False,988.0,EXIT
KWIL,KWIL,Consumer Defensive,Packaged Foods,34.81999969482422,False,285.5,False,False,,,False,,EXIT
PICCADIL,Piccadily Agro Industries Limited,Consumer Defensive,Beverages - Wineries & Distilleries,746.2000122070312,True,138.07,True,True,17.72,11.69,True,797.0,ADD
OMNI,OMNI,Industrials,Specialty Industrial Machinery,627.0499877929688,False,49.769999999999996,False,False,,,False,343.0,EXIT
GARFIBRES,Garware Technical Fibres Limited,Consumer Cyclical,Textile Manufacturing,838.8499755859375,False,198.56,False,True,-11.57,-6.79,False,1540.0,EXIT
TCI,Transport Corporation of India Limited,Industrials,Integrated Freight & Logistics,927.0,False,450.5,True,False,-24.31,-24.55,False,4492.0,EXIT
EPL,EPL Limited,Consumer Cyclical,Packaging & Containers,228.97999572753906,False,388.90000000000003,True,True,-7.77,-3.0,False,4213.0,HOLD
KINGFA,Kingfa Science & Technology (India) Limited,Basic Materials,Specialty Chemicals,5344.0,True,185.24999999999997,True,True,58.15,56.86,True,1745.0,ADD
JKPAPER,JK Paper Limited,Basic Materials,Paper & Paper Products,389.20001220703125,False,328.62,False,True,7.11,5.96,True,6718.0,HOLD
RCF,Rashtriya Chemicals and Fertilizers Limited,Basic Materials,Agricultural Inputs,128.0500030517578,False,427.45,False,False,-18.37,-19.45,False,21452.0,EXIT
DYNAMATECH,Dynamatic Technologies Limited,Consumer Cyclical,Auto Parts,11403.0,False,32.41,False,True,64.69,69.3,True,1626.0,HOLD
MBAPL,Madhya Bharat Agro Products Limited,Basic Materials,Agricultural Inputs,160.38999938964844,True,119.72999999999999,False,True,82.9,81.53,True,,HOLD
JKLAKSHMI,JK Lakshmi Cement Limited,Basic Materials,Building Materials,571.25,False,331.15,False,False,-41.53,-42.54,False,6788.0,EXIT
SUPRIYA,Supriya Lifescience Limited,Healthcare,Biotechnology,890.8499755859375,False,209.13,False,True,21.64,31.13,True,696.0,HOLD
DBL,Dilip Buildcon Limited,Industrials,Engineering & Construction,453.1499938964844,False,1302.36,True,True,-7.46,-7.74,False,10537.0,HOLD
HNDFDS,Hindustan Foods Limited,Industrials,Conglomerates,575.0,False,144.62999999999997,True,True,0.34,0.05,True,3564.0,HOLD
SUPRAJIT,Suprajit Engineering Limited,Consumer Cyclical,Auto Parts,527.5499877929688,False,182.67000000000002,True,True,11.43,16.16,True,3277.0,HOLD
BALAMINES,Balaji Amines Limited,Basic Materials,Specialty Chemicals,2100.800048828125,False,204.14000000000001,False,True,31.94,30.72,True,2346.0,HOLD
GALAXYSURF,Galaxy Surfactants Limited,Basic Materials,Specialty Chemicals,1980.300048828125,False,267.38,False,True,-24.19,-25.25,False,4462.0,EXIT
ETHOSLTD,Ethos Limited,Consumer Cyclical,Luxury Goods,2824.5,False,94.77,True,True,-10.23,-5.45,False,1252.0,HOLD
BIRLACORPN,Birla Corporation Limited,Basic Materials,Building Materials,909.0999755859375,False,553.75,False,False,-31.77,-32.81,False,9656.0,EXIT
NEPHROPLUS,NEPHROPLUS,Healthcare,Medical Care Facilities,691.6500244140625,False,107.59,False,False,,,False,756.0,EXIT
BAJAJCON,Bajaj Consumer Care Limited,Consumer Defensive,Household & Personal Products,532.5999755859375,False,223.01,True,True,138.61,131.77,True,984.0,HOLD
INOXGREEN,Inox Green Energy Services Limited,Utilities,Utilities - Renewable,175.9600067138672,False,102.41,True,False,16.91,7.51,True,368.0,HOLD
PRECWIRE,Precision Wires India Limited,Industrials,Electrical Equipment & Parts,418.95001220703125,False,155.27,True,True,140.66,140.05,True,881.0,HOLD
CAMPUS,Campus Activewear Limited,Consumer Cyclical,Footwear & Accessories,219.0,False,150.08999999999997,False,False,-26.9,-22.08,False,1194.0,EXIT
TRANSRAILL,TRANSRAILL,Industrials,Engineering & Construction,490.95001220703125,False,403.04,False,False,-42.71,-42.91,False,5308.0,EXIT
ASHAPURMIN,Ashapura Minechem Limited,Basic Materials,Other Industrial Metals & Mining,729.0999755859375,False,401.41,False,True,37.83,36.6,True,2739.0,HOLD
POWERICA,POWERICA,Industrials,Specialty Industrial Machinery,522.75,False,0.0,False,False,,,False,2653.0,EXIT
SPARC,Sun Pharma Advanced Research Company Limited,Healthcare,Drug Manufacturers - Specialty & Generic,216.97999572753906,False,1969.4799999999998,True,True,40.37,49.75,True,239.0,HOLD
FDC,FDC Limited,Healthcare,Drug Manufacturers - Specialty & Generic,370.0,False,281.42,False,False,-36.59,-26.71,False,2108.0,EXIT
GOKULAGRO,Gokul Agro Resources Limited,Consumer Defensive,Packaged Foods,224.52999877929688,False,421.34,True,True,54.59,48.31,True,19551.0,HOLD
AJAXENGG,AJAXENGG,Industrials,Farm & Heavy Construction Machinery,568.0499877929688,False,225.14999999999998,False,True,-17.43,-17.68,False,,EXIT
AXISCADES,AXISCADES Technologies Limited,Industrials,Engineering & Construction,1631.4000244140625,False,71.92,True,True,13.34,13.02,True,1031.0,HOLD
SENCO,Senco Gold Limited,Consumer Cyclical,Luxury Goods,391.6000061035156,False,574.31,True,True,7.28,12.02,True,6328.0,HOLD
SUNFLAG,Sunflag Iron and Steel Company Limited,Basic Materials,Steel,392.20001220703125,False,202.35000000000002,False,True,33.21,31.99,True,3536.0,HOLD
LATENTVIEW,Latent View Analytics Limited,Industrials,Consulting Services,297.79998779296875,False,153.45,False,False,-30.9,-31.12,False,848.0,EXIT
ACI,Archean Chemical Industries Limited,Basic Materials,Chemicals,519.7999877929688,False,96.83000000000001,False,False,-20.28,-21.35,False,1441.0,EXIT
PAISALO,Paisalo Digital Limited,Financial Services,Credit Services,68.9800033569336,False,237.2,True,True,120.09,120.08,True,,HOLD
MAPMYINDIA,C. E. Info Systems Limited,Technology,Software - Infrastructure,1070.699951171875,False,134.16000000000003,False,False,-44.21,-43.51,False,463.0,EXIT
KOVAI,Kovai Medical Center and Hospital Limited,Healthcare,Medical Care Facilities,5893.5,False,240.79999999999998,False,False,,,False,,EXIT
VIKRAMSOLR,VIKRAMSOLR,Technology,Solar,173.9600067138672,False,318.2,False,False,,,False,3423.0,EXIT
MAXESTATES,MAXESTATES,Real Estate,Real Estate - Development,409.3999938964844,False,29.549999999999997,False,False,3.46,-13.3,False,160.0,EXIT
GREENLAM,Greenlam Industries Limited,Consumer Cyclical,"Furnishings, Fixtures & Appliances",273.1499938964844,False,87.32000000000001,False,True,12.46,17.18,True,2569.0,HOLD
SHAKTIPUMP,Shakti Pumps (India) Limited,Industrials,Specialty Industrial Machinery,517.75,False,212.32999999999998,False,False,-38.71,-38.91,False,2516.0,EXIT
BECTORFOOD,Mrs. Bectors Food Specialities Limited,Consumer Defensive,Packaged Foods,210.47999572753906,False,140.88,True,False,-30.24,-35.95,False,1742.0,EXIT
GSFC,Gujarat State Fertilizers & Chemicals Limited,Basic Materials,Agricultural Inputs,162.42999267578125,False,672.78,False,False,-23.76,-24.83,False,11369.0,EXIT
PNCINFRA,PNC Infratech Limited,Industrials,Engineering & Construction,239.75999450683594,False,831.6600000000001,False,True,-25.78,-26.01,False,8650.0,EXIT
UNIMECH,UNIMECH,Industrials,Aerospace & Defense,1336.5,False,63.28,False,True,14.84,14.51,True,243.0,HOLD
DODLA,Dodla Dairy Limited,Consumer Defensive,Food Distribution,1045.5,False,241.98000000000002,False,False,-18.88,-24.67,False,3720.0,EXIT
KENNAMET,Kennametal India Limited,Industrials,Tools & Accessories,3123.699951171875,True,138.5,False,False,,,False,,EXIT
VMART,V-Mart Retail Limited,Consumer Cyclical,Department Stores,813.9000244140625,False,155.35,False,True,-5.5,-0.73,False,,EXIT
GANESHHOU,Ganesh Housing Limited,Real Estate,Real Estate - Development,761.8499755859375,False,250.12,False,True,0.41,-16.32,False,959.0,EXIT
KALPATARU,KALPATARU,Real Estate,Real Estate - Development,283.0,False,282.26,True,False,-9.77,-26.37,False,3633.0,EXIT
IBULLSLTD,IBULLSLTD,Real Estate,Real Estate - Development,30.5,False,419.07,False,True,114.16,95.97,True,310.0,HOLD
KUSUMGAR,KUSUMGAR,Consumer Cyclical,Textile Manufacturing,650.5,True,0.0,False,False,,,False,,EXIT
DBREALTY,Valor Estate Limited,Real Estate,Real Estate - Development,111.73999786376953,False,143.98,False,False,-25.55,-41.95,False,1133.0,EXIT
FIEMIND,Fiem Industries Limited,Consumer Cyclical,Auto Parts,2479.5,True,255.59,True,True,21.85,26.56,True,2423.0,ADD
JUSTDIAL,Just Dial Limited,Communication Services,Internet Content & Information,681.5499877929688,False,543.8000000000001,True,True,-3.94,-22.56,False,1043.0,HOLD
JSFB,Jana Small Finance Bank Limited,Financial Services,Banks - Regional,560.9500122070312,False,406.65999999999997,False,True,13.07,13.53,True,,HOLD
ISGEC,Isgec Heavy Engineering Limited,Industrials,Specialty Industrial Machinery,820.3499755859375,False,239.20999999999998,False,False,-26.79,-27.02,False,6422.0,EXIT
KMEW,Knowledge Marine & Engineering Works Limited,Industrials,Marine Shipping,2519.199951171875,False,82.08,True,True,195.76,195.02,True,195.0,HOLD
AARTIPHARM,Aarti Pharmalabs Limited,Healthcare,Drug Manufacturers - Specialty & Generic,692.25,False,186.5,False,False,-29.84,-20.0,False,2115.0,EXIT
EBGNG,EBGNG,Technology,Computer Hardware,523.9000244140625,False,142.43,False,True,64.8,64.83,True,1411.0,HOLD
ARVINDFASN,Arvind Fashions Limited,Consumer Cyclical,Apparel Retail,459.5,False,94.68,True,False,-21.49,-16.68,False,4644.0,EXIT
SENORES,SENORES,Healthcare,Drug Manufacturers - General,1328.5,False,126.37,True,True,91.58,100.61,True,398.0,HOLD
ITDC,India Tourism Development Corporation Limited,Consumer Cyclical,Lodging,708.2000122070312,False,82.69999999999999,True,True,16.34,21.06,True,570.0,HOLD
DCBBANK,DCB Bank Limited,Financial Services,Banks - Regional,194.92999267578125,False,760.85,True,True,45.91,46.22,True,,HOLD
GOKEX,Gokaldas Exports Limited,Consumer Cyclical,Apparel Manufacturing,796.7000122070312,False,100.12,False,True,2.35,7.1,True,3864.0,HOLD
CEIGALL,CEIGALL,Industrials,Engineering & Construction,331.8999938964844,False,311.88,False,True,23.23,22.88,True,3437.0,HOLD
SIS,SIS Limited,Industrials,Security & Protection Services,435.8999938964844,False,414.55,True,True,12.2,11.88,True,4931.0,HOLD
TVSSCS,TVS Supply Chain Solutions Limited,Industrials,Integrated Freight & Logistics,132.3800048828125,False,114.28,True,True,3.45,3.15,True,9996.0,HOLD
SKIPPER,Skipper Limited,Industrials,Engineering & Construction,526.5,False,213.14,True,True,-0.83,-1.12,False,4624.0,HOLD
SAPPHIRE,Sapphire Foods India Limited,Consumer Cyclical,Restaurants,199.74000549316406,False,33.23,False,False,-44.1,-39.23,False,2451.0,EXIT
CORDELIA,CORDELIA,Industrials,Marine Shipping,846.3499755859375,False,28.93,False,False,,,False,,EXIT
ALOKINDS,Alok Industries Limited,Consumer Cyclical,Textile Manufacturing,11.979999542236328,False,719.98,False,False,-44.69,-39.83,False,24153.0,EXIT
TIIL,Technocraft Industries (India) Limited,Industrials,Tools & Accessories,2635.199951171875,False,285.30999999999995,True,True,-21.84,-22.08,False,2596.0,HOLD
MASTEK,Mastek Limited,Technology,Information Technology Services,1823.0,False,412.43,True,False,-32.83,-32.2,False,3455.0,EXIT
MASFIN,MAS Financial Services Limited,Financial Services,Credit Services,309.95001220703125,False,389.33,True,False,-4.07,-3.53,False,,EXIT
FEDFINA,Fedbank Financial Services Limited,Financial Services,Credit Services,152.52999877929688,False,302.82,True,True,15.65,16.1,True,,HOLD
AEROFLEX,Aeroflex Industries Limited,Industrials,Metal Fabrication,438.5,False,60.09,False,True,137.1,136.5,True,373.0,HOLD
STYLAMIND,Stylam Industries Limited,Consumer Cyclical,"Furnishings, Fixtures & Appliances",3640.0,True,169.77,True,True,94.45,98.98,True,1025.0,ADD
PRAJIND,Praj Industries Limited,Industrials,Engineering & Construction,319.6499938964844,False,69.15,False,False,-34.12,-34.33,False,3528.0,EXIT
MOIL,MOIL Limited,Basic Materials,Other Industrial Metals & Mining,282.45001220703125,False,303.59000000000003,False,False,-17.47,-18.55,False,1438.0,EXIT
OPTIEMUS,Optiemus Infracom Limited,Technology,Electronics & Computer Distribution,581.2000122070312,False,66.01,False,True,-7.21,-6.74,False,4106.0,EXIT
KSHINTL,KSHINTL,Industrials,Electrical Equipment & Parts,899.3499755859375,True,99.0,False,False,,,False,1928.0,EXIT
HAPPSTMNDS,Happiest Minds Technologies Limited,Technology,Information Technology Services,406.1499938964844,False,226.2,False,False,-36.75,-36.1,False,2061.0,EXIT
GOLDIAM,Goldiam International Limited,Consumer Cyclical,Luxury Goods,376.1499938964844,False,170.60000000000002,True,True,32.85,37.53,True,781.0,HOLD
KRISHANA,Krishana Phoschem Limited,Basic Materials,Agricultural Inputs,179.41000366210938,True,146.98000000000002,False,True,63.31,62.0,True,,HOLD
HCC,Hindustan Construction Company Limited,Industrials,Engineering & Construction,21.549999237060547,False,117.73999999999998,False,True,-19.6,-19.85,False,10668.0,EXIT
STYL,STYL,Technology,Software - Infrastructure,388.3500061035156,False,263.76,False,True,,,False,1558.0,EXIT
NIRLON,Nirlon Limited,Real Estate,Real Estate Services,620.9500122070312,True,345.98,False,False,,,False,,EXIT
CSBBANK,CSB Bank Limited,Financial Services,Banks - Regional,323.95001220703125,False,664.62,False,False,-30.91,-30.25,False,,EXIT
RPEL,Raghav Productivity Enhancers Limited,Basic Materials,Chemicals,1267.4000244140625,True,60.53,True,True,100.42,99.01,True,200.0,ADD
INNOVACAP,Innova Captab Limited,Healthcare,Drug Manufacturers - Specialty & Generic,954.0499877929688,False,140.92,False,True,-11.49,-1.78,False,1244.0,EXIT
SETL,Standard Engineering Technology Limited,Industrials,Specialty Industrial Machinery,274.6499938964844,False,80.05000000000001,False,True,55.07,54.66,True,614.0,HOLD
GREAVESCOT,Greaves Cotton Limited,Industrials,Specialty Industrial Machinery,201.5500030517578,False,105.17999999999999,False,True,-6.86,-7.13,False,2918.0,EXIT
NEOGEN,Neogen Chemicals Limited,Basic Materials,Specialty Chemicals,2031.5,False,35.559999999999995,False,True,36.77,35.53,True,778.0,HOLD
CCAVENUE,AvenuesAI Limited,Technology,Software - Infrastructure,17.1299991607666,False,279.03,True,True,7.48,7.86,True,3993.0,HOLD
SAATVIKGL,Saatvik Green Energy Limited,Technology,Solar,427.6499938964844,False,337.28,False,False,,,False,2158.0,EXIT
AHLUCONT,Ahluwalia Contracts (India) Limited,Industrials,Engineering & Construction,829.25,False,265.85999999999996,False,False,-18.37,-18.62,False,4099.0,EXIT
RPTECH,Rashi Peripherals Limited,Technology,Electronics & Computer Distribution,865.5499877929688,True,277.58,True,True,193.62,192.85,True,13258.0,ADD
ENTERO,Entero Healthcare Solutions Limited,Healthcare,Medical Distribution,1242.5,False,115.04,True,True,-16.52,-6.77,False,409.0,HOLD
SMARTWORKS,SMARTWORKS,Real Estate,Real Estate Services,485.0,False,22.39,True,True,24.71,7.67,True,1374.0,HOLD
PRSMJOHNSN,Prism Johnson Limited,Basic Materials,Building Materials,113.31999969482422,False,88.85000000000001,False,False,-25.91,-26.97,False,7427.0,EXIT
KISSHT,KISSHT,Financial Services,Credit Services,304.3500061035156,False,154.82,False,False,,,False,,EXIT
SUBROS,Subros Limited,Consumer Cyclical,Auto Parts,826.7000122070312,False,165.64999999999998,True,True,-15.0,-10.21,False,3368.0,HOLD
IFBIND,IFB Industries Limited,Consumer Cyclical,"Furnishings, Fixtures & Appliances",1440.9000244140625,False,111.64,True,True,1.77,6.53,True,5092.0,HOLD
CYIENTDLM,Cyient DLM Limited,Industrials,Aerospace & Defense,662.5,False,57.410000000000004,False,True,48.7,48.3,True,1520.0,HOLD
INDIGOPNTS,Indigo Paints Limited,Basic Materials,Specialty Chemicals,1128.5999755859375,False,177.63,True,True,-10.94,-12.04,False,1277.0,HOLD
GULFOILLUB,Gulf Oil Lubricants India Limited,Basic Materials,Specialty Chemicals,1204.5,False,347.63,True,True,0.31,-0.82,False,3554.0,HOLD
JAIBALAJI,Jai Balaji Industries Limited,Basic Materials,Steel,62.93000030517578,False,129.95,False,False,-45.27,-46.27,False,6414.0,EXIT
JAMNAAUTO,Jamna Auto Industries Limited,Consumer Cyclical,Auto Parts,143.97000122070312,True,230.98000000000002,True,True,52.01,56.64,True,2361.0,ADD
SHILCTECH,Shilchar Technologies Limited,Industrials,Electrical Equipment & Parts,4517.60009765625,False,112.22,False,False,,,False,623.0,EXIT
CENTUM,Centum Electronics Limited,Technology,Electronic Components,3790.300048828125,True,72.10000000000001,True,True,57.9,57.96,True,750.0,ADD
SURYAROSNI,Surya Roshni Limited,Basic Materials,Steel,250.72999572753906,False,285.81,False,True,-25.5,-26.55,False,7997.0,EXIT
CRAMC,CRAMC,Financial Services,Asset Management,263.04998779296875,False,230.68999999999997,False,False,,,False,,EXIT
PTC,PTC India Limited,Utilities,Utilities - Independent Power Producers,200.1699981689453,False,605.63,False,True,14.61,5.27,True,18346.0,HOLD
VADILALIND,Vadilal Industries Limited,Consumer Defensive,Packaged Foods,7327.5,True,155.42000000000002,True,True,40.7,34.51,True,1238.0,ADD
IONEXCHANG,Ion Exchange (India) Limited,Industrials,Pollution & Treatment Controls,386.3999938964844,False,156.49,False,True,-18.88,-19.13,False,2737.0,EXIT
PDSL,PDS Limited,Industrials,Specialty Business Services,358.04998779296875,False,127.16999999999999,False,True,2.7,2.4,True,12578.0,HOLD
CARERATING,CARE Ratings Limited,Financial Services,Financial Data & Stock Exchanges,1730.0999755859375,False,171.17999999999998,True,True,0.49,1.01,True,402.0,HOLD
DEEDEV,DEEDEV,Industrials,Metal Fabrication,651.6500244140625,False,195.54,True,True,143.52,142.9,True,827.0,HOLD
LGBBROSLTD,L.G. Balakrishnan & Bros Limited,Consumer Cyclical,Auto Parts,1520.4000244140625,False,309.17,False,False,12.36,17.09,True,2578.0,EXIT
BALUFORGE,Balu Forge Industries Limited,Industrials,Metal Fabrication,458.45001220703125,False,258.9,True,False,-30.52,-30.74,False,924.0,EXIT
RUSTOMJEE,Keystone Realtors Limited,Real Estate,Real Estate - Development,383.8999938964844,False,78.86000000000001,False,False,-23.81,-40.23,False,2222.0,EXIT
GOODLUCK,Goodluck India Limited,Basic Materials,Steel,1534.0999755859375,False,180.43,True,True,45.3,44.04,True,3936.0,HOLD
EMIL,Electronics Mart India Limited,Consumer Cyclical,Specialty Retail,149.77999877929688,False,107.13000000000001,False,True,18.48,23.2,True,6965.0,HOLD
ORCHPHARMA,Orchid Pharma Limited,Healthcare,Drug Manufacturers - Specialty & Generic,997.5499877929688,False,57.019999999999996,False,True,17.08,26.6,True,1948.0,HOLD
SHARDAMOTR,Sharda Motor Industries Limited,Consumer Cyclical,Auto Parts,934.1500244140625,False,339.93,True,True,-19.45,-14.64,False,2837.0,HOLD
PURVA,Puravankara Limited,Real Estate,Real Estate - Development,209.41000366210938,False,283.39,True,False,-12.77,-29.33,False,2185.0,EXIT
QUESS,Quess Corp Limited,Industrials,Staffing & Employment Services,315.25,False,251.93,False,True,7.63,7.32,True,19100.0,HOLD
LXCHEM,Laxmi Organic Industries Limited,Basic Materials,Specialty Chemicals,179.6699981689453,False,136.06,False,True,-6.33,-7.44,False,3084.0,EXIT
BLISSGVS,Bliss GVS Pharma Limited,Healthcare,Drug Manufacturers - Specialty & Generic,493.6499938964844,False,129.14,True,True,171.69,180.2,True,899.0,HOLD
LUMAXIND,Lumax Industries Limited,Consumer Cyclical,Auto Parts,5799.5,False,172.48000000000002,True,True,42.79,47.44,True,3400.0,HOLD
THOMASCOOK,Thomas Cook (India) Limited,Consumer Cyclical,Travel Services,106.13999938964844,False,218.85000000000002,False,False,-39.01,-34.16,False,11248.0,EXIT
GUJALKALI,Gujarat Alkalies and Chemicals Limited,Basic Materials,Chemicals,680.7999877929688,False,106.25,False,True,13.65,12.48,True,4516.0,HOLD
BANSALWIRE,BANSALWIRE,Basic Materials,Steel,331.1000061035156,False,143.08,False,True,-15.98,-17.06,False,3507.0,EXIT
DATAMATICS,Datamatics Global Services Limited,Technology,Information Technology Services,853.25,False,175.82999999999998,False,True,-24.03,-23.46,False,1723.0,EXIT
SSWL,Steel Strips Wheels Limited,Consumer Cyclical,Auto Parts,309.20001220703125,True,212.43000000000004,False,True,32.68,37.36,True,4429.0,HOLD
TRIVENI,Triveni Engineering & Industries Limited,Consumer Defensive,Confectioners,230.52999877929688,False,257.32,False,False,-30.48,-36.19,False,5689.0,EXIT
GVPIL,GE Power India Limited,Industrials,Engineering & Construction,726.5999755859375,False,252.60999999999999,True,True,128.0,127.42,True,3343.0,HOLD
PILANIINVS,Pilani Investment and Industries Corporation Limited,Financial Services,Asset Management,4315.0,False,67.87,False,False,-19.57,-18.96,False,305.0,EXIT
SWSOLAR,Sterling and Wilson Renewable Energy Limited,Technology,Solar,206.9199981689453,False,223.53,False,False,-27.35,-26.75,False,8210.0,EXIT
RBA,Restaurant Brands Asia Limited,Consumer Cyclical,Restaurants,90.25,False,184.77,True,True,2.45,7.2,True,2551.0,HOLD
SYMPHONY,Symphony Limited,Consumer Cyclical,"Furnishings, Fixtures & Appliances",652.4000244140625,False,359.0,True,False,-43.31,-38.45,False,1576.0,EXIT
ICRA,ICRA Limited,Financial Services,Financial Data & Stock Exchanges,5175.39990234375,False,189.87,True,False,-22.98,-22.36,False,498.0,EXIT
TFCILTD,Tourism Finance Corporation of India Limited,Financial Services,Credit Services,110.80999755859375,True,154.12,True,True,88.64,88.77,True,,ADD
UNIVCABLES,Universal Cables Limited,Industrials,Electrical Equipment & Parts,1416.300048828125,True,163.1,True,True,95.27,94.76,True,2407.0,ADD
EPIGRAL,Epigral Limited,Basic Materials,Chemicals,1095.800048828125,False,271.02,False,False,-44.49,-45.49,False,2550.0,EXIT
RTNPOWER,RattanIndia Power Limited,Utilities,Utilities - Independent Power Producers,8.770000457763672,False,156.06,False,False,-25.47,-33.73,False,3364.0,EXIT
RENUKA,Shree Renuka Sugars Limited,Consumer Defensive,Confectioners,22.1200008392334,False,515.1,False,False,-23.72,-29.48,False,11844.0,EXIT
YASHO,Yasho Industries Limited,Basic Materials,Specialty Chemicals,4166.10009765625,True,25.259999999999998,False,True,126.03,124.55,True,672.0,HOLD
VRLLOG,VRL Logistics Limited,Industrials,Trucking,284.6499938964844,False,261.2,False,True,-3.33,-3.61,False,,EXIT
NORTHARC,Northern Arc Capital Limited,Financial Services,Credit Services,283.79998779296875,False,428.64,False,True,22.74,23.16,True,,HOLD
HIRECT,Hind Rectifiers Limited,Industrials,Electrical Equipment & Parts,1297.199951171875,True,44.68,True,True,31.16,30.8,True,655.0,ADD
AGI,AGI Greenpac Limited,Consumer Cyclical,Packaging & Containers,710.5499877929688,False,375.03,True,True,-32.77,-27.93,False,2712.0,HOLD
FCL,Fineotex Chemical Limited,Basic Materials,Specialty Chemicals,41.75,False,122.34999999999998,True,True,72.36,71.03,True,569.0,HOLD
RPGLIFE,RPG Life Sciences Limited,Healthcare,Drug Manufacturers - Specialty & Generic,2688.89990234375,False,109.07999999999998,False,True,2.89,12.52,True,653.0,HOLD
MPSLTD,MPS Limited,Communication Services,Publishing,2763.89990234375,False,188.37,True,True,34.12,14.99,True,727.0,HOLD
RESPONIND,Responsive Industries Limited,Basic Materials,Specialty Chemicals,171.42999267578125,False,148.42000000000002,False,False,-19.09,-20.16,False,2515.0,EXIT
DHANUKA,Dhanuka Agritech Limited,Basic Materials,Agricultural Inputs,1026.5999755859375,False,268.77,False,False,-40.11,-41.13,False,2035.0,EXIT
NETWORK18,Network18 Media & Investments Limited,Communication Services,Entertainment,29.90999984741211,False,223.24,False,False,-34.22,-52.43,False,9297.0,EXIT
TEXRAIL,Texmaco Rail & Engineering Limited,Industrials,Railroads,108.33000183105469,False,195.14000000000001,False,False,-27.9,-28.13,False,5107.0,EXIT
HAWKINCOOK,Hawkins Cookers Limited,Consumer Cyclical,"Furnishings, Fixtures & Appliances",8465.0,False,103.68,False,False,,,False,,EXIT
SGFIN,SG Finserve Limited,Financial Services,Capital Markets,709.8499755859375,True,152.94000000000003,False,True,74.9,75.09,True,,HOLD
VAIBHAVGBL,Vaibhav Global Limited,Consumer Cyclical,Luxury Goods,242.60000610351562,False,252.64999999999998,False,True,0.51,5.26,True,3380.0,HOLD
SUNTECK,Sunteck Realty Limited,Real Estate,Real Estate - Development,301.6499938964844,False,197.36,True,False,-9.5,-26.1,False,808.0,EXIT
PACEDIGITK,Pace Digitek Limited,Technology,Communication Equipment,186.9199981689453,False,296.31,False,False,,,False,2321.0,EXIT
NACLIND,NACL Industries Limited,Basic Materials,Agricultural Inputs,178.13999938964844,False,31.86,False,True,-46.37,-47.37,False,2116.0,EXIT
SWARAJENG,Swaraj Engines Limited,Consumer Cyclical,Auto Parts,3595.800048828125,False,202.16,False,False,-17.73,-12.93,False,,EXIT
MHRIL,Mahindra Holidays & Resorts India Limited,Consumer Cyclical,Resorts & Casinos,230.97999572753906,False,60.31999999999999,False,False,-43.89,-39.02,False,1400.0,EXIT
ELECTCAST,Electrosteel Castings Limited,Industrials,Building Products & Equipment,72.26000213623047,False,205.2,False,False,-37.77,-37.97,False,7478.0,EXIT
BANARISUG,Bannari Amman Sugars Limited,Consumer Defensive,Confectioners,3510.5,False,147.92000000000002,False,False,-5.2,-11.08,False,,EXIT
STYRENIX,Styrenix Performance Materials Limited,Basic Materials,Chemicals,2279.0,False,186.46000000000004,False,True,-23.7,-24.76,False,2982.0,EXIT
ANUP,The Anup Engineering Limited,Industrials,Specialty Industrial Machinery,1993.300048828125,False,110.38000000000001,False,False,-23.17,-23.41,False,733.0,EXIT
MSTCLTD,MSTC Limited,Industrials,Conglomerates,605.2000122070312,False,218.43,False,True,23.43,23.09,True,5689.0,HOLD
IDEAFORGE,ideaForge Technology Limited,Technology,Computer Hardware,916.0,False,143.11,False,True,106.48,106.25,True,317.0,HOLD
JUNIPER,Juniper Hotels Limited,Consumer Cyclical,Lodging,198.0500030517578,False,141.61,True,False,-37.4,-32.55,False,944.0,EXIT
RTNINDIA,RattanIndia Enterprises Limited,Consumer Cyclical,Internet Retail,31.469999313354492,False,1170.8600000000001,True,False,-50.11,-45.23,False,6866.0,EXIT
RAYMONDLSL,Raymond Lifestyle Limited,Consumer Cyclical,Apparel Manufacturing,745.5499877929688,False,159.69,True,False,-43.25,-38.39,False,6535.0,EXIT
MIDWESTLTD,MIDWESTLTD,Basic Materials,Building Materials,1203.699951171875,False,115.20000000000002,False,False,,,False,370.0,EXIT
SBCL,Shivalik Bimetal Controls Limited,Industrials,Metal Fabrication,767.4500122070312,True,95.86000000000001,True,True,43.19,42.8,True,509.0,ADD
AVANTEL,Avantel Limited,Technology,Communication Equipment,164.44000244140625,False,16.13,False,True,25.22,25.49,True,249.0,HOLD
IOLCP,IOL Chemicals and Pharmaceuticals Limited,Healthcare,Drug Manufacturers - Specialty & Generic,163.17999267578125,False,137.64,False,True,57.64,66.9,True,2217.0,HOLD
SHOPERSTOP,Shoppers Stop Limited,Consumer Cyclical,Department Stores,419.5,False,62.46,False,True,-28.33,-23.51,False,4436.0,EXIT
63MOONS,63 moons technologies limited,Technology,Software - Application,858.2000122070312,False,56.26,False,True,-14.11,-13.59,False,568.0,EXIT
RAYMONDREL,Raymond Realty Limited,Real Estate,Real Estate - Development,688.2000122070312,False,230.31000000000003,False,True,15.71,-1.21,False,565.0,EXIT
VIPIND,V.I.P. Industries Limited,Consumer Cyclical,Footwear & Accessories,314.5,False,338.01,True,False,-38.29,-33.44,False,2245.0,EXIT
RALLIS,Rallis India Limited,Basic Materials,Agricultural Inputs,214.86000061035156,False,237.0,False,False,-46.06,-47.06,False,2967.0,EXIT
CMSINFO,CMS Info Systems Limited,Industrials,Specialty Business Services,277.54998779296875,False,327.6,False,False,-40.77,-40.97,False,2425.0,EXIT
LASERPOWER,LASERPOWER,Industrials,Electrical Equipment & Parts,292.0,False,0.0,False,False,,,False,,EXIT
WEBELSOLAR,Websol Energy System Limited,Technology,Solar,93.61000061035156,False,256.64,True,False,-29.09,-28.48,False,575.0,EXIT
RAMRAT,Ram Ratna Wires Limited,Industrials,Electrical Equipment & Parts,467.1499938964844,True,107.06,True,True,31.53,31.17,True,3677.0,ADD
TATVA,Tatva Chintan Pharma Chem Limited,Basic Materials,Specialty Chemicals,1731.0999755859375,False,51.38,False,True,57.76,56.46,True,434.0,HOLD
REFEX,Refex Industries Limited,Energy,Thermal Coal,298.6499938964844,False,229.71000000000004,True,True,-43.69,-34.46,False,2468.0,HOLD
KIRLOSIND,Kirloskar Industries Limited,Industrials,Metal Fabrication,3767.199951171875,False,158.92,False,True,-14.21,-14.47,False,6629.0,EXIT
WAKEFIT,WAKEFIT,Consumer Cyclical,"Furnishings, Fixtures & Appliances",127.9000015258789,False,182.20999999999998,False,False,,,False,,EXIT
VISHNU,Vishnu Chemicals Limited,Basic Materials,Specialty Chemicals,594.7999877929688,False,142.26,False,True,21.0,19.81,True,1447.0,HOLD
SOTL,Savita Oil Technologies Limited,Basic Materials,Specialty Chemicals,781.9500122070312,True,181.83,False,True,92.71,91.31,True,3813.0,HOLD
MUTHOOTMF,MUTHOOTMF,Financial Services,Credit Services,221.94000244140625,False,540.89,False,True,41.17,41.51,True,,HOLD
AYE,AYE,Financial Services,Credit Services,166.5500030517578,False,225.01,False,False,,,False,,EXIT
MAHLOG,Mahindra Logistics Limited,Industrials,Integrated Freight & Logistics,413.8999938964844,False,59.629999999999995,False,True,27.97,27.61,True,6105.0,HOLD
KDDL,KDDL Limited,Consumer Cyclical,Luxury Goods,3706.10009765625,True,88.10999999999999,False,True,30.41,35.09,True,1648.0,HOLD
TARC,TARC Limited,Real Estate,Real Estate - Development,135.50999450683594,False,92.64,True,False,-8.32,-24.93,False,369.0,EXIT
AURIONPRO,Aurionpro Solutions Limited,Technology,Software - Application,730.0,False,200.82,True,False,-55.47,-54.71,False,1173.0,EXIT
MOSCHIP,MOSCHIP,Technology,Semiconductor Equipment & Materials,209.2100067138672,False,25.66,False,True,23.75,24.03,True,387.0,HOLD
INDOSTAR,IndoStar Capital Finance Limited,Financial Services,Credit Services,233.39999389648438,False,989.2800000000001,True,True,-21.8,-21.18,False,,HOLD
GHCL,GHCL Limited,Basic Materials,Chemicals,438.0,False,516.03,False,False,-25.77,-26.82,False,4545.0,EXIT
SANATHAN,SANATHAN,Consumer Cyclical,Textile Manufacturing,474.70001220703125,False,86.89,False,True,-11.88,-7.09,False,3329.0,EXIT
POCL,Pondy Oxides And Chemicals Limited,Basic Materials,Specialty Chemicals,487.6499938964844,False,114.61,False,False,6.65,5.5,True,2057.0,EXIT
SAMHI,SAMHI Hotels Limited,Consumer Cyclical,Lodging,176.24000549316406,False,456.43000000000006,True,True,-29.6,-24.77,False,1130.0,HOLD
KSCL,Kaveri Seed Company Limited,Basic Materials,Agricultural Inputs,770.8499755859375,False,382.32,True,False,-33.25,-34.28,False,1202.0,EXIT
MANINDS,Man Industries (India) Limited,Basic Materials,Steel,552.2000122070312,False,170.49,False,True,24.9,23.7,True,3505.0,HOLD
NRBBEARING,NRB Bearings Limited,Consumer Cyclical,Auto Parts,445.6000061035156,True,142.75,False,True,52.1,56.73,True,1078.0,HOLD
MANINFRA,Man Infraconstruction Limited,Industrials,Engineering & Construction,110.41000366210938,False,200.57999999999998,False,False,-39.3,-39.5,False,1890.0,EXIT
CAPILLARY,CAPILLARY,Technology,Software - Infrastructure,580.5999755859375,False,71.45,True,False,,,False,598.0,EXIT
BAJAJHIND,Bajaj Hindusthan Sugar Limited,Consumer Defensive,Confectioners,17.530000686645508,False,684.3100000000001,True,False,-21.97,-27.73,False,6806.0,EXIT
ASHIANA,Ashiana Housing Limited,Real Estate,Real Estate - Development,381.79998779296875,False,117.88999999999999,True,True,32.82,15.68,True,944.0,HOLD
GUFICBIO,Gufic Biosciences Limited,Healthcare,Drug Manufacturers - Specialty & Generic,404.3500061035156,False,64.21000000000001,False,True,-3.08,6.58,False,820.0,EXIT
GUJTHEM,Gujarat Themis Biosyn Limited,Healthcare,Drug Manufacturers - Specialty & Generic,361.8999938964844,False,46.67,False,False,-11.83,-2.11,False,170.0,EXIT
SHAREINDIA,Share India Securities Limited,Financial Services,Capital Markets,173.6999969482422,False,354.71000000000004,False,True,-3.47,-2.93,False,1483.0,EXIT
JTEKTINDIA,JTEKT India Limited,Consumer Cyclical,Auto Parts,141.16000366210938,False,76.9,False,True,2.37,7.12,True,2044.0,HOLD
AGIIL,AGI Infra Limited,Real Estate,Real Estate - Development,304.3500061035156,False,94.86,True,False,54.74,37.32,True,325.0,HOLD
FOSECOIND,Foseco India Limited,Basic Materials,Chemicals,5409.0,False,87.01,True,True,4.53,3.38,True,643.0,HOLD
GMMPFAUDLR,GMM Pfaudler Limited,Industrials,Specialty Industrial Machinery,979.8499755859375,False,63.269999999999996,False,True,-29.79,-30.01,False,3446.0,EXIT
ZOTA,Zota Health Care Limited,Healthcare,Biotechnology,1250.5999755859375,False,70.88,True,False,-9.62,0.09,False,292.0,EXIT
PSPPROJECT,PSP Projects Limited,Industrials,Engineering & Construction,973.9500122070312,False,57.68,False,True,33.03,32.66,True,2512.0,HOLD
EIEL,EIEL,Industrials,Engineering & Construction,215.5,False,207.46999999999997,False,True,-16.89,-17.14,False,1046.0,EXIT
RAYMOND,Raymond Limited,Industrials,Specialty Industrial Machinery,627.5999755859375,False,5462.66,False,True,-6.85,-7.12,False,8215.0,EXIT
AARTIDRUGS,Aarti Drugs Limited,Healthcare,Drug Manufacturers - Specialty & Generic,410.8500061035156,False,194.92,False,True,-30.88,-21.04,False,2716.0,EXIT
VSTTILLERS,V.S.T. Tillers Tractors Limited,Industrials,Farm & Heavy Construction Machinery,4545.10009765625,False,104.72,False,False,-4.36,-4.64,False,1006.0,EXIT
KERNEX,Kernex Microsystems (India) Limited,Technology,Software - Application,2432.5,True,88.33,True,True,124.81,124.47,True,190.0,ADD
JINDWORLD,Jindal Worldwide Limited,Consumer Cyclical,Textile Manufacturing,38.5,False,69.81,False,True,-5.91,-1.14,False,2559.0,EXIT
BAJAJELEC,Bajaj Electricals Limited,Consumer Cyclical,"Furnishings, Fixtures & Appliances",382.5,False,161.58999999999997,False,False,-45.36,-40.49,False,6662.0,EXIT
HEMIPROP,Hemisphere Properties India Limited,Real Estate,Real Estate - Diversified,137.92999267578125,False,8.66,False,True,16.42,-0.52,False,,EXIT
KSL,Kalyani Steels Limited,Basic Materials,Steel,882.25,False,257.86,True,True,-6.12,-7.23,False,1982.0,HOLD
DEEPINDS,Deep Industries Limited,Energy,Oil & Gas E&P,627.0,True,235.19,False,True,8.55,16.33,True,477.0,HOLD
EMUDHRA,eMudhra Limited,Technology,Software - Application,540.5,False,114.66,True,True,-34.66,-34.02,False,519.0,HOLD
NOVARTIND,Novartis India Limited,Healthcare,Drug Manufacturers - Specialty & Generic,1609.699951171875,False,73.55,False,False,,,False,,EXIT
BOSCH-HCIL,Bosch Home Comfort India Limited,Consumer Cyclical,"Furnishings, Fixtures & Appliances",1645.199951171875,False,115.11,False,True,-15.88,-11.09,False,,EXIT
SANDHAR,Sandhar Technologies Limited,Consumer Cyclical,Auto Parts,656.3499755859375,False,198.66,True,True,32.39,37.07,True,3884.0,HOLD
BHAGCHEM,Bhagiradha Chemicals & Industries Limited,Basic Materials,Agricultural Inputs,275.3999938964844,False,18.17,False,True,-11.0,-12.1,False,502.0,EXIT
SINDHUTRAD,Sindhu Trade Links Limited,Industrials,Conglomerates,24.6299991607666,False,57.44,False,True,-6.91,-7.18,False,1140.0,EXIT
WSTCSTPAPR,West Coast Paper Mills Limited,Basic Materials,Paper & Paper Products,594.3499755859375,False,150.59,False,True,12.44,11.27,True,4921.0,HOLD
VSTIND,VST Industries Limited,Consumer Defensive,Tobacco,220.2899932861328,False,275.47,True,False,-20.81,-26.58,False,471.0,EXIT
OSWALPUMPS,OSWALPUMPS,Industrials,Electrical Equipment & Parts,322.95001220703125,False,376.27000000000004,False,False,-60.35,-60.51,False,1430.0,EXIT
LUXIND,Lux Industries Limited,Consumer Cyclical,Apparel Manufacturing,1266.4000244140625,False,103.81,False,True,-14.59,-9.8,False,2583.0,EXIT
SEAMECLTD,Seamec Limited,Industrials,Marine Shipping,1495.5,False,306.35,True,True,87.22,86.74,True,729.0,HOLD
ORIENTELEC,Orient Electric Limited,Consumer Cyclical,"Furnishings, Fixtures & Appliances",178.22999572753906,False,115.27,False,False,-23.05,-18.24,False,,EXIT
DBCORP,D. B. Corp Limited,Communication Services,Publishing,210.64999389648438,False,339.26,False,False,-8.67,-27.23,False,2463.0,EXIT
SPECTRUM,SPECTRUM,Industrials,Electrical Equipment & Parts,2568.0,True,50.11,False,True,63.2,62.76,True,397.0,HOLD
ELLEN,ELLEN,Basic Materials,Chemicals,281.29998779296875,False,103.94,False,False,-51.91,-52.89,False,,EXIT
INDIQUBE,INDIQUBE,Real Estate,Real Estate Services,181.75,False,100.92,False,True,1.62,-15.12,False,,EXIT
INDOTECH,Indo Tech Transformers Limited,Industrials,Electrical Equipment & Parts,3787.5,True,92.77,False,True,133.28,132.68,True,,HOLD
HARSHA,Harsha Engineers International Limited,Industrials,Tools & Accessories,425.0,False,155.2,True,True,-2.8,-3.09,False,1408.0,HOLD
JKIL,J. Kumar Infraprojects Limited,Industrials,Engineering & Construction,491.75,False,410.04,True,False,-35.21,-35.42,False,5693.0,EXIT
TRUALT,TRUALT,Energy,Oil & Gas Refining & Marketing,464.29998779296875,False,192.16,True,True,,,False,1908.0,HOLD
UNICHEMLAB,Unichem Laboratories Limited,Healthcare,Drug Manufacturers - Specialty & Generic,497.3999938964844,False,297.56000000000006,False,True,-21.61,-11.83,False,2111.0,EXIT
ROSSTECH,Rossell Techsys Limited,Industrials,Aerospace & Defense,1090.199951171875,True,25.740000000000002,False,True,84.51,84.03,True,260.0,HOLD
ROLEXRINGS,Rolex Rings Limited,Industrials,Metal Fabrication,152.8000030517578,False,141.4,False,True,6.51,6.21,True,,HOLD
PREMEXPLN,Premier Explosives Limited,Basic Materials,Specialty Chemicals,664.6500244140625,False,45.82,True,True,47.6,46.33,True,417.0,HOLD
GREENPLY,Greenply Industries Limited,Basic Materials,Lumber & Wood Production,286.8500061035156,False,98.62,False,True,-8.68,-9.78,False,2488.0,EXIT
SANGHVIMOV,Sanghvi Movers Limited,Industrials,Rental & Leasing Services,481.54998779296875,False,184.29,True,True,71.35,70.9,True,782.0,HOLD
SAMBHV,SAMBHV,Basic Materials,Steel,118.58999633789062,False,124.86,False,True,-4.68,-5.8,False,1511.0,EXIT
MARINE,Marine Electricals (India) Limited,Industrials,Electrical Equipment & Parts,321.8500061035156,True,60.13,True,True,79.32,78.85,True,767.0,ADD
ADVENZYMES,Advanced Enzyme Technologies Limited,Basic Materials,Specialty Chemicals,329.79998779296875,False,168.72000000000003,True,True,3.58,2.44,True,637.0,HOLD
XPROINDIA,Xpro India Limited,Basic Materials,Specialty Chemicals,1115.199951171875,False,30.2,False,True,-4.13,-5.25,False,533.0,EXIT
HGINFRA,H.G. Infra Engineering Limited,Industrials,Engineering & Construction,552.2999877929688,False,330.37,False,False,-49.08,-49.26,False,5378.0,EXIT
NFL,National Fertilizers Limited,Basic Materials,Agricultural Inputs,72.5,False,361.99,False,False,-27.55,-28.6,False,29587.0,EXIT
SMSPHARMA,SMS Pharmaceuticals Limited,Healthcare,Drug Manufacturers - General,357.20001220703125,False,101.97999999999999,True,True,52.38,61.68,True,783.0,HOLD
GRAUWEIL,Grauer & Weil (India) Limited,Basic Materials,Specialty Chemicals,69.23999786376953,False,164.01999999999998,False,False,,,False,,EXIT
POLYPLEX,Polyplex Corporation Limited,Basic Materials,Specialty Chemicals,1115.0999755859375,False,83.57000000000001,False,True,-4.72,-5.84,False,7652.0,EXIT
HEIDELBERG,HeidelbergCement India Limited,Basic Materials,Building Materials,157.1699981689453,False,139.59,False,False,-28.91,-29.96,False,,EXIT
VENUSPIPES,Venus Pipes and Tubes Limited,Basic Materials,Steel,1589.9000244140625,False,101.96000000000001,False,True,16.07,14.9,True,,HOLD
WHEELS,Wheels India Limited,Consumer Cyclical,Auto Parts,1404.300048828125,False,163.46,True,True,83.92,88.48,True,4977.0,HOLD
KNRCON,KNR Constructions Limited,Industrials,Engineering & Construction,140.35000610351562,False,437.0799999999999,False,True,-37.34,-37.55,False,4753.0,EXIT
KOLTEPATIL,Kolte-Patil Developers Limited,Real Estate,Real Estate - Development,429.29998779296875,False,97.2,False,True,17.79,0.84,True,1717.0,HOLD
CRIZAC,CRIZAC,Consumer Defensive,Education & Training Services,185.1199951171875,False,174.38,False,False,-38.1,-43.76,False,849.0,EXIT
PITTIENG,Pitti Engineering Limited,Industrials,Metal Fabrication,940.7999877929688,False,117.8,False,True,-2.12,-2.41,False,1705.0,EXIT
ROUTE,Route Mobile Limited,Communication Services,Telecom Services,533.5,False,322.84,False,False,-25.61,-43.94,False,4576.0,EXIT
ASHOKA,Ashoka Buildcon Limited,Industrials,Engineering & Construction,119.83000183105469,False,2549.9999999999995,True,False,-43.35,-43.54,False,10037.0,EXIT
UFLEX,Uflex Limited,Consumer Cyclical,Packaging & Containers,483.8999938964844,False,317.1,False,True,-26.5,-21.68,False,15036.0,EXIT
GOPAL,Gopal Snacks Limited,Consumer Defensive,Packaged Foods,273.8999938964844,False,73.64999999999999,False,False,-20.1,-25.88,False,,EXIT
FUSION,Fusion Finance Limited,Financial Services,Credit Services,214.99000549316406,False,385.05,False,True,35.34,35.7,True,,HOLD
INDRAMEDCO,Indraprastha Medical Corporation Limited,Healthcare,Medical Care Facilities,361.8500061035156,False,175.17,False,False,-33.18,-23.32,False,,EXIT
CARYSIL,Carysil Limited,Consumer Cyclical,"Furnishings, Fixtures & Appliances",1213.9000244140625,True,98.19,True,True,42.43,47.09,True,816.0,ADD
RELTD,Ravindra Energy Limited,Technology,Solar,170.13999938964844,False,80.96000000000001,True,True,18.81,19.12,True,765.0,HOLD
NIITMTS,NIIT Learning Systems Limited,Consumer Defensive,Education & Training Services,243.5500030517578,False,255.82,True,False,-24.89,-30.64,False,1653.0,EXIT
UNIPARTS,Uniparts India Limited,Industrials,Farm & Heavy Construction Machinery,781.5,True,158.3,True,True,122.01,121.44,True,929.0,ADD
FILATEX,Filatex India Limited,Consumer Cyclical,Textile Manufacturing,81.80999755859375,True,191.11,True,True,41.32,45.98,True,4252.0,ADD
MAYURUNIQ,Mayur Uniquoters Limited,Consumer Cyclical,Textile Manufacturing,773.8499755859375,False,191.73,True,True,39.94,44.6,True,880.0,HOLD
ARSSBL,ARSSBL,Financial Services,Financial Conglomerates,510.79998779296875,False,101.91,False,False,,,False,844.0,EXIT
RML,Rane (Madras) Limited,Consumer Cyclical,Auto Parts,1041.4000244140625,False,107.48,True,True,15.74,20.46,True,3463.0,HOLD
DREDGECORP,Dredging Corporation of India Limited,Industrials,Engineering & Construction,1094.4000244140625,False,169.05,False,True,62.64,62.2,True,,HOLD
NPST,NPST,Technology,Software - Application,1511.0,False,46.94,False,True,-33.36,-32.73,False,173.0,EXIT
JASH,Jash Engineering Limited,Industrials,Specialty Industrial Machinery,493.0,False,85.26,False,True,-13.75,-14.01,False,735.0,EXIT
APCOTEXIND,Apcotex Industries Limited,Basic Materials,Specialty Chemicals,620.5999755859375,False,161.20000000000002,True,True,48.63,47.36,True,352.0,HOLD
GANECOS,Ganesha Ecosphere Limited,Consumer Cyclical,Textile Manufacturing,1076.0,False,39.21,False,True,-34.76,-29.91,False,1133.0,EXIT
SHANTIGEAR,Shanthi Gears Limited,Industrials,Specialty Industrial Machinery,408.20001220703125,False,65.0,False,False,-26.76,-26.99,False,,EXIT
STEELCAS,Steelcast Limited,Basic Materials,Steel,337.75,True,90.69,False,True,56.42,55.13,True,,HOLD
MOREPENLAB,Morepen Laboratories Limited,Healthcare,Drug Manufacturers - Specialty & Generic,79.41999816894531,False,94.87,True,True,34.71,44.12,True,1812.0,HOLD
EUROPRATIK,EUROPRATIK,Basic Materials,Building Materials,309.3500061035156,False,81.94,False,True,,,False,284.0,EXIT
RSYSTEMS,R Systems International Limited,Technology,Information Technology Services,255.9499969482422,False,213.01,True,False,-47.09,-46.37,False,1958.0,EXIT
RPSGVENT,RPSG Ventures Limited,Technology,Information Technology Services,921.0499877929688,False,304.16,True,True,-4.57,-4.11,False,9608.0,HOLD
MONARCH,Monarch Networth Capital Limited,Financial Services,Capital Markets,388.6000061035156,False,181.19,True,True,9.91,10.38,True,328.0,HOLD
CHEMPLASTS,Chemplast Sanmar Limited,Basic Materials,Chemicals,194.61000061035156,False,279.87,False,False,-56.75,-57.71,False,5892.0,EXIT
HERITGFOOD,Heritage Foods Limited,Consumer Defensive,Packaged Foods,358.54998779296875,False,124.32999999999998,False,False,-21.88,-27.65,False,4135.0,EXIT
KKCL,Kewal Kiran Clothing Limited,Consumer Cyclical,Apparel Manufacturing,522.5,False,125.57,False,True,-15.81,-11.02,False,1003.0,EXIT
NITINSPIN,Nitin Spinners Limited,Consumer Cyclical,Textile Manufacturing,572.3499755859375,True,177.55,False,True,55.13,59.76,True,,HOLD
CARRARO,CARRARO,Consumer Cyclical,Auto Parts,542.1500244140625,False,130.55,True,True,14.23,18.95,True,1808.0,HOLD
INTERARCH,Interarch Building Solutions Limited,Industrials,Engineering & Construction,1860.4000244140625,False,134.52,False,False,-20.2,-20.45,False,,EXIT
WONDERLA,Wonderla Holidays Limited,Consumer Cyclical,Leisure,485.79998779296875,False,85.22,False,False,-28.83,-24.0,False,,EXIT
STALLION,STALLION,Basic Materials,Specialty Chemicals,270.20001220703125,False,43.84,False,True,91.55,90.16,True,,HOLD
BUILDPRO,Shankara Buildpro Limited,Consumer Cyclical,Home Improvement Retail,1335.199951171875,True,102.75999999999999,False,False,,,False,5267.0,EXIT
TVSSRICHAK,TVS Srichakra Limited,Consumer Cyclical,Auto Parts,3971.199951171875,False,71.23,False,False,28.57,33.26,True,3254.0,EXIT
DPABHUSHAN,D. P. Abhushan Limited,Consumer Cyclical,Luxury Goods,1458.800048828125,False,239.86,True,True,-20.59,-15.78,False,3307.0,HOLD
SANGAMIND,Sangam (India) Limited,Consumer Cyclical,Textile Manufacturing,615.5,True,121.49,False,True,53.95,58.57,True,2843.0,HOLD
ELPROINTL,Elpro International Limited,Unknown,Unknown,177.97999572753906,True,271.30999999999995,False,False,,,False,,EXIT
ADFFOODS,ADF Foods Limited,Consumer Defensive,Packaged Foods,261.3999938964844,False,91.97,True,True,16.04,10.02,True,590.0,HOLD
NAVNETEDUL,Navneet Education Limited,Communication Services,Publishing,127.93000030517578,False,366.0,False,False,-0.49,-19.15,False,1781.0,EXIT
HLEGLAS,HLE Glascoat Limited,Industrials,Specialty Industrial Machinery,454.3999938964844,False,47.77,False,True,3.45,3.16,True,649.0,HOLD
JTLIND,JTL Industries Limited,Basic Materials,Steel,76.80999755859375,False,98.86999999999999,False,True,13.03,11.87,True,2040.0,HOLD
VSSL,Vardhman Special Steels Limited,Basic Materials,Steel,333.8500061035156,True,108.75999999999999,True,True,24.72,23.52,True,1764.0,ADD
BALMLAWRIE,Balmer Lawrie & Co. Ltd.,Industrials,Conglomerates,176.74000549316406,False,276.59000000000003,True,False,-20.28,-20.52,False,3254.0,EXIT
DIVGIITTS,Divgi TorqTransfer Systems Limited,Consumer Cyclical,Auto Parts,988.5999755859375,False,46.93,False,True,49.55,54.19,True,,HOLD
DCAL,Dishman Carbogen Amcis Limited,Healthcare,Biotechnology,194.66000366210938,False,101.21000000000001,False,False,-34.1,-24.23,False,2712.0,EXIT
WINDMACHIN,Windsor Machines Limited,Industrials,Specialty Industrial Machinery,276.5,False,25.96,False,False,-20.46,-20.71,False,393.0,EXIT
PRINCEPIPE,Prince Pipes and Fittings Limited,Industrials,Building Products & Equipment,274.3500061035156,False,77.93,False,True,-20.21,-20.45,False,,EXIT
KITEX,Kitex Garments Limited,Consumer Cyclical,Apparel Manufacturing,144.74000549316406,False,35.61,False,False,-33.23,-28.39,False,983.0,EXIT
POKARNA,Pokarna Limited,Industrials,Building Products & Equipment,967.1500244140625,False,80.6,False,True,-2.73,-3.01,False,925.0,EXIT
GATEWAY,Gateway Distriparks Limited,Industrials,Integrated Freight & Logistics,56.790000915527344,False,381.78,True,False,-18.56,-18.81,False,1681.0,EXIT
ANTELOPUS,ANTELOPUS,Energy,Oil & Gas E&P,860.4000244140625,False,132.71,False,True,38.86,45.8,True,,HOLD
BEPL,Bhansali Engineering Polymers Limited,Basic Materials,Chemicals,122.41999816894531,False,205.31,False,True,6.22,5.08,True,1398.0,HOLD
EFCIL,EFC (I) Limited,Real Estate,Real Estate Services,188.61000061035156,False,246.27,True,False,,,False,657.0,EXIT
MAITHANALL,Maithan Alloys Limited,Basic Materials,Steel,967.7000122070312,False,816.4300000000001,False,False,-12.15,-13.24,False,2989.0,EXIT
TCPLPACK,TCPL Packaging Limited,Consumer Cyclical,Packaging & Containers,3131.39990234375,False,97.79999999999998,False,True,-18.87,-14.07,False,1770.0,EXIT
BBL,Bharat Bijlee Limited,Industrials,Electrical Equipment & Parts,2345.800048828125,False,142.17000000000002,False,False,-22.42,-22.66,False,1902.0,EXIT
DALMIASUG,Dalmia Bharat Sugar and Industries Limited,Consumer Defensive,Confectioners,395.79998779296875,False,235.72,False,True,12.02,6.03,True,3725.0,HOLD
NSIL,Nalwa Sons Investments Limited,Financial Services,Asset Management,5711.5,False,54.5,False,False,-19.51,-18.9,False,134.0,EXIT
RAMCOIND,Ramco Industries Limited,Industrials,Building Products & Equipment,333.75,False,306.26,True,True,8.26,7.95,True,1659.0,HOLD
BOROLTD,Borosil Limited,Consumer Cyclical,"Furnishings, Fixtures & Appliances",247.99000549316406,False,74.66,False,False,-34.98,-30.14,False,1090.0,EXIT
ORIENTCEM,Orient Cement Limited,Basic Materials,Building Materials,138.1699981689453,False,365.23,False,False,-45.82,-46.82,False,,EXIT
ROSSARI,Rossari Biotech Limited,Basic Materials,Specialty Chemicals,525.9500122070312,False,147.44,False,False,-25.04,-26.1,False,2080.0,EXIT
DDEVPLSTIK,Ddev Plastiks Industries Limited,Basic Materials,Specialty Chemicals,310.6000061035156,False,201.82000000000002,False,True,4.53,3.38,True,,HOLD
JINDALPOLY,Jindal Poly Films Limited,Consumer Cyclical,Packaging & Containers,632.75,False,325.08,False,True,5.83,10.58,True,7557.0,HOLD
DIAMONDYD,Prataap Snacks Limited,Consumer Defensive,Packaged Foods,1166.199951171875,False,9.719999999999999,False,True,27.08,20.99,True,1708.0,HOLD
SUNCLAY,Sundaram-Clayton Limited,Industrials,Metal Fabrication,1269.4000244140625,False,602.01,True,False,-33.55,-33.77,False,2109.0,EXIT
ZAGGLE,Zaggle Prepaid Ocean Services Limited,Technology,Software - Infrastructure,206.1300048828125,False,138.07999999999998,True,False,-48.61,-47.88,False,1304.0,EXIT
SASKEN,Sasken Technologies Limited,Technology,Information Technology Services,1917.0999755859375,False,53.92999999999999,False,True,27.3,27.56,True,446.0,HOLD
INDOTHAI,Indo Thai Securities Limited,Financial Services,Capital Markets,110.6500015258789,False,54.21,True,False,-46.99,-46.27,False,58.0,EXIT
PANAMAPET,Panama Petrochem Limited,Energy,Oil & Gas Refining & Marketing,494.95001220703125,True,212.5,True,True,29.49,36.69,True,1776.0,ADD
UFBL,UFBL,Consumer Cyclical,Restaurants,804.2999877929688,False,59.14,True,True,211.05,215.3,True,1074.0,HOLD
NOCIL,NOCIL Limited,Basic Materials,Specialty Chemicals,170.7100067138672,False,64.30000000000001,False,True,-5.83,-6.94,False,1617.0,EXIT
SIYSIL,Siyaram Silk Mills Limited,Consumer Cyclical,Textile Manufacturing,628.1500244140625,False,230.89,False,True,-4.26,0.5,False,2233.0,EXIT
FLAIR,FLAIR,Industrials,Business Equipment & Supplies,250.5500030517578,False,132.95,False,False,-27.15,-27.38,False,1080.0,EXIT
HIKAL,Hikal Limited,Healthcare,Drug Manufacturers - Specialty & Generic,221.42999267578125,False,77.6,False,True,-42.64,-32.71,False,2023.0,EXIT
BLSE,BLSE,Industrials,Specialty Business Services,317.6499938964844,False,57.5,False,True,57.96,57.54,True,519.0,HOLD
AUTOAXLES,Automotive Axles Limited,Consumer Cyclical,Auto Parts,1848.9000244140625,False,174.35000000000002,False,True,-3.49,1.28,False,,EXIT
VIMTALABS,Vimta Labs Limited,Healthcare,Diagnostics & Research,641.9500122070312,False,79.66,True,True,-10.99,-1.27,False,318.0,HOLD
ARVSMART,Arvind SmartSpaces Limited,Real Estate,Real Estate - Development,603.2999877929688,False,96.44,False,True,11.35,-5.52,False,713.0,EXIT
GSPCROP,GSPCROP,Basic Materials,Agricultural Inputs,592.3499755859375,True,43.14,False,False,,,False,1406.0,EXIT
PARAGMILK,Parag Milk Foods Limited,Consumer Defensive,Packaged Foods,225.99000549316406,False,135.04000000000002,False,False,-2.52,-8.42,False,3432.0,EXIT
HUBTOWN,Hubtown Limited,Real Estate,Real Estate - Development,179.6999969482422,False,148.49,True,False,-35.23,-51.51,False,564.0,EXIT
KIRIINDUS,Kiri Industries Limited,Basic Materials,Specialty Chemicals,436.54998779296875,False,5566.5,True,False,-27.79,-28.84,False,1497.0,EXIT
JUBLCPL,Jubilant Agri and Consumer Products Limited,Basic Materials,Specialty Chemicals,1890.300048828125,False,127.86000000000001,True,False,-16.24,-17.32,False,1521.0,EXIT
NILKAMAL,Nilkamal Limited,Consumer Cyclical,"Furnishings, Fixtures & Appliances",1776.699951171875,False,115.58999999999999,False,True,2.11,6.86,True,3313.0,HOLD
EPACKPEB,EPACKPEB,Industrials,Engineering & Construction,248.35000610351562,False,96.63,False,True,,,False,1134.0,EXIT
MEDIASSIST,MEDIASSIST,Healthcare,Healthcare Plans,367.1499938964844,False,87.96000000000001,False,False,-47.91,-37.95,False,151.0,EXIT
IMAGICAA,Imagicaaworld Entertainment Limited,Communication Services,Entertainment,51.099998474121094,False,88.78999999999999,False,True,-6.51,-25.09,False,410.0,EXIT
INDNIPPON,India Nippon Electricals Limited,Consumer Cyclical,Auto Parts,1152.5,False,111.16999999999999,True,True,33.48,38.16,True,845.0,HOLD
CONFIPET,Confidence Petroleum India Limited,Energy,Oil & Gas Refining & Marketing,79.38999938964844,False,92.89,False,True,48.02,54.7,True,3146.0,HOLD
MMFL,M M Forgings Limited,Industrials,Metal Fabrication,603.5499877929688,True,98.12,False,True,77.76,77.3,True,1563.0,HOLD
FMGOETZE,Federal-Mogul Goetze (India) Limited,Consumer Cyclical,Auto Parts,485.79998779296875,False,170.65,True,True,-19.92,-15.11,False,1769.0,HOLD
SATIN,Satin Creditcare Network Limited,Financial Services,Credit Services,232.88999938964844,False,401.70000000000005,False,True,58.51,58.77,True,,HOLD
MARATHON,Marathon Nextgen Realty Limited,Real Estate,Real Estate - Development,385.79998779296875,False,202.95999999999998,False,False,-29.39,-45.74,False,717.0,EXIT
GKENERGY,GKENERGY,Utilities,Utilities - Renewable,130.14999389648438,False,211.81,False,False,,,False,1095.0,EXIT
RAMKY,Ramky Infrastructure Limited,Industrials,Engineering & Construction,405.29998779296875,False,271.07000000000005,False,False,-30.57,-30.8,False,2402.0,EXIT
ARKADE,ARKADE,Real Estate,Real Estate - Development,139.75,False,211.76999999999998,False,True,-8.96,-25.57,False,683.0,EXIT
MANGLMCEM,Mangalam Cement Limited,Basic Materials,Building Materials,941.1500244140625,False,128.95,False,True,28.51,27.3,True,,HOLD
PARKHOTELS,PARKHOTELS,Consumer Cyclical,Lodging,120.93000030517578,False,65.67999999999999,False,False,-32.8,-27.97,False,631.0,EXIT
MUFIN,Mufin Green Finance Limited,Financial Services,Credit Services,134.07000732421875,False,27.330000000000002,True,True,46.16,46.48,True,,HOLD
PATELENG,Patel Engineering Limited,Industrials,Engineering & Construction,28.790000915527344,False,269.15999999999997,False,False,-25.45,-25.68,False,5008.0,EXIT
UTKARSHBNK,Utkarsh Small Finance Bank Limited,Financial Services,Banks - Regional,14.369999885559082,False,1150.98,False,False,-33.97,-33.3,False,,EXIT
NITCO,NITCO Limited,Industrials,Building Products & Equipment,101.95999908447266,False,68.16,False,True,-21.71,-21.95,False,885.0,EXIT
PANACEABIO,Panacea Biotec Limited,Healthcare,Biotechnology,418.6499938964844,False,22.470000000000002,False,True,-10.86,-1.15,False,679.0,EXIT
STOVEKRAFT,Stove Kraft Limited,Consumer Cyclical,"Furnishings, Fixtures & Appliances",800.2000122070312,False,41.989999999999995,False,True,27.55,32.24,True,1448.0,HOLD
GLOBUSSPR,Globus Spirits Limited,Consumer Defensive,Beverages - Wineries & Distilleries,903.75,False,100.53,False,False,-22.39,-28.16,False,2537.0,EXIT
SPORTKING,Sportking India Limited,Consumer Cyclical,Textile Manufacturing,206.66000366210938,False,120.78,False,True,79.73,84.3,True,,HOLD
FISCHER,Fischer Medical Ventures Limited,Healthcare,Medical Devices,37.45000076293945,False,32.67,True,False,-75.93,-65.79,False,111.0,EXIT
SILVERTUC,Silver Touch Technologies Limited,Technology,Information Technology Services,193.60000610351562,False,41.68,True,False,-79.12,-78.2,False,288.0,EXIT
ADVAIT,Advait Energy Transitions Limited,Industrials,Specialty Industrial Machinery,2313.10009765625,False,53.17,True,False,,,False,399.0,EXIT
TALBROAUTO,Talbros Automotive Components Limited,Consumer Cyclical,Auto Parts,437.0,True,104.12,True,True,41.71,46.37,True,827.0,ADD
ADOR,Ador Welding Limited,Industrials,Specialty Industrial Machinery,1484.800048828125,False,92.47000000000001,False,True,48.01,47.61,True,1117.0,HOLD
RAJRATAN,Rajratan Global Wire Limited,Basic Materials,Steel,521.9500122070312,False,72.6,False,True,46.34,45.08,True,935.0,HOLD
BOMDYEING,The Bombay Dyeing and Manufacturing Company Limited,Consumer Cyclical,Textile Manufacturing,120.4800033569336,False,46.620000000000005,False,False,-36.96,-32.12,False,4430.0,EXIT
SUNDROP,Sundrop Brands Limited,Consumer Defensive,Packaged Foods,664.7999877929688,False,24.31,False,False,-16.17,-21.98,False,916.0,EXIT
RAJESHEXPO,Rajesh Exports Limited,Consumer Cyclical,Luxury Goods,84.54000091552734,False,238.56,False,False,-62.84,-57.93,False,423099.0,EXIT
PROTEAN,Protean eGov Technologies Limited,Technology,Information Technology Services,558.6500244140625,False,97.13,False,False,-31.78,-31.15,False,882.0,EXIT
GIPCL,Gujarat Industries Power Company Limited,Utilities,Utilities - Regulated Electric,159.2100067138672,False,408.82000000000005,True,True,-13.36,-21.95,False,1416.0,HOLD
RANEHOLDIN,Rane Holdings Limited,Consumer Cyclical,Auto Parts,1761.5999755859375,False,198.99,False,True,7.99,12.73,True,4382.0,HOLD
VERANDA,Veranda Learning Solutions Limited,Consumer Defensive,Education & Training Services,258.29998779296875,False,24.72,True,True,13.79,7.79,True,471.0,HOLD
SPAL,S.P. Apparels Limited,Consumer Cyclical,Apparel Manufacturing,1014.5,False,100.94,True,True,20.0,24.71,True,1395.0,HOLD
EVEREADY,Eveready Industries India Limited,Industrials,Electrical Equipment & Parts,357.29998779296875,False,187.34999999999997,True,True,-18.62,-18.87,False,1458.0,HOLD
AJMERA,Ajmera Realty & Infra India Limited,Real Estate,Real Estate - Development,123.47000122070312,False,149.79000000000002,True,False,-20.62,-37.08,False,738.0,EXIT
SOLARA,Solara Active Pharma Sciences Limited,Healthcare,Drug Manufacturers - Specialty & Generic,511.1000061035156,False,53.44,False,False,-27.29,-17.47,False,1617.0,EXIT
INA,Insolation Energy Limited,Technology,Solar,112.44000244140625,False,181.7,True,False,,,False,1334.0,EXIT
CAMLINFINE,Camlin Fine Sciences Limited,Basic Materials,Specialty Chemicals,127.83000183105469,False,112.53999999999999,True,False,-54.02,-55.0,False,1682.0,EXIT
JNKINDIA,JNK India Limited,Industrials,Specialty Industrial Machinery,420.8999938964844,False,65.36999999999999,False,True,28.02,27.67,True,480.0,HOLD
RHETAN,Rhetan TMT Limited,Basic Materials,Steel,32.849998474121094,True,10.299999999999999,False,True,,,False,,EXIT
SAIPARENT,SAIPARENT,Healthcare,Drug Manufacturers - General,541.1500244140625,False,0.0,False,False,,,False,163.0,EXIT
REPCOHOME,Repco Home Finance Limited,Financial Services,Mortgage Finance,391.29998779296875,False,475.41999999999996,True,False,-6.33,-5.79,False,,EXIT
EASEMYTRIP,Easy Trip Planners Limited,Consumer Cyclical,Travel Services,6.610000133514404,False,53.45,False,False,-38.77,-33.92,False,1049.0,EXIT
KICL,Kalyani Investment Company Limited,Financial Services,Asset Management,5528.0,False,43.13,False,True,11.57,12.04,True,78.0,HOLD
SIRCA,Sirca Paints India Limited,Basic Materials,Specialty Chemicals,450.8999938964844,False,67.02000000000001,True,False,-1.47,-2.59,False,372.0,EXIT
ORISSAMINE,The Orissa Minerals Development Company Limited,Basic Materials,Steel,4320.2001953125,False,17.88,False,False,-13.74,-14.83,False,,EXIT
VEEDOL,Veedol Corporation Limited,Basic Materials,Specialty Chemicals,1489.9000244140625,False,191.62,True,False,-13.73,-14.82,False,1970.0,EXIT
TASTYBITE,Tasty Bite Eatables Limited,Consumer Defensive,Packaged Foods,9175.0,False,35.300000000000004,False,True,-12.96,-18.79,False,,EXIT
GREENPANEL,Greenpanel Industries Limited,Basic Materials,Lumber & Wood Production,202.27000427246094,False,52.349999999999994,False,False,-29.29,-30.34,False,1783.0,EXIT
RISHABH,Rishabh Instruments Limited,Technology,Scientific & Technical Instruments,647.0499877929688,True,81.53,False,True,122.96,122.63,True,720.0,HOLD
VINDHYATEL,Vindhya Telelinks Limited,Industrials,Engineering & Construction,2286.89990234375,False,222.25,False,True,45.53,45.14,True,4088.0,HOLD
ORIENTHOT,Oriental Hotels Limited,Consumer Cyclical,Lodging,128.77000427246094,False,65.27999999999999,False,True,-16.83,-12.03,False,440.0,EXIT
ALEMBICLTD,Alembic Limited,Real Estate,Real Estate - Development,86.66000366210938,False,317.39,False,False,-8.58,-25.19,False,1121.0,EXIT
KNACK,KNACK,Consumer Cyclical,Packaging & Containers,207.7100067138672,True,0.0,False,False,,,False,,EXIT
NELCO,Nelco Limited,Technology,Communication Equipment,983.7999877929688,False,6.419999999999999,False,True,11.25,11.61,True,320.0,HOLD
COSMOFIRST,Cosmo First Limited,Consumer Cyclical,Packaging & Containers,871.9500122070312,False,155.97,False,True,-27.58,-22.75,False,3065.0,EXIT
SPANDANA,Spandana Sphoorty Financial Limited,Financial Services,Credit Services,256.75,False,472.33,False,True,0.85,1.36,True,,HOLD
GNA,G N A Axles Limited,Consumer Cyclical,Auto Parts,530.25,False,132.23000000000002,True,True,67.52,72.12,True,1583.0,HOLD
THEJO,Thejo Engineering Limited,Industrials,Specialty Industrial Machinery,2159.10009765625,False,49.25,False,True,-9.52,-9.79,False,559.0,EXIT
EMSLIMITED,EMS Limited,Industrials,Engineering & Construction,406.1000061035156,False,90.53999999999999,False,True,-36.84,-37.05,False,966.0,EXIT
PIXTRANS,PIX Transmissions Limited,Industrials,Specialty Industrial Machinery,1698.5999755859375,False,106.88,False,True,7.41,7.11,True,589.0,HOLD
SHK,S H Kelkar and Company Limited,Basic Materials,Specialty Chemicals,170.05999755859375,False,89.09,False,True,-33.23,-34.27,False,2123.0,EXIT
TAJGVK,TAJGVK Hotels & Resorts Limited,Consumer Cyclical,Lodging,369.1499938964844,False,425.39000000000004,True,True,-20.62,-15.81,False,450.0,HOLD
SAGCEM,Sagar Cements Limited,Basic Materials,Building Materials,173.8699951171875,False,169.51,False,False,-27.79,-28.84,False,2505.0,EXIT
APOLLOPIPE,Apollo Pipes Limited,Industrials,Building Products & Equipment,527.25,False,20.96,False,True,26.46,26.11,True,1182.0,HOLD
BRIGHOTEL,BRIGHOTEL,Consumer Cyclical,Lodging,61.7400016784668,False,318.84,False,False,-33.3,-28.47,False,404.0,EXIT
BETA,BETA,Healthcare,Drug Manufacturers - Specialty & Generic,2518.89990234375,True,35.55,False,True,31.46,40.9,True,362.0,HOLD
HUHTAMAKI,Huhtamaki India Limited,Consumer Cyclical,Packaging & Containers,289.95001220703125,False,124.57,True,True,25.8,30.5,True,2037.0,HOLD
LANDMARK,Landmark Cars Limited,Consumer Cyclical,Auto & Truck Dealerships,546.9000244140625,False,37.31,False,True,-1.6,3.16,False,765.0,EXIT
SANSTAR,SANSTAR,Basic Materials,Chemicals,113.62999725341797,False,34.82,False,True,26.66,25.46,True,1110.0,HOLD
PENIND,Pennar Industries Limited,Industrials,Specialty Industrial Machinery,162.66000366210938,False,138.81,True,False,-30.69,-30.92,False,3227.0,EXIT
MOLDTKPAC,Mold-Tek Packaging Limited,Consumer Cyclical,Packaging & Containers,683.5,False,82.69,True,True,-22.32,-17.51,False,631.0,HOLD
PRAKASH,Prakash Industries Limited,Basic Materials,Steel,128.72000122070312,False,333.14,False,False,-34.37,-35.4,False,2935.0,EXIT
EPACK,EPACK Durable Limited,Consumer Cyclical,"Furnishings, Fixtures & Appliances",227.61000061035156,False,47.75,False,False,-49.75,-44.88,False,2171.0,EXIT
EXICOM,Exicom Tele-Systems Limited,Industrials,Electrical Equipment & Parts,169.55999755859375,False,274.13,True,True,11.07,10.75,True,1020.0,HOLD
JISLJALEQS,Jain Irrigation Systems Limited,Industrials,Conglomerates,31.440000534057617,False,96.71,False,False,-38.85,-39.05,False,8536.0,EXIT
GANDHAR,Gandhar Oil Refinery (India) Limited,Energy,Oil & Gas Refining & Marketing,242.9499969482422,False,301.42,False,True,37.91,44.88,True,4113.0,HOLD
RAMCOSYS,Ramco Systems Limited,Technology,Software - Application,626.5,False,41.5,False,True,60.23,60.29,True,626.0,HOLD
JAYKAY,Jaykay Enterprises Limited,Industrials,Specialty Business Services,156.4199981689453,False,232.53,True,False,,,False,81.0,EXIT
VINCOFE,Vintage Coffee and Beverages Limited,Consumer Defensive,Beverages - Non-Alcoholic,150.3000030517578,False,78.74,True,True,4.83,-1.12,False,309.0,HOLD
ESAFSFB,ESAF Small Finance Bank,Financial Services,Banks - Regional,42.540000915527344,False,227.66,False,True,35.16,35.52,True,,HOLD
PRABHA,Prabha Energy Limited,Energy,Oil & Gas E&P,156.44000244140625,False,1.5,True,False,-53.48,-43.98,False,33.45,EXIT
SAKSOFT,Saksoft Limited,Technology,Information Technology Services,175.55999755859375,False,133.27,True,True,-17.9,-17.36,False,883.0,HOLD
SHRINGARMS,Shringar House of Mangalsutra Limited,Consumer Cyclical,Luxury Goods,231.1300048828125,False,102.21000000000001,False,True,,,False,,EXIT
BFUTILITIE,BF Utilities Limited,Industrials,Infrastructure Operations,560.1500244140625,False,158.23000000000002,True,False,-28.21,-28.44,False,969.0,EXIT
NIBE,Nibe Limited,Industrials,Conglomerates,1420.9000244140625,False,56.629999999999995,True,True,-15.86,-16.11,False,507.0,HOLD
HPL,HPL Electric & Power Limited,Industrials,Electrical Equipment & Parts,344.3999938964844,False,91.00999999999999,False,False,-44.36,-44.55,False,1700.0,EXIT
HINDOILEXP,Hindustan Oil Exploration Company Limited,Energy,Oil & Gas E&P,157.41000366210938,False,62.74999999999999,False,True,-14.19,-5.78,False,570.0,EXIT
GEOJITFSL,Geojit Financial Services Limited,Financial Services,Capital Markets,78.54000091552734,False,77.85,False,True,3.64,4.14,True,481.0,HOLD
BHARATRAS,Bharat Rasayan Limited,Basic Materials,Agricultural Inputs,1375.300048828125,False,145.72,False,False,-51.49,-52.47,False,1301.0,EXIT
HONDAPOWER,Honda India Power Products Limited,Industrials,Specialty Industrial Machinery,2090.5,False,65.86,False,False,-31.03,-31.25,False,,EXIT
PARACABLES,Paramount Communications Limited,Technology,Communication Equipment,66.05000305175781,False,59.75,False,True,18.53,18.84,True,1555.0,HOLD
VENUSREM,Venus Remedies Limited,Healthcare,Drug Manufacturers - Specialty & Generic,1562.699951171875,False,116.17,True,True,200.23,208.54,True,640.0,HOLD
VENKEYS,Venky's (India) Limited,Consumer Defensive,Farm Products,1565.0999755859375,False,192.31,False,True,4.94,-1.01,False,,EXIT
HESTERBIO,Hester Biosciences Limited,Healthcare,Drug Manufacturers - Specialty & Generic,2458.5,False,136.17000000000002,True,True,9.47,19.05,True,311.0,HOLD
TIRUMALCHM,Thirumalai Chemicals Limited,Basic Materials,Specialty Chemicals,170.0,False,167.91,False,False,-44.25,-45.26,False,2132.0,EXIT
KCP,The KCP Limited,Basic Materials,Building Materials,151.35000610351562,False,197.11,False,False,-29.14,-30.19,False,2846.0,EXIT
KPEL,K.P. Energy Limited,Industrials,Engineering & Construction,304.20001220703125,False,181.39999999999998,True,False,-38.75,-38.96,False,936.0,EXIT
TCIEXP,TCI Express Limited,Industrials,Integrated Freight & Logistics,579.5999755859375,False,81.44,False,True,-17.25,-17.5,False,1254.0,EXIT
BGRENERGY,BGR Energy Systems Limited,Industrials,Engineering & Construction,254.10000610351562,False,1247.16,True,False,122.63,122.07,True,3441.0,HOLD
AEROPLANE,AEROPLANE,Consumer Defensive,Farm Products,196.8000030517578,True,0.0,False,False,,,False,,EXIT
TEAMLEASE,TeamLease Services Limited,Industrials,Staffing & Employment Services,1253.5,False,147.04,True,False,-34.75,-34.96,False,11156.0,EXIT
INDIANHUME,The Indian Hume Pipe Company Limited,Industrials,Engineering & Construction,387.79998779296875,False,141.1,False,True,-8.51,-8.78,False,,EXIT
CANTABIL,Cantabil Retail India Limited,Consumer Cyclical,Apparel Manufacturing,228.10000610351562,False,95.74000000000001,False,False,-18.67,-13.87,False,,EXIT
GMBREW,G.M. Breweries Limited,Consumer Defensive,Beverages - Wineries & Distilleries,907.5,False,159.68,True,False,33.91,27.76,True,748.0,HOLD
UEL,Ujaas Energy Limited,Technology,Solar,245.52000427246094,False,3.93,True,True,112.25,111.98,True,486.0,HOLD
LAOPALA,La Opala RG Limited,Consumer Cyclical,"Furnishings, Fixtures & Appliances",193.7899932861328,False,92.30000000000001,False,False,-39.24,-34.38,False,,EXIT
BAJEL,Bajel Projects Limited,Utilities,Utilities - Regulated Electric,194.33999633789062,False,21.12,True,True,-17.04,-25.53,False,2598.0,HOLD
MUKANDLTD,Mukand Limited,Basic Materials,Steel,143.2899932861328,False,604.15,False,True,7.59,6.44,True,5568.0,HOLD
ARMANFIN,Arman Financial Services Limited,Financial Services,Credit Services,2031.5,False,85.75999999999999,True,True,26.35,26.75,True,,HOLD
STYLEBAAZA,Baazar Style Retail Limited,Consumer Cyclical,Apparel Retail,305.3999938964844,False,98.15,True,False,-4.35,0.42,False,1344.0,EXIT
INDOCO,Indoco Remedies Limited,Healthcare,Drug Manufacturers - Specialty & Generic,221.8300018310547,False,124.35,False,False,-38.5,-28.6,False,1817.0,EXIT
NGLFINE,NGL Fine-Chem Limited,Healthcare,Drug Manufacturers - General,3428.5,True,48.050000000000004,False,True,167.27,175.81,True,368.0,HOLD
DCXINDIA,DCX Systems Limited,Industrials,Aerospace & Defense,181.83999633789062,False,15.829999999999998,False,False,-34.98,-35.19,False,1424.0,EXIT
TINNARUBR,Tinna Rubber and Infrastructure Limited,Basic Materials,Specialty Chemicals,1100.5999755859375,False,61.68000000000001,True,True,17.06,15.89,True,530.0,HOLD
SOMANYCERA,Somany Ceramics Limited,Industrials,Building Products & Equipment,504.0,False,81.19,False,True,-7.3,-7.58,False,2659.0,EXIT
TIL,TIL Limited,Industrials,Farm & Heavy Construction Machinery,252.5,False,30.77,False,True,-25.54,-25.77,False,1472.0,EXIT
SBC,SBC Exports Limited,Industrials,Conglomerates,41.18000030517578,False,34.26,False,True,129.48,128.89,True,231.0,HOLD
GOCLCORP,GOCL Corporation Limited,Basic Materials,Specialty Chemicals,410.54998779296875,False,1522.0,True,True,16.43,15.25,True,1233.0,HOLD
AWFIS,AWFIS,Industrials,Rental & Leasing Services,271.8999938964844,False,70.86,True,False,-56.99,-57.15,False,1208.0,EXIT
JGCHEM,JGCHEM,Basic Materials,Other Industrial Metals & Mining,539.5,True,65.87,False,True,9.8,8.64,True,847.0,HOLD
HGS,Hinduja Global Solutions Limited,Industrials,Specialty Business Services,423.04998779296875,False,87.83000000000001,False,False,-31.24,-31.46,False,4986.0,EXIT
NDRAUTO,NDR Auto Components Limited,Consumer Cyclical,Auto Parts,814.1500244140625,False,62.09,True,True,-25.05,-20.23,False,713.0,HOLD
VIDYAWIRES,VIDYAWIRES,Industrials,Electrical Equipment & Parts,94.86000061035156,False,59.77,False,False,,,False,1481.0,EXIT
INDSWFTLAB,Ind-Swift Laboratories Limited,Healthcare,Drug Manufacturers - Specialty & Generic,226.47999572753906,False,254.91000000000003,False,True,112.44,121.34,True,1673.0,HOLD
MSPL,MSP Steel & Power Limited,Basic Materials,Steel,37.54999923706055,False,183.29,True,True,15.39,14.22,True,2905.0,HOLD
SAKAR,Sakar Healthcare Limited,Healthcare,Drug Manufacturers - Specialty & Generic,919.7000122070312,True,30.479999999999997,True,True,162.81,171.37,True,178.0,ADD
SERVOTECH,Servotech Renewable Power System Limited,Industrials,Electrical Equipment & Parts,85.1500015258789,False,37.459999999999994,True,False,-38.2,-38.41,False,674.0,EXIT
ASIANENE,Asian Energy Services Limited,Energy,Oil & Gas Equipment & Services,391.6499938964844,False,58.75999999999999,True,True,1.5,9.48,True,465.0,HOLD
ALGOQUANT,Algoquant Fintech Limited,Financial Services,Capital Markets,66.1500015258789,True,33.4,True,False,,,False,235.0,EXIT
GOODYEAR,Goodyear India Limited,Consumer Cyclical,Auto Parts,814.9500122070312,False,61.5,False,False,,,False,,EXIT
SCILAL,Shipping Corporation of India Land and Assets Limited,Real Estate,Real Estate Services,41.13999938964844,False,30.5,False,False,-3.69,-20.37,False,18.0,EXIT
RICOAUTO,Rico Auto Industries Limited,Consumer Cyclical,Auto Parts,152.3800048828125,True,50.51,False,True,113.12,117.6,True,2302.0,HOLD
DYCL,Dynamic Cables Limited,Industrials,Electrical Equipment & Parts,405.0,False,89.75,True,True,-5.41,-5.69,False,1025.0,HOLD
HATHWAY,Hathway Cable and Datacom Limited,Communication Services,Entertainment,10.829999923706055,False,88.56,False,False,-11.37,-29.9,False,1307.0,EXIT
MARSONS,Marsons Limited,Industrials,Electrical Equipment & Parts,107.81999969482422,False,46.33,True,False,,,False,168.0,EXIT
EIHAHOTELS,EIH Associated Hotels Limited,Consumer Cyclical,Lodging,310.70001220703125,False,87.16999999999999,True,False,-26.79,-21.97,False,197.0,EXIT
BCG,Brightcom Group Limited,Communication Services,Advertising Agencies,9.239999771118164,False,872.1400000000001,False,False,-26.01,-44.34,False,7397.0,EXIT
SIMPLEXINF,Simplex Infrastructures Limited,Industrials,Engineering & Construction,237.47999572753906,False,40.01,False,False,-21.66,-21.9,False,6202.0,EXIT
INSECTICID,Insecticides (India) Limited,Basic Materials,Agricultural Inputs,650.6500244140625,False,139.42000000000002,False,False,-40.83,-41.84,False,2000.0,EXIT
GRMOVER,GRM Overseas Limited,Consumer Defensive,Packaged Foods,90.08999633789062,False,74.6,False,False,-24.13,-29.88,False,1379.0,EXIT
VIKRAN,VIKRAN,Industrials,Engineering & Construction,71.70999908447266,False,123.81,False,False,,,False,,EXIT
TBZ,Tribhovandas Bhimji Zaveri Limited,Consumer Cyclical,Luxury Goods,271.0,False,202.29999999999998,True,True,16.78,21.49,True,2620.0,HOLD
HINDWAREAP,Hindware Home Innovation Limited,Consumer Cyclical,"Furnishings, Fixtures & Appliances",218.58999633789062,False,56.620000000000005,False,False,-32.56,-27.72,False,2872.0,EXIT
CAPACITE,Capacit'e Infraprojects Limited,Industrials,Engineering & Construction,225.9199981689453,False,191.54,False,False,-28.5,-28.72,False,2350.0,EXIT
NUCLEUS,Nucleus Software Exports Limited,Technology,Software - Application,698.5499877929688,False,105.41,False,False,-35.02,-34.38,False,832.0,EXIT
KRISHNADEF,KRISHNADEF,Industrials,Specialty Industrial Machinery,1176.9000244140625,False,34.230000000000004,True,True,42.39,42.0,True,194.0,HOLD
JINDRILL,Jindal Drilling & Industries Limited,Energy,Oil & Gas Equipment & Services,615.8499755859375,False,277.40000000000003,True,True,-11.09,-2.77,False,828.0,HOLD
JAICORPLTD,Jai Corp Limited,Basic Materials,Specialty Chemicals,103.94999694824219,False,169.26999999999998,True,False,-7.64,-8.75,False,748.0,EXIT
PFS,PTC India Financial Services Limited,Financial Services,Credit Services,28.8700008392334,False,271.46000000000004,False,False,-29.98,-29.33,False,,EXIT
IPL,India Pesticides Limited,Basic Materials,Agricultural Inputs,145.61000061035156,False,119.81,False,False,-37.11,-38.13,False,885.0,EXIT
WINDLAS,Windlas Biotech Limited,Healthcare,Drug Manufacturers - Specialty & Generic,873.75,False,66.45,False,True,-19.27,-9.5,False,760.0,EXIT
CEINSYS,Ceinsys Tech Limited,Industrials,Engineering & Construction,844.5,False,133.42,True,False,,,False,418.0,EXIT
NITTAGELA,Nitta Gelatin India Limited,Basic Materials,Specialty Chemicals,1695.5,False,97.25,False,False,,,False,,EXIT
JAYBARMARU,Jay Bharat Maruti Limited,Consumer Cyclical,Auto Parts,146.64999389648438,False,139.68,True,True,60.06,64.67,True,2344.0,HOLD
STUDDS,STUDDS,Consumer Cyclical,Auto Parts,446.54998779296875,False,78.12,False,False,,,False,584.0,EXIT
BLUSPRING,Bluspring Enterprises Limited,Industrials,Specialty Business Services,115.58999633789062,False,34.05,False,True,34.59,34.23,True,3484.0,HOLD
SHALBY,Shalby Limited,Healthcare,Medical Care Facilities,162.16000366210938,False,37.38,False,False,-35.25,-25.38,False,1087.0,EXIT
MCLOUD,Magellanic Cloud Limited,Technology,Information Technology Services,28.950000762939453,False,114.22999999999999,True,False,-74.28,-73.4,False,600.0,EXIT
SURYODAY,Suryoday Small Finance Bank Limited,Financial Services,Banks - Regional,162.6199951171875,False,196.74,False,True,24.52,24.93,True,,HOLD
GOCOLORS,Go Fashion (India) Limited,Consumer Cyclical,Apparel Retail,327.95001220703125,False,53.41,False,False,-63.85,-58.94,False,190.0,EXIT
HITECH,Hi-Tech Pipes Limited,Basic Materials,Steel,84.98999786376953,False,76.17,True,False,-8.34,-9.45,False,3068.0,EXIT
BFINVEST,BF Investment Limited,Financial Services,Asset Management,472.95001220703125,False,282.01,False,True,-1.6,-1.07,False,1074.0,EXIT
KRSNAA,Krsnaa Diagnostics Limited,Healthcare,Diagnostics & Research,559.9000244140625,False,101.42999999999999,True,False,-47.73,-37.77,False,717.0,EXIT
ACCELYA,Accelya Solutions India Limited,Technology,Information Technology Services,1137.199951171875,False,107.95,False,False,-23.65,-23.07,False,529.0,EXIT
MTNL,Mahanagar Telephone Nigam Limited,Communication Services,Telecom Services,27.690000534057617,False,3107.2500000000005,False,False,-23.83,-42.18,False,3398.0,EXIT
SMCGLOBAL,SMC Global Securities Limited,Financial Services,Capital Markets,80.5999984741211,False,81.36,False,True,10.31,10.78,True,1778.0,HOLD
AURUM,Aurum PropTech Limited,Real Estate,Real Estate Services,222.47999572753906,False,16.349999999999998,False,True,33.58,16.42,True,988.0,HOLD
DELTACORP,Delta Corp Limited,Consumer Cyclical,Resorts & Casinos,63.45000076293945,False,224.75,False,False,-32.83,-27.99,False,964.0,EXIT
MBEL,MBEL,Industrials,Engineering & Construction,288.25,False,92.64,False,False,-33.94,-34.15,False,909.0,EXIT
TARSONS,Tarsons Products Limited,Healthcare,Medical Instruments & Supplies,317.5,False,14.319999999999999,False,True,-26.53,-16.71,False,392.0,EXIT
YATRA,Yatra Online Limited,Consumer Cyclical,Travel Services,110.20999908447266,False,46.82,True,False,5.18,9.92,True,845.0,HOLD
SUMMITSEC,Summit Securities Limited,Financial Services,Capital Markets,1511.0999755859375,False,65.09,False,False,-30.64,-29.98,False,141.0,EXIT
MAHASTEEL,Mahamaya Steel Industries Limited,Basic Materials,Steel,1024.0999755859375,True,9.6,True,True,181.19,179.55,True,802.0,ADD
VIDHIING,Vidhi Specialty Food Ingredients Limited,Basic Materials,Specialty Chemicals,322.04998779296875,False,53.25000000000001,False,True,-21.45,-22.52,False,537.0,EXIT
WENDT,Wendt (India) Limited,Industrials,Tools & Accessories,8063.5,False,18.03,False,True,-21.2,-21.44,False,234.0,EXIT
5PAISA,5paisa Capital Limited,Financial Services,Capital Markets,366.1000061035156,False,46.28,False,True,-8.11,-7.55,False,395.0,EXIT
SOLARWORLD,SOLARWORLD,Technology,Solar,169.1300048828125,False,117.00999999999999,False,False,,,False,545.0,EXIT
ASIANTILES,Asian Granito India Limited,Industrials,Building Products & Equipment,55.97999954223633,False,75.72,False,False,-6.56,-6.84,False,1564.0,EXIT
JISLDVREQS,Jain Irrigation Systems Limited,Industrials,Conglomerates,23.149999618530273,False,96.71,False,False,-18.95,-19.2,False,,EXIT
INFOBEAN,InfoBeans Technologies Limited,Technology,Software - Application,167.77000427246094,False,62.35,False,False,15.05,15.38,True,395.0,EXIT
MOTISONS,MOTISONS,Consumer Cyclical,Luxury Goods,13.869999885559082,False,63.7,False,False,-38.26,-33.41,False,,EXIT
MOBIKWIK,MOBIKWIK,Technology,Software - Infrastructure,204.42999267578125,False,78.97,True,False,-18.0,-17.46,False,1170.0,EXIT
SPMLINFRA,SPML Infra Limited,Industrials,Engineering & Construction,194.6999969482422,False,74.67999999999999,False,True,-35.97,-36.18,False,1701.0,EXIT
GARUDA,GARUDA,Industrials,Engineering & Construction,182.4499969482422,False,113.39,True,False,0.51,0.22,True,226.0,HOLD
DLINKINDIA,D-Link (India) Limited,Technology,Communication Equipment,443.29998779296875,False,104.05999999999999,False,True,-18.9,-18.36,False,1384.0,EXIT
WEL,Wonder Electricals Limited,Consumer Cyclical,"Furnishings, Fixtures & Appliances",120.30000305175781,False,9.12,False,False,-34.1,-29.26,False,894.0,EXIT
OMAXE,Omaxe Limited,Real Estate,Real Estate - Development,87.3499984741211,False,696.86,True,True,5.88,-10.91,False,1839.0,HOLD
GTLINFRA,GTL Infrastructure Limited,Technology,Communication Equipment,1.2300000190734863,False,1631.05,True,False,-24.88,-24.3,False,1398.0,EXIT
WALCHANNAG,Walchandnagar Industries Limited,Industrials,Engineering & Construction,231.82000732421875,False,29.89,False,True,21.71,21.37,True,,HOLD
DOLPHIN,Dolphin Offshore Enterprises (India) Limited,Energy,Oil & Gas Equipment & Services,405.75,False,72.02,True,True,-10.89,-2.57,False,340.0,HOLD
DSSL,Dynacons Systems & Solutions Limited,Technology,Information Technology Services,1239.4000244140625,False,84.69000000000001,True,True,21.36,21.65,True,1267.0,HOLD
SHANTIGOLD,SHANTIGOLD,Consumer Cyclical,Luxury Goods,218.64999389648438,False,145.06,False,True,-10.99,-6.21,False,1106.0,EXIT
VOEPL,Virtuoso Optoelectronics Limited,Technology,Consumer Electronics,508.70001220703125,True,22.79,False,False,,,False,,EXIT
PAUSHAKLTD,Paushak Limited,Basic Materials,Specialty Chemicals,691.7000122070312,False,39.32,False,False,,,False,,EXIT
IKIO,IKIO Technologies Limited,Technology,Electronic Components,201.64999389648438,False,38.09,False,True,0.63,1.05,True,486.0,HOLD
NAVKARCORP,Navkar Corporation Limited,Industrials,Integrated Freight & Logistics,100.9000015258789,False,38.07,False,True,-21.09,-21.33,False,371.0,EXIT
SESHAPAPER,Seshasayee Paper and Boards Limited,Basic Materials,Paper & Paper Products,233.0500030517578,False,92.03,False,False,-17.15,-18.23,False,2083.0,EXIT
ASALCBR,Associated Alcohols & Breweries Limited,Consumer Defensive,Beverages - Wineries & Distilleries,767.25,False,82.64,False,False,-24.75,-30.5,False,1075.0,EXIT
JAGSNPHARM,Jagsonpal Pharmaceuticals Limited,Healthcare,Drug Manufacturers - Specialty & Generic,238.0500030517578,False,45.47,False,True,-26.09,-16.28,False,269.0,EXIT
PNBGILTS,PNB Gilts Ltd.,Financial Services,Capital Markets,82.0,False,369.7,False,True,-27.14,-26.5,False,,EXIT
SIGNPOST,Signpost India Limited,Communication Services,Advertising Agencies,268.1000061035156,False,70.12,True,True,40.36,21.15,True,453.0,HOLD
ARFIN,Arfin India Limited,Basic Materials,Aluminum,86.9800033569336,False,15.44,False,True,130.76,129.26,True,616.0,HOLD
DIGITIDE,Digitide Solutions Limited,Industrials,Specialty Business Services,99.0,False,23.97,False,False,-56.49,-56.65,False,3269.0,EXIT
ONEPOINT,One Point One Solutions Limited,Industrials,Specialty Business Services,57.099998474121094,False,37.550000000000004,False,True,16.72,16.39,True,256.0,HOLD
IFGLEXPOR,IFGL Refractories Limited,Basic Materials,Building Materials,225.4499969482422,False,40.86,False,True,-8.49,-9.59,False,1653.0,EXIT
GPTINFRA,GPT Infraprojects Limited,Industrials,Engineering & Construction,117.98999786376953,False,97.31,True,True,-14.06,-14.32,False,1188.0,HOLD
DOLLAR,Dollar Industries Limited,Consumer Cyclical,Apparel Manufacturing,281.8999938964844,False,107.43,False,False,-32.44,-27.6,False,1710.0,EXIT
IVALUE,iValue Infosolutions Limited,Technology,Information Technology Services,274.3999938964844,False,103.66,False,True,,,False,1296.0,EXIT
SDBL,Som Distilleries & Breweries Limited,Consumer Defensive,Beverages - Brewers,74.11000061035156,False,121.55,True,False,-50.87,-56.45,False,1443.0,EXIT
CNL,Creative Newtech Limited,Technology,Electronics & Computer Distribution,1089.449951171875,True,69.0,True,True,69.46,69.46,True,1783.0,ADD
RACLGEAR,RACL Geartech Limited,Consumer Cyclical,Auto Parts,1475.0,False,48.949999999999996,True,True,46.4,51.04,True,415.0,HOLD
AMRUTANJAN,Amrutanjan Health Care Limited,Healthcare,Drug Manufacturers - Specialty & Generic,520.0,False,57.910000000000004,False,False,-36.34,-26.46,False,177.0,EXIT
IZMO,IZMO Limited,Technology,Software - Application,1023.0,False,47.56,False,True,180.16,179.48,True,225.0,HOLD
AYMSYNTEX,AYM Syntex Limited,Consumer Cyclical,Textile Manufacturing,251.64999389648438,False,14.450000000000001,True,True,13.47,18.2,True,1489.0,HOLD
INDORAMA,Indo Rama Synthetics (India) Limited,Consumer Cyclical,Textile Manufacturing,60.369998931884766,False,161.20000000000002,False,True,8.99,13.73,True,4259.0,HOLD
ONIDA,Onida Electronics Limited,Consumer Cyclical,"Furnishings, Fixtures & Appliances",36.97999954223633,False,74.74,False,True,102.84,107.35,True,,HOLD
ASTEC,Astec LifeSciences Limited,Basic Materials,Agricultural Inputs,620.3499755859375,False,72.59,False,False,-30.7,-31.74,False,677.0,EXIT
MACPOWER,Macpower CNC Machines Limited,Industrials,Specialty Industrial Machinery,1581.0,True,33.88,False,True,70.03,69.58,True,,HOLD
UGROCAP,UGRO Capital Limited,Financial Services,Credit Services,96.16000366210938,False,174.82,False,False,-47.68,-46.95,False,,EXIT
NINSYS,NINtec Systems Limited,Technology,Information Technology Services,734.9000244140625,False,32.010000000000005,True,True,68.24,68.25,True,140.0,HOLD
TEXINFRA,Texmaco Infrastructure & Holdings Limited,Real Estate,Real Estate Services,113.4800033569336,False,10.940000000000001,False,True,28.78,11.69,True,24.0,HOLD
IGPL,I G Petrochemicals Limited,Basic Materials,Chemicals,503.0,False,53.92,False,True,4.71,3.57,True,2352.0,HOLD
ALLTIME,ALLTIME,Consumer Defensive,Household & Personal Products,217.82000732421875,False,35.41,False,False,,,False,558.0,EXIT
TTKHLTCARE,TTK Healthcare Limited,Healthcare,Drug Manufacturers - General,1094.0999755859375,False,61.44,False,True,-16.76,-7.01,False,,EXIT
KAPSTON,Kapston Services Limited,Industrials,Specialty Business Services,515.5,True,28.139999999999997,True,True,102.77,102.25,True,689.0,ADD
SULA,Sula Vineyards Limited,Consumer Defensive,Beverages - Wineries & Distilleries,167.5399932861328,False,25.65,False,False,-38.86,-44.52,False,579.0,EXIT
SHRIRAMPPS,Shriram Properties Limited,Real Estate,Real Estate - Development,84.91999816894531,False,114.56,False,True,6.34,-10.47,False,865.0,EXIT
STEELXIND,Steel Exchange India Limited,Basic Materials,Steel,11.449999809265137,False,31.79,False,True,1.39,0.26,True,506.0,HOLD
ATULAUTO,Atul Auto Limited,Consumer Cyclical,Auto Manufacturers,579.5499877929688,False,42.260000000000005,False,True,21.19,25.9,True,667.0,HOLD
DIFFNKG,DIFFNKG,Industrials,Specialty Industrial Machinery,443.8999938964844,False,50.31999999999999,False,True,31.9,31.54,True,335.0,HOLD
IGARASHI,Igarashi Motors India Limited,Consumer Cyclical,Auto Parts,493.79998779296875,False,12.139999999999999,False,True,-30.34,-25.51,False,176.0,EXIT
CLSEL,Chaman Lal Setia Exports Ltd.,Consumer Defensive,Packaged Foods,294.1499938964844,False,114.77,False,True,0.71,-5.21,False,,EXIT
PUNJABCHEM,Punjab Chemicals and Crop Protection Limited,Basic Materials,Chemicals,1110.5999755859375,False,63.959999999999994,False,False,-21.14,-22.21,False,1006.0,EXIT
BOROSCI,Borosil Scientific Limited,Consumer Cyclical,Packaging & Containers,138.9199981689453,False,42.94,True,True,-21.82,-17.01,False,434.0,HOLD
GALAPREC,GALAPREC,Industrials,Specialty Industrial Machinery,1162.199951171875,False,35.480000000000004,False,True,35.98,35.61,True,238.0,HOLD
GPTHEALTH,GPT Healthcare Limited,Healthcare,Medical Care Facilities,165.02999877929688,False,42.22,False,True,-21.98,-12.19,False,337.0,EXIT
BHARATSE,Bharat Seats Limited,Consumer Cyclical,Auto Parts,223.47000122070312,False,42.23,True,True,96.29,100.82,True,1289.0,HOLD
JAGRAN,Jagran Prakashan Limited,Communication Services,Publishing,62.779998779296875,False,196.96999999999997,False,False,0.72,-17.96,False,2363.0,EXIT
QUADFUTURE,QUADFUTURE,Industrials,Railroads,378.0,False,45.230000000000004,False,True,-9.29,-9.56,False,,EXIT
KABRAEXTRU,Kabra Extrusiontechnik Limited,Industrials,Specialty Industrial Machinery,477.6000061035156,False,13.950000000000001,False,True,81.37,80.9,True,670.0,HOLD
UDS,Updater Services Limited,Industrials,Specialty Business Services,210.57000732421875,False,86.81,False,True,-26.58,-26.81,False,2736.0,EXIT
MOL,Meghmani Organics Limited,Basic Materials,Agricultural Inputs,52.279998779296875,False,71.3,False,False,-43.35,-44.36,False,2557.0,EXIT
DCW,DCW Limited,Basic Materials,Chemicals,46.689998626708984,False,48.18,False,False,-40.17,-41.19,False,1327.0,EXIT
SUMEETINDS,Sumeet Industries Limited,Consumer Cyclical,Textile Manufacturing,18.18000030517578,False,34.379999999999995,False,False,-36.81,-31.97,False,1406.0,EXIT
PNGSREVA,PNGSREVA,Consumer Cyclical,Luxury Goods,499.29998779296875,True,68.75,False,False,,,False,,EXIT
SPIC,Southern Petrochemical Industries Corporation Limited,Basic Materials,Agricultural Inputs,68.27999877929688,False,211.49,False,False,-26.87,-27.93,False,3086.0,EXIT
IMPAL,India Motor Parts & Accessories Limited,Consumer Cyclical,Auto Parts,1096.9000244140625,False,92.75,True,True,-3.06,1.7,False,741.0,HOLD
BHARATWIRE,Bharat Wire Ropes Limited,Basic Materials,Steel,205.77999877929688,False,72.45,False,True,14.61,13.44,True,622.0,HOLD
AEROENTER,Aeroflex Enterprises Limited,Basic Materials,Steel,130.32000732421875,False,64.23,False,True,28.3,27.09,True,578.0,HOLD
PASHUPATI,Pashupati Cotspin Limited,Consumer Cyclical,Textile Manufacturing,85.06999969482422,False,10.39,False,False,13.88,18.6,True,661.0,EXIT
GODAVARIB,GODAVARIB,Basic Materials,Chemicals,255.35000610351562,False,118.74,True,False,-17.98,-19.06,False,2015.0,EXIT
CENTENKA,Century Enka Limited,Consumer Cyclical,Textile Manufacturing,602.7000122070312,False,147.16,True,True,12.3,17.03,True,2072.0,HOLD
PRECAM,Precision Camshafts Limited,Consumer Cyclical,Auto Parts,144.47999572753906,False,51.25000000000001,False,False,-26.48,-21.66,False,1080.0,EXIT
CAPITALSFB,Capital Small Finance Bank Limited,Financial Services,Banks - Regional,295.8500061035156,False,147.79999999999998,False,True,-8.96,-8.4,False,,EXIT
FINOPB,Fino Payments Bank Limited,Financial Services,Banks - Regional,159.67999267578125,False,67.31,False,False,-40.91,-40.21,False,,EXIT
UNIENTER,Uniphos Enterprises Limited,Basic Materials,Chemicals,97.37000274658203,False,25.61,False,False,-42.33,-43.34,False,,EXIT
SKMEGGPROD,SKM Egg Products Export (India) Limited,Consumer Defensive,Packaged Foods,237.19000244140625,False,86.57,False,True,52.39,46.12,True,701.0,HOLD
KALAMANDIR,Sai Silks (Kalamandir) Limited,Consumer Cyclical,Apparel Retail,88.18000030517578,False,126.49000000000001,False,False,-58.59,-53.69,False,1462.0,EXIT
SURAKSHA,SURAKSHA,Healthcare,Diagnostics & Research,250.75,False,32.19,False,False,-28.12,-18.3,False,252.0,EXIT
ICEMAKE,Ice Make Refrigeration Limited,Industrials,Specialty Industrial Machinery,828.0999755859375,False,15.03,False,True,4.72,4.42,True,480.0,HOLD
NIITLTD,NIIT Limited,Consumer Defensive,Education & Training Services,98.08999633789062,False,20.84,False,True,-16.03,-21.84,False,513.0,EXIT
DEN,DEN Networks Limited,Communication Services,Entertainment,27.360000610351562,False,130.61,False,False,-12.07,-30.58,False,1307.0,EXIT
FAZE3Q,Faze Three Limited,Consumer Cyclical,Textile Manufacturing,540.5999755859375,False,43.97,False,True,-11.57,-6.79,False,690.0,EXIT
RATNAVEER,Ratnaveer Precision Engineering Limited,Basic Materials,Steel,205.61000061035156,False,67.59,False,True,44.11,42.85,True,,HOLD
JYOTISTRUC,Jyoti Structures Limited,Industrials,Specialty Industrial Machinery,11.710000038146973,False,56.03,False,True,-32.45,-32.67,False,3636.0,EXIT
BUTTERFLY,Butterfly Gandhimathi Appliances Limited,Consumer Cyclical,"Furnishings, Fixtures & Appliances",681.6500244140625,False,45.64,False,True,-18.23,-13.42,False,,EXIT
ELECTHERM,Electrotherm (India) Limited,Basic Materials,Steel,1007.7000122070312,False,98.42,False,True,21.64,20.45,True,4272.0,HOLD
SHREEPUSHK,Shree Pushkar Chemicals & Fertilisers Limited,Basic Materials,Specialty Chemicals,424.75,False,70.1,True,True,18.64,17.45,True,806.0,HOLD
RUPA,Rupa & Company Limited,Consumer Cyclical,Apparel Manufacturing,167.6199951171875,False,72.49,False,True,-27.35,-22.53,False,1430.0,EXIT
PLATIND,Platinum Industries Limited,Basic Materials,Specialty Chemicals,226.13999938964844,False,0.0,False,False,-20.8,-21.87,False,392.0,EXIT
ASIANHOTNR,Asian Hotels (North) Limited,Consumer Cyclical,Lodging,316.0,False,164.85000000000002,True,True,5.5,10.24,True,354.0,HOLD
MANAKCOAT,Manaksia Coated Metals & Industries Limited,Industrials,Metal Fabrication,113.87000274658203,False,26.729999999999997,True,False,-27.95,-28.17,False,782.0,EXIT
WAAREEINDO,Indosolar Limited,Technology,Solar,344.79998779296875,False,236.88,False,False,-4.63,-4.18,False,,EXIT
ROTO,Roto Pumps Limited,Industrials,Specialty Industrial Machinery,69.30999755859375,False,24.770000000000003,False,True,-22.8,-23.04,False,298.0,EXIT
DHANBANK,Dhanlaxmi Bank Limited,Financial Services,Banks - Regional,32.7400016784668,False,104.46000000000001,False,True,16.35,16.8,True,,HOLD
KROSS,KROSS,Consumer Cyclical,Auto Parts,200.08999633789062,False,57.81999999999999,False,True,9.19,13.93,True,,HOLD
RGL,Renaissance Global Limited,Consumer Cyclical,Luxury Goods,122.4800033569336,False,65.47,False,True,-0.28,4.47,False,2591.0,EXIT
RUBYMILLS,The Ruby Mills Limited,Consumer Cyclical,Textile Manufacturing,364.8999938964844,False,43.56,False,True,44.82,49.47,True,260.0,HOLD
EXPLEOSOL,Expleo Solutions Limited,Technology,Information Technology Services,821.0499877929688,False,123.98,False,False,-33.9,-33.27,False,1025.0,EXIT
ARIHANT,Arihant Foundations & Housing Limited,Real Estate,Real Estate - Development,1130.4000244140625,True,60.63,False,False,,,False,,EXIT
EXCELINDUS,Excel Industries Limited,Basic Materials,Specialty Chemicals,1029.550048828125,False,75.66999999999999,False,True,-23.3,-24.36,False,1178.0,EXIT
ALLDIGI,Alldigi Tech Limited,Industrials,Specialty Business Services,808.7999877929688,False,82.73,False,False,-28.62,-28.84,False,546.0,EXIT
SYNCOMF,Syncom Formulations (India) Limited,Healthcare,Drug Manufacturers - Specialty & Generic,13.180000305175781,False,76.43,True,False,-41.13,-31.22,False,463.0,EXIT
BLKASHYAP,B.L. Kashyap and Sons Limited,Industrials,Engineering & Construction,55.970001220703125,False,43.82,False,True,-25.3,-25.53,False,1349.0,EXIT
GULPOLY,Gulshan Polyols Limited,Basic Materials,Chemicals,207.2100067138672,False,107.33,True,True,16.21,15.03,True,2020.0,HOLD
OAL,Oriental Aromatics Limited,Basic Materials,Specialty Chemicals,380.95001220703125,False,7.15,False,True,3.35,2.22,True,935.0,HOLD
GYFTR,Gyftr Limited,Industrials,Specialty Business Services,159.39999389648438,False,21.81,False,False,,,False,,EXIT
BHAGYANGR,Bhagyanagar India Limited,Basic Materials,Copper,382.04998779296875,False,59.15,True,True,326.93,324.87,True,1847.0,HOLD
ANDHRAPAP,Andhra Paper Limited,Basic Materials,Paper & Paper Products,60.68000030517578,False,59.14,False,False,-24.12,-25.18,False,,EXIT
AWHCL,Antony Waste Handling Cell Limited,Industrials,Waste Management,426.20001220703125,False,75.45,False,False,-32.79,-33.01,False,934.0,EXIT
HARIOMPIPE,Hariom Pipe Industries Limited,Basic Materials,Steel,396.70001220703125,False,75.69999999999999,True,True,-10.29,-11.39,False,1604.0,HOLD
INDOBORAX,Indo Borax & Chemicals Limited,Basic Materials,Chemicals,410.25,False,50.260000000000005,True,True,38.58,37.34,True,225.0,HOLD
ALLCARGO,Allcargo Logistics Limited,Industrials,Integrated Freight & Logistics,9.760000228881836,False,123.92,False,False,-76.5,-76.62,False,19062.0,EXIT
AGL,AGL,Industrials,Integrated Freight & Logistics,14.460000038146973,False,0.0,False,False,,,False,,EXIT
DOLATALGO,Dolat Algotech Limited,Financial Services,Capital Markets,67.33999633789062,False,128.93,False,False,-26.97,-26.33,False,530.0,EXIT
EKC,Everest Kanto Cylinder Limited,Industrials,Specialty Industrial Machinery,111.6500015258789,False,146.85000000000002,False,False,-19.05,-19.3,False,1699.0,EXIT
ORIENTTECH,ORIENTTECH,Technology,Information Technology Services,259.6000061035156,False,43.830000000000005,False,False,-13.78,-13.26,False,840.0,EXIT
STLNETWORK,STLNETWORK,Communication Services,Telecom Services,24.709999084472656,False,98.57,False,True,,,False,1180.0,EXIT
MENONBE,Menon Bearings Limited,Consumer Cyclical,Auto Parts,231.0,True,45.57,True,True,69.28,73.87,True,243.0,ADD
RSL,RSL,Basic Materials,Steel,153.25999450683594,True,21.369999999999997,False,False,,,False,,EXIT
GCSL,Gretex Corporate Services Limited,Financial Services,Capital Markets,529.6500244140625,True,18.69,False,True,,,False,262.0,EXIT
RAJRILTD,Raj Rayon Industries Limited,Consumer Cyclical,Textile Manufacturing,21.6299991607666,False,33.989999999999995,False,False,-30.03,-25.2,False,,EXIT
LAXMIDENTL,LAXMIDENTL,Healthcare,Medical Instruments & Supplies,218.5800018310547,False,28.98,False,False,-61.47,-51.42,False,239.0,EXIT
GREENPOWER,Orient Green Power Company Limited,Utilities,Utilities - Independent Power Producers,9.930000305175781,False,147.47,True,False,-21.95,-30.31,False,413.0,EXIT
APEX,Apex Frozen Foods Limited,Consumer Defensive,Farm Products,375.1499938964844,False,38.85,False,True,67.2,60.84,True,,HOLD
LINCOLN,Lincoln Pharmaceuticals Limited,Healthcare,Drug Manufacturers - Specialty & Generic,606.2000122070312,False,87.89000000000001,False,True,-0.2,9.44,False,623.0,EXIT
SEPC,SEPC Limited,Industrials,Engineering & Construction,6.539999961853027,False,53.540000000000006,True,False,-48.18,-48.36,False,1208.0,EXIT
SRM,SRM,Industrials,Engineering & Construction,529.0499877929688,False,111.02,False,True,11.74,11.42,True,528.0,HOLD
GENESYS,Genesys International Corporation Limited,Technology,Software - Application,229.0,False,32.57,False,False,-64.65,-63.82,False,284.0,EXIT
BAJAJHCARE,Bajaj HealthCare Limited,Healthcare,Drug Manufacturers - Specialty & Generic,329.20001220703125,False,64.05,False,False,-42.4,-32.48,False,,EXIT
ARIHANTSUP,Arihant Superstructures Limited,Real Estate,Real Estate - Development,267.29998779296875,False,32.58,False,False,-24.24,-40.65,False,510.0,EXIT
ULTRAMAR,Ultramarine & Pigments Limited,Basic Materials,Specialty Chemicals,389.3999938964844,False,80.79,False,False,,,False,,EXIT
CENTRUM,Centrum Capital Limited,Financial Services,Financial Conglomerates,24.649999618530273,False,165.4,True,False,-40.98,-40.28,False,9895.0,EXIT
RIIL,Reliance Industrial Infrastructure Limited,Industrials,Engineering & Construction,761.2000122070312,False,12.17,False,False,-14.31,-14.57,False,102.0,EXIT
UNITECH,Unitech Limited,Real Estate,Real Estate - Diversified,4.139999866485596,False,2455.74,True,False,-29.02,-45.38,False,3431.0,EXIT
GRPLTD,GRP Limited,Consumer Cyclical,Auto Parts,2042.199951171875,False,8.35,False,True,-19.53,-14.72,False,550.0,EXIT
MANALIPETC,Manali Petrochemicals Limited,Basic Materials,Specialty Chemicals,65.54000091552734,False,129.96,False,True,-0.48,-1.61,False,1672.0,EXIT
ANDHRSUGAR,The Andhra Sugars Limited,Basic Materials,Chemicals,87.12000274658203,False,83.22,False,True,10.79,9.63,True,2368.0,HOLD
ALICON,Alicon Castalloy Limited,Industrials,Metal Fabrication,737.9000244140625,False,34.440000000000005,False,False,-16.67,-16.92,False,1526.0,EXIT
AMNPLST,Amines & Plasticizers Limited,Basic Materials,Chemicals,195.42999267578125,False,36.53,False,True,-11.53,-12.63,False,661.0,EXIT
JINDALPHOT,Jindal Photo Limited,Financial Services,Asset Management,1063.5999755859375,False,222.42,False,False,20.14,20.57,True,1412.0,EXIT
ARROWGREEN,Arrow Greentech Limited,Consumer Cyclical,Packaging & Containers,746.0999755859375,False,47.35,False,True,-11.84,-7.05,False,243.0,EXIT
AVTNPL,AVT Natural Products Limited,Basic Materials,Specialty Chemicals,71.58999633789062,False,64.8,False,True,-5.15,-6.27,False,582.0,EXIT
GHCLTEXTIL,GHCL Textiles Limited,Consumer Cyclical,Textile Manufacturing,120.0,True,70.37,False,True,36.1,40.77,True,,HOLD
VHL,Vardhman Holdings Limited,Financial Services,Credit Services,3579.0,False,216.02999999999997,False,True,-13.42,-12.84,False,70.0,EXIT
BCLIND,BCL Industries Limited,Consumer Defensive,Beverages - Wineries & Distilleries,36.75,False,114.97999999999999,True,True,-15.47,-21.28,False,2815.0,HOLD
MONTECARLO,Monte Carlo Fashions Limited,Consumer Cyclical,Apparel Manufacturing,498.95001220703125,False,144.6,True,False,-21.91,-17.1,False,1118.0,EXIT
DAMCAPITAL,DAMCAPITAL,Financial Services,Capital Markets,154.44000244140625,False,72.69,False,False,-31.34,-30.68,False,250.0,EXIT
HITECHGEAR,The Hi-Tech Gears Limited,Consumer Cyclical,Auto Parts,566.75,False,20.979999999999997,False,False,-28.54,-23.71,False,1169.0,EXIT
JPOLYINVST,Jindal Poly Investment and Finance Company Limited,Financial Services,Asset Management,1065.800048828125,False,857.5099999999999,True,False,36.03,36.39,True,3125.0,HOLD
MADRASFERT,Madras Fertilizers Limited,Basic Materials,Agricultural Inputs,67.08000183105469,False,80.42,False,False,-30.65,-31.7,False,,EXIT
SHREDIGCEM,Shree Digvijay Cement Company Limited,Basic Materials,Building Materials,72.22000122070312,False,35.53,False,False,-15.34,-16.42,False,792.0,EXIT
MWL,MWL,Basic Materials,Steel,43.040000915527344,True,51.89,False,True,127.58,126.09,True,1060.0,HOLD
GANDHITUBE,Gandhi Special Tubes Limited,Industrials,Metal Fabrication,893.1500244140625,False,68.36,True,True,15.14,14.81,True,173.0,HOLD
CREST,Crest Ventures Limited,Financial Services,Financial Conglomerates,378.8999938964844,False,48.51,False,True,-4.33,-3.8,False,,EXIT
STEL,STEL Holdings Limited,Financial Services,Asset Management,564.0999755859375,False,11.99,False,True,33.66,34.03,True,22.0,HOLD
NELCAST,Nelcast Limited,Industrials,Metal Fabrication,124.5999984741211,False,48.81,False,True,-30.72,-30.94,False,1267.0,EXIT
IRMENERGY,IRM Energy Limited,Utilities,Utilities - Regulated Gas,293.0,False,53.220000000000006,False,True,14.32,4.99,True,980.0,HOLD
ARIS,Arisinfra Solutions Limited,Industrials,Engineering & Construction,132.02999877929688,False,52.72,True,True,-14.64,-14.9,False,768.0,HOLD
TNPL,Tamil Nadu Newsprint and Papers Limited,Basic Materials,Paper & Paper Products,157.14999389648438,False,276.6,False,True,-5.18,-6.3,False,,EXIT
JARO,JARO,Consumer Defensive,Education & Training Services,453.6499938964844,False,50.44,False,False,,,False,199.0,EXIT
SALZERELEC,Salzer Electronics Limited,Industrials,Electrical Equipment & Parts,616.0,False,52.94,True,False,-31.74,-31.96,False,1418.0,EXIT
LGHL,LGHL,Consumer Cyclical,Luxury Goods,201.8300018310547,False,10.83,True,False,-43.02,-38.16,False,202.0,EXIT
HMAAGRO,HMA Agro Industries Limited,Consumer Defensive,Packaged Foods,20.920000076293945,False,164.75,False,False,-31.26,-36.96,False,4862.0,EXIT
EIMCOELECO,Eimco Elecon (India) Limited,Industrials,Farm & Heavy Construction Machinery,1811.699951171875,False,48.74000000000001,True,True,-28.01,-28.24,False,228.0,HOLD
WANBURY,Wanbury Limited,Healthcare,Drug Manufacturers - Specialty & Generic,274.25,False,66.13,False,True,-6.83,2.86,False,661.0,EXIT
AFSL,Abans Financial Services Limited,Financial Services,Capital Markets,201.25,False,104.07000000000001,False,False,-13.96,-13.38,False,4377.0,EXIT
SALASAR,Salasar Techno Engineering Limited,Basic Materials,Steel,5.889999866485596,False,42.199999999999996,False,False,-19.71,-20.78,False,1447.0,EXIT
BALAJITELE,Balaji Telefilms Limited,Communication Services,Entertainment,85.54000091552734,False,49.089999999999996,False,False,-0.06,-18.73,False,625.0,EXIT
SUYOG,Suyog Telematics Limited,Communication Services,Telecom Services,862.5499877929688,False,63.06,False,True,23.89,4.9,True,193.0,HOLD
NAHARSPING,Nahar Spinning Mills Limited,Consumer Cyclical,Textile Manufacturing,309.79998779296875,False,56.940000000000005,False,True,30.11,34.8,True,,HOLD
MUNJALAU,Munjal Auto Industries Limited,Consumer Cyclical,Auto Parts,103.66000366210938,False,40.74,False,True,34.19,38.87,True,2123.0,HOLD
RSWM,RSWM Limited,Consumer Cyclical,Textile Manufacturing,213.38999938964844,False,52.02,False,True,28.28,32.97,True,4826.0,HOLD
MASTERTR,Master Trust Limited,Financial Services,Capital Markets,80.13999938964844,False,126.08999999999999,False,False,-55.68,-54.91,False,584.0,EXIT
AVADHSUGAR,Avadh Sugar & Energy Limited,Consumer Defensive,Confectioners,602.9000244140625,False,87.31,False,True,41.6,35.41,True,,HOLD
KRISHIVAL,KRISHIVAL,Consumer Defensive,Packaged Foods,390.1000061035156,False,21.48,True,True,4.46,-1.49,False,202.0,HOLD
BIRLANU,BirlaNu Limited,Industrials,Building Products & Equipment,1538.699951171875,False,119.52,False,True,-25.73,-25.97,False,3615.0,EXIT
FAIRCHEMOR,Fairchem Organics Limited,Basic Materials,Specialty Chemicals,765.25,False,14.569999999999999,False,True,-14.2,-15.28,False,,EXIT
GKSL,GKSL,Healthcare,Medical Care Facilities,133.9499969482422,False,17.060000000000002,False,False,,,False,40.24,EXIT
GEMAROMA,GEMAROMA,Basic Materials,Chemicals,182.8699951171875,False,36.18,False,True,,,False,504.0,EXIT
GAUDIUMIVF,GAUDIUMIVF,Healthcare,Medical Care Facilities,133.6199951171875,False,21.849999999999998,False,False,,,False,71.0,EXIT
MAMATA,MAMATA,Industrials,Specialty Industrial Machinery,425.1000061035156,False,15.06,False,True,-13.05,-13.31,False,255.0,EXIT
HIMATSEIDE,Himatsingka Seide Limited,Consumer Cyclical,Textile Manufacturing,79.52999877929688,False,61.97,False,False,-46.02,-41.16,False,3184.0,EXIT
BIL,Bhartiya International Ltd.,Consumer Cyclical,Footwear & Accessories,809.9000244140625,False,30.990000000000002,False,True,-11.85,-7.07,False,1029.0,EXIT
SIGACHI,Sigachi Industries Limited,Healthcare,Drug Manufacturers - Specialty & Generic,25.799999237060547,False,121.52999999999999,False,False,-39.94,-30.04,False,488.0,EXIT
WEALTH,Wealth First Portfolio Managers Limited,Financial Services,Capital Markets,925.9500122070312,False,38.67,False,False,-29.81,-29.16,False,331.0,EXIT
ZUARI,Zuari Agro Chemicals Limited,Basic Materials,Agricultural Inputs,226.69000244140625,False,969.86,True,False,-41.23,-42.24,False,8103.0,EXIT
SOLEX,SOLEX,Technology,Solar,914.5,False,86.16,True,False,-34.38,-33.74,False,662.0,EXIT
AMBIKCO,Ambika Cotton Mills Limited,Consumer Cyclical,Textile Manufacturing,1826.0,False,71.56,False,True,13.14,17.86,True,,HOLD
HEALTHX,Health X Platform Limited,Healthcare,Pharmaceutical Retailers,308.8999938964844,False,48.900000000000006,False,True,0.21,9.85,True,,HOLD
THEMISMED,Themis Medicare Limited,Healthcare,Drug Manufacturers - Specialty & Generic,112.77999877929688,False,36.82,False,True,-15.07,-5.33,False,406.0,EXIT
YUKEN,Yuken India Limited,Industrials,Specialty Industrial Machinery,803.4000244140625,False,15.489999999999998,False,True,-25.67,-25.9,False,457.0,EXIT
GKWLIMITED,GKW Limited,Industrials,Specialty Business Services,1629.699951171875,False,40.09,True,False,-4.52,-4.8,False,117.78,EXIT
PRECOT,Precot Limited,Consumer Cyclical,Textile Manufacturing,852.6500244140625,True,28.29,False,True,49.47,54.11,True,993.0,HOLD
KAMDHENU,Kamdhenu Limited,Basic Materials,Steel,35.04999923706055,False,85.62,True,True,15.18,14.0,True,924.0,HOLD
MAFATIND,Mafatlal Industries Limited,Unknown,Unknown,133.0500030517578,False,89.98,False,False,,,False,,EXIT
CONSOFINVT,Consolidated Finvest & Holdings Limited,Financial Services,Capital Markets,300.29998779296875,False,63.26,False,True,49.7,50.0,True,,HOLD
UNIECOM,UNIECOM,Technology,Software - Application,84.94999694824219,False,20.45,False,False,-31.93,-31.3,False,135.0,EXIT
DENTA,DENTA,Industrials,Engineering & Construction,335.25,False,60.900000000000006,False,True,5.1,4.8,True,239.0,HOLD
RAJOOENG,Rajoo Engineers Limited,Industrials,Specialty Industrial Machinery,51.84000015258789,False,50.84,True,False,-56.09,-56.26,False,254.0,EXIT
PRIMESECU,Prime Securities Limited,Financial Services,Capital Markets,286.6499938964844,False,29.290000000000003,False,True,1.56,2.07,True,89.0,HOLD
SURAJEST,SURAJEST,Real Estate,Real Estate - Development,204.05999755859375,False,75.47,False,False,-17.44,-33.94,False,549.0,EXIT
SGIL,Synergy Green Industries Limited,Industrials,Metal Fabrication,597.0999755859375,True,7.64,False,True,8.28,7.97,True,,HOLD
GAYAPROJ,Gayatri Projects Limited,Industrials,Engineering & Construction,19.799999237060547,False,2272.04,False,True,130.22,129.63,True,,HOLD
BHAGERIA,Bhageria Industries Limited,Basic Materials,Specialty Chemicals,207.07000732421875,False,68.44,False,True,12.13,10.97,True,597.0,HOLD
INDOAMIN,Indo Amines Limited,Basic Materials,Chemicals,132.11000061035156,False,79.33,True,True,-8.25,-9.36,False,1079.0,HOLD
MICEL,MIC Electronics Limited,Technology,Electronic Components,37.29999923706055,False,25.47,False,False,-31.54,-30.91,False,218.0,EXIT
SWELECTES,Swelect Energy Systems Limited,Technology,Solar,663.2999877929688,False,55.17,False,True,0.08,0.51,True,622.0,HOLD
KOPRAN,Kopran Limited,Healthcare,Drug Manufacturers - General,190.66000366210938,False,45.580000000000005,False,True,5.96,15.56,True,630.0,HOLD
TVSELECT,TVS Electronics Limited,Technology,Computer Hardware,508.1499938964844,False,8.36,False,True,22.06,22.35,True,4112.0,HOLD
WCIL,WCIL,Industrials,Integrated Freight & Logistics,89.87999725341797,False,38.82,False,False,-25.81,-26.04,False,1726.0,EXIT
ESTER,Ester Industries Limited,Basic Materials,Specialty Chemicals,88.0,False,43.22,False,False,-22.07,-23.14,False,1282.0,EXIT
IFBAGRO,IFB Agro Industries Limited,Consumer Defensive,Beverages - Wineries & Distilleries,968.25,False,59.650000000000006,True,False,16.54,10.51,True,1246.0,HOLD
STERTOOLS,Sterling Tools Limited,Industrials,Tools & Accessories,249.0,False,29.330000000000005,False,True,-25.98,-26.21,False,1026.0,EXIT
CONTROLPR,Control Print Limited,Industrials,Business Equipment & Supplies,562.1500244140625,False,38.959999999999994,False,False,-28.62,-28.85,False,425.0,EXIT
KECL,Kirloskar Electric Company Limited,Industrials,Specialty Industrial Machinery,148.38999938964844,False,15.13,False,True,18.76,18.43,True,680.0,HOLD
VHLTD,Viceroy Hotels Limited,Consumer Cyclical,Lodging,127.02999877929688,False,24.36,False,False,10.4,15.13,True,138.0,EXIT
MAXIND,Max India Limited,Healthcare,Medical Care Facilities,172.82000732421875,False,121.85000000000001,False,True,-31.24,-21.39,False,233.0,EXIT
DHARMAJ,Dharmaj Crop Guard Limited,Basic Materials,Agricultural Inputs,264.8500061035156,False,54.650000000000006,True,True,-23.25,-24.31,False,951.0,HOLD
IRISDOREME,Iris Clothings Limited,Consumer Cyclical,Apparel Manufacturing,54.02000045776367,False,16.55,False,True,59.51,64.12,True,,HOLD
MATRIMONY,Matrimony.com Limited,Communication Services,Internet Content & Information,447.8999938964844,False,34.17,False,False,-1.62,-20.27,False,481.0,EXIT
PDMJEPAPER,Pudumjee Paper Products Limited,Basic Materials,Paper & Paper Products,98.18000030517578,False,93.59,False,True,-26.8,-27.85,False,,EXIT
SICALLOG,Sical Logistics Limited,Industrials,Integrated Freight & Logistics,103.8499984741211,False,72.93,True,True,-9.51,-9.78,False,1303.0,HOLD
STANLEY,STANLEY,Consumer Cyclical,"Furnishings, Fixtures & Appliances",153.6199951171875,False,14.9,False,False,-60.38,-55.47,False,432.0,EXIT
BSHSL,Bombay Super Hybrid Seeds Limited,Basic Materials,Agricultural Inputs,86.66999816894531,False,23.14,False,False,-39.35,-40.36,False,,EXIT
EXCELSOFT,EXCELSOFT,Technology,Software - Application,83.08999633789062,False,53.39,False,False,,,False,233.0,EXIT
BODALCHEM,Bodal Chemicals Limited,Basic Materials,Specialty Chemicals,71.44000244140625,False,47.82000000000001,False,True,0.49,-0.64,False,2055.0,EXIT
SEJALLTD,Sejal Glass Limited,Industrials,Building Products & Equipment,720.9000244140625,False,24.490000000000002,False,False,22.03,21.69,True,244.0,EXIT
FINKURVE,Finkurve Financial Services Limited,Financial Services,Credit Services,59.20000076293945,False,26.029999999999998,True,False,,,False,,EXIT
SCODATUBES,Scoda Tubes Limited,Basic Materials,Steel,142.99000549316406,False,38.839999999999996,False,False,-25.81,-26.86,False,,EXIT
LIKHITHA,Likhitha Infrastructure Limited,Energy,Oil & Gas Equipment & Services,220.05999755859375,False,39.209999999999994,False,True,-31.55,-22.65,False,520.0,EXIT
DHAMPURSUG,Dhampur Sugar Mills Limited,Consumer Defensive,Confectioners,149.41000366210938,False,80.85999999999999,False,True,10.11,4.13,True,3484.0,HOLD
MODISONLTD,Modison Limited,Industrials,Electrical Equipment & Parts,279.95001220703125,False,72.53,True,True,68.94,68.49,True,490.0,HOLD
NDTV,New Delhi Television Limited,Communication Services,Broadcasting,77.37999725341797,False,330.12,True,False,-28.43,-46.73,False,571.0,EXIT
HEXATRADEX,Hexa Tradex Limited,Financial Services,Credit Services,164.00999450683594,False,8.72,False,True,-13.94,-13.36,False,133.23,EXIT
JITFINFRA,JITF Infralogistics Limited,Industrials,Engineering & Construction,336.79998779296875,False,48.14,False,True,-1.25,-1.53,False,2535.0,EXIT
TNPETRO,Tamilnadu Petroproducts Limited,Basic Materials,Specialty Chemicals,98.68000030517578,False,97.46000000000001,False,True,-0.66,-1.79,False,2150.0,EXIT
COMSYN,Commercial Syn Bags Limited,Consumer Cyclical,Packaging & Containers,209.5800018310547,True,26.31,False,True,49.4,54.04,True,341.0,HOLD
BORANA,BORANA,Consumer Cyclical,Textile Manufacturing,344.6000061035156,False,64.61,False,True,47.14,51.78,True,,HOLD
KOKUYOCMLN,Kokuyo Camlin Limited,Industrials,Business Equipment & Supplies,89.94999694824219,False,24.78,True,True,-24.89,-25.12,False,689.0,HOLD
OMINFRAL,Om Infra Limited,Industrials,Engineering & Construction,89.66999816894531,False,22.529999999999998,False,False,-26.23,-26.46,False,1114.0,EXIT
ARIHANTCAP,Arihant Capital Markets Limited,Financial Services,Capital Markets,76.79000091552734,False,40.25,False,False,-27.16,-26.52,False,241.0,EXIT
ROHLTD,Royal Orchid Hotels Limited,Consumer Cyclical,Lodging,312.5,False,32.18,False,False,-31.39,-26.55,False,319.0,EXIT
TEMBO,Tembo Global Industries Limited,Industrials,Metal Fabrication,63.79999923706055,False,96.35,False,True,26.67,26.32,True,744.0,HOLD
ORICONENT,Oricon Enterprises Limited,Consumer Cyclical,Packaging & Containers,54.27000045776367,False,34.12,False,False,-4.75,0.02,False,1167.0,EXIT
UTTAMSUGAR,Uttam Sugar Mills Limited,Consumer Defensive,Confectioners,254.82000732421875,False,100.28,False,True,6.39,0.44,True,2047.0,HOLD
RADHIKAJWE,Radhika Jeweltech Limited,Consumer Cyclical,Luxury Goods,69.83999633789062,False,74.78999999999999,False,True,-39.14,-34.29,False,,EXIT
REGAAL,REGAAL,Consumer Defensive,Packaged Foods,86.87999725341797,False,55.57,False,True,,,False,915.0,EXIT
DVL,Dhunseri Ventures Limited,Financial Services,Capital Markets,273.010009765625,False,112.34,False,True,-27.25,-26.61,False,4172.0,EXIT
KRYSTAL,KRYSTAL,Industrials,Specialty Business Services,600.0499877929688,False,55.46,False,True,-11.25,-11.51,False,1113.0,EXIT
SYSTMTXC,Systematix Corporate Services Limited,Financial Services,Capital Markets,59.54999923706055,False,28.640000000000004,False,False,,,False,168.0,EXIT
SUDARCOLOR,Sudarshan Colorants India Limited,Basic Materials,Specialty Chemicals,428.6000061035156,False,48.519999999999996,False,True,-31.08,-32.12,False,973.0,EXIT
SALSTEEL,S.A.L. Steel Limited,Basic Materials,Steel,62.77000045776367,True,21.060000000000002,False,True,285.68,283.74,True,,HOLD
SRHHYPOLTD,Sree Rayalaseema Hi-Strength Hypo Limited,Basic Materials,Chemicals,512.6500244140625,False,89.50999999999999,False,True,-19.09,-20.16,False,1650.0,EXIT
RITCO,Ritco Logistics Limited,Industrials,Integrated Freight & Logistics,306.04998779296875,False,36.07,False,True,2.96,2.66,True,1187.0,HOLD
SVLL,Shree Vasu Logistics Limited,Industrials,Trucking,749.0999755859375,False,4.04,False,True,-8.62,-8.9,False,,EXIT
QUICKHEAL,Quick Heal Technologies Limited,Technology,Software - Application,155.64999389648438,False,35.31,False,False,-53.92,-53.16,False,342.0,EXIT
OCCLLTD,OCCL Limited,Basic Materials,Chemicals,162.8000030517578,False,47.71,False,True,14.8,13.63,True,,HOLD
TIRUPATIFL,Tirupati Forge Limited,Industrials,Metal Fabrication,70.62000274658203,False,6.29,False,True,80.22,79.75,True,,HOLD
NCLIND,NCL Industries Limited,Basic Materials,Building Materials,177.69000244140625,False,95.39,False,False,-20.77,-21.84,False,2104.0,EXIT
KOTHARIPET,Kothari Petrochemicals Limited,Basic Materials,Specialty Chemicals,149.52999877929688,False,72.5,True,True,-10.07,-11.17,False,334.0,HOLD
MVGJL,Manoj Vaibhav Gems 'N' Jewellers Limited,Consumer Cyclical,Luxury Goods,165.82000732421875,False,114.98,False,False,-31.5,-26.67,False,,EXIT
SUPREMEINF,Supreme Infrastructure India Limited,Industrials,Engineering & Construction,92.75,False,6815.37,True,True,-23.93,-24.17,False,2570.0,HOLD
CIFL,Capital India Finance Limited,Financial Services,Credit Services,21.549999237060547,False,50.75,True,False,-41.48,-40.78,False,,EXIT
RMDRIP,RMDRIP,Industrials,Farm & Heavy Construction Machinery,17.899999618530273,False,35.1,True,False,-59.22,-59.38,False,131.0,EXIT
GANESHBE,Ganesh Benzoplast Limited,Basic Materials,Specialty Chemicals,120.0199966430664,False,73.33,False,True,32.89,31.67,True,477.0,HOLD
ECOSMOBLTY,ECOSMOBLTY,Industrials,Rental & Leasing Services,131.63999938964844,False,57.58,False,False,-59.11,-59.27,False,642.0,EXIT
NRAIL,N R Agarwal Industries Limited,Basic Materials,Paper & Paper Products,521.6500244140625,True,46.65,False,True,36.02,34.79,True,,HOLD
ADVANCE,ADVANCE,Basic Materials,Agricultural Inputs,129.77999877929688,False,27.78,False,True,,,False,496.0,EXIT
VLSFINANCE,VLS Finance Limited,Financial Services,Capital Markets,261.45001220703125,False,170.82999999999998,False,True,9.53,10.0,True,4625.0,HOLD
ANUHPHR,Anuh Pharma Limited,Healthcare,Drug Manufacturers - Specialty & Generic,79.30999755859375,False,41.040000000000006,False,True,-28.7,-18.87,False,,EXIT
ADVENTHTL,Advent Hotels International Limited,Consumer Cyclical,Lodging,146.8000030517578,False,56.67,True,False,,,False,0.0,EXIT
GICHSGFIN,GIC Housing Finance Limited,Financial Services,Mortgage Finance,149.58999633789062,False,154.82,False,False,-23.53,-22.91,False,,EXIT
ASAL,Automotive Stampings and Assemblies Limited,Consumer Cyclical,Auto Parts,509.8999938964844,False,29.83,False,True,-1.14,3.62,False,,EXIT
SADHNANIQ,Sadhana Nitro Chem Limited,Basic Materials,Chemicals,2.880000114440918,False,86.43,True,False,-60.23,-61.18,False,267.0,EXIT
SARLAPOLY,Sarla Performance Fibers Limited,Consumer Cyclical,Textile Manufacturing,102.1500015258789,False,106.14999999999999,True,True,-15.39,-10.59,False,426.0,HOLD
MEIL,MEIL,Industrials,Electrical Equipment & Parts,276.0,False,53.37,False,False,,,False,549.0,EXIT
EIFFL,Euro India Fresh Foods Limited,Consumer Defensive,Packaged Foods,256.5,False,7.23,False,True,11.86,5.86,True,,HOLD
SOUTHWEST,South West Pinnacle Exploration Limited,Energy,Oil & Gas Equipment & Services,232.4199981689453,False,39.97,True,True,50.41,57.03,True,180.0,HOLD
AHCL,AHCL,Healthcare,Drug Manufacturers - Specialty & Generic,14.210000038146973,False,41.62,False,True,,,False,,EXIT
DECCANCE,Deccan Cements Limited,Basic Materials,Building Materials,578.25,False,29.7,True,False,-48.28,-49.27,False,527.0,EXIT
INDOFARM,INDOFARM,Industrials,Farm & Heavy Construction Machinery,163.97000122070312,False,74.69,True,True,-16.48,-16.73,False,368.0,HOLD
PVSL,Popular Vehicles and Services Limited,Consumer Cyclical,Auto & Truck Dealerships,109.38999938964844,False,14.96,False,False,-18.06,-13.26,False,5616.0,EXIT
ZUARIIND,Zuari Industries Limited,Industrials,Conglomerates,262.1499938964844,False,221.74,True,False,-22.77,-23.01,False,871.0,EXIT
HARDWYN,Hardwyn India Limited,Industrials,Building Products & Equipment,11.270000457763672,False,13.2,False,False,13.03,12.71,True,184.0,EXIT
MODIS,Modi's Navnirman Limited,Real Estate,Real Estate - Development,411.1499938964844,True,25.700000000000003,True,False,,,False,74.97,EXIT
BIRLAMONEY,Aditya Birla Money Limited,Financial Services,Capital Markets,133.52999877929688,False,59.46,True,False,-30.45,-29.8,False,164.0,EXIT
ELDEHSG,Eldeco Housing and Industries Limited,Real Estate,Real Estate Services,718.9500122070312,False,24.279999999999998,False,False,10.2,-6.66,False,169.0,EXIT
PATELRMART,PATELRMART,Consumer Cyclical,Department Stores,221.02000427246094,False,39.300000000000004,False,True,,,False,,EXIT
KELLTONTEC,Kellton Tech Solutions Limited,Technology,Software - Application,14.1899995803833,False,91.33,True,False,-51.75,-51.0,False,1098.0,EXIT
BAJAJINDEF,BAJAJINDEF,Industrials,Farm & Heavy Construction Machinery,236.77000427246094,False,23.619999999999997,False,False,-47.86,-48.04,False,179.0,EXIT
PROSTARM,PROSTARM,Industrials,Electrical Equipment & Parts,144.1300048828125,False,32.96,False,False,-33.33,-33.55,False,351.0,EXIT
VALIANTORG,Valiant Organics Limited,Basic Materials,Chemicals,278.70001220703125,False,33.239999999999995,False,True,-27.11,-28.16,False,1153.0,EXIT
AGARIND,Agarwal Industrial Corporation Limited,Basic Materials,Specialty Chemicals,524.2000122070312,False,43.57,False,False,-49.4,-50.39,False,2399.0,EXIT
MMP,MMP Industries Limited,Basic Materials,Aluminum,330.25,False,41.83,True,True,25.44,24.24,True,692.0,HOLD
VASCONEQ,Vascon Engineers Limited,Industrials,Engineering & Construction,33.029998779296875,False,48.9,False,False,-38.82,-39.02,False,1077.0,EXIT
SANDESH,The Sandesh Limited,Communication Services,Publishing,1187.75,False,134.92,False,True,-0.59,-19.25,False,419.0,EXIT
TRANSPEK,Transpek Industry Limited,Basic Materials,Chemicals,1321.4000244140625,False,45.65,False,False,,,False,,EXIT
VISAKAIND,Visaka Industries Limited,Industrials,Building Products & Equipment,86.38999938964844,False,102.80000000000001,False,True,-4.49,-4.77,False,1653.0,EXIT
LOKESHMACH,Lokesh Machines Limited,Industrials,Specialty Industrial Machinery,344.8500061035156,False,1.85,False,True,58.13,57.71,True,,HOLD
XCHANGING,Xchanging Solutions Limited,Technology,Information Technology Services,68.26000213623047,False,57.839999999999996,False,False,-24.17,-23.59,False,307.0,EXIT
NRL,Nupur Recyclers Limited,Industrials,Waste Management,115.36000061035156,False,14.219999999999999,True,True,55.77,55.36,True,240.0,HOLD
GEECEE,GeeCee Ventures Limited,Real Estate,Real Estate - Development,360.25,False,42.09,False,True,7.41,-9.41,False,201.0,EXIT
MAANALU,Maan Aluminium Limited,Basic Materials,Aluminum,128.75999450683594,False,13.030000000000001,True,False,9.46,8.3,True,42.16,HOLD
PREMIERPOL,Premier Polyfilm Ltd.,Basic Materials,Specialty Chemicals,72.23999786376953,False,34.949999999999996,False,True,52.25,50.97,True,,HOLD
STCINDIA,The State Trading Corporation of India Limited,Industrials,Conglomerates,120.7699966430664,False,641.5699999999999,True,True,-5.16,-5.44,False,15539.0,HOLD
GLOSTERLTD,Gloster Limited,Consumer Cyclical,Textile Manufacturing,679.5499877929688,False,19.62,False,True,-1.97,2.79,False,735.0,EXIT
VIVIANA,VIVIANA,Industrials,Engineering & Construction,710.2000122070312,False,0.0,False,False,-46.55,-46.73,False,,EXIT
GANESHCP,GANESHCP,Consumer Defensive,Packaged Foods,164.94000244140625,False,147.21,False,False,,,False,,EXIT
BLAL,BEML Land Assets Limited,Financial Services,Shell Companies,173.3699951171875,False,4.23,False,False,-22.44,-21.82,False,,EXIT
HERANBA,Heranba Industries Limited,Basic Materials,Agricultural Inputs,179.0500030517578,False,88.61999999999999,False,False,-54.58,-55.56,False,1410.0,EXIT
DPSCLTD,India Power Corporation Limited,Utilities,Utilities - Regulated Electric,7.429999828338623,False,12.82,False,False,-35.45,-43.43,False,833.0,EXIT
EVERESTIND,Everest Industries Limited,Industrials,Building Products & Equipment,477.04998779296875,False,188.86999999999998,True,True,-12.94,-13.2,False,1707.0,HOLD
DMCC,DMCC Speciality Chemicals Limited,Basic Materials,Chemicals,278.75,False,27.33,False,True,-8.93,-10.04,False,431.0,EXIT
MAGADSUGAR,Magadh Sugar & Energy Limited,Consumer Defensive,Confectioners,517.5999755859375,False,84.21,False,True,4.7,-1.25,False,,EXIT
UNITEDPOLY,United Polyfab Gujarat Limited,Consumer Cyclical,Textile Manufacturing,29.010000228881836,False,25.43,True,False,-29.71,-24.88,False,908.0,EXIT
PVP,PVP Ventures Limited,Industrials,Conglomerates,33.13999938964844,False,7.38,False,True,67.55,67.11,True,159.97,HOLD
HMVL,Hindustan Media Ventures Limited,Communication Services,Publishing,103.80999755859375,False,48.690000000000005,False,True,34.48,15.35,True,933.0,HOLD
CCCL,Consolidated Construction Consortium Limited,Industrials,Engineering & Construction,15.600000381469727,False,88.95,False,False,-6.97,-7.25,False,882.0,EXIT
WELINV,Welspun Investments and Commercials Limited,Financial Services,Capital Markets,1851.4000244140625,True,3.95,False,True,73.98,74.17,True,,HOLD
JAYAGROGN,Jayant Agro-Organics Limited,Basic Materials,Specialty Chemicals,224.47000122070312,False,50.41,False,True,-9.06,-10.17,False,2778.0,EXIT
DWARKESH,Dwarikesh Sugar Industries Limited,Consumer Defensive,Confectioners,40.369998931884766,False,131.2,False,False,-0.7,-6.61,False,,EXIT
SUBEXLTD,Subex Limited,Technology,Software - Application,14.130000114440918,False,28.53,False,True,6.71,7.1,True,372.0,HOLD
KUANTUM,Kuantum Papers Limited,Basic Materials,Paper & Paper Products,80.61000061035156,False,41.949999999999996,False,False,-39.51,-40.53,False,,EXIT
MANBA,MANBA,Financial Services,Credit Services,133.0800018310547,False,48.87,False,True,-9.96,-9.4,False,,EXIT
INNOVISION,INNOVISION,Industrials,Staffing & Employment Services,285.1000061035156,False,22.979999999999997,False,False,,,False,893.0,EXIT
20MICRONS,20 Microns Limited,Basic Materials,Other Industrial Metals & Mining,191.7100067138672,False,66.84,True,True,-21.24,-22.31,False,913.0,HOLD
TVTODAY,T.V. Today Network Limited,Communication Services,Broadcasting,115.6500015258789,False,18.490000000000002,False,False,-5.96,-24.55,False,993.0,EXIT
ATL,Allcargo Terminals Limited,Industrials,Integrated Freight & Logistics,25.56999969482422,False,44.209999999999994,True,False,-19.89,-20.13,False,758.0,EXIT
BESTAGRO,Best Agrolife Limited,Basic Materials,Agricultural Inputs,20.239999771118164,False,108.83,False,True,-40.06,-41.07,False,1873.0,EXIT
INNOVANA,INNOVANA,Technology,Software - Application,331.79998779296875,False,37.55,False,False,-36.8,-36.15,False,103.0,EXIT
MUKKA,Mukka Proteins Limited,Consumer Defensive,Packaged Foods,23.100000381469727,False,51.77000000000001,False,False,-14.69,-20.5,False,1269.0,EXIT
RAMASTEEL,Rama Steel Tubes Limited,Basic Materials,Steel,4.769999980926514,False,13.16,False,False,-59.81,-60.77,False,1337.0,EXIT
ONMOBILE,OnMobile Global Limited,Communication Services,Telecom Services,71.08999633789062,False,61.809999999999995,True,True,47.55,28.24,True,865.0,HOLD
GTPL,GTPL Hathway Limited,Communication Services,Entertainment,59.86000061035156,False,38.910000000000004,False,False,-35.52,-53.72,False,3477.0,EXIT
SAURASHCEM,Saurashtra Cement Limited,Basic Materials,Building Materials,68.93000030517578,False,56.949999999999996,False,False,-44.83,-45.83,False,1765.0,EXIT
PYRAMID,Pyramid Technoplast Limited,Consumer Cyclical,Packaging & Containers,178.5500030517578,False,28.82,False,True,3.1,7.85,True,,HOLD
KSOLVES,Ksolves India Limited,Technology,Software - Application,283.0,False,35.129999999999995,True,False,-16.67,-16.14,False,137.0,EXIT
MERCURYEV,Mercury Ev-Tech Limited,Consumer Cyclical,Auto Manufacturers,35.72999954223633,True,4.4,False,False,,,False,,EXIT
EMKAY,Emkay Global Financial Services Limited,Financial Services,Capital Markets,243.33999633789062,False,19.53,False,False,0.65,1.16,True,360.0,EXIT
FABTECH,FABTECH,Healthcare,Health Information Services,150.25,False,38.08,False,False,,,False,327.0,EXIT
EMAMIPAP,Emami Paper Mills Limited,Basic Materials,Paper & Paper Products,112.05999755859375,False,93.67999999999999,False,True,15.66,14.49,True,,HOLD
LAXMIINDIA,LAXMIINDIA,Financial Services,Credit Services,133.25999450683594,False,54.55,False,True,2.4,2.91,True,,HOLD
NAHARPOLY,Nahar Poly Films Limited,Consumer Cyclical,Packaging & Containers,240.25,False,78.84,False,False,-29.91,-25.08,False,723.0,EXIT
PANACHE,Panache Digilife Limited,Technology,Communication Equipment,442.8500061035156,False,16.66,True,True,70.19,70.18,True,116.0,HOLD
AMANTA,AMANTA,Healthcare,Drug Manufacturers - Specialty & Generic,169.5399932861328,False,17.330000000000002,False,True,,,False,,EXIT
KILITCH,Kilitch Drugs (India) Limited,Healthcare,Drug Manufacturers - Specialty & Generic,192.22999572753906,False,30.17,False,True,-27.73,-17.9,False,198.0,EXIT
NBIFIN,N.B.I. Industrial Finance Company Limited,Financial Services,Capital Markets,2158.10009765625,False,13.13,True,True,-24.79,-24.16,False,,HOLD
ADSL,Allied Digital Services Limited,Technology,Information Technology Services,116.91999816894531,False,47.169999999999995,True,False,-38.36,-37.7,False,366.0,EXIT
AQYLON,Aqylon Nexus Limited,Communication Services,Broadcasting,28.0,False,11.45,True,False,-84.81,-102.35,False,180.0,EXIT
VAKRANGEE,Vakrangee Limited,Technology,Information Technology Services,6.0,False,10.95,False,False,-35.32,-34.68,False,6502.0,EXIT
CHEVIOT,Cheviot Company Limited,Consumer Cyclical,Textile Manufacturing,1179.4000244140625,False,69.80000000000001,False,True,-13.03,-8.25,False,122.0,EXIT
SCPL,Sheetal Cool Products Limited,Consumer Defensive,Packaged Foods,648.5999755859375,True,19.11,False,True,145.62,138.73,True,,HOLD
COFFEEDAY,Coffee Day Enterprises Limited,Consumer Cyclical,Restaurants,34.099998474121094,False,228.00000000000003,False,True,-10.97,-6.19,False,4142.0,EXIT
DBOL,Dhampur Bio Organics Limited,Consumer Defensive,Farm Products,110.91999816894531,False,92.91,False,True,50.47,44.22,True,2408.0,HOLD
BIGBLOC,Bigbloc Construction Limited,Industrials,Building Products & Equipment,46.720001220703125,False,7.12,False,False,-16.17,-16.42,False,243.0,EXIT
CHEMCON,Chemcon Speciality Chemicals Limited,Basic Materials,Specialty Chemicals,192.6199951171875,False,23.6,False,True,-19.78,-20.85,False,,EXIT
SPECIALITY,Speciality Restaurants Limited,Consumer Cyclical,Restaurants,142.4199981689453,False,21.55,False,True,3.81,8.56,True,436.0,HOLD
ABINFRA,ABINFRA,Industrials,Engineering & Construction,10.010000228881836,False,19.34,False,False,-51.1,-51.28,False,,EXIT
ONWARDTEC,Onward Technologies Limited,Technology,Information Technology Services,278.6000061035156,False,43.55,True,True,-20.18,-19.63,False,491.0,HOLD
SNOWMAN,Snowman Logistics Limited,Industrials,Integrated Freight & Logistics,40.709999084472656,False,13.85,False,True,-26.75,-26.98,False,,EXIT
ORBTEXP,Orbit Exports Limited,Consumer Cyclical,Textile Manufacturing,249.94000244140625,False,29.18,False,True,14.29,19.01,True,218.0,HOLD
DCMSIL,DCM Shriram International Limited,Industrials,Industrial Distribution,85.91999816894531,False,27.71,False,False,,,False,574.0,EXIT
PPL,Prakash Pipes Limited,Industrials,Building Products & Equipment,262.45001220703125,False,43.260000000000005,False,True,-31.48,-31.7,False,,EXIT
PROZONER,Prozone Realty Limited,Real Estate,Real Estate - Diversified,42.2599983215332,False,10.7,False,False,7.14,-9.68,False,185.0,EXIT
SUTLEJTEX,Sutlej Textiles and Industries Limited,Consumer Cyclical,Textile Manufacturing,40.439998626708984,False,86.31,False,True,-7.96,-3.18,False,3076.0,EXIT
AHLWEST,Asian Hotels (West) Limited,Consumer Cyclical,Lodging,542.0,False,57.83,False,True,267.19,271.31,True,432.0,HOLD
HINDCOMPOS,Hindustan Composites Limited,Consumer Cyclical,Auto Parts,419.8999938964844,False,32.43,False,False,-21.46,-16.65,False,325.0,EXIT
KANORICHEM,Kanoria Chemicals & Industries Limited,Basic Materials,Chemicals,151.07000732421875,False,136.44000000000003,True,True,67.95,66.63,True,1578.0,HOLD
BAFNAPH,Bafna Pharmaceuticals Limited,Healthcare,Drug Manufacturers - Specialty & Generic,284.54998779296875,True,11.1,True,True,229.44,237.57,True,185.0,ADD
MINDTECK,Mindteck (India) Limited,Technology,Information Technology Services,196.50999450683594,False,31.52,False,False,-5.81,-5.35,False,424.0,EXIT
GLOTTIS,GLOTTIS,Industrials,Integrated Freight & Logistics,67.51000213623047,False,37.08,False,True,,,False,,EXIT
TPLPLASTEH,TPL Plastech Limited,Consumer Cyclical,Packaging & Containers,78.7300033569336,False,29.060000000000002,True,True,-4.34,0.43,False,349.0,HOLD
SATIA,Satia Industries Limited,Basic Materials,Paper & Paper Products,63.79999923706055,False,89.94999999999999,False,False,-27.84,-28.89,False,,EXIT
MALLCOM,Mallcom (India) Limited,Industrials,Security & Protection Services,1015.0999755859375,False,30.04,False,False,-23.3,-23.54,False,487.0,EXIT
PRIMO,Primo Chemicals Limited,Basic Materials,Chemicals,23.729999542236328,False,15.360000000000001,False,True,-14.39,-15.48,False,701.0,EXIT
BIRLACABLE,Birla Cable Limited,Technology,Communication Equipment,247.72000122070312,False,16.89,False,True,42.8,42.97,True,792.0,HOLD
CHEMBONDCH,Chembond Chemicals Limited,Basic Materials,Specialty Chemicals,231.77000427246094,False,37.26,False,True,27.89,26.68,True,69.4,HOLD
LINC,Linc Limited,Industrials,Business Equipment & Supplies,101.30000305175781,False,32.74,False,False,-27.98,-28.21,False,543.0,EXIT
ZIMLAB,ZIM Laboratories Limited,Healthcare,Drug Manufacturers - Specialty & Generic,115.1500015258789,False,10.43,False,True,31.05,40.48,True,397.0,HOLD
ZFSTEERING,ZF Steering Gear (India) Limited,Consumer Cyclical,Auto Parts,659.8499755859375,False,16.23,False,False,,,False,,EXIT
SHIVAUM,SHIVAUM,Basic Materials,Steel,419.79998779296875,False,6.08,False,True,35.55,34.32,True,548.0,HOLD
RBZJEWEL,RBZ Jewellers Limited,Consumer Cyclical,Luxury Goods,150.9600067138672,False,54.79,False,True,7.89,12.63,True,,HOLD
TREL,Transindia Real Estate Limited,Real Estate,Real Estate Services,24.6299991607666,False,36.95,False,False,-14.23,-30.77,False,136.0,EXIT
CEWATER,CEWATER,Utilities,Utilities - Regulated Water,276.6499938964844,False,30.95,False,False,-48.34,-55.98,False,594.0,EXIT
SOFTTECH,SoftTech Engineers Limited,Technology,Software - Application,418.1000061035156,False,4.95,False,True,4.64,5.04,True,95.0,HOLD
HTMEDIA,HT Media Limited,Communication Services,Publishing,26.90999984741211,False,54.27,False,True,27.8,8.76,True,2502.0,HOLD
PANSARI,Pansari Developers Limited,Real Estate,Real Estate - Development,329.25,False,22.02,False,True,55.41,37.97,True,60.0,HOLD
SIGMA,Sigma Solve Limited,Technology,Information Technology Services,47.41999816894531,False,23.89,False,True,17.22,17.54,True,31.94,HOLD
KRONOX,KRONOX,Basic Materials,Specialty Chemicals,166.77999877929688,False,27.55,False,True,-5.66,-6.78,False,100.0,EXIT
SHALPAINTS,Shalimar Paints Limited,Basic Materials,Specialty Chemicals,88.16999816894531,False,64.85,True,True,11.46,10.3,True,599.0,HOLD
VISACHROME,VISA Chrome Limited,Basic Materials,Steel,37.9900016784668,False,1123.6499999999999,False,False,11.77,10.61,True,,EXIT
HITECHCORP,Hitech Corporation Limited,Consumer Cyclical,Packaging & Containers,320.1000061035156,True,20.43,True,True,65.58,70.18,True,561.0,ADD
MUNJALSHOW,Munjal Showa Limited,Consumer Cyclical,Auto Parts,133.6199951171875,False,21.97,False,True,-8.28,-3.51,False,1669.0,EXIT
REPRO,Repro India Limited,Industrials,Specialty Business Services,375.1000061035156,False,34.8,False,False,-30.52,-30.74,False,479.0,EXIT
MCLEODRUSS,McLeod Russel India Limited,Consumer Defensive,Packaged Foods,46.709999084472656,False,181.61999999999998,False,False,27.18,21.08,True,1596.0,EXIT
DCI,DC Infotech and Communication Limited,Technology,Electronics & Computer Distribution,350.8999938964844,False,21.21,True,True,38.44,38.63,True,556.0,HOLD
CSM,CSM,Technology,Information Technology Services,102.58000183105469,True,0.0,False,False,,,False,,EXIT
OSWALGREEN,Oswal Greentech Limited,Financial Services,Asset Management,22.06999969482422,False,103.89999999999999,True,False,-54.68,-53.92,False,458.0,EXIT
CHEMFAB,Chemfab Alkalis Limited,Basic Materials,Specialty Chemicals,367.0,False,9.489999999999998,False,False,-50.03,-51.02,False,334.0,EXIT
MUFTI,MUFTI,Consumer Cyclical,Apparel Retail,86.30999755859375,False,47.42,False,False,-41.07,-36.22,False,618.0,EXIT
APTECHT,Aptech Limited,Consumer Defensive,Education & Training Services,97.0,False,23.53,False,True,-24.34,-30.09,False,460.0,EXIT
GLOBAL,Global Education Limited,Consumer Defensive,Education & Training Services,100.47000122070312,False,26.520000000000003,False,True,61.54,55.22,True,74.0,HOLD
MGEL,Mangalam Global Enterprise Limited,Consumer Defensive,Farm Products,15.020000457763672,False,32.61,False,True,-9.38,-15.23,False,2092.0,EXIT
DISHTV,Dish TV India Limited,Communication Services,Entertainment,2.759999990463257,False,807.36,False,False,-32.86,-51.1,False,6166.0,EXIT
SHREERAMA,Shree Rama Multi-Tech Limited,Consumer Cyclical,Packaging & Containers,38.029998779296875,False,24.770000000000003,False,False,-22.97,-18.16,False,,EXIT
PTL,PTL Enterprises Limited,Real Estate,Real Estate Services,39.939998626708984,False,46.17,True,True,14.87,-2.04,False,450.0,HOLD
KNAGRI,KNAGRI,Consumer Defensive,Farm Products,211.64999389648438,False,0.0,False,True,-10.58,-16.43,False,2224.0,EXIT
PASUPTAC,Pasupati Acrylon Limited,Consumer Cyclical,Textile Manufacturing,59.66999816894531,False,69.92,False,True,20.58,25.28,True,,HOLD
UNIVPHOTO,Universus Photo Imagings Limited,Healthcare,Medical Devices,478.95001220703125,False,79.94,False,True,69.78,78.96,True,62.0,HOLD
MODINATUR,Modi Naturals Limited,Consumer Defensive,Packaged Foods,391.3500061035156,False,50.27,True,False,,,False,474.0,EXIT
MANCREDIT,Mangal Credit and Fincorp Limited,Financial Services,Credit Services,252.55999755859375,True,15.3,True,True,34.58,34.95,True,,ADD
RKSWAMY,RKSWAMY,Communication Services,Advertising Agencies,104.69999694824219,False,22.099999999999998,False,True,-19.22,-37.63,False,332.0,EXIT
DHUNINV,Dhunseri Investments Limited,Financial Services,Capital Markets,917.5499877929688,False,59.330000000000005,False,False,-43.01,-42.3,False,,EXIT
ENIL,Entertainment Network (India) Limited,Communication Services,Broadcasting,106.51000213623047,False,24.16,False,False,-16.3,-34.76,False,621.0,EXIT
OSWALAGRO,Oswal Agro Mills Limited,Real Estate,Real Estate - Development,42.56999969482422,False,69.2,False,False,-39.13,-55.35,False,162.0,EXIT
SUKHJITS,The Sukhjit Starch & Chemicals Limited,Basic Materials,Specialty Chemicals,161.1999969482422,False,34.17,False,False,-10.6,-11.7,False,1498.0,EXIT
PENINLAND,Peninsula Land Limited,Real Estate,Real Estate - Development,16.440000534057617,False,153.64,True,False,-43.86,-60.03,False,993.0,EXIT
GFLLIMITED,GFL Limited,Financial Services,Asset Management,51.939998626708984,False,61.35000000000001,False,True,-21.3,-20.68,False,6971.51,EXIT
IRIS,IRIS RegTech Solutions Limited,Technology,Software - Application,261.5400085449219,False,126.49000000000001,True,False,-34.08,-33.44,False,120.0,EXIT
THEINVEST,The Investment Trust of India Limited,Financial Services,Capital Markets,101.05999755859375,False,30.07,False,False,-40.16,-39.47,False,640.0,EXIT
SAYAJIHOTL,Sayaji Hotels Limited,Consumer Cyclical,Lodging,316.1000061035156,True,23.65,False,False,,,False,,EXIT
KANPRPLA,Kanpur Plastipack Limited,Consumer Cyclical,Packaging & Containers,207.02999877929688,False,45.19,True,True,-9.09,-4.31,False,627.0,HOLD
URJA,Urja Global Limited,Technology,Solar,9.779999732971191,False,1.19,False,False,-32.27,-31.65,False,163.56,EXIT
RUSHIL,Rushil Décor Limited,Consumer Cyclical,"Furnishings, Fixtures & Appliances",18.170000076293945,False,34.78,False,False,-33.72,-28.88,False,898.0,EXIT
SCHAND,S Chand And Company Limited,Communication Services,Publishing,143.07000732421875,False,263.64,False,False,-18.74,-37.16,False,794.0,EXIT
ELIN,Elin Electronics Limited,Industrials,Electrical Equipment & Parts,102.02999877929688,False,24.11,False,False,-46.53,-46.72,False,1180.0,EXIT
BBTCL,B&B Triplewall Containers Limited,Consumer Cyclical,Packaging & Containers,221.8300018310547,False,20.44,False,True,1.56,6.32,True,492.0,HOLD
SREEL,Sreeleathers Limited,Consumer Cyclical,Footwear & Accessories,215.3699951171875,False,28.74,False,True,-19.94,-15.14,False,,EXIT
BMWVENTLTD,BMWVENTLTD,Basic Materials,Steel,60.75,False,41.34,False,True,,,False,,EXIT
IGCL,IGCL,Basic Materials,Agricultural Inputs,74.72000122070312,False,42.09,False,True,-31.07,-32.11,False,590.0,EXIT
KAMATHOTEL,Kamat Hotels (India) Limited,Consumer Cyclical,Lodging,172.05999755859375,False,40.269999999999996,False,False,-45.27,-40.4,False,264.0,EXIT
UNIVASTU,Univastu India Limited,Industrials,Engineering & Construction,141.5500030517578,True,7.01,False,True,60.75,60.32,True,171.0,HOLD
ZEEMEDIA,Zee Media Corporation Limited,Communication Services,Broadcasting,7.099999904632568,False,103.64000000000001,False,False,-30.61,-48.87,False,867.0,EXIT
ORIENTCER,Orient Ceratech Limited,Basic Materials,Specialty Chemicals,41.43000030517578,False,21.860000000000003,False,True,-4.34,-5.45,False,366.0,EXIT
NAHARINDUS,Nahar Industrial Enterprises Limited,Consumer Cyclical,Textile Manufacturing,121.08000183105469,False,51.34,False,True,-5.47,-0.69,False,2006.0,EXIT
IL&FSENGG,IL&FS Engineering and Construction Company Limited,Industrials,Engineering & Construction,35.52000045776367,False,22.419999999999998,True,True,1.64,1.34,True,3267.0,HOLD
PLASTIBLEN,Plastiblends India Limited,Basic Materials,Specialty Chemicals,197.49000549316406,False,44.2,False,True,0.89,-0.25,False,,EXIT
3IINFOLTD,3i Infotech Limited,Technology,Information Technology Services,25.5,False,34.3,False,True,5.74,6.13,True,1344.0,HOLD
DENORA,De Nora India Limited,Industrials,Electrical Equipment & Parts,869.9500122070312,False,10.33,False,True,-1.17,-1.45,False,,EXIT
CSLFINANCE,CSL Finance Limited,Financial Services,Credit Services,213.0399932861328,False,86.12,False,False,-34.57,-33.9,False,,EXIT
INTLCONV,International Conveyors Limited,Industrials,Specialty Industrial Machinery,75.13999938964844,False,103.1,True,False,-17.14,-17.39,False,215.0,EXIT
DICIND,DIC India Limited,Basic Materials,Specialty Chemicals,523.25,False,19.03,False,True,-16.4,-17.49,False,892.0,EXIT
FOCUS,Focus Lighting and Fixtures Limited,Consumer Cyclical,"Furnishings, Fixtures & Appliances",67.97000122070312,False,5.49,False,False,-43.14,-38.28,False,224.0,EXIT
ADVANIHOTR,Advani Hotels & Resorts (India) Limited,Consumer Cyclical,Lodging,50.77000045776367,False,25.820000000000004,True,False,-22.08,-17.27,False,71.0,EXIT
TERASOFT,Tera Software Limited,Technology,Information Technology Services,424.04998779296875,False,24.799999999999997,True,True,36.27,36.47,True,131.0,HOLD
ORIENTBELL,Orient Bell Limited,Industrials,Building Products & Equipment,315.54998779296875,False,13.169999999999998,False,True,4.12,3.82,True,705.0,HOLD
HLVLTD,HLV Limited,Consumer Cyclical,Lodging,7.25,False,26.17,False,False,-53.68,-48.79,False,718.0,EXIT
NILASPACES,Nila Spaces Limited,Real Estate,Real Estate - Development,12.170000076293945,False,28.56,True,False,2.69,-14.07,False,136.0,EXIT
ASAHISONG,Asahi Songwon Colors Limited,Basic Materials,Specialty Chemicals,373.70001220703125,False,34.83,True,True,20.3,19.12,True,562.0,HOLD
HALEOSLABS,Haleos Labs Limited,Healthcare,Biotechnology,1438.699951171875,False,17.32,False,True,9.58,19.16,True,378.0,HOLD
WSI,W.S. Industries (India) Limited,Industrials,Engineering & Construction,60.06999969482422,False,6.42,False,False,-27.89,-28.12,False,326.0,EXIT
SRGHFL,SRG Housing Finance Limited,Financial Services,Mortgage Finance,291.75,False,32.49,False,True,-15.51,-14.92,False,,EXIT
MIRZAINT,Mirza International Limited,Consumer Cyclical,Footwear & Accessories,33.470001220703125,False,40.489999999999995,False,False,-13.35,-8.56,False,1399.0,EXIT
UGARSUGAR,The Ugar Sugar Works Limited,Consumer Defensive,Confectioners,45.72999954223633,False,105.42,True,True,11.31,5.32,True,1794.0,HOLD
KHAICHEM,Khaitan Chemicals and Fertilizers Limited,Basic Materials,Agricultural Inputs,53.560001373291016,False,54.019999999999996,False,False,-53.1,-54.08,False,,EXIT
DAVANGERE,Davangere Sugar Company Limited,Consumer Defensive,Confectioners,3.0899999141693115,False,8.5,False,False,-4.6,-10.48,False,,EXIT
XTGLOBAL,XTGlobal Infotech Limited,Technology,Software - Application,32.369998931884766,False,13.03,False,True,-19.76,-19.21,False,242.0,EXIT
RAMAPHO,Rama Phosphates Limited,Basic Materials,Agricultural Inputs,124.5,False,52.49,False,False,-19.75,-20.83,False,,EXIT
UNIDT,United Drilling Tools Limited,Energy,Oil & Gas Equipment & Services,237.86000061035156,False,18.97,False,True,5.16,13.03,True,175.0,HOLD
MAJESAUT,Majestic Auto Limited,Real Estate,Real Estate Services,495.45001220703125,True,96.89999999999999,False,False,,,False,,EXIT
MANAKSTEEL,Manaksia Steels Limited,Basic Materials,Steel,88.12999725341797,False,39.92,True,True,34.91,33.69,True,742.0,HOLD
GUJAPOLLO,Gujarat Apollo Industries Limited,Industrials,Specialty Industrial Machinery,367.6000061035156,False,5.15,False,False,-24.67,-24.9,False,77.9,EXIT
LIBERTSHOE,Liberty Shoes Ltd.,Consumer Cyclical,Footwear & Accessories,264.25,False,14.829999999999998,False,False,-27.04,-22.21,False,526.0,EXIT
VINYLINDIA,Vinyl Chemicals (India) Limited,Basic Materials,Specialty Chemicals,244.3800048828125,False,16.5,False,True,-17.38,-18.46,False,,EXIT
SILINV,SIL Investments Limited,Financial Services,Asset Management,433.70001220703125,False,56.02,False,False,-30.33,-29.68,False,178.0,EXIT
SBGLP,Suratwwala Business Group Limited,Real Estate,Real Estate - Development,25.3700008392334,False,37.9,True,False,-26.06,-42.45,False,72.0,EXIT
DONEAR,Donear Industries Limited,Consumer Cyclical,Textile Manufacturing,84.52999877929688,False,27.950000000000003,False,False,-24.14,-19.32,False,914.0,EXIT
MOLDTECH,Mold-Tek Technologies Limited,Industrials,Engineering & Construction,198.60000610351562,False,10.09,False,True,38.24,37.86,True,161.0,HOLD
ACL,Andhra Cements Limited,Basic Materials,Building Materials,47.9900016784668,False,158.21,False,False,-27.63,-28.68,False,,EXIT
ARIES,Aries Agro Limited,Basic Materials,Agricultural Inputs,344.04998779296875,False,51.7,True,False,-14.1,-15.18,False,622.0,EXIT
THOMASCOTT,Thomas Scott (India) Limited,Consumer Cyclical,Textile Manufacturing,310.5,False,19.179999999999996,False,False,-8.38,-3.6,False,,EXIT
ABCOTS,ABCOTS,Consumer Cyclical,Textile Manufacturing,200.8699951171875,False,13.030000000000001,False,False,-60.93,-56.03,False,298.0,EXIT
MAZDA,Mazda Limited,Industrials,Specialty Industrial Machinery,228.35000610351562,False,27.500000000000004,False,True,-26.16,-26.39,False,,EXIT
TARACHAND,Tara Chand Infralogistic Solutions Limited,Industrials,Farm & Heavy Construction Machinery,49.88999938964844,False,27.7,False,False,-35.44,-35.65,False,,EXIT
NDLVENTURE,NDL Ventures Limited,Communication Services,Entertainment,128.3699951171875,False,0.76,False,True,105.03,84.96,True,1080.0,HOLD
RAMANEWS,Shree Rama Newsprint Limited,Consumer Defensive,Beverages - Non-Alcoholic,33.52000045776367,False,68.53999999999999,False,True,-0.71,-6.62,False,,EXIT
CYBERTECH,CyberTech Systems and Software Limited,Technology,Information Technology Services,137.49000549316406,False,31.740000000000002,False,True,-10.55,-10.06,False,236.0,EXIT
BANSWRAS,Banswara Syntex Limited,Consumer Cyclical,Textile Manufacturing,123.77999877929688,False,33.94,False,True,-20.52,-15.71,False,1499.0,EXIT
KAYA,Kaya Limited,Consumer Defensive,Household & Personal Products,273.70001220703125,False,96.18,False,False,-35.36,-41.04,False,421.0,EXIT
NAHARCAP,Nahar Capital and Financial Services Limited,Financial Services,Capital Markets,273.7799987792969,False,63.13000000000001,False,True,-13.39,-12.82,False,52.0,EXIT
SARVESHWAR,Sarveshwar Foods Limited,Consumer Defensive,Packaged Foods,3.440000057220459,False,31.79,True,False,-57.26,-62.79,False,1134.0,EXIT
MANORG,Mangalam Organics Limited,Basic Materials,Specialty Chemicals,459.5,False,20.79,False,False,-5.48,-6.6,False,530.0,EXIT
ESSARSHPNG,Essar Shipping Limited,Industrials,Marine Shipping,19.860000610351562,False,166.78000000000003,False,False,-27.54,-27.77,False,2194.0,EXIT
DJML,DJ Mediaprint & Logistics Limited,Industrials,Specialty Business Services,110.77999877929688,False,11.379999999999999,True,True,-5.37,-5.64,False,82.0,HOLD
LORDSCHLO,Lords Chloro Alkali Limited,Basic Materials,Chemicals,144.6300048828125,False,29.529999999999998,False,False,-33.58,-34.61,False,,EXIT
ATALREAL,Atal Realtech Limited,Industrials,Engineering & Construction,34.619998931884766,True,6.49,True,True,75.06,74.6,True,96.0,ADD
MAWANASUG,Mawana Sugars Limited,Consumer Defensive,Confectioners,113.19999694824219,False,96.43,False,True,29.42,23.31,True,1485.0,HOLD
AFIL,AFIL,Financial Services,Credit Services,9.0600004196167,False,44.27,False,True,26.02,26.43,True,,HOLD
OMAXAUTO,Omax Autos Limited,Consumer Cyclical,Auto Parts,192.60000610351562,False,40.489999999999995,True,True,22.26,26.97,True,1287.0,HOLD
EMAMIREAL,Emami Realty Limited,Real Estate,Real Estate - Development,78.3499984741211,False,189.46999999999997,True,False,-17.99,-34.48,False,1041.0,EXIT
MONEYBOXX,Moneyboxx Finance Limited,Financial Services,Credit Services,61.650001525878906,False,1.34,False,False,,,False,,EXIT
MEDICO,Medico Remedies Limited,Healthcare,Drug Manufacturers - Specialty & Generic,47.720001220703125,False,13.120000000000001,False,True,8.53,18.11,True,,HOLD
VRAJ,VRAJ,Basic Materials,Steel,122.26000213623047,False,32.010000000000005,False,False,-26.49,-27.54,False,516.0,EXIT
TOLINS,TOLINS,Consumer Cyclical,Auto Parts,103.08999633789062,False,35.68,False,False,-38.1,-33.25,False,292.0,EXIT
SURAJLTD,Suraj Limited,Basic Materials,Steel,218.67999267578125,False,8.319999999999999,False,False,-38.93,-39.95,False,367.0,EXIT
FOODSIN,Foods and Inns Limited,Consumer Defensive,Packaged Foods,53.029998779296875,False,27.689999999999998,False,False,-46.66,-52.26,False,1020.0,EXIT
PPAP,PPAP Automotive Limited,Consumer Cyclical,Auto Parts,311.8500061035156,False,47.84,True,True,17.36,22.08,True,554.0,HOLD
KOTHARIPRO,Kothari Products Limited,Industrials,Conglomerates,68.0,False,37.92,False,False,-15.81,-16.07,False,6866.0,EXIT
AUTOIND,Autoline Industries Limited,Consumer Cyclical,Auto Parts,95.79000091552734,False,38.53,True,True,24.53,29.23,True,677.0,HOLD
HARRMALAYA,Harrisons Malayalam Limited,Consumer Defensive,Farm Products,222.27000427246094,False,29.130000000000003,False,True,10.2,4.21,True,512.0,HOLD
ALBERTDAVD,Albert David Limited,Healthcare,Drug Manufacturers - Specialty & Generic,730.5499877929688,False,47.97,False,True,-24.16,-14.36,False,362.0,EXIT
S&SPOWER,S&S Power Switchgear Limited,Industrials,Electrical Equipment & Parts,309.6499938964844,False,10.11,True,False,-26.32,-26.55,False,186.0,EXIT
INSPIRISYS,Inspirisys Solutions Limited,Technology,Information Technology Services,97.5999984741211,False,40.93,True,True,-13.1,-12.6,False,589.0,HOLD
GINNIFILA,Ginni Filaments Limited,Consumer Cyclical,Textile Manufacturing,44.939998626708984,False,35.48,False,True,-19.5,-14.7,False,1084.0,EXIT
SHIVALIK,Shivalik Rasayan Limited,Basic Materials,Agricultural Inputs,259.7200012207031,False,11.88,False,False,-57.33,-58.29,False,312.0,EXIT
ORIENTPPR,Orient Paper & Industries Limited,Basic Materials,Paper & Paper Products,18.829999923706055,False,96.79,False,False,-36.05,-37.08,False,1615.0,EXIT
KESORAMIND,Kesoram Industries Limited,Basic Materials,Building Materials,13.0,False,5902.05,True,True,148.31,146.76,True,3882.0,HOLD
MARKOLINES,MARKOLINES,Industrials,Infrastructure Operations,180.64999389648438,True,26.229999999999997,True,True,,,False,347.0,HOLD
RADIANTCMS,Radiant Cash Management Services Limited,Industrials,Specialty Business Services,38.84000015258789,False,32.25,False,False,-33.93,-34.15,False,427.0,EXIT
EUROBOND,EUROBOND,Industrials,Building Products & Equipment,161.60000610351562,False,26.56,True,False,-32.35,-32.57,False,423.0,EXIT
RUBFILA,Rubfila International Limited,Basic Materials,Specialty Chemicals,72.98999786376953,False,26.610000000000003,False,True,-9.28,-10.39,False,550.0,EXIT
BATLIBOI,Batliboi Limited,Industrials,Specialty Industrial Machinery,102.66999816894531,True,15.76,False,False,,,False,,EXIT
GOKUL,Gokul Refoils & Solvent Limited,Consumer Defensive,Packaged Foods,40.040000915527344,False,18.48,False,True,-2.63,-8.53,False,6349.0,EXIT
MBLINFRA,MBL Infrastructures Limited,Industrials,Engineering & Construction,25.1299991607666,False,30.69,False,False,-41.45,-41.64,False,2343.0,EXIT
MUTHOOTCAP,Muthoot Capital Services Limited,Financial Services,Credit Services,263.94000244140625,False,25.810000000000002,False,True,-6.49,-5.94,False,,EXIT
AVG,AVG Logistics Limited,Industrials,Integrated Freight & Logistics,202.0,False,26.159999999999997,False,True,-21.98,-22.22,False,552.0,EXIT
SHAH,Shah Metacorp Limited,Basic Materials,Steel,3.9000000953674316,False,13.53,False,False,-0.39,-1.51,False,277.0,EXIT
CPEDU,Career Point Edutech Ltd.,Consumer Defensive,Education & Training Services,212.82000732421875,False,22.95,False,False,,,False,50.0,EXIT
MANOMAY,Manomay Tex India Limited,Consumer Cyclical,Textile Manufacturing,216.42999267578125,False,19.65,False,True,26.88,31.58,True,,HOLD
UYFINCORP,U. Y. Fincorp Limited,Financial Services,Credit Services,19.200000762939453,False,48.28,True,True,1.64,2.16,True,,HOLD
DIGISPICE,DiGiSPICE Technologies Limited,Financial Services,Financial Conglomerates,17.200000762939453,False,18.97,True,False,-27.71,-27.07,False,2111.0,EXIT
GVKPIL,GVK Power & Infrastructure Limited,Utilities,Utilities - Independent Power Producers,2.4100000858306885,False,839.51,False,False,-30.72,-38.84,False,4098.0,EXIT
JKIPL,JKIPL,Industrials,Farm & Heavy Construction Machinery,97.97000122070312,False,106.04000000000002,False,True,,,False,381.0,EXIT
KOTYARK,KOTYARK,Basic Materials,Specialty Chemicals,40.380001068115234,False,10.78,False,True,80.33,78.97,True,288.0,HOLD
HCL-INSYS,HCL Infosystems Limited,Technology,Electronics & Computer Distribution,11.600000381469727,False,32.92,True,False,-27.9,-27.3,False,7848.0,EXIT
MEGASTAR,Megastar Foods Limited,Consumer Defensive,Packaged Foods,324.6000061035156,False,9.3,False,True,24.04,17.96,True,361.0,HOLD
SINCLAIR,Sinclairs Hotels Limited,Consumer Cyclical,Lodging,76.58999633789062,False,14.85,True,False,-30.8,-25.96,False,19.63,EXIT
KRITI,Kriti Industries (India) Limited,Industrials,Building Products & Equipment,69.30999755859375,False,21.42,False,False,-62.58,-62.73,False,867.0,EXIT
MANAKSIA,Manaksia Limited,Industrials,Metal Fabrication,57.2599983215332,False,52.33,False,False,-28.36,-28.58,False,1679.0,EXIT
KCPSUGIND,K.C.P. Sugar and Industries Corporation Limited,Consumer Defensive,Confectioners,30.729999542236328,False,41.519999999999996,False,True,-3.6,-9.49,False,442.0,EXIT
KRITINUT,Kriti Nutrients Limited,Consumer Defensive,Packaged Foods,94.08999633789062,False,33.910000000000004,False,True,-8.03,-13.89,False,734.0,EXIT
SHARDUL,Shardul Securities Limited,Financial Services,Capital Markets,41.45000076293945,False,262.16999999999996,False,False,,,False,,EXIT
AEPL,Artemis Electricals and Projects Limited,Industrials,Electrical Equipment & Parts,14.520000457763672,False,8.71,True,False,,,False,72.35,EXIT
VARDHACRLC,Vardhman Acrylics Limited,Consumer Cyclical,Textile Manufacturing,45.5099983215332,False,185.64000000000001,False,True,-10.64,-5.86,False,,EXIT
TRANSWORLD,Transworld Shipping Lines Limited,Industrials,Marine Shipping,158.42999267578125,False,71.79,False,False,-43.88,-44.07,False,718.0,EXIT
DREAMFOLKS,Dreamfolks Services Limited,Industrials,Airports & Air Services,70.66000366210938,False,53.46,False,False,-49.11,-49.29,False,1292.0,EXIT
NIMBSPROJ,Nimbus Projects Limited,Unknown,Unknown,181.0,False,103.12,False,False,,,False,176.0,EXIT
BEDMUTHA,Bedmutha Industries Limited,Basic Materials,Steel,112.41000366210938,False,22.69,False,False,-23.08,-24.14,False,1049.0,EXIT
GOACARBON,Goa Carbon Limited,Basic Materials,Specialty Chemicals,380.0,False,55.849999999999994,True,False,-23.16,-24.22,False,344.0,EXIT
ASHIMASYN,Ashima Limited,Real Estate,Real Estate - Development,18.1200008392334,False,19.69,False,True,-14.16,-30.7,False,449.0,EXIT
SHANKARA,Shankara Building Products Limited,Consumer Cyclical,Home Improvement Retail,140.99000549316406,False,46.14,False,True,-96.95,-91.96,False,5697.0,EXIT
NURECA,Nureca Limited,Healthcare,Medical Devices,338.6499938964844,False,13.700000000000001,False,True,31.22,40.66,True,256.0,HOLD
KAVDEFENCE,KAVDEFENCE,Technology,Communication Equipment,57.15999984741211,False,2.43,False,False,-3.94,-3.48,False,170.37,EXIT
DBEIL,DBEIL,Industrials,Engineering & Construction,7.260000228881836,False,39.65,False,False,-50.51,-50.68,False,,EXIT
DCMSRIND,DCM Shriram Industries Limited,Consumer Defensive,Confectioners,42.7599983215332,False,47.44,False,False,-74.41,-79.82,False,2351.0,EXIT
NDL,Nandan Denim Limited,Consumer Cyclical,Textile Manufacturing,2.309999942779541,False,33.129999999999995,False,False,-43.17,-38.31,False,,EXIT
AARTISURF,Aarti Surfactants Limited,Basic Materials,Specialty Chemicals,551.3499755859375,False,12.35,False,True,0.33,-0.8,False,659.0,EXIT
VPRPL,Vishnu Prakash R Punglia Limited,Industrials,Engineering & Construction,29.459999084472656,False,171.42,False,False,-85.72,-85.81,False,,EXIT
SHEMAROO,Shemaroo Entertainment Limited,Communication Services,Entertainment,119.66999816894531,False,180.85999999999999,True,True,17.33,-1.57,False,707.0,HOLD
PAKKA,Pakka Limited,Basic Materials,Paper & Paper Products,72.1500015258789,False,21.27,False,False,-66.09,-67.03,False,408.0,EXIT
SOMATEX,Soma Textiles & Industries Limited,Consumer Cyclical,Textile Manufacturing,94.37999725341797,False,11.08,False,False,0.84,5.59,True,272.93,EXIT
SAHYADRI,Sahyadri Industries Limited,Industrials,Building Products & Equipment,332.1499938964844,False,29.0,False,True,11.28,10.96,True,,HOLD
VALIANTLAB,Valiant Laboratories Limited,Healthcare,Drug Manufacturers - Specialty & Generic,61.52000045776367,False,10.84,False,False,-48.95,-38.99,False,334.0,EXIT
HILINFRA,HILINFRA,Industrials,Infrastructure Operations,45.529998779296875,False,32.07,False,False,,,False,573.0,EXIT
COASTCORP,Coastal Corporation Limited,Consumer Defensive,Packaged Foods,45.029998779296875,False,26.42,False,False,33.66,27.52,True,613.0,EXIT
DYNPRO,Dynemic Products Limited,Basic Materials,Specialty Chemicals,260.6000061035156,False,19.94,False,True,-27.04,-28.1,False,368.0,EXIT
TREJHARA,Trejhara Solutions Limited,Technology,Software - Application,165.1300048828125,False,8.67,False,False,-30.65,-30.03,False,116.0,EXIT
TRACXN,Tracxn Technologies Limited,Technology,Software - Application,30.09000015258789,False,10.120000000000001,False,False,-52.69,-51.94,False,,EXIT
RUCHIRA,Ruchira Papers Limited,Basic Materials,Paper & Paper Products,111.20999908447266,False,44.150000000000006,False,False,-20.36,-21.43,False,,EXIT
DEVX,Dev Accelerator Limited,Real Estate,Real Estate Services,34.040000915527344,False,12.75,False,False,,,False,127.0,EXIT
VGL,VGL,Consumer Cyclical,Textile Manufacturing,62.279998779296875,False,69.63,True,False,-38.69,-33.84,False,827.0,EXIT
MEDICAMEQ,Medicamen Biotech Limited,Healthcare,Drug Manufacturers - Specialty & Generic,237.6699981689453,False,10.31,False,False,-51.65,-41.67,False,179.0,EXIT
BELLACASA,Bella Casa Fashion & Retail Limited,Consumer Cyclical,Textile Manufacturing,240.38999938964844,False,20.13,False,False,-52.55,-47.66,False,,EXIT
AVONMORE,Avonmore Capital & Management Services Limited,Financial Services,Capital Markets,11.100000381469727,False,26.929999999999996,False,False,-45.11,-44.39,False,,EXIT
OILCOUNTUB,Oil Country Tubular Limited,Energy,Oil & Gas Equipment & Services,60.0099983215332,False,61.49,False,True,-48.83,-39.46,False,,EXIT
TAKE,TAKE LIMITED,Healthcare,Health Information Services,22.389999389648438,False,11.260000000000002,False,False,128.31,137.1,True,2212.9,EXIT
APOLSINHOT,Apollo Sindoori Hotels Limited,Industrials,Specialty Business Services,1243.5999755859375,False,10.51,False,True,-10.54,-10.8,False,542.0,EXIT
GENUSPAPER,Genus Paper & Boards Limited,Basic Materials,Paper & Paper Products,12.5600004196167,False,9.459999999999999,False,False,-34.8,-35.83,False,863.0,EXIT
HALDER,Halder Venture Limited,Consumer Defensive,Farm Products,260.7699890136719,False,50.56999999999999,True,False,,,False,884.0,EXIT
CLEDUCATE,CL Educate Limited,Consumer Defensive,Education & Training Services,59.77000045776367,False,36.7,True,False,-26.4,-32.13,False,358.0,EXIT
NATHBIOGEN,Nath Bio-Genes (India) Limited,Basic Materials,Agricultural Inputs,160.8800048828125,False,36.62,False,True,-11.77,-12.87,False,268.0,EXIT
VERTOZ,Vertoz Limited,Technology,Software - Infrastructure,35.72999954223633,False,26.04,False,False,-64.77,-63.94,False,254.0,EXIT
MODIRUBBER,Modi Rubber Limited,Real Estate,Real Estate Services,121.11000061035156,False,24.48,False,False,14.15,-2.75,False,146.0,EXIT
OMFREIGHT,OMFREIGHT,Industrials,Integrated Freight & Logistics,89.29000091552734,False,19.96,False,True,,,False,489.0,EXIT
SUNDRMBRAK,Sundaram Brake Linings Limited,Consumer Cyclical,Auto Parts,775.5,False,12.359999999999998,False,True,-9.6,-4.82,False,,EXIT
CINELINE,Cineline India Limited,Communication Services,Entertainment,90.06999969482422,False,14.79,True,True,15.12,-3.76,False,286.0,HOLD
TIGERLOGS,Tiger Logistics (India) Limited,Industrials,Integrated Freight & Logistics,26.56999969482422,False,21.490000000000002,True,False,,,False,330.0,EXIT
HPAL,HP Adhesives Limited,Basic Materials,Specialty Chemicals,35.150001525878906,False,11.71,False,False,-30.63,-31.67,False,251.0,EXIT
ELGIRUBCO,Elgi Rubber Company Limited,Consumer Cyclical,Auto Parts,60.900001525878906,False,240.24,True,True,13.37,18.09,True,489.0,HOLD
RPPINFRA,R.P.P. Infra Projects Limited,Industrials,Engineering & Construction,57.849998474121094,False,38.46,False,False,-57.29,-57.45,False,1439.0,EXIT
MAHEPC,Mahindra EPC Irrigation Limited,Industrials,Farm & Heavy Construction Machinery,107.69999694824219,False,14.4,False,False,-27.34,-27.57,False,284.0,EXIT
SPENCERS,Spencer's Retail Limited,Consumer Cyclical,Department Stores,33.0099983215332,False,249.32999999999998,True,False,-50.13,-45.25,False,2645.0,EXIT
APCL,Anjani Portland Cement Limited,Basic Materials,Building Materials,105.43000030517578,False,28.78,False,False,-31.88,-32.92,False,801.0,EXIT
GOLDTECH,AION-TECH Solutions Limited,Technology,Information Technology Services,54.15999984741211,False,10.07,False,True,-29.87,-29.26,False,93.0,EXIT
REMSONSIND,Remsons Industries Limited,Consumer Cyclical,Auto Parts,88.63999938964844,False,18.04,True,False,-37.22,-32.37,False,377.0,EXIT
RHL,Robust Hotels Limited,Consumer Cyclical,Lodging,177.52999877929688,False,24.700000000000003,False,False,-44.45,-39.59,False,,EXIT
NILAINFRA,Nila Infrastructures Limited,Real Estate,Real Estate - Development,7.630000114440918,False,25.019999999999996,True,False,-20.4,-36.87,False,247.0,EXIT
PRITIKAUTO,Pritika Auto Industries Limited,Industrials,Specialty Industrial Machinery,18.520000457763672,False,19.88,False,True,0.35,0.06,True,423.0,HOLD
VARDMNPOLY,Vardhman Polytex Limited,Consumer Cyclical,Textile Manufacturing,6.0,False,7.670000000000001,False,False,-49.26,-44.39,False,1051.0,EXIT
IITL,Industrial Investment Trust Limited,Financial Services,Credit Services,141.8300018310547,False,45.18,False,False,-16.64,-16.05,False,339.07,EXIT
ATLANTAA,Atlantaa Limited,Industrials,Infrastructure Operations,40.310001373291016,False,44.940000000000005,False,False,17.35,17.02,True,541.0,EXIT
AARON,Aaron Industries Limited,Industrials,Specialty Industrial Machinery,134.57000732421875,False,6.789999999999999,False,False,-46.85,-47.03,False,,EXIT
AXITA,Axita Cotton Limited,Consumer Cyclical,Textile Manufacturing,7.300000190734863,False,6.31,True,False,-18.24,-13.44,False,653.0,EXIT
ALPINETEX,ALPINETEX,Consumer Cyclical,Textile Manufacturing,66.25,False,0.0,False,False,,,False,,EXIT
NDGL,Naga Dhunseri Group Limited,Financial Services,Capital Markets,2750.0,False,64.03999999999999,False,False,-37.12,-36.44,False,,EXIT
PODDARMENT,Poddar Pigments Limited,Basic Materials,Specialty Chemicals,256.8999938964844,False,14.76,False,True,-15.79,-16.87,False,,EXIT
BTTL,Bhilwara Technical Textiles Limited,Consumer Cyclical,Textile Manufacturing,45.529998779296875,False,17.88,False,False,,,False,,EXIT
A2ZINFRA,A2Z Infra Engineering Limited,Industrials,Engineering & Construction,16.729999542236328,False,9.12,False,True,-20.08,-20.32,False,1349.0,EXIT
EXXARO,Exxaro Tiles Limited,Industrials,Building Products & Equipment,6.269999980926514,False,4.1,False,False,-23.55,-23.78,False,325.0,EXIT
AMBALALSA,Ambalal Sarabhai Enterprises Limited,Healthcare,Drug Manufacturers - Specialty & Generic,43.70000076293945,True,18.340000000000003,False,False,,,False,,EXIT
ZEELEARN,Zee Learn Limited,Consumer Defensive,Education & Training Services,7.989999771118164,False,56.11,False,True,-16.94,-22.74,False,517.0,EXIT
RMC,RMC Switchgears Limited,Industrials,Electrical Equipment & Parts,355.20001220703125,False,19.09,False,False,,,False,318.0,EXIT
IVC,IL&FS Investment Managers Limited,Financial Services,Financial Conglomerates,8.09000015258789,False,18.189999999999998,False,True,-9.85,-9.29,False,215.0,EXIT
BPL,BPL Limited,Technology,Consumer Electronics,53.41999816894531,False,14.36,False,False,-36.88,-36.23,False,198.0,EXIT
CORDSCABLE,Cords Cable Industries Limited,Industrials,Electrical Equipment & Parts,222.4600067138672,False,20.650000000000002,False,True,22.02,21.68,True,,HOLD
PONNIERODE,Ponni Sugars (Erode) Limited,Consumer Defensive,Confectioners,322.8999938964844,False,40.06,False,True,17.16,11.13,True,,HOLD
RNBDENIMS,R & B Denims Limited,Consumer Cyclical,Textile Manufacturing,9.039999961853027,False,23.22,False,False,,,False,296.0,EXIT
ALMONDZ,Almondz Global Securities Limited,Financial Services,Capital Markets,14.350000381469727,False,33.79,False,False,-38.54,-37.85,False,150.0,EXIT
SAKUMA,Sakuma Exports Limited,Consumer Defensive,Farm Products,1.6299999952316284,False,9.51,False,False,-38.43,-44.09,False,4546.0,EXIT
STARTECK,Starteck Finance Limited,Financial Services,Credit Services,257.29998779296875,False,23.61,False,False,-24.31,-23.69,False,,EXIT
DPWIRES,D.P. Wires Limited,Industrials,Metal Fabrication,166.42999267578125,False,17.580000000000002,False,False,-26.44,-26.67,False,,EXIT
DCMNVL,DCM Nouvelle Limited,Consumer Cyclical,Textile Manufacturing,160.77999877929688,False,8.43,False,True,-19.49,-14.68,False,1081.0,EXIT
FCSSOFT,FCS Software Solutions Limited,Technology,Information Technology Services,1.4700000286102295,False,9.24,True,False,-44.9,-44.19,False,133.41,EXIT
BIMETAL,Bimetal Bearings Limited,Consumer Cyclical,Auto Parts,660.1500244140625,False,11.73,False,False,,,False,,EXIT
GULFPETRO,GP Petroleums Limited,Energy,Oil & Gas Refining & Marketing,54.68000030517578,False,40.62,True,True,21.12,28.55,True,790.0,HOLD
KMSUGAR,K.M. Sugar Mills Limited,Consumer Defensive,Confectioners,28.3700008392334,False,53.42,True,True,9.12,3.14,True,659.0,HOLD
UCAL,UCAL Limited,Consumer Cyclical,Auto Parts,117.01000213623047,False,23.630000000000003,False,True,-25.67,-20.85,False,870.0,EXIT
UFO,UFO Moviez India Limited,Communication Services,Entertainment,67.86000061035156,False,24.03,False,False,8.27,-10.52,False,612.0,EXIT
PAVNAIND,Pavna Industries Limited,Consumer Cyclical,Auto Parts,19.09000015258789,False,8.809999999999999,False,False,-60.31,-55.41,False,298.0,EXIT
AHLEAST,Asian Hotels (East) Limited,Consumer Cyclical,Lodging,142.41000366210938,False,73.64,True,False,-14.46,-9.67,False,202.0,EXIT
TRF,TRF Limited,Industrials,Specialty Industrial Machinery,232.41000366210938,False,18.04,False,False,-34.94,-35.16,False,1162.56,EXIT
LOTUSEYE,Lotus Eye Hospital and Institute Limited,Healthcare,Medical Care Facilities,117.23999786376953,False,1.2400000000000002,False,True,45.72,55.06,True,,HOLD
DIAMINESQ,Diamines and Chemicals Limited,Basic Materials,Chemicals,266.95001220703125,False,12.780000000000001,False,True,-37.18,-38.21,False,110.34,EXIT
SURANAT&P,Surana Telecom and Power Limited,Utilities,Utilities - Independent Power Producers,17.969999313354492,False,24.810000000000002,True,False,3.02,-6.01,False,36.0,EXIT
MARALOVER,Maral Overseas Limited,Consumer Cyclical,Textile Manufacturing,53.86000061035156,False,33.96,False,True,-21.95,-17.14,False,,EXIT
NIPPOBATRY,Indo National Limited,Industrials,Electrical Equipment & Parts,333.45001220703125,False,31.15,False,False,-33.25,-33.47,False,641.0,EXIT
SAHLIBHFI,Shalibhadra Finance Limited,Financial Services,Credit Services,79.55000305175781,False,19.48,False,False,,,False,,EXIT
UNITEDTEA,The United Nilgiri Tea Estates Company Limited,Consumer Defensive,Farm Products,483.29998779296875,False,21.94,True,False,7.78,1.81,True,62.0,HOLD
SRD,Shankar Lal Rampal Dye-Chem Limited,Basic Materials,Specialty Chemicals,37.11000061035156,False,13.49,False,False,-56.88,-57.84,False,,EXIT
SHIVAMAUTO,Shivam Autotech Limited,Consumer Cyclical,Auto Parts,17.850000381469727,False,81.33,True,False,-47.62,-42.75,False,636.0,EXIT
RADIOCITY,Music Broadcast Limited,Communication Services,Broadcasting,6.869999885559082,False,67.74,True,True,-4.39,-23.0,False,201.0,HOLD
STARPAPER,Star Paper Mills Limited,Basic Materials,Paper & Paper Products,152.30999755859375,False,35.34,True,True,-14.11,-15.2,False,360.0,HOLD
VIKASLIFE,Vikas Lifecare Limited,Consumer Defensive,Farm Products,1.2599999904632568,False,167.38000000000002,True,False,-43.8,-49.42,False,480.0,EXIT
SETCO,Setco Automotive Limited,Consumer Cyclical,Auto Parts,17.75,False,130.54000000000002,True,False,12.83,17.56,True,691.0,HOLD
JAYSREETEA,Jay Shree Tea & Industries Limited,Consumer Defensive,Farm Products,89.69000244140625,False,64.22,False,True,-18.06,-23.85,False,858.0,EXIT
SUMIT,Sumit Woods Limited,Real Estate,Real Estate - Development,56.779998779296875,False,6.050000000000001,False,True,-28.94,-45.29,False,94.0,EXIT
GEEKAYWIRE,Geekay Wires Limited,Industrials,Electrical Equipment & Parts,22.520000457763672,False,30.110000000000003,False,False,-34.88,-35.1,False,,EXIT
BCONCEPTS,Brand Concepts Limited,Consumer Cyclical,Footwear & Accessories,177.36000061035156,False,6.58,False,False,-55.27,-50.38,False,292.0,EXIT
GLOBECIVIL,GLOBECIVIL,Industrials,Engineering & Construction,39.72999954223633,False,23.31,False,False,-53.25,-53.42,False,326.0,EXIT
AARVI,Aarvi Encon Limited,Industrials,Staffing & Employment Services,155.8699951171875,False,17.61,False,True,48.53,48.13,True,510.0,HOLD
VETO,Veto Switchgears and Cables Limited,Industrials,Electrical Equipment & Parts,122.91000366210938,False,25.13,False,True,-6.14,-6.41,False,300.0,EXIT
SIKKO,Sikko Industries Limited,Basic Materials,Agricultural Inputs,5.909999847412109,True,9.12,True,True,58.9,57.61,True,61.3,ADD
GLOBALVECT,Global Vectra Helicorp Limited,Industrials,Airports & Air Services,163.7899932861328,False,32.29,False,False,-32.56,-32.77,False,,EXIT
MANAKALUCO,Manaksia Aluminium Company Limited,Basic Materials,Aluminum,38.36000061035156,False,7.5600000000000005,False,True,17.81,16.63,True,,HOLD
SINTERCOM,Sintercom India Limited,Consumer Cyclical,Auto Parts,84.93000030517578,False,1.43,False,False,-42.82,-37.96,False,,EXIT
EQUIPPP,Equippp Social Impact Technologies Limited,Technology,Information Technology Services,23.34000015258789,False,1.51,False,True,6.71,7.09,True,560.34,HOLD
GENCON,Generic Engineering Construction and Projects Limited,Industrials,Engineering & Construction,39.380001068115234,False,8.5,False,False,-11.06,-11.33,False,302.0,EXIT
WORTHPERI,Worth Peripherals Limited,Consumer Cyclical,Packaging & Containers,149.86000061035156,False,14.63,False,True,-11.7,-6.91,False,297.0,EXIT
RCOM,Reliance Communications Limited,Communication Services,Telecom Services,0.8299999833106995,False,11125.0,True,False,-31.47,-49.72,False,25594.0,EXIT
SHIVATEX,Shiva Texyarn Limited,Consumer Cyclical,Textile Manufacturing,164.69000244140625,False,10.219999999999999,False,True,-22.57,-17.76,False,553.0,EXIT
CHEMBOND,Chembond Material Technologies Limited,Basic Materials,Specialty Chemicals,178.8000030517578,False,20.86,False,True,-2.45,-3.57,False,440.0,EXIT
DSFCL,DSFCL,Basic Materials,Specialty Chemicals,25.600000381469727,False,8.25,False,False,,,False,429.0,EXIT
BALAJEE,BALAJEE,Consumer Cyclical,Packaging & Containers,27.170000076293945,False,11.01,False,False,-52.37,-47.49,False,579.0,EXIT
AERONEU,Aeroflex Neu Limited,Consumer Cyclical,Packaging & Containers,85.44000244140625,False,3.46,False,True,-37.13,-32.28,False,129.0,EXIT
VMSTMT,VMSTMT,Basic Materials,Steel,44.75,False,21.04,False,False,,,False,,EXIT
NITIRAJ,Nitiraj Engineers Limited,Technology,Scientific & Technical Instruments,211.2899932861328,False,2.72,False,True,3.25,3.66,True,67.81,HOLD
SONAMLTD,Sonam Limited,Consumer Cyclical,"Furnishings, Fixtures & Appliances",54.650001525878906,False,0.0,False,True,8.63,13.37,True,,HOLD
PIGL,Power & Instrumental (Gujarat) Limited,Industrials,Engineering & Construction,105.70999908447266,False,14.280000000000001,True,False,-25.06,-25.3,False,169.0,EXIT
AAREYDRUGS,Aarey Drugs & Pharmaceuticals Limited,Healthcare,Drug Manufacturers - Specialty & Generic,81.80000305175781,False,4.52,False,True,5.16,14.76,True,,HOLD
LYKALABS,Lyka Labs Limited,Healthcare,Biotechnology,70.19999694824219,False,11.9,False,True,-47.64,-37.68,False,194.0,EXIT
KALYANIFRG,Kalyani Forge Limited,Consumer Cyclical,Auto Parts,606.3499755859375,False,9.56,False,False,-23.19,-18.38,False,,EXIT
ROSSELLIND,Rossell India Limited,Industrials,Conglomerates,54.95000076293945,False,63.44,True,True,-27.26,-27.49,False,367.0,HOLD
MAHESHWARI,Maheshwari Logistics Limited,Industrials,Integrated Freight & Logistics,73.0,False,16.849999999999998,False,True,17.78,17.45,True,1147.0,HOLD
RVTH,Revathi Equipment India Limited,Industrials,Farm & Heavy Construction Machinery,713.9000244140625,False,16.64,False,True,-24.29,-24.53,False,212.0,EXIT
BASML,Bannari Amman Spinning Mills Ltd,Consumer Cyclical,Textile Manufacturing,27.100000381469727,False,13.75,False,True,-15.91,-11.11,False,1560.0,EXIT
AFFORDABLE,Affordable Robotic & Automation Limited,Industrials,Specialty Industrial Machinery,190.85000610351562,False,12.079999999999998,False,True,-54.1,-54.27,False,163.0,EXIT
ASMS,Avio Smart Market Stack Limited,Technology,Information Technology Services,7.210000038146973,False,5.97,False,False,-47.07,-46.35,False,1163.0,EXIT
CCHHL,Country Club Hospitality & Holidays Limited,Consumer Cyclical,Lodging,12.779999732971191,False,18.54,False,False,-39.32,-34.47,False,520.63,EXIT
ALANKIT,Alankit Limited,Technology,Information Technology Services,8.09000015258789,False,19.1,False,False,-51.17,-50.43,False,312.0,EXIT
VSTL,Vibhor Steel Tubes Limited,Basic Materials,Steel,108.2699966430664,False,8.79,False,False,-34.51,-35.55,False,,EXIT
ZODIACLOTH,Zodiac Clothing Company Limited,Consumer Cyclical,Apparel Manufacturing,76.41999816894531,False,35.05,True,False,-33.78,-28.94,False,405.0,EXIT
KOTARISUG,Kothari Sugars and Chemicals Limited,Consumer Defensive,Confectioners,26.06999969482422,False,26.67,True,False,-15.13,-20.94,False,433.0,EXIT
PKTEA,The Peria Karamalai Tea and Produce Company Limited,Consumer Defensive,Farm Products,709.75,False,23.189999999999998,True,False,18.08,12.05,True,72.79,HOLD
SSDL,SSDL,Consumer Cyclical,Apparel Retail,53.540000915527344,False,23.409999999999997,False,False,-51.09,-46.21,False,604.0,EXIT
NOVAAGRI,Nova Agritech Limited,Basic Materials,Agricultural Inputs,23.059999465942383,False,12.84,False,False,-61.66,-62.62,False,294.0,EXIT
QMSMEDI,QMSMEDI,Healthcare,Medical Instruments & Supplies,114.51000213623047,False,11.239999999999998,False,True,30.82,40.26,True,,HOLD
NECLIFE,Nectar Lifesciences Limited,Healthcare,Drug Manufacturers - Specialty & Generic,10.5,False,145.75,True,False,-39.75,-29.85,False,2779.0,EXIT
PILITA,Pil Italica Lifestyle Limited,Consumer Cyclical,"Furnishings, Fixtures & Appliances",8.510000228881836,False,3.54,False,False,-51.72,-46.84,False,,EXIT
SAKHTISUG,Sakthi Sugars Limited,Consumer Defensive,Confectioners,17.5,False,195.89999999999998,False,False,-23.3,-29.06,False,3063.0,EXIT
JMA,Jullundur Motor Agency (Delhi) Limited,Consumer Cyclical,Auto Parts,87.29000091552734,False,29.71,True,True,-12.81,-8.02,False,556.0,HOLD
AKSHARCHEM,AksharChem (India) Limited,Basic Materials,Specialty Chemicals,280.8399963378906,False,11.540000000000003,False,True,3.99,2.85,True,380.0,HOLD
CPCAP,CP Capital Limited,Financial Services,Credit Services,112.94999694824219,False,42.58,True,True,-35.18,-34.5,False,,HOLD
SMARTLINK,Smartlink Holdings Limited,Technology,Communication Equipment,220.47999572753906,False,13.149999999999999,False,True,49.94,50.06,True,215.0,HOLD
SHRADHA,Shradha Realty Limited,Real Estate,Real Estate - Development,33.91999816894531,False,26.86,True,False,-33.57,-49.86,False,110.0,EXIT
SICAGEN,Sicagen India Limited,Basic Materials,Steel,61.720001220703125,False,18.07,False,False,,,False,,EXIT
VIJIFIN,Viji Finance Limited,Financial Services,Credit Services,11.029999732971191,False,4.33,True,True,145.55,145.43,True,,HOLD
AUSOMENT,AuSom Enterprise Limited,Financial Services,Capital Markets,138.27999877929688,False,19.48,False,True,33.01,33.38,True,2393.0,HOLD
INTENTECH,Intense Technologies Limited,Technology,Software - Infrastructure,82.98999786376953,False,28.69,True,False,-3.98,-3.53,False,127.4,EXIT
SPCENET,Spacenet Enterprises India Limited,Financial Services,Capital Markets,3.5199999809265137,False,16.07,False,False,-49.11,-48.37,False,157.0,EXIT
BHARATGEAR,Bharat Gears Limited,Consumer Cyclical,Auto Parts,107.62999725341797,False,16.509999999999998,False,False,13.13,17.86,True,,EXIT
TEAMGTY,Team India Guaranty Limited,Financial Services,Asset Management,223.8000030517578,False,2.09,False,False,-31.15,-30.5,False,,EXIT
ESSENTIA,Integra Essentia Limited,Consumer Defensive,Food Distribution,1.2300000190734863,False,5.41,False,False,-34.94,-40.63,False,442.0,EXIT
SHREYANIND,Shreyans Industries Limited,Basic Materials,Paper & Paper Products,141.5500030517578,False,32.53,False,False,-41.87,-42.88,False,,EXIT
LANCORHOL,Lancor Holdings Limited,Real Estate,Real Estate - Development,26.049999237060547,False,45.879999999999995,True,True,33.29,16.14,True,190.0,HOLD
VIPCLOTHNG,VIP Clothing Limited,Consumer Cyclical,Apparel Manufacturing,21.639999389648438,False,9.81,False,False,-53.86,-48.97,False,,EXIT
GICL,GICL,Industrials,Integrated Freight & Logistics,19.59000015258789,False,10.17,True,False,-88.37,-88.46,False,157.0,EXIT
GILLANDERS,Gillanders Arbuthnot and Company Limited,Consumer Defensive,Farm Products,88.55000305175781,False,28.15,True,False,-35.41,-41.09,False,947.0,EXIT
AIRAN,Airan Limited,Technology,Information Technology Services,15.050000190734863,False,12.110000000000001,False,False,-49.01,-48.28,False,106.0,EXIT
DRCSYSTEMS,DRC Systems India Limited,Technology,Information Technology Services,13.760000228881836,False,19.93,True,False,-24.23,-23.65,False,65.0,EXIT
RACE,Race Eco Chain Limited,Industrials,Waste Management,104.37999725341797,False,6.77,True,False,-60.5,-60.65,False,555.0,EXIT
PLAZACABLE,Plaza Wires Limited,Industrials,Electrical Equipment & Parts,47.43000030517578,False,7.300000000000001,False,True,-20.5,-20.74,False,,EXIT
MURUDCERA,Murudeshwar Ceramics Ltd.,Industrials,Building Products & Equipment,30.950000762939453,False,10.79,True,False,-36.77,-36.98,False,202.0,EXIT
TAINWALCHM,Tainwala Chemicals and Plastics (India) Limited,Basic Materials,Specialty Chemicals,206.16000366210938,False,10.79,False,True,-16.96,-18.04,False,,EXIT
BYKE,The Byke Hospitality Limited,Consumer Cyclical,Lodging,34.11000061035156,False,6.709999999999999,False,False,-63.51,-58.6,False,,EXIT
SILGO,Silgo Retail Limited,Consumer Cyclical,Luxury Goods,69.30000305175781,False,5.27,True,False,16.89,21.61,True,44.37,HOLD
ASPINWALL,Aspinwall and Company Limited,Consumer Defensive,Farm Products,242.02999877929688,False,19.7,False,True,-9.14,-15.0,False,336.0,EXIT
RANASUG,Rana Sugars Limited,Consumer Defensive,Confectioners,12.640000343322754,False,57.13,False,True,-8.61,-14.47,False,1713.0,EXIT
BROOKS,Brooks Laboratories Limited,Healthcare,Drug Manufacturers - Specialty & Generic,60.04999923706055,False,24.58,True,False,-75.23,-65.09,False,91.0,EXIT
KHADIM,Khadim India Limited,Consumer Cyclical,Footwear & Accessories,97.04000091552734,False,3.4499999999999997,False,False,-72.97,-68.04,False,799.0,EXIT
SUPREME,Supreme Holdings & Hospitality (India) Limited,Real Estate,Real Estate - Development,45.81999969482422,False,0.56,False,False,-25.93,-42.32,False,78.33,EXIT
SUPERHOUSE,Superhouse Limited,Consumer Cyclical,Footwear & Accessories,159.02000427246094,False,7.13,False,True,-10.92,-6.13,False,800.0,EXIT
RUDRA,Rudra Global Infra Products Limited,Basic Materials,Steel,17.90999984741211,False,13.52,False,False,,,False,561.0,EXIT
NIRAJ,Niraj Cement Structurals Limited,Industrials,Engineering & Construction,29.489999771118164,False,21.130000000000003,True,False,-44.31,-44.5,False,606.0,EXIT
ARVEE,Arvee Laboratories (India) Ltd.,Basic Materials,Specialty Chemicals,155.6999969482422,False,2.08,False,False,-10.11,-11.21,False,61.35,EXIT
VIRINCHI,Virinchi Limited,Technology,Software - Application,15.489999771118164,False,30.299999999999997,False,False,-48.72,-47.99,False,406.0,EXIT
VASWANI,Vaswani Industries Limited,Basic Materials,Steel,51.68000030517578,False,20.16,True,False,-6.08,-7.2,False,389.0,EXIT
VIPULLTD,Vipul Limited,Real Estate,Real Estate - Diversified,12.3100004196167,False,44.839999999999996,False,True,22.03,5.03,True,284.0,HOLD
SANGINITA,Sanginita Chemicals Limited,Basic Materials,Chemicals,60.29999923706055,False,9.899999999999999,True,True,500.86,498.31,True,230.0,HOLD
EMMBI,Emmbi Industries Limited,Consumer Cyclical,Packaging & Containers,85.9800033569336,False,7.890000000000001,True,False,-27.08,-22.26,False,404.0,EXIT
TIPSFILMS,Tips Films Limited,Communication Services,Entertainment,376.8500061035156,False,25.33,False,True,-7.96,-26.53,False,,EXIT
MODTHREAD,Modern Threads (India) Limited,Consumer Cyclical,Textile Manufacturing,48.2400016784668,False,12.19,False,True,-15.96,-11.16,False,,EXIT
UMIYA-MRO,Umiya Buildcon Limited,Real Estate,Real Estate - Development,90.16999816894531,False,33.37,False,True,22.98,5.96,True,123.0,HOLD
TTL,T.T. Limited,Consumer Cyclical,Textile Manufacturing,6.28000020980835,False,2.3,False,False,-59.27,-54.37,False,,EXIT
TRIGYN,Trigyn Technologies Limited,Technology,Information Technology Services,54.79999923706055,False,11.2,False,False,-39.29,-38.62,False,1280.0,EXIT
DELPHIFX,Delphi World Money Limited,Financial Services,Capital Markets,6.730000019073486,False,6.97,False,False,-49.43,-48.69,False,9163.53,EXIT
DCM,DCM Limited,Industrials,Metal Fabrication,82.20999908447266,False,6.5,False,False,-22.59,-22.83,False,961.69,EXIT
INDOUS,Indo Us Bio-Tech Limited,Basic Materials,Agricultural Inputs,80.3499984741211,False,13.120000000000001,True,False,-58.93,-59.89,False,49.39,EXIT
KRITIKA,Kritika Wires Limited,Basic Materials,Steel,5.739999771118164,False,6.199999999999999,False,False,-39.32,-40.34,False,,EXIT
METROGLOBL,MetroGlobal Limited,Industrials,Conglomerates,135.02000427246094,False,17.46,False,False,,,False,,EXIT
ARCHIDPLY,Archidply Industries Limited,Basic Materials,Lumber & Wood Production,82.04000091552734,False,7.98,False,False,-24.8,-25.86,False,550.0,EXIT
SRTL,SRTL,Consumer Cyclical,Textile Manufacturing,39.720001220703125,False,4.46,False,False,,,False,,EXIT
AMJLAND,AMJ Land Holdings Limited,Real Estate,Real Estate - Development,38.970001220703125,False,14.790000000000001,False,False,-20.31,-36.77,False,333.0,EXIT
CENTEXT,Century Extrusions Limited,Basic Materials,Aluminum,22.719999313354492,False,8.07,False,True,-3.74,-4.86,False,431.0,EXIT
MKPL,M. K. Proteins Limited,Consumer Defensive,Packaged Foods,4.139999866485596,False,6.83,False,False,-37.87,-43.54,False,,EXIT
IVP,IVP Limited,Basic Materials,Specialty Chemicals,160.67999267578125,False,18.68,False,True,-11.42,-12.52,False,,EXIT
NECCLTD,North Eastern Carrying Corporation Limited,Industrials,Trucking,15.140000343322754,False,7.750000000000001,True,False,-38.8,-39.0,False,572.0,EXIT
SADBHAV,Sadbhav Engineering Limited,Industrials,Engineering & Construction,8.930000305175781,False,171.57,False,False,-30.6,-30.83,False,5240.0,EXIT
INCREDIBLE,Incredible Industries Limited,Basic Materials,Steel,33.040000915527344,False,11.52,False,False,-22.54,-23.61,False,,EXIT
RPPL,Rajshree Polypack Limited,Consumer Cyclical,Packaging & Containers,25.3799991607666,False,17.259999999999998,True,True,-8.91,-4.13,False,330.0,HOLD
SIGIND,Signet Industries Limited,Industrials,Conglomerates,70.02999877929688,False,16.17,False,True,16.86,16.53,True,,HOLD
LAGNAM,Lagnam Spintex Limited,Consumer Cyclical,Textile Manufacturing,84.54000091552734,False,14.39,False,True,-21.39,-16.58,False,,EXIT
DEVIT,Dev Information Technology Limited,Technology,Information Technology Services,27.059999465942383,False,90.32,True,False,-44.4,-43.7,False,171.0,EXIT
BAIDFIN,Baid Finserv Limited,Financial Services,Credit Services,10.100000381469727,False,14.98,False,False,-18.29,-17.69,False,,EXIT
VIKASECO,Vikas Ecotech Limited,Basic Materials,Specialty Chemicals,1.1100000143051147,False,6.58,False,False,-53.48,-54.46,False,397.0,EXIT
KAMOPAINTS,Kamdhenu Ventures Limited,Basic Materials,Steel,4.559999942779541,False,5.54,False,False,-55.1,-56.07,False,292.0,EXIT
MHLXMIRU,Mahalaxmi Rubtech Limited,Consumer Cyclical,Textile Manufacturing,156.33999633789062,False,21.79,True,False,-37.65,-32.8,False,267.0,EXIT
FILATFASH,Filatex Fashions Limited,Consumer Cyclical,Apparel Manufacturing,0.18000000715255737,False,2.83,False,False,-78.05,-73.11,False,186.0,EXIT
NATCAPSUQ,Natural Capsules Limited,Healthcare,Drug Manufacturers - Specialty & Generic,149.91000366210938,False,24.67,True,False,-45.37,-35.43,False,170.0,EXIT
TICL,Twamev Construction and Infrastructure Limited,Industrials,Engineering & Construction,10.25,False,7.630000000000001,False,False,-69.69,-69.82,False,708.0,EXIT
INDOWIND,Indowind Energy Limited,Utilities,Utilities - Renewable,9.079999923706055,False,14.91,True,False,-44.61,-52.35,False,38.81,EXIT
AARTECH,Aartech Solonics Limited,Industrials,Electrical Equipment & Parts,47.25,False,4.4,True,False,-29.18,-29.4,False,36.35,EXIT
LAL,Lorenzini Apparels Limited,Consumer Cyclical,Apparel Manufacturing,8.800000190734863,False,4.35,False,True,-27.5,-22.67,False,,EXIT
BRNL,Bharat Road Network Limited,Industrials,Infrastructure Operations,17.6200008392334,False,96.43,False,False,-15.71,-15.97,False,401.0,EXIT
MCL,M Tek Copper Limited,Basic Materials,Copper,57.56999969482422,False,3.67,False,False,14.77,13.6,True,,EXIT
RELIABLE,Reliable Data Services Limited,Technology,Information Technology Services,145.63999938964844,False,8.35,False,True,85.69,85.59,True,131.0,HOLD
HPIL,Hindprakash Industries Limited,Basic Materials,Specialty Chemicals,128.85000610351562,False,2.74,False,False,-8.69,-9.79,False,103.61,EXIT
WIPL,The Western India Plywoods Limited,Basic Materials,Lumber & Wood Production,167.0,False,2.7,False,True,7.37,6.22,True,116.0,HOLD
INDBANK,Indbank Merchant Banking Services Limited,Financial Services,Capital Markets,32.2599983215332,False,7.65,False,False,-7.06,-6.51,False,,EXIT
ISHANCH,Ishan Dyes and Chemicals Limited,Basic Materials,Chemicals,49.0,False,10.63,False,False,-21.9,-22.97,False,101.43,EXIT
HECPROJECT,HEC Infra Projects Limited,Industrials,Engineering & Construction,131.74000549316406,False,12.58,False,True,-17.3,-17.55,False,,EXIT
KEYFINSERV,Keynote Financial Services Limited,Financial Services,Capital Markets,252.4499969482422,False,27.44,True,False,-8.6,-8.04,False,25.32,EXIT
PRAENG,Prajay Engineers Syndicate Limited,Real Estate,Real Estate - Development,20.489999771118164,False,18.64,True,False,26.46,9.4,True,109.0,HOLD
INDTERRAIN,Indian Terrain Fashions Limited,Consumer Cyclical,Apparel Retail,32.31999969482422,False,10.030000000000001,False,False,-17.67,-12.87,False,,EXIT
ALPA,Alpa Laboratories Limited,Healthcare,Drug Manufacturers - Specialty & Generic,69.97000122070312,False,15.16,False,False,-42.84,-32.92,False,112.0,EXIT
BALPHARMA,Bal Pharma Limited,Healthcare,Drug Manufacturers - Specialty & Generic,86.88999938964844,False,6.28,False,True,-21.75,-11.97,False,339.0,EXIT
ALPHAGEO,Alphageo (India) Limited,Energy,Oil & Gas Equipment & Services,233.57000732421875,False,15.520000000000001,False,True,-14.47,-6.05,False,429.0,EXIT
SECMARK,SecMark Consultancy Limited,Industrials,Consulting Services,126.0,False,8.13,True,True,-9.43,-9.7,False,35.11,HOLD
DGCONTENT,Digicontent Limited,Communication Services,Internet Content & Information,25.190000534057617,False,20.03,True,False,-18.47,-36.9,False,20.0,EXIT
RUCHINFRA,Ruchi Infrastructure Limited,Industrials,Specialty Business Services,5.840000152587891,False,10.93,False,False,-25.75,-25.98,False,2636.0,EXIT
DTIL,Dhunseri Tea & Industries Limited,Consumer Defensive,Packaged Foods,132.97999572753906,False,73.52999999999999,True,False,-28.64,-34.36,False,456.0,EXIT
CORALFINAC,Coral India Finance and Housing Limited,Real Estate,Real Estate Services,33.47999954223633,False,14.779999999999998,False,False,-13.01,-29.57,False,,EXIT
ONELIFECAP,Onelife Capital Advisors Limited,Financial Services,Capital Markets,33.779998779296875,False,18.82,True,True,162.98,162.77,True,6.41,HOLD
MAGNUM,Magnum Ventures Limited,Basic Materials,Paper & Paper Products,19.510000228881836,False,24.94,True,False,-21.26,-22.33,False,396.0,EXIT
INDIANCARD,The Indian Card Clothing Company Limited,Consumer Cyclical,Textile Manufacturing,220.14999389648438,False,11.690000000000001,False,False,-33.26,-28.42,False,85.0,EXIT
ISFT,IntraSoft Technologies Limited,Consumer Cyclical,Internet Retail,78.6500015258789,False,13.28,False,False,-29.98,-25.16,False,1170.0,EXIT
BALAXI,Balaxi Pharmaceuticals Limited,Healthcare,Drug Manufacturers - Specialty & Generic,24.200000762939453,False,1.41,False,False,-63.97,-53.9,False,336.0,EXIT
CALSOFT,California Software Company Limited,Technology,Software - Application,21.719999313354492,False,14.63,True,True,59.67,59.73,True,10.86,HOLD
SHAHALLOYS,Shah Alloys Limited,Basic Materials,Steel,71.26000213623047,False,65.04,False,True,19.98,18.79,True,880.0,HOLD
MITCON,MITCON Consultancy & Engineering Services Limited,Industrials,Engineering & Construction,78.51000213623047,False,8.09,True,True,1.19,0.89,True,129.0,HOLD
SAMPANN,Sampann Utpadan India Limited,Basic Materials,Specialty Chemicals,27.5,False,6.98,True,False,-16.44,-17.52,False,93.0,EXIT
NARMADA,Narmada Agrobase Limited,Basic Materials,Agricultural Inputs,13.850000381469727,False,3.86,False,False,20.33,19.14,True,,EXIT
AIROLAM,Airo Lam Limited,Consumer Cyclical,"Furnishings, Fixtures & Appliances",90.80000305175781,False,3.87,False,False,-24.93,-20.11,False,211.0,EXIT
BTML,Bodhi Tree Multimedia Limited,Communication Services,Entertainment,7.199999809265137,False,6.91,False,False,7.1,-11.66,False,89.0,EXIT
URAVIDEF,Uravi Defence and Technology Limited,Consumer Cyclical,Auto Parts,114.22000122070312,False,1.43,False,False,-86.51,-81.54,False,41.99,EXIT
CROWN,Crown Lifters Limited,Industrials,Rental & Leasing Services,113.9800033569336,False,8.9,False,False,-27.54,-27.77,False,,EXIT
BSL,BSL Limited,Consumer Cyclical,Textile Manufacturing,123.91999816894531,False,4.359999999999999,False,False,-25.21,-20.39,False,,EXIT
SALONA,Salona Cotspin Limited,Consumer Cyclical,Textile Manufacturing,236.1699981689453,False,4.300000000000001,False,False,-15.11,-10.31,False,,EXIT
MUKTAARTS,Mukta Arts Limited,Communication Services,Entertainment,58.779998779296875,False,11.81,True,True,-7.8,-26.37,False,308.0,HOLD
JOCIL,Jocil Limited,Basic Materials,Specialty Chemicals,149.5500030517578,False,8.290000000000001,False,True,-14.28,-15.37,False,919.0,EXIT
SURANASOL,Surana Solar Limited,Technology,Solar,27.6200008392334,False,6.760000000000001,True,True,-15.86,-15.33,False,92.55,HOLD
MAHAPEXLTD,Maha Rashtra Apex Corporation Limited,Financial Services,Credit Services,44.880001068115234,False,64.42,False,False,-62.97,-62.17,False,10.0,EXIT
TEXMOPIPES,Texmo Pipes and Products Limited,Industrials,Building Products & Equipment,42.83000183105469,False,14.059999999999999,False,False,-30.9,-31.12,False,635.0,EXIT
TARMAT,Tarmat Limited,Industrials,Engineering & Construction,49.47999954223633,False,6.24,False,False,-12.83,-13.09,False,276.0,EXIT
USK,Udayshivakumar Infra Limited,Industrials,Engineering & Construction,22.899999618530273,False,26.69,False,False,-42.38,-42.58,False,577.0,EXIT
HINDCON,Hindcon Chemicals Limited,Basic Materials,Specialty Chemicals,22.850000381469727,False,3.2199999999999998,False,False,-36.2,-37.22,False,85.59,EXIT
PAR,Par Drugs and Chemicals Limited,Healthcare,Drug Manufacturers - Specialty & Generic,100.91999816894531,False,13.11,False,True,-12.19,-2.47,False,,EXIT
SAMBHAAV,Sambhaav Media Limited,Communication Services,Publishing,6.590000152587891,False,1.18,False,False,11.62,-7.2,False,48.33,EXIT
DBSTOCKBRO,DB (International) Stock Brokers Limited,Financial Services,Capital Markets,32.65999984741211,False,3.4699999999999998,False,True,20.26,20.69,True,48.25,HOLD
XELPMOC,Xelpmoc Design and Tech Limited,Technology,Information Technology Services,83.86000061035156,False,7.59,True,False,-12.26,-11.76,False,14.74,EXIT
WEIZMANIND,Weizmann Limited,Consumer Cyclical,Textile Manufacturing,79.97000122070312,False,5.92,False,False,-38.89,-34.04,False,135.0,EXIT
GSLSU,Global Surfaces Limited,Basic Materials,Building Materials,29.209999084472656,False,30.419999999999998,False,False,-77.92,-78.83,False,225.0,EXIT
FELDVR,Future Enterprises Limited,Consumer Cyclical,Department Stores,2.3299999237060547,False,0.0,False,False,-41.42,-36.56,False,,EXIT
LAMBODHARA,Lambodhara Textiles Limited,Consumer Cyclical,Textile Manufacturing,114.2699966430664,False,11.01,False,True,-20.82,-16.01,False,,EXIT
AVROIND,Avro India Limited,Consumer Cyclical,"Furnishings, Fixtures & Appliances",9.109999656677246,False,4.31,False,False,-52.62,-47.74,False,67.48,EXIT
GVPTECH,GVP Infotech Limited,Technology,Information Technology Services,6.900000095367432,False,95.72,True,False,-32.38,-31.75,False,1491.0,EXIT
REPL,Rudrabhishek Enterprises Limited,Industrials,Consulting Services,64.9800033569336,False,18.200000000000003,False,False,-65.85,-65.99,False,107.97,EXIT
KREBSBIO,Krebs Biochemicals & Industries Limited,Healthcare,Drug Manufacturers - Specialty & Generic,54.5099983215332,False,16.93,False,False,-43.84,-33.9,False,,EXIT
NAVKARURB,Navkar Urbanstructure Limited,Basic Materials,Building Materials,1.0099999904632568,False,3.2,False,False,-60.2,-61.15,False,,EXIT
BCPL,BCPL Railway Infrastructure Limited,Industrials,Infrastructure Operations,70.08999633789062,False,6.450000000000001,False,False,,,False,161.0,EXIT
LATTEYS,Latteys Industries Limited,Industrials,Specialty Industrial Machinery,20.40999984741211,False,3.5700000000000003,True,False,-2.71,-2.99,False,80.0,EXIT
ANIKINDS,Anik Industries Limited,Consumer Defensive,Food Distribution,43.09000015258789,False,3.3400000000000003,False,False,-53.51,-59.07,False,610.0,EXIT
GTL,GTL Limited,Communication Services,Telecom Services,7.380000114440918,False,666.75,True,False,-5.25,-23.86,False,3942.0,EXIT
AAATECH,AAA Technologies Limited,Technology,Information Technology Services,93.12000274658203,False,2.6,False,False,2.45,2.87,True,,EXIT
SURYALAXMI,Suryalakshmi Cotton Mills Limited,Consumer Cyclical,Textile Manufacturing,58.849998474121094,False,3.12,False,True,-24.65,-19.83,False,727.0,EXIT
LANDSMILL,Landsmill Green Limited,Industrials,Conglomerates,0.800000011920929,False,1.6600000000000001,False,False,-36.1,-36.31,False,39.65,EXIT
PRAXIS,Praxis Home Retail Limited,Consumer Cyclical,Specialty Retail,7.230000019073486,False,228.70000000000002,False,False,-41.66,-36.8,False,,EXIT
VITAL,VITAL,Basic Materials,Specialty Chemicals,49.5,False,0.0,False,False,-12.01,-13.11,False,134.0,EXIT
STEELCITY,Steel City Securities Limited,Financial Services,Capital Markets,84.6500015258789,False,14.290000000000001,False,False,-25.45,-24.82,False,70.0,EXIT
GANGESSECU,Ganges Securities Limited,Consumer Defensive,Packaged Foods,118.8499984741211,False,8.11,False,False,-23.82,-29.58,False,41.93,EXIT
SOMICONVEY,Somi Conveyor Beltings Limited,Industrials,Specialty Industrial Machinery,91.41999816894531,False,5.029999999999999,False,False,-41.25,-41.45,False,,EXIT
VLEGOV,VL E-Governance & IT Solutions Limited,Technology,Information Technology Services,10.970000267028809,False,2.51,False,False,-82.65,-81.71,False,,EXIT
VISHWARAJ,Vishwaraj Sugar Industries Limited,Consumer Defensive,Confectioners,5.300000190734863,False,48.4,False,False,-40.02,-45.67,False,,EXIT
OBCL,OBCL Limited,Industrials,Trucking,53.5,False,10.91,False,False,-4.05,-4.33,False,488.0,EXIT
HILTON,Hilton Metal Forging Limited,Industrials,Metal Fabrication,21.049999237060547,False,3.4499999999999997,False,False,-67.44,-67.58,False,,EXIT
SHYAMCENT,Shyam Century Ferrous Limited,Basic Materials,Steel,5.139999866485596,False,11.17,False,False,-34.2,-35.23,False,133.0,EXIT
CUBEXTUB,Cubex Tubings Limited,Basic Materials,Copper,80.05000305175781,False,7.450000000000001,True,False,-10.49,-11.58,False,267.0,EXIT
ZENITHEXPO,Zenith Exports Limited,Consumer Cyclical,Textile Manufacturing,197.24000549316406,False,2.53,False,False,-20.98,-16.18,False,,EXIT
SIL,Standard Industries Limited,Consumer Cyclical,Textile Manufacturing,17.020000457763672,False,19.5,False,True,-19.06,-14.25,False,437.0,EXIT
GROBTEA,The Grob Tea Company Limited,Consumer Defensive,Farm Products,899.4000244140625,False,43.77,False,False,-16.38,-22.18,False,,EXIT
NORBTEAEXP,Norben Tea & Exports Limited,Consumer Defensive,Farm Products,65.5199966430664,False,1.27,False,False,94.91,88.36,True,,EXIT
COMPUSOFT,Compucom Software Limited,Consumer Defensive,Education & Training Services,13.079999923706055,False,3.3600000000000003,False,False,-33.5,-39.19,False,75.0,EXIT
BEARDSELL,Beardsell Limited,Industrials,Building Products & Equipment,27.290000915527344,False,11.430000000000001,True,False,-18.92,-19.17,False,268.0,EXIT
LOVABLE,Lovable Lingerie Limited,Consumer Cyclical,Apparel Manufacturing,74.08000183105469,False,10.82,False,False,-28.79,-23.96,False,,EXIT
JETFREIGHT,Jet Freight Logistics Limited,Industrials,Integrated Freight & Logistics,22.940000534057617,False,6.8100000000000005,False,True,65.93,65.49,True,461.0,HOLD
MOTOGENFIN,The Motor & General Finance Limited,Real Estate,Real Estate Services,25.920000076293945,False,146.85,True,True,7.21,-9.6,False,15.16,HOLD
OSWALSEEDS,ShreeOswal Seeds and Chemicals Limited,Basic Materials,Agricultural Inputs,10.479999542236328,False,13.620000000000001,True,False,-15.68,-16.77,False,272.0,EXIT
LOYALTEX,Loyal Textile Mills Limited,Consumer Cyclical,Textile Manufacturing,214.52999877929688,False,64.68,False,False,-48.82,-43.95,False,1763.0,EXIT
DIGJAMLMTD,Digjam Limited,Consumer Cyclical,Textile Manufacturing,48.84000015258789,False,3.94,False,True,-23.79,-18.97,False,,EXIT
SEMAC,Semac Construction Limited,Industrials,Engineering & Construction,309.04998779296875,False,7.19,False,True,-45.31,-45.49,False,325.0,EXIT
RAJSREESUG,Rajshree Sugars & Chemicals Limited,Consumer Defensive,Confectioners,30.5,False,71.34,True,False,-26.71,-32.45,False,830.0,EXIT
BAGFILMS,B.A.G. Films and Media Limited,Communication Services,Broadcasting,4.349999904632568,False,3.74,False,False,-19.46,-37.87,False,145.0,EXIT
VAISHALI,Vaishali Pharma Limited,Healthcare,Drug Manufacturers - Specialty & Generic,7.980000019073486,False,5.73,False,True,-53.15,-43.16,False,,EXIT
DUCON,Ducon Infratechnologies Limited,Industrials,Specialty Industrial Machinery,3.0799999237060547,False,10.98,False,False,-48.91,-49.09,False,451.0,EXIT
BHANDARI,Bhandari Hosiery Exports Limited,Consumer Cyclical,Apparel Manufacturing,2.859999895095825,False,7.7700000000000005,False,False,-51.08,-46.2,False,21.03,EXIT
KAKATCEM,Kakatiya Cement Sugar and Industries Limited,Basic Materials,Building Materials,116.55000305175781,False,24.060000000000002,False,False,-27.66,-28.71,False,,EXIT
RHFL,Reliance Home Finance Limited,Financial Services,Mortgage Finance,1.909999966621399,False,2.61,False,False,-65.79,-64.98,False,,EXIT
INVENTURE,Inventure Growth & Securities Limited,Financial Services,Capital Markets,0.9200000166893005,False,14.530000000000001,True,False,-46.06,-45.33,False,311.87,EXIT
GLOBE,Globe Enterprises (India) Limited,Consumer Cyclical,Textile Manufacturing,2.0299999713897705,False,5.93,False,False,-17.63,-12.83,False,524.0,EXIT
BANKA,Banka BioLoo Limited,Industrials,Pollution & Treatment Controls,87.22000122070312,False,2.84,False,True,-4.36,-4.64,False,54.18,EXIT
GOYALALUM,Goyal Aluminiums Limited,Basic Materials,Aluminum,6.489999771118164,False,3.5,True,False,-14.45,-15.54,False,82.41,EXIT
SADBHIN,Sadbhav Infrastructure Project Limited,Industrials,Engineering & Construction,2.630000114440918,False,198.38,False,False,-36.7,-36.9,False,3548.0,EXIT
RELCHEMQ,Reliance Chemotex Industries Limited,Consumer Cyclical,Textile Manufacturing,130.02999877929688,False,5.26,False,False,-32.3,-27.47,False,366.0,EXIT
ARTNIRMAN,Art Nirman Limited,Real Estate,Real Estate - Development,41.75,False,1.34,False,False,-12.21,-28.78,False,,EXIT
ABAN,Aban Offshore Limited,Energy,Oil & Gas Drilling,19.15999984741211,False,849.68,False,False,-70.52,-60.54,False,,EXIT
SELMC,SEL Manufacturing Company Limited,Consumer Cyclical,Textile Manufacturing,27.979999542236328,False,167.88,False,False,-16.28,-11.48,False,3774.0,EXIT
SMLT,Sarthak Metals Limited,Industrials,Metal Fabrication,68.4800033569336,False,4.609999999999999,False,False,-45.36,-45.55,False,,EXIT
BVCL,Barak Valley Cements Limited,Basic Materials,Building Materials,42.529998779296875,False,5.27,False,False,-4.83,-5.94,False,234.0,EXIT
GRADIENTE,Gradiente Infotainment Limited,Communication Services,Entertainment,2.680000066757202,False,0.0,False,False,,,False,,EXIT
AAKASH,Aakash Exploration Services Limited,Energy,Oil & Gas Equipment & Services,9.0,False,3.24,False,True,-23.17,-14.51,False,93.0,EXIT
RAJMET,Rajnandini Metal Limited,Basic Materials,Copper,3.3399999141693115,False,0.0,False,False,-34.65,-35.68,False,,EXIT
GATECH,GACM Technologies Limited,Financial Services,Asset Management,0.6399999856948853,False,7.1,False,True,13.37,13.83,True,385.56,HOLD
AMDIND,AMD Industries Limited,Consumer Cyclical,Packaging & Containers,46.38999938964844,False,9.889999999999999,True,False,-17.22,-12.42,False,190.0,EXIT
AKSHOPTFBR,Aksh Optifibre Limited,Technology,Communication Equipment,6.579999923706055,False,17.560000000000002,False,True,-23.11,-22.54,False,618.0,EXIT
SPLIL,SPL Industries Limited,Consumer Cyclical,Apparel Manufacturing,31.799999237060547,False,7.45,False,False,-31.0,-26.17,False,340.0,EXIT
PALASHSECU,Palash Securities Limited,Consumer Defensive,Packaged Foods,87.0999984741211,False,28.8,True,False,-27.59,-33.32,False,6.04,EXIT
REGENCERAM,Regency Ceramics Limited,Industrials,Building Products & Equipment,33.9900016784668,False,23.84,False,False,-34.42,-34.63,False,,EXIT
CINEVISTA,Cinevista Limited,Communication Services,Entertainment,14.8100004196167,False,6.1,True,False,-1.01,-19.67,False,59.0,EXIT
KOHINOOR,Kohinoor Foods Limited,Consumer Defensive,Packaged Foods,23.15999984741211,False,94.61999999999999,False,False,-29.82,-35.53,False,1420.0,EXIT
FIBERWEB,Fiberweb (India) Limited,Consumer Cyclical,Textile Manufacturing,29.209999084472656,False,13.059999999999999,False,False,-48.39,-43.52,False,286.13,EXIT
MOKSH,Moksh Ornaments Limited,Consumer Cyclical,Luxury Goods,11.140000343322754,False,0.0,False,False,-26.68,-21.86,False,,EXIT
PARASPETRO,Paras Petrofils Limited,Consumer Cyclical,Textile Manufacturing,2.7200000286102295,False,2.22,False,True,12.01,16.74,True,,HOLD
NIBL,NRB Industrial Bearings Limited,Industrials,Tools & Accessories,34.040000915527344,False,29.460000000000004,True,True,50.73,50.32,True,81.0,HOLD
BLBLIMITED,BLB Limited,Financial Services,Capital Markets,16.059999465942383,False,33.32,False,True,1.87,2.38,True,2522.0,HOLD
PATINTLOG,Patel Integrated Logistics Limited,Industrials,Integrated Freight & Logistics,14.789999961853027,False,9.59,True,True,-11.23,-11.49,False,454.0,HOLD
NOIDATOLL,Noida Toll Bridge Company Limited,Industrials,Infrastructure Operations,4.380000114440918,False,27.199999999999996,False,True,12.12,11.8,True,130.0,HOLD
LPDC,Landmark Property Development Company Limited,Real Estate,Real Estate Services,6.420000076293945,False,1.57,False,False,-8.72,-25.33,False,,EXIT
ORIENTLTD,Orient Press Limited,Consumer Cyclical,Packaging & Containers,78.5,False,1.9300000000000002,False,True,-21.04,-16.23,False,,EXIT
HISARMETAL,Hisar Metal Industries Limited,Basic Materials,Steel,148.25,False,3.3800000000000003,False,False,-32.14,-33.18,False,,EXIT
TOTAL,Total Transport Systems Limited,Industrials,Integrated Freight & Logistics,67.87000274658203,False,7.79,False,True,-22.04,-22.28,False,665.0,EXIT
ENERGYDEV,Energy Development Company Limited,Utilities,Utilities - Regulated Electric,16.790000915527344,False,27.28,True,False,-12.72,-21.32,False,150.0,EXIT
HDIL,Housing Development and Infrastructure Limited,Real Estate,Real Estate - Diversified,1.600000023841858,False,11.67,False,False,-38.3,-54.53,False,2380.0,EXIT
ZENITHSTL,Zenith Steel Pipes & Industries Limited,Basic Materials,Steel,5.650000095367432,False,4.54,False,False,-32.49,-33.53,False,229.36,EXIT
DHARAN,Dharan Infra-EPC Limited,Real Estate,Real Estate - Development,0.1599999964237213,False,35.050000000000004,False,False,-53.87,-69.91,False,129.0,EXIT
PARSVNATH,Parsvnath Developers Limited,Real Estate,Real Estate - Development,1.6799999475479126,False,419.7099999999999,True,False,-78.51,-94.23,False,1189.0,EXIT
RSSOFTWARE,R S Software (India) Limited,Technology,Information Technology Services,29.600000381469727,False,33.0,False,False,-60.95,-60.14,False,352.0,EXIT
PIONEEREMB,Pioneer Embroideries Limited,Consumer Cyclical,Textile Manufacturing,24.299999237060547,False,9.84,False,False,-48.57,-43.69,False,375.0,EXIT
VINEETLAB,Vineet Laboratories Limited,Basic Materials,Chemicals,38.70000076293945,False,12.64,False,True,10.56,9.4,True,,HOLD
BANARBEADS,Banaras Beads Limited,Consumer Cyclical,Footwear & Accessories,114.2300033569336,False,1.8900000000000001,False,False,-8.12,-3.34,False,,EXIT
ATAM,Atam Valves Limited,Industrials,Specialty Industrial Machinery,64.61000061035156,False,3.58,False,False,-32.95,-33.17,False,,EXIT
TOUCHWOOD,Touchwood Entertainment Limited,Communication Services,Advertising Agencies,67.08999633789062,False,4.0600000000000005,False,False,-17.54,-35.98,False,68.85,EXIT
NGIL,Nakoda Group of Industries Limited,Consumer Defensive,Packaged Foods,38.52000045776367,False,1.63,True,True,39.11,32.93,True,59.62,HOLD
TOKYOPLAST,Tokyo Plast International Limited,Consumer Cyclical,Packaging & Containers,81.0,False,0.45,False,False,-42.76,-37.9,False,79.93,EXIT
CURAA,CURAA,Technology,Software - Application,75.11000061035156,False,1.52,False,False,-77.63,-76.72,False,52.97,EXIT
ACCURACY,Accuracy Shipping Limited,Industrials,Integrated Freight & Logistics,4.769999980926514,False,3.7800000000000002,False,False,-36.24,-36.45,False,945.0,EXIT
ALKALI,Alkali Metals Limited,Basic Materials,Specialty Chemicals,68.69999694824219,False,6.959999999999999,False,False,-28.4,-29.45,False,,EXIT
ODIGMA,Odigma Consultancy Solutions Limited,Communication Services,Advertising Agencies,23.139999389648438,False,1.8,False,False,-19.32,-37.73,False,,EXIT
PRAKASHSTL,Prakash Steelage Limited,Basic Materials,Steel,3.9700000286102295,False,0.84,False,False,-34.25,-35.28,False,1123.0,EXIT
AJOONI,Ajooni Biotech Limited,Consumer Defensive,Packaged Foods,3.9100000858306885,False,2.27,False,False,-25.31,-31.05,False,,EXIT
GATECHDVR,GACM Technologies Limited,Financial Services,Asset Management,0.5,False,7.1,False,True,8.47,8.95,True,233.33,HOLD
IL&FSTRANS,IL&FS Transportation Networks Limited,Industrials,Infrastructure Operations,2.0899999141693115,False,0.0,False,False,-33.63,-33.84,False,8717.0,EXIT
DIGIDRIVE,Digidrive Distributors Limited,Consumer Cyclical,Internet Retail,17.329999923706055,False,9.56,True,False,-55.56,-50.67,False,50.0,EXIT
UMAEXPORTS,Uma Exports Limited,Consumer Defensive,Farm Products,20.059999465942383,False,3.3000000000000003,False,False,-54.17,-59.72,False,1731.0,EXIT
NAGREEKEXP,Nagreeka Exports Limited,Consumer Cyclical,Textile Manufacturing,22.809999465942383,False,3.06,False,False,-24.23,-19.42,False,630.0,EXIT
CTE,Cambridge Technology Enterprises Limited,Technology,Information Technology Services,37.970001220703125,False,10.89,False,True,-14.8,-14.28,False,206.0,EXIT
ROML,Raj Oil Mills Limited,Consumer Defensive,Packaged Foods,45.130001068115234,False,4.67,True,False,-3.08,-8.97,False,341.0,EXIT
DAMODARIND,Damodar Industries Limited,Consumer Cyclical,Textile Manufacturing,28.5,False,7.44,False,False,-31.29,-26.46,False,,EXIT
JHS,JHS Svendgaard Laboratories Limited,Consumer Defensive,Household & Personal Products,7.800000190734863,False,5.619999999999999,False,False,-31.16,-36.86,False,140.29,EXIT
BONLON,Bonlon Industries Limited,Basic Materials,Other Industrial Metals & Mining,42.65999984741211,False,7.02,False,False,,,False,623.0,EXIT
AGRITECH,Agri-tech (India) Limited,Consumer Defensive,Farm Products,109.0199966430664,False,0.91,True,False,-20.69,-26.46,False,0.38,EXIT
KHAITANLTD,Khaitan (India) Limited,Industrials,Industrial Distribution,157.1300048828125,True,6.039999999999999,False,True,31.36,31.0,True,77.61,HOLD
ATLASCYCLE,Atlas Cycles (Haryana) Limited,Consumer Cyclical,Leisure,97.68000030517578,False,8.030000000000001,True,False,-32.31,-27.47,False,684.28,EXIT
HGM,Handson Global Management (HGM) Limited,Technology,Information Technology Services,49.099998474121094,False,7.5,False,False,-10.78,-10.28,False,22.47,EXIT
FMNL,Future Market Networks Limited,Real Estate,Real Estate Services,9.3100004196167,False,7.93,False,False,-21.01,-37.47,False,161.0,EXIT
RKEC,RKEC Projects Limited,Industrials,Engineering & Construction,26.18000030517578,False,10.98,False,False,-64.25,-64.4,False,399.0,EXIT
DELTAMAGNT,Delta Manufacturing Limited,Consumer Cyclical,Textile Manufacturing,57.86000061035156,False,12.41,False,False,-44.17,-39.31,False,124.0,EXIT
CAPTRUST,Capital Trust Limited,Financial Services,Credit Services,18.440000534057617,False,46.82,True,True,-73.59,-72.74,False,,HOLD
ROLLT,Rollatainers Limited,Real Estate,Real Estate Services,2.9700000286102295,False,18.549999999999997,False,True,111.46,93.31,True,560.0,HOLD
TFL,Transwarranty Finance Limited,Financial Services,Mortgage Finance,11.489999771118164,False,4.430000000000001,True,False,-38.5,-37.81,False,,EXIT
SECURKLOUD,SecureKloud Technologies Limited,Technology,Software - Application,18.479999542236328,False,157.37,False,False,-27.61,-27.01,False,849.0,EXIT
AGROPHOS,Agro Phos (India) Limited,Basic Materials,Agricultural Inputs,28.459999084472656,False,2.7600000000000002,False,False,-36.36,-37.39,False,131.0,EXIT
RAJTV,Raj Television Network Limited,Communication Services,Broadcasting,9.949999809265137,False,0.79,False,False,-63.28,-81.1,False,,EXIT
SUNDARAM,Sundaram Multi Pap Limited,Basic Materials,Paper & Paper Products,1.2300000190734863,False,4.0600000000000005,False,False,-41.87,-42.88,False,194.34,EXIT
ANMOL,Anmol India Limited,Energy,Thermal Coal,10.020000457763672,False,11.239999999999998,False,False,-47.76,-38.42,False,,EXIT
ADROITINFO,Adroit Infotech Limited,Technology,Information Technology Services,9.8100004196167,False,3.81,False,True,-13.52,-13.01,False,52.95,EXIT
LEMERITE,LEMERITE,Consumer Cyclical,Textile Manufacturing,23.790000915527344,False,5.52,False,False,-72.42,-67.49,False,525.0,EXIT
ORCHASP,Orchasp Limited,Technology,Software - Application,1.590000033378601,False,1.05,False,False,-47.38,-46.66,False,104.67,EXIT
MALUPAPER,Malu Paper Mills Limited,Basic Materials,Paper & Paper Products,33.75,False,14.66,False,True,-14.17,-15.26,False,,EXIT
BALKRISHNA,Balkrishna Paper Mills Limited,Consumer Cyclical,Packaging & Containers,17.3700008392334,False,6.51,False,False,-24.98,-20.16,False,198.0,EXIT
TRU,TruCap Finance Limited,Financial Services,Credit Services,4.610000133514404,False,103.62,True,False,-71.3,-70.46,False,,EXIT
KSR,KSR Footwear Limited,Consumer Cyclical,Footwear & Accessories,29.049999237060547,False,18.62,False,False,,,False,,EXIT
HYBRIDFIN,Hybrid Financial Services Limited,Financial Services,Capital Markets,17.5,False,2.71,False,False,12.38,12.84,True,7.07,EXIT
SUVIDHAA,Suvidhaa Infoserve Limited,Technology,Information Technology Services,2.5799999237060547,False,9.309999999999999,True,False,-47.82,-47.1,False,285.0,EXIT
PALREDTEC,Palred Technologies Limited,Technology,Consumer Electronics,47.65999984741211,False,5.26,False,True,-15.3,-14.78,False,148.0,EXIT
LCCINFOTEC,LCC Infotech Limited,Consumer Defensive,Education & Training Services,3.880000114440918,False,1.34,True,False,-4.86,-10.74,False,11.0,EXIT
SHIVAMILLS,Shiva Mills Limited,Consumer Cyclical,Textile Manufacturing,62.380001068115234,False,2.9000000000000004,False,True,-25.62,-20.8,False,,EXIT
ICDSLTD,ICDS Limited,Real Estate,Real Estate Services,40.720001220703125,False,2.58,False,False,4.53,-12.25,False,6.45,EXIT
ANSALAPI,Ansal Properties & Infrastructure Limited,Real Estate,Real Estate - Development,3.569999933242798,False,165.47,True,True,-16.63,-33.14,False,1406.0,HOLD
SUPREMEENG,Supreme Engineering Limited,Basic Materials,Steel,2.25,False,9.649999999999999,False,True,64.54,63.22,True,,HOLD
BIOFILCHEM,Biofil Chemicals and Pharmaceuticals Limited,Healthcare,Drug Manufacturers - Specialty & Generic,32.22999954223633,False,2.7800000000000002,False,False,-41.37,-31.45,False,,EXIT
PRITI,Priti International Limited,Consumer Cyclical,"Furnishings, Fixtures & Appliances",37.099998474121094,False,0.8999999999999999,False,False,-64.0,-59.09,False,,EXIT
VINNY,Vinny Overseas Limited,Consumer Cyclical,Textile Manufacturing,1.0700000524520874,False,0.9299999999999999,False,False,-29.67,-24.84,False,,EXIT
BLUECOAST,Blue Coast Hotels Limited,Consumer Cyclical,Lodging,25.489999771118164,False,2.1,False,False,-65.99,-61.07,False,134.89,EXIT
GAYAHWS,Gayatri Highways Limited,Industrials,Infrastructure Operations,1.9800000190734863,False,15.02,False,False,-14.84,-15.1,False,86.0,EXIT
SVPGLOB,SVP Global Textiles Limited,Consumer Cyclical,Textile Manufacturing,3.809999942779541,False,376.41999999999996,True,True,0.67,5.43,True,2489.0,HOLD
AHLADA,Ahlada Engineers Limited,Industrials,Building Products & Equipment,37.56999969482422,False,0.44,False,False,-46.97,-47.15,False,259.0,EXIT
OSIAHYPER,Osia Hyper Retail Limited,Consumer Cyclical,Department Stores,2.75,False,5.1,False,False,-87.64,-82.67,False,,EXIT
RKDL,Ravi Kumar Distilleries Limited,Consumer Defensive,Beverages - Wineries & Distilleries,19.06999969482422,False,0.14,False,False,-32.05,-37.75,False,,EXIT
DHRUV,Dhruv Consultancy Services Limited,Industrials,Engineering & Construction,24.719999313354492,False,33.690000000000005,True,False,-67.49,-67.63,False,102.0,EXIT
ARCHIES,Archies Limited,Consumer Cyclical,Specialty Retail,14.350000381469727,False,4.89,False,False,-36.43,-31.59,False,194.95,EXIT
COUNCODOS,Country Condo's Limited,Real Estate,Real Estate - Development,6.21999979019165,False,0.6,False,True,1.68,-15.06,False,,EXIT
TPHQ,Teamo Productions HQ Limited,Industrials,Engineering & Construction,0.41999998688697815,False,12.200000000000001,True,False,-49.25,-49.42,False,2.6,EXIT
JAIPURKURT,Nandani Creation Limited,Consumer Cyclical,Apparel Manufacturing,26.530000686645508,False,1.57,False,False,-44.91,-40.04,False,70.0,EXIT
MASKINVEST,Mask Investments Limited,Financial Services,Capital Markets,152.0,False,0.1,False,False,-7.3,-6.75,False,,EXIT
WEWIN,We Win Limited,Technology,Information Technology Services,45.900001525878906,False,4.5,False,False,-14.08,-13.56,False,78.49,EXIT
MANUGRAPH,Manugraph India Limited,Industrials,Specialty Industrial Machinery,16.219999313354492,False,9.58,False,True,-19.07,-19.32,False,446.0,EXIT
DANGEE,Dangee Dums Limited,Consumer Cyclical,Restaurants,2.950000047683716,False,1.86,False,False,-43.85,-38.99,False,19.89,EXIT
AKASH,Akash Infra-Projects Limited,Industrials,Engineering & Construction,26.450000762939453,False,2.8200000000000003,False,True,-6.74,-7.01,False,140.82,EXIT
CELEBRITY,Celebrity Fashions Limited,Consumer Cyclical,Apparel Manufacturing,6.980000019073486,False,15.72,False,False,-55.55,-50.66,False,,EXIT
KARMAENG,Karma Energy Limited,Utilities,Utilities - Renewable,39.029998779296875,False,2.6999999999999997,True,False,-24.94,-33.22,False,41.88,EXIT
GOLDENTOBC,Golden Tobacco Limited,Consumer Defensive,Tobacco,24.010000228881836,False,0.0,False,False,-30.4,-36.11,False,96.08,EXIT
SHEKHAWATI,Shekhawati Industries Limited,Consumer Cyclical,Textile Manufacturing,13.920000076293945,False,8.11,False,False,-48.51,-43.64,False,363.26,EXIT
PRUDMOULI,Prudential Sugar Corporation Ltd.,Consumer Defensive,Confectioners,13.430000305175781,False,6.16,False,False,-64.67,-70.15,False,104.84,EXIT
LFIC,Lakshmi Finance & Industrial Corporation Limited,Financial Services,Asset Management,139.3300018310547,False,9.09,False,False,-37.65,-36.96,False,,EXIT
AMBICAAGAR,Ambica Agarbathies Aroma & Industries Limited,Consumer Defensive,Household & Personal Products,24.829999923706055,False,3.45,True,True,-6.62,-12.49,False,98.07,HOLD
MANGALAM,Mangalam Drugs & Organics Limited,Healthcare,Drug Manufacturers - Specialty & Generic,27.010000228881836,False,44.41,True,False,-83.32,-73.12,False,369.0,EXIT
AKI,AKI India Limited,Consumer Cyclical,Footwear & Accessories,4.5,False,4.19,True,False,-68.66,-63.74,False,80.96,EXIT
21STCENMGM,Twentyfirst Century Management Services Limited,Financial Services,Capital Markets,43.29999923706055,False,28.68,False,True,-29.6,-28.95,False,260.0,EXIT
VIVIMEDLAB,Vivimed Labs Limited,Healthcare,Drug Manufacturers - Specialty & Generic,5.039999961853027,False,176.46000000000004,False,False,-12.59,-2.87,False,1462.0,EXIT
TNTELE,Tamilnadu Telecommunications Limited,Technology,Communication Equipment,8.930000305175781,False,14.889999999999999,False,False,-55.17,-54.41,False,,EXIT
SAGARDEEP,Sagardeep Alloys Limited,Basic Materials,Copper,25.229999542236328,False,2.13,True,False,-14.51,-15.6,False,142.0,EXIT
ABMINTLLTD,ABM International Limited,Basic Materials,Specialty Chemicals,41.40999984741211,False,4.21,False,False,-29.31,-30.36,False,155.95,EXIT
MITTAL,Mittal Life Style Limited,Consumer Cyclical,Textile Manufacturing,0.9100000262260437,False,2.3299999999999996,True,False,-56.05,-51.16,False,72.02,EXIT
BANG,Bang Overseas Limited,Consumer Cyclical,Apparel Manufacturing,30.15999984741211,False,5.949999999999999,False,False,-50.93,-46.05,False,194.0,EXIT
ADL,Archidply Decor Limited,Consumer Cyclical,"Furnishings, Fixtures & Appliances",70.0999984741211,False,0.32000000000000006,False,False,-28.06,-23.23,False,54.28,EXIT
AROGRANITE,Aro Granite Industries Limited,Industrials,Building Products & Equipment,26.049999237060547,False,11.930000000000001,False,False,-41.4,-41.6,False,252.55,EXIT
MADHUCON,Madhucon Projects Limited,Industrials,Engineering & Construction,5.25,False,444.52,True,False,-28.15,-28.38,False,2599.0,EXIT
ORIENTALTL,Oriental Trimex Limited,Industrials,Building Products & Equipment,5.150000095367432,False,2.2600000000000002,False,False,-48.53,-48.71,False,,EXIT
SEYAIND,Seya Industries Limited,Basic Materials,Specialty Chemicals,12.770000457763672,False,2.8800000000000003,False,False,-34.89,-35.92,False,,EXIT
CEREBRAINT,Cerebra Integrated Technologies Limited,Industrials,Waste Management,2.7899999618530273,False,71.64999999999999,True,False,-69.77,-69.9,False,261.0,EXIT
ASHOKAMET,Ashoka Metcast Limited,Basic Materials,Steel,14.109999656677246,False,10.8,True,False,-19.88,-20.95,False,67.03,EXIT
SITINET,SITI Networks Limited,Communication Services,Entertainment,0.3100000023841858,False,196.85,True,False,-27.9,-46.2,False,1608.0,EXIT
NKIND,N.K Industries Limited,Consumer Defensive,Household & Personal Products,63.0,False,3.6199999999999997,True,False,4.18,-1.76,False,493.13,EXIT
LASA,Lasa Supergenerics Limited,Healthcare,Drug Manufacturers - Specialty & Generic,7.849999904632568,False,34.08,False,False,-38.0,-28.1,False,,EXIT
HBSL,HB Stockholdings Limited,Financial Services,Capital Markets,58.11000061035156,False,25.740000000000002,False,False,-32.98,-32.31,False,,EXIT
SUPERSPIN,Super Spinning Mills Limited,Consumer Cyclical,Textile Manufacturing,6.480000019073486,False,8.57,True,False,-40.68,-35.82,False,521.0,EXIT
DNAMEDIA,Diligent Media Corporation Limited,Communication Services,Publishing,2.759999990463257,False,8.879999999999999,False,False,-29.97,-48.25,False,127.76,EXIT
CYBERMEDIA,Cyber Media (India) Limited,Communication Services,Publishing,16.200000762939453,False,3.52,False,True,11.14,-7.68,False,101.8,EXIT
GSS,GSS Infotech Limited,Technology,Information Technology Services,13.539999961853027,False,51.120000000000005,True,False,-58.1,-57.31,False,46.14,EXIT
TARAPUR,Tarapur Transformers Limited,Industrials,Specialty Industrial Machinery,13.539999961853027,False,2.04,False,False,-53.54,-53.71,False,,EXIT
MOHITIND,Mohit Industries Limited,Consumer Cyclical,Textile Manufacturing,25.510000228881836,False,0.92,False,False,-30.15,-25.32,False,191.0,EXIT
KAUSHALYA,Kaushalya Infrastructure Development Corporation Limited,Industrials,Engineering & Construction,951.0499877929688,False,1.5599999999999998,False,True,5.74,5.43,True,14.56,HOLD
AKG,AKG Exim Limited,Industrials,Industrial Distribution,8.649999618530273,False,0.26,False,False,-36.74,-36.95,False,123.67,EXIT
MADHAV,Madhav Marbles and Granites Limited,Industrials,Building Products & Equipment,35.04999923706055,False,2.6,False,False,-23.13,-23.37,False,76.96,EXIT
AKSHAR,Akshar Spintex Limited,Consumer Cyclical,Textile Manufacturing,0.4399999976158142,False,7.3999999999999995,False,False,-24.89,-20.07,False,,EXIT
GANGAFORGE,Ganga Forging Limited,Industrials,Metal Fabrication,2.0199999809265137,False,3.73,False,False,-46.95,-47.14,False,,EXIT
EASTSILK,Eastern Silk Industries Limited,Consumer Cyclical,Textile Manufacturing,60.0,False,14.35,True,False,3231.64,3228.65,True,434.0,HOLD
KEEPLEARN,DSJ Keep Learning Limited,Consumer Defensive,Education & Training Services,2.0299999713897705,False,1.6300000000000001,False,False,-30.86,-36.57,False,,EXIT
LEXUS,Lexus Granito (India) Limited,Industrials,Building Products & Equipment,14.890000343322754,False,2.22,False,False,-56.49,-56.66,False,,EXIT
KANANIIND,Kanani Industries Limited,Consumer Cyclical,Luxury Goods,1.5199999809265137,False,2.58,False,False,-34.28,-29.44,False,496.0,EXIT
NAGREEKCAP,Nagreeka Capital & Infrastructure Ltd.,Financial Services,Asset Management,22.770000457763672,False,12.1,False,False,-22.2,-21.59,False,,EXIT
PEARLPOLY,Pearl Polymers Limited,Consumer Cyclical,Packaging & Containers,16.350000381469727,False,10.55,False,False,-59.67,-54.76,False,,EXIT
GTECJAINX,G-Tec Jainx Education Limited,Consumer Defensive,Education & Training Services,30.06999969482422,False,4.04,True,True,21.65,15.59,True,6.5,HOLD
SIMBHALS,Simbhaoli Sugars Limited,Consumer Defensive,Confectioners,7.0,False,32.809999999999995,True,False,-53.65,-59.2,False,1263.0,EXIT
PNC,Pritish Nandy Communications Ltd,Communication Services,Entertainment,19.479999542236328,False,13.77,True,False,-17.17,-35.61,False,58.0,EXIT
SANWARIA,Sanwaria Consumer Limited,Consumer Defensive,Farm Products,0.1899999976158142,False,4.21,False,False,-46.3,-51.91,False,,EXIT
WILLAMAGOR,Williamson Magor & Co. Limited,Financial Services,Credit Services,25.25,False,50.220000000000006,False,False,-32.31,-31.65,False,51.0,EXIT
TGBHOTELS,TGB Banquets and Hotels Limited,Consumer Cyclical,Lodging,9.199999809265137,False,1.44,False,False,-28.95,-24.13,False,164.01,EXIT
KHANDSE,Khandwala Securities Limited,Financial Services,Capital Markets,17.049999237060547,False,1.7599999999999998,True,False,-34.82,-34.15,False,10.29,EXIT
INFOMEDIA,Infomedia Press Limited,Financial Services,Shell Companies,5.400000095367432,False,3.6800000000000006,False,False,-23.62,-22.99,False,186.0,EXIT
TREEHOUSE,Tree House Education & Accessories Limited,Consumer Defensive,Education & Training Services,6.260000228881836,False,10.32,False,False,-7.17,-13.03,False,209.0,EXIT
SGL,STL Global Limited,Consumer Cyclical,Textile Manufacturing,9.920000076293945,False,1.3900000000000001,False,False,-40.41,-35.56,False,,EXIT
LIBAS,Libas Consumer Products Limited,Consumer Cyclical,Apparel Manufacturing,9.710000038146973,False,0.0,False,False,-28.46,-23.64,False,91.91,EXIT
KSHITIJPOL,Kshitij Polyline Limited,Industrials,Business Equipment & Supplies,2.859999895095825,False,3.6900000000000004,True,False,-13.63,-13.89,False,59.36,EXIT
NEXTMEDIA,Next Mediaworks Limited,Communication Services,Broadcasting,3.950000047683716,False,5.279999999999999,True,False,-21.76,-40.15,False,1.45,EXIT
FLFL,Future Lifestyle Fashions Limited,Consumer Cyclical,Apparel Manufacturing,1.2000000476837158,False,0.0,False,False,-40.18,-35.32,False,6297.0,EXIT
ARSHIYA,Arshiya Limited,Industrials,Integrated Freight & Logistics,0.9399999976158142,False,98.67,False,False,-72.03,-72.16,False,1140.0,EXIT
LAXMICOT,Laxmi Cotspin Limited,Consumer Cyclical,Textile Manufacturing,14.779999732971191,False,10.64,True,False,-52.64,-47.75,False,216.0,EXIT
KRIDHANINF,Kridhan Infra Limited,Basic Materials,Steel,2.2799999713897705,False,2.6900000000000004,False,False,-49.41,-50.4,False,726.75,EXIT
ANKITMETAL,Ankit Metal & Power Limited,Basic Materials,Steel,1.5700000524520874,False,0.0,True,False,-20.55,-21.62,False,1148.0,EXIT
SHRENIK,Shrenik Limited,Basic Materials,Paper & Paper Products,0.3400000035762787,False,1.4400000000000002,False,False,-44.03,-45.04,False,,EXIT
MFML,Mahalaxmi Fabric Mills Limited,Consumer Cyclical,Textile Manufacturing,19.440000534057617,False,8.3,True,False,-43.99,-39.12,False,166.0,EXIT
VCL,Vaxtex Cotfab Limited,Consumer Cyclical,Textile Manufacturing,1.2799999713897705,False,6.28,False,False,-5.39,-0.62,False,,EXIT
HAVISHA,Sri Havisha Hospitality and Infrastructure Limited,Consumer Cyclical,Lodging,1.440000057220459,False,5.03,True,False,-42.26,-37.4,False,2.89,EXIT
ACEINTEG,Ace Integrated Solutions Limited,Industrials,Staffing & Employment Services,19.0,False,0.9500000000000002,True,False,-25.45,-25.69,False,9.14,EXIT
TCIFINANCE,TCI Finance Limited,Financial Services,Credit Services,15.079999923706055,False,1.9900000000000002,False,False,5.95,6.44,True,,EXIT
FEL,Future Enterprises Limited,Consumer Cyclical,Department Stores,0.3700000047683716,False,0.0,False,False,-43.48,-38.62,False,20186.0,EXIT
SHYAMTEL,Shyam Telecom Limited,Technology,Communication Equipment,16.25,False,5.03,True,True,5.61,6.01,True,799.0,HOLD
TECILCHEM,Tecil Chemicals and Hydro Power Ltd.,Financial Services,Shell Companies,9.380000114440918,False,0.42000000000000004,False,False,-55.75,-54.98,False,0.0,EXIT
ASTRON,Astron Paper & Board Mill Limited,Basic Materials,Paper & Paper Products,3.7200000286102295,False,21.18,False,False,-77.21,-78.12,False,512.0,EXIT
TVVISION,TV Vision Limited,Communication Services,Broadcasting,4.340000152587891,False,34.48,True,False,-25.05,-43.39,False,176.0,EXIT
RADAAN,Radaan Mediaworks India Limited,Communication Services,Entertainment,3.0399999618530273,False,4.79,True,False,-9.76,-28.31,False,35.54,EXIT
GLFL,Gujarat Lease Financing Limited,Financial Services,Shell Companies,5.400000095367432,False,0.2,False,False,-19.17,-18.56,False,0.69,EXIT
SILLYMONKS,Silly Monks Entertainment Limited,Communication Services,Entertainment,15.699999809265137,False,2.35,True,False,9.14,-9.65,False,22.22,EXIT
VIVIDHA,Visagar Polytex Limited,Consumer Cyclical,Textile Manufacturing,0.5299999713897705,False,1.54,False,False,-41.6,-36.74,False,,EXIT
EUROTEXIND,Eurotex Industries and Exports Limited,Real Estate,Real Estate - Development,13.109999656677246,False,4.87,False,False,6.16,-10.64,False,,EXIT
BOHRAIND,Bohra Industries Limited,Basic Materials,Agricultural Inputs,14.9399995803833,False,4.25,False,False,-57.84,-58.8,False,,EXIT
UMESLTD,Usha Martin Education & Solutions Limited,Consumer Defensive,Education & Training Services,5.480000019073486,False,0.39,True,True,-6.72,-12.59,False,6.19,HOLD
TIJARIA,Tijaria Polypipes Limited,Industrials,Building Products & Equipment,4.739999771118164,False,1.3,False,False,-51.19,-51.37,False,,EXIT
MTEDUCARE,MT Educare Limited,Consumer Defensive,Education & Training Services,1.940000057220459,False,11.29,False,True,-14.15,-19.97,False,305.0,EXIT
HEADSUP,Heads UP Ventures Limited,Consumer Cyclical,Apparel Retail,7.019999980926514,False,7.42,True,False,-42.31,-37.45,False,1.42,EXIT
FLEXITUFF,Flexituff Ventures International Limited,Consumer Cyclical,Textile Manufacturing,3.690000057220459,False,134.89,False,False,-95.39,-90.41,False,1457.0,EXIT
KALYANI,Kalyani Commercials Limited,Consumer Cyclical,Auto & Truck Dealerships,138.08999633789062,True,2.74,True,False,-9.47,-4.69,False,901.0,EXIT
RETAIL,JHS Svendgaard Retail Ventures Limited,Consumer Defensive,Grocery Stores,17.25,False,0.42000000000000004,False,False,-54.34,-59.89,False,,EXIT
ARENTERP,Rajdarshan Industries Limited,Basic Materials,Other Industrial Metals & Mining,37.81999969482422,False,0.8400000000000001,True,False,-26.08,-27.14,False,1.9,EXIT
AURUS,Aurus Gem Corporation Limited,Consumer Cyclical,Luxury Goods,4.559999942779541,False,16.91,False,False,-46.4,-41.53,False,,EXIT
NIRAJISPAT,Niraj Ispat Industries Limited,Consumer Cyclical,Apparel Manufacturing,216.0,False,1.21,False,False,-59.92,-55.02,False,,EXIT
UNIINFO,Uniinfo Telecom Services Limited,Communication Services,Telecom Services,11.880000114440918,False,1.5300000000000002,False,False,-28.36,-46.65,False,50.1,EXIT
BILVYAPAR,BIL Vyapar Limited,Basic Materials,Specialty Chemicals,3.9000000953674316,False,2.9800000000000004,False,False,-71.29,-72.21,False,4735.57,EXIT
CREATIVEYE,Creative Eye Limited,Communication Services,Entertainment,6.269999980926514,False,5.180000000000001,False,False,-4.54,-23.15,False,,EXIT
ORTINGLOBE,Ortin Global Limited,Healthcare,Drug Manufacturers - Specialty & Generic,15.199999809265137,False,0.74,False,True,-30.23,-20.38,False,,EXIT
ANTGRAPHIC,Antarctica Limited,Consumer Cyclical,Packaging & Containers,0.75,False,0.0,False,False,-44.9,-40.03,False,,EXIT
GLOBALE,Globale Tessile Limited,Consumer Cyclical,Textile Manufacturing,10.800000190734863,False,1.4,False,False,-32.49,-27.66,False,,EXIT
DCMFINSERV,DCM Financial Services Limited,Financial Services,Credit Services,5.550000190734863,False,1.03,False,True,-12.61,-12.03,False,3.96,EXIT
LAKPRE,Lakshmi Precision Screws Limited,Industrials,Tools & Accessories,5.199999809265137,False,0.0,False,False,-17.77,-18.02,False,425.0,EXIT
COMPINFO,Compuage Infocom Limited,Technology,Electronics & Computer Distribution,1.100000023841858,False,0.0,False,False,-64.16,-63.33,False,4515.0,EXIT
BLUECHIP,Blue Chip India Limited,Financial Services,Capital Markets,1.6799999475479126,False,0.44999999999999996,False,False,-70.52,-69.69,False,,EXIT
MEP,MEP Infrastructure Developers Limited,Industrials,Infrastructure Operations,0.5600000023841858,False,0.0,False,False,-68.88,-69.02,False,2815.0,EXIT
PREMIER,Premier Limited,Industrials,Specialty Industrial Machinery,2.869999885559082,False,5.869999999999999,True,False,-27.1,-27.33,False,99.96,EXIT
SHANTI,Shanti Overseas (India) Limited,Consumer Defensive,Farm Products,6.940000057220459,False,2.87,False,False,-36.83,-42.5,False,210.44,EXIT
SABEVENTS,SAB Events & Governance Now Media Limited,Communication Services,Publishing,132.60000610351562,False,0.68,False,False,21.03,2.08,True,,EXIT
ORTEL,Ortel Communications Limited,Communication Services,Entertainment,2.130000114440918,False,0.0,False,True,48.59,29.27,True,203.0,HOLD
SETUINFRA,Setubandhan Infrastructure Limited,Industrials,Engineering & Construction,0.41999998688697815,False,0.0,False,False,-18.73,-18.97,False,283.49,EXIT
BNAGROCHEM,BN Agrochem Limited,,,273.0,False,0.0,False,False,,,False,,EXIT
RAMBHAJO,RAMBHAJO,Consumer Cyclical,Luxury Goods,186.60000610351562,False,0.0,False,False,,,False,,EXIT
BLIL,Balmer Lawrie Investments Limited,,,71.12000274658203,False,0.0,False,False,,,False,,EXIT
RSDFIN,RSD Finance Limited,,,152.44000244140625,True,0.0,False,False,,,False,,EXIT
BNALTD,B & A Limited,,,390.0,False,0.0,False,False,,,False,,EXIT
AASTHA,AASTHA,Consumer Cyclical,Textile Manufacturing,82.87999725341797,False,0.0,False,False,,,False,,EXIT
SHRIKRISH,Shri Krishna Devcon Limited,Unknown,Unknown,42.290000915527344,False,0.0,False,False,,,False,,EXIT
ACSTECH,ACS Technologies Limited,,,45.970001220703125,True,0.0,False,False,,,False,,EXIT
3BBLACKBIO,3B Blackbio Dx Limited,,,1205.9000244140625,False,0.0,False,False,,,False,,EXIT
ZSARACOM,Saraswati Commercial (India) Limited,,,11932.0,False,0.0,False,False,,,False,,EXIT
ZODIAC,Zodiac Energy Limited,,,253.35000610351562,False,0.0,False,False,,-47.3,False,408.0,EXIT
ABMKNO,ABM Knowledgeware Limited,,,190.8699951171875,False,0.0,False,False,,,False,,EXIT
KPL,Kwality Pharmaceuticals Limited,,,2652.10009765625,False,0.0,False,False,,,False,,EXIT
RAJPALAYAM,Rajapalayam Mills Limited,Unknown,Unknown,833.5999755859375,True,114.35000000000001,False,False,,,False,,EXIT
RRIL,RRIL Limited,,,17.719999313354492,False,0.0,False,False,,,False,,EXIT
MADHAVIPL,Madhav Infra Projects Limited,,,7.78000020980835,False,0.0,False,False,,,False,,EXIT
LCL,LCL,Industrials,Specialty Industrial Machinery,531.4500122070312,True,0.0,False,False,,,False,,EXIT
RIR,Rir Power Electronics Limited,Technology,Semiconductors,160.0500030517578,True,7.930000000000001,False,False,,,False,,EXIT
CPL,Captain Polyplast Limited,Industrials,Farm & Heavy Construction Machinery,72.19999694824219,True,27.780000000000005,False,False,,,False,,EXIT
DAICHI,Dai-ichi Karkaria Limited,,,322.20001220703125,True,0.0,False,False,,,False,,EXIT
SINGERIND,Singer India Limited,,,68.72000122070312,False,0.0,False,False,,,False,483.0,EXIT
LAHOTIOV,Lahoti Overseas Limited,,,41.2599983215332,False,0.0,False,False,,,False,,EXIT
CORONA,CORONA,Healthcare,Drug Manufacturers - General,2045.5,False,164.35000000000002,False,False,,,False,1196.0,EXIT
HBESD,HB Estate Developers Limited,Unknown,Unknown,75.27999877929688,False,0.0,False,False,,,False,,EXIT
CMPDI,CMPDI,Basic Materials,Other Industrial Metals & Mining,244.17999267578125,False,656.6099999999999,False,False,,,False,,EXIT
CMRGREEN,CMRGREEN,Basic Materials,Aluminum,231.47000122070312,False,0.0,False,False,,,False,,EXIT
TENNIND,TENNIND,Consumer Cyclical,Auto Parts,570.5499877929688,False,593.23,False,False,,,False,5468.0,EXIT
TECHNVISN,TechNVision Ventures Limited,,,5307.10009765625,False,0.0,False,False,,,False,,EXIT
COMFINTE,Comfort Intech Limited,,,6.71999979019165,False,0.0,False,False,,,False,,EXIT
HALDYNGL,Haldyn Glass Limited,,,132.7899932861328,True,0.0,False,False,,,False,,EXIT
COCKERILL,John Cockerill India Limited,Industrials,Metal Fabrication,9462.0,False,18.419999999999998,False,False,,,False,,EXIT
THACKER,Thacker and Company Limited,,,1096.800048828125,False,0.0,False,False,,,False,,EXIT
TIMEX,Timex Group India Limited,Consumer Cyclical,Luxury Goods,543.0499877929688,False,85.79,False,False,,,False,,EXIT
CMLL,CMLL,Energy,Thermal Coal,579.9500122070312,True,0.0,False,False,,,False,,EXIT
THAKDEV,Thakkers Developers Limited,,,128.25,False,0.0,False,False,,,False,,EXIT
TCC,TCC Concept Limited,,,273.0,False,0.0,False,False,,,False,83.0,EXIT
ABANSENT,ABans Enterprises Limited,,,26.479999542236328,False,0.0,False,False,,,False,,EXIT
DISAQ,DISA India Limited,,,11769.0,False,0.0,False,False,,,False,,EXIT
BI,Bilcare Limited,,,61.25,False,0.0,False,False,,,False,,EXIT
PRAVEG,Praveg Limited,,,287.25,False,0.0,False,False,,,False,,EXIT
KIRANVYPAR,Kiran Vyapar Limited,,,197.57000732421875,True,0.0,False,False,,,False,,EXIT
KLBRENG-B,Kilburn Engineering Limited,,,399.04998779296875,False,0.0,False,False,,,False,,EXIT
RVHL,RVHL,Unknown,Unknown,45.36000061035156,False,55.81,False,False,30.55,3.31,True,12.0,EXIT
FERMENTA,Fermenta Biotech Limited,,,552.5999755859375,True,0.0,False,False,,,False,,EXIT
FEDDERSHOL,Fedders Holding Limited,,,42.34000015258789,False,0.0,False,False,,,False,,EXIT
INDPRUD,Industrial And Prudential Investment Company Limited,,,6472.5,False,0.0,False,False,,,False,,EXIT
PRADPME,Pradeep Metals Limited,,,513.5999755859375,False,0.0,False,False,,,False,,EXIT
MMWL,Media Matrix Worldwide Limited,Communication Services,Entertainment,15.050000190734863,False,5.85,False,False,,,False,,EXIT
BAJAJST,Bajaj Steel Industries Limited,,,386.79998779296875,False,0.0,False,False,,,False,,EXIT
SHBAJRG,Shri Bajrang Alliance Limited,,,178.75999450683594,False,0.0,False,False,,,False,,EXIT
GUJRAFFIA,Gujarat Raffia Industries Limited,,,39.93000030517578,False,0.0,False,False,,2.16,False,47.56,EXIT
SIKA,Sika Interplant Systems Limited,,,1113.699951171875,False,0.0,False,False,,,False,,EXIT
BIRLAPREC,Birla Precision Technologies Limited,,,34.939998626708984,False,0.0,False,False,,,False,,EXIT
BHARATCOAL,BHARATCOAL,Basic Materials,Coking Coal,34.2599983215332,False,325.23,False,False,,,False,14246.0,EXIT
BLACKROSE,Black Rose Industries Limited,,,114.41999816894531,False,0.0,False,False,,,False,,EXIT
MCCHRLS-B,Mac Charles (India) Limited,,,675.9000244140625,False,0.0,False,False,,,False,,EXIT
QUINT,Quint Digital Limited,,,39.86000061035156,False,0.0,False,False,,,False,,EXIT
TAALTECH,TAAL Tech Limited,,,4110.2001953125,True,0.0,False,False,,,False,,EXIT
TAMBOLIIN,Tamboli Industries Limited,,,218.7899932861328,True,0.0,False,False,,,False,,EXIT
DECNGOLD,Deccan Gold Mines Limited,,,225.42999267578125,True,0.0,False,False,,,False,,EXIT
TURTLEMINT,TURTLEMINT,Financial Services,Insurance Brokers,112.75,False,47.9,False,False,,,False,,EXIT
MERCANTILE,Mercantile Ventures Limited,,,24.520000457763672,False,0.0,False,False,,,False,,EXIT
MENNPIS,Menon Pistons Limited,,,75.3499984741211,True,0.0,False,False,,,False,,EXIT
SURYALA,Suryalata Spinning Mills Limited,,,399.6000061035156,False,0.0,False,False,,,False,,EXIT
BENGALASM,Bengal & Assam Company Limited,,,6230.5,False,0.0,False,False,,,False,,EXIT
BEEKAY,Beekay Steel Industries Limited,,,394.45001220703125,False,0.0,False,False,,,False,,EXIT
GRANDOAK,Grand Oak Canyons Distillery Limited,,,41.75,False,0.0,False,False,,,False,,EXIT
GNRL,Gujarat Natural Resources Limited,,,95.25,False,0.0,False,False,,,False,,EXIT
GRAVISSHO,Graviss Hospitality Limited,,,29.260000228881836,False,0.0,False,False,,,False,,EXIT
SONAL,Sonal Mercantile Limited,,,89.94999694824219,False,0.0,False,False,,,False,,EXIT
INVPRECQ,Investment & Precision Castings Limited,,,1136.5,True,0.0,False,False,,,False,,EXIT
KOTIC,Kothari Industrial Corporation Limited,,,154.72999572753906,False,0.0,False,False,,,False,,EXIT
EMPOWER,Empower India Limited,,,2.549999952316284,False,0.0,False,False,,,False,,EXIT
ELCIDIN,Elcid Investments Limited,,,112400.0,False,0.0,False,False,,,False,,EXIT
KAMAHOLD,KAMA Holdings Limited,,,2510.39990234375,False,0.0,False,False,,,False,,EXIT
NEAGI,Neelamalai Agro Industries Limited,,,3150.0,False,0.0,False,False,,,False,,EXIT
ASHIKAG,ASHIKAG,,,474.04998779296875,True,0.0,False,False,,,False,,EXIT
SCANSTL,Scan Steels Limited,,,64.04000091552734,True,0.0,False,False,,,False,,EXIT
NATIONSTD,National Standard (India) Limited,,,201.94000244140625,False,0.0,False,False,,,False,,EXIT
AKCAPIT,A. K. Capital Services Limited,,,1690.300048828125,False,0.0,False,False,,,False,,EXIT
ELITECON,Elitecon International Limited,,,18.59000015258789,False,0.0,False,False,,,False,,EXIT
PREMCO,Premco Global Limited,,,385.0,False,0.0,False,False,,,False,,EXIT
ASTAR,Asian Star Company Limited,,,590.0,False,0.0,False,False,,,False,,EXIT
DRAGARWQ,Dr. Agarwal's Eye Hospital Limited,,,5253.0,True,0.0,False,False,,,False,,EXIT
FRONTSP,Frontier Springs Limited,,,1409.699951171875,False,0.0,False,False,,,False,,EXIT
VELJAN,Veljan Denison Limited,,,1651.800048828125,False,0.0,False,False,,,False,,EXIT
NILE,Nile Limited,,,1595.0,False,0.0,False,False,,,False,,EXIT
XTRANET,XTRANET,Technology,Information Technology Services,129.72999572753906,True,0.0,False,False,,,False,,EXIT
3PLAND,3P Land Holdings Ltd,Unknown,Unknown,32.099998474121094,False,1.65,False,False,-23.97,-33.04,False,205.25,EXIT
WELSPLSOL,Welspun Specialty Solutions Limited,,,50.02000045776367,False,0.0,False,False,,,False,,EXIT
PML,Paul Merchants Limited,,,506.25,False,0.0,False,False,,,False,,EXIT
ARTEMISMED,Artemis Medicare Services Limited,,,311.70001220703125,False,0.0,False,True,,21.36,False,937.0,EXIT
KANCHI,Kanchi Karpooram Limited,,,361.8999938964844,False,0.0,False,False,,,False,,EXIT
IWP,The Indian Wood Products Company Limited,,,33.599998474121094,False,0.0,False,False,,,False,,EXIT
INDOMIM,INDOMIM,Industrials,Metal Fabrication,878.75,True,0.0,False,False,,,False,,EXIT
PIONRINV,Pioneer Investcorp Limited,,,84.05000305175781,False,0.0,False,False,,,False,,EXIT
SEIL,Shanti Educational Initiatives Limited,,,202.60000610351562,False,0.0,False,False,,,False,,EXIT
SAPPL,Shree Ajit Pulp and Paper Limited,,,294.79998779296875,False,0.0,False,False,,,False,,EXIT
WPIL,WPIL Limited,,,438.8999938964844,False,0.0,False,False,,,False,,EXIT
HEXAGON,HEXAGON,Consumer Defensive,Packaged Foods,65.16000366210938,False,0.0,False,False,,,False,,EXIT
SHINDL,Sharat Industries Limited,,,160.7899932861328,True,0.0,False,False,,,False,,EXIT
OMPOWER,OMPOWER,Industrials,Engineering & Construction,172.57000732421875,False,0.0,False,False,,,False,,EXIT
AARNAV,Aarnav Fashions Limited,,,30.860000610351562,True,0.0,False,False,,,False,,EXIT
