Symbol,Company,Sector,Industry,Current_Price,ATH_Price_Flag,TTM_Net_Profit,ATH_Profit_Flag,Above_MA212_Flag,RS_Peer_Group,RS_vs_Sector,RS_vs_Benchmark,Outperformance_Flag,TTM_Net_Sales,ATH_Sales,ATH_Sales_Flag,Signal
RELIANCE,Reliance Industries Limited,Energy,Oil & Gas Refining & Marketing,1313.199951171875,False,88167.0,False,False,NIFTY ENERGY,-16.7,-9.04,False,1123055.0,1055780.0,True,EXIT
BHARTIARTL,Bharti Airtel Limited,Communication Services,Telecom Services,1941.699951171875,False,36413.0,False,False,Sector: Communication Services,21.84,0.04,True,220049.0,210973.0,True,EXIT
HDFCBANK,HDFC Bank Limited,Financial Services,Banks - Regional,725.0499877929688,False,82512.0,True,False,NIFTY BANK,-30.15,-29.05,False,351819.0,348615.0,True,EXIT
ICICIBANK,ICICI Bank Limited,Financial Services,Banks - Regional,1411.9000244140625,False,59756.0,True,True,NIFTY BANK,-5.05,-3.94,False,198379.0,195218.0,True,HOLD
SBIN,State Bank of India,Financial Services,Banks - Regional,1048.0,False,89665.0,True,True,NIFTY BANK,24.87,25.97,True,525747.0,514933.0,True,HOLD
TCS,Tata Consultancy Services Limited,Technology,Information Technology Services,2298.0,False,50055.0,True,False,NIFTY IT,-11.68,-27.26,False,275859.0,267021.0,True,EXIT
BAJFINANCE,Bajaj Finance Limited,Financial Services,Credit Services,1095.0,False,20648.0,True,True,Sector: Financial Services,18.84,19.15,True,85964.0,81985.0,True,HOLD
LT,Larsen & Toubro Limited,Industrials,Engineering & Construction,4081.0,False,19624.0,True,True,Sector: Industrials,9.77,10.6,True,290137.0,285874.0,True,HOLD
HINDUNILVR,Hindustan Unilever Limited,Consumer Defensive,Household & Personal Products,2028.0,False,14971.0,False,False,NIFTY FMCG,-7.5,-24.85,False,66052.0,64468.0,True,EXIT
INFY,Infosys Limited,Technology,Information Technology Services,1130.0,False,30325.0,True,False,NIFTY IT,-10.06,-25.64,False,184582.0,178650.0,True,EXIT
SUNPHARMA,Sun Pharmaceutical Industries Limited,Healthcare,Drug Manufacturers - Specialty & Generic,1904.0,True,12117.0,True,True,NIFTY PHARMA,-2.67,14.15,False,59911.0,58462.0,True,HOLD
TITAN,Titan Company Limited,Consumer Cyclical,Luxury Goods,5068.0,True,5760.0,True,True,NIFTY CONSUMER DURABLES,52.28,38.15,True,92417.0,87584.0,True,ADD
MARUTI,Maruti Suzuki India Limited,Consumer Cyclical,Auto Manufacturers,13809.0,False,14334.0,False,False,NIFTY AUTO,-18.81,-5.58,False,197181.0,183316.0,True,EXIT
ADANIENT,Adani Enterprises Limited,Energy,Thermal Coal,2994.89990234375,False,7513.0,False,True,NIFTY METAL,-11.6,24.09,False,111431.0,127540.0,False,EXIT
M&M,Mahindra & Mahindra Limited,Consumer Cyclical,Auto Manufacturers,3424.800048828125,False,20243.0,True,True,NIFTY AUTO,-14.41,-1.18,False,211375.0,198639.0,True,HOLD
ADANIPOWER,Adani Power Limited,Utilities,Utilities - Independent Power Producers,204.0,False,14533.0,False,True,NIFTY ENERGY,60.14,67.8,True,59033.0,56203.0,True,HOLD
ADANIPORTS,Adani Ports and Special Economic Zone Limited,Industrials,Marine Shipping,1696.0,False,13121.0,True,True,Sector: Industrials,21.11,21.92,True,40430.0,38736.0,True,HOLD
KOTAKBANK,Kotak Mahindra Bank Limited,Financial Services,Banks - Regional,397.3500061035156,False,20296.0,False,False,NIFTY BANK,-5.05,-3.95,False,70887.0,69781.0,True,EXIT
AXISBANK,Axis Bank Limited,Financial Services,Banks - Regional,1251.0,False,27939.0,False,False,NIFTY BANK,12.57,13.67,True,135732.0,132538.0,True,EXIT
HCLTECH,HCL Technologies Limited,Technology,Information Technology Services,1318.4000244140625,False,17434.0,True,False,NIFTY IT,2.33,-13.25,False,134374.0,130144.0,True,EXIT
ITC,ITC Limited,Consumer Defensive,Tobacco,271.6499938964844,False,20184.0,False,False,NIFTY FMCG,-17.72,-35.08,False,76488.0,78868.0,False,EXIT
ULTRACEMCO,UltraTech Cement Limited,Basic Materials,Building Materials,11575.0,False,8571.0,True,False,Sector: Basic Materials,-11.15,-11.09,False,91884.0,88512.0,True,EXIT
HAL,Hindustan Aeronautics Limited,Industrials,Aerospace & Defense,4998.0,False,9321.0,True,True,Sector: Industrials,10.3,11.13,True,33785.0,33089.0,True,HOLD
NTPC,NTPC Limited,Utilities,Utilities - Regulated Electric,337.5,False,28334.0,True,False,NIFTY ENERGY,-10.8,-3.14,False,191059.0,188138.0,True,EXIT
BAJAJFINSV,Bajaj Finserv Ltd.,Financial Services,Financial Conglomerates,2016.0,False,20637.0,True,True,Sector: Financial Services,-1.1,-0.69,False,157642.0,150530.0,True,HOLD
BAJAJ-AUTO,Bajaj Auto Limited,Consumer Cyclical,Auto Manufacturers,11793.0,False,11553.0,True,True,NIFTY AUTO,18.55,31.77,True,71460.0,62905.0,True,HOLD
JSWSTEEL,JSW Steel Limited,Basic Materials,Steel,1299.699951171875,True,27995.0,True,True,NIFTY METAL,-17.46,18.23,False,189687.0,185470.0,True,HOLD
BEL,Bharat Electronics Limited,Industrials,Aerospace & Defense,409.3999938964844,False,6148.0,True,False,Sector: Industrials,5.16,6.01,True,28717.0,27610.0,True,HOLD
ONGC,Oil and Natural Gas Corporation Limited,Energy,Oil & Gas Integrated,238.5,False,44793.0,False,False,NIFTY ENERGY,-8.97,-1.31,False,704123.0,632291.0,True,EXIT
ETERNAL,Eternal Limited,Consumer Cyclical,Internet Retail,327.95001220703125,False,433.0,False,True,Sector: Consumer Cyclical,1.77,-1.39,False,67408.0,54364.0,True,EXIT
NESTLEIND,Nestlé India Limited,Consumer Defensive,Packaged Foods,1458.0,False,3811.0,False,True,NIFTY FMCG,39.03,21.68,True,24437.0,24394.0,True,HOLD
DMART,Avenue Supermarts Limited,Consumer Defensive,Discount Stores,3960.0,False,3057.0,True,False,Sector: Consumer Defensive,-17.76,-17.5,False,71256.0,68821.0,True,EXIT
SHRIRAMFIN,Shriram Finance Limited,Financial Services,Credit Services,1128.199951171875,True,11318.0,True,True,Sector: Financial Services,78.16,78.17,True,49997.0,48135.0,True,ADD
LICI,Life Insurance Corporation of India,Financial Services,Insurance - Life,419.0,False,60055.0,True,False,Sector: Financial Services,-9.08,-8.64,False,994088.0,977772.0,True,EXIT
ASIANPAINT,Asian Paints Limited,Basic Materials,Specialty Chemicals,2625.199951171875,False,4837.0,False,True,Sector: Basic Materials,2.02,2.05,True,37187.0,35584.0,True,HOLD
COALINDIA,Coal India Limited,Energy,Thermal Coal,402.5,False,31186.0,False,False,NIFTY ENERGY,-4.16,3.5,False,157856.0,169177.0,False,EXIT
POWERGRID,Power Grid Corporation of India Limited,Utilities,Utilities - Regulated Electric,264.79998779296875,False,15896.0,False,False,NIFTY ENERGY,-17.18,-9.52,False,47033.0,46733.0,True,EXIT
HINDZINC,Hindustan Zinc Limited,Basic Materials,Other Industrial Metals & Mining,573.9000244140625,False,17067.0,True,True,NIFTY METAL,-4.31,31.38,False,46820.0,40844.0,True,HOLD
TATASTEEL,Tata Steel Limited,Basic Materials,Steel,183.5,False,11264.0,False,False,NIFTY METAL,-22.64,13.05,False,239756.0,243959.0,False,EXIT
HINDALCO,Hindalco Industries Limited,Basic Materials,Aluminum,1029.8499755859375,False,16400.0,True,True,NIFTY METAL,9.51,45.19,True,295537.0,274944.0,True,HOLD
DIVISLAB,Divi's Laboratories Limited,Healthcare,Drug Manufacturers - Specialty & Generic,8570.0,True,2925.0,False,True,NIFTY PHARMA,20.67,37.49,True,11230.0,10560.0,True,HOLD
ADANIGREEN,Adani Green Energy Limited,Utilities,Utilities - Renewable,1301.800048828125,False,2146.0,True,True,NIFTY ENERGY,26.55,34.21,True,13559.0,12928.0,True,HOLD
EICHERMOT,Eicher Motors Limited,Consumer Cyclical,Auto Manufacturers,8042.0,True,5773.0,True,True,NIFTY AUTO,19.68,32.91,True,24998.0,23408.0,True,ADD
GRASIM,Grasim Industries Limited,Basic Materials,Building Materials,3300.0,True,11261.0,True,True,Sector: Basic Materials,12.72,12.72,True,184029.0,175431.0,True,ADD
TENNIND,TENNIND,Consumer Cyclical,Auto Parts,568.5999755859375,False,602.0,False,False,Sector: Consumer Cyclical,,,False,5663.0,5468.0,True,EXIT
INDIGO,InterGlobe Aviation Limited,Industrials,Airlines,5165.0,False,-4808.0,False,True,Sector: Industrials,-17.02,-16.12,False,89050.0,84962.0,True,EXIT
TVSMOTOR,TVS Motor Company Limited,Consumer Cyclical,Auto Manufacturers,4390.0,True,3601.0,True,True,NIFTY AUTO,18.2,31.43,True,60155.0,56070.0,True,ADD
ADANIENSOL,Adani Energy Solutions Limited,Utilities,Utilities - Independent Power Producers,1548.5,False,3090.0,True,True,NIFTY ENERGY,84.07,91.73,True,30480.0,27588.0,True,HOLD
IOC,Indian Oil Corporation Limited,Energy,Oil & Gas Refining & Marketing,135.89999389648438,False,35728.0,False,False,NIFTY ENERGY,-11.88,-4.21,False,858482.0,841756.0,True,EXIT
TORNTPHARM,Torrent Pharmaceuticals Limited,Healthcare,Drug Manufacturers - Specialty & Generic,5005.0,True,2156.0,True,True,NIFTY PHARMA,17.38,34.21,True,15723.0,13980.0,True,ADD
WIPRO,Wipro Limited,Technology,Information Technology Services,181.0,False,13285.0,True,False,NIFTY IT,-13.72,-29.3,False,94968.0,92624.0,True,EXIT
SOLARINDS,Solar Industries India Limited,Basic Materials,Specialty Chemicals,19760.0,True,2050.0,True,True,Sector: Basic Materials,33.83,33.77,True,11351.0,9838.0,True,ADD
SBILIFE,SBI Life Insurance Company Limited,Financial Services,Insurance - Life,1782.0,False,2601.0,True,False,Sector: Financial Services,-6.88,-6.45,False,119656.0,131988.0,False,EXIT
HYUNDAI,HYUNDAI,Consumer Cyclical,Auto Manufacturers,2227.0,False,4951.0,False,True,Sector: Consumer Cyclical,-12.42,-15.55,False,70685.0,70763.0,False,EXIT
MOTHERSON,Samvardhana Motherson International Limited,Consumer Cyclical,Auto Parts,169.5800018310547,True,4555.0,True,True,NIFTY AUTO,56.38,69.61,True,131135.0,126104.0,True,ADD
TMCV,TMCV,Consumer Cyclical,Auto Manufacturers,477.6000061035156,False,4187.0,True,False,Sector: Consumer Cyclical,,,False,87197.0,83855.0,True,EXIT
VAML,Vedanta Aluminium Metal Limited,Basic Materials,Aluminum,435.75,False,,False,False,Sector: Basic Materials,,,False,,,False,EXIT
PIDILITIND,Pidilite Industries Limited,Basic Materials,Specialty Chemicals,1660.0,True,2676.0,True,True,Sector: Basic Materials,6.33,6.35,True,15399.0,14601.0,True,ADD
DLF,DLF Limited,Real Estate,Real Estate - Development,676.1500244140625,False,4446.0,False,True,NIFTY REALTY,-11.85,-14.7,False,6758.0,9926.0,False,EXIT
JIOFIN,Jio Financial Services Limited,Financial Services,Asset Management,244.60000610351562,False,2066.0,True,False,Sector: Financial Services,-26.97,-26.44,False,4905.0,3521.0,True,EXIT
ABB,ABB India Limited,Industrials,Specialty Industrial Machinery,7479.0,False,2988.0,True,True,NIFTY ENERGY,39.5,47.16,True,13477.0,13203.0,True,HOLD
CHOLAFIN,Cholamandalam Investment and Finance Company Limited,Financial Services,Credit Services,1888.9000244140625,True,5751.0,True,True,Sector: Financial Services,21.51,21.81,True,32663.0,31120.0,True,ADD
POWERINDIA,Hitachi Energy India Limited,Industrials,Electrical Equipment & Parts,33510.0,False,1150.0,True,True,NIFTY ENERGY,66.97,74.64,True,9162.0,8148.0,True,HOLD
TRENT,Trent Limited,Consumer Cyclical,Apparel Retail,2970.0,False,1815.0,True,False,Sector: Consumer Cyclical,-44.96,-48.01,False,20945.0,20074.0,True,EXIT
TATACAP,TATACAP,Financial Services,Credit Services,366.1499938964844,True,5478.0,True,True,Sector: Financial Services,,,False,32695.0,31566.0,True,HOLD
ICICIAMC,ICICIAMC,Financial Services,Asset Management,3228.89990234375,False,3486.0,True,False,Sector: Financial Services,,,False,6040.0,5999.0,True,EXIT
IDEA,Vodafone Idea Limited,Communication Services,Telecom Services,14.029999732971191,False,37406.0,True,True,Sector: Communication Services,121.27,97.9,True,45539.0,44958.0,True,HOLD
CUMMINSIND,Cummins India Limited,Industrials,Specialty Industrial Machinery,5205.0,False,2367.0,True,True,Sector: Industrials,36.58,37.35,True,12662.0,12143.0,True,HOLD
VBL,Varun Beverages Limited,Consumer Defensive,Beverages - Non-Alcoholic,438.29998779296875,False,3409.0,True,False,NIFTY FMCG,0.4,-16.96,False,24126.0,21685.0,True,EXIT
BHEL,Bharat Heavy Electricals Limited,Industrials,Specialty Industrial Machinery,413.5,False,2432.0,True,True,NIFTY ENERGY,88.08,95.74,True,35993.0,33782.0,True,HOLD
TECHM,Tech Mahindra Limited,Technology,Information Technology Services,1592.0999755859375,False,5163.0,False,True,NIFTY IT,19.4,3.82,True,59176.0,56815.0,True,HOLD
UNIONBANK,Union Bank of India,Financial Services,Banks - Regional,184.67999267578125,False,20644.0,True,True,NIFTY BANK,34.43,35.53,True,107127.0,106799.0,True,HOLD
SIEMENS,Siemens Limited,Industrials,Specialty Industrial Machinery,3880.0,False,3277.0,True,True,NIFTY ENERGY,14.28,21.94,True,18062.0,24846.0,False,HOLD
CGPOWER,CG Power and Industrial Solutions Limited,Industrials,Electrical Equipment & Parts,876.2999877929688,False,1240.0,False,True,NIFTY ENERGY,22.72,30.39,True,12821.0,12418.0,True,HOLD
BSE,BSE Limited,Financial Services,Financial Data & Stock Exchanges,3291.10009765625,False,2822.0,True,True,Sector: Financial Services,30.79,31.04,True,5442.0,5124.0,True,HOLD
LTM,LTM Limited,Technology,Information Technology Services,4553.0,False,5197.0,True,False,NIFTY IT,3.54,-12.04,False,44075.0,42308.0,True,EXIT
POLYCAB,Polycab India Limited,Industrials,Electrical Equipment & Parts,9125.0,False,2905.0,True,True,Sector: Industrials,28.29,29.08,True,31188.0,28884.0,True,HOLD
BOSCHLTD,Bosch Limited,Consumer Cyclical,Auto Parts,48750.0,True,2363.0,False,True,NIFTY AUTO,7.03,20.25,True,21088.0,20035.0,True,HOLD
BPCL,Bharat Petroleum Corporation Limited,Energy,Oil & Gas Refining & Marketing,308.70001220703125,False,17132.0,False,False,NIFTY ENERGY,-10.97,-3.31,False,493954.0,473187.0,True,EXIT
PNB,Punjab National Bank,Financial Services,Banks - Regional,118.0,False,22134.0,True,True,NIFTY BANK,6.44,7.54,True,131789.0,130772.0,True,HOLD
BRITANNIA,Britannia Industries Limited,Consumer Defensive,Packaged Foods,5548.0,False,2610.0,True,False,NIFTY FMCG,12.85,-4.5,False,19529.0,19152.0,True,EXIT
BANKBARODA,Bank of Baroda Limited,Financial Services,Banks - Regional,244.5,False,18392.0,False,False,NIFTY BANK,-3.12,-2.02,False,136546.0,134298.0,True,EXIT
APOLLOHOSP,Apollo Hospitals Enterprise Limited,Healthcare,Medical Care Facilities,8735.0,True,2172.0,True,True,Sector: Healthcare,-0.95,9.52,False,26430.0,25228.0,True,HOLD
BAJAJHLDNG,Bajaj Holdings & Investment Limited,Financial Services,Asset Management,11368.0,False,8993.0,False,True,Sector: Financial Services,-23.98,-23.46,False,1139.0,1702.0,False,EXIT
ENRIN,Siemens Energy India Limited,Utilities,Utilities - Renewable,3435.300048828125,False,1488.0,True,True,NIFTY ENERGY,-2.61,5.05,False,9436.0,7827.0,True,HOLD
LODHA,Lodha Developers Limited,Real Estate,Real Estate - Development,1240.0,False,4129.0,True,True,NIFTY REALTY,-2.51,-5.36,False,18181.0,16676.0,True,HOLD
PFC,Power Finance Corporation Limited,Financial Services,Credit Services,363.79998779296875,False,33642.0,True,False,Sector: Financial Services,-10.94,-10.49,False,115431.0,115450.0,False,EXIT
TMPV,Tata Motors Passenger Vehicles Limited,Consumer Cyclical,Auto Manufacturers,320.25,False,79502.0,False,False,NIFTY AUTO,-67.89,-54.67,False,343703.0,434016.0,False,EXIT
TATAPOWER,The Tata Power Company Limited,Utilities,Utilities - Independent Power Producers,375.25,False,5256.0,True,False,NIFTY ENERGY,-11.8,-4.14,False,63445.0,65478.0,False,EXIT
GROWW,GROWW,Financial Services,Capital Markets,200.72000122070312,False,2440.0,True,False,Sector: Financial Services,,,False,5242.0,4645.0,True,EXIT
INDIANB,Indian Bank,Financial Services,Banks - Regional,871.0,False,12787.0,True,True,NIFTY PSU BANK,9.33,28.48,True,69314.0,67504.0,True,HOLD
CANBK,Canara Bank,Financial Services,Banks - Regional,129.60000610351562,False,19828.0,True,False,NIFTY BANK,13.84,14.94,True,127805.0,126371.0,True,HOLD
LGEINDIA,LGEINDIA,Technology,Consumer Electronics,1632.800048828125,False,1825.0,False,True,NIFTY CONSUMER DURABLES,,,False,25575.0,24605.0,True,EXIT
CIPLA,Cipla Limited,Healthcare,Drug Manufacturers - Specialty & Generic,1438.0,False,3356.0,False,True,NIFTY PHARMA,-28.36,-11.54,False,28324.0,28163.0,True,EXIT
HDFCLIFE,HDFC Life Insurance Company Limited,Financial Services,Insurance - Life,542.0,False,1975.0,True,False,Sector: Financial Services,-34.22,-33.65,False,103727.0,101482.0,True,EXIT
HEROMOTOCO,Hero MotoCorp Limited,Consumer Cyclical,Auto Manufacturers,5740.5,False,5488.0,False,True,NIFTY AUTO,-3.18,10.05,False,50810.0,47411.0,True,EXIT
GAIL,GAIL (India) Limited,Utilities,Utilities - Regulated Gas,172.5,False,9870.0,False,True,NIFTY ENERGY,-12.08,-4.41,False,147485.0,145668.0,True,EXIT
IRFC,Indian Railway Finance Corporation Limited,Financial Services,Credit Services,86.47000122070312,False,7191.0,True,False,Sector: Financial Services,-33.73,-33.17,False,28630.0,27285.0,True,EXIT
MUTHOOTFIN,Muthoot Finance Limited,Financial Services,Credit Services,2970.0,False,11457.0,True,False,Sector: Financial Services,5.09,5.47,True,33431.0,31209.0,True,HOLD
SBIFUNDS,SBIFUNDS,Financial Services,Asset Management,555.5,False,,False,False,Sector: Financial Services,,,False,,,False,EXIT
ZYDUSLIFE,Zydus Lifesciences Limited,Healthcare,Drug Manufacturers - Specialty & Generic,1107.699951171875,False,4593.0,False,True,NIFTY PHARMA,-4.29,12.54,False,28592.0,27148.0,True,EXIT
MARICO,Marico Limited,Consumer Defensive,Household & Personal Products,858.3499755859375,True,1952.0,True,True,NIFTY FMCG,29.7,12.34,True,14277.0,13611.0,True,ADD
GVT&D,GE Vernova T&D India Limited,Industrials,Specialty Industrial Machinery,4050.10009765625,False,1305.0,True,True,NIFTY ENERGY,42.07,49.73,True,6712.0,6206.0,True,HOLD
JINDALSTEL,Jindal Steel Limited,Basic Materials,Steel,1118.9000244140625,False,2709.0,False,True,NIFTY METAL,-27.41,8.28,False,56413.0,53455.0,True,EXIT
ABCAPITAL,Aditya Birla Capital Limited,Financial Services,Financial Conglomerates,409.0,True,4119.0,False,True,Sector: Financial Services,38.37,38.58,True,48186.0,45513.0,True,HOLD
UNITDSPR,UNITDSPR,Consumer Defensive,Beverages - Wineries & Distilleries,1544.0,False,1884.0,True,True,NIFTY FMCG,31.09,13.74,True,12626.0,12467.0,True,HOLD
LLOYDSME,Lloyds Metals and Energy Limited,Basic Materials,Steel,1891.4000244140625,False,4921.0,True,True,NIFTY METAL,-0.46,35.23,False,22084.0,17113.0,True,HOLD
INDIAMART,IndiaMART InterMESH Limited,Communication Services,Internet Content & Information,1749.199951171875,False,493.0,False,False,Sector: Communication Services,-14.31,-35.54,False,1611.0,1569.0,True,EXIT
GMRAIRPORT,GMR Airports Limited,Industrials,Airports & Air Services,100.41000366210938,False,757.0,True,True,Sector: Industrials,9.97,10.8,True,15569.0,14807.0,True,HOLD
TATACONSUM,Tata Consumer Products Limited,Consumer Defensive,Packaged Foods,1056.300048828125,False,1642.0,True,False,NIFTY FMCG,12.57,-4.78,False,20860.0,20290.0,True,EXIT
HDFCAMC,HDFC Asset Management Company Limited,Financial Services,Asset Management,2624.0,False,2948.0,True,False,Sector: Financial Services,-12.23,-11.77,False,4254.0,4616.0,False,EXIT
LENSKART,LENSKART,Healthcare,Medical Instruments & Supplies,654.7999877929688,True,668.0,True,False,Sector: Healthcare,,,False,9634.0,8814.0,True,EXIT
VEDL,Vedanta Limited,Basic Materials,Other Industrial Metals & Mining,268.0,False,28556.0,True,False,NIFTY METAL,-77.6,-41.91,False,88898.0,147308.0,False,EXIT
MAZDOCK,Mazagon Dock Shipbuilders Limited,Industrials,Aerospace & Defense,2570.0,False,2854.0,True,True,Sector: Industrials,-9.41,-8.52,False,13323.0,13006.0,True,HOLD
AMBUJACEM,Ambuja Cements Limited,Basic Materials,Building Materials,411.0,False,5222.0,False,False,Sector: Basic Materials,-31.85,-31.72,False,39867.0,40656.0,False,EXIT
OFSS,Oracle Financial Services Software Limited,Technology,Software - Infrastructure,11826.0,False,3413.0,True,True,NIFTY IT,48.72,33.13,True,8945.0,7672.0,True,HOLD
PAYTM,One97 Communications Limited,Technology,Software - Infrastructure,1603.5999755859375,False,649.0,True,True,Sector: Technology,26.74,24.99,True,8967.0,9978.0,False,HOLD
JSWENERGY,JSW Energy Limited,Utilities,Utilities - Independent Power Producers,542.0,False,2459.0,False,True,NIFTY ENERGY,-5.38,2.28,False,18965.0,18901.0,True,EXIT
INDHOTEL,The Indian Hotels Company Limited,Consumer Cyclical,Lodging,735.8499755859375,False,2309.0,True,True,Sector: Consumer Cyclical,-7.48,-10.61,False,9987.0,9689.0,True,HOLD
LUPIN,Lupin Limited,Healthcare,Drug Manufacturers - Specialty & Generic,2201.5,False,5551.0,True,False,NIFTY PHARMA,-4.25,12.58,False,29967.0,27958.0,True,EXIT
INDUSTOWER,Indus Towers Limited,Communication Services,Telecom Services,368.79998779296875,False,7154.0,False,False,Sector: Communication Services,27.55,5.66,True,32867.0,32493.0,True,EXIT
ASHOKLEY,Ashok Leyland Limited,Industrials,Farm & Heavy Construction Machinery,173.8000030517578,False,3731.0,True,True,NIFTY AUTO,17.83,31.06,True,57723.0,48314.0,True,HOLD
MANKIND,Mankind Pharma Limited,Healthcare,Drug Manufacturers - Specialty & Generic,2385.0,False,2068.0,True,True,NIFTY PHARMA,-26.81,-9.98,False,14738.0,14278.0,True,HOLD
DRREDDY,Dr. Reddy's Laboratories Limited,Healthcare,Drug Manufacturers - Specialty & Generic,1180.0,False,3183.0,False,False,NIFTY PHARMA,-25.34,-8.52,False,33228.0,33700.0,False,EXIT
BHARATFORG,Bharat Forge Limited,Consumer Cyclical,Auto Parts,2062.0,False,716.0,False,True,NIFTY AUTO,61.55,74.78,True,17543.0,16812.0,True,HOLD
MAXHEALTH,Max Healthcare Institute Limited,Healthcare,Medical Care Facilities,997.9000244140625,False,1457.0,True,False,Sector: Healthcare,-31.38,-20.67,False,8712.0,8373.0,True,EXIT
LAURUSLABS,Laurus Labs Limited,Healthcare,Drug Manufacturers - Specialty & Generic,1825.0,True,1091.0,True,True,NIFTY PHARMA,86.44,103.26,True,7270.0,6813.0,True,ADD
GODREJCP,Godrej Consumer Products Limited,Consumer Defensive,Household & Personal Products,947.0,False,1914.0,False,False,NIFTY FMCG,-9.14,-26.49,False,15949.0,15178.0,True,EXIT
NYKAA,FSN E-Commerce Ventures Limited,Consumer Cyclical,Internet Retail,330.3500061035156,False,259.0,True,True,Sector: Consumer Cyclical,47.09,43.82,True,10649.0,10022.0,True,HOLD
AUROPHARMA,Aurobindo Pharma Limited,Healthcare,Drug Manufacturers - Specialty & Generic,1608.0,True,3711.0,False,True,NIFTY PHARMA,32.32,49.14,True,34935.0,33653.0,True,HOLD
SHREECEM,Shree Cement Limited,Basic Materials,Building Materials,24300.0,False,1636.0,False,False,Sector: Basic Materials,-23.03,-22.93,False,21896.0,20943.0,True,EXIT
IDBI,IDBI Bank Limited,Financial Services,Banks - Regional,81.73999786376953,False,9343.0,True,False,Sector: Financial Services,-18.09,-17.6,False,29542.0,29020.0,True,EXIT
MEESHO,MEESHO,Consumer Cyclical,Internet Retail,209.50999450683594,False,-1201.0,False,False,Sector: Consumer Cyclical,,,False,13835.0,12626.0,True,EXIT
RECLTD,REC Limited,Financial Services,Credit Services,328.1000061035156,False,16035.0,False,False,Sector: Financial Services,-13.35,-12.89,False,59202.0,59586.0,False,EXIT
PERSISTENT,Persistent Systems Limited,Technology,Information Technology Services,5674.0,False,1923.0,True,True,NIFTY IT,19.44,3.86,True,15718.0,14748.0,True,HOLD
NAUKRI,Info Edge (India) Limited,Communication Services,Internet Content & Information,1360.9000244140625,False,1910.0,False,True,Sector: Communication Services,17.48,-4.26,False,3375.0,3285.0,True,EXIT
FEDERALBNK,The Federal Bank Limited,Financial Services,Banks - Regional,355.29998779296875,True,4843.0,True,True,NIFTY BANK,76.43,77.53,True,30385.0,29674.0,True,ADD
DIXON,Dixon Technologies (India) Limited,Technology,Consumer Electronics,14850.0,False,2082.0,True,True,NIFTY CONSUMER DURABLES,-4.59,-13.98,False,51585.0,48873.0,True,HOLD
HAVELLS,Havells India Limited,Industrials,Electrical Equipment & Parts,1278.0,False,1631.0,False,False,NIFTY CONSUMER DURABLES,-10.11,-19.04,False,23591.0,22528.0,True,EXIT
ICICIGI,ICICI Lombard General Insurance Company Limited,Financial Services,Insurance - Diversified,1625.0,False,2428.0,False,False,Sector: Financial Services,-19.7,-19.2,False,27687.0,26994.0,True,EXIT
BHARTIHEXA,BHARTIHEXA,Communication Services,Telecom Services,1615.5999755859375,False,1824.0,True,False,Sector: Communication Services,8.0,-13.58,False,9601.0,9354.0,True,EXIT
AUBANK,AU Small Finance Bank Limited,Financial Services,Banks - Regional,1088.0,True,2856.0,True,True,NIFTY BANK,39.94,41.05,True,19561.0,18636.0,True,ADD
POLICYBZR,PB Fintech Limited,Financial Services,Insurance Brokers,1779.5999755859375,False,748.0,True,True,Sector: Financial Services,-9.53,-9.09,False,7334.0,6794.0,True,HOLD
COFORGE,Coforge Limited,Technology,Information Technology Services,1882.0,True,1920.0,True,True,NIFTY IT,21.45,5.86,True,18195.0,16403.0,True,ADD
INDUSINDBK,IndusInd Bank Limited,Financial Services,Banks - Regional,1008.0,False,1322.0,False,True,NIFTY BANK,25.99,27.1,True,45297.0,48668.0,False,HOLD
HINDPETRO,Hindustan Petroleum Corporation Limited,Energy,Oil & Gas Refining & Marketing,363.20001220703125,False,1671.0,False,False,NIFTY ENERGY,-15.7,-8.04,False,471530.0,441771.0,True,EXIT
JSWINFRA,JSW Infrastructure Limited,Industrials,Marine Shipping,329.8500061035156,False,1515.0,False,True,Sector: Industrials,4.61,5.46,True,5582.0,5361.0,True,HOLD
NTPCGREEN,NTPCGREEN,Utilities,Utilities - Renewable,91.87999725341797,False,606.0,True,False,NIFTY ENERGY,-21.85,-14.19,False,3285.0,2858.0,True,EXIT
NHPC,NHPC Limited,Utilities,Utilities - Renewable,76.3499984741211,False,4267.0,True,False,NIFTY ENERGY,-16.79,-9.13,False,12210.0,11615.0,True,EXIT
SRF,SRF Limited,Industrials,Conglomerates,2574.5,False,2162.0,True,False,Sector: Industrials,-12.94,-12.05,False,17001.0,15787.0,True,EXIT
WAAREEENER,WAAREEENER,Technology,Solar,2675.0,False,4003.0,True,False,Sector: Technology,-16.3,-17.78,False,30043.0,26537.0,True,EXIT
LTF,L&T Finance Limited,Financial Services,Credit Services,314.75,False,3198.0,True,True,Sector: Financial Services,43.98,44.16,True,18898.0,17914.0,True,HOLD
OIL,Oil India Limited,Energy,Oil & Gas Integrated,480.8999938964844,False,9531.0,False,True,NIFTY ENERGY,7.58,15.24,True,38521.0,36084.0,True,HOLD
NAM-INDIA,Nippon Life India Asset Management Limited,Financial Services,Asset Management,1232.5,True,1637.0,True,True,Sector: Financial Services,40.28,40.48,True,2869.0,2924.0,False,ADD
NMDC,NMDC Limited,Basic Materials,Steel,83.94999694824219,False,7459.0,False,True,NIFTY METAL,-18.46,17.23,False,32127.0,32071.0,True,EXIT
MCX,Multi Commodity Exchange of India Limited,Financial Services,Financial Data & Stock Exchanges,3126.0,False,1542.0,True,True,Sector: Financial Services,86.31,86.29,True,2631.0,2302.0,True,HOLD
IDFCFIRSTB,IDFC First Bank Limited,Financial Services,Banks - Regional,85.83999633789062,False,2305.0,False,True,NIFTY BANK,17.49,18.59,True,41958.0,40549.0,True,HOLD
ICICIPRULI,ICICI Prudential Life Insurance Company Limited,Financial Services,Insurance - Life,502.0,False,1684.0,True,False,Sector: Financial Services,-22.66,-22.15,False,66579.0,89679.0,False,EXIT
SWIGGY,SWIGGY,Consumer Cyclical,Internet Retail,279.0,False,-3748.0,False,False,Sector: Consumer Cyclical,-34.72,-37.79,False,24904.0,23053.0,True,EXIT
ATGL,Adani Total Gas Limited,Utilities,Utilities - Regulated Gas,657.6500244140625,False,632.0,False,True,NIFTY ENERGY,-4.11,3.55,False,6269.0,5894.0,True,EXIT
DABUR,Dabur India Limited,Consumer Defensive,Household & Personal Products,400.0,False,1947.0,True,False,NIFTY FMCG,-8.43,-25.78,False,13552.0,13193.0,True,EXIT
ASTERDM,Aster DM Quality Care Limited,Healthcare,Medical Care Facilities,765.6500244140625,False,363.0,False,True,Sector: Healthcare,19.12,29.44,True,4876.0,10253.0,False,HOLD
UNOMINDA,Uno Minda Limited,Consumer Cyclical,Auto Parts,1260.5,False,1291.0,True,True,NIFTY AUTO,-14.48,-1.25,False,20725.0,19658.0,True,HOLD
YESBANK,Yes Bank Limited,Financial Services,Banks - Regional,22.739999771118164,False,3775.0,False,True,NIFTY BANK,15.04,16.14,True,30658.0,30919.0,False,HOLD
BAJAJHFL,BAJAJHFL,Financial Services,Mortgage Finance,85.58999633789062,False,2692.0,True,False,Sector: Financial Services,-27.78,-27.25,False,11604.0,11150.0,True,EXIT
FORTIS,Fortis Healthcare Limited,Healthcare,Medical Care Facilities,916.7999877929688,False,1070.0,True,False,Sector: Healthcare,-17.31,-6.71,False,9506.0,9128.0,True,EXIT
SAIL,Steel Authority of India Limited,Basic Materials,Steel,174.89999389648438,False,4272.0,False,True,NIFTY METAL,3.44,39.13,True,111135.0,110811.0,True,HOLD
APARINDS,APAR Industries Limited,Industrials,Electrical Equipment & Parts,16784.0,False,1182.0,True,True,Sector: Industrials,100.63,101.26,True,24389.0,22902.0,True,HOLD
NATIONALUM,National Aluminium Company Limited,Basic Materials,Aluminum,385.6000061035156,False,6751.0,True,True,NIFTY METAL,64.34,100.03,True,19338.0,17843.0,True,HOLD
PRESTIGE,Prestige Estates Projects Limited,Real Estate,Real Estate - Diversified,1585.5,False,1265.0,False,True,NIFTY REALTY,-1.69,-4.54,False,13053.0,12685.0,True,EXIT
BIOCON,Biocon Limited,Healthcare,Biotechnology,412.5,False,416.0,False,True,NIFTY PHARMA,-4.04,12.78,False,17321.0,16927.0,True,EXIT
PHOENIXLTD,The Phoenix Mills Limited,Real Estate,Real Estate - Diversified,1925.0,False,1630.0,True,True,NIFTY REALTY,23.97,21.12,True,4545.0,4423.0,True,HOLD
OBEROIRLTY,Oberoi Realty Limited,Real Estate,Real Estate - Development,1904.699951171875,False,2630.0,True,True,NIFTY REALTY,17.37,14.53,True,6322.0,6009.0,True,HOLD
TORNTPOWER,Torrent Power Limited,Utilities,Utilities - Independent Power Producers,1248.699951171875,False,2390.0,False,False,NIFTY ENERGY,-8.62,-0.96,False,29184.0,29165.0,True,EXIT
BANKINDIA,Bank of India Limited,Financial Services,Banks - Regional,142.8000030517578,False,11783.0,True,False,NIFTY PSU BANK,2.43,21.58,True,77244.0,75613.0,True,HOLD
GLENMARK,Glenmark Pharmaceuticals Limited,Healthcare,Drug Manufacturers - Specialty & Generic,2332.89990234375,True,1798.0,True,True,NIFTY PHARMA,-0.46,16.37,False,17737.0,16983.0,True,HOLD
SUZLON,Suzlon Energy Limited,Industrials,Specialty Industrial Machinery,47.0,False,3144.0,False,False,NIFTY ENERGY,-27.61,-19.95,False,17429.0,19954.0,False,EXIT
IOB,Indian Overseas Bank,Financial Services,Banks - Regional,33.15999984741211,False,5958.0,True,False,NIFTY PSU BANK,-33.36,-14.21,False,33290.0,31896.0,True,EXIT
ALKEM,Alkem Laboratories Limited,Healthcare,Drug Manufacturers - Specialty & Generic,5400.0,False,2204.0,False,False,NIFTY PHARMA,-17.74,-0.92,False,15081.0,14712.0,True,EXIT
BERGEPAINT,Berger Paints India Limited,Basic Materials,Specialty Chemicals,528.5499877929688,False,1218.0,True,True,Sector: Basic Materials,-2.22,-2.18,False,12263.0,11880.0,True,HOLD
SCHAEFFLER,Schaeffler India Limited,Consumer Cyclical,Auto Parts,4049.300048828125,False,1253.0,True,True,Sector: Consumer Cyclical,3.56,0.4,True,10505.0,9686.0,True,HOLD
KALYANKJIL,Kalyan Jewellers India Limited,Consumer Cyclical,Luxury Goods,596.0,False,1435.0,True,True,NIFTY CONSUMER DURABLES,27.51,15.44,True,39063.0,35743.0,True,HOLD
RADICO,Radico Khaitan Limited,Consumer Defensive,Beverages - Wineries & Distilleries,4696.0,True,704.0,True,True,NIFTY FMCG,79.03,61.68,True,6228.0,6037.0,True,ADD
GICRE,General Insurance Corporation of India,Financial Services,Insurance - Reinsurance,359.79998779296875,False,8875.0,False,False,Sector: Financial Services,-9.97,-9.53,False,52763.0,52986.0,False,EXIT
COROMANDEL,Coromandel International Limited,Basic Materials,Agricultural Inputs,2004.800048828125,False,1778.0,False,False,Sector: Basic Materials,-15.53,-15.45,False,32602.0,31480.0,True,EXIT
MAHABANK,Bank of Maharashtra,Financial Services,Banks - Regional,80.27999877929688,False,7536.0,True,True,NIFTY PSU BANK,25.34,44.49,True,30262.0,29282.0,True,HOLD
JSL,Jindal Stainless Limited,Basic Materials,Steel,718.4000244140625,False,3239.0,True,False,NIFTY METAL,-41.82,-6.14,False,44026.0,42955.0,True,EXIT
ATHERENERG,Ather Energy Limited,Consumer Cyclical,Auto Manufacturers,1449.5999755859375,False,-390.0,False,True,Sector: Consumer Cyclical,242.62,238.86,True,4244.0,3672.0,True,HOLD
SBICARD,SBI Cards and Payment Services Limited,Financial Services,Credit Services,647.0499877929688,False,2275.0,False,False,Sector: Financial Services,-23.92,-23.41,False,20063.0,19901.0,True,EXIT
GODREJPROP,Godrej Properties Limited,Real Estate,Real Estate - Development,2020.0,False,1592.0,False,True,NIFTY REALTY,1.04,-1.8,False,5203.0,5131.0,True,EXIT
RBLBANK,RBL Bank Limited,Financial Services,Banks - Regional,392.29998779296875,False,899.0,False,True,Sector: Financial Services,47.89,48.06,True,14736.0,14337.0,True,HOLD
APLAPOLLO,APL Apollo Tubes Limited,Basic Materials,Steel,2140.0,False,1229.0,True,True,NIFTY METAL,-8.06,27.63,False,23065.0,23079.0,False,HOLD
ABBOTINDIA,Abbott India Limited,Healthcare,Drug Manufacturers - Specialty & Generic,26120.0,False,1615.0,True,False,NIFTY PHARMA,-37.27,-20.45,False,7004.0,6929.0,True,EXIT
LINDEINDIA,Linde India Limited,Basic Materials,Specialty Chemicals,6695.0,False,546.0,False,True,Sector: Basic Materials,3.06,3.08,True,2654.0,3136.0,False,HOLD
HDBFS,HDBFS,Financial Services,Credit Services,692.3499755859375,False,2761.0,True,False,Sector: Financial Services,-14.64,-14.17,False,18902.0,18431.0,True,EXIT
MRF,MRF Limited,Consumer Cyclical,Auto Parts,134000.0,False,2418.0,False,False,Sector: Consumer Cyclical,-8.63,-11.76,False,31889.0,31149.0,True,EXIT
KEI,KEI Industries Limited,Industrials,Electrical Equipment & Parts,5675.0,True,997.0,True,True,Sector: Industrials,44.75,45.51,True,12343.0,11748.0,True,ADD
MOTILALOFS,Motilal Oswal Financial Services Limited,Financial Services,Capital Markets,973.4000244140625,False,1983.0,False,True,Sector: Financial Services,-0.85,-0.45,False,10063.0,9381.0,True,EXIT
M&MFIN,Mahindra & Mahindra Financial Services Limited,Financial Services,Credit Services,382.45001220703125,False,3260.0,True,True,Sector: Financial Services,43.78,43.96,True,21733.0,21041.0,True,HOLD
COLPAL,Colgate-Palmolive (India) Limited,Consumer Defensive,Household & Personal Products,1910.0,False,1348.0,False,False,NIFTY FMCG,-1.12,-18.48,False,6204.0,6040.0,True,EXIT
TIINDIA,Tube Investments of India Limited,Industrials,Conglomerates,2930.0,False,1109.0,False,True,NIFTY AUTO,-21.93,-8.71,False,23754.0,22847.0,True,EXIT
MFSL,Max Financial Services Limited,Financial Services,Insurance - Life,1575.0,False,137.0,False,False,Sector: Financial Services,-6.75,-6.32,False,49822.0,47674.0,True,EXIT
FACT,The Fertilisers and Chemicals Travancore Limited,Basic Materials,Agricultural Inputs,772.9500122070312,False,28.0,False,False,Sector: Basic Materials,-23.57,-23.47,False,5293.0,6198.0,False,EXIT
FLUOROCHEM,Gujarat Fluorochemicals Limited,Basic Materials,Specialty Chemicals,4682.7001953125,True,600.0,False,True,Sector: Basic Materials,35.73,35.66,True,5303.0,5685.0,False,HOLD
BDL,Bharat Dynamics Limited,Industrials,Aerospace & Defense,1317.0,False,521.0,False,False,Sector: Industrials,-15.96,-15.06,False,2766.0,4887.0,False,EXIT
HINDCOPPER,Hindustan Copper Limited,Basic Materials,Copper,560.0999755859375,False,1137.0,True,True,NIFTY METAL,98.87,134.56,True,3498.0,3078.0,True,HOLD
ANTHEM,ANTHEM,Healthcare,Biotechnology,874.5,True,576.0,False,True,Sector: Healthcare,-6.23,4.28,False,2002.0,2124.0,False,EXIT
SONACOMS,Sona BLW Precision Forgings Limited,Consumer Cyclical,Auto Parts,821.9000244140625,True,686.0,True,True,NIFTY AUTO,65.95,79.18,True,4897.0,4449.0,True,ADD
WELCORP,Welspun Corp Limited,Basic Materials,Steel,2005.199951171875,True,2319.0,True,True,NIFTY METAL,86.5,122.19,True,17300.0,17340.0,False,ADD
VMM,VMM,Consumer Cyclical,Department Stores,102.5999984741211,False,892.0,True,False,Sector: Consumer Cyclical,-28.72,-31.8,False,13493.0,12906.0,True,EXIT
SUNDARMFIN,Sundaram Finance Limited,Financial Services,Credit Services,4503.39990234375,False,2220.0,True,False,Sector: Financial Services,-14.61,-14.14,False,10104.0,9852.0,True,EXIT
GLAND,Gland Pharma Limited,Healthcare,Drug Manufacturers - Specialty & Generic,2820.0,False,1129.0,False,True,NIFTY PHARMA,28.86,45.68,True,6725.0,6431.0,True,HOLD
TATACOMM,Tata Communications Limited,Communication Services,Telecom Services,1677.5,False,936.0,False,False,Sector: Communication Services,22.29,0.48,True,25426.0,24803.0,True,EXIT
MPHASIS,Mphasis Limited,Technology,Information Technology Services,2430.0,False,1910.0,True,False,NIFTY IT,1.7,-13.89,False,16531.0,15880.0,True,EXIT
360ONE,360 One Wam Limited,Financial Services,Asset Management,1203.0,False,1262.0,True,True,Sector: Financial Services,6.89,7.26,True,4621.0,4470.0,True,HOLD
AIIL,Authum Investment & Infrastructure Limited,Financial Services,Capital Markets,532.2999877929688,False,2095.0,False,True,Sector: Financial Services,-9.53,-9.09,False,2863.0,4580.0,False,EXIT
UPL,UPL Limited,Basic Materials,Agricultural Inputs,571.9000244140625,False,2323.0,False,False,Sector: Basic Materials,-22.09,-22.0,False,52804.0,53576.0,False,EXIT
RVNL,Rail Vikas Nigam Limited,Industrials,Engineering & Construction,227.89999389648438,False,896.0,False,False,Sector: Industrials,-33.68,-32.75,False,20825.0,21879.0,False,EXIT
PIRAMALFIN,Piramal Finance Limited,Financial Services,Credit Services,2128.10009765625,True,1691.0,False,False,Sector: Financial Services,,,False,12582.0,12882.0,False,EXIT
PREMIERENE,PREMIERENE,Technology,Solar,1040.0,False,1674.0,True,True,Sector: Technology,0.0,-1.58,False,8466.0,7824.0,True,HOLD
AJANTPHARM,Ajanta Pharma Limited,Healthcare,Drug Manufacturers - Specialty & Generic,3658.60009765625,True,1135.0,True,True,NIFTY PHARMA,18.9,35.72,True,5776.0,5453.0,True,ADD
BALKRISIND,Balkrishna Industries Limited,Consumer Cyclical,Auto Parts,2378.0,False,1406.0,False,True,Sector: Consumer Cyclical,0.13,-3.02,False,11518.0,10823.0,True,EXIT
THERMAX,Thermax Limited,Industrials,Conglomerates,4034.0,False,591.0,False,True,NIFTY ENERGY,15.82,23.48,True,10839.0,10774.0,True,HOLD
GLAXO,GlaxoSmithKline Pharmaceuticals Limited,Healthcare,Drug Manufacturers - General,2999.699951171875,False,1068.0,False,True,Sector: Healthcare,-4.3,6.2,False,3955.0,3822.0,True,EXIT
SUPREMEIND,The Supreme Industries Limited,Industrials,Building Products & Equipment,3650.0,False,1032.0,False,True,Sector: Industrials,-24.04,-23.12,False,11326.0,11218.0,True,EXIT
AEGISLOG,AEGISLOG,Energy,Oil & Gas Refining & Marketing,1336.199951171875,False,1476.0,True,True,NIFTY ENERGY,75.06,82.72,True,8971.0,8627.0,True,HOLD
IPCALAB,Ipca Laboratories Limited,Healthcare,Drug Manufacturers - Specialty & Generic,1900.0999755859375,True,1375.0,True,True,NIFTY PHARMA,15.57,32.39,True,10126.0,9599.0,True,ADD
VOLTAS,Voltas Limited,Consumer Cyclical,"Furnishings, Fixtures & Appliances",1219.5,False,442.0,False,False,NIFTY CONSUMER DURABLES,-0.18,-9.94,False,14979.0,15413.0,False,EXIT
POONAWALLA,Poonawalla Fincorp Limited,Financial Services,Credit Services,494.04998779296875,False,787.0,False,True,Sector: Financial Services,3.79,4.17,True,7806.0,6790.0,True,HOLD
PETRONET,Petronet LNG Limited,Energy,Oil & Gas Refining & Marketing,291.3999938964844,False,4208.0,True,True,NIFTY ENERGY,-6.48,1.18,False,37173.0,59899.0,False,HOLD
NAVINFLUOR,Navin Fluorine International Limited,Basic Materials,Chemicals,8256.0,True,790.0,True,True,Sector: Basic Materials,62.48,62.33,True,3634.0,3314.0,True,ADD
GODREJIND,Godrej Industries Limited,Industrials,Conglomerates,1223.4000244140625,False,2210.0,False,True,Sector: Industrials,-7.22,-6.35,False,23225.0,22237.0,True,EXIT
INDOMIM,INDOMIM,Industrials,Metal Fabrication,919.5499877929688,False,,False,False,Sector: Industrials,,,False,,,False,EXIT
AIAENG,AIA Engineering Limited,Industrials,Specialty Industrial Machinery,4357.60009765625,False,1265.0,False,True,Sector: Industrials,39.63,40.39,True,4549.0,4909.0,False,HOLD
ASTRAL,Astral Limited,Industrials,Building Products & Equipment,1532.0,False,576.0,True,True,Sector: Industrials,5.74,6.59,True,6785.0,6569.0,True,HOLD
CPPLUS,CPPLUS,Industrials,Building Products & Equipment,3468.60009765625,False,477.0,True,True,Sector: Industrials,152.64,153.14,True,4883.0,4221.0,True,HOLD
JKCEMENT,J.K. Cement Limited,Basic Materials,Building Materials,5266.0,False,938.0,False,False,Sector: Basic Materials,-30.64,-30.52,False,14401.0,13722.0,True,EXIT
PAGEIND,Page Industries Limited,Consumer Cyclical,Apparel Manufacturing,35505.0,False,756.0,False,False,Sector: Consumer Cyclical,-17.3,-20.41,False,5351.0,5247.0,True,EXIT
ENDURANCE,Endurance Technologies Limited,Consumer Cyclical,Auto Parts,3001.699951171875,True,970.0,True,True,Sector: Consumer Cyclical,6.05,2.88,True,15592.0,14596.0,True,ADD
EXIDEIND,Exide Industries Limited,Consumer Cyclical,Auto Parts,464.1000061035156,False,937.0,False,True,NIFTY AUTO,3.74,16.97,True,18829.0,17995.0,True,HOLD
CONCOR,Container Corporation of India Limited,Industrials,Railroads,519.0,False,1247.0,False,True,Sector: Industrials,-8.62,-7.74,False,9085.0,9079.0,True,EXIT
3MINDIA,3M India Limited,Industrials,Conglomerates,33550.0,False,611.0,True,False,Sector: Industrials,9.49,10.33,True,4186.0,4189.0,False,HOLD
IRCTC,Indian Railway Catering & Tourism Corporation Limited,Consumer Cyclical,Travel Services,485.8999938964844,False,1393.0,True,False,Sector: Consumer Cyclical,-30.37,-33.45,False,5425.0,5215.0,True,EXIT
CUPID,Cupid Limited,Consumer Defensive,Household & Personal Products,282.42999267578125,True,137.0,True,True,Sector: Consumer Defensive,730.88,725.68,True,453.0,358.0,True,ADD
HSCL,Himadri Speciality Chemical Limited,Basic Materials,Specialty Chemicals,704.2000122070312,False,804.0,True,True,Sector: Basic Materials,62.34,62.19,True,4974.0,4661.0,True,HOLD
COCHINSHIP,Cochin Shipyard Limited,Industrials,Aerospace & Defense,1489.0,False,680.0,False,False,Sector: Industrials,-16.23,-15.34,False,5047.0,5022.0,True,EXIT
PATANJALI,Patanjali Foods Limited,Consumer Defensive,Packaged Foods,352.29998779296875,False,1970.0,True,False,NIFTY FMCG,-25.93,-43.29,False,42754.0,40170.0,True,EXIT
MEDANTA,Global Health Limited,Healthcare,Medical Care Facilities,1408.199951171875,True,552.0,False,True,Sector: Healthcare,-8.53,2.0,False,4683.0,4410.0,True,EXIT
NLCINDIA,NLC India Limited,Utilities,Utilities - Regulated Electric,272.04998779296875,False,3367.0,False,False,NIFTY ENERGY,7.43,15.09,True,18381.0,17490.0,True,EXIT
HUDCO,Housing and Urban Development Corporation Limited,Financial Services,Credit Services,186.0500030517578,False,4255.0,True,False,Sector: Financial Services,-14.13,-13.66,False,13930.0,13150.0,True,EXIT
KPRMILL,K.P.R. Mill Limited,Consumer Cyclical,Textile Manufacturing,1153.199951171875,False,912.0,True,True,Sector: Consumer Cyclical,13.64,10.46,True,6820.0,6650.0,True,HOLD
PIIND,PI Industries Limited,Basic Materials,Agricultural Inputs,2482.5,False,1165.0,False,False,Sector: Basic Materials,-36.97,-36.83,False,6516.0,7978.0,False,EXIT
NH,Narayana Hrudayalaya Limited,Healthcare,Medical Care Facilities,1799.300048828125,False,817.0,True,False,Sector: Healthcare,-13.44,-2.87,False,9072.0,7896.0,True,EXIT
LTTS,L&T Technology Services Limited,Technology,Information Technology Services,3579.10009765625,False,1322.0,True,False,Sector: Technology,-16.91,-18.38,False,11565.0,10996.0,True,EXIT
EMCURE,EMCURE,Healthcare,Drug Manufacturers - Specialty & Generic,1881.4000244140625,False,1019.0,True,True,Sector: Healthcare,13.5,23.87,True,9683.0,9204.0,True,HOLD
UBL,United Breweries Limited,Consumer Defensive,Beverages - Brewers,1338.5,False,396.0,False,False,NIFTY FMCG,-13.46,-30.81,False,9442.0,9240.0,True,EXIT
ANANDRATHI,Anand Rathi Wealth Limited,Financial Services,Asset Management,2171.10009765625,True,467.0,True,True,Sector: Financial Services,53.55,53.68,True,1197.0,1253.0,False,ADD
TATATECH,Tata Technologies Limited,Technology,Information Technology Services,823.9500122070312,False,557.0,False,True,Sector: Technology,22.06,20.33,True,5926.0,5506.0,True,HOLD
HEXT,Hexaware Technologies Limited,Technology,Information Technology Services,544.2000122070312,False,1343.0,False,False,Sector: Technology,-31.08,-32.45,False,14420.0,13430.0,True,EXIT
DALBHARAT,Dalmia Bharat Limited,Basic Materials,Building Materials,1897.0,False,953.0,False,False,Sector: Basic Materials,-21.15,-21.06,False,15058.0,14804.0,True,EXIT
DELHIVERY,Delhivery Limited,Industrials,Integrated Freight & Logistics,450.1000061035156,False,93.0,False,True,Sector: Industrials,-6.41,-5.54,False,11145.0,10508.0,True,EXIT
STARHEALTH,Star Health and Allied Insurance Company Limited,Financial Services,Insurance - Life,575.5,False,844.0,False,True,Sector: Financial Services,28.73,28.99,True,19114.0,17825.0,True,HOLD
ITCHOTELS,ITCHOTELS,Consumer Cyclical,Resorts & Casinos,166.1199951171875,False,869.0,True,False,Sector: Consumer Cyclical,-32.16,-35.24,False,4260.0,4139.0,True,EXIT
ESCORTS,Escorts Kubota Limited,Industrials,Farm & Heavy Construction Machinery,3092.10009765625,False,1383.0,False,False,Sector: Industrials,-16.26,-15.36,False,12248.0,11540.0,True,EXIT
HFCL,HFCL Limited,Technology,Communication Equipment,223.89999389648438,True,604.0,True,True,Sector: Technology,206.73,203.79,True,5993.0,4949.0,True,ADD
TATAINVEST,Tata Investment Corporation Limited,Financial Services,Asset Management,649.3499755859375,False,431.0,False,False,Sector: Financial Services,-8.13,-7.69,False,404.0,403.0,True,EXIT
GODFRYPHLP,Godfrey Phillips India Limited,Consumer Defensive,Tobacco,2103.10009765625,False,1368.0,False,False,Sector: Consumer Defensive,-44.89,-44.43,False,6110.0,6391.0,False,EXIT
PWL,Physicswallah Limited,Consumer Defensive,Education & Training Services,121.94999694824219,False,15.0,False,False,Sector: Consumer Defensive,,,False,4106.0,3900.0,True,EXIT
STLTECH,Sterlite Technologies Limited,Technology,Communication Equipment,621.4000244140625,False,243.0,False,True,Sector: Technology,371.75,367.72,True,5642.0,6925.0,False,HOLD
JUBLFOOD,Jubilant FoodWorks Limited,Consumer Cyclical,Restaurants,507.29998779296875,False,450.0,True,True,Sector: Consumer Cyclical,-18.19,-21.29,False,9838.0,9513.0,True,HOLD
HONAUT,Honeywell Automation India Limited,Industrials,Electrical Equipment & Parts,36715.0,False,551.0,True,True,Sector: Industrials,-6.55,-5.67,False,4703.0,4682.0,True,HOLD
MANAPPURAM,Manappuram Finance Limited,Financial Services,Credit Services,349.25,False,1445.0,False,True,Sector: Financial Services,27.48,27.75,True,10275.0,10012.0,True,HOLD
SCHNEIDER,Schneider Electric Infrastructure Limited,Industrials,Electrical Equipment & Parts,1242.5999755859375,False,184.0,False,True,Sector: Industrials,43.28,44.04,True,2920.0,2891.0,True,HOLD
CRISIL,CRISIL Limited,Financial Services,Financial Data & Stock Exchanges,4478.60009765625,False,884.0,True,True,Sector: Financial Services,-19.47,-18.97,False,4126.0,3649.0,True,HOLD
IREDA,Indian Renewable Energy Development Agency Limited,Financial Services,Credit Services,114.9000015258789,False,1966.0,True,False,Sector: Financial Services,-23.87,-23.35,False,8612.0,8310.0,True,EXIT
UCOBANK,UCO Bank,Financial Services,Banks - Regional,25.809999465942383,False,2817.0,True,False,NIFTY PSU BANK,-31.77,-12.62,False,26841.0,26281.0,True,EXIT
KIMS,Krishna Institute of Medical Sciences Limited,Healthcare,Medical Care Facilities,790.0,False,194.0,False,True,Sector: Healthcare,-7.62,2.91,False,4212.0,3905.0,True,EXIT
KARURVYSYA,The Karur Vysya Bank Limited,Financial Services,Banks - Regional,334.1000061035156,True,2745.0,True,True,Sector: Financial Services,49.92,50.07,True,11555.0,11074.0,True,ADD
LALPATHLAB,Dr. Lal PathLabs Limited,Healthcare,Diagnostics & Research,1889.4000244140625,False,546.0,True,True,Sector: Healthcare,-2.11,8.38,False,2891.0,2763.0,True,HOLD
RRKABEL,R R Kabel Limited,Industrials,Electrical Equipment & Parts,2894.199951171875,True,608.0,True,True,Sector: Industrials,135.5,136.04,True,10832.0,9722.0,True,ADD
WOCKPHARMA,Wockhardt Limited,Healthcare,Drug Manufacturers - Specialty & Generic,1830.5999755859375,False,414.0,False,True,NIFTY PHARMA,7.32,24.14,True,3564.0,4482.0,False,HOLD
BLUESTARCO,Blue Star Limited,Industrials,Building Products & Equipment,1510.0,False,509.0,False,False,NIFTY CONSUMER DURABLES,-15.01,-23.53,False,12798.0,12402.0,True,EXIT
IKS,IKS,Healthcare,Health Information Services,1791.5999755859375,False,764.0,True,True,Sector: Healthcare,5.08,15.51,True,3347.0,3194.0,True,HOLD
SAILIFE,SAILIFE,Healthcare,Diagnostics & Research,1471.5999755859375,True,362.0,True,True,NIFTY PHARMA,40.29,57.12,True,2250.0,2192.0,True,ADD
KIRLOSENG,Kirloskar Oil Engines Limited,Industrials,Specialty Industrial Machinery,2150.10009765625,False,535.0,False,True,Sector: Industrials,121.27,121.85,True,7937.0,7701.0,True,HOLD
NUVAMA,Nuvama Wealth Management Limited,Financial Services,Asset Management,1727.9000244140625,False,1082.0,True,True,Sector: Financial Services,23.01,23.3,True,4884.0,4631.0,True,HOLD
ZFCVINDIA,ZF Commercial Vehicle Control Systems India Limited,Consumer Cyclical,Auto Parts,2621.5,False,499.0,False,True,Sector: Consumer Cyclical,11.05,7.87,True,4210.0,4119.0,True,HOLD
GRSE,Garden Reach Shipbuilders & Engineers Limited,Industrials,Aerospace & Defense,2617.800048828125,False,801.0,True,True,Sector: Industrials,-2.52,-1.65,False,7507.0,7002.0,True,HOLD
CHOLAHLDNG,Cholamandalam Financial Holdings Limited,Financial Services,Credit Services,1574.199951171875,False,6015.0,True,False,Sector: Financial Services,-20.87,-20.37,False,40890.0,39156.0,True,EXIT
PNBHOUSING,PNB Housing Finance Limited,Financial Services,Mortgage Finance,1175.5,False,2315.0,True,True,Sector: Financial Services,41.74,41.94,True,8692.0,8494.0,True,HOLD
NEULANDLAB,Neuland Laboratories Limited,Healthcare,Drug Manufacturers - Specialty & Generic,23568.0,True,498.0,True,True,Sector: Healthcare,58.53,68.55,True,2372.0,2023.0,True,ADD
MRPL,Mangalore Refinery and Petrochemicals Limited,Energy,Oil & Gas Refining & Marketing,173.97999572753906,False,3141.0,False,True,Sector: Energy,26.65,38.3,True,109564.0,109026.0,True,HOLD
AEGISVOPAK,AEGISVOPAK,Energy,Oil & Gas Equipment & Services,266.6000061035156,False,286.0,False,True,NIFTY OIL AND GAS,-108.68,6.55,False,904.0,923.0,False,EXIT
NIACL,The New India Assurance Company Limited,Financial Services,Insurance - Diversified,183.0800018310547,False,776.0,False,True,Sector: Financial Services,-8.9,-8.46,False,49962.0,49758.0,True,EXIT
ABSLAMC,Aditya Birla Sun Life AMC Limited,Financial Services,Asset Management,995.4000244140625,False,1007.0,True,True,Sector: Financial Services,11.59,11.93,True,1861.0,2056.0,False,HOLD
PTCIL,PTC Industries Limited,Industrials,Metal Fabrication,19623.0,True,126.0,True,True,Sector: Industrials,46.98,47.73,True,697.0,603.0,True,ADD
NETWEB,Netweb Technologies India Limited,Technology,Computer Hardware,5419.7998046875,True,261.0,True,True,Sector: Technology,134.01,131.55,True,2702.0,2184.0,True,ADD
CENTRALBK,Central Bank of India,Financial Services,Banks - Regional,31.06999969482422,False,4571.0,True,False,NIFTY PSU BANK,-35.63,-16.48,False,37270.0,36168.0,True,EXIT
TVSHLTD,TVS Holdings Limited,Consumer Cyclical,Auto Parts,13968.0,False,3888.0,True,False,Sector: Consumer Cyclical,15.16,11.97,True,62488.0,58154.0,True,HOLD
SYRMA,Syrma SGS Technology Limited,Technology,Electronic Components,1443.699951171875,True,402.0,True,True,Sector: Technology,101.53,99.28,True,5464.0,4819.0,True,ADD
SUMICHEM,Sumitomo Chemical India Limited,Basic Materials,Agricultural Inputs,551.7999877929688,False,579.0,True,True,Sector: Basic Materials,-7.72,-7.66,False,3245.0,3511.0,False,HOLD
BANDHANBNK,Bandhan Bank Limited,Financial Services,Banks - Regional,174.16000366210938,False,1353.0,False,True,Sector: Financial Services,-3.74,-3.32,False,21844.0,21948.0,False,EXIT
CDSL,Central Depository Services (India) Limited,Financial Services,Capital Markets,1345.9000244140625,False,470.0,False,False,Sector: Financial Services,-16.62,-16.14,False,1179.0,1145.0,True,EXIT
APOLLOTYRE,Apollo Tyres Limited,Consumer Cyclical,Auto Parts,429.29998779296875,False,1708.0,False,False,Sector: Consumer Cyclical,-5.23,-8.37,False,29308.0,28471.0,True,EXIT
SHYAMMETL,Shyam Metalics and Energy Limited,Basic Materials,Steel,996.7999877929688,False,1120.0,False,True,Sector: Basic Materials,1.09,1.12,True,19584.0,18552.0,True,HOLD
LICHSGFIN,LIC Housing Finance Limited,Financial Services,Mortgage Finance,508.04998779296875,False,5739.0,True,False,Sector: Financial Services,-14.71,-14.24,False,28562.0,28838.0,False,EXIT
PPLPHARMA,Piramal Pharma Limited,Healthcare,Drug Manufacturers - Specialty & Generic,216.66000366210938,False,-314.0,False,True,NIFTY PHARMA,-7.08,9.74,False,9205.0,9151.0,True,EXIT
PGHH,Procter & Gamble Hygiene and Health Care Limited,Consumer Defensive,Household & Personal Products,8248.0,False,791.0,False,False,Sector: Consumer Defensive,-40.0,-39.57,False,4245.0,4290.0,False,EXIT
IIFL,IIFL Finance Limited,Financial Services,Credit Services,636.7000122070312,True,2256.0,True,True,Sector: Financial Services,32.87,33.1,True,14344.0,13366.0,True,ADD
CRAFTSMAN,Craftsman Automation Limited,Consumer Cyclical,Auto Parts,10690.5,True,465.0,True,True,Sector: Consumer Cyclical,59.35,56.05,True,8717.0,8069.0,True,ADD
MSUMI,Motherson Sumi Wiring India Limited,Consumer Cyclical,Auto Parts,39.18000030517578,False,627.0,False,False,Sector: Consumer Cyclical,-4.63,-7.77,False,12391.0,11478.0,True,EXIT
RUBICON,RUBICON,Healthcare,Drug Manufacturers - General,1760.5999755859375,True,288.0,True,True,Sector: Healthcare,,,False,1936.0,1754.0,True,HOLD
ITI,ITI Limited,Technology,Communication Equipment,279.5,False,324.0,True,False,Sector: Technology,-6.07,-7.62,False,2111.0,3616.0,False,EXIT
GUJENERGY,Gujarat Energy Limited,Utilities,Utilities - Regulated Gas,267.20001220703125,False,1706.0,True,False,Sector: Utilities,-12.19,-38.28,False,22776.0,23614.0,False,EXIT
ACUTAAS,Acutaas Chemicals Limited,Basic Materials,Specialty Chemicals,3210.5,False,387.0,True,True,Sector: Basic Materials,136.72,136.36,True,1462.0,1339.0,True,HOLD
ACMESOLAR,ACME Solar Holdings Limited,Utilities,Utilities - Renewable,397.3999938964844,True,602.0,False,True,Sector: Utilities,65.23,34.84,True,2370.0,2023.0,True,HOLD
SJVN,SJVN Limited,Utilities,Utilities - Renewable,65.91000366210938,False,639.0,False,False,NIFTY ENERGY,-42.61,-34.95,False,5005.0,4528.0,True,EXIT
ANGELONE,Angel One Limited,Financial Services,Capital Markets,289.5,False,1032.0,False,True,Sector: Financial Services,5.68,6.05,True,5426.0,5239.0,True,HOLD
REDINGTON,Redington Limited,Technology,Information Technology Services,348.1000061035156,True,1505.0,False,True,Sector: Technology,41.28,39.43,True,128133.0,119162.0,True,HOLD
GABRIEL,Gabriel India Limited,Consumer Cyclical,Auto Parts,1436.800048828125,False,351.0,True,True,Sector: Consumer Cyclical,23.69,20.48,True,5165.0,4667.0,True,HOLD
METROBRAND,Metro Brands Limited,Consumer Cyclical,Apparel Retail,914.2999877929688,False,412.0,False,False,Sector: Consumer Cyclical,-17.4,-20.51,False,2956.0,2864.0,True,EXIT
SUNDRMFAST,Sundram Fasteners Limited,Consumer Cyclical,Auto Parts,1228.4000244140625,False,614.0,True,True,Sector: Consumer Cyclical,24.34,21.13,True,6602.0,6289.0,True,HOLD
AMBER,Amber Enterprises India Limited,Consumer Cyclical,"Furnishings, Fixtures & Appliances",7275.0,False,124.0,False,False,NIFTY CONSUMER DURABLES,7.38,-3.01,False,12625.0,12186.0,True,EXIT
DATAPATTNS,Data Patterns (India) Limited,Industrials,Aerospace & Defense,4700.2001953125,True,268.0,False,True,Sector: Industrials,81.14,81.81,True,941.0,925.0,True,HOLD
CREDITACC,CreditAccess Grameen Limited,Financial Services,Credit Services,1534.5,False,1211.0,False,True,Sector: Financial Services,7.83,8.19,True,6380.0,6059.0,True,HOLD
AWL,AWL Agri Business Limited,Consumer Defensive,Packaged Foods,188.63999938964844,False,1158.0,False,False,Sector: Consumer Defensive,-28.07,-27.73,False,77720.0,74731.0,True,EXIT
ACC,ACC Limited,Basic Materials,Building Materials,1301.0999755859375,False,1909.0,False,False,Sector: Basic Materials,-31.28,-31.15,False,25442.0,25962.0,False,EXIT
GILLETTE,Gillette India Limited,Consumer Defensive,Household & Personal Products,7512.0,False,668.0,True,False,Sector: Consumer Defensive,-30.22,-29.87,False,3176.0,3100.0,True,EXIT
BELRISE,BELRISE,Consumer Cyclical,Auto Parts,234.0800018310547,False,507.0,True,True,Sector: Consumer Cyclical,54.72,51.43,True,9793.0,9509.0,True,HOLD
TIMKEN,Timken India Limited,Industrials,Tools & Accessories,3176.300048828125,False,426.0,False,False,Sector: Industrials,7.26,8.1,True,3599.0,3478.0,True,EXIT
KAYNES,Kaynes Technology India Limited,Technology,Electronic Components,3815.0,False,346.0,False,False,Sector: Technology,-39.61,-40.93,False,3899.0,3626.0,True,EXIT
SANSERA,Sansera Engineering Limited,Consumer Cyclical,Auto Parts,3900.199951171875,True,351.0,True,True,Sector: Consumer Cyclical,199.38,195.73,True,3753.0,3498.0,True,ADD
FORCEMOT,Force Motors Limited,Consumer Cyclical,Auto Manufacturers,17885.0,False,1252.0,True,False,Sector: Consumer Cyclical,-13.74,-16.85,False,9200.0,9057.0,True,EXIT
NBCC,NBCC (India) Limited,Industrials,Engineering & Construction,88.25,False,765.0,True,False,Sector: Industrials,-18.52,-17.61,False,12756.0,12889.0,False,EXIT
GODIGIT,GODIGIT,Financial Services,Insurance - Property & Casualty,256.70001220703125,False,492.0,False,False,Sector: Financial Services,-33.44,-32.88,False,10196.0,10005.0,True,EXIT
GRINDWELL,Grindwell Norton Limited,Industrials,Building Products & Equipment,2059.300048828125,False,438.0,True,True,Sector: Industrials,35.13,35.91,True,3173.0,3073.0,True,HOLD
ASAHIINDIA,Asahi India Glass Limited,Consumer Cyclical,Auto Parts,951.5499877929688,False,439.0,True,True,Sector: Consumer Cyclical,10.42,7.24,True,5175.0,4990.0,True,HOLD
KIOCL,KIOCL Limited,Basic Materials,Steel,385.3999938964844,False,39.0,False,True,Sector: Basic Materials,-14.52,-14.45,False,681.0,3006.0,False,EXIT
TATAELXSI,Tata Elxsi Limited,Technology,Software - Application,3660.0,False,655.0,False,False,Sector: Technology,-35.03,-36.38,False,3886.0,3757.0,True,EXIT
DEEPAKNTR,Deepak Nitrite Limited,Basic Materials,Chemicals,1750.4000244140625,False,783.0,False,True,Sector: Basic Materials,-3.75,-3.71,False,8575.0,8282.0,True,EXIT
AFFLE,Affle 3i Limited,Communication Services,Advertising Agencies,1729.5,False,478.0,True,True,Sector: Communication Services,8.08,-13.5,False,2836.0,2709.0,True,HOLD
IRB,IRB Infrastructure Developers Limited,Industrials,Infrastructure Operations,18.950000762939453,False,954.0,False,False,Sector: Industrials,-17.75,-16.85,False,7686.0,7648.0,True,EXIT
TDPOWERSYS,TD Power Systems Limited,Industrials,Specialty Industrial Machinery,1507.5,True,275.0,True,True,Sector: Industrials,202.47,202.86,True,2124.0,1856.0,True,ADD
KPIL,Kalpataru Projects International Limited,Industrials,Engineering & Construction,1387.5999755859375,True,1129.0,True,True,Sector: Industrials,5.34,6.19,True,27380.0,27143.0,True,ADD
ANANTRAJ,Anant Raj Limited,Real Estate,Real Estate - Development,633.8499755859375,False,580.0,True,True,NIFTY REALTY,15.7,12.85,True,2551.0,2512.0,True,HOLD
CEMPRO,Cemindia Projects Limited,Industrials,Engineering & Construction,1273.9000244140625,False,602.0,True,True,Sector: Industrials,64.23,64.94,True,10205.0,10061.0,True,HOLD
PFIZER,Pfizer Limited,Healthcare,Drug Manufacturers - General,4920.0,False,735.0,False,True,Sector: Healthcare,-27.18,-16.5,False,2570.0,2611.0,False,EXIT
EMMVEE,EMMVEE,Technology,Solar,325.6000061035156,False,1274.0,True,False,Sector: Technology,,,False,5578.0,5050.0,True,EXIT
CESC,CESC Limited,Utilities,Utilities - Regulated Electric,156.61000061035156,False,1630.0,True,False,NIFTY ENERGY,-7.44,0.22,False,18853.0,18570.0,True,EXIT
DIACABS,Diamond Power Infrastructure Limited,Industrials,Specialty Industrial Machinery,353.8999938964844,False,193.0,True,True,Sector: Industrials,139.88,140.41,True,2298.0,3153.0,False,HOLD
CARBORUNIV,Carborundum Universal Limited,Industrials,Conglomerates,1137.5999755859375,False,188.0,False,True,Sector: Industrials,12.23,13.06,True,5414.0,5206.0,True,HOLD
HATSUN,Hatsun Agro Product Limited,Consumer Defensive,Packaged Foods,963.7000122070312,False,348.0,True,True,Sector: Consumer Defensive,5.86,5.95,True,9624.0,8700.0,True,HOLD
AADHARHFC,AADHARHFC,Financial Services,Mortgage Finance,474.95001220703125,False,1141.0,True,False,Sector: Financial Services,-8.82,-8.37,False,3817.0,3683.0,True,EXIT
CGCL,Capri Global Capital Limited,Financial Services,Credit Services,225.11000061035156,False,1128.0,True,True,Sector: Financial Services,16.36,16.67,True,5306.0,4731.0,True,HOLD
MTARTECH,MTAR Technologies Limited,Industrials,Specialty Industrial Machinery,7113.5,False,133.0,True,True,Sector: Industrials,361.25,361.27,True,1080.0,876.0,True,HOLD
AETHER,Aether Industries Limited,Basic Materials,Specialty Chemicals,1634.4000244140625,True,235.0,True,True,Sector: Basic Materials,111.11,110.82,True,1231.0,1160.0,True,ADD
RAMCOCEM,The Ramco Cements Limited,Basic Materials,Building Materials,906.9500122070312,False,645.0,False,False,Sector: Basic Materials,-19.14,-19.05,False,9228.0,9376.0,False,EXIT
GRANULES,Granules India Limited,Healthcare,Drug Manufacturers - Specialty & Generic,841.5999755859375,False,662.0,True,True,Sector: Healthcare,74.76,84.66,True,5632.0,5366.0,True,HOLD
URBANCO,Urban Company Limited,Technology,Software - Application,145.49000549316406,False,-334.0,False,True,Sector: Technology,,,False,1717.0,1556.0,True,EXIT
IGL,Indraprastha Gas Limited,Utilities,Utilities - Regulated Gas,150.5500030517578,False,1354.0,False,False,NIFTY ENERGY,-35.82,-28.16,False,16840.0,16168.0,True,EXIT
PFOCUS,Prime Focus Limited,Communication Services,Entertainment,282.6000061035156,False,145.0,False,True,NIFTY MEDIA,75.2,70.38,True,4919.0,4676.0,True,HOLD
IFCI,IFCI Limited,Financial Services,Credit Services,81.76000213623047,False,433.0,False,True,Sector: Financial Services,47.16,47.32,True,1988.0,4465.0,False,HOLD
CUB,City Union Bank Limited,Financial Services,Banks - Regional,219.35000610351562,False,1403.0,True,True,Sector: Financial Services,34.98,35.21,True,7249.0,6870.0,True,HOLD
LMW,LMW Limited,Industrials,Specialty Industrial Machinery,19570.0,True,175.0,False,True,Sector: Industrials,27.18,27.98,True,3374.0,4719.0,False,HOLD
ATUL,Atul Ltd,Basic Materials,Specialty Chemicals,6510.5,False,811.0,True,True,Sector: Basic Materials,1.59,1.62,True,6643.0,6274.0,True,HOLD
SAGILITY,Sagility Limited,Healthcare,Health Information Services,42.63999938964844,False,993.0,True,False,Sector: Healthcare,-19.87,-9.25,False,7617.0,7193.0,True,EXIT
SHRIPISTON,SPR Auto Technologies Limited,Consumer Cyclical,Auto Parts,4513.7998046875,True,575.0,True,True,Sector: Consumer Cyclical,73.67,70.33,True,4970.0,4459.0,True,ADD
HAPPYFORGE,HAPPYFORGE,Industrials,Metal Fabrication,2328.199951171875,True,327.0,True,True,Sector: Industrials,141.53,142.06,True,1642.0,1546.0,True,ADD
KAJARIACER,Kajaria Ceramics Limited,Industrials,Building Products & Equipment,1220.699951171875,False,548.0,True,True,NIFTY CONSUMER DURABLES,5.25,-4.96,False,5056.0,4830.0,True,HOLD
CHENNPETRO,Chennai Petroleum Corporation Limited,Energy,Oil & Gas Refining & Marketing,1390.5,True,4174.0,True,True,NIFTY OIL AND GAS,108.68,115.22,True,76197.0,76271.0,False,ADD
ASTRAZEN,AstraZeneca Pharma India Limited,Healthcare,Drug Manufacturers - Specialty & Generic,7507.0,False,170.0,False,False,Sector: Healthcare,-22.1,-11.46,False,2432.0,2276.0,True,EXIT
AARTIIND,Aarti Industries Limited,Basic Materials,Specialty Chemicals,520.0499877929688,False,531.0,False,True,Sector: Basic Materials,32.82,32.76,True,9010.0,8286.0,True,HOLD
BRIGADE,Brigade Enterprises Limited,Real Estate,Real Estate - Development,625.75,False,784.0,True,True,NIFTY REALTY,-12.75,-15.59,False,5532.0,5697.0,False,HOLD
ELGIEQUIP,Elgi Equipments Limited,Industrials,Specialty Industrial Machinery,632.4500122070312,False,448.0,True,True,Sector: Industrials,23.0,23.8,True,4146.0,3951.0,True,HOLD
SUNTV,Sun TV Network Limited,Communication Services,Broadcasting,477.54998779296875,False,1530.0,False,False,NIFTY MEDIA,-13.18,-18.0,False,4502.0,4335.0,True,EXIT
FINCABLES,Finolex Cables Limited,Industrials,Electrical Equipment & Parts,1291.199951171875,False,800.0,True,True,Sector: Industrials,53.67,54.41,True,6939.0,6321.0,True,HOLD
PINELABS,PINELABS,Technology,Software - Infrastructure,159.72999572753906,False,127.0,True,False,Sector: Technology,,,False,2832.0,2711.0,True,EXIT
CAMS,Computer Age Management Services Limited,Technology,Information Technology Services,749.25,False,491.0,True,False,Sector: Technology,-0.85,-2.43,False,1557.0,1516.0,True,EXIT
DEEPAKFERT,Deepak Fertilisers And Petrochemicals Corporation Limited,Basic Materials,Chemicals,1464.199951171875,False,985.0,False,True,Sector: Basic Materials,-3.59,-3.55,False,12104.0,11506.0,True,EXIT
CAPLIPOINT,Caplin Point Laboratories Limited,Healthcare,Drug Manufacturers - Specialty & Generic,2529.699951171875,False,678.0,True,True,Sector: Healthcare,4.02,14.46,True,2287.0,2187.0,True,HOLD
TRITURBINE,Triveni Turbine Limited,Industrials,Specialty Industrial Machinery,580.0499877929688,False,336.0,False,True,Sector: Industrials,8.99,9.83,True,2252.0,2181.0,True,HOLD
ERIS,Eris Lifesciences Limited,Healthcare,Drug Manufacturers - Specialty & Generic,1326.0,False,666.0,True,False,Sector: Healthcare,-36.23,-25.49,False,3230.0,3129.0,True,EXIT
HBLENGINE,HBLENGINE,Industrials,Electrical Equipment & Parts,712.9000244140625,False,780.0,False,False,Sector: Industrials,-13.67,-12.78,False,3339.0,3303.0,True,EXIT
JYOTICNC,Jyoti CNC Automation Limited,Industrials,Specialty Industrial Machinery,949.75,False,322.0,False,True,Sector: Industrials,-3.81,-2.94,False,2191.0,2093.0,True,EXIT
EIHOTEL,EIH Limited,Consumer Cyclical,Lodging,299.8999938964844,False,741.0,False,False,Sector: Consumer Cyclical,-24.9,-27.99,False,3023.0,2940.0,True,EXIT
SARDAEN,Sarda Energy & Minerals Limited,Basic Materials,Steel,509.3500061035156,False,1151.0,True,False,Sector: Basic Materials,-14.97,-14.9,False,5665.0,5690.0,False,EXIT
CASTROLIND,Castrol India Limited,Energy,Oil & Gas Refining & Marketing,188.57000732421875,False,1062.0,True,True,NIFTY ENERGY,-19.11,-11.45,False,6219.0,5722.0,True,HOLD
GMDCLTD,Gujarat Mineral Development Corporation Limited,Energy,Thermal Coal,561.9500122070312,False,956.0,False,False,Sector: Energy,17.77,29.82,True,2827.0,3498.0,False,EXIT
FSL,Firstsource Solutions Limited,Technology,Information Technology Services,272.25,False,671.0,False,False,Sector: Technology,-26.87,-28.27,False,10064.0,9556.0,True,EXIT
GESHIP,The Great Eastern Shipping Company Limited,Industrials,Marine Shipping,1299.0,False,3747.0,True,False,Sector: Industrials,31.29,32.07,True,6213.0,5690.0,True,HOLD
BAYERCROP,Bayer CropScience Limited,Basic Materials,Agricultural Inputs,4066.800048828125,False,732.0,False,False,Sector: Basic Materials,-28.55,-28.43,False,5595.0,5675.0,False,EXIT
POLYMED,Poly Medicure Limited,Healthcare,Medical Instruments & Supplies,1769.5999755859375,False,313.0,False,True,Sector: Healthcare,-26.3,-15.63,False,1997.0,1875.0,True,EXIT
CHALET,Chalet Hotels Limited,Consumer Cyclical,Lodging,852.9000244140625,False,528.0,False,True,Sector: Consumer Cyclical,-15.38,-18.5,False,2387.0,2770.0,False,EXIT
TRAVELFOOD,TRAVELFOOD,Consumer Cyclical,Restaurants,1316.199951171875,False,486.0,True,True,Sector: Consumer Cyclical,11.62,8.44,True,1725.0,1688.0,True,HOLD
CHOICEIN,Choice International Limited,Financial Services,Capital Markets,809.7000122070312,True,251.0,True,True,Sector: Financial Services,-3.38,-2.97,False,1194.0,1119.0,True,HOLD
ONESOURCE,ONESOURCE,Healthcare,Biotechnology,1534.5,False,-49.0,False,False,Sector: Healthcare,-28.72,-18.03,False,1543.0,1445.0,True,EXIT
CHAMBLFERT,Chambal Fertilisers and Chemicals Limited,Basic Materials,Agricultural Inputs,433.95001220703125,False,1928.0,False,False,Sector: Basic Materials,-23.93,-23.83,False,20123.0,27773.0,False,EXIT
DEVYANI,Devyani International Limited,Consumer Cyclical,Restaurants,147.7899932861328,False,-28.0,False,True,Sector: Consumer Cyclical,-13.82,-16.94,False,5835.0,5611.0,True,EXIT
BASF,BASF India Limited,Basic Materials,Specialty Chemicals,3856.199951171875,False,643.0,True,True,Sector: Basic Materials,-14.08,-14.0,False,16027.0,14944.0,True,HOLD
INOXINDIA,INOX India Limited,Industrials,Specialty Industrial Machinery,1923.5999755859375,False,255.0,False,True,Sector: Industrials,67.45,68.15,True,1618.0,1587.0,True,HOLD
EMAMILTD,Emami Limited,Consumer Defensive,Household & Personal Products,407.3999938964844,False,750.0,False,False,NIFTY FMCG,-19.45,-36.8,False,3915.0,3809.0,True,EXIT
JSWCEMENT,JSWCEMENT,Basic Materials,Building Materials,125.12999725341797,False,721.0,True,False,Sector: Basic Materials,-20.41,-20.31,False,6849.0,6501.0,True,EXIT
AZAD,AZAD,Industrials,Specialty Industrial Machinery,2766.60009765625,True,139.0,True,True,Sector: Industrials,77.22,77.9,True,638.0,603.0,True,ADD
SAMMAANCAP,Sammaan Capital Limited,Financial Services,Mortgage Finance,150.22999572753906,False,-7236.0,False,False,Sector: Financial Services,22.31,22.6,True,7418.0,17020.0,False,EXIT
ECLERX,eClerx Services Limited,Technology,Information Technology Services,1804.800048828125,False,729.0,True,False,Sector: Technology,-8.79,-10.32,False,4335.0,4117.0,True,EXIT
INDIACEM,The India Cements Limited,Basic Materials,Building Materials,370.6499938964844,False,92.0,False,False,Sector: Basic Materials,-5.66,-5.61,False,4479.0,5770.0,False,EXIT
TBOTEK,TBOTEK,Consumer Cyclical,Travel Services,1702.5999755859375,False,265.0,True,True,Sector: Consumer Cyclical,17.74,14.54,True,3092.0,2677.0,True,HOLD
ARE&M,Amara Raja Energy & Mobility Limited,Industrials,Electrical Equipment & Parts,930.8499755859375,False,922.0,False,True,Sector: Industrials,-7.22,-6.34,False,14627.0,13814.0,True,EXIT
PGEL,PG Electroplast Limited,Technology,Electronic Components,602.0499877929688,False,206.0,False,True,NIFTY CONSUMER DURABLES,18.41,7.1,True,5818.0,5288.0,True,HOLD
J&KBANK,Jammu and Kashmir Bank Limited,Financial Services,Banks - Regional,148.19000244140625,False,2304.0,False,True,Sector: Financial Services,39.78,39.98,True,13429.0,13151.0,True,HOLD
OLAELEC,OLAELEC,Consumer Cyclical,Auto Manufacturers,37.81999969482422,False,-1741.0,False,True,Sector: Consumer Cyclical,-25.02,-28.11,False,1880.0,5010.0,False,EXIT
VTL,Vardhman Textiles Limited,Consumer Cyclical,Textile Manufacturing,600.5,False,860.0,False,True,Sector: Consumer Cyclical,40.54,37.29,True,10186.0,10137.0,True,HOLD
TATACHEM,Tata Chemicals Limited,Basic Materials,Chemicals,634.5,False,-1971.0,False,False,Sector: Basic Materials,-31.99,-31.86,False,15120.0,17204.0,False,EXIT
THELEELA,Leela Palaces Hotels & Resorts Limited,Consumer Cyclical,Lodging,539.7000122070312,True,443.0,True,True,Sector: Consumer Cyclical,23.36,20.15,True,1604.0,1527.0,True,ADD
JINDALSAW,Jindal Saw Limited,Basic Materials,Steel,269.75,False,601.0,False,True,Sector: Basic Materials,29.6,29.55,True,18263.0,20958.0,False,HOLD
ALIVUS,Alivus Life Sciences Limited,Healthcare,Drug Manufacturers - Specialty & Generic,1370.0,True,603.0,True,True,Sector: Healthcare,32.11,42.33,True,2590.0,2552.0,True,ADD
MINDACORP,Minda Corporation Limited,Consumer Cyclical,Auto Parts,743.2999877929688,True,499.0,True,True,Sector: Consumer Cyclical,45.64,42.37,True,6646.0,6185.0,True,ADD
THANGAMAYL,Thangamayil Jewellery Limited,Consumer Cyclical,Luxury Goods,5457.0,False,391.0,True,True,Sector: Consumer Cyclical,160.91,157.36,True,9622.0,8499.0,True,HOLD
COHANCE,COHANCE,Healthcare,Drug Manufacturers - Specialty & Generic,475.54998779296875,False,59.0,False,True,Sector: Healthcare,-61.09,-50.15,False,2142.0,2269.0,False,EXIT
CENTURYPLY,Century Plyboards (India) Limited,Basic Materials,Lumber & Wood Production,772.75,False,299.0,False,True,Sector: Basic Materials,-0.24,-0.21,False,5789.0,5397.0,True,EXIT
ABDL,ABDL,Consumer Defensive,Beverages - Wineries & Distilleries,595.4500122070312,False,210.0,False,True,Sector: Consumer Defensive,14.33,14.36,True,3979.0,3923.0,True,HOLD
PSB,Punjab & Sind Bank,Financial Services,Banks - Regional,23.3799991607666,False,1384.0,True,False,NIFTY PSU BANK,-40.73,-21.58,False,12284.0,11982.0,True,EXIT
KPITTECH,KPIT Technologies Limited,Technology,Software - Infrastructure,592.9000244140625,False,582.0,False,False,Sector: Technology,-50.43,-51.68,False,6591.0,6455.0,True,EXIT
ZENTEC,Zen Technologies Limited,Industrials,Aerospace & Defense,1909.0999755859375,False,197.0,False,True,Sector: Industrials,30.21,30.99,True,671.0,974.0,False,HOLD
KANSAINER,Kansai Nerolac Paints Limited,Basic Materials,Specialty Chemicals,201.50999450683594,False,589.0,False,False,Sector: Basic Materials,-17.63,-17.55,False,8263.0,8052.0,True,EXIT
ASTRAMICRO,Astra Microwave Products Limited,Technology,Communication Equipment,1684.199951171875,False,189.0,False,True,Sector: Technology,75.28,73.2,True,1140.0,1163.0,False,HOLD
RATNAMANI,Ratnamani Metals & Tubes Limited,Basic Materials,Steel,2289.60009765625,False,514.0,False,False,Sector: Basic Materials,-5.0,-4.95,False,4314.0,5186.0,False,EXIT
GRWRHITECH,Garware Hi-Tech Films Limited,Basic Materials,Specialty Chemicals,7109.5,True,388.0,True,True,Sector: Basic Materials,134.85,134.49,True,2258.0,2120.0,True,ADD
HONASA,Honasa Consumer Limited,Consumer Defensive,Household & Personal Products,483.79998779296875,False,249.0,True,True,Sector: Consumer Defensive,59.72,59.42,True,2553.0,2392.0,True,HOLD
AEQUS,AEQUS,Industrials,Aerospace & Defense,260.0899963378906,True,-170.0,False,False,Sector: Industrials,,,False,1370.0,1230.0,True,EXIT
APLLTD,Alembic Pharmaceuticals Limited,Healthcare,Drug Manufacturers - Specialty & Generic,814.0999755859375,False,690.0,False,True,Sector: Healthcare,-29.47,-18.78,False,7784.0,7345.0,True,EXIT
KFINTECH,KFin Technologies Limited,Technology,Software - Application,961.0,False,342.0,False,False,Sector: Technology,-14.05,-15.54,False,1384.0,1301.0,True,EXIT
FIVESTAR,Five-Star Business Finance Limited,Financial Services,Credit Services,527.4500122070312,False,1104.0,True,True,Sector: Financial Services,-12.22,-11.76,False,3260.0,3218.0,True,HOLD
ZYDUSWELL,Zydus Wellness Limited,Consumer Defensive,Packaged Foods,501.29998779296875,False,188.0,False,True,Sector: Consumer Defensive,24.6,24.55,True,4537.0,3961.0,True,HOLD
NAVA,Nava Limited,Industrials,Conglomerates,556.75,False,972.0,False,False,NIFTY ENERGY,-26.6,-18.94,False,4310.0,4291.0,True,EXIT
NATCOPHARM,NATCO Pharma Limited,Healthcare,Drug Manufacturers - Specialty & Generic,877.5,False,1145.0,False,False,Sector: Healthcare,-11.75,-1.19,False,3485.0,4430.0,False,EXIT
SYNGENE,Syngene International Limited,Healthcare,Diagnostics & Research,395.5,False,221.0,False,False,Sector: Healthcare,-53.54,-42.66,False,3600.0,3739.0,False,EXIT
SHILPAMED,Shilpa Medicare Limited,Healthcare,Drug Manufacturers - Specialty & Generic,820.9500122070312,True,297.0,True,True,Sector: Healthcare,74.19,84.09,True,1683.0,1535.0,True,ADD
MEDPLUS,MedPlus Health Services Limited,Healthcare,Pharmaceutical Retailers,656.2999877929688,False,210.0,False,False,Sector: Healthcare,-32.92,-22.2,False,7229.0,6892.0,True,EXIT
AGARWALEYE,AGARWALEYE,Healthcare,Medical Instruments & Supplies,503.1000061035156,False,185.0,True,True,Sector: Healthcare,-1.89,8.59,False,2207.0,2080.0,True,HOLD
CROMPTON,Crompton Greaves Consumer Electricals Limited,Consumer Cyclical,"Furnishings, Fixtures & Appliances",252.0,False,-212.0,False,False,NIFTY CONSUMER DURABLES,-16.98,-25.34,False,8332.0,8096.0,True,EXIT
DCMSHRIRAM,DCM Shriram Limited,Industrials,Conglomerates,1079.699951171875,False,1436.0,True,False,Sector: Industrials,-17.69,-16.79,False,13840.0,13538.0,True,EXIT
FINEORG,Fine Organic Industries Limited,Basic Materials,Specialty Chemicals,5066.2001953125,False,438.0,False,True,Sector: Basic Materials,3.74,3.76,True,2472.0,3023.0,False,HOLD
BEML,BEML Limited,Industrials,Conglomerates,1962.800048828125,False,178.0,False,True,Sector: Industrials,-7.24,-6.36,False,4536.0,4351.0,True,EXIT
ARVIND,Arvind Limited,Consumer Cyclical,Textile Manufacturing,539.0,False,430.0,True,True,Sector: Consumer Cyclical,82.41,79.05,True,9798.0,9303.0,True,HOLD
ABREL,Aditya Birla Real Estate Limited,Real Estate,Real Estate Services,1445.5,False,-122.0,False,True,NIFTY REALTY,-21.03,-23.88,False,450.0,7645.0,False,EXIT
WELSPUNLIV,Welspun Living Limited,Consumer Cyclical,Textile Manufacturing,188.69000244140625,False,286.0,False,True,Sector: Consumer Cyclical,56.19,52.89,True,9934.0,10545.0,False,HOLD
SHAILY,Shaily Engineering Plastics Limited,Basic Materials,Specialty Chemicals,3350.0,True,177.0,True,True,Sector: Basic Materials,59.79,59.65,True,1025.0,991.0,True,ADD
CIEINDIA,CIE Automotive India Limited,Consumer Cyclical,Auto Parts,403.79998779296875,False,903.0,False,False,Sector: Consumer Cyclical,2.98,-0.18,False,9997.0,9406.0,True,EXIT
BIKAJI,Bikaji Foods International Limited,Consumer Defensive,Packaged Foods,607.0,False,255.0,False,False,Sector: Consumer Defensive,-25.18,-24.86,False,3075.0,2994.0,True,EXIT
PARADEEP,Paradeep Phosphates Limited,Basic Materials,Agricultural Inputs,148.63999938964844,False,1072.0,True,True,Sector: Basic Materials,-33.4,-33.27,False,23447.0,21826.0,True,HOLD
GPIL,Godawari Power & Ispat Limited,Basic Materials,Steel,247.8800048828125,False,808.0,False,False,Sector: Basic Materials,5.12,5.14,True,5808.0,5745.0,True,EXIT
NIVABUPA,Niva Bupa Health Insurance Company Limited,Financial Services,Insurance - Life,82.87999725341797,False,174.0,False,True,Sector: Financial Services,-4.94,-4.52,False,7907.0,6695.0,True,EXIT
MAHSCOOTER,Maharashtra Scooters Ltd.,Financial Services,Asset Management,13138.0,False,279.0,False,False,Sector: Financial Services,-18.94,-18.45,False,289.0,313.0,False,EXIT
CONCORDBIO,Concord Biotech Limited,Healthcare,Biotechnology,1576.699951171875,False,273.0,False,True,Sector: Healthcare,-22.65,-12.01,False,1108.0,1200.0,False,EXIT
VIJAYA,Vijaya Diagnostic Centre Limited,Healthcare,Diagnostics & Research,1498.4000244140625,True,187.0,True,True,Sector: Healthcare,30.25,40.49,True,857.0,814.0,True,ADD
KIRLOSBROS,Kirloskar Brothers Limited,Industrials,Specialty Industrial Machinery,1918.199951171875,False,377.0,False,True,Sector: Industrials,-4.49,-3.62,False,4664.0,4538.0,True,EXIT
CCL,CCL Products (India) Limited,Consumer Defensive,Packaged Foods,1112.4000244140625,False,433.0,True,True,Sector: Consumer Defensive,21.19,21.17,True,4602.0,4457.0,True,HOLD
MARKSANS,Marksans Pharma Limited,Healthcare,Drug Manufacturers - General,320.8500061035156,False,521.0,True,True,Sector: Healthcare,68.09,78.04,True,3172.0,2951.0,True,HOLD
IGIL,International Gemological Institute Limited,Basic Materials,Other Precious Metals & Mining,335.79998779296875,False,610.0,False,False,Sector: Basic Materials,-1.56,-1.52,False,1363.0,1598.0,False,EXIT
CEATLTD,CEAT Limited,Consumer Cyclical,Auto Parts,3588.199951171875,False,589.0,False,False,Sector: Consumer Cyclical,13.0,9.81,True,16467.0,15678.0,True,EXIT
USHAMART,Usha Martin Limited,Basic Materials,Steel,495.6499938964844,True,508.0,True,True,Sector: Basic Materials,31.27,31.22,True,3837.0,4561.0,False,ADD
RAINBOW,Rainbow Children's Medicare Limited,Healthcare,Medical Care Facilities,1453.5,False,290.0,True,True,Sector: Healthcare,-19.25,-8.63,False,1820.0,1703.0,True,HOLD
SHADOWFAX,SHADOWFAX,Industrials,Integrated Freight & Logistics,258.0,True,169.0,True,False,Sector: Industrials,,,False,4737.0,4202.0,True,EXIT
JBMA,JBM Auto Limited,Consumer Cyclical,Auto Parts,623.3499755859375,False,243.0,True,True,Sector: Consumer Cyclical,-1.71,-4.86,False,6277.0,6088.0,True,HOLD
CLEANMAX,CLEANMAX,Utilities,Utilities - Renewable,1220.0999755859375,False,157.0,True,False,Sector: Utilities,,,False,2343.0,1913.0,True,EXIT
APOLLO,Apollo Micro Systems Limited,Industrials,Aerospace & Defense,386.75,False,115.0,True,True,Sector: Industrials,62.4,63.11,True,1022.0,904.0,True,HOLD
LTFOODS,LT Foods Limited,Consumer Defensive,Packaged Foods,431.0,False,640.0,True,True,Sector: Consumer Defensive,-7.18,-6.99,False,11633.0,10946.0,True,HOLD
INGERRAND,Ingersoll-Rand (India) Limited,Industrials,Specialty Industrial Machinery,4705.60009765625,True,268.0,True,True,Sector: Industrials,21.91,22.72,True,1457.0,1392.0,True,ADD
VOGL,Vedanta Oil and Gas Limited,Basic Materials,Other Industrial Metals & Mining,36.689998626708984,False,,False,False,Sector: Basic Materials,,,False,,,False,EXIT
JSWDULUX,JSW Dulux Limited,Unknown,Unknown,3086.10009765625,False,1962.0,False,False,Sector: Unknown,7.53,-10.76,False,3578.0,4069.0,False,EXIT
VISL,VISL,Basic Materials,Steel,36.20000076293945,False,,False,False,Sector: Basic Materials,,,False,,,False,EXIT
FRACTAL,FRACTAL,Technology,Software - Infrastructure,855.25,False,321.0,True,False,Sector: Technology,,,False,3452.0,3300.0,True,EXIT
JNPR,JNPR,Utilities,Utilities - Renewable,273.760009765625,True,,False,False,Sector: Utilities,,,False,,,False,EXIT
VGUARD,V-Guard Industries Limited,Industrials,Electrical Equipment & Parts,336.8500061035156,False,365.0,True,True,Sector: Industrials,-10.59,-9.71,False,6310.0,5966.0,True,HOLD
VEDPOWER,Vedanta Power Limited,Utilities,Utilities - Independent Power Producers,36.040000915527344,False,,False,False,Sector: Utilities,,,False,,,False,EXIT
SOBHA,Sobha Limited,Real Estate,Real Estate - Development,1303.5999755859375,False,231.0,False,False,NIFTY REALTY,-12.01,-14.86,False,5617.0,5190.0,True,EXIT
BBOX,Black Box Limited,Technology,Software - Application,751.5499877929688,False,226.0,True,True,Sector: Technology,57.83,55.87,True,6654.0,6322.0,True,HOLD
UJJIVANSFB,Ujjivan Small Finance Bank Limited,Financial Services,Banks - Regional,71.93000030517578,True,906.0,False,True,Sector: Financial Services,63.15,63.24,True,7338.0,6931.0,True,HOLD
GRAPHITE,Graphite India Limited,Industrials,Electrical Equipment & Parts,717.0499877929688,False,209.0,False,True,Sector: Industrials,30.57,31.36,True,3029.0,7858.0,False,HOLD
CANHLIFE,CANHLIFE,Financial Services,Insurance - Life,151.69000244140625,True,131.0,True,True,Sector: Financial Services,,,False,12275.0,11841.0,True,HOLD
TI,Tilaknagar Industries Ltd.,Consumer Defensive,Beverages - Wineries & Distilleries,582.4500122070312,True,-36.0,False,True,Sector: Consumer Defensive,8.62,8.69,True,3016.0,2346.0,True,HOLD
GALLANTT,Gallantt Ispat Limited,Basic Materials,Steel,582.4000244140625,False,436.0,False,False,Sector: Basic Materials,-11.06,-10.99,False,4437.0,4419.0,True,EXIT
KSB,KSB Limited,Industrials,Specialty Industrial Machinery,802.5,False,246.0,False,False,Sector: Industrials,-3.85,-2.98,False,2726.0,2696.0,True,EXIT
SEDEMAC,SEDEMAC,Consumer Cyclical,Auto Parts,3261.39990234375,True,,False,False,Sector: Consumer Cyclical,,,False,,,False,EXIT
VINATIORGA,Vinati Organics Limited,Basic Materials,Specialty Chemicals,1330.5,False,448.0,True,False,Sector: Basic Materials,-25.16,-25.06,False,2381.0,2248.0,True,EXIT
LLOYDSENGG,Lloyds Engineering Works Limited,Industrials,Specialty Industrial Machinery,92.25,True,236.0,True,True,Sector: Industrials,30.96,31.75,True,1611.0,1301.0,True,ADD
LUMAXTECH,Lumax Auto Technologies Limited,Consumer Cyclical,Auto Parts,2043.699951171875,True,382.0,True,True,Sector: Consumer Cyclical,77.82,74.47,True,5208.0,4870.0,True,ADD
EIDPARRY,E.I.D.- Parry (India) Limited,Basic Materials,Agricultural Inputs,810.25,False,1227.0,False,False,Sector: Basic Materials,-33.17,-33.04,False,38836.0,38534.0,True,EXIT
ANURAS,Anupam Rasayan India Ltd,Basic Materials,Specialty Chemicals,1239.4000244140625,False,225.0,True,False,Sector: Basic Materials,6.1,6.11,True,2535.0,2365.0,True,HOLD
JUBLPHARMA,Jubilant Pharmova Limited,Healthcare,Drug Manufacturers - Specialty & Generic,871.0499877929688,False,351.0,False,False,Sector: Healthcare,-32.19,-21.47,False,8608.0,9111.0,False,EXIT
E2E,E2E Networks Limited,Technology,Software - Infrastructure,623.8499755859375,False,31.0,False,True,Sector: Technology,193.79,190.93,True,366.0,246.0,True,HOLD
ENGINERSIN,Engineers India Limited,Industrials,Engineering & Construction,237.2100067138672,False,784.0,True,True,Sector: Industrials,22.27,23.08,True,3878.0,3928.0,False,HOLD
NAZARA,Nazara Technologies Limited,Communication Services,Electronic Gaming & Multimedia,357.5,True,-52.0,False,True,NIFTY MEDIA,5.16,0.34,True,1759.0,1829.0,False,HOLD
SPLPETRO,Supreme Petrochem Limited,Basic Materials,Specialty Chemicals,700.7000122070312,False,485.0,True,True,Sector: Basic Materials,-14.67,-14.59,False,5719.0,5406.0,True,HOLD
VENTIVE,VENTIVE,Consumer Cyclical,Lodging,574.5,False,588.0,True,False,Sector: Consumer Cyclical,-19.75,-22.86,False,2496.0,2461.0,True,EXIT
SCI,The Shipping Corporation of India Limited,Industrials,Marine Shipping,291.1499938964844,False,1618.0,True,True,Sector: Industrials,34.02,34.8,True,6310.0,5794.0,True,HOLD
PRIVISCL,Privi Speciality Chemicals Limited,Basic Materials,Specialty Chemicals,3450.300048828125,False,342.0,True,True,Sector: Basic Materials,39.76,39.68,True,2671.0,2564.0,True,HOLD
CARTRADE,CarTrade Tech Limited,Consumer Cyclical,Auto & Truck Dealerships,2895.199951171875,False,253.0,True,True,Sector: Consumer Cyclical,17.99,14.79,True,807.0,779.0,True,HOLD
HEG,HEG Limited,Industrials,Electrical Equipment & Parts,711.9500122070312,False,359.0,False,True,Sector: Industrials,41.27,42.03,True,2639.0,6591.0,False,HOLD
PRUDENT,Prudent Corporate Advisory Services Limited,Financial Services,Asset Management,3363.5,True,245.0,True,True,Sector: Financial Services,15.2,15.52,True,1371.0,1341.0,True,ADD
TMB,Tamilnad Mercantile Bank Limited,Financial Services,Banks - Regional,869.7000122070312,True,1444.0,True,True,Sector: Financial Services,101.05,100.95,True,6096.0,5819.0,True,ADD
DOMS,DOMS Industries Limited,Industrials,Business Equipment & Supplies,2209.89990234375,False,226.0,False,False,Sector: Industrials,-14.09,-13.2,False,2435.0,2326.0,True,EXIT
INDGN,INDGN,Healthcare,Health Information Services,566.7000122070312,False,401.0,False,True,Sector: Healthcare,-16.12,-5.53,False,3813.0,3510.0,True,EXIT
RKFORGE,Ramkrishna Forgings Limited,Industrials,Metal Fabrication,745.4000244140625,False,107.0,False,True,Sector: Industrials,26.51,27.31,True,4440.0,4238.0,True,HOLD
SKFINDUS,SKFINDUS,Industrials,Tools & Accessories,2753.699951171875,False,208.0,False,False,Sector: Industrials,,,False,3590.0,3440.0,True,EXIT
BALRAMCHIN,Balrampur Chini Mills Limited,Consumer Defensive,Confectioners,767.0999755859375,True,371.0,False,True,Sector: Consumer Defensive,29.42,29.34,True,6366.0,6271.0,True,HOLD
JSWHL,JSW Holdings Limited,Financial Services,Asset Management,11465.0,False,137.0,False,False,Sector: Financial Services,-37.83,-37.25,False,184.0,407.0,False,EXIT
AMAGI,AMAGI,Technology,Software - Application,576.4500122070312,False,102.0,True,False,Sector: Technology,,,False,1612.0,1506.0,True,EXIT
GRAVITA,Gravita India Limited,Industrials,Metal Fabrication,1792.800048828125,False,392.0,True,True,Sector: Industrials,1.41,2.27,True,4700.0,4265.0,True,HOLD
NSLNISP,NMDC Steel Limited,Basic Materials,Steel,39.52000045776367,False,84.0,True,False,Sector: Basic Materials,2.4,2.42,True,13938.0,13642.0,True,HOLD
UTLSOLAR,UTLSOLAR,Technology,Solar,477.5,True,294.0,False,False,Sector: Technology,,,False,3403.0,2655.0,True,EXIT
AVALON,Avalon Technologies Limited,Technology,Electronic Components,2245.5,True,134.0,True,True,Sector: Technology,160.48,157.85,True,1764.0,1603.0,True,ADD
VARROC,Varroc Engineering Limited,Consumer Cyclical,Auto Parts,824.25,False,200.0,False,True,Sector: Consumer Cyclical,54.71,51.42,True,9497.0,12036.0,False,HOLD
ATLANTAELE,ATLANTAELE,Industrials,Electrical Equipment & Parts,1688.5999755859375,False,217.0,True,True,Sector: Industrials,,,False,2003.0,1852.0,True,HOLD
ACE,Action Construction Equipment Limited,Industrials,Farm & Heavy Construction Machinery,1164.4000244140625,False,437.0,True,True,Sector: Industrials,15.86,16.68,True,3414.0,3327.0,True,HOLD
BLUESTONE,BLUESTONE,Consumer Cyclical,Luxury Goods,821.5,False,54.0,True,True,Sector: Consumer Cyclical,47.36,44.08,True,2681.0,2436.0,True,HOLD
MANYAVAR,Vedant Fashions Limited,Consumer Cyclical,Apparel Manufacturing,547.3499755859375,False,403.0,False,True,Sector: Consumer Cyclical,-28.41,-31.49,False,1345.0,1368.0,False,EXIT
TEGA,Tega Industries Limited,Industrials,Specialty Industrial Machinery,1776.5,False,-1.0,False,True,Sector: Industrials,-7.93,-7.05,False,3059.0,1692.0,True,EXIT
SWANDEF,SWANDEF,Industrials,Aerospace & Defense,2361.89990234375,False,-237.0,False,True,Sector: Industrials,540.85,540.44,True,312.0,912.0,False,HOLD
INOXWIND,Inox Wind Limited,Industrials,Specialty Industrial Machinery,73.9000015258789,False,417.0,False,False,NIFTY ENERGY,-55.4,-47.74,False,4385.0,4445.0,False,EXIT
ASKAUTOLTD,ASKAUTOLTD,Consumer Cyclical,Auto Parts,643.8499755859375,False,316.0,True,True,Sector: Consumer Cyclical,27.03,23.81,True,4643.0,4176.0,True,HOLD
APTUS,Aptus Value Housing Finance India Limited,Financial Services,Mortgage Finance,253.3000030517578,False,985.0,True,False,Sector: Financial Services,-30.86,-30.31,False,2272.0,2192.0,True,EXIT
SUDEEPPHRM,SUDEEPPHRM,Healthcare,Drug Manufacturers - Specialty & Generic,1107.800048828125,True,184.0,True,False,Sector: Healthcare,,,False,676.0,642.0,True,EXIT
TRIDENT,Trident Limited,Consumer Cyclical,Textile Manufacturing,24.6299991607666,False,395.0,False,False,Sector: Consumer Cyclical,-13.56,-16.68,False,6781.0,6998.0,False,EXIT
HOMEFIRST,Home First Finance Company India Limited,Financial Services,Mortgage Finance,1187.4000244140625,False,581.0,True,True,Sector: Financial Services,-11.45,-11.0,False,1999.0,1921.0,True,HOLD
BLUEDART,Blue Dart Express Limited,Industrials,Integrated Freight & Logistics,5077.0,False,287.0,False,False,Sector: Industrials,-15.14,-14.24,False,6357.0,6141.0,True,EXIT
PCBL,PCBL Chemical Limited,Basic Materials,Specialty Chemicals,319.8500061035156,False,259.0,False,True,Sector: Basic Materials,-18.82,-18.73,False,8549.0,8404.0,True,EXIT
PARKHOSPS,PARKHOSPS,Healthcare,Medical Care Facilities,272.6000061035156,False,297.0,True,False,Sector: Healthcare,,,False,1756.0,1679.0,True,EXIT
JMFINANCIL,JM Financial Limited,Financial Services,Capital Markets,129.16000366210938,False,1111.0,False,False,Sector: Financial Services,-35.48,-34.91,False,4180.0,4787.0,False,EXIT
SKYGOLD,Sky Gold and Diamonds Limited,Consumer Cyclical,Luxury Goods,778.5499877929688,False,343.0,True,True,Sector: Consumer Cyclical,155.33,151.78,True,7176.0,6295.0,True,HOLD
SOUTHBANK,The South Indian Bank Limited,Financial Services,Banks - Regional,45.15999984741211,False,1511.0,True,True,Sector: Financial Services,48.15,48.31,True,10112.0,9846.0,True,HOLD
JPPOWER,Jaiprakash Power Ventures Limited,Utilities,Utilities - Independent Power Producers,17.100000381469727,False,641.0,False,False,NIFTY ENERGY,-18.72,-11.06,False,5756.0,6763.0,False,EXIT
WABAG,VA Tech Wabag Limited,Industrials,Engineering & Construction,2057.89990234375,False,394.0,True,True,Sector: Industrials,24.54,25.34,True,4097.0,3944.0,True,HOLD
NUVOCO,Nuvoco Vistas Corporation Limited,Basic Materials,Building Materials,321.70001220703125,False,386.0,True,False,Sector: Basic Materials,-30.94,-30.81,False,11594.0,11338.0,True,EXIT
IRCON,Ircon International Limited,Industrials,Engineering & Construction,126.54000091552734,False,520.0,False,False,Sector: Industrials,-29.19,-28.26,False,9241.0,12514.0,False,EXIT
AVANTIFEED,Avanti Feeds Limited,Consumer Defensive,Packaged Foods,857.1500244140625,False,587.0,False,False,Sector: Consumer Defensive,30.61,30.52,True,6360.0,6066.0,True,EXIT
KTKBANK,The Karnataka Bank Limited,Financial Services,Banks - Regional,335.04998779296875,True,1437.0,True,True,Sector: Financial Services,92.51,92.46,True,9039.0,9014.0,True,ADD
KEC,KEC International Limited,Industrials,Engineering & Construction,424.1000061035156,False,554.0,False,False,Sector: Industrials,-50.32,-49.35,False,23506.0,23506.0,True,EXIT
LLOYDSENT,Lloyds Enterprises Limited,Basic Materials,Steel,78.55000305175781,False,278.0,False,True,Sector: Basic Materials,0.49,0.52,True,1988.0,1756.0,True,HOLD
UTIAMC,UTI Asset Management Company Limited,Financial Services,Asset Management,896.5,False,512.0,False,False,Sector: Financial Services,-37.97,-37.39,False,1909.0,1851.0,True,EXIT
SIGMAADV,Sigma Advanced Systems Limited,Industrials,Aerospace & Defense,664.4500122070312,False,167.0,False,True,Sector: Industrials,419.17,419.05,True,861.0,492.0,True,HOLD
JUBLINGREA,Jubilant Ingrevia Limited,Basic Materials,Specialty Chemicals,720.4000244140625,False,309.0,False,True,Sector: Basic Materials,0.34,0.38,True,4651.0,4949.0,False,HOLD
EDELWEISS,Edelweiss Financial Services Limited,Financial Services,Financial Conglomerates,126.62000274658203,False,712.0,False,True,Sector: Financial Services,26.75,27.02,True,10508.0,11078.0,False,HOLD
PVRINOX,PVR INOX Limited,Communication Services,Entertainment,1219.5,False,444.0,True,True,NIFTY MEDIA,10.8,5.99,True,6842.0,6646.0,True,HOLD
BLS,BLS International Services Limited,Industrials,Specialty Business Services,273.9200134277344,False,744.0,True,False,Sector: Industrials,-29.25,-28.32,False,3178.0,2998.0,True,EXIT
PGIL,Pearl Global Industries Limited,Consumer Cyclical,Apparel Manufacturing,2377.60009765625,True,304.0,True,True,Sector: Consumer Cyclical,78.84,75.49,True,5325.0,5025.0,True,ADD
SIGNATURE,Signatureglobal (India) Limited,Real Estate,Real Estate - Development,801.0,False,1044.0,False,False,Sector: Real Estate,-14.56,-30.65,False,2282.0,2596.0,False,EXIT
METROPOLIS,Metropolis Healthcare Limited,Healthcare,Diagnostics & Research,540.7999877929688,False,203.0,False,True,Sector: Healthcare,-10.31,0.24,False,1710.0,1646.0,True,EXIT
TECHNOE,Techno Electric & Engineering Company Limited,Industrials,Engineering & Construction,985.4500122070312,False,431.0,False,False,Sector: Industrials,-37.89,-36.94,False,3356.0,3252.0,True,EXIT
MGL,Mahanagar Gas Limited,Utilities,Utilities - Regulated Gas,1137.800048828125,False,715.0,False,True,NIFTY ENERGY,-24.56,-16.9,False,8535.0,8246.0,True,EXIT
VIYASH,Viyash Scientific Limited,Healthcare,Drug Manufacturers - Specialty & Generic,265.8500061035156,False,267.0,False,True,Sector: Healthcare,41.32,51.48,True,3575.0,3420.0,True,HOLD
TITAGARH,Titagarh Rail Systems Limited,Industrials,Railroads,849.2999877929688,False,188.0,False,True,Sector: Industrials,-3.8,-2.93,False,3272.0,3868.0,False,EXIT
GODREJAGRO,Godrej Agrovet Limited,Consumer Defensive,Packaged Foods,581.6500244140625,False,425.0,False,False,Sector: Consumer Defensive,-23.74,-23.43,False,10474.0,10233.0,True,EXIT
RATEGAIN,RateGain Travel Technologies Limited,Technology,Software - Application,943.75,True,242.0,True,True,Sector: Technology,91.0,88.82,True,2336.0,1824.0,True,ADD
ZENSARTECH,Zensar Technologies Limited,Technology,Information Technology Services,484.95001220703125,False,776.0,True,False,Sector: Technology,-40.3,-41.62,False,5811.0,5687.0,True,EXIT
AKUMS,AKUMS,Healthcare,Drug Manufacturers - Specialty & Generic,752.9000244140625,False,293.0,False,True,Sector: Healthcare,44.4,54.53,True,4502.0,4359.0,True,HOLD
PARAS,Paras Defence and Space Technologies Limited,Industrials,Aerospace & Defense,1502.0,True,96.0,True,True,Sector: Industrials,120.94,121.52,True,511.0,477.0,True,ADD
IEX,Indian Energy Exchange Limited,Financial Services,Capital Markets,123.3499984741211,False,507.0,True,False,Sector: Financial Services,-15.65,-15.18,False,632.0,616.0,True,EXIT
AAVAS,Aavas Financiers Limited,Financial Services,Mortgage Finance,1364.9000244140625,False,687.0,True,False,Sector: Financial Services,-19.74,-19.24,False,2765.0,2683.0,True,EXIT
JKTYRE,JK Tyre & Industries Limited,Consumer Cyclical,Auto Parts,373.3999938964844,False,657.0,False,False,Sector: Consumer Cyclical,17.54,14.34,True,16404.0,16327.0,True,EXIT
MANORAMA,Manorama Industries Limited,Consumer Defensive,Packaged Foods,1958.699951171875,True,258.0,True,True,Sector: Consumer Defensive,36.84,36.7,True,1481.0,1367.0,True,ADD
JWL,Jupiter Wagons Limited,Industrials,Railroads,248.10000610351562,False,161.0,False,False,Sector: Industrials,-29.14,-28.22,False,3127.0,3963.0,False,EXIT
CANFINHOME,Can Fin Homes Limited,Financial Services,Mortgage Finance,842.9000244140625,False,1130.0,True,False,Sector: Financial Services,5.58,5.95,True,4292.0,4217.0,True,HOLD
OLECTRA,Olectra Greentech Limited,Industrials,Farm & Heavy Construction Machinery,1291.199951171875,False,180.0,True,True,Sector: Industrials,-17.49,-16.59,False,2540.0,2312.0,True,HOLD
ABLBL,ABLBL,Consumer Cyclical,Apparel Retail,86.5,False,176.0,True,False,Sector: Consumer Cyclical,-35.79,-38.86,False,8601.0,8396.0,True,EXIT
HCG,HealthCare Global Enterprises Limited,Healthcare,Medical Care Facilities,730.4500122070312,False,33.0,False,True,Sector: Healthcare,-3.09,7.4,False,2627.0,2545.0,True,EXIT
SHREEJISPG,SHREEJISPG,Industrials,Marine Shipping,613.3499755859375,False,160.0,True,True,Sector: Industrials,,,False,757.0,827.0,False,HOLD
RITES,RITES Limited,Industrials,Engineering & Construction,218.44000244140625,False,461.0,False,False,Sector: Industrials,-17.23,-16.33,False,2458.0,2662.0,False,EXIT
IIFLCAPS,IIFL Capital Services Limited,Financial Services,Capital Markets,333.1499938964844,False,572.0,False,True,Sector: Financial Services,-1.08,-0.67,False,2434.0,2520.0,False,EXIT
SBFC,SBFC Finance Limited,Financial Services,Credit Services,93.98999786376953,False,480.0,True,False,Sector: Financial Services,-19.57,-19.08,False,1782.0,1679.0,True,EXIT
BLACKBUCK,BlackBuck Limited,Technology,Software - Application,631.0499877929688,False,169.0,True,True,Sector: Technology,-2.3,-3.86,False,713.0,867.0,False,HOLD
JLHL,Jupiter Life Line Hospitals Limited,Healthcare,Medical Care Facilities,317.70001220703125,False,188.0,False,True,Sector: Healthcare,0.5,10.97,True,1558.0,1500.0,True,HOLD
VOLTAMP,Voltamp Transformers Limited,Industrials,Electrical Equipment & Parts,10313.5,False,317.0,False,True,Sector: Industrials,22.79,23.59,True,2274.0,2154.0,True,HOLD
SANOFICONR,SANOFICONR,Healthcare,Drug Manufacturers - General,4213.10009765625,False,266.0,True,False,Sector: Healthcare,-29.88,-19.18,False,950.0,878.0,True,EXIT
BBTC,The Bombay Burmah Trading Corporation Limited,Consumer Defensive,Packaged Foods,1436.0,False,2584.0,True,False,Sector: Consumer Defensive,-23.18,-22.88,False,19915.0,19539.0,True,EXIT
BLUEJET,Blue Jet Healthcare Limited,Healthcare,Biotechnology,595.2999877929688,False,235.0,False,True,Sector: Healthcare,-34.86,-24.13,False,886.0,1030.0,False,EXIT
JAINREC,JAINREC,Basic Materials,Other Industrial Metals & Mining,299.75,False,360.0,True,False,Sector: Basic Materials,,,False,10718.0,9543.0,True,EXIT
SAREGAMA,Saregama India Limited,Communication Services,Entertainment,520.2000122070312,False,221.0,True,True,NIFTY MEDIA,9.97,5.15,True,1041.0,1171.0,False,HOLD
FIRSTCRY,FIRSTCRY,Consumer Cyclical,Internet Retail,196.6699981689453,False,-181.0,False,False,Sector: Consumer Cyclical,-45.22,-48.26,False,8792.0,8548.0,True,EXIT
THYROCARE,Thyrocare Technologies Limited,Healthcare,Diagnostics & Research,566.7000122070312,False,176.0,True,True,Sector: Healthcare,20.43,30.75,True,876.0,829.0,True,HOLD
KIRLPNU,Kirloskar Pneumatic Company Limited,Industrials,Specialty Industrial Machinery,739.7999877929688,False,262.0,True,True,Sector: Industrials,15.4,16.22,True,1808.0,1787.0,True,HOLD
AFCONS,AFCONS,Industrials,Engineering & Construction,280.20001220703125,False,144.0,False,False,Sector: Industrials,-38.36,-37.41,False,11249.0,13268.0,False,EXIT
WHIRLPOOL,Whirlpool of India Limited,Consumer Cyclical,"Furnishings, Fixtures & Appliances",775.75,False,252.0,False,False,NIFTY CONSUMER DURABLES,-35.98,-42.76,False,8329.0,8034.0,True,EXIT
RELAXO,Relaxo Footwears Limited,Consumer Cyclical,Footwear & Accessories,374.1000061035156,False,185.0,False,True,Sector: Consumer Cyclical,-17.73,-20.83,False,2753.0,2914.0,False,EXIT
PGHL,Procter & Gamble Health Limited,Healthcare,Drug Manufacturers - Specialty & Generic,5832.5,False,357.0,False,True,Sector: Healthcare,-23.77,-13.12,False,1433.0,1408.0,True,EXIT
FINPIPE,Finolex Industries Limited,Industrials,Building Products & Equipment,158.61000061035156,False,615.0,False,False,Sector: Industrials,-27.48,-26.55,False,3954.0,4647.0,False,EXIT
ZEEL,Zee Entertainment Enterprises Limited,Communication Services,Broadcasting,108.02999877929688,False,202.0,False,True,NIFTY MEDIA,-9.59,-14.4,False,8181.0,8637.0,False,EXIT
WEWORK,WEWORK,Real Estate,Real Estate Services,688.1500244140625,False,85.0,False,True,Sector: Real Estate,,,False,2589.0,2440.0,True,EXIT
ALKYLAMINE,Alkyl Amines Chemicals Limited,Basic Materials,Specialty Chemicals,1923.800048828125,False,225.0,False,True,Sector: Basic Materials,-11.34,-11.27,False,1658.0,1683.0,False,EXIT
INTELLECT,Intellect Design Arena Limited,Technology,Software - Application,685.7000122070312,False,351.0,True,False,Sector: Technology,-29.97,-31.36,False,3182.0,3038.0,True,EXIT
BATAINDIA,Bata India Limited,Consumer Cyclical,Footwear & Accessories,711.2000122070312,False,146.0,False,False,NIFTY CONSUMER DURABLES,-27.98,-35.43,False,3553.0,3516.0,True,EXIT
ELECON,Elecon Engineering Company Limited,Industrials,Specialty Industrial Machinery,451.70001220703125,False,236.0,False,False,Sector: Industrials,-24.49,-23.58,False,2396.0,2366.0,True,EXIT
QPOWER,QPOWER,Industrials,Electrical Equipment & Parts,1334.9000244140625,True,195.0,True,True,Sector: Industrials,66.62,67.33,True,1003.0,947.0,True,ADD
SUVEN,Suven Life Sciences Limited,Healthcare,Drug Manufacturers - Specialty & Generic,373.6000061035156,True,-352.0,False,True,Sector: Healthcare,45.97,56.08,True,9.0,625.0,False,HOLD
PRICOLLTD,Pricol Limited,Consumer Cyclical,Auto Parts,803.6500244140625,True,268.0,True,True,Sector: Consumer Cyclical,80.21,76.86,True,4251.0,4041.0,True,ADD
MMTC,MMTC Limited,Industrials,Conglomerates,66.2699966430664,False,447.0,False,True,Sector: Industrials,-1.49,-0.63,False,3.0,30000.0,False,EXIT
SANDUMA,The Sandur Manganese & Iron Ores Limited,Basic Materials,Steel,196.9499969482422,False,719.0,True,False,Sector: Basic Materials,26.92,26.87,True,5328.0,5088.0,True,HOLD
KRN,KRN,Technology,Electronic Components,1518.300048828125,True,97.0,True,True,Sector: Technology,61.34,59.35,True,737.0,600.0,True,ADD
ESABINDIA,ESAB India Limited,Industrials,Tools & Accessories,6154.0,False,222.0,True,True,Sector: Industrials,11.99,12.83,True,1577.0,1508.0,True,HOLD
TEJASNET,Tejas Networks Limited,Technology,Communication Equipment,509.20001220703125,False,-917.0,False,True,Sector: Technology,-16.17,-17.65,False,1303.0,8923.0,False,EXIT
SWANCORP,Swan Corp Limited,Industrials,Conglomerates,305.54998779296875,False,208.0,False,False,Sector: Industrials,-38.49,-37.53,False,4172.0,5017.0,False,EXIT
TIMETECHNO,Time Technoplast Limited,Consumer Cyclical,Packaging & Containers,191.6300048828125,False,498.0,True,True,Sector: Consumer Cyclical,-19.45,-22.55,False,6445.0,6105.0,True,HOLD
RPOWER,Reliance Power Limited,Utilities,Utilities - Independent Power Producers,22.149999618530273,False,,False,False,NIFTY ENERGY,-64.12,-56.46,False,,,False,EXIT
PCJEWELLER,PC Jeweller Limited,Consumer Cyclical,Luxury Goods,9.609999656677246,False,774.0,True,False,Sector: Consumer Cyclical,-28.0,-31.08,False,3505.0,9610.0,False,EXIT
ELANTAS,ELANTAS Beck India Limited,Basic Materials,Specialty Chemicals,11599.5,False,178.0,True,False,Sector: Basic Materials,,,False,937.0,848.0,True,EXIT
WAAREERTL,Waaree Renewable Technologies Limited,Industrials,Engineering & Construction,880.4000244140625,False,511.0,True,False,Sector: Industrials,-18.57,-17.67,False,3652.0,3331.0,True,EXIT
SGMART,SG Mart Limited,Industrials,Industrial Distribution,805.2000122070312,True,124.0,True,True,Sector: Industrials,,,False,6480.0,6315.0,True,HOLD
TSFINV,TSF Investments Limited,Financial Services,Asset Management,424.70001220703125,False,497.0,False,False,Sector: Financial Services,-18.62,-18.13,False,1112.0,1027.0,True,EXIT
RAILTEL,RailTel Corporation of India Limited,Communication Services,Telecom Services,280.75,False,215.0,False,False,Sector: Communication Services,-1.07,-22.5,False,2225.0,1964.0,True,EXIT
WESTLIFE,Westlife Foodworld Limited,Consumer Cyclical,Restaurants,594.5,False,32.0,False,True,Sector: Consumer Cyclical,-15.76,-18.88,False,2704.0,2626.0,True,EXIT
CYIENT,Cyient Limited,Industrials,Conglomerates,903.0499877929688,False,414.0,False,False,Sector: Industrials,-29.57,-28.64,False,7632.0,7360.0,True,EXIT
SONATSOFTW,Sonata Software Limited,Technology,Information Technology Services,306.0,False,463.0,False,True,Sector: Technology,-15.39,-16.87,False,11015.0,10701.0,True,EXIT
PNGJL,PNGJL,Consumer Cyclical,Luxury Goods,609.4500122070312,False,446.0,True,True,Sector: Consumer Cyclical,6.18,3.01,True,11438.0,10739.0,True,HOLD
TARIL,TARIL,Industrials,Electrical Equipment & Parts,285.1499938964844,False,269.0,False,False,Sector: Industrials,-43.62,-42.66,False,2552.0,2509.0,True,EXIT
STAR,Strides Pharma Science Limited,Healthcare,Drug Manufacturers - Specialty & Generic,993.0,False,634.0,False,True,Sector: Healthcare,-2.16,8.32,False,5004.0,4859.0,True,EXIT
SUDARSCHEM,Sudarshan Chemical Industries Limited,Basic Materials,Specialty Chemicals,1186.5,False,89.0,False,True,Sector: Basic Materials,-20.65,-20.55,False,9922.0,9787.0,True,EXIT
GALAXYSURF,Galaxy Surfactants Limited,Basic Materials,Specialty Chemicals,2318.199951171875,False,354.0,False,True,Sector: Basic Materials,7.16,7.17,True,5752.0,5245.0,True,HOLD
KRBL,KRBL Limited,Consumer Defensive,Packaged Foods,397.25,False,758.0,True,True,Sector: Consumer Defensive,-18.45,-18.18,False,6009.0,6098.0,False,HOLD
BANCOINDIA,Banco Products (India) Limited,Consumer Cyclical,Auto Parts,625.4500122070312,False,495.0,True,False,Sector: Consumer Cyclical,7.75,4.58,True,4110.0,3896.0,True,HOLD
NCC,NCC Limited,Industrials,Engineering & Construction,140.07000732421875,False,748.0,False,False,Sector: Industrials,-39.61,-38.66,False,21456.0,22199.0,False,EXIT
VESUVIUS,Vesuvius India Limited,Industrials,Specialty Industrial Machinery,429.29998779296875,False,256.0,False,False,Sector: Industrials,-20.71,-19.8,False,2134.0,2104.0,True,EXIT
CLEAN,Clean Science and Technology Limited,Basic Materials,Specialty Chemicals,834.7000122070312,False,233.0,False,True,Sector: Basic Materials,-31.35,-31.23,False,982.0,967.0,True,EXIT
BSOFT,Birlasoft Limited,Technology,Information Technology Services,309.0,False,573.0,False,False,Sector: Technology,-19.35,-20.81,False,5404.0,5375.0,True,EXIT
JAYNECOIND,Jayaswal Neco Industries Limited,Basic Materials,Steel,93.68000030517578,False,564.0,False,True,Sector: Basic Materials,46.06,45.96,True,7589.0,7132.0,True,HOLD
LEMONTREE,Lemon Tree Hotels Limited,Consumer Cyclical,Lodging,107.95999908447266,False,298.0,True,False,Sector: Consumer Cyclical,-34.1,-37.17,False,1473.0,1444.0,True,EXIT
TIPSMUSIC,Tips Music Limited,Communication Services,Entertainment,651.0499877929688,False,215.0,False,True,NIFTY MEDIA,13.81,9.0,True,394.0,376.0,True,HOLD
EUREKAFORB,Eureka Forbes Limited,Consumer Cyclical,"Furnishings, Fixtures & Appliances",416.20001220703125,False,181.0,True,False,Sector: Consumer Cyclical,-21.03,-24.13,False,2802.0,2709.0,True,EXIT
EMBDL,Embassy Developments Limited,Real Estate,Real Estate - Diversified,63.08000183105469,False,-944.0,False,False,Sector: Real Estate,-23.56,-39.53,False,1265.0,4944.0,False,EXIT
GENUSPOWER,Genus Power Infrastructures Limited,Industrials,Electrical Equipment & Parts,334.25,False,652.0,True,True,Sector: Industrials,-9.53,-8.65,False,5173.0,4751.0,True,HOLD
EQUITASBNK,Equitas Small Finance Bank Limited,Financial Services,Banks - Regional,76.98999786376953,False,510.0,False,True,Sector: Financial Services,38.1,38.31,True,7106.0,6794.0,True,HOLD
KWIL,KWIL,Consumer Defensive,Packaged Foods,43.470001220703125,True,-335.0,False,False,Sector: Consumer Defensive,,,False,1909.0,0.0,True,EXIT
GRINFRA,G R Infraprojects Limited,Industrials,Engineering & Construction,884.0,False,1016.0,False,False,Sector: Industrials,-33.41,-32.48,False,9195.0,9482.0,False,EXIT
LOTUSDEV,LOTUSDEV,Industrials,Engineering & Construction,166.16000366210938,False,263.0,True,True,Sector: Industrials,-14.23,-13.34,False,840.0,769.0,True,HOLD
PRECWIRE,Precision Wires India Limited,Industrials,Electrical Equipment & Parts,435.70001220703125,False,175.0,True,True,Sector: Industrials,150.16,150.67,True,6127.0,5410.0,True,HOLD
GNFC,Gujarat Narmada Valley Fertilizers & Chemicals Limited,Basic Materials,Chemicals,592.7999877929688,False,1037.0,False,True,Sector: Basic Materials,12.68,12.68,True,8410.0,10227.0,False,HOLD
CELLO,Cello World Limited,Consumer Cyclical,"Furnishings, Fixtures & Appliances",363.6000061035156,False,324.0,False,False,Sector: Consumer Cyclical,-31.46,-34.53,False,2321.0,2324.0,False,EXIT
MAHLIFE,Mahindra Lifespace Developers Limited,Real Estate,Real Estate - Development,377.20001220703125,False,332.0,True,True,Sector: Real Estate,23.9,7.26,True,2108.0,1178.0,True,HOLD
MAHSEAMLES,Maharashtra Seamless Limited,Basic Materials,Steel,610.5999755859375,False,737.0,False,True,Sector: Basic Materials,-10.62,-10.55,False,4620.0,5716.0,False,EXIT
BORORENEW,Borosil Renewables Limited,Technology,Solar,543.0,False,418.0,True,True,Sector: Technology,-1.31,-2.89,False,1615.0,1556.0,True,HOLD
TTKPRESTIG,TTK Prestige Limited,Consumer Cyclical,"Furnishings, Fixtures & Appliances",592.6500244140625,False,190.0,False,True,Sector: Consumer Cyclical,-9.09,-12.22,False,3178.0,2974.0,True,EXIT
YATHARTH,Yatharth Hospital & Trauma Care Services Limited,Healthcare,Medical Care Facilities,847.8499755859375,False,174.0,True,True,Sector: Healthcare,4.68,15.11,True,1334.0,1207.0,True,HOLD
SJS,S.J.S. Enterprises Limited,Consumer Cyclical,Auto Parts,2497.89990234375,True,212.0,True,True,Sector: Consumer Cyclical,85.35,81.99,True,1006.0,955.0,True,ADD
STARCEMENT,Star Cement Limited,Basic Materials,Building Materials,194.3699951171875,False,366.0,False,False,Sector: Basic Materials,-34.15,-34.01,False,3807.0,3776.0,True,EXIT
AVL,Aditya Vision Limited,Consumer Cyclical,Specialty Retail,611.0,False,139.0,True,True,Sector: Consumer Cyclical,20.86,17.65,True,2924.0,2672.0,True,HOLD
RELIGARE,Religare Enterprises Limited,Financial Services,Insurance - Life,231.64999389648438,False,18.0,False,False,Sector: Financial Services,-11.49,-11.03,False,8954.0,8459.0,True,EXIT
KINGFA,Kingfa Science & Technology (India) Limited,Basic Materials,Specialty Chemicals,5857.5,True,226.0,True,True,Sector: Basic Materials,31.44,31.38,True,2222.0,1996.0,True,ADD
GAEL,Gujarat Ambuja Exports Limited,Consumer Defensive,Packaged Foods,183.36000061035156,False,416.0,False,True,Sector: Consumer Defensive,72.38,71.98,True,6032.0,5729.0,True,HOLD
V2RETAIL,V2 Retail Limited,Consumer Cyclical,Apparel Retail,220.0500030517578,False,179.0,True,True,Sector: Consumer Cyclical,22.38,19.17,True,3432.0,3067.0,True,HOLD
RHIM,RHI Magnesita India Limited,Industrials,Metal Fabrication,374.75,False,-354.0,False,False,Sector: Industrials,-27.71,-26.79,False,4074.0,4020.0,True,EXIT
EPL,EPL Limited,Consumer Cyclical,Packaging & Containers,270.1000061035156,False,393.0,False,True,Sector: Consumer Cyclical,15.02,11.83,True,5043.0,4763.0,True,HOLD
MIDHANI,Mishra Dhatu Nigam Limited,Basic Materials,Steel,420.5,False,135.0,False,True,Sector: Basic Materials,8.37,8.38,True,1278.0,1209.0,True,HOLD
SKFINDIA,SKF India Limited,Industrials,Tools & Accessories,1601.699951171875,False,210.0,False,False,Sector: Industrials,-66.51,-65.5,False,3068.0,4920.0,False,EXIT
POWERMECH,Power Mech Projects Limited,Industrials,Engineering & Construction,2455.60009765625,False,420.0,True,True,Sector: Industrials,-26.06,-25.14,False,6392.0,6062.0,True,HOLD
UNIMECH,UNIMECH,Industrials,Aerospace & Defense,1508.300048828125,True,72.0,False,True,Sector: Industrials,36.4,37.17,True,285.0,243.0,True,HOLD
KENNAMET,Kennametal India Limited,Industrials,Tools & Accessories,3719.60009765625,True,117.0,True,False,Sector: Industrials,,,False,1021.0,991.0,True,EXIT
TANLA,Tanla Platforms Limited,Technology,Software - Application,572.7999877929688,False,533.0,False,True,Sector: Technology,-9.13,-10.65,False,4603.0,4418.0,True,EXIT
AARTIPHARM,Aarti Pharmalabs Limited,Healthcare,Drug Manufacturers - Specialty & Generic,829.25,False,213.0,False,True,Sector: Healthcare,-11.06,-0.51,False,1969.0,2115.0,False,EXIT
IXIGO,IXIGO,Consumer Cyclical,Travel Services,170.4499969482422,False,87.0,True,False,Sector: Consumer Cyclical,-37.3,-40.36,False,1267.0,1228.0,True,EXIT
GPPL,Gujarat Pipavav Port Limited,Industrials,Marine Shipping,164.80999755859375,False,559.0,True,True,Sector: Industrials,2.66,3.51,True,1240.0,1158.0,True,HOLD
SFL,Sheela Foam Limited,Consumer Cyclical,"Furnishings, Fixtures & Appliances",666.2000122070312,False,217.0,False,True,Sector: Consumer Cyclical,-1.98,-5.13,False,4031.0,3821.0,True,EXIT
WELENT,Welspun Enterprises Limited,Industrials,Engineering & Construction,584.6500244140625,False,348.0,False,True,Sector: Industrials,21.34,22.15,True,3544.0,3695.0,False,HOLD
DYNAMATECH,Dynamatic Technologies Limited,Consumer Cyclical,Auto Parts,11765.0,False,42.0,False,True,Sector: Consumer Cyclical,79.15,75.8,True,1675.0,1626.0,True,HOLD
GMRP&UI,GMR Power And Urban Infra Limited,Energy,Thermal Coal,98.55999755859375,False,585.0,False,False,Sector: Energy,-33.56,-19.29,False,7389.0,7332.0,True,EXIT
IMFA,Indian Metals and Ferro Alloys Limited,Basic Materials,Other Industrial Metals & Mining,1421.9000244140625,False,525.0,True,True,Sector: Basic Materials,66.74,66.58,True,3145.0,2826.0,True,HOLD
CERA,Cera Sanitaryware Limited,Industrials,Building Products & Equipment,5858.5,False,248.0,False,True,Sector: Industrials,-12.97,-12.08,False,1948.0,1926.0,True,EXIT
NEWGEN,Newgen Software Technologies Limited,Technology,Software - Infrastructure,527.3499755859375,False,314.0,False,False,Sector: Technology,-40.17,-41.49,False,1610.0,1574.0,True,EXIT
SAPPHIRE,Sapphire Foods India Limited,Consumer Cyclical,Restaurants,241.35000610351562,False,-16.0,False,True,Sector: Consumer Cyclical,-25.25,-28.34,False,3239.0,3125.0,True,EXIT
TTML,Tata Teleservices (Maharashtra) Limited,Communication Services,Telecom Services,37.45000076293945,False,38.0,True,False,Sector: Communication Services,-16.18,-37.38,False,1178.0,2972.0,False,EXIT
ORKLAINDIA,ORKLAINDIA,Consumer Defensive,Packaged Foods,550.3499755859375,False,294.0,False,False,Sector: Consumer Defensive,,,False,2571.0,2509.0,True,EXIT
ICIL,Indo Count Industries Limited,Consumer Cyclical,Textile Manufacturing,435.1000061035156,True,151.0,False,True,Sector: Consumer Cyclical,77.39,74.05,True,4390.0,4151.0,True,HOLD
INOXGREEN,Inox Green Energy Services Limited,Utilities,Utilities - Renewable,175.0800018310547,False,122.0,True,False,Sector: Utilities,43.29,14.12,True,276.0,368.0,False,HOLD
SANOFI,Sanofi India Limited,Healthcare,Drug Manufacturers - General,3321.0,False,324.0,False,False,Sector: Healthcare,-49.66,-38.82,False,1805.0,3071.0,False,EXIT
SMLMAH,SMLMAH,Consumer Cyclical,Auto Manufacturers,5159.5,False,156.0,False,True,Sector: Consumer Cyclical,18.62,15.42,True,2950.0,2838.0,True,HOLD
MBAPL,Madhya Bharat Agro Products Limited,Basic Materials,Agricultural Inputs,163.41000366210938,True,155.0,True,True,Sector: Basic Materials,83.69,83.48,True,1874.0,1866.0,True,ADD
BECTORFOOD,Mrs. Bectors Food Specialities Limited,Consumer Defensive,Packaged Foods,258.0199890136719,False,149.0,True,True,Sector: Consumer Defensive,-7.99,-7.8,False,2119.0,2044.0,True,HOLD
GARFIBRES,Garware Technical Fibres Limited,Consumer Cyclical,Textile Manufacturing,760.25,False,210.0,False,True,Sector: Consumer Cyclical,-3.9,-7.04,False,1644.0,1540.0,True,EXIT
ETHOSLTD,Ethos Limited,Consumer Cyclical,Luxury Goods,2867.60009765625,False,106.0,True,True,Sector: Consumer Cyclical,10.85,7.67,True,1728.0,1612.0,True,HOLD
SAFARI,Safari Industries (India) Limited,Consumer Cyclical,Footwear & Accessories,1490.199951171875,False,165.0,False,False,Sector: Consumer Cyclical,-26.21,-29.3,False,2108.0,2047.0,True,EXIT
JYOTHYLAB,Jyothy Labs Limited,Consumer Defensive,Household & Personal Products,208.4600067138672,False,284.0,False,False,Sector: Consumer Defensive,-40.69,-40.26,False,2966.0,2944.0,True,EXIT
NESCO,Nesco Limited,Industrials,Conglomerates,1032.5999755859375,False,417.0,True,False,Sector: Industrials,-31.14,-30.21,False,951.0,932.0,True,EXIT
INDIASHLTR,India Shelter Finance Corporation Limited,Financial Services,Mortgage Finance,675.2999877929688,False,529.0,True,False,Sector: Financial Services,-28.81,-28.27,False,1601.0,1530.0,True,EXIT
EMIL,Electronics Mart India Limited,Consumer Cyclical,Specialty Retail,191.05999755859375,False,206.0,True,True,Sector: Consumer Cyclical,47.48,44.21,True,7863.0,7183.0,True,HOLD
MAXESTATES,MAXESTATES,Real Estate,Real Estate - Development,499.8500061035156,False,12.0,False,True,Sector: Real Estate,22.96,6.34,True,200.0,199.0,True,HOLD
SUPRAJIT,Suprajit Engineering Limited,Consumer Cyclical,Auto Parts,511.3500061035156,False,187.0,True,True,Sector: Consumer Cyclical,15.21,12.02,True,4031.0,3825.0,True,HOLD
HNDFDS,Hindustan Foods Limited,Industrials,Conglomerates,653.25,True,158.0,True,True,Sector: Industrials,19.94,20.75,True,4400.0,4251.0,True,ADD
OMNI,OMNI,Industrials,Specialty Industrial Machinery,574.0,False,104.0,True,False,Sector: Industrials,,,False,575.0,511.0,True,EXIT
KIRLFER,Kirloskar Ferrous Industries Limited,Industrials,Metal Fabrication,444.04998779296875,False,349.0,False,False,Sector: Industrials,,,False,6962.0,6889.0,True,EXIT
INDIAGLYCO,India Glycols Limited,Basic Materials,Chemicals,1101.9000244140625,False,316.0,False,True,Sector: Basic Materials,25.73,25.69,True,4301.0,4211.0,True,HOLD
SHARDACROP,Sharda Cropchem Limited,Basic Materials,Agricultural Inputs,763.4500122070312,False,626.0,False,False,Sector: Basic Materials,-22.8,-22.7,False,5357.0,5268.0,True,EXIT
HMT,HMT Limited,Industrials,Farm & Heavy Construction Machinery,60.5099983215332,False,-133.0,False,True,Sector: Industrials,4.96,5.81,True,147.0,275.0,False,HOLD
RBA,Restaurant Brands Asia Limited,Consumer Cyclical,Restaurants,105.20999908447266,False,-192.0,True,True,Sector: Consumer Cyclical,31.4,28.16,True,2948.0,2823.0,True,HOLD
TCI,Transport Corporation of India Limited,Industrials,Integrated Freight & Logistics,906.5499877929688,False,460.0,True,False,Sector: Industrials,-25.01,-24.09,False,5026.0,4917.0,True,EXIT
RAIN,Rain Industries Limited,Basic Materials,Specialty Chemicals,204.9199981689453,False,667.0,False,True,Sector: Basic Materials,29.97,29.91,True,18464.0,21011.0,False,HOLD
NEPHROPLUS,NEPHROPLUS,Healthcare,Medical Care Facilities,674.1500244140625,False,85.0,True,False,Sector: Healthcare,,,False,1053.0,999.0,True,EXIT
TIIL,Technocraft Industries (India) Limited,Industrials,Tools & Accessories,3200.199951171875,False,348.0,True,True,Sector: Industrials,14.06,14.89,True,2931.0,2759.0,True,HOLD
KSHINTL,KSHINTL,Industrials,Electrical Equipment & Parts,1011.2999877929688,True,130.0,True,False,Sector: Industrials,,,False,3712.0,3107.0,True,EXIT
BIRLACORPN,Birla Corporation Limited,Basic Materials,Building Materials,891.5,False,554.0,False,False,Sector: Basic Materials,-33.08,-32.95,False,9848.0,9656.0,True,EXIT
GANESHHOU,Ganesh Housing Limited,Real Estate,Real Estate - Development,826.7999877929688,False,265.0,False,True,Sector: Real Estate,8.47,-7.95,False,640.0,959.0,False,EXIT
POWERICA,POWERICA,Industrials,Specialty Industrial Machinery,533.9000244140625,False,291.0,True,False,Sector: Industrials,,,False,3176.0,3012.0,True,EXIT
BALAMINES,Balaji Amines Limited,Basic Materials,Specialty Chemicals,2078.89990234375,False,211.0,False,True,Sector: Basic Materials,34.31,34.24,True,1523.0,2346.0,False,HOLD
JKPAPER,JK Paper Limited,Basic Materials,Paper & Paper Products,389.6000061035156,False,327.0,False,True,Sector: Basic Materials,7.25,7.27,True,7319.0,7076.0,True,HOLD
RCF,Rashtriya Chemicals and Fertilizers Limited,Basic Materials,Agricultural Inputs,118.41999816894531,False,447.0,False,False,Sector: Basic Materials,-24.35,-24.25,False,18695.0,21452.0,False,EXIT
GOKULAGRO,Gokul Agro Resources Limited,Consumer Defensive,Packaged Foods,243.69000244140625,True,420.0,True,True,Sector: Consumer Defensive,44.69,44.5,True,24435.0,24077.0,True,ADD
JKLAKSHMI,JK Lakshmi Cement Limited,Basic Materials,Building Materials,557.9000244140625,False,371.0,False,False,Sector: Basic Materials,-42.97,-42.81,False,6926.0,6788.0,True,EXIT
ABFRL,Aditya Birla Fashion and Retail Limited,Consumer Cyclical,Apparel Manufacturing,54.75,False,-845.0,False,False,Sector: Consumer Cyclical,-30.69,-33.77,False,8371.0,12418.0,False,EXIT
SENORES,SENORES,Healthcare,Drug Manufacturers - General,1513.300048828125,True,131.0,True,True,Sector: Healthcare,102.63,112.32,True,688.0,633.0,True,ADD
REDTAPE,REDTAPE Limited,Consumer Cyclical,Footwear & Accessories,123.9800033569336,False,246.0,True,False,Sector: Consumer Cyclical,2.42,-0.74,False,2436.0,2419.0,True,EXIT
KMEW,Knowledge Marine & Engineering Works Limited,Industrials,Marine Shipping,2691.800048828125,True,131.0,True,True,Sector: Industrials,181.09,181.52,True,323.0,256.0,True,ADD
DBL,Dilip Buildcon Limited,Industrials,Engineering & Construction,415.0,False,1255.0,False,False,Sector: Industrials,-17.07,-16.17,False,8741.0,12012.0,False,EXIT
DODLA,Dodla Dairy Limited,Consumer Defensive,Food Distribution,1138.0,False,245.0,False,False,Sector: Consumer Defensive,-17.97,-17.7,False,4316.0,4125.0,True,EXIT
CAMPUS,Campus Activewear Limited,Consumer Cyclical,Footwear & Accessories,223.11000061035156,False,154.0,True,False,Sector: Consumer Cyclical,-15.89,-19.0,False,1816.0,1774.0,True,EXIT
AJAXENGG,AJAXENGG,Industrials,Farm & Heavy Construction Machinery,566.4000244140625,False,228.0,False,True,Sector: Industrials,-21.56,-20.65,False,2111.0,2103.0,True,EXIT
KOVAI,Kovai Medical Center and Hospital Limited,Healthcare,Medical Care Facilities,6066.5,True,256.0,True,False,Sector: Healthcare,,,False,1644.0,1586.0,True,EXIT
STYL,STYL,Technology,Software - Infrastructure,401.3500061035156,False,264.0,True,True,Sector: Technology,,,False,1507.0,1558.0,False,HOLD
RPEL,Raghav Productivity Enhancers Limited,Basic Materials,Chemicals,1614.699951171875,True,63.0,True,True,Sector: Basic Materials,169.35,168.89,True,286.0,257.0,True,ADD
BAJAJCON,Bajaj Consumer Care Limited,Consumer Defensive,Household & Personal Products,486.95001220703125,False,223.0,True,True,Sector: Consumer Defensive,115.74,115.03,True,1240.0,1165.0,True,HOLD
JSLL,JSLL,Healthcare,Medical Care Facilities,506.20001220703125,False,236.0,True,False,Sector: Healthcare,-41.19,-30.41,False,851.0,801.0,True,EXIT
EBGNG,EBGNG,Technology,Computer Hardware,624.75,False,142.0,True,True,Sector: Technology,81.46,79.35,True,1991.0,1891.0,True,HOLD
JAIBALAJI,Jai Balaji Industries Limited,Basic Materials,Steel,66.08000183105469,False,293.0,False,False,Sector: Basic Materials,-35.45,-35.31,False,5786.0,6414.0,False,EXIT
VMART,V-Mart Retail Limited,Consumer Cyclical,Department Stores,806.7000122070312,False,138.0,True,True,Sector: Consumer Cyclical,5.74,2.57,True,3993.0,3789.0,True,HOLD
SPARC,Sun Pharma Advanced Research Company Limited,Healthcare,Drug Manufacturers - Specialty & Generic,199.58999633789062,False,1584.0,True,True,Sector: Healthcare,23.62,33.91,True,1909.0,1879.0,True,HOLD
GREENLAM,Greenlam Industries Limited,Consumer Cyclical,"Furnishings, Fixtures & Appliances",256.20001220703125,False,93.0,False,True,Sector: Consumer Cyclical,11.42,8.24,True,3169.0,3046.0,True,HOLD
SUNFLAG,Sunflag Iron and Steel Company Limited,Basic Materials,Steel,358.1499938964844,False,206.0,False,True,Sector: Basic Materials,14.88,14.87,True,3995.0,3939.0,True,HOLD
GSFC,Gujarat State Fertilizers & Chemicals Limited,Basic Materials,Agricultural Inputs,160.61000061035156,False,693.0,False,False,Sector: Basic Materials,-26.57,-26.46,False,12344.0,11369.0,True,EXIT
LEAPIND,LEAP India Limited,Industrials,Integrated Freight & Logistics,166.66000366210938,True,,False,False,Sector: Industrials,,,False,,,False,EXIT
SUPRIYA,Supriya Lifescience Limited,Healthcare,Biotechnology,811.7000122070312,False,198.0,False,True,Sector: Healthcare,4.52,14.95,True,873.0,828.0,True,HOLD
PICCADIL,Piccadily Agro Industries Limited,Consumer Defensive,Beverages - Wineries & Distilleries,709.4000244140625,False,141.0,True,True,Sector: Consumer Defensive,14.98,15.0,True,1075.0,1038.0,True,HOLD
KUSUMGAR,KUSUMGAR,Consumer Cyclical,Textile Manufacturing,572.5,False,,False,False,Sector: Consumer Cyclical,,,False,,,False,EXIT
AXISCADES,AXISCADES Technologies Limited,Industrials,Engineering & Construction,1600.5999755859375,False,36.0,False,True,Sector: Industrials,29.58,30.38,True,934.0,1031.0,False,HOLD
HAPPSTMNDS,Happiest Minds Technologies Limited,Technology,Information Technology Services,414.29998779296875,False,223.0,False,True,Sector: Technology,-28.97,-30.36,False,2394.0,2315.0,True,EXIT
KPIGREEN,KPI Green Energy Limited,Utilities,Utilities - Renewable,307.04998779296875,False,493.0,False,False,Sector: Utilities,-18.17,-43.93,False,2787.0,2696.0,True,EXIT
TRANSRAILL,TRANSRAILL,Industrials,Engineering & Construction,459.8500061035156,False,405.0,True,False,Sector: Industrials,-45.06,-44.09,False,6956.0,6880.0,True,EXIT
PAISALO,Paisalo Digital Limited,Financial Services,Credit Services,69.94999694824219,False,251.0,True,True,Sector: Financial Services,126.25,126.03,True,985.0,944.0,True,HOLD
ACI,Archean Chemical Industries Limited,Basic Materials,Chemicals,499.95001220703125,False,96.0,False,False,Sector: Basic Materials,-28.14,-28.03,False,1116.0,1441.0,False,EXIT
FIEMIND,Fiem Industries Limited,Consumer Cyclical,Auto Parts,2190.60009765625,False,263.0,True,False,Sector: Consumer Cyclical,10.43,7.25,True,2932.0,2816.0,True,HOLD
STYLAMIND,Stylam Industries Limited,Consumer Cyclical,"Furnishings, Fixtures & Appliances",3617.300048828125,True,170.0,True,True,Sector: Consumer Cyclical,125.41,121.94,True,1173.0,1129.0,True,ADD
SHAKTIPUMP,Shakti Pumps (India) Limited,Industrials,Specialty Industrial Machinery,506.20001220703125,False,212.0,False,False,Sector: Industrials,-45.13,-44.17,False,2934.0,2698.0,True,EXIT
ENTERO,Entero Healthcare Solutions Limited,Healthcare,Medical Distribution,1408.4000244140625,False,168.0,True,True,Sector: Healthcare,-1.84,8.64,False,7128.0,6591.0,True,HOLD
PRAJIND,Praj Industries Limited,Industrials,Engineering & Construction,358.45001220703125,False,30.0,False,True,Sector: Industrials,-16.24,-15.34,False,3244.0,3528.0,False,EXIT
JSFB,Jana Small Finance Bank Limited,Financial Services,Banks - Regional,562.8499755859375,False,380.0,False,True,Sector: Financial Services,13.71,14.04,True,5637.0,5353.0,True,HOLD
AEROFLEX,Aeroflex Industries Limited,Industrials,Metal Fabrication,475.29998779296875,False,67.0,True,True,Sector: Industrials,157.72,158.21,True,503.0,442.0,True,HOLD
SIS,SIS Limited,Industrials,Security & Protection Services,413.20001220703125,False,147.0,False,True,Sector: Industrials,11.21,12.04,True,17037.0,15982.0,True,HOLD
DBREALTY,Valor Estate Limited,Real Estate,Real Estate - Development,104.69999694824219,False,12.0,False,False,Sector: Real Estate,-26.64,-42.57,False,864.0,1593.0,False,EXIT
CORDELIA,CORDELIA,Industrials,Marine Shipping,907.75,True,,False,False,Sector: Industrials,,,False,,,False,EXIT
IBULLSLTD,IBULLSLTD,Real Estate,Real Estate - Development,25.75,False,489.0,True,True,Sector: Real Estate,81.28,63.83,True,1101.0,833.0,True,HOLD
NEOGEN,Neogen Chemicals Limited,Basic Materials,Specialty Chemicals,2259.10009765625,True,36.0,False,True,Sector: Basic Materials,58.96,58.82,True,926.0,862.0,True,HOLD
SETL,Standard Engineering Technology Limited,Industrials,Specialty Industrial Machinery,304.95001220703125,True,89.0,True,True,Sector: Industrials,64.33,65.03,True,849.0,774.0,True,ADD
SBCL,Shivalik Bimetal Controls Limited,Industrials,Metal Fabrication,1025.3499755859375,False,106.0,True,True,Sector: Industrials,90.69,91.34,True,616.0,571.0,True,HOLD
ARVINDFASN,Arvind Fashions Limited,Consumer Cyclical,Apparel Retail,428.29998779296875,False,186.0,True,False,Sector: Consumer Cyclical,-13.52,-16.64,False,5437.0,5266.0,True,EXIT
ITDC,India Tourism Development Corporation Limited,Consumer Cyclical,Lodging,687.5499877929688,False,82.0,True,True,Sector: Consumer Cyclical,25.38,22.17,True,535.0,570.0,False,HOLD
SKIPPER,Skipper Limited,Industrials,Engineering & Construction,555.4500122070312,False,225.0,True,True,Sector: Industrials,-1.38,-0.52,False,5609.0,5553.0,True,HOLD
INNOVACAP,Innova Captab Limited,Healthcare,Drug Manufacturers - Specialty & Generic,1084.199951171875,False,154.0,True,True,Sector: Healthcare,6.73,17.15,True,1749.0,1630.0,True,HOLD
LATENTVIEW,Latent View Analytics Limited,Industrials,Consulting Services,281.75,False,199.0,False,False,Sector: Industrials,-35.96,-35.01,False,1111.0,1060.0,True,EXIT
KRISHANA,Krishana Phoschem Limited,Basic Materials,Agricultural Inputs,196.52000427246094,True,197.0,True,True,Sector: Basic Materials,61.56,61.42,True,2555.0,2418.0,True,ADD
KALPATARU,KALPATARU,Real Estate,Real Estate - Development,288.3500061035156,False,103.0,True,False,Sector: Real Estate,-12.31,-28.44,False,3465.0,3633.0,False,EXIT
TRIVENI,Triveni Engineering & Industries Limited,Consumer Defensive,Confectioners,300.04998779296875,False,270.0,False,False,Sector: Consumer Defensive,-14.21,-13.97,False,6173.0,6290.0,False,EXIT
DCBBANK,DCB Bank Limited,Financial Services,Banks - Regional,188.61000061035156,False,788.0,True,True,Sector: Financial Services,51.01,51.16,True,7575.0,7404.0,True,HOLD
VIKRAMSOLR,VIKRAMSOLR,Technology,Solar,171.99000549316406,False,357.0,False,False,Sector: Technology,,,False,5232.0,4803.0,True,EXIT
JUSTDIAL,Just Dial Limited,Communication Services,Internet Content & Information,680.6500244140625,False,504.0,False,True,Sector: Communication Services,0.54,-20.92,False,1243.0,1214.0,True,EXIT
ALOKINDS,Alok Industries Limited,Consumer Cyclical,Textile Manufacturing,11.539999961853027,False,-711.0,False,False,Sector: Consumer Cyclical,-37.11,-40.18,False,3775.0,24153.0,False,EXIT
FDC,FDC Limited,Healthcare,Drug Manufacturers - Specialty & Generic,350.1499938964844,False,293.0,False,False,Sector: Healthcare,-38.65,-27.88,False,2190.0,2171.0,True,EXIT
ASHAPURMIN,Ashapura Minechem Limited,Basic Materials,Other Industrial Metals & Mining,599.9500122070312,False,411.0,False,False,Sector: Basic Materials,15.48,15.47,True,5498.0,5237.0,True,EXIT
GULFOILLUB,Gulf Oil Lubricants India Limited,Basic Materials,Specialty Chemicals,1151.300048828125,False,371.0,True,True,Sector: Basic Materials,-8.16,-8.1,False,4367.0,4056.0,True,HOLD
GOKEX,Gokaldas Exports Limited,Consumer Cyclical,Apparel Manufacturing,799.9000244140625,False,103.0,False,True,Sector: Consumer Cyclical,4.68,1.51,True,4185.0,3988.0,True,HOLD
UNIVCABLES,Universal Cables Limited,Industrials,Electrical Equipment & Parts,1644.199951171875,False,200.0,True,True,Sector: Industrials,137.12,137.66,True,3368.0,3022.0,True,HOLD
MASTEK,Mastek Limited,Technology,Information Technology Services,1693.5,False,418.0,True,False,Sector: Technology,-29.29,-30.68,False,3769.0,3699.0,True,EXIT
BALUFORGE,Balu Forge Industries Limited,Industrials,Metal Fabrication,546.75,False,268.0,True,True,Sector: Industrials,-16.44,-15.54,False,1175.0,1107.0,True,HOLD
FEDFINA,Fedbank Financial Services Limited,Financial Services,Credit Services,154.02999877929688,False,383.0,True,True,Sector: Financial Services,6.26,6.63,True,2377.0,2224.0,True,HOLD
NIRLON,Nirlon Limited,Real Estate,Real Estate Services,624.5999755859375,True,357.0,True,False,Sector: Real Estate,,,False,674.0,669.0,True,EXIT
AHLUCONT,Ahluwalia Contracts (India) Limited,Industrials,Engineering & Construction,693.5,False,225.0,False,False,Sector: Industrials,-19.43,-18.52,False,4686.0,4565.0,True,EXIT
IFBIND,IFB Industries Limited,Consumer Cyclical,"Furnishings, Fixtures & Appliances",1402.9000244140625,False,160.0,True,True,Sector: Consumer Cyclical,-6.67,-9.8,False,5866.0,5619.0,True,HOLD
SENCO,Senco Gold Limited,Consumer Cyclical,Luxury Goods,336.29998779296875,False,571.0,False,True,Sector: Consumer Cyclical,-10.0,-13.13,False,9660.0,8430.0,True,EXIT
PNCINFRA,PNC Infratech Limited,Industrials,Engineering & Construction,209.33999633789062,False,732.0,False,False,Sector: Industrials,-34.04,-33.1,False,5634.0,8650.0,False,EXIT
SMARTWORKS,SMARTWORKS,Real Estate,Real Estate Services,511.29998779296875,False,28.0,True,True,Sector: Real Estate,18.86,2.29,True,1963.0,1796.0,True,HOLD
MOIL,MOIL Limited,Basic Materials,Other Industrial Metals & Mining,252.75,False,74.0,False,False,Sector: Basic Materials,-20.51,-20.41,False,976.0,1438.0,False,EXIT
VADILALIND,Vadilal Industries Limited,Consumer Defensive,Packaged Foods,7402.0,True,219.0,True,True,Sector: Consumer Defensive,46.22,46.02,True,1676.0,1503.0,True,ADD
CEIGALL,CEIGALL,Industrials,Engineering & Construction,312.79998779296875,False,321.0,True,True,Sector: Industrials,19.08,19.9,True,4154.0,4022.0,True,HOLD
CYIENTDLM,Cyient DLM Limited,Industrials,Aerospace & Defense,730.25,False,82.0,True,True,Sector: Industrials,63.02,63.73,True,1357.0,1520.0,False,HOLD
BLISSGVS,Bliss GVS Pharma Limited,Healthcare,Drug Manufacturers - Specialty & Generic,580.1500244140625,True,142.0,True,True,Sector: Healthcare,221.62,230.4,True,1005.0,927.0,True,ADD
GOLDIAM,Goldiam International Limited,Consumer Cyclical,Luxury Goods,363.1499938964844,False,211.0,True,True,Sector: Consumer Cyclical,38.93,35.68,True,1073.0,977.0,True,HOLD
RPTECH,Rashi Peripherals Limited,Technology,Electronics & Computer Distribution,856.1500244140625,False,325.0,True,True,Sector: Technology,208.23,205.28,True,17777.0,15827.0,True,HOLD
INDIGOPNTS,Indigo Paints Limited,Basic Materials,Specialty Chemicals,1130.699951171875,False,163.0,True,True,Sector: Basic Materials,-2.75,-2.71,False,1466.0,1405.0,True,HOLD
MASFIN,MAS Financial Services Limited,Financial Services,Credit Services,300.25,False,399.0,True,False,Sector: Financial Services,-5.03,-4.61,False,2092.0,1998.0,True,EXIT
TVSSCS,TVS Supply Chain Solutions Limited,Industrials,Integrated Freight & Logistics,123.33000183105469,False,68.0,False,True,Sector: Industrials,-10.57,-9.68,False,11746.0,11003.0,True,EXIT
TFCILTD,Tourism Finance Corporation of India Limited,Financial Services,Credit Services,132.75999450683594,True,85.0,True,True,Sector: Financial Services,110.67,110.53,True,232.0,266.0,False,ADD
SAATVIKGL,Saatvik Green Energy Limited,Technology,Solar,401.0,False,246.0,False,False,Sector: Technology,,,False,4144.0,4548.0,False,EXIT
CSBBANK,CSB Bank Limited,Financial Services,Banks - Regional,320.8999938964844,False,665.0,True,False,Sector: Financial Services,-25.13,-24.61,False,4752.0,4505.0,True,EXIT
MAPMYINDIA,C. E. Info Systems Limited,Technology,Software - Infrastructure,1007.2000122070312,False,138.0,False,False,Sector: Technology,-43.72,-45.02,False,492.0,474.0,True,EXIT
LUMAXIND,Lumax Industries Limited,Consumer Cyclical,Auto Parts,5808.0,False,187.0,True,True,Sector: Consumer Cyclical,50.67,47.39,True,4485.0,4184.0,True,HOLD
ISGEC,Isgec Heavy Engineering Limited,Industrials,Specialty Industrial Machinery,761.75,False,243.0,False,False,Sector: Industrials,-27.88,-26.95,False,7458.0,6789.0,True,EXIT
CCAVENUE,AvenuesAI Limited,Technology,Software - Infrastructure,14.949999809265137,False,321.0,True,False,Sector: Technology,-8.78,-10.3,False,9516.0,8116.0,True,EXIT
ORCHPHARMA,Orchid Pharma Limited,Healthcare,Drug Manufacturers - Specialty & Generic,980.0499877929688,False,11.0,False,True,Sector: Healthcare,14.93,25.29,True,1073.0,1747.0,False,HOLD
PRSMJOHNSN,Prism Johnson Limited,Basic Materials,Building Materials,109.87999725341797,False,148.0,False,False,Sector: Basic Materials,-28.14,-28.02,False,7554.0,7427.0,True,EXIT
PDSL,PDS Limited,Industrials,Specialty Business Services,370.1499938964844,False,186.0,False,True,Sector: Industrials,9.63,10.47,True,13554.0,13110.0,True,HOLD
CENTUM,Centum Electronics Limited,Technology,Electronic Components,3446.0,False,49.0,False,True,Sector: Technology,20.9,19.19,True,1059.0,1091.0,False,HOLD
KISSHT,KISSHT,Financial Services,Credit Services,302.6499938964844,False,,False,False,Sector: Financial Services,,,False,,,False,EXIT
HCC,Hindustan Construction Company Limited,Industrials,Engineering & Construction,21.219999313354492,False,166.0,False,True,Sector: Industrials,-26.16,-25.24,False,3872.0,10668.0,False,EXIT
VRLLOG,VRL Logistics Limited,Industrials,Trucking,295.45001220703125,False,267.0,False,True,Sector: Industrials,2.8,3.66,True,3356.0,3221.0,True,HOLD
PURVA,Puravankara Limited,Real Estate,Real Estate - Development,216.39999389648438,False,151.0,True,False,Sector: Real Estate,-7.31,-23.51,False,4064.0,3740.0,True,EXIT
GVPIL,GE Power India Limited,Industrials,Engineering & Construction,666.7000122070312,False,272.0,True,True,Sector: Industrials,85.57,86.23,True,1291.0,3343.0,False,HOLD
CARERATING,CARE Ratings Limited,Financial Services,Financial Data & Stock Exchanges,1698.9000244140625,False,180.0,True,True,Sector: Financial Services,4.07,4.45,True,491.0,473.0,True,HOLD
SHARDAMOTR,Sharda Motor Industries Limited,Consumer Cyclical,Auto Parts,922.4000244140625,False,332.0,False,True,Sector: Consumer Cyclical,-11.49,-14.61,False,3652.0,3397.0,True,EXIT
GUJALKALI,Gujarat Alkalies and Chemicals Limited,Basic Materials,Chemicals,676.8499755859375,False,66.0,False,True,Sector: Basic Materials,16.63,16.61,True,4498.0,4516.0,False,HOLD
DATAMATICS,Datamatics Global Services Limited,Technology,Information Technology Services,820.9000244140625,False,217.0,True,True,Sector: Technology,-13.37,-14.86,False,2034.0,1987.0,True,HOLD
CRAMC,CRAMC,Financial Services,Asset Management,264.29998779296875,False,218.0,True,False,Sector: Financial Services,,,False,478.0,454.0,True,EXIT
LGBBROSLTD,L.G. Balakrishnan & Bros Limited,Consumer Cyclical,Auto Parts,1599.5999755859375,False,319.0,True,False,Sector: Consumer Cyclical,22.94,19.73,True,3217.0,3076.0,True,HOLD
YASHO,Yasho Industries Limited,Basic Materials,Specialty Chemicals,4284.2001953125,False,58.0,False,True,Sector: Basic Materials,180.22,179.73,True,939.0,830.0,True,HOLD
ICRA,ICRA Limited,Financial Services,Financial Data & Stock Exchanges,4867.2001953125,False,196.0,True,False,Sector: Financial Services,-22.45,-21.94,False,638.0,600.0,True,EXIT
FCL,Fineotex Chemical Limited,Basic Materials,Specialty Chemicals,43.54999923706055,True,148.0,True,True,Sector: Basic Materials,73.14,72.96,True,1012.0,772.0,True,ADD
QUESS,Quess Corp Limited,Industrials,Staffing & Employment Services,338.25,False,253.0,False,True,Sector: Industrials,23.62,24.43,True,15835.0,17158.0,False,HOLD
PILANIINVS,Pilani Investment and Industries Corporation Limited,Financial Services,Asset Management,4309.5,False,-12.0,False,False,Sector: Financial Services,-15.62,-15.15,False,248.0,305.0,False,EXIT
OPTIEMUS,Optiemus Infracom Limited,Technology,Electronics & Computer Distribution,551.75,False,73.0,False,True,Sector: Technology,-9.22,-10.74,False,2216.0,2570.0,False,EXIT
THOMASCOOK,Thomas Cook (India) Limited,Consumer Cyclical,Travel Services,101.58000183105469,False,211.0,False,False,Sector: Consumer Cyclical,-39.14,-42.19,False,8082.0,11248.0,False,EXIT
BANSALWIRE,BANSALWIRE,Basic Materials,Steel,322.75,False,142.0,False,True,Sector: Basic Materials,-15.98,-15.9,False,4389.0,4160.0,True,EXIT
SUBROS,Subros Limited,Consumer Cyclical,Auto Parts,735.5499877929688,False,166.0,True,False,Sector: Consumer Cyclical,-11.07,-14.2,False,3909.0,3756.0,True,EXIT
JAMNAAUTO,Jamna Auto Industries Limited,Consumer Cyclical,Auto Parts,121.43000030517578,False,234.0,True,False,Sector: Consumer Cyclical,17.14,13.94,True,2650.0,2612.0,True,HOLD
SSWL,Steel Strips Wheels Limited,Consumer Cyclical,Auto Parts,304.79998779296875,False,212.0,False,True,Sector: Consumer Cyclical,49.7,46.42,True,5506.0,5183.0,True,HOLD
MARINE,Marine Electricals (India) Limited,Industrials,Electrical Equipment & Parts,373.25,True,65.0,True,True,Sector: Industrials,113.45,114.05,True,969.0,877.0,True,ADD
LXCHEM,Laxmi Organic Industries Limited,Basic Materials,Specialty Chemicals,174.50999450683594,False,126.0,False,True,Sector: Basic Materials,-22.52,-22.42,False,3122.0,3084.0,True,EXIT
IOLCP,IOL Chemicals and Pharmaceuticals Limited,Healthcare,Drug Manufacturers - Specialty & Generic,163.75,False,168.0,True,True,Sector: Healthcare,54.8,64.85,True,2524.0,2319.0,True,HOLD
SURYAROSNI,Surya Roshni Limited,Basic Materials,Steel,218.52999877929688,False,312.0,False,False,Sector: Basic Materials,-27.24,-27.13,False,7982.0,7997.0,False,EXIT
KDDL,KDDL Limited,Consumer Cyclical,Luxury Goods,3942.699951171875,True,150.0,True,True,Sector: Consumer Cyclical,61.4,58.09,True,2322.0,2153.0,True,ADD
SOTL,Savita Oil Technologies Limited,Basic Materials,Specialty Chemicals,688.5499877929688,False,414.0,True,True,Sector: Basic Materials,74.05,73.87,True,4853.0,4360.0,True,HOLD
PTC,PTC India Limited,Utilities,Utilities - Independent Power Producers,157.0500030517578,False,587.0,False,False,Sector: Utilities,9.11,-18.17,False,17535.0,18346.0,False,EXIT
MPSLTD,MPS Limited,Communication Services,Publishing,2917.39990234375,True,188.0,True,True,Sector: Communication Services,53.22,30.92,True,806.0,768.0,True,ADD
DEEDEV,DEEDEV,Industrials,Metal Fabrication,622.25,False,80.0,True,True,Sector: Industrials,128.64,129.2,True,1213.0,1142.0,True,HOLD
EPIGRAL,Epigral Limited,Basic Materials,Chemicals,1120.5,False,271.0,False,False,Sector: Basic Materials,-42.8,-42.64,False,2626.0,2550.0,True,EXIT
SWSOLAR,Sterling and Wilson Renewable Energy Limited,Technology,Solar,196.47999572753906,False,-281.0,False,False,Sector: Technology,-27.4,-28.8,False,7377.0,8240.0,False,EXIT
GMMPFAUDLR,GMM Pfaudler Limited,Industrials,Specialty Industrial Machinery,1018.2000122070312,False,65.0,False,True,Sector: Industrials,-21.56,-20.65,False,3654.0,3524.0,True,EXIT
RUSTOMJEE,Keystone Realtors Limited,Real Estate,Real Estate - Development,370.95001220703125,False,131.0,False,False,Sector: Real Estate,-28.29,-44.19,False,2832.0,2635.0,True,EXIT
ELLEN,ELLEN,Basic Materials,Chemicals,324.3500061035156,False,121.0,True,True,Sector: Basic Materials,-39.68,-39.53,False,357.0,342.0,True,HOLD
SHOPERSTOP,Shoppers Stop Limited,Consumer Cyclical,Department Stores,419.8999938964844,False,-35.0,False,True,Sector: Consumer Cyclical,-19.3,-22.41,False,5174.0,5043.0,True,EXIT
RENUKA,Shree Renuka Sugars Limited,Consumer Defensive,Confectioners,26.1299991607666,False,-780.0,False,True,Sector: Consumer Defensive,-14.64,-14.4,False,9365.0,11844.0,False,EXIT
ROLEXRINGS,Rolex Rings Limited,Industrials,Metal Fabrication,185.82000732421875,False,152.0,False,True,Sector: Industrials,26.3,27.1,True,1156.0,1222.0,False,HOLD
MOREPENLAB,Morepen Laboratories Limited,Healthcare,Drug Manufacturers - Specialty & Generic,96.47000122070312,False,141.0,True,True,Sector: Healthcare,82.21,92.05,True,1951.0,1812.0,True,HOLD
RPGLIFE,RPG Life Sciences Limited,Healthcare,Drug Manufacturers - Specialty & Generic,2654.800048828125,False,120.0,False,True,Sector: Healthcare,3.99,14.43,True,734.0,708.0,True,HOLD
IONEXCHANG,Ion Exchange (India) Limited,Industrials,Pollution & Treatment Controls,373.1000061035156,False,98.0,False,False,Sector: Industrials,-19.84,-18.93,False,3032.0,2915.0,True,EXIT
MHRIL,Mahindra Holidays & Resorts India Limited,Consumer Cyclical,Resorts & Casinos,221.0500030517578,False,51.0,False,False,Sector: Consumer Cyclical,-36.89,-39.95,False,3023.0,2992.0,True,EXIT
AGI,AGI Greenpac Limited,Consumer Cyclical,Packaging & Containers,711.6500244140625,False,362.0,True,True,Sector: Consumer Cyclical,-22.96,-26.05,False,2763.0,2712.0,True,HOLD
NORTHARC,Northern Arc Capital Limited,Financial Services,Credit Services,292.6000061035156,False,439.0,True,True,Sector: Financial Services,13.09,13.43,True,2870.0,2691.0,True,HOLD
RTNPOWER,RattanIndia Power Limited,Utilities,Utilities - Independent Power Producers,7.769999980926514,False,111.0,False,False,Sector: Utilities,-9.63,-35.86,False,2968.0,3364.0,False,EXIT
GREAVESCOT,Greaves Cotton Limited,Industrials,Specialty Industrial Machinery,191.0,False,21.0,False,True,Sector: Industrials,-10.67,-9.78,False,3665.0,3437.0,True,EXIT
RAYMONDLSL,Raymond Lifestyle Limited,Consumer Cyclical,Apparel Manufacturing,730.8499755859375,False,43.0,False,False,Sector: Consumer Cyclical,-37.3,-40.36,False,6973.0,6888.0,True,EXIT
DHANUKA,Dhanuka Agritech Limited,Basic Materials,Agricultural Inputs,996.2999877929688,False,268.0,False,False,Sector: Basic Materials,-40.59,-40.43,False,1953.0,2035.0,False,EXIT
BOSCH-HCIL,Bosch Home Comfort India Limited,Consumer Cyclical,"Furnishings, Fixtures & Appliances",1772.0,False,5.0,False,True,Sector: Consumer Cyclical,2.32,-0.84,False,2942.0,2756.0,True,EXIT
MANINDS,Man Industries (India) Limited,Basic Materials,Steel,676.9000244140625,True,204.0,True,True,Sector: Basic Materials,61.97,61.82,True,3875.0,3564.0,True,ADD
NETWORK18,Network18 Media & Investments Limited,Communication Services,Entertainment,30.59000015258789,False,-32.0,False,False,NIFTY MEDIA,-44.17,-48.99,False,2169.0,9297.0,False,EXIT
SHILCTECH,Shilchar Technologies Limited,Industrials,Electrical Equipment & Parts,3867.199951171875,False,138.0,False,False,Sector: Industrials,,,False,628.0,652.0,False,EXIT
NRBBEARING,NRB Bearings Limited,Consumer Cyclical,Auto Parts,483.20001220703125,True,151.0,False,True,Sector: Consumer Cyclical,63.06,59.75,True,1395.0,1335.0,True,HOLD
RAMRAT,Ram Ratna Wires Limited,Industrials,Electrical Equipment & Parts,486.5,True,128.0,True,True,Sector: Industrials,35.02,35.79,True,6047.0,5177.0,True,ADD
RESPONIND,Responsive Industries Limited,Basic Materials,Specialty Chemicals,156.3699951171875,False,101.0,False,False,Sector: Basic Materials,-26.49,-26.37,False,1248.0,2247.0,False,EXIT
SWARAJENG,Swaraj Engines Limited,Consumer Cyclical,Auto Parts,3602.60009765625,False,202.0,True,False,Sector: Consumer Cyclical,-10.87,-13.99,False,2111.0,2007.0,True,EXIT
HAWKINCOOK,Hawkins Cookers Limited,Consumer Cyclical,"Furnishings, Fixtures & Appliances",8087.5,False,136.0,True,False,Sector: Consumer Cyclical,,,False,1332.0,1253.0,True,EXIT
GOODLUCK,Goodluck India Limited,Basic Materials,Steel,1439.4000244140625,False,210.0,True,True,Sector: Basic Materials,26.23,26.18,True,4404.0,4100.0,True,HOLD
SUNTECK,Sunteck Realty Limited,Real Estate,Real Estate - Development,294.3500061035156,False,211.0,False,False,Sector: Real Estate,-9.65,-25.81,False,1127.0,1124.0,True,EXIT
MSTCLTD,MSTC Limited,Industrials,Conglomerates,692.3499755859375,False,234.0,False,True,Sector: Industrials,46.12,46.87,True,386.0,5689.0,False,HOLD
ELECTCAST,Electrosteel Castings Limited,Industrials,Building Products & Equipment,71.88999938964844,False,121.0,False,False,Sector: Industrials,-34.52,-33.58,False,5786.0,7478.0,False,EXIT
SGFIN,SG Finserve Limited,Financial Services,Capital Markets,684.6500244140625,True,157.0,True,True,Sector: Financial Services,74.53,74.56,True,402.0,334.0,True,ADD
BANARISUG,Bannari Amman Sugars Limited,Consumer Defensive,Confectioners,4240.7001953125,True,122.0,False,True,Sector: Consumer Defensive,10.82,10.87,True,1670.0,2526.0,False,HOLD
HIRECT,Hind Rectifiers Limited,Industrials,Electrical Equipment & Parts,1278.4000244140625,True,32.0,False,True,Sector: Industrials,22.99,23.8,True,1043.0,999.0,True,HOLD
JUNIPER,Juniper Hotels Limited,Consumer Cyclical,Lodging,205.2100067138672,False,166.0,True,False,Sector: Consumer Cyclical,-29.97,-33.05,False,1076.0,1048.0,True,EXIT
MANINFRA,Man Infraconstruction Limited,Industrials,Engineering & Construction,110.29000091552734,False,215.0,False,False,Sector: Industrials,-37.04,-36.09,False,666.0,1890.0,False,EXIT
FOSECOIND,Foseco India Limited,Basic Materials,Chemicals,5506.0,False,102.0,True,True,Sector: Basic Materials,-14.7,-14.62,False,773.0,643.0,True,HOLD
DEEPINDS,Deep Industries Limited,Energy,Oil & Gas E&P,658.4500122070312,False,224.0,True,True,Sector: Energy,11.86,24.16,True,970.0,891.0,True,HOLD
CAPILLARY,CAPILLARY,Technology,Software - Infrastructure,506.95001220703125,False,42.0,False,False,Sector: Technology,,,False,811.0,735.0,True,EXIT
SYMPHONY,Symphony Limited,Consumer Cyclical,"Furnishings, Fixtures & Appliances",616.1500244140625,False,-140.0,False,False,Sector: Consumer Cyclical,-35.28,-38.34,False,1112.0,1576.0,False,EXIT
TEXRAIL,Texmaco Rail & Engineering Limited,Industrials,Railroads,105.4800033569336,False,214.0,False,False,Sector: Industrials,-28.43,-27.5,False,4223.0,5107.0,False,EXIT
VIPIND,V.I.P. Industries Limited,Consumer Cyclical,Footwear & Accessories,302.6000061035156,False,-378.0,False,False,Sector: Consumer Cyclical,-26.46,-29.55,False,1875.0,2245.0,False,EXIT
EMUDHRA,eMudhra Limited,Technology,Software - Application,550.0,False,117.0,True,True,Sector: Technology,-26.76,-28.16,False,745.0,702.0,True,HOLD
LASERPOWER,LASERPOWER,Industrials,Electrical Equipment & Parts,328.3999938964844,True,,False,False,Sector: Industrials,,,False,,,False,EXIT
KOLTEPATIL,Kolte-Patil Developers Limited,Real Estate,Real Estate - Development,465.8999938964844,False,125.0,False,True,Sector: Real Estate,28.5,11.8,True,1572.0,1717.0,False,HOLD
SANGHVIMOV,Sanghvi Movers Limited,Industrials,Rental & Leasing Services,490.70001220703125,False,199.0,True,True,Sector: Industrials,47.2,47.95,True,1177.0,1070.0,True,HOLD
GUFICBIO,Gufic Biosciences Limited,Healthcare,Drug Manufacturers - Specialty & Generic,413.70001220703125,False,73.0,False,True,Sector: Healthcare,-0.02,10.45,False,981.0,944.0,True,EXIT
RAYMOND,Raymond Limited,Industrials,Specialty Industrial Machinery,656.6500244140625,False,64.0,False,True,Sector: Industrials,-2.4,-1.53,False,2293.0,8215.0,False,EXIT
AYE,AYE,Financial Services,Credit Services,169.69000244140625,False,238.0,True,False,Sector: Financial Services,,,False,1872.0,1815.0,True,EXIT
CMSINFO,CMS Info Systems Limited,Industrials,Specialty Business Services,249.5500030517578,False,293.0,False,False,Sector: Industrials,-46.05,-45.08,False,2494.0,2487.0,True,EXIT
AVANTEL,Avantel Limited,Technology,Communication Equipment,162.9600067138672,False,17.0,False,True,Sector: Technology,9.81,8.16,True,241.0,249.0,False,HOLD
BAJAJELEC,Bajaj Electricals Limited,Consumer Cyclical,"Furnishings, Fixtures & Appliances",354.3500061035156,False,-43.0,False,False,Sector: Consumer Cyclical,-38.76,-41.82,False,4487.0,6662.0,False,EXIT
RTNINDIA,RattanIndia Enterprises Limited,Consumer Cyclical,Internet Retail,30.030000686645508,False,-654.0,False,False,Sector: Consumer Cyclical,-41.99,-45.03,False,7697.0,7531.0,True,EXIT
RALLIS,Rallis India Limited,Basic Materials,Agricultural Inputs,212.85000610351562,False,214.0,False,False,Sector: Basic Materials,-45.75,-45.59,False,2962.0,2967.0,False,EXIT
TRUALT,TRUALT,Energy,Oil & Gas Refining & Marketing,462.6000061035156,False,159.0,True,True,Sector: Energy,,,False,2050.0,1908.0,True,HOLD
VISHNU,Vishnu Chemicals Limited,Basic Materials,Specialty Chemicals,625.2000122070312,True,150.0,True,True,Sector: Basic Materials,21.23,21.2,True,1696.0,1610.0,True,ADD
IDEAFORGE,ideaForge Technology Limited,Technology,Computer Hardware,806.5999755859375,False,4.0,False,True,Sector: Technology,67.49,65.47,True,282.0,314.0,False,HOLD
BAJAJHIND,Bajaj Hindusthan Sugar Limited,Consumer Defensive,Confectioners,23.329999923706055,False,115.0,False,True,Sector: Consumer Defensive,5.85,5.94,True,5332.0,6806.0,False,HOLD
REFEX,Refex Industries Limited,Energy,Thermal Coal,293.6000061035156,False,248.0,True,True,Sector: Energy,-37.13,-22.7,False,2841.0,2277.0,True,HOLD
MIDWESTLTD,MIDWESTLTD,Basic Materials,Building Materials,1154.0,False,113.0,False,False,Sector: Basic Materials,,,False,695.0,646.0,True,EXIT
ROSSTECH,Rossell Techsys Limited,Industrials,Aerospace & Defense,1076.5999755859375,True,26.0,True,True,Sector: Industrials,53.06,53.79,True,552.0,485.0,True,ADD
AURIONPRO,Aurionpro Solutions Limited,Technology,Software - Application,691.4000244140625,False,206.0,False,False,Sector: Technology,-49.8,-51.06,False,1432.0,1411.0,True,EXIT
MOSCHIP,MOSCHIP,Technology,Semiconductor Equipment & Materials,206.30999755859375,False,27.0,False,False,Sector: Technology,21.6,19.88,True,566.0,585.0,False,EXIT
WSTCSTPAPR,West Coast Paper Mills Limited,Basic Materials,Paper & Paper Products,636.25,False,237.0,False,True,Sector: Basic Materials,25.67,25.63,True,4375.0,4921.0,False,HOLD
MAHLOG,Mahindra Logistics Limited,Industrials,Integrated Freight & Logistics,406.6499938964844,False,48.0,False,True,Sector: Industrials,21.31,22.12,True,7378.0,6999.0,True,HOLD
WAKEFIT,WAKEFIT,Consumer Cyclical,"Furnishings, Fixtures & Appliances",136.63999938964844,False,193.0,True,False,Sector: Consumer Cyclical,,,False,1547.0,1489.0,True,EXIT
TATVA,Tatva Chintan Pharma Chem Limited,Basic Materials,Specialty Chemicals,1638.4000244140625,False,51.0,False,True,Sector: Basic Materials,50.55,50.44,True,556.0,506.0,True,HOLD
ORIENTELEC,Orient Electric Limited,Consumer Cyclical,"Furnishings, Fixtures & Appliances",186.02999877929688,False,110.0,False,True,Sector: Consumer Cyclical,-11.19,-14.31,False,3507.0,3326.0,True,EXIT
KSCL,Kaveri Seed Company Limited,Basic Materials,Agricultural Inputs,773.4000244140625,False,249.0,False,False,Sector: Basic Materials,-35.57,-35.43,False,1279.0,1395.0,False,EXIT
DIVGIITTS,Divgi TorqTransfer Systems Limited,Consumer Cyclical,Auto Parts,1263.449951171875,True,63.0,True,True,Sector: Consumer Cyclical,90.44,87.06,True,418.0,353.0,True,ADD
SANATHAN,SANATHAN,Consumer Cyclical,Textile Manufacturing,461.25,False,61.0,False,True,Sector: Consumer Cyclical,-7.41,-10.54,False,4401.0,3811.0,True,EXIT
KIRLOSIND,Kirloskar Industries Limited,Industrials,Metal Fabrication,3714.10009765625,False,356.0,False,True,Sector: Industrials,-3.9,-3.03,False,6995.0,6958.0,True,EXIT
SEAMECLTD,Seamec Limited,Industrials,Marine Shipping,1699.0,True,259.0,True,True,Sector: Industrials,86.76,87.42,True,1038.0,952.0,True,ADD
GHCL,GHCL Limited,Basic Materials,Chemicals,443.1499938964844,False,525.0,False,False,Sector: Basic Materials,-26.22,-26.11,False,3043.0,4551.0,False,EXIT
PITTIENG,Pitti Engineering Limited,Industrials,Metal Fabrication,1051.6500244140625,False,124.0,True,True,Sector: Industrials,6.47,7.31,True,1985.0,1913.0,True,HOLD
NOVARTIND,Novartis India Limited,Healthcare,Drug Manufacturers - Specialty & Generic,1482.199951171875,False,98.0,False,False,Sector: Healthcare,,,False,371.0,870.0,False,EXIT
PACEDIGITK,Pace Digitek Limited,Technology,Communication Equipment,175.3699951171875,False,315.0,True,False,Sector: Technology,,,False,2830.0,2641.0,True,EXIT
VSTTILLERS,V.S.T. Tillers Tractors Limited,Industrials,Farm & Heavy Construction Machinery,4432.2001953125,False,109.0,False,False,Sector: Industrials,-17.57,-16.67,False,1271.0,1240.0,True,EXIT
NACLIND,NACL Industries Limited,Basic Materials,Agricultural Inputs,170.10000610351562,False,12.0,False,False,Sector: Basic Materials,-40.68,-40.52,False,1519.0,2116.0,False,EXIT
INDOSTAR,IndoStar Capital Finance Limited,Financial Services,Credit Services,251.39999389648438,False,-394.0,False,True,Sector: Financial Services,-11.35,-10.9,False,1413.0,1597.0,False,EXIT
SANDHAR,Sandhar Technologies Limited,Consumer Cyclical,Auto Parts,648.0,False,208.0,True,True,Sector: Consumer Cyclical,44.68,41.42,True,5144.0,4852.0,True,HOLD
RAYMONDREL,Raymond Realty Limited,Real Estate,Real Estate - Development,578.0499877929688,False,302.0,False,True,Sector: Real Estate,3.41,-12.94,False,3137.0,2991.0,True,EXIT
STYRENIX,Styrenix Performance Materials Limited,Basic Materials,Chemicals,2108.5,False,273.0,True,False,Sector: Basic Materials,-21.53,-21.43,False,3505.0,3438.0,True,EXIT
VAIBHAVGBL,Vaibhav Global Limited,Consumer Cyclical,Luxury Goods,226.85000610351562,False,285.0,True,False,Sector: Consumer Cyclical,2.39,-0.77,False,3795.0,3692.0,True,EXIT
SHAREINDIA,Share India Securities Limited,Financial Services,Capital Markets,175.27999877929688,False,364.0,False,True,Sector: Financial Services,9.15,9.51,True,1577.0,1483.0,True,HOLD
INDIQUBE,INDIQUBE,Real Estate,Real Estate Services,189.14999389648438,False,-93.0,False,True,Sector: Real Estate,-0.96,-17.25,False,1564.0,1451.0,True,EXIT
GUJTHEM,Gujarat Themis Biosyn Limited,Healthcare,Drug Manufacturers - Specialty & Generic,369.25,False,49.0,False,True,Sector: Healthcare,-19.5,-8.88,False,174.0,170.0,True,EXIT
UNICHEMLAB,Unichem Laboratories Limited,Healthcare,Drug Manufacturers - Specialty & Generic,516.5499877929688,False,305.0,False,True,Sector: Healthcare,-6.23,4.28,False,2308.0,2202.0,True,EXIT
AARTIDRUGS,Aarti Drugs Limited,Healthcare,Drug Manufacturers - Specialty & Generic,414.75,False,191.0,False,True,Sector: Healthcare,-30.2,-19.5,False,2678.0,2716.0,False,EXIT
INDOTECH,Indo Tech Transformers Limited,Industrials,Electrical Equipment & Parts,3727.800048828125,True,99.0,True,True,Sector: Industrials,92.52,93.17,True,846.0,782.0,True,ADD
AGIIL,AGI Infra Limited,Real Estate,Real Estate - Development,293.70001220703125,False,102.0,True,False,Sector: Real Estate,41.99,25.09,True,357.0,353.0,True,HOLD
HEMIPROP,Hemisphere Properties India Limited,Real Estate,Real Estate - Diversified,130.91000366210938,False,-12.0,False,False,Sector: Real Estate,11.28,-5.17,False,1.0,2.0,False,EXIT
DBCORP,D. B. Corp Limited,Communication Services,Publishing,206.30999755859375,False,352.0,False,False,NIFTY MEDIA,-17.83,-22.65,False,2400.0,2463.0,False,EXIT
JKIL,J. Kumar Infraprojects Limited,Industrials,Engineering & Construction,503.6499938964844,False,381.0,False,False,Sector: Industrials,-26.69,-25.76,False,5750.0,5723.0,True,EXIT
BHAGCHEM,Bhagiradha Chemicals & Industries Limited,Basic Materials,Agricultural Inputs,283.8999938964844,False,28.0,False,True,Sector: Basic Materials,-0.02,0.01,False,607.0,536.0,True,EXIT
HARSHA,Harsha Engineers International Limited,Industrials,Tools & Accessories,438.04998779296875,False,155.0,True,True,Sector: Industrials,2.82,3.67,True,1719.0,1627.0,True,HOLD
POCL,Pondy Oxides And Chemicals Limited,Basic Materials,Specialty Chemicals,503.25,False,143.0,True,False,Sector: Basic Materials,11.39,11.39,True,3290.0,2958.0,True,HOLD
KNRCON,KNR Constructions Limited,Industrials,Engineering & Construction,127.13999938964844,False,394.0,False,False,Sector: Industrials,-36.72,-35.78,False,2673.0,4753.0,False,EXIT
TCPLPACK,TCPL Packaging Limited,Consumer Cyclical,Packaging & Containers,4100.89990234375,False,115.0,False,True,Sector: Consumer Cyclical,23.17,19.96,True,1878.0,1810.0,True,HOLD
ANUP,The Anup Engineering Limited,Industrials,Specialty Industrial Machinery,1811.800048828125,False,85.0,False,False,Sector: Industrials,-24.63,-23.72,False,772.0,822.0,False,EXIT
POLYPLEX,Polyplex Corporation Limited,Basic Materials,Specialty Chemicals,1170.9000244140625,False,272.0,False,True,Sector: Basic Materials,12.2,12.2,True,7601.0,7652.0,False,HOLD
WEBELSOLAR,Websol Energy System Limited,Technology,Solar,82.8499984741211,False,314.0,True,False,Sector: Technology,-36.04,-37.38,False,1203.0,1049.0,True,EXIT
TARC,TARC Limited,Real Estate,Real Estate - Development,121.73999786376953,False,-13.0,False,False,Sector: Real Estate,-10.17,-26.32,False,471.0,369.0,True,EXIT
UNIPARTS,Uniparts India Limited,Industrials,Farm & Heavy Construction Machinery,810.1500244140625,True,180.0,False,True,Sector: Industrials,92.68,93.32,True,1244.0,1366.0,False,HOLD
KSL,Kalyani Steels Limited,Basic Materials,Steel,856.6500244140625,False,264.0,True,True,Sector: Basic Materials,-1.86,-1.82,False,1867.0,1982.0,False,HOLD
PSPPROJECT,PSP Projects Limited,Industrials,Engineering & Construction,923.3499755859375,False,73.0,False,True,Sector: Industrials,38.5,39.27,True,3484.0,3149.0,True,HOLD
JTEKTINDIA,JTEKT India Limited,Consumer Cyclical,Auto Parts,129.27000427246094,False,90.0,True,False,Sector: Consumer Cyclical,0.02,-3.13,False,2063.0,2044.0,True,EXIT
VSTIND,VST Industries Limited,Consumer Defensive,Tobacco,212.86000061035156,False,279.0,False,False,Sector: Consumer Defensive,-25.88,-25.55,False,1423.0,1465.0,False,EXIT
JUBLCPL,Jubilant Agri and Consumer Products Limited,Basic Materials,Specialty Chemicals,2284.0,False,130.0,True,True,Sector: Basic Materials,-18.84,-18.75,False,1972.0,1829.0,True,HOLD
SINDHUTRAD,Sindhu Trade Links Limited,Industrials,Conglomerates,23.899999618530273,False,77.0,False,True,Sector: Industrials,-0.97,-0.11,False,488.0,1731.0,False,EXIT
ASHIANA,Ashiana Housing Limited,Real Estate,Real Estate - Development,367.29998779296875,False,118.0,True,True,Sector: Real Estate,32.55,15.79,True,958.0,1143.0,False,HOLD
SAMHI,SAMHI Hotels Limited,Consumer Cyclical,Lodging,160.38999938964844,False,572.0,True,False,Sector: Consumer Cyclical,-23.43,-26.53,False,1281.0,1248.0,True,EXIT
63MOONS,63 moons technologies limited,Technology,Software - Application,770.7999877929688,False,-99.0,False,True,Sector: Technology,-21.31,-22.75,False,318.0,369.0,False,EXIT
FILATEX,Filatex India Limited,Consumer Cyclical,Textile Manufacturing,81.51000213623047,False,191.0,True,True,Sector: Consumer Cyclical,60.43,57.12,True,4256.0,4252.0,True,HOLD
HEIDELBERG,HeidelbergCement India Limited,Basic Materials,Building Materials,160.22000122070312,False,116.0,False,False,Sector: Basic Materials,-29.12,-29.0,False,2360.0,2366.0,False,EXIT
LUXIND,Lux Industries Limited,Consumer Cyclical,Apparel Manufacturing,1201.0,False,106.0,False,True,Sector: Consumer Cyclical,-7.43,-10.56,False,2933.0,2929.0,True,EXIT
SAMBHV,SAMBHV,Basic Materials,Steel,131.3800048828125,False,165.0,True,True,Sector: Basic Materials,-0.45,-0.42,False,2587.0,2413.0,True,HOLD
STEELCAS,Steelcast Limited,Basic Materials,Steel,358.70001220703125,True,91.0,True,True,Sector: Basic Materials,59.33,59.19,True,441.0,477.0,False,ADD
JINDWORLD,Jindal Worldwide Limited,Consumer Cyclical,Textile Manufacturing,35.099998474121094,False,85.0,False,True,Sector: Consumer Cyclical,-0.27,-3.42,False,2300.0,2559.0,False,EXIT
UFLEX,Uflex Limited,Consumer Cyclical,Packaging & Containers,611.0499877929688,False,682.0,False,True,Sector: Consumer Cyclical,7.62,4.44,True,16866.0,15401.0,True,HOLD
NFL,National Fertilizers Limited,Basic Materials,Agricultural Inputs,70.30000305175781,False,364.0,False,False,Sector: Basic Materials,-29.08,-28.96,False,22480.0,29587.0,False,EXIT
SPECTRUM,SPECTRUM,Industrials,Electrical Equipment & Parts,2212.5,False,52.0,True,True,Sector: Industrials,45.55,46.3,True,595.0,526.0,True,HOLD
GREENPLY,Greenply Industries Limited,Basic Materials,Lumber & Wood Production,287.1499938964844,False,99.0,False,True,Sector: Basic Materials,-10.5,-10.43,False,2863.0,2739.0,True,EXIT
WHEELS,Wheels India Limited,Consumer Cyclical,Auto Parts,1483.800048828125,False,166.0,True,True,Sector: Consumer Cyclical,95.7,92.31,True,5690.0,5465.0,True,HOLD
PREMEXPLN,Premier Explosives Limited,Basic Materials,Specialty Chemicals,663.5499877929688,False,34.0,False,True,Sector: Basic Materials,23.37,23.34,True,349.0,417.0,False,HOLD
MUTHOOTMF,MUTHOOTMF,Financial Services,Credit Services,213.2100067138672,False,245.0,False,True,Sector: Financial Services,31.32,31.56,True,2480.0,2563.0,False,HOLD
EIEL,EIEL,Industrials,Engineering & Construction,199.00999450683594,False,191.0,True,False,Sector: Industrials,-28.13,-27.2,False,1264.0,1146.0,True,EXIT
CMLL,CMLL,Energy,Thermal Coal,506.95001220703125,False,,False,False,Sector: Energy,,,False,,,False,EXIT
ZOTA,Zota Health Care Limited,Healthcare,Biotechnology,1076.699951171875,False,-104.0,False,False,Sector: Healthcare,-30.48,-19.78,False,609.0,539.0,True,EXIT
TVSSRICHAK,TVS Srichakra Limited,Consumer Cyclical,Auto Parts,4922.7001953125,True,92.0,False,True,Sector: Consumer Cyclical,68.03,64.71,True,3892.0,3643.0,True,HOLD
OSWALPUMPS,OSWALPUMPS,Industrials,Electrical Equipment & Parts,304.75,False,336.0,False,False,Sector: Industrials,-67.96,-66.94,False,2024.0,2064.0,False,EXIT
INDRAMEDCO,Indraprastha Medical Corporation Limited,Healthcare,Medical Care Facilities,376.79998779296875,False,188.0,True,False,Sector: Healthcare,-32.27,-21.56,False,1524.0,1483.0,True,EXIT
DALMIASUG,Dalmia Bharat Sugar and Industries Limited,Consumer Defensive,Confectioners,508.1000061035156,False,203.0,False,True,Sector: Consumer Defensive,31.48,31.38,True,3525.0,3725.0,False,HOLD
VSSL,Vardhman Special Steels Limited,Basic Materials,Steel,356.0,True,143.0,True,True,Sector: Basic Materials,38.48,38.4,True,1807.0,1764.0,True,ADD
HGINFRA,H.G. Infra Engineering Limited,Industrials,Engineering & Construction,513.7000122070312,False,186.0,False,False,Sector: Industrials,-51.3,-50.32,False,4853.0,5378.0,False,EXIT
ADVENZYMES,Advanced Enzyme Technologies Limited,Basic Materials,Specialty Chemicals,303.0,False,172.0,False,False,Sector: Basic Materials,-5.36,-5.31,False,750.0,746.0,True,EXIT
KERNEX,Kernex Microsystems (India) Limited,Technology,Software - Application,1837.0,False,191.0,True,True,Sector: Technology,72.47,70.41,True,878.0,430.0,True,HOLD
GOPAL,Gopal Snacks Limited,Consumer Defensive,Packaged Foods,282.75,False,84.0,False,False,Sector: Consumer Defensive,-23.68,-23.37,False,1608.0,1508.0,True,EXIT
SMSPHARMA,SMS Pharmaceuticals Limited,Healthcare,Drug Manufacturers - General,356.5,False,102.0,True,False,Sector: Healthcare,37.2,47.39,True,898.0,887.0,True,HOLD
CARYSIL,Carysil Limited,Consumer Cyclical,"Furnishings, Fixtures & Appliances",1158.0999755859375,False,108.0,True,True,Sector: Consumer Cyclical,30.67,27.44,True,959.0,924.0,True,HOLD
HERITGFOOD,Heritage Foods Limited,Consumer Defensive,Packaged Foods,378.75,False,135.0,False,False,Sector: Consumer Defensive,-24.54,-24.22,False,4727.0,4526.0,True,EXIT
NIITMTS,NIIT Learning Systems Limited,Consumer Defensive,Education & Training Services,231.4600067138672,False,256.0,True,False,Sector: Consumer Defensive,-30.77,-30.41,False,2066.0,1952.0,True,EXIT
NPST,NPST,Technology,Software - Application,1606.9000244140625,False,45.0,True,True,Sector: Technology,-31.18,-32.56,False,218.0,195.0,True,HOLD
RELTD,Ravindra Energy Limited,Technology,Solar,166.7100067138672,False,60.0,False,True,Sector: Technology,15.08,13.4,True,501.0,765.0,False,HOLD
VENUSPIPES,Venus Pipes and Tubes Limited,Basic Materials,Steel,1540.9000244140625,False,104.0,True,True,Sector: Basic Materials,17.82,17.8,True,1211.0,1167.0,True,HOLD
DREDGECORP,Dredging Corporation of India Limited,Industrials,Engineering & Construction,1118.300048828125,False,39.0,False,True,Sector: Industrials,85.06,85.72,True,1322.0,1208.0,True,HOLD
DPABHUSHAN,D. P. Abhushan Limited,Consumer Cyclical,Luxury Goods,1461.699951171875,False,240.0,True,True,Sector: Consumer Cyclical,-10.26,-13.39,False,4377.0,4065.0,True,HOLD
MAYURUNIQ,Mayur Uniquoters Limited,Consumer Cyclical,Textile Manufacturing,776.0499877929688,False,207.0,True,True,Sector: Consumer Cyclical,42.53,39.27,True,1020.0,967.0,True,HOLD
FUSION,Fusion Finance Limited,Financial Services,Credit Services,203.32000732421875,False,169.0,False,True,Sector: Financial Services,19.49,19.79,True,1699.0,2344.0,False,HOLD
ARSSBL,ARSSBL,Financial Services,Financial Conglomerates,497.6499938964844,False,130.0,True,False,Sector: Financial Services,,,False,977.0,932.0,True,EXIT
ROUTE,Route Mobile Limited,Communication Services,Telecom Services,503.3500061035156,False,267.0,False,False,Sector: Communication Services,-24.56,-45.62,False,4509.0,4576.0,False,EXIT
KKCL,Kewal Kiran Clothing Limited,Consumer Cyclical,Apparel Manufacturing,518.5999755859375,False,161.0,True,True,Sector: Consumer Cyclical,2.24,-0.92,False,1258.0,1213.0,True,HOLD
ASHOKA,Ashoka Buildcon Limited,Industrials,Engineering & Construction,112.06999969482422,False,2476.0,False,False,Sector: Industrials,-41.57,-40.61,False,7132.0,10037.0,False,EXIT
PRINCEPIPE,Prince Pipes and Fittings Limited,Industrials,Building Products & Equipment,283.1000061035156,False,102.0,False,True,Sector: Industrials,-18.85,-17.94,False,2627.0,2711.0,False,EXIT
CRIZAC,CRIZAC,Consumer Defensive,Education & Training Services,171.33999633789062,False,220.0,True,False,Sector: Consumer Defensive,-52.22,-51.71,False,1034.0,1042.0,False,EXIT
WINDMACHIN,Windsor Machines Limited,Industrials,Specialty Industrial Machinery,320.5,False,8.0,False,True,Sector: Industrials,-7.65,-6.77,False,606.0,570.0,True,EXIT
UEL,Ujaas Energy Limited,Technology,Solar,190.75999450683594,False,3.93,False,True,Sector: Technology,91.97,89.78,True,17.02,486.35,False,HOLD
NITINSPIN,Nitin Spinners Limited,Consumer Cyclical,Textile Manufacturing,586.0499877929688,True,212.0,False,True,Sector: Consumer Cyclical,72.06,68.73,True,3296.0,3300.0,False,HOLD
APCOTEXIND,Apcotex Industries Limited,Basic Materials,Specialty Chemicals,613.6500244140625,False,38.0,False,True,Sector: Basic Materials,51.87,51.75,True,361.0,352.0,True,HOLD
RAMCOIND,Ramco Industries Limited,Industrials,Building Products & Equipment,354.0,False,327.0,True,True,Sector: Industrials,12.58,13.41,True,1873.0,1792.0,True,HOLD
MONARCH,Monarch Networth Capital Limited,Financial Services,Capital Markets,391.8500061035156,False,181.0,True,True,Sector: Financial Services,11.85,12.19,True,365.0,372.0,False,HOLD
JASH,Jash Engineering Limited,Industrials,Specialty Industrial Machinery,481.5,False,86.0,False,True,Sector: Industrials,-13.32,-12.43,False,758.0,736.0,True,EXIT
BEPL,Bhansali Engineering Polymers Limited,Basic Materials,Chemicals,123.2300033569336,False,200.0,False,True,Sector: Basic Materials,11.04,11.04,True,1440.0,1398.0,True,HOLD
RML,Rane (Madras) Limited,Consumer Cyclical,Auto Parts,1078.199951171875,False,119.0,True,True,Sector: Consumer Cyclical,24.99,21.77,True,4024.0,3863.0,True,HOLD
GRAUWEIL,Grauer & Weil (India) Limited,Basic Materials,Specialty Chemicals,66.25,False,160.0,False,False,Sector: Basic Materials,,,False,1236.0,1190.0,True,EXIT
SHANTIGEAR,Shanthi Gears Limited,Industrials,Specialty Industrial Machinery,386.8999938964844,False,64.0,False,False,Sector: Industrials,-36.36,-35.41,False,499.0,605.0,False,EXIT
BUILDPRO,Shankara Buildpro Limited,Consumer Cyclical,Home Improvement Retail,1263.0999755859375,False,132.0,True,False,Sector: Consumer Cyclical,,,False,7147.0,6826.0,True,EXIT
ARVSMART,Arvind SmartSpaces Limited,Real Estate,Real Estate - Development,659.0999755859375,False,189.0,True,True,Sector: Real Estate,20.62,4.03,True,780.0,713.0,True,HOLD
SASKEN,Sasken Technologies Limited,Technology,Information Technology Services,1874.0999755859375,False,72.0,False,True,Sector: Technology,27.99,26.23,True,1179.0,1113.0,True,HOLD
DCAL,Dishman Carbogen Amcis Limited,Healthcare,Biotechnology,172.41000366210938,False,16.0,False,False,Sector: Healthcare,-48.0,-37.17,False,2901.0,2932.0,False,EXIT
WONDERLA,Wonderla Holidays Limited,Consumer Cyclical,Leisure,490.1000061035156,False,102.0,False,False,Sector: Consumer Cyclical,-22.19,-25.28,False,593.0,519.0,True,EXIT
BALMLAWRIE,Balmer Lawrie & Co. Ltd.,Industrials,Conglomerates,174.0,False,274.0,True,False,Sector: Industrials,-25.74,-24.82,False,2785.0,3254.0,False,EXIT
NAVNETEDUL,Navneet Education Limited,Communication Services,Publishing,133.7899932861328,False,353.0,False,False,Sector: Communication Services,5.36,-16.18,False,1715.0,1781.0,False,EXIT
SANGAMIND,Sangam (India) Limited,Consumer Cyclical,Textile Manufacturing,578.0499877929688,False,121.0,False,True,Sector: Consumer Cyclical,62.02,58.71,True,3305.0,3235.0,True,HOLD
ELPROINTL,Elpro International Limited,Unknown,Unknown,176.44000244140625,True,129.0,False,False,Sector: Unknown,,,False,567.0,528.0,True,EXIT
JTLIND,JTL Industries Limited,Basic Materials,Steel,74.61000061035156,False,122.0,True,True,Sector: Basic Materials,-2.7,-2.66,False,2314.0,2136.0,True,HOLD
UFBL,UFBL,Consumer Cyclical,Restaurants,807.5,False,-43.0,False,True,Sector: Consumer Cyclical,198.54,194.89,True,1468.0,1339.0,True,HOLD
POKARNA,Pokarna Limited,Industrials,Building Products & Equipment,889.5499877929688,False,95.0,False,False,Sector: Industrials,-3.91,-3.04,False,590.0,925.0,False,EXIT
RPSGVENT,RPSG Ventures Limited,Technology,Information Technology Services,868.4000244140625,False,4.0,False,True,Sector: Technology,-4.0,-5.56,False,11928.0,11323.0,True,EXIT
EUROPRATIK,EUROPRATIK,Basic Materials,Building Materials,265.75,False,88.0,True,False,Sector: Basic Materials,,,False,374.0,335.0,True,EXIT
ORISSAMINE,The Orissa Minerals Development Company Limited,Basic Materials,Steel,4651.5,False,,False,True,Sector: Basic Materials,-4.93,-4.88,False,,,False,EXIT
CARRARO,CARRARO,Consumer Cyclical,Auto Parts,525.75,False,133.0,True,False,Sector: Consumer Cyclical,24.69,21.48,True,2307.0,2255.0,True,HOLD
PANAMAPET,Panama Petrochem Limited,Energy,Oil & Gas Refining & Marketing,486.25,False,479.0,True,True,Sector: Energy,34.98,46.28,True,4106.0,3064.0,True,HOLD
INTERARCH,Interarch Building Solutions Limited,Industrials,Engineering & Construction,1688.300048828125,False,134.0,False,False,Sector: Industrials,-20.05,-19.14,False,1977.0,1898.0,True,EXIT
CHEMPLASTS,Chemplast Sanmar Limited,Basic Materials,Chemicals,175.13999938964844,False,-391.0,False,False,Sector: Basic Materials,-62.1,-61.88,False,4249.0,5892.0,False,EXIT
SIYSIL,Siyaram Silk Mills Limited,Consumer Cyclical,Textile Manufacturing,647.5499877929688,False,237.0,False,True,Sector: Consumer Cyclical,4.02,0.85,True,2629.0,2572.0,True,HOLD
ADFFOODS,ADF Foods Limited,Consumer Defensive,Packaged Foods,267.3500061035156,False,92.0,True,True,Sector: Consumer Defensive,14.75,14.77,True,718.0,683.0,True,HOLD
DDEVPLSTIK,Ddev Plastiks Industries Limited,Basic Materials,Specialty Chemicals,276.5,False,213.0,True,True,Sector: Basic Materials,-16.83,-16.74,False,3168.0,2948.0,True,HOLD
RSYSTEMS,R Systems International Limited,Technology,Information Technology Services,241.60000610351562,False,193.0,True,False,Sector: Technology,-46.24,-47.52,False,2230.0,1958.0,True,EXIT
BOROLTD,Borosil Limited,Consumer Cyclical,"Furnishings, Fixtures & Appliances",257.82000732421875,False,70.0,False,False,Sector: Consumer Cyclical,-23.73,-26.83,False,1217.0,1196.0,True,EXIT
BLSE,BLSE,Industrials,Specialty Business Services,321.1000061035156,False,70.0,True,True,Sector: Industrials,76.01,76.69,True,1178.0,1118.0,True,HOLD
DIAMONDYD,Prataap Snacks Limited,Consumer Defensive,Packaged Foods,1175.0,False,12.0,False,True,Sector: Consumer Defensive,27.7,27.63,True,1806.0,1725.0,True,HOLD
MMFL,M M Forgings Limited,Industrials,Metal Fabrication,638.9500122070312,False,169.0,True,True,Sector: Industrials,111.01,111.61,True,1649.0,1590.0,True,HOLD
VINDHYATEL,Vindhya Telelinks Limited,Industrials,Engineering & Construction,2436.0,False,236.0,False,True,Sector: Industrials,55.71,56.44,True,3405.0,4088.0,False,HOLD
GANECOS,Ganesha Ecosphere Limited,Consumer Cyclical,Textile Manufacturing,1095.5,False,56.0,False,True,Sector: Consumer Cyclical,-19.59,-22.7,False,1568.0,1482.0,True,EXIT
MAITHANALL,Maithan Alloys Limited,Basic Materials,Steel,978.0,False,299.0,False,False,Sector: Basic Materials,-12.78,-12.71,False,2080.0,2989.0,False,EXIT
NSIL,Nalwa Sons Investments Limited,Financial Services,Asset Management,5631.0,False,58.0,False,False,Sector: Financial Services,-19.88,-19.38,False,98.0,134.0,False,EXIT
ROSSARI,Rossari Biotech Limited,Basic Materials,Specialty Chemicals,511.70001220703125,False,151.0,True,False,Sector: Basic Materials,-22.54,-22.44,False,2550.0,2396.0,True,EXIT
JINDALPOLY,Jindal Poly Films Limited,Consumer Cyclical,Packaging & Containers,637.0,False,-991.0,False,True,Sector: Consumer Cyclical,27.99,24.77,True,2339.0,7557.0,False,HOLD
NILKAMAL,Nilkamal Limited,Consumer Cyclical,"Furnishings, Fixtures & Appliances",2043.699951171875,False,125.0,False,True,Sector: Consumer Cyclical,30.56,27.33,True,3715.0,3778.0,False,HOLD
GSPCROP,GSPCROP,Basic Materials,Agricultural Inputs,590.5,True,99.0,True,False,Sector: Basic Materials,,,False,1526.0,1517.0,True,EXIT
LCL,LCL,Industrials,Specialty Industrial Machinery,539.8499755859375,False,,False,False,Sector: Industrials,,,False,,,False,EXIT
VIMTALABS,Vimta Labs Limited,Healthcare,Diagnostics & Research,640.4000244140625,False,61.0,True,True,Sector: Healthcare,-22.54,-11.9,False,329.0,318.0,True,HOLD
SUNCLAY,Sundaram-Clayton Limited,Industrials,Metal Fabrication,1275.9000244140625,False,251.0,False,False,Sector: Industrials,-27.05,-26.13,False,2106.0,17903.0,False,EXIT
ANTELOPUS,ANTELOPUS,Energy,Oil & Gas E&P,796.6500244140625,False,133.0,True,True,Sector: Energy,39.22,50.33,True,359.0,279.0,True,HOLD
GATEWAY,Gateway Distriparks Limited,Industrials,Integrated Freight & Logistics,55.099998474121094,False,248.0,False,False,Sector: Industrials,-23.1,-22.18,False,2211.0,2212.0,False,EXIT
RELINFRA,Reliance Infrastructure Limited,Utilities,Utilities - Independent Power Producers,61.93000030517578,False,5301.0,False,False,Sector: Utilities,-56.46,-80.09,False,20877.0,26952.0,False,EXIT
GIPCL,Gujarat Industries Power Company Limited,Utilities,Utilities - Regulated Electric,170.17999267578125,False,503.0,True,True,Sector: Utilities,16.66,-11.03,False,1619.0,1491.0,True,HOLD
STYLEBAAZA,Baazar Style Retail Limited,Consumer Cyclical,Apparel Retail,439.6000061035156,True,47.0,True,True,Sector: Consumer Cyclical,39.67,36.42,True,1950.0,1841.0,True,ADD
ORIENTCEM,Orient Cement Limited,Basic Materials,Building Materials,130.86000061035156,False,209.0,False,False,Sector: Basic Materials,-47.68,-47.51,False,2531.0,3185.0,False,EXIT
PATELENG,Patel Engineering Limited,Industrials,Engineering & Construction,28.139999389648438,False,287.0,False,False,Sector: Industrials,-31.48,-30.55,False,5150.0,5103.0,True,EXIT
ZAGGLE,Zaggle Prepaid Ocean Services Limited,Technology,Software - Infrastructure,197.55999755859375,False,130.0,False,False,Sector: Technology,-52.44,-53.68,False,1999.0,1908.0,True,EXIT
RAMKY,Ramky Infrastructure Limited,Industrials,Engineering & Construction,391.1499938964844,False,245.0,False,False,Sector: Industrials,-37.94,-36.99,False,1938.0,2161.0,False,EXIT
IMAGICAA,Imagicaaworld Entertainment Limited,Communication Services,Entertainment,47.45000076293945,False,14.0,False,True,Sector: Communication Services,1.77,-19.71,False,403.0,410.0,False,EXIT
NOCIL,NOCIL Limited,Basic Materials,Specialty Chemicals,161.66000366210938,False,66.0,False,False,Sector: Basic Materials,-13.43,-13.36,False,1370.0,1617.0,False,EXIT
AUTOAXLES,Automotive Axles Limited,Consumer Cyclical,Auto Parts,1754.199951171875,False,174.0,True,False,Sector: Consumer Cyclical,2.46,-0.7,False,2205.0,2324.0,False,EXIT
HIKAL,Hikal Limited,Healthcare,Drug Manufacturers - Specialty & Generic,212.25999450683594,False,-34.0,False,True,Sector: Healthcare,-30.05,-19.35,False,1735.0,2023.0,False,EXIT
MUFIN,Mufin Green Finance Limited,Financial Services,Credit Services,139.50999450683594,False,38.0,True,True,Sector: Financial Services,50.68,50.83,True,248.0,210.0,True,HOLD
KIRIINDUS,Kiri Industries Limited,Basic Materials,Specialty Chemicals,461.29998779296875,False,5847.0,True,True,Sector: Basic Materials,-16.51,-16.43,False,950.0,1497.0,False,HOLD
KITEX,Kitex Garments Limited,Consumer Cyclical,Apparel Manufacturing,124.7300033569336,False,-50.0,False,False,Sector: Consumer Cyclical,-36.81,-39.87,False,629.0,983.0,False,EXIT
ADOR,Ador Welding Limited,Industrials,Specialty Industrial Machinery,1684.0,True,114.0,True,True,Sector: Industrials,79.15,79.82,True,1198.0,1140.0,True,ADD
FLAIR,FLAIR,Industrials,Business Equipment & Supplies,253.0,False,141.0,True,False,Sector: Industrials,-21.37,-20.46,False,1281.0,1250.0,True,EXIT
STALLION,STALLION,Basic Materials,Specialty Chemicals,226.85000610351562,False,52.0,True,True,Sector: Basic Materials,54.52,54.4,True,442.0,431.0,True,HOLD
PARAGMILK,Parag Milk Foods Limited,Consumer Defensive,Packaged Foods,207.94000244140625,False,130.0,False,False,Sector: Consumer Defensive,-15.59,-15.34,False,3911.0,3818.0,True,EXIT
EFCIL,EFC (I) Limited,Real Estate,Real Estate Services,190.66000366210938,False,259.0,True,False,Sector: Real Estate,-30.67,-46.53,False,1100.0,1037.0,True,EXIT
SILVERTUC,Silver Touch Technologies Limited,Technology,Information Technology Services,195.3300018310547,False,42.0,True,False,Sector: Technology,-73.71,-74.81,False,360.0,342.0,True,EXIT
HUBTOWN,Hubtown Limited,Real Estate,Real Estate - Development,198.80999755859375,False,108.0,False,False,Sector: Real Estate,-28.4,-44.3,False,612.0,644.0,False,EXIT
INDSWFTLAB,Ind-Swift Laboratories Limited,Healthcare,Drug Manufacturers - Specialty & Generic,333.510009765625,True,57.0,False,True,Sector: Healthcare,234.68,243.36,True,665.0,1281.0,False,HOLD
RAJRATAN,Rajratan Global Wire Limited,Basic Materials,Steel,505.3500061035156,False,80.0,False,True,Sector: Basic Materials,56.09,55.96,True,1228.0,1156.0,True,HOLD
MEDIASSIST,MEDIASSIST,Healthcare,Healthcare Plans,355.8999938964844,False,94.0,True,False,Sector: Healthcare,-49.4,-38.55,False,951.0,905.0,True,EXIT
EVEREADY,Eveready Industries India Limited,Industrials,Electrical Equipment & Parts,355.04998779296875,False,178.0,True,True,Sector: Industrials,-22.08,-21.16,False,1489.0,1507.0,False,HOLD
TALBROAUTO,Talbros Automotive Components Limited,Consumer Cyclical,Auto Parts,412.0,False,112.0,True,True,Sector: Consumer Cyclical,55.11,51.81,True,902.0,870.0,True,HOLD
GKENERGY,GKENERGY,Utilities,Utilities - Renewable,123.98999786376953,False,227.0,True,False,Sector: Utilities,,,False,1896.0,1715.0,True,EXIT
PIXTRANS,PIX Transmissions Limited,Industrials,Specialty Industrial Machinery,1820.300048828125,False,132.0,True,True,Sector: Industrials,37.34,38.11,True,610.0,593.0,True,HOLD
BBL,Bharat Bijlee Limited,Industrials,Electrical Equipment & Parts,2353.89990234375,False,112.0,False,False,Sector: Industrials,-19.4,-18.49,False,2356.0,2274.0,True,EXIT
BETA,BETA,Healthcare,Drug Manufacturers - Specialty & Generic,2295.0,False,46.0,True,True,Sector: Healthcare,12.02,22.4,True,410.0,385.0,True,HOLD
XPROINDIA,Xpro India Limited,Basic Materials,Specialty Chemicals,1121.0999755859375,False,33.0,False,True,Sector: Basic Materials,-2.3,-2.26,False,535.0,535.0,True,EXIT
VEEDOL,Veedol Corporation Limited,Basic Materials,Specialty Chemicals,1510.4000244140625,False,220.0,True,True,Sector: Basic Materials,-9.69,-9.63,False,2263.0,2169.0,True,HOLD
TASTYBITE,Tasty Bite Eatables Limited,Consumer Defensive,Packaged Foods,10104.5,False,36.0,False,True,Sector: Consumer Defensive,2.22,2.34,True,583.0,554.0,True,HOLD
JNKINDIA,JNK India Limited,Industrials,Specialty Industrial Machinery,450.3500061035156,False,73.0,True,True,Sector: Industrials,52.55,53.29,True,899.0,819.0,True,HOLD
KNACK,KNACK,Consumer Cyclical,Packaging & Containers,209.1699981689453,True,,False,False,Sector: Consumer Cyclical,,,False,,,False,EXIT
SPORTKING,Sportking India Limited,Consumer Cyclical,Textile Manufacturing,212.33999633789062,False,162.0,False,True,Sector: Consumer Cyclical,87.14,83.77,True,2614.0,2524.0,True,HOLD
FMGOETZE,Federal-Mogul Goetze (India) Limited,Consumer Cyclical,Auto Parts,474.0,False,178.0,True,True,Sector: Consumer Cyclical,-11.08,-14.2,False,2001.0,1958.0,True,HOLD
INDNIPPON,India Nippon Electricals Limited,Consumer Cyclical,Auto Parts,1100.800048828125,False,115.0,True,True,Sector: Consumer Cyclical,39.98,36.73,True,1148.0,1068.0,True,HOLD
GLOBUSSPR,Globus Spirits Limited,Consumer Defensive,Beverages - Wineries & Distilleries,905.0999755859375,False,100.0,False,False,Sector: Consumer Defensive,-29.69,-29.33,False,2799.0,2710.0,True,EXIT
FISCHER,Fischer Medical Ventures Limited,Healthcare,Medical Devices,38.95000076293945,False,24.0,False,False,Sector: Healthcare,-75.52,-64.48,False,367.0,309.0,True,EXIT
PARKHOTELS,PARKHOTELS,Consumer Cyclical,Lodging,116.4000015258789,False,64.0,False,False,Sector: Consumer Cyclical,-22.5,-25.6,False,718.0,707.0,True,EXIT
RISHABH,Rishabh Instruments Limited,Technology,Scientific & Technical Instruments,684.2000122070312,True,82.0,True,True,Sector: Technology,61.53,59.54,True,783.0,775.0,True,ADD
UTKARSHBNK,Utkarsh Small Finance Bank Limited,Financial Services,Banks - Regional,13.920000076293945,False,-945.0,False,False,Sector: Financial Services,-36.81,-36.23,False,3381.0,3765.0,False,EXIT
SUNDROP,Sundrop Brands Limited,Consumer Defensive,Packaged Foods,652.3499755859375,False,28.0,False,False,Sector: Consumer Defensive,-27.24,-26.91,False,1605.0,1549.0,True,EXIT
STOVEKRAFT,Stove Kraft Limited,Consumer Cyclical,"Furnishings, Fixtures & Appliances",775.9500122070312,False,49.0,False,True,Sector: Consumer Cyclical,17.72,14.52,True,1748.0,1607.0,True,HOLD
SATIN,Satin Creditcare Network Limited,Financial Services,Credit Services,226.97999572753906,False,410.0,False,True,Sector: Financial Services,60.58,60.68,True,3209.0,3143.0,True,HOLD
ARKADE,ARKADE,Real Estate,Real Estate - Development,131.00999450683594,False,-4.0,False,True,Sector: Real Estate,-17.05,-33.11,False,804.0,816.0,False,EXIT
SOLARA,Solara Active Pharma Sciences Limited,Healthcare,Drug Manufacturers - Specialty & Generic,640.0,False,-2.0,False,True,Sector: Healthcare,-13.22,-2.65,False,1431.0,1617.0,False,EXIT
PRAKASH,Prakash Industries Limited,Basic Materials,Steel,129.4499969482422,False,313.0,False,False,Sector: Basic Materials,-20.01,-19.92,False,3474.0,4014.0,False,EXIT
MANGLMCEM,Mangalam Cement Limited,Basic Materials,Building Materials,981.8499755859375,False,115.0,False,True,Sector: Basic Materials,30.37,30.32,True,1762.0,1802.0,False,HOLD
MARATHON,Marathon Nextgen Realty Limited,Real Estate,Real Estate - Development,354.6000061035156,False,197.0,False,False,Sector: Real Estate,-30.92,-46.78,False,553.0,717.0,False,EXIT
SAIPARENT,SAIPARENT,Healthcare,Drug Manufacturers - General,543.4000244140625,False,,False,False,Sector: Healthcare,,,False,,,False,EXIT
COSMOFIRST,Cosmo First Limited,Consumer Cyclical,Packaging & Containers,938.4500122070312,False,167.0,False,True,Sector: Consumer Cyclical,-6.62,-9.75,False,4004.0,3639.0,True,EXIT
SIRCA,Sirca Paints India Limited,Basic Materials,Specialty Chemicals,449.75,False,67.0,True,False,Sector: Basic Materials,-6.05,-6.0,False,508.0,492.0,True,EXIT
PANACEABIO,Panacea Biotec Limited,Healthcare,Biotechnology,413.6499938964844,False,-9.0,False,True,Sector: Healthcare,-11.84,-1.29,False,673.0,687.0,False,EXIT
RAJESHEXPO,Rajesh Exports Limited,Consumer Cyclical,Luxury Goods,79.91000366210938,False,169.0,False,False,Sector: Consumer Cyclical,-55.23,-58.25,False,887510.0,778716.0,True,EXIT
GANDHAR,Gandhar Oil Refinery (India) Limited,Energy,Oil & Gas Refining & Marketing,254.08999633789062,False,317.0,True,True,Sector: Energy,54.55,65.0,True,5052.0,4241.0,True,HOLD
CONFIPET,Confidence Petroleum India Limited,Energy,Oil & Gas Refining & Marketing,72.16000366210938,False,139.0,True,True,Sector: Energy,30.05,41.56,True,6001.0,4705.0,True,HOLD
RANEHOLDIN,Rane Holdings Limited,Consumer Cyclical,Auto Parts,1581.0999755859375,False,128.0,False,True,Sector: Consumer Cyclical,7.43,4.26,True,6129.0,5891.0,True,HOLD
VENUSREM,Venus Remedies Limited,Healthcare,Drug Manufacturers - Specialty & Generic,1765.5999755859375,False,116.0,True,True,Sector: Healthcare,246.36,254.94,True,811.0,770.0,True,HOLD
JGCHEM,JGCHEM,Basic Materials,Other Industrial Metals & Mining,619.9000244140625,True,78.0,True,True,Sector: Basic Materials,21.56,21.53,True,1071.0,973.0,True,ADD
VERANDA,Veranda Learning Solutions Limited,Consumer Defensive,Education & Training Services,255.89999389648438,False,158.0,True,True,Sector: Consumer Defensive,9.59,9.65,True,525.0,482.0,True,HOLD
SHK,S H Kelkar and Company Limited,Basic Materials,Specialty Chemicals,158.5399932861328,False,89.0,False,True,Sector: Basic Materials,-29.82,-29.7,False,2450.0,2368.0,True,EXIT
BOMDYEING,The Bombay Dyeing and Manufacturing Company Limited,Consumer Cyclical,Textile Manufacturing,112.5999984741211,False,20.0,False,False,Sector: Consumer Cyclical,-34.31,-37.37,False,1493.0,4430.0,False,EXIT
SPAL,S.P. Apparels Limited,Consumer Cyclical,Apparel Manufacturing,923.8499755859375,False,105.0,True,True,Sector: Consumer Cyclical,19.88,16.67,True,1576.0,1579.0,False,HOLD
NELCO,Nelco Limited,Technology,Communication Equipment,912.0,False,4.0,False,True,Sector: Technology,28.53,26.76,True,312.0,320.0,False,HOLD
GNA,G N A Axles Limited,Consumer Cyclical,Auto Parts,566.1500244140625,True,132.0,True,True,Sector: Consumer Cyclical,80.4,77.05,True,1605.0,1583.0,True,ADD
EASEMYTRIP,Easy Trip Planners Limited,Consumer Cyclical,Travel Services,6.090000152587891,False,-60.0,False,False,Sector: Consumer Cyclical,-34.99,-38.05,False,557.0,591.0,False,EXIT
AJMERA,Ajmera Realty & Infra India Limited,Real Estate,Real Estate - Development,119.06999969482422,False,163.0,True,False,Sector: Real Estate,-21.78,-37.77,False,1149.0,1090.0,True,EXIT
KICL,Kalyani Investment Company Limited,Financial Services,Asset Management,5258.0,False,41.0,False,True,Sector: Financial Services,7.14,7.51,True,78.0,78.0,True,HOLD
EPACKPEB,EPACKPEB,Industrials,Engineering & Construction,232.89999389648438,False,95.0,True,True,Sector: Industrials,,,False,1596.0,1525.0,True,HOLD
NIBE,Nibe Limited,Industrials,Conglomerates,1503.5999755859375,False,-13.0,False,True,Sector: Industrials,19.05,19.87,True,455.0,507.0,False,HOLD
MOLDTKPAC,Mold-Tek Packaging Limited,Consumer Cyclical,Packaging & Containers,682.4000244140625,False,76.0,False,True,Sector: Consumer Cyclical,-14.22,-17.33,False,947.0,887.0,True,EXIT
ADVAIT,Advait Energy Transitions Limited,Industrials,Specialty Industrial Machinery,2115.39990234375,False,61.0,True,False,Sector: Industrials,,,False,775.0,715.0,True,EXIT
PRABHA,Prabha Energy Limited,Energy,Oil & Gas E&P,212.88999938964844,False,1.13,False,True,Sector: Energy,-37.02,-22.59,False,6.66,33.45,False,EXIT
THEJO,Thejo Engineering Limited,Industrials,Specialty Industrial Machinery,2101.199951171875,False,54.0,False,True,Sector: Industrials,5.4,6.25,True,674.0,632.0,True,HOLD
HLEGLAS,HLE Glascoat Limited,Industrials,Specialty Industrial Machinery,311.79998779296875,False,41.0,False,False,Sector: Industrials,-43.75,-42.79,False,1370.0,1353.0,True,EXIT
SAGCEM,Sagar Cements Limited,Basic Materials,Building Materials,162.4499969482422,False,-36.0,False,False,Sector: Basic Materials,-33.03,-32.9,False,2685.0,2650.0,True,EXIT
BRIGHOTEL,BRIGHOTEL,Consumer Cyclical,Lodging,59.90999984741211,False,75.0,True,False,Sector: Consumer Cyclical,-31.51,-34.58,False,528.0,525.0,True,EXIT
APOLLOPIPE,Apollo Pipes Limited,Industrials,Building Products & Equipment,603.25,False,-15.0,False,True,Sector: Industrials,45.85,46.6,True,1125.0,1182.0,False,HOLD
NITCO,NITCO Limited,Industrials,Building Products & Equipment,89.61000061035156,False,-29.0,False,False,Sector: Industrials,-33.5,-32.56,False,508.0,885.0,False,EXIT
GEOJITFSL,Geojit Financial Services Limited,Financial Services,Capital Markets,80.79000091552734,False,75.0,False,True,Sector: Financial Services,4.81,5.19,True,672.0,749.0,False,HOLD
PROTEAN,Protean eGov Technologies Limited,Technology,Information Technology Services,548.1500244140625,False,83.0,False,False,Sector: Technology,-37.51,-38.85,False,1038.0,998.0,True,EXIT
RAMCOSYS,Ramco Systems Limited,Technology,Software - Application,552.3499755859375,False,42.0,False,True,Sector: Technology,34.28,32.48,True,712.0,701.0,True,HOLD
REPCOHOME,Repco Home Finance Limited,Financial Services,Mortgage Finance,362.79998779296875,False,482.0,True,False,Sector: Financial Services,-5.64,-5.22,False,1819.0,1792.0,True,EXIT
SANSTAR,SANSTAR,Basic Materials,Chemicals,105.2300033569336,False,44.0,False,True,Sector: Basic Materials,26.67,26.62,True,821.0,1110.0,False,HOLD
ALEMBICLTD,Alembic Limited,Real Estate,Real Estate - Development,91.62999725341797,False,321.0,False,False,Sector: Real Estate,-0.74,-17.03,False,239.0,240.0,False,EXIT
ORIENTHOT,Oriental Hotels Limited,Consumer Cyclical,Lodging,137.2899932861328,False,67.0,False,True,Sector: Consumer Cyclical,1.2,-1.96,False,498.0,494.0,True,EXIT
INA,Insolation Energy Limited,Technology,Solar,93.41999816894531,False,196.0,False,False,Sector: Technology,,,False,2525.0,2146.0,True,EXIT
DYCL,Dynamic Cables Limited,Industrials,Electrical Equipment & Parts,453.6000061035156,False,91.0,True,True,Sector: Industrials,-5.75,-4.87,False,1285.0,1198.0,True,HOLD
HONDAPOWER,Honda India Power Products Limited,Industrials,Specialty Industrial Machinery,2073.699951171875,False,66.0,False,False,Sector: Industrials,-35.67,-34.73,False,900.0,1246.0,False,EXIT
BAJEL,Bajel Projects Limited,Utilities,Utilities - Regulated Electric,180.5800018310547,False,22.0,True,True,Sector: Utilities,11.99,-15.44,False,2751.0,2792.0,False,HOLD
SPANDANA,Spandana Sphoorty Financial Limited,Financial Services,Credit Services,243.4499969482422,False,-327.0,False,False,Sector: Financial Services,-2.65,-2.24,False,1007.0,2401.0,False,EXIT
BHARATRAS,Bharat Rasayan Limited,Basic Materials,Agricultural Inputs,1303.4000244140625,False,143.0,False,False,Sector: Basic Materials,-54.2,-54.01,False,1203.0,1301.0,False,EXIT
VINCOFE,Vintage Coffee and Beverages Limited,Consumer Defensive,Beverages - Non-Alcoholic,152.82000732421875,False,79.0,True,True,Sector: Consumer Defensive,-4.53,-4.36,False,612.0,553.0,True,HOLD
SHRINGARMS,Shringar House of Mangalsutra Limited,Consumer Cyclical,Luxury Goods,223.97999572753906,False,121.0,True,True,Sector: Consumer Cyclical,,,False,2462.0,2246.0,True,HOLD
VENKEYS,Venky's (India) Limited,Consumer Defensive,Farm Products,1512.0,False,173.0,False,True,Sector: Consumer Defensive,-0.33,-0.19,False,3980.0,4400.0,False,EXIT
TCIEXP,TCI Express Limited,Industrials,Integrated Freight & Logistics,544.6500244140625,False,82.0,False,False,Sector: Industrials,-21.82,-20.91,False,1264.0,1254.0,True,EXIT
SOMANYCERA,Somany Ceramics Limited,Industrials,Building Products & Equipment,511.1000061035156,False,101.0,False,True,Sector: Industrials,-1.89,-1.02,False,2935.0,2790.0,True,EXIT
TAJGVK,TAJGVK Hotels & Resorts Limited,Consumer Cyclical,Lodging,347.8999938964844,False,416.0,True,False,Sector: Consumer Cyclical,-21.7,-24.8,False,567.0,508.0,True,EXIT
GREENPANEL,Greenpanel Industries Limited,Basic Materials,Lumber & Wood Production,160.25999450683594,False,7.0,False,False,Sector: Basic Materials,-39.49,-39.34,False,1561.0,1783.0,False,EXIT
LAOPALA,La Opala RG Limited,Consumer Cyclical,"Furnishings, Fixtures & Appliances",178.35000610351562,False,93.0,False,False,Sector: Consumer Cyclical,-25.0,-28.09,False,315.0,452.0,False,EXIT
PARACABLES,Paramount Communications Limited,Technology,Communication Equipment,63.04999923706055,False,61.0,False,True,Sector: Technology,29.76,27.98,True,1992.0,1913.0,True,HOLD
NGLFINE,NGL Fine-Chem Limited,Healthcare,Drug Manufacturers - General,3033.300048828125,False,57.0,True,True,Sector: Healthcare,94.89,104.63,True,536.0,501.0,True,HOLD
LANDMARK,Landmark Cars Limited,Consumer Cyclical,Auto & Truck Dealerships,509.20001220703125,False,45.0,False,True,Sector: Consumer Cyclical,-9.08,-12.22,False,5137.0,4896.0,True,EXIT
SAKSOFT,Saksoft Limited,Technology,Information Technology Services,163.72000122070312,False,130.0,False,False,Sector: Technology,-24.23,-25.66,False,1007.0,1007.0,True,EXIT
EXICOM,Exicom Tele-Systems Limited,Industrials,Electrical Equipment & Parts,157.02999877929688,False,-265.0,False,True,Sector: Industrials,4.62,5.47,True,1277.0,1152.0,True,HOLD
HUHTAMAKI,Huhtamaki India Limited,Consumer Cyclical,Packaging & Containers,274.6000061035156,False,89.0,True,True,Sector: Consumer Cyclical,28.48,25.26,True,2178.0,2037.0,True,HOLD
EPACK,EPACK Durable Limited,Consumer Cyclical,"Furnishings, Fixtures & Appliances",203.05999755859375,False,-8.0,False,False,Sector: Consumer Cyclical,-44.55,-47.59,False,2118.0,2171.0,False,EXIT
ARMANFIN,Arman Financial Services Limited,Financial Services,Credit Services,1973.0999755859375,False,116.0,False,True,Sector: Financial Services,27.01,27.28,True,697.0,730.0,False,HOLD
PENIND,Pennar Industries Limited,Industrials,Specialty Industrial Machinery,163.2899932861328,False,142.0,True,False,Sector: Industrials,-40.69,-39.74,False,3645.0,3620.0,True,EXIT
HESTERBIO,Hester Biosciences Limited,Healthcare,Drug Manufacturers - Specialty & Generic,2413.10009765625,False,137.0,True,True,Sector: Healthcare,7.63,18.04,True,326.0,333.0,False,HOLD
GMBREW,G.M. Breweries Limited,Consumer Defensive,Beverages - Wineries & Distilleries,883.2000122070312,False,169.0,True,False,Sector: Consumer Defensive,27.98,27.91,True,785.0,748.0,True,HOLD
HPL,HPL Electric & Power Limited,Industrials,Electrical Equipment & Parts,314.6499938964844,False,91.0,False,False,Sector: Industrials,-41.34,-40.38,False,1943.0,1811.0,True,EXIT
DOLPHIN,Dolphin Offshore Enterprises (India) Limited,Energy,Oil & Gas Equipment & Services,621.5999755859375,False,72.0,True,True,Sector: Energy,27.86,39.47,True,143.0,416.0,False,HOLD
JAYKAY,Jaykay Enterprises Limited,Industrials,Specialty Business Services,145.67999267578125,False,200.0,False,False,Sector: Industrials,,,False,259.0,258.0,True,EXIT
INDOCO,Indoco Remedies Limited,Healthcare,Drug Manufacturers - Specialty & Generic,222.67999267578125,False,3.0,False,False,Sector: Healthcare,-36.67,-25.92,False,1873.0,1845.0,True,EXIT
EMSLIMITED,EMS Limited,Industrials,Engineering & Construction,405.0,False,69.0,False,True,Sector: Industrials,-30.42,-29.49,False,652.0,966.0,False,EXIT
KCP,The KCP Limited,Basic Materials,Building Materials,165.0800018310547,False,242.0,False,False,Sector: Basic Materials,-23.37,-23.27,False,2679.0,2846.0,False,EXIT
HINDOILEXP,Hindustan Oil Exploration Company Limited,Energy,Oil & Gas E&P,158.1999969482422,False,25.0,False,True,Sector: Energy,-23.07,-9.25,False,299.0,749.0,False,EXIT
BFUTILITIE,BF Utilities Limited,Industrials,Infrastructure Operations,528.4500122070312,False,-9.21,False,False,Sector: Industrials,-37.13,-36.18,False,18.98,21.25,False,EXIT
BCG,Brightcom Group Limited,Communication Services,Advertising Agencies,9.359999656677246,False,1013.0,False,False,Sector: Communication Services,-25.29,-46.34,False,7225.0,7397.0,False,EXIT
CAMLINFINE,Camlin Fine Sciences Limited,Basic Materials,Specialty Chemicals,108.37999725341797,False,1.0,False,False,Sector: Basic Materials,-48.74,-48.56,False,1845.0,1723.0,True,EXIT
ESAFSFB,ESAF Small Finance Bank,Financial Services,Banks - Regional,43.27000045776367,False,-5.0,False,True,Sector: Financial Services,41.69,41.89,True,3807.0,3858.0,False,HOLD
AEROPLANE,AEROPLANE,Consumer Defensive,Farm Products,182.55999755859375,False,124.0,True,False,Sector: Consumer Defensive,,,False,2523.0,2287.0,True,EXIT
CANTABIL,Cantabil Retail India Limited,Consumer Cyclical,Apparel Manufacturing,247.30999755859375,False,97.0,True,False,Sector: Consumer Cyclical,-2.59,-5.74,False,873.0,853.0,True,EXIT
SIMPLEXINF,Simplex Infrastructures Limited,Industrials,Engineering & Construction,259.45001220703125,False,46.0,False,True,Sector: Industrials,-18.54,-17.63,False,1069.0,6202.0,False,EXIT
TIL,TIL Limited,Industrials,Farm & Heavy Construction Machinery,231.60000610351562,False,-29.0,False,False,Sector: Industrials,-22.78,-21.86,False,377.0,1472.0,False,EXIT
GOCLCORP,GOCL Corporation Limited,Basic Materials,Specialty Chemicals,398.25,False,340.0,False,True,Sector: Basic Materials,0.85,0.89,True,11.0,921.0,False,HOLD
TINNARUBR,Tinna Rubber and Infrastructure Limited,Basic Materials,Specialty Chemicals,1047.4000244140625,False,62.0,True,True,Sector: Basic Materials,24.26,24.22,True,572.0,546.0,True,HOLD
DCXINDIA,DCX Systems Limited,Industrials,Aerospace & Defense,173.7100067138672,False,-20.0,False,False,Sector: Industrials,-35.69,-34.75,False,624.0,1424.0,False,EXIT
WINDLAS,Windlas Biotech Limited,Healthcare,Drug Manufacturers - Specialty & Generic,988.2000122070312,False,66.0,True,True,Sector: Healthcare,-20.16,-9.53,False,942.0,904.0,True,HOLD
NDRAUTO,NDR Auto Components Limited,Consumer Cyclical,Auto Parts,773.7999877929688,False,65.0,True,False,Sector: Consumer Cyclical,-22.85,-25.95,False,859.0,823.0,True,EXIT
INDIANHUME,The Indian Hume Pipe Company Limited,Industrials,Engineering & Construction,368.3500061035156,False,143.0,False,True,Sector: Industrials,-8.94,-8.06,False,1301.0,1792.0,False,EXIT
WEL,Wonder Electricals Limited,Consumer Cyclical,"Furnishings, Fixtures & Appliances",136.0399932861328,False,12.0,False,True,Sector: Consumer Cyclical,-7.44,-10.57,False,734.0,894.0,False,EXIT
JISLJALEQS,Jain Irrigation Systems Limited,Industrials,Conglomerates,28.219999313354492,False,-69.0,False,False,Sector: Industrials,-48.79,-47.81,False,6362.0,8536.0,False,EXIT
MUKANDLTD,Mukand Limited,Basic Materials,Steel,136.9600067138672,False,632.0,False,True,Sector: Basic Materials,-2.54,-2.49,False,5121.0,5568.0,False,EXIT
TIRUMALCHM,Thirumalai Chemicals Limited,Basic Materials,Specialty Chemicals,156.41000366210938,False,-152.0,False,False,Sector: Basic Materials,-49.42,-49.25,False,1832.0,2132.0,False,EXIT
SAKAR,Sakar Healthcare Limited,Healthcare,Drug Manufacturers - Specialty & Generic,884.6500244140625,False,36.0,True,True,Sector: Healthcare,159.87,169.12,True,272.0,252.0,True,HOLD
TEAMLEASE,TeamLease Services Limited,Industrials,Staffing & Employment Services,1242.0999755859375,False,151.0,True,False,Sector: Industrials,-35.41,-34.47,False,11982.0,11791.0,True,EXIT
TARSONS,Tarsons Products Limited,Healthcare,Medical Instruments & Supplies,337.29998779296875,False,11.0,False,True,Sector: Healthcare,-6.06,4.46,False,441.0,423.0,True,EXIT
AWFIS,AWFIS,Industrials,Rental & Leasing Services,263.0,False,85.0,True,False,Sector: Industrials,-56.92,-55.92,False,1584.0,1493.0,True,EXIT
MOTISONS,MOTISONS,Consumer Cyclical,Luxury Goods,16.59000015258789,False,,False,True,Sector: Consumer Cyclical,-16.94,-20.05,False,,,False,EXIT
VIDYAWIRES,VIDYAWIRES,Industrials,Electrical Equipment & Parts,87.4000015258789,False,63.0,True,False,Sector: Industrials,,,False,1978.0,1840.0,True,EXIT
HGS,Hinduja Global Solutions Limited,Industrials,Specialty Business Services,406.5,False,-72.0,False,False,Sector: Industrials,-27.25,-26.32,False,4301.0,4986.0,False,EXIT
MSPL,MSP Steel & Power Limited,Basic Materials,Steel,33.959999084472656,False,38.0,True,False,Sector: Basic Materials,5.43,5.44,True,2959.0,2905.0,True,HOLD
SCILAL,Shipping Corporation of India Land and Assets Limited,Real Estate,Real Estate Services,40.0099983215332,False,28.0,False,False,Sector: Real Estate,-4.69,-20.93,False,25.0,23.0,True,EXIT
HATHWAY,Hathway Cable and Datacom Limited,Communication Services,Entertainment,10.539999961853027,False,76.0,False,False,NIFTY MEDIA,-26.31,-31.13,False,2184.0,2150.0,True,EXIT
SERVOTECH,Servotech Renewable Power System Limited,Industrials,Electrical Equipment & Parts,82.55999755859375,False,35.0,True,False,Sector: Industrials,-38.91,-37.95,False,751.0,674.0,True,EXIT
CNL,Creative Newtech Limited,Technology,Electronics & Computer Distribution,1248.1500244140625,True,74.0,True,True,Sector: Technology,90.97,88.79,True,2787.0,2705.0,True,ADD
KRSNAA,Krsnaa Diagnostics Limited,Healthcare,Diagnostics & Research,550.0,False,97.0,False,False,Sector: Healthcare,-45.22,-34.4,False,815.0,773.0,True,EXIT
GRMOVER,GRM Overseas Limited,Consumer Defensive,Packaged Foods,86.52999877929688,False,76.0,False,False,Sector: Consumer Defensive,-31.1,-30.74,False,1869.0,1769.0,True,EXIT
BGRENERGY,BGR Energy Systems Limited,Industrials,Engineering & Construction,243.64999389648438,False,-1249.0,False,False,Sector: Industrials,42.87,43.63,True,227.0,3441.0,False,EXIT
ALGOQUANT,Algoquant Fintech Limited,Financial Services,Capital Markets,65.12999725341797,False,45.0,True,False,Sector: Financial Services,,,False,259.0,235.0,True,EXIT
NUCLEUS,Nucleus Software Exports Limited,Technology,Software - Application,736.5999755859375,False,105.0,False,False,Sector: Technology,-30.54,-31.92,False,869.0,876.0,False,EXIT
SBC,SBC Exports Limited,Industrials,Conglomerates,39.86000061035156,False,38.0,True,True,Sector: Industrials,106.15,106.76,True,452.0,403.0,True,HOLD
INSECTICID,Insecticides (India) Limited,Basic Materials,Agricultural Inputs,606.5499877929688,False,125.0,False,False,Sector: Basic Materials,-30.14,-30.02,False,2060.0,2140.0,False,EXIT
PAUSHAKLTD,Paushak Limited,Basic Materials,Specialty Chemicals,787.4000244140625,True,42.0,False,False,Sector: Basic Materials,,,False,246.0,219.0,True,EXIT
EIHAHOTELS,EIH Associated Hotels Limited,Consumer Cyclical,Lodging,294.6499938964844,False,88.0,False,False,Sector: Consumer Cyclical,-27.25,-30.34,False,381.0,408.0,False,EXIT
PFS,PTC India Financial Services Limited,Financial Services,Credit Services,27.81999969482422,False,223.0,False,False,Sector: Financial Services,-32.1,-31.55,False,476.0,1364.0,False,EXIT
OMAXE,Omaxe Limited,Real Estate,Real Estate - Development,103.16000366210938,False,-510.0,False,True,Sector: Real Estate,25.09,8.44,True,1377.0,1839.0,False,HOLD
ASIANENE,Asian Energy Services Limited,Energy,Oil & Gas Equipment & Services,484.8999938964844,True,59.0,True,True,Sector: Energy,25.84,37.54,True,947.0,791.0,True,ADD
CAPACITE,Capacit'e Infraprojects Limited,Industrials,Engineering & Construction,203.72999572753906,False,186.0,False,False,Sector: Industrials,-32.02,-31.08,False,2662.0,2623.0,True,EXIT
PNGSREVA,PNGSREVA,Consumer Cyclical,Luxury Goods,552.5,False,84.0,True,False,Sector: Consumer Cyclical,,,False,503.0,439.0,True,EXIT
KABRAEXTRU,Kabra Extrusiontechnik Limited,Industrials,Specialty Industrial Machinery,529.0999755859375,False,1.0,False,True,Sector: Industrials,105.46,106.08,True,490.0,670.0,False,HOLD
5PAISA,5paisa Capital Limited,Financial Services,Capital Markets,390.8999938964844,False,44.0,False,True,Sector: Financial Services,5.75,6.12,True,330.0,395.0,False,HOLD
MARSONS,Marsons Limited,Industrials,Electrical Equipment & Parts,112.1500015258789,False,44.0,False,False,Sector: Industrials,,,False,248.0,245.0,True,EXIT
GOODYEAR,Goodyear India Limited,Consumer Cyclical,Auto Parts,762.9000244140625,False,54.0,False,False,Sector: Consumer Cyclical,,,False,2594.0,2928.0,False,EXIT
KAPSTON,Kapston Services Limited,Industrials,Specialty Business Services,524.7999877929688,False,30.0,True,True,Sector: Industrials,110.71,111.31,True,861.0,830.0,True,HOLD
YATRA,Yatra Online Limited,Consumer Cyclical,Travel Services,114.63999938964844,False,31.0,False,False,Sector: Consumer Cyclical,-25.73,-28.82,False,985.0,1007.0,False,EXIT
SHANTIGOLD,SHANTIGOLD,Consumer Cyclical,Luxury Goods,254.05999755859375,True,186.0,True,True,Sector: Consumer Cyclical,6.82,3.65,True,2442.0,2019.0,True,ADD
RICOAUTO,Rico Auto Industries Limited,Consumer Cyclical,Auto Parts,131.5399932861328,False,32.0,False,True,Sector: Consumer Cyclical,36.57,33.32,True,2689.0,2478.0,True,HOLD
JAICORPLTD,Jai Corp Limited,Basic Materials,Specialty Chemicals,100.52999877929688,False,93.0,False,False,Sector: Basic Materials,-25.7,-25.59,False,541.0,720.0,False,EXIT
MAHASTEEL,Mahamaya Steel Industries Limited,Basic Materials,Steel,1144.800048828125,True,10.0,True,True,Sector: Basic Materials,220.23,219.62,True,943.0,883.0,True,ADD
MACPOWER,Macpower CNC Machines Limited,Industrials,Specialty Industrial Machinery,1945.9000244140625,True,39.0,True,True,Sector: Industrials,134.74,135.28,True,367.0,333.0,True,ADD
BFINVEST,BF Investment Limited,Financial Services,Asset Management,451.5,False,390.0,False,True,Sector: Financial Services,-6.12,-5.69,False,78.0,1074.0,False,EXIT
GOCOLORS,Go Fashion (India) Limited,Consumer Cyclical,Apparel Retail,330.1499938964844,False,53.0,False,False,Sector: Consumer Cyclical,-49.33,-52.36,False,838.0,848.0,False,EXIT
CEINSYS,Ceinsys Tech Limited,Industrials,Engineering & Construction,761.0,False,133.0,True,False,Sector: Industrials,,,False,662.0,661.0,True,EXIT
KPEL,K.P. Energy Limited,Industrials,Engineering & Construction,256.6499938964844,False,182.0,True,False,Sector: Industrials,-41.04,-40.08,False,1797.0,1497.0,True,EXIT
JINDRILL,Jindal Drilling & Industries Limited,Energy,Oil & Gas Equipment & Services,628.7000122070312,False,192.0,False,True,Sector: Energy,-13.88,-0.46,False,1018.0,997.0,True,EXIT
GARUDA,GARUDA,Industrials,Engineering & Construction,182.25,False,136.0,True,False,Sector: Industrials,-11.7,-10.81,False,581.0,531.0,True,EXIT
ACCELYA,Accelya Solutions India Limited,Technology,Information Technology Services,1139.5,False,,False,False,Sector: Technology,-20.37,-21.82,False,,,False,EXIT
AURUM,Aurum PropTech Limited,Real Estate,Real Estate Services,229.8000030517578,False,56.0,False,True,Sector: Real Estate,44.23,27.31,True,431.0,988.0,False,HOLD
MCLOUD,Magellanic Cloud Limited,Technology,Information Technology Services,29.56999969482422,False,110.0,False,False,Sector: Technology,-66.59,-67.73,False,714.0,698.0,True,EXIT
RHETAN,Rhetan TMT Limited,Basic Materials,Steel,22.030000686645508,False,13.0,True,False,Sector: Basic Materials,,,False,23.0,86.0,False,EXIT
TBZ,Tribhovandas Bhimji Zaveri Limited,Consumer Cyclical,Luxury Goods,248.85000610351562,False,214.0,True,True,Sector: Consumer Cyclical,31.45,28.22,True,3420.0,3203.0,True,HOLD
STUDDS,STUDDS,Consumer Cyclical,Auto Parts,448.0,False,75.0,False,False,Sector: Consumer Cyclical,,,False,655.0,634.0,True,EXIT
SMCGLOBAL,SMC Global Securities Limited,Financial Services,Capital Markets,81.12999725341797,False,110.0,False,True,Sector: Financial Services,15.22,15.54,True,1967.0,1878.0,True,HOLD
BLUSPRING,Bluspring Enterprises Limited,Industrials,Specialty Business Services,117.95999908447266,True,-17.0,True,True,Sector: Industrials,38.4,39.17,True,3534.0,3484.0,True,ADD
MTNL,Mahanagar Telephone Nigam Limited,Communication Services,Telecom Services,26.790000915527344,False,-3006.0,False,False,Sector: Communication Services,-21.96,-43.07,False,988.0,3494.0,False,EXIT
VOEPL,Virtuoso Optoelectronics Limited,Technology,Consumer Electronics,485.54998779296875,False,18.0,True,False,Sector: Technology,,,False,996.0,824.0,True,EXIT
RATNAVEER,Ratnaveer Precision Engineering Limited,Basic Materials,Steel,269.239990234375,True,68.0,True,True,Sector: Basic Materials,77.53,77.34,True,1119.0,1069.0,True,ADD
SHALBY,Shalby Limited,Healthcare,Medical Care Facilities,154.57000732421875,False,38.0,False,False,Sector: Healthcare,-35.64,-24.9,False,1176.0,1141.0,True,EXIT
RACLGEAR,RACL Geartech Limited,Consumer Cyclical,Auto Parts,1435.5,False,50.0,True,True,Sector: Consumer Cyclical,55.48,52.18,True,522.0,490.0,True,HOLD
TTKHLTCARE,TTK Healthcare Limited,Healthcare,Drug Manufacturers - General,1082.0999755859375,False,74.0,False,True,Sector: Healthcare,-14.13,-3.56,False,888.0,857.0,True,EXIT
HINDWAREAP,Hindware Home Innovation Limited,Consumer Cyclical,"Furnishings, Fixtures & Appliances",198.4499969482422,False,-6.0,False,False,Sector: Consumer Cyclical,-34.76,-37.82,False,2604.0,2872.0,False,EXIT
IFGLEXPOR,IFGL Refractories Limited,Basic Materials,Building Materials,215.9199981689453,False,41.0,False,True,Sector: Basic Materials,-21.04,-20.94,False,1953.0,1894.0,True,EXIT
DELTACORP,Delta Corp Limited,Consumer Cyclical,Resorts & Casinos,59.52000045776367,False,-157.0,False,False,Sector: Consumer Cyclical,-34.1,-37.17,False,673.0,964.0,False,EXIT
IPL,India Pesticides Limited,Basic Materials,Agricultural Inputs,138.05999755859375,False,108.0,False,False,Sector: Basic Materials,-40.53,-40.38,False,1034.0,1057.0,False,EXIT
SURYODAY,Suryoday Small Finance Bank Limited,Financial Services,Banks - Regional,154.5399932861328,False,192.0,False,True,Sector: Financial Services,15.67,16.0,True,2287.0,2160.0,True,HOLD
KRISHNADEF,KRISHNADEF,Industrials,Specialty Industrial Machinery,1037.9000244140625,False,43.0,True,True,Sector: Industrials,37.67,38.45,True,234.0,245.0,False,HOLD
MOL,Meghmani Organics Limited,Basic Materials,Agricultural Inputs,61.43000030517578,False,64.0,False,True,Sector: Basic Materials,-29.74,-29.62,False,2103.0,2553.0,False,EXIT
MVELECTRO,MVELECTRO,Industrials,Electrical Equipment & Parts,568.2999877929688,False,,False,False,Sector: Industrials,,,False,,,False,EXIT
VIKRAN,VIKRAN,Industrials,Engineering & Construction,62.619998931884766,False,104.0,True,False,Sector: Industrials,,,False,1294.0,1249.0,True,EXIT
SPMLINFRA,SPML Infra Limited,Industrials,Engineering & Construction,190.88999938964844,False,85.0,True,False,Sector: Industrials,-36.65,-35.7,False,995.0,2276.0,False,EXIT
MOBIKWIK,MOBIKWIK,Technology,Software - Infrastructure,195.66000366210938,False,-13.0,False,False,Sector: Technology,-12.09,-13.59,False,1129.0,1170.0,False,EXIT
SURAKSHA,SURAKSHA,Healthcare,Diagnostics & Research,305.1499938964844,False,35.0,True,True,Sector: Healthcare,-12.54,-1.98,False,325.0,310.0,True,HOLD
WENDT,Wendt (India) Limited,Industrials,Tools & Accessories,8109.5,False,17.0,False,True,Sector: Industrials,-23.72,-22.81,False,255.0,236.0,True,EXIT
HITECH,Hi-Tech Pipes Limited,Basic Materials,Steel,77.88999938964844,False,75.0,False,False,Sector: Basic Materials,-14.24,-14.16,False,4822.0,4200.0,True,EXIT
IKIO,IKIO Technologies Limited,Technology,Electronic Components,195.6999969482422,False,50.0,False,True,Sector: Technology,-14.17,-15.65,False,644.0,595.0,True,EXIT
SUMMITSEC,Summit Securities Limited,Financial Services,Capital Markets,1427.199951171875,False,120.0,False,False,Sector: Financial Services,-33.6,-33.04,False,194.0,144.0,True,EXIT
INFOBEAN,InfoBeans Technologies Limited,Technology,Software - Application,156.77999877929688,False,85.0,False,False,Sector: Technology,-5.66,-7.2,False,554.0,514.0,True,EXIT
AYMSYNTEX,AYM Syntex Limited,Consumer Cyclical,Textile Manufacturing,262.5,False,19.0,True,True,Sector: Consumer Cyclical,39.5,36.25,True,1390.0,1489.0,False,HOLD
BHARATSE,Bharat Seats Limited,Consumer Cyclical,Auto Parts,230.25999450683594,False,46.0,True,True,Sector: Consumer Cyclical,76.77,73.43,True,2102.0,1951.0,True,HOLD
DOLLAR,Dollar Industries Limited,Consumer Cyclical,Apparel Manufacturing,272.1499938964844,False,112.0,False,False,Sector: Consumer Cyclical,-24.93,-28.02,False,1887.0,1881.0,True,EXIT
GTLINFRA,GTL Infrastructure Limited,Technology,Communication Equipment,1.2100000381469727,False,1081.0,True,False,Sector: Technology,-21.81,-23.25,False,1365.0,2333.0,False,EXIT
VIDHIING,Vidhi Specialty Food Ingredients Limited,Basic Materials,Specialty Chemicals,319.5,False,53.0,False,True,Sector: Basic Materials,-15.77,-15.69,False,438.0,537.0,False,EXIT
MBEL,MBEL,Industrials,Engineering & Construction,278.1000061035156,False,97.0,True,False,Sector: Industrials,-41.65,-40.7,False,1313.0,1260.0,True,EXIT
SDBL,Som Distilleries & Breweries Limited,Consumer Defensive,Beverages - Brewers,73.56999969482422,False,-30.0,False,False,Sector: Consumer Defensive,-50.5,-50.0,False,970.0,1443.0,False,EXIT
JISLDVREQS,Jain Irrigation Systems Limited,Industrials,Conglomerates,21.350000381469727,False,,False,False,Sector: Industrials,-33.7,-32.76,False,,,False,EXIT
ONEPOINT,One Point One Solutions Limited,Industrials,Specialty Business Services,56.61000061035156,False,45.0,True,True,Sector: Industrials,18.83,19.64,True,403.0,313.0,True,HOLD
WALCHANNAG,Walchandnagar Industries Limited,Industrials,Engineering & Construction,223.91000366210938,False,-3.0,False,True,Sector: Industrials,17.24,18.07,True,317.0,802.0,False,HOLD
DSSL,Dynacons Systems & Solutions Limited,Technology,Information Technology Services,1093.699951171875,False,85.0,True,False,Sector: Technology,15.45,13.77,True,1409.0,1424.0,False,HOLD
IVALUE,iValue Infosolutions Limited,Technology,Information Technology Services,279.6499938964844,False,104.0,True,True,Sector: Technology,,,False,1007.0,1296.0,False,HOLD
ASIANTILES,Asian Granito India Limited,Industrials,Building Products & Equipment,45.41999816894531,False,11.0,False,False,Sector: Industrials,-28.19,-27.26,False,1938.0,1858.0,True,EXIT
ALLCARGO,Allcargo Logistics Limited,Industrials,Integrated Freight & Logistics,10.510000228881836,False,45.0,False,False,Sector: Industrials,-72.56,-71.53,False,2113.0,19062.0,False,EXIT
NAVKARCORP,Navkar Corporation Limited,Industrials,Integrated Freight & Logistics,96.87999725341797,False,90.0,True,False,Sector: Industrials,-23.16,-22.24,False,412.0,371.0,True,EXIT
JAGSNPHARM,Jagsonpal Pharmaceuticals Limited,Healthcare,Drug Manufacturers - Specialty & Generic,232.99000549316406,False,45.0,False,True,Sector: Healthcare,-19.4,-8.78,False,294.0,287.0,True,EXIT
DLINKINDIA,D-Link (India) Limited,Technology,Communication Equipment,438.3999938964844,False,107.0,True,False,Sector: Technology,-11.77,-13.27,False,1672.0,1566.0,True,EXIT
DIGITIDE,Digitide Solutions Limited,Industrials,Specialty Business Services,96.56999969482422,False,-1.0,False,False,Sector: Industrials,-57.54,-56.55,False,3120.0,3269.0,False,EXIT
AGL,AGL,Industrials,Integrated Freight & Logistics,12.729999542236328,False,,False,False,Sector: Industrials,,,False,,,False,EXIT
INDORAMA,Indo Rama Synthetics (India) Limited,Consumer Cyclical,Textile Manufacturing,61.290000915527344,False,161.0,False,True,Sector: Consumer Cyclical,9.43,6.26,True,4541.0,4910.0,False,HOLD
SESHAPAPER,Seshasayee Paper and Boards Limited,Basic Materials,Paper & Paper Products,230.36000061035156,False,99.0,False,False,Sector: Basic Materials,-17.68,-17.59,False,1817.0,2083.0,False,EXIT
GPTINFRA,GPT Infraprojects Limited,Industrials,Engineering & Construction,112.87000274658203,False,96.0,False,False,Sector: Industrials,-7.86,-6.98,False,1279.0,1290.0,False,EXIT
NITTAGELA,Nitta Gelatin India Limited,Basic Materials,Specialty Chemicals,1577.5999755859375,False,103.0,True,False,Sector: Basic Materials,,,False,590.0,588.0,True,EXIT
DIFFNKG,DIFFNKG,Industrials,Specialty Industrial Machinery,401.79998779296875,False,55.0,True,True,Sector: Industrials,12.31,13.14,True,436.0,407.0,True,HOLD
AEROENTER,Aeroflex Enterprises Limited,Basic Materials,Steel,130.64999389648438,False,174.0,False,True,Sector: Basic Materials,35.71,35.64,True,752.0,698.0,True,HOLD
QUADFUTURE,QUADFUTURE,Industrials,Railroads,337.79998779296875,False,-39.0,False,True,Sector: Industrials,-17.65,-16.75,False,165.0,153.0,True,EXIT
IGARASHI,Igarashi Motors India Limited,Consumer Cyclical,Auto Parts,446.79998779296875,False,16.0,False,True,Sector: Consumer Cyclical,-8.91,-12.04,False,912.0,866.0,True,EXIT
AMRUTANJAN,Amrutanjan Health Care Limited,Healthcare,Drug Manufacturers - Specialty & Generic,521.6500244140625,False,54.0,False,False,Sector: Healthcare,-40.41,-29.63,False,511.0,503.0,True,EXIT
ASALCBR,Associated Alcohols & Breweries Limited,Consumer Defensive,Beverages - Wineries & Distilleries,722.7999877929688,False,83.0,False,False,Sector: Consumer Defensive,-33.58,-33.2,False,1034.0,1075.0,False,EXIT
PNBGILTS,PNB Gilts Ltd.,Financial Services,Capital Markets,79.11000061035156,False,102.0,False,False,Sector: Financial Services,-27.8,-27.27,False,1747.0,1699.0,True,EXIT
SIGNPOST,Signpost India Limited,Communication Services,Advertising Agencies,266.3500061035156,False,74.0,True,True,Sector: Communication Services,16.34,-5.38,False,591.0,576.0,True,HOLD
UDS,Updater Services Limited,Industrials,Specialty Business Services,212.75,False,84.0,False,True,Sector: Industrials,-18.32,-17.41,False,3004.0,2940.0,True,EXIT
UGROCAP,UGRO Capital Limited,Financial Services,Credit Services,87.02999877929688,False,140.0,False,False,Sector: Financial Services,-47.45,-46.82,False,1770.0,1785.0,False,EXIT
ARFIN,Arfin India Limited,Basic Materials,Aluminum,82.70999908447266,False,18.0,True,True,Sector: Basic Materials,141.56,141.18,True,722.0,618.0,True,HOLD
ALLTIME,ALLTIME,Consumer Defensive,Household & Personal Products,208.2100067138672,False,35.0,False,False,Sector: Consumer Defensive,-34.33,-33.94,False,614.0,611.0,True,EXIT
IGPL,I G Petrochemicals Limited,Basic Materials,Chemicals,471.04998779296875,False,82.0,False,True,Sector: Basic Materials,1.69,1.72,True,2073.0,2352.0,False,HOLD
IZMO,IZMO Limited,Technology,Software - Application,866.4500122070312,False,54.0,True,True,Sector: Technology,56.07,54.12,True,294.0,285.0,True,HOLD
SYNCOMF,Syncom Formulations (India) Limited,Healthcare,Drug Manufacturers - Specialty & Generic,15.460000038146973,False,86.0,True,True,Sector: Healthcare,-23.29,-12.65,False,498.0,489.0,True,HOLD
STEELXIND,Steel Exchange India Limited,Basic Materials,Steel,10.539999961853027,False,32.0,False,True,Sector: Basic Materials,5.43,5.45,True,1029.0,1658.0,False,HOLD
CLSEL,Chaman Lal Setia Exports Ltd.,Consumer Defensive,Packaged Foods,278.45001220703125,False,125.0,True,True,Sector: Consumer Defensive,-4.43,-4.26,False,1478.0,1495.0,False,HOLD
JAYBARMARU,Jay Bharat Maruti Limited,Consumer Cyclical,Auto Parts,127.19000244140625,False,138.0,False,True,Sector: Consumer Cyclical,55.82,52.52,True,2621.0,2551.0,True,HOLD
RSL,RSL,Basic Materials,Steel,165.5500030517578,True,59.0,True,False,Sector: Basic Materials,,,False,1082.0,1007.0,True,EXIT
ANDHRSUGAR,The Andhra Sugars Limited,Basic Materials,Chemicals,102.73999786376953,False,109.0,False,True,Sector: Basic Materials,26.31,26.27,True,2493.0,2466.0,True,HOLD
SPIC,Southern Petrochemical Industries Corporation Limited,Basic Materials,Agricultural Inputs,68.02999877929688,False,205.0,False,False,Sector: Basic Materials,-41.91,-41.75,False,3024.0,3086.0,False,EXIT
TEXINFRA,Texmaco Infrastructure & Holdings Limited,Real Estate,Real Estate Services,108.61000061035156,False,9.39,False,True,Sector: Real Estate,25.04,8.39,True,17.02,23.9,False,HOLD
NINSYS,NINtec Systems Limited,Technology,Information Technology Services,729.2000122070312,False,34.0,True,True,Sector: Technology,68.22,66.19,True,177.0,170.0,True,HOLD
ATULAUTO,Atul Auto Limited,Consumer Cyclical,Auto Manufacturers,487.3500061035156,False,49.0,False,True,Sector: Consumer Cyclical,10.29,7.12,True,890.0,824.0,True,HOLD
SOLARWORLD,SOLARWORLD,Technology,Solar,149.82000732421875,False,117.0,False,False,Sector: Technology,,,False,1476.0,1376.0,True,EXIT
SKMEGGPROD,SKM Egg Products Export (India) Limited,Consumer Defensive,Packaged Foods,255.47999572753906,False,111.0,True,True,Sector: Consumer Defensive,54.06,53.8,True,777.0,768.0,True,HOLD
INDOBORAX,Indo Borax & Chemicals Limited,Basic Materials,Chemicals,498.1499938964844,True,56.0,True,True,Sector: Basic Materials,81.73,81.53,True,232.0,225.0,True,ADD
JAGRAN,Jagran Prakashan Limited,Communication Services,Publishing,61.790000915527344,False,179.0,False,False,Sector: Communication Services,4.48,-17.04,False,1916.0,2363.0,False,EXIT
KROSS,KROSS,Consumer Cyclical,Auto Parts,210.36000061035156,False,58.0,True,True,Sector: Consumer Cyclical,12.6,9.42,True,718.0,673.0,True,HOLD
PUNJABCHEM,Punjab Chemicals and Crop Protection Limited,Basic Materials,Chemicals,1167.0,False,65.0,False,True,Sector: Basic Materials,-6.33,-6.27,False,1058.0,1030.0,True,EXIT
PASHUPATI,Pashupati Cotspin Limited,Consumer Cyclical,Textile Manufacturing,86.7300033569336,False,16.0,True,False,Sector: Consumer Cyclical,27.1,23.88,True,699.0,688.0,True,HOLD
IMPAL,India Motor Parts & Accessories Limited,Consumer Cyclical,Auto Parts,1106.5999755859375,False,78.0,True,True,Sector: Consumer Cyclical,6.28,3.11,True,753.0,741.0,True,HOLD
SHRIRAMPPS,Shriram Properties Limited,Real Estate,Real Estate - Development,77.66999816894531,False,91.0,False,False,Sector: Real Estate,0.13,-16.18,False,1249.0,1267.0,False,EXIT
APEX,Apex Frozen Foods Limited,Consumer Defensive,Farm Products,398.70001220703125,False,51.0,False,True,Sector: Consumer Defensive,73.11,72.71,True,927.0,1070.0,False,HOLD
UNIENTER,Uniphos Enterprises Limited,Basic Materials,Chemicals,94.6500015258789,False,20.0,False,False,Sector: Basic Materials,-39.36,-39.21,False,26.0,112.0,False,EXIT
ASTEC,Astec LifeSciences Limited,Basic Materials,Agricultural Inputs,601.7999877929688,False,-67.0,False,False,Sector: Basic Materials,-35.05,-34.92,False,441.0,677.0,False,EXIT
ONIDA,Onida Electronics Limited,Consumer Cyclical,"Furnishings, Fixtures & Appliances",36.66999816894531,False,-76.0,False,True,Sector: Consumer Cyclical,34.26,31.02,True,702.0,1192.0,False,HOLD
RGL,Renaissance Global Limited,Consumer Cyclical,Luxury Goods,130.50999450683594,False,109.0,True,True,Sector: Consumer Cyclical,12.02,8.84,True,3063.0,2813.0,True,HOLD
DEN,DEN Networks Limited,Communication Services,Entertainment,27.75,False,147.0,False,False,Sector: Communication Services,-6.01,-27.36,False,976.0,1307.0,False,EXIT
NIITLTD,NIIT Limited,Consumer Defensive,Education & Training Services,92.58000183105469,False,9.0,False,True,Sector: Consumer Defensive,-18.31,-18.04,False,402.0,1002.0,False,EXIT
AVADHSUGAR,Avadh Sugar & Energy Limited,Consumer Defensive,Confectioners,814.7000122070312,True,66.0,False,True,Sector: Consumer Defensive,77.51,77.08,True,2756.0,2798.0,False,HOLD
DCW,DCW Limited,Basic Materials,Chemicals,44.0099983215332,False,71.0,False,False,Sector: Basic Materials,-47.07,-46.9,False,2210.0,2634.0,False,EXIT
CAPITALSFB,Capital Small Finance Bank Limited,Financial Services,Banks - Regional,287.45001220703125,False,151.0,True,True,Sector: Financial Services,-6.96,-6.52,False,1090.0,1049.0,True,HOLD
BHARATWIRE,Bharat Wire Ropes Limited,Basic Materials,Steel,187.75999450683594,False,69.0,False,False,Sector: Basic Materials,-0.76,-0.72,False,579.0,622.0,False,EXIT
MENONBE,Menon Bearings Limited,Consumer Cyclical,Auto Parts,279.1499938964844,True,44.0,True,True,Sector: Consumer Cyclical,114.29,110.85,True,318.0,299.0,True,ADD
ASIANHOTNR,Asian Hotels (North) Limited,Consumer Cyclical,Lodging,301.70001220703125,False,-92.0,False,False,Sector: Consumer Cyclical,-11.04,-14.17,False,348.0,341.0,True,EXIT
KALAMANDIR,Sai Silks (Kalamandir) Limited,Consumer Cyclical,Apparel Retail,86.4800033569336,False,137.0,False,False,Sector: Consumer Cyclical,-52.37,-55.39,False,1650.0,1654.0,False,EXIT
GALAPREC,GALAPREC,Industrials,Specialty Industrial Machinery,1029.5999755859375,False,37.0,True,True,Sector: Industrials,23.93,24.74,True,327.0,314.0,True,HOLD
PRECAM,Precision Camshafts Limited,Consumer Cyclical,Auto Parts,130.67999267578125,False,41.0,False,False,Sector: Consumer Cyclical,-26.0,-29.08,False,766.0,1080.0,False,EXIT
GPTHEALTH,GPT Healthcare Limited,Healthcare,Medical Care Facilities,151.41000366210938,False,47.0,False,True,Sector: Healthcare,-16.64,-6.04,False,492.0,473.0,True,EXIT
ELECTHERM,Electrotherm (India) Limited,Basic Materials,Steel,1012.9000244140625,False,-36.0,False,True,Sector: Basic Materials,29.2,29.15,True,3771.0,4272.0,False,HOLD
DHANBANK,Dhanlaxmi Bank Limited,Financial Services,Banks - Regional,32.4900016784668,False,115.0,True,True,Sector: Financial Services,16.61,16.93,True,1683.0,1601.0,True,HOLD
EXCELINDUS,Excel Industries Limited,Basic Materials,Specialty Chemicals,1114.5,False,71.0,False,True,Sector: Basic Materials,-14.85,-14.77,False,1079.0,1178.0,False,EXIT
JYOTISTRUC,Jyoti Structures Limited,Industrials,Specialty Industrial Machinery,10.6899995803833,False,64.0,True,False,Sector: Industrials,-36.33,-35.38,False,846.0,3636.0,False,EXIT
EXPLEOSOL,Expleo Solutions Limited,Technology,Information Technology Services,883.1500244140625,False,138.0,True,True,Sector: Technology,-14.1,-15.59,False,1140.0,1108.0,True,HOLD
SULA,Sula Vineyards Limited,Consumer Defensive,Beverages - Wineries & Distilleries,145.2100067138672,False,25.0,False,False,Sector: Consumer Defensive,-46.5,-46.03,False,559.0,579.0,False,EXIT
GODAVARIB,GODAVARIB,Basic Materials,Chemicals,245.8000030517578,False,0.0,False,False,Sector: Basic Materials,-8.43,-8.37,False,2013.0,2015.0,False,EXIT
STLNETWORK,STLNETWORK,Communication Services,Telecom Services,25.25,False,-99.0,False,True,Sector: Communication Services,,,False,945.0,1475.0,False,EXIT
FINOPB,Fino Payments Bank Limited,Financial Services,Banks - Regional,146.16000366210938,False,21.0,False,False,Sector: Financial Services,-47.06,-46.43,False,259.0,248.0,True,EXIT
ROTO,Roto Pumps Limited,Industrials,Specialty Industrial Machinery,65.52999877929688,False,28.0,False,True,Sector: Industrials,-27.9,-26.97,False,294.0,298.0,False,EXIT
CENTENKA,Century Enka Limited,Consumer Cyclical,Textile Manufacturing,567.0,False,147.0,True,True,Sector: Consumer Cyclical,15.62,12.43,True,1858.0,2072.0,False,HOLD
GYFTR,Gyftr Limited,Industrials,Specialty Business Services,159.0800018310547,False,17.0,False,False,Sector: Industrials,,,False,537.0,380.0,True,EXIT
SHREEPUSHK,Shree Pushkar Chemicals & Fertilisers Limited,Basic Materials,Specialty Chemicals,406.6499938964844,False,72.0,True,True,Sector: Basic Materials,13.33,13.33,True,1002.0,977.0,True,HOLD
MANAKCOAT,Manaksia Coated Metals & Industries Limited,Industrials,Metal Fabrication,126.91000366210938,False,41.0,True,True,Sector: Industrials,-20.07,-19.16,False,897.0,884.0,True,HOLD
ALLDIGI,Alldigi Tech Limited,Industrials,Specialty Business Services,802.8499755859375,False,85.0,True,False,Sector: Industrials,-21.93,-21.02,False,605.0,599.0,True,EXIT
EKC,Everest Kanto Cylinder Limited,Industrials,Specialty Industrial Machinery,112.80000305175781,False,125.0,False,False,Sector: Industrials,-24.62,-23.7,False,1430.0,1699.0,False,EXIT
AVTNPL,AVT Natural Products Limited,Basic Materials,Specialty Chemicals,88.47000122070312,False,84.0,True,True,Sector: Basic Materials,18.9,18.88,True,822.0,713.0,True,HOLD
WAAREEINDO,Indosolar Limited,Technology,Solar,290.45001220703125,False,166.0,False,False,Sector: Technology,-24.77,-26.18,False,554.0,680.0,False,EXIT
LINCOLN,Lincoln Pharmaceuticals Limited,Healthcare,Drug Manufacturers - Specialty & Generic,622.5999755859375,False,96.0,True,True,Sector: Healthcare,-1.17,9.3,False,694.0,671.0,True,HOLD
MWL,MWL,Basic Materials,Steel,41.16999816894531,True,52.0,True,True,Sector: Basic Materials,114.45,114.15,True,1248.0,1207.0,True,ADD
CENTRUM,Centrum Capital Limited,Financial Services,Financial Conglomerates,23.559999465942383,False,-323.0,False,False,Sector: Financial Services,-41.01,-40.41,False,3643.0,9895.0,False,EXIT
RAJRILTD,Raj Rayon Industries Limited,Consumer Cyclical,Textile Manufacturing,22.899999618530273,False,35.0,False,True,Sector: Consumer Cyclical,-11.42,-14.55,False,1124.0,1180.0,False,EXIT
DOLATALGO,Dolat Algotech Limited,Financial Services,Capital Markets,74.9000015258789,False,144.0,False,False,Sector: Financial Services,-11.21,-10.75,False,433.0,530.0,False,EXIT
ARROWGREEN,Arrow Greentech Limited,Consumer Cyclical,Packaging & Containers,692.3499755859375,False,64.0,True,True,Sector: Consumer Cyclical,29.77,26.54,True,247.0,243.0,True,HOLD
PLATIND,Platinum Industries Limited,Basic Materials,Specialty Chemicals,211.07000732421875,False,49.0,False,False,Sector: Basic Materials,-25.31,-25.2,False,444.0,450.0,False,EXIT
RUBYMILLS,The Ruby Mills Limited,Consumer Cyclical,Textile Manufacturing,403.6000061035156,True,43.0,False,True,Sector: Consumer Cyclical,76.58,73.24,True,380.0,359.0,True,HOLD
HMAAGRO,HMA Agro Industries Limited,Consumer Defensive,Packaged Foods,21.940000534057617,False,215.0,True,False,Sector: Consumer Defensive,-29.57,-29.22,False,7904.0,6916.0,True,EXIT
BUTTERFLY,Butterfly Gandhimathi Appliances Limited,Consumer Cyclical,"Furnishings, Fixtures & Appliances",647.0499877929688,False,48.0,False,False,Sector: Consumer Cyclical,-10.62,-13.74,False,970.0,1057.0,False,EXIT
IRMENERGY,IRM Energy Limited,Utilities,Utilities - Regulated Gas,285.6000061035156,False,73.0,False,True,Sector: Utilities,31.25,2.74,True,1130.0,1067.0,True,HOLD
MUNJALAU,Munjal Auto Industries Limited,Consumer Cyclical,Auto Parts,115.12999725341797,False,55.0,True,True,Sector: Consumer Cyclical,40.26,37.0,True,2503.0,2295.0,True,HOLD
RUPA,Rupa & Company Limited,Consumer Cyclical,Apparel Manufacturing,155.2899932861328,False,75.0,False,False,Sector: Consumer Cyclical,-20.88,-23.98,False,1278.0,1475.0,False,EXIT
MANALIPETC,Manali Petrochemicals Limited,Basic Materials,Specialty Chemicals,77.7300033569336,False,180.0,False,True,Sector: Basic Materials,12.1,12.1,True,1062.0,1672.0,False,HOLD
BOROSCI,Borosil Scientific Limited,Consumer Cyclical,Packaging & Containers,127.69999694824219,False,43.0,True,False,Sector: Consumer Cyclical,-6.14,-9.28,False,478.0,467.0,True,EXIT
ANDHRAPAP,Andhra Paper Limited,Basic Materials,Paper & Paper Products,60.34000015258789,False,28.0,False,False,Sector: Basic Materials,-20.44,-20.34,False,1702.0,2098.0,False,EXIT
ICEMAKE,Ice Make Refrigeration Limited,Industrials,Specialty Industrial Machinery,726.0499877929688,False,12.0,False,False,Sector: Industrials,-4.56,-3.69,False,736.0,668.0,True,EXIT
ORIENTTECH,ORIENTTECH,Technology,Information Technology Services,243.14999389648438,False,-3.0,False,False,Sector: Technology,-10.15,-11.67,False,852.0,865.0,False,EXIT
FAZE3Q,Faze Three Limited,Consumer Cyclical,Textile Manufacturing,490.70001220703125,False,30.0,False,True,Sector: Consumer Cyclical,-1.18,-4.33,False,940.0,923.0,True,EXIT
ALICON,Alicon Castalloy Limited,Industrials,Metal Fabrication,746.75,False,37.0,False,True,Sector: Industrials,-14.85,-13.96,False,1931.0,1776.0,True,EXIT
BIRLANU,BirlaNu Limited,Industrials,Building Products & Equipment,1535.4000244140625,False,-109.0,False,True,Sector: Industrials,-21.32,-20.41,False,3852.0,3730.0,True,EXIT
GCSL,Gretex Corporate Services Limited,Financial Services,Capital Markets,482.04998779296875,False,40.0,True,True,Sector: Financial Services,,,False,194.0,262.0,False,HOLD
OAL,Oriental Aromatics Limited,Basic Materials,Specialty Chemicals,334.8999938964844,False,5.0,False,True,Sector: Basic Materials,-0.18,-0.15,False,1065.0,1031.0,True,EXIT
GULPOLY,Gulshan Polyols Limited,Basic Materials,Chemicals,191.9199981689453,False,43.0,False,True,Sector: Basic Materials,12.1,12.1,True,2260.0,2020.0,True,HOLD
BHAGYANGR,Bhagyanagar India Limited,Basic Materials,Copper,384.0,False,63.0,True,True,Sector: Basic Materials,325.75,324.83,True,2597.0,2378.0,True,HOLD
BLKASHYAP,B.L. Kashyap and Sons Limited,Industrials,Engineering & Construction,53.97999954223633,False,1.0,False,True,Sector: Industrials,-28.61,-27.68,False,1388.0,1379.0,True,EXIT
COMSYN,Commercial Syn Bags Limited,Consumer Cyclical,Packaging & Containers,289.7699890136719,True,30.0,True,True,Sector: Consumer Cyclical,107.86,104.44,True,406.0,387.0,True,ADD
ULTRAMAR,Ultramarine & Pigments Limited,Basic Materials,Specialty Chemicals,419.20001220703125,True,92.0,True,False,Sector: Basic Materials,,,False,830.0,775.0,True,EXIT
YUKEN,Yuken India Limited,Industrials,Specialty Industrial Machinery,952.3499755859375,False,16.0,False,True,Sector: Industrials,-9.67,-8.79,False,492.0,462.0,True,EXIT
EIMCOELECO,Eimco Elecon (India) Limited,Industrials,Farm & Heavy Construction Machinery,2180.0,False,40.0,False,True,Sector: Industrials,-7.79,-6.91,False,241.0,246.0,False,EXIT
ARIHANT,Arihant Foundations & Housing Limited,Real Estate,Real Estate - Development,1035.4000244140625,False,68.0,True,False,Sector: Real Estate,,,False,472.0,420.0,True,EXIT
GHCLTEXTIL,GHCL Textiles Limited,Consumer Cyclical,Textile Manufacturing,123.7699966430664,True,96.0,True,True,Sector: Consumer Cyclical,55.73,52.44,True,1460.0,1319.0,True,ADD
BALAJITELE,Balaji Telefilms Limited,Communication Services,Entertainment,91.47000122070312,False,-21.0,False,False,Sector: Communication Services,19.05,-2.71,False,378.0,625.0,False,EXIT
BIL,Bhartiya International Ltd.,Consumer Cyclical,Footwear & Accessories,834.5499877929688,False,26.0,False,True,Sector: Consumer Cyclical,0.06,-3.1,False,1451.0,1358.0,True,EXIT
RIIL,Reliance Industrial Infrastructure Limited,Industrials,Engineering & Construction,737.7999877929688,False,12.0,False,False,Sector: Industrials,-21.86,-20.95,False,42.0,102.0,False,EXIT
SEPC,SEPC Limited,Industrials,Engineering & Construction,5.96999979019165,False,26.0,False,False,Sector: Industrials,-53.87,-52.89,False,1126.0,1208.0,False,EXIT
GREENPOWER,Orient Green Power Company Limited,Utilities,Utilities - Independent Power Producers,9.539999961853027,False,67.0,False,False,Sector: Utilities,-10.35,-36.54,False,287.0,380.0,False,EXIT
MATRIMONY,Matrimony.com Limited,Communication Services,Internet Content & Information,558.2000122070312,False,45.0,False,True,Sector: Communication Services,29.12,7.2,True,475.0,481.0,False,HOLD
SRM,SRM,Industrials,Engineering & Construction,481.1000061035156,False,118.0,True,False,Sector: Industrials,-2.88,-2.01,False,1079.0,1026.0,True,EXIT
GENESYS,Genesys International Corporation Limited,Technology,Software - Application,183.5500030517578,False,31.0,False,False,Sector: Technology,-70.12,-71.24,False,338.0,328.0,True,EXIT
LAXMIDENTL,LAXMIDENTL,Healthcare,Medical Instruments & Supplies,198.17999267578125,False,31.0,False,False,Sector: Healthcare,-55.36,-44.47,False,287.0,278.0,True,EXIT
BAJAJHCARE,Bajaj HealthCare Limited,Healthcare,Drug Manufacturers - Specialty & Generic,325.95001220703125,False,18.0,False,False,Sector: Healthcare,-40.06,-29.28,False,628.0,680.0,False,EXIT
AWHCL,Antony Waste Handling Cell Limited,Industrials,Waste Management,381.1499938964844,False,70.0,False,False,Sector: Industrials,-39.11,-38.16,False,1067.0,1053.0,True,EXIT
MODISONLTD,Modison Limited,Industrials,Electrical Equipment & Parts,405.95001220703125,True,102.0,True,True,Sector: Industrials,141.08,141.61,True,847.0,710.0,True,ADD
VHL,Vardhman Holdings Limited,Financial Services,Credit Services,3510.0,False,252.0,False,True,Sector: Financial Services,-12.53,-12.07,False,20.0,70.0,False,EXIT
ARIS,Arisinfra Solutions Limited,Industrials,Engineering & Construction,139.32000732421875,False,75.0,True,True,Sector: Industrials,-5.88,-5.01,False,1146.0,1067.0,True,HOLD
HARIOMPIPE,Hariom Pipe Industries Limited,Basic Materials,Steel,347.5,False,69.0,False,False,Sector: Basic Materials,-31.99,-31.87,False,1635.0,1667.0,False,EXIT
NAHARSPING,Nahar Spinning Mills Limited,Consumer Cyclical,Textile Manufacturing,292.1499938964844,False,76.0,False,True,Sector: Consumer Cyclical,39.72,36.47,True,3365.0,3594.0,False,HOLD
JINDALPHOT,Jindal Photo Limited,Financial Services,Asset Management,1049.4000244140625,False,-62.0,False,False,Sector: Financial Services,22.43,22.72,True,20.0,1412.0,False,EXIT
GKSL,GKSL,Healthcare,Medical Care Facilities,156.41000366210938,True,17.0,True,False,Sector: Healthcare,,,False,101.0,82.0,True,EXIT
GANDHITUBE,Gandhi Special Tubes Limited,Industrials,Metal Fabrication,894.9500122070312,False,75.0,True,True,Sector: Industrials,11.55,12.38,True,201.0,192.0,True,HOLD
STEL,STEL Holdings Limited,Financial Services,Asset Management,584.3499755859375,False,20.0,True,True,Sector: Financial Services,31.75,32.0,True,27.0,27.0,True,HOLD
GRPLTD,GRP Limited,Consumer Cyclical,Auto Parts,1998.199951171875,False,6.0,False,True,Sector: Consumer Cyclical,-9.08,-12.21,False,568.0,550.0,True,EXIT
ARIHANTSUP,Arihant Superstructures Limited,Real Estate,Real Estate - Development,247.85000610351562,False,40.0,False,False,Sector: Real Estate,-23.86,-39.82,False,561.0,551.0,True,EXIT
SHREDIGCEM,Shree Digvijay Cement Company Limited,Basic Materials,Building Materials,70.20999908447266,False,18.0,False,False,Sector: Basic Materials,-29.27,-29.15,False,890.0,792.0,True,EXIT
JPOLYINVST,Jindal Poly Investment and Finance Company Limited,Financial Services,Asset Management,954.4000244140625,False,809.0,False,False,Sector: Financial Services,33.83,34.06,True,1037.0,3125.0,False,EXIT
AMNPLST,Amines & Plasticizers Limited,Basic Materials,Chemicals,183.0399932861328,False,39.0,False,False,Sector: Basic Materials,-21.18,-21.09,False,581.0,661.0,False,EXIT
MADRASFERT,Madras Fertilizers Limited,Basic Materials,Agricultural Inputs,65.04000091552734,False,71.0,False,False,Sector: Basic Materials,-32.39,-32.26,False,2442.0,3447.0,False,EXIT
MONTECARLO,Monte Carlo Fashions Limited,Consumer Cyclical,Apparel Manufacturing,541.5,False,105.0,False,False,Sector: Consumer Cyclical,-6.95,-10.09,False,1286.0,1276.0,True,EXIT
ESTER,Ester Industries Limited,Basic Materials,Specialty Chemicals,96.16000366210938,False,-2.0,False,False,Sector: Basic Materials,-12.19,-12.12,False,1469.0,1375.0,True,EXIT
BCLIND,BCL Industries Limited,Consumer Defensive,Beverages - Wineries & Distilleries,37.189998626708984,False,128.0,True,True,Sector: Consumer Defensive,-13.19,-12.96,False,2583.0,2815.0,False,HOLD
MAMATA,MAMATA,Industrials,Specialty Industrial Machinery,405.5,False,9.0,False,True,Sector: Industrials,-5.04,-4.17,False,231.0,255.0,False,EXIT
SIGACHI,Sigachi Industries Limited,Healthcare,Drug Manufacturers - Specialty & Generic,30.309999465942383,False,26.0,False,True,Sector: Healthcare,-15.91,-5.32,False,471.0,488.0,False,EXIT
KRISHIVAL,KRISHIVAL,Consumer Defensive,Packaged Foods,393.54998779296875,False,23.0,True,True,Sector: Consumer Defensive,-2.41,-2.26,False,332.0,293.0,True,HOLD
SALASAR,Salasar Techno Engineering Limited,Basic Materials,Steel,6.010000228881836,False,14.0,False,False,Sector: Basic Materials,-25.67,-25.56,False,1498.0,1503.0,False,EXIT
AFSL,Abans Financial Services Limited,Financial Services,Capital Markets,202.13999938964844,False,138.0,True,False,Sector: Financial Services,-9.71,-9.26,False,25747.0,23874.0,True,EXIT
UNITECH,Unitech Limited,Real Estate,Real Estate - Diversified,3.9700000286102295,False,-2982.0,False,False,Sector: Real Estate,-31.71,-47.56,False,513.0,3431.0,False,EXIT
HITECHGEAR,The Hi-Tech Gears Limited,Consumer Cyclical,Auto Parts,535.75,False,20.0,False,False,Sector: Consumer Cyclical,-17.71,-20.82,False,931.0,1169.0,False,EXIT
DHAMPURSUG,Dhampur Sugar Mills Limited,Consumer Defensive,Confectioners,189.75999450683594,False,71.0,False,True,Sector: Consumer Defensive,41.08,40.91,True,1999.0,4157.0,False,HOLD
SURAJEST,SURAJEST,Real Estate,Real Estate - Development,198.55999755859375,False,92.0,False,False,Sector: Real Estate,-22.41,-38.39,False,568.0,556.0,True,EXIT
NELCAST,Nelcast Limited,Industrials,Metal Fabrication,116.62999725341797,False,41.0,False,False,Sector: Industrials,-32.08,-31.15,False,1338.0,1328.0,True,EXIT
DAMCAPITAL,DAMCAPITAL,Financial Services,Capital Markets,145.5399932861328,False,73.0,False,False,Sector: Financial Services,-37.45,-36.86,False,236.0,250.0,False,EXIT
SUMEETINDS,Sumeet Industries Limited,Consumer Cyclical,Textile Manufacturing,13.380000114440918,False,25.0,False,False,Sector: Consumer Cyclical,-37.84,-40.9,False,1074.0,1406.0,False,EXIT
CREST,Crest Ventures Limited,Financial Services,Financial Conglomerates,364.95001220703125,False,34.0,False,False,Sector: Financial Services,-6.93,-6.5,False,126.0,651.0,False,EXIT
FINKURVE,Finkurve Financial Services Limited,Financial Services,Credit Services,76.31999969482422,False,29.0,True,False,Sector: Financial Services,,,False,242.0,207.0,True,EXIT
JARO,JARO,Consumer Defensive,Education & Training Services,440.04998779296875,False,57.0,True,False,Sector: Consumer Defensive,,,False,284.0,274.0,True,EXIT
SALZERELEC,Salzer Electronics Limited,Industrials,Electrical Equipment & Parts,568.5499877929688,False,45.0,False,False,Sector: Industrials,-36.22,-35.28,False,1815.0,1758.0,True,EXIT
UTTAMSUGAR,Uttam Sugar Mills Limited,Consumer Defensive,Confectioners,336.2200012207031,False,87.0,False,True,Sector: Consumer Defensive,24.03,23.99,True,2179.0,2202.0,False,HOLD
TNPETRO,Tamilnadu Petroproducts Limited,Basic Materials,Specialty Chemicals,114.87999725341797,False,142.0,False,True,Sector: Basic Materials,-0.35,-0.32,False,1783.0,2150.0,False,EXIT
INDOTHAI,Indo Thai Securities Limited,Financial Services,Capital Markets,62.79999923706055,False,69.0,True,False,Sector: Financial Services,-59.61,-58.92,False,110.0,104.0,True,EXIT
IRISDOREME,Iris Clothings Limited,Consumer Cyclical,Apparel Manufacturing,59.27000045776367,False,18.0,True,True,Sector: Consumer Cyclical,79.09,75.74,True,201.0,191.0,True,HOLD
GAYAPROJ,Gayatri Projects Limited,Industrials,Engineering & Construction,20.770000457763672,False,2080.0,True,True,Sector: Industrials,147.67,148.18,True,999.0,3901.0,False,HOLD
KAMDHENU,Kamdhenu Limited,Basic Materials,Steel,33.65999984741211,False,86.0,True,True,Sector: Basic Materials,12.39,12.38,True,781.0,1232.0,False,HOLD
TNPL,Tamil Nadu Newsprint and Papers Limited,Basic Materials,Paper & Paper Products,139.85000610351562,False,261.0,False,False,Sector: Basic Materials,-12.17,-12.1,False,4649.0,5180.0,False,EXIT
SUYOG,Suyog Telematics Limited,Communication Services,Telecom Services,740.5,False,60.0,False,True,Sector: Communication Services,12.91,-8.75,False,251.0,276.0,False,EXIT
THEMISMED,Themis Medicare Limited,Healthcare,Drug Manufacturers - Specialty & Generic,102.7699966430664,False,40.0,False,True,Sector: Healthcare,-11.19,-0.64,False,332.0,406.0,False,EXIT
UNIECOM,UNIECOM,Technology,Software - Application,88.63999938964844,False,21.0,True,False,Sector: Technology,-39.03,-40.35,False,211.0,204.0,True,EXIT
MASTERTR,Master Trust Limited,Financial Services,Capital Markets,78.0,False,134.0,True,False,Sector: Financial Services,-54.55,-53.88,False,594.0,584.0,True,EXIT
IFBAGRO,IFB Agro Industries Limited,Consumer Defensive,Beverages - Wineries & Distilleries,1007.9000244140625,False,60.0,True,False,Sector: Consumer Defensive,24.8,24.75,True,1509.0,1404.0,True,HOLD
SALSTEEL,S.A.L. Steel Limited,Basic Materials,Steel,79.12999725341797,True,12.0,False,True,Sector: Basic Materials,343.71,342.74,True,167.0,577.0,False,HOLD
WEALTH,Wealth First Portfolio Managers Limited,Financial Services,Capital Markets,864.6500244140625,False,33.0,False,False,Sector: Financial Services,-32.52,-31.96,False,58.0,331.0,False,EXIT
GKWLIMITED,GKW Limited,Industrials,Specialty Business Services,1610.199951171875,False,-5.34,False,False,Sector: Industrials,-14.99,-14.09,False,32.41,39.1,False,EXIT
NEUEON,Neueon Corporation Limited,Basic Materials,Steel,16.040000915527344,False,-305.0,False,True,Sector: Basic Materials,235.04,234.39,True,12.0,2268.0,False,HOLD
SWELECTES,Swelect Energy Systems Limited,Technology,Solar,608.7999877929688,False,44.0,False,False,Sector: Technology,-17.62,-19.08,False,611.0,657.0,False,EXIT
PRIMESECU,Prime Securities Limited,Financial Services,Capital Markets,275.1499938964844,False,5.0,False,False,Sector: Financial Services,3.09,3.48,True,125.0,137.0,False,EXIT
SUDARCOLOR,Sudarshan Colorants India Limited,Basic Materials,Specialty Chemicals,402.1499938964844,False,48.0,False,True,Sector: Basic Materials,-32.87,-32.74,False,792.0,1140.0,False,EXIT
KECL,Kirloskar Electric Company Limited,Industrials,Specialty Industrial Machinery,130.69000244140625,False,7.0,False,True,Sector: Industrials,9.22,10.06,True,561.0,589.0,False,HOLD
SOLEX,SOLEX,Technology,Solar,772.2999877929688,False,82.0,False,False,Sector: Technology,-43.95,-45.24,False,1619.0,1618.0,True,EXIT
INDOAMIN,Indo Amines Limited,Basic Materials,Chemicals,120.3499984741211,False,81.0,True,False,Sector: Basic Materials,-23.99,-23.88,False,1247.0,1160.0,True,EXIT
RSWM,RSWM Limited,Consumer Cyclical,Textile Manufacturing,197.47000122070312,False,63.0,False,True,Sector: Consumer Cyclical,27.63,24.41,True,4545.0,4826.0,False,HOLD
DVL,Dhunseri Ventures Limited,Financial Services,Capital Markets,263.3399963378906,False,191.0,False,True,Sector: Financial Services,-27.92,-27.39,False,443.0,4172.0,False,EXIT
CONTROLPR,Control Print Limited,Industrials,Business Equipment & Supplies,565.9000244140625,False,39.0,False,False,Sector: Industrials,-29.46,-28.53,False,486.0,482.0,True,EXIT
BSHSL,Bombay Super Hybrid Seeds Limited,Basic Materials,Agricultural Inputs,88.06999969482422,False,29.0,True,False,Sector: Basic Materials,-38.01,-37.87,False,374.0,358.0,True,EXIT
SADHNANIQ,Sadhana Nitro Chem Limited,Basic Materials,Chemicals,2.9200000762939453,False,-85.0,False,False,Sector: Basic Materials,-57.37,-57.17,False,49.0,267.0,False,EXIT
ZUARI,Zuari Agro Chemicals Limited,Basic Materials,Agricultural Inputs,225.88999938964844,False,974.0,False,False,Sector: Basic Materials,-42.28,-42.12,False,2569.0,8103.0,False,EXIT
SICALLOG,Sical Logistics Limited,Industrials,Integrated Freight & Logistics,110.3499984741211,False,74.0,True,True,Sector: Industrials,5.84,6.68,True,421.0,1732.0,False,HOLD
HEALTHX,Health X Platform Limited,Healthcare,Pharmaceutical Retailers,302.3999938964844,False,-26.0,False,True,Sector: Healthcare,1.3,11.76,True,1468.0,1798.0,False,HOLD
PVP,PVP Ventures Limited,Industrials,Conglomerates,43.150001525878906,False,1.0,False,True,Sector: Industrials,101.29,101.91,True,118.0,176.0,False,HOLD
KOPRAN,Kopran Limited,Healthcare,Drug Manufacturers - General,199.72000122070312,False,25.0,False,True,Sector: Healthcare,16.65,26.99,True,700.0,681.0,True,HOLD
HIMATSEIDE,Himatsingka Seide Limited,Consumer Cyclical,Textile Manufacturing,71.4800033569336,False,56.0,False,False,Sector: Consumer Cyclical,-44.88,-47.92,False,2479.0,3184.0,False,EXIT
AMBIKCO,Ambika Cotton Mills Limited,Consumer Cyclical,Textile Manufacturing,1647.800048828125,False,81.0,False,True,Sector: Consumer Cyclical,9.91,6.73,True,847.0,921.0,False,HOLD
WANBURY,Wanbury Limited,Healthcare,Drug Manufacturers - Specialty & Generic,268.5,False,43.0,False,True,Sector: Healthcare,-23.02,-12.37,False,630.0,661.0,False,EXIT
DHARMAJ,Dharmaj Crop Guard Limited,Basic Materials,Agricultural Inputs,270.04998779296875,False,60.0,True,True,Sector: Basic Materials,-28.57,-28.46,False,1153.0,1138.0,True,HOLD
LGHL,LGHL,Consumer Cyclical,Luxury Goods,174.14999389648438,False,2.0,False,False,Sector: Consumer Cyclical,-37.04,-40.1,False,113.0,202.0,False,EXIT
RAJOOENG,Rajoo Engineers Limited,Industrials,Specialty Industrial Machinery,50.2599983215332,False,52.0,True,False,Sector: Industrials,-55.6,-54.61,False,382.0,344.0,True,EXIT
VALIANTORG,Valiant Organics Limited,Basic Materials,Chemicals,310.95001220703125,False,54.0,False,True,Sector: Basic Materials,-16.39,-16.31,False,766.0,1153.0,False,EXIT
XTRANET,XTRANET,Technology,Information Technology Services,160.17999267578125,False,,False,False,Sector: Technology,,,False,,,False,EXIT
GAUDIUMIVF,GAUDIUMIVF,Healthcare,Medical Care Facilities,113.68000030517578,False,23.0,False,False,Sector: Healthcare,,,False,106.0,104.0,True,EXIT
NRAIL,N R Agarwal Industries Limited,Basic Materials,Paper & Paper Products,503.6000061035156,False,62.0,False,True,Sector: Basic Materials,35.86,35.79,True,2340.0,2145.0,True,HOLD
SUPREMEINF,Supreme Infrastructure India Limited,Industrials,Engineering & Construction,85.36000061035156,False,6137.0,True,True,Sector: Industrials,-26.47,-25.55,False,81.0,1814.0,False,HOLD
REGAAL,REGAAL,Consumer Defensive,Packaged Foods,95.83999633789062,False,60.0,True,True,Sector: Consumer Defensive,-26.51,-26.18,False,1090.0,1134.0,False,HOLD
MAFATIND,Mafatlal Industries Limited,Unknown,Unknown,124.61000061035156,False,58.0,False,False,Sector: Unknown,,,False,3573.0,3871.0,False,EXIT
FAIRCHEMOR,Fairchem Organics Limited,Basic Materials,Specialty Chemicals,647.0499877929688,False,14.0,False,False,Sector: Basic Materials,-20.49,-20.4,False,505.0,648.0,False,EXIT
WCIL,WCIL,Industrials,Integrated Freight & Logistics,86.58000183105469,False,37.0,False,False,Sector: Industrials,-36.37,-35.43,False,1878.0,1829.0,True,EXIT
MICEL,MIC Electronics Limited,Technology,Electronic Components,35.650001525878906,False,-12.0,False,False,Sector: Technology,-28.05,-29.45,False,223.0,218.0,True,EXIT
GEMAROMA,GEMAROMA,Basic Materials,Chemicals,177.38999938964844,False,-14.0,False,True,Sector: Basic Materials,,,False,378.0,504.0,False,EXIT
CONSOFINVT,Consolidated Finvest & Holdings Limited,Financial Services,Capital Markets,271.29998779296875,False,450.0,True,True,Sector: Financial Services,45.67,45.84,True,26.0,210.0,False,HOLD
SGIL,Synergy Green Industries Limited,Industrials,Metal Fabrication,562.0499877929688,False,-9.0,False,True,Sector: Industrials,-3.11,-2.25,False,358.0,366.0,False,EXIT
BHAGERIA,Bhageria Industries Limited,Basic Materials,Specialty Chemicals,206.7100067138672,False,68.0,False,True,Sector: Basic Materials,13.89,13.89,True,1003.0,874.0,True,HOLD
SVLL,Shree Vasu Logistics Limited,Industrials,Trucking,770.1500244140625,False,7.0,True,True,Sector: Industrials,-5.07,-4.2,False,239.0,224.0,True,HOLD
HEXATRADEX,Hexa Tradex Limited,Financial Services,Credit Services,160.27000427246094,False,-6.89,False,False,Sector: Financial Services,-12.11,-11.65,False,4.58,133.23,False,EXIT
KRYSTAL,KRYSTAL,Industrials,Specialty Business Services,681.3499755859375,False,65.0,True,True,Sector: Industrials,5.68,6.53,True,1315.0,1277.0,True,HOLD
BIRLACABLE,Birla Cable Limited,Technology,Communication Equipment,283.1700134277344,False,46.0,True,True,Sector: Technology,81.63,79.51,True,861.0,792.0,True,HOLD
NDTV,New Delhi Television Limited,Communication Services,Broadcasting,75.5,False,-335.0,False,False,Sector: Communication Services,-30.24,-51.22,False,538.0,571.0,False,EXIT
BODALCHEM,Bodal Chemicals Limited,Basic Materials,Specialty Chemicals,75.33000183105469,False,69.0,False,True,Sector: Basic Materials,8.16,8.17,True,2267.0,2055.0,True,HOLD
PRECOT,Precot Limited,Consumer Cyclical,Textile Manufacturing,709.5,False,51.0,False,True,Sector: Consumer Cyclical,51.81,48.53,True,925.0,993.0,False,HOLD
MMP,MMP Industries Limited,Basic Materials,Aluminum,406.3500061035156,True,50.0,True,True,Sector: Basic Materials,41.63,41.54,True,873.0,824.0,True,ADD
LIKHITHA,Likhitha Infrastructure Limited,Energy,Oil & Gas Equipment & Services,213.0800018310547,False,32.0,False,True,Sector: Energy,-34.05,-19.76,False,419.0,520.0,False,EXIT
ROHLTD,Royal Orchid Hotels Limited,Consumer Cyclical,Lodging,302.8500061035156,False,29.0,False,False,Sector: Consumer Cyclical,-35.01,-38.07,False,413.0,384.0,True,EXIT
BORANA,BORANA,Consumer Cyclical,Textile Manufacturing,308.20001220703125,False,69.0,True,False,Sector: Consumer Cyclical,45.56,42.29,True,408.0,389.0,True,HOLD
SRHHYPOLTD,Sree Rayalaseema Hi-Strength Hypo Limited,Basic Materials,Chemicals,473.20001220703125,False,92.0,False,False,Sector: Basic Materials,-22.34,-22.24,False,698.0,1650.0,False,EXIT
MAXIND,Max India Limited,Healthcare,Medical Care Facilities,152.11000061035156,False,-132.0,False,False,Sector: Healthcare,-43.32,-32.52,False,214.0,233.0,False,EXIT
EXCELSOFT,EXCELSOFT,Technology,Software - Application,70.87999725341797,False,47.0,True,False,Sector: Technology,,,False,297.0,273.0,True,EXIT
TVSELECT,TVS Electronics Limited,Technology,Computer Hardware,443.3500061035156,False,-2.0,False,False,Sector: Technology,7.73,6.1,True,464.0,4107.0,False,EXIT
VHLTD,Viceroy Hotels Limited,Consumer Cyclical,Lodging,119.12999725341797,False,23.0,False,False,Sector: Consumer Cyclical,6.31,3.15,True,163.0,143.0,True,EXIT
GANESHBE,Ganesh Benzoplast Limited,Basic Materials,Specialty Chemicals,118.05999755859375,False,73.0,False,True,Sector: Basic Materials,20.33,20.3,True,433.0,477.0,False,HOLD
KOTHARIPET,Kothari Petrochemicals Limited,Basic Materials,Specialty Chemicals,134.3000030517578,False,72.0,True,True,Sector: Basic Materials,-23.25,-23.15,False,577.0,596.0,False,HOLD
RITCO,Ritco Logistics Limited,Industrials,Integrated Freight & Logistics,322.70001220703125,False,26.0,False,True,Sector: Industrials,9.68,10.52,True,1510.0,1499.0,True,HOLD
ORICONENT,Oricon Enterprises Limited,Consumer Cyclical,Packaging & Containers,58.119998931884766,False,29.0,False,False,Sector: Consumer Cyclical,10.75,7.57,True,45.0,1167.0,False,EXIT
PDMJEPAPER,Pudumjee Paper Products Limited,Basic Materials,Paper & Paper Products,87.68000030517578,False,91.0,False,False,Sector: Basic Materials,-35.05,-34.92,False,814.0,809.0,True,EXIT
PVSL,Popular Vehicles and Services Limited,Consumer Cyclical,Auto & Truck Dealerships,114.66999816894531,False,-2.0,False,True,Sector: Consumer Cyclical,-0.45,-3.6,False,6960.0,6381.0,True,EXIT
CIFL,Capital India Finance Limited,Financial Services,Credit Services,20.8700008392334,False,27.0,False,False,Sector: Financial Services,-43.24,-42.63,False,532.0,680.0,False,EXIT
VISAKAIND,Visaka Industries Limited,Industrials,Building Products & Equipment,96.05000305175781,False,86.0,False,True,Sector: Industrials,8.7,9.54,True,1762.0,1678.0,True,HOLD
OMINFRAL,Om Infra Limited,Industrials,Engineering & Construction,84.66999816894531,False,33.0,False,False,Sector: Industrials,-24.32,-23.4,False,520.0,1114.0,False,EXIT
RADHIKAJWE,Radhika Jeweltech Limited,Consumer Cyclical,Luxury Goods,65.66999816894531,False,79.0,True,False,Sector: Consumer Cyclical,-30.7,-33.78,False,693.0,639.0,True,EXIT
KOKUYOCMLN,Kokuyo Camlin Limited,Industrials,Business Equipment & Supplies,79.80000305175781,False,22.0,False,False,Sector: Industrials,-29.98,-29.05,False,808.0,816.0,False,EXIT
SANDESH,The Sandesh Limited,Communication Services,Publishing,1030.449951171875,False,107.0,False,False,Sector: Communication Services,4.23,-17.29,False,824.0,440.0,True,EXIT
SYSTMTXC,Systematix Corporate Services Limited,Financial Services,Capital Markets,57.849998474121094,False,-1.0,False,False,Sector: Financial Services,,,False,169.0,168.0,True,EXIT
SWARAJ,SWARAJ,Consumer Cyclical,Textile Manufacturing,372.0,True,61.0,True,True,Sector: Consumer Cyclical,100.08,96.68,True,683.0,577.0,True,ADD
STERTOOLS,Sterling Tools Limited,Industrials,Tools & Accessories,223.0,False,26.0,False,False,Sector: Industrials,-33.6,-32.66,False,850.0,1026.0,False,EXIT
VLSFINANCE,VLS Finance Limited,Financial Services,Capital Markets,249.3000030517578,False,47.0,False,False,Sector: Financial Services,7.53,7.89,True,64.0,4625.0,False,EXIT
ARIHANTCAP,Arihant Capital Markets Limited,Financial Services,Capital Markets,75.94999694824219,False,40.0,False,False,Sector: Financial Services,-33.05,-32.49,False,233.0,247.0,False,EXIT
QUICKHEAL,Quick Heal Technologies Limited,Technology,Software - Application,141.6199951171875,False,-11.0,False,False,Sector: Technology,-52.1,-53.34,False,249.0,342.0,False,EXIT
JITFINFRA,JITF Infralogistics Limited,Industrials,Engineering & Construction,308.04998779296875,False,-7.0,False,False,Sector: Industrials,1.86,2.72,True,2922.0,2808.0,True,EXIT
NRL,Nupur Recyclers Limited,Industrials,Waste Management,115.36000061035156,False,20.0,True,True,Sector: Industrials,62.03,62.74,True,244.0,240.0,True,HOLD
SARLAPOLY,Sarla Performance Fibers Limited,Consumer Cyclical,Textile Manufacturing,98.8499984741211,False,2.0,False,True,Sector: Consumer Cyclical,-8.55,-11.68,False,412.0,431.0,False,EXIT
PANACHE,Panache Digilife Limited,Technology,Communication Equipment,527.8499755859375,True,19.0,True,True,Sector: Technology,116.58,114.23,True,264.0,243.0,True,ADD
SCODATUBES,Scoda Tubes Limited,Basic Materials,Steel,126.68000030517578,False,37.0,False,False,Sector: Basic Materials,-28.48,-28.36,False,546.0,519.0,True,EXIT
SEJALLTD,Sejal Glass Limited,Industrials,Building Products & Equipment,662.8499755859375,False,32.0,False,False,Sector: Industrials,17.2,18.02,True,437.0,396.0,True,EXIT
DWARKESH,Dwarikesh Sugar Industries Limited,Consumer Defensive,Confectioners,55.380001068115234,False,-9.0,False,True,Sector: Consumer Defensive,32.67,32.56,True,555.0,,False,HOLD
MUKKA,Mukka Proteins Limited,Consumer Defensive,Packaged Foods,26.290000915527344,False,74.0,True,True,Sector: Consumer Defensive,-3.41,-3.25,False,1768.0,1449.0,True,HOLD
ASAL,Automotive Stampings and Assemblies Limited,Consumer Cyclical,Auto Parts,506.75,False,30.0,False,True,Sector: Consumer Cyclical,1.32,-1.84,False,971.0,891.0,True,EXIT
PROSTARM,PROSTARM,Industrials,Electrical Equipment & Parts,138.52999877929688,False,36.0,True,False,Sector: Industrials,-36.47,-35.52,False,407.0,386.0,True,EXIT
DENTA,DENTA,Industrials,Engineering & Construction,290.5,False,54.0,False,False,Sector: Industrials,-34.15,-33.21,False,242.0,250.0,False,EXIT
DBOL,Dhampur Bio Organics Limited,Consumer Defensive,Farm Products,135.61000061035156,False,84.0,False,True,Sector: Consumer Defensive,45.7,45.5,True,2036.0,2408.0,False,HOLD
MODIS,Modi's Navnirman Limited,Real Estate,Real Estate - Development,402.70001220703125,True,31.0,True,False,Sector: Real Estate,,,False,202.0,189.0,True,EXIT
NCLIND,NCL Industries Limited,Basic Materials,Building Materials,174.0500030517578,False,92.0,False,False,Sector: Basic Materials,-22.81,-22.71,False,1431.0,2104.0,False,EXIT
TIRUPATIFL,Tirupati Forge Limited,Industrials,Metal Fabrication,66.37999725341797,False,6.0,False,True,Sector: Industrials,49.61,50.36,True,168.0,162.0,True,HOLD
STANLEY,STANLEY,Consumer Cyclical,"Furnishings, Fixtures & Appliances",139.60000610351562,False,6.0,False,False,Sector: Consumer Cyclical,-53.7,-56.72,False,410.0,432.0,False,EXIT
GEECEE,GeeCee Ventures Limited,Real Estate,Real Estate - Development,368.8500061035156,False,47.0,True,True,Sector: Real Estate,17.32,0.78,True,104.0,201.0,False,HOLD
HARDWYN,Hardwyn India Limited,Industrials,Building Products & Equipment,9.3100004196167,False,12.0,False,False,Sector: Industrials,4.53,5.38,True,192.0,200.0,False,EXIT
RAJPALAYAM,Rajapalayam Mills Limited,Unknown,Unknown,812.6500244140625,True,124.0,False,False,Sector: Unknown,,,False,1015.0,942.0,True,EXIT
PREMIERPOL,Premier Polyfilm Ltd.,Basic Materials,Specialty Chemicals,88.98999786376953,True,35.0,True,True,Sector: Basic Materials,81.79,81.58,True,322.0,299.0,True,ADD
SUBEXLTD,Subex Limited,Technology,Software - Application,17.079999923706055,False,30.0,False,True,Sector: Technology,27.79,26.02,True,292.0,372.0,False,HOLD
ZUARIIND,Zuari Industries Limited,Industrials,Conglomerates,285.1499938964844,False,106.0,False,True,Sector: Industrials,-21.0,-20.09,False,1099.0,1045.0,True,EXIT
MVGJL,Manoj Vaibhav Gems 'N' Jewellers Limited,Consumer Cyclical,Luxury Goods,146.83999633789062,False,122.0,True,False,Sector: Consumer Cyclical,-24.57,-27.66,False,2909.0,2744.0,True,EXIT
AHCL,AHCL,Healthcare,Drug Manufacturers - Specialty & Generic,14.369999885559082,False,29.0,True,True,Sector: Healthcare,,,False,174.0,176.0,False,HOLD
MAGADSUGAR,Magadh Sugar & Energy Limited,Consumer Defensive,Confectioners,620.5999755859375,False,51.0,False,True,Sector: Consumer Defensive,8.74,8.81,True,1222.0,1322.0,False,HOLD
SHALPAINTS,Shalimar Paints Limited,Basic Materials,Specialty Chemicals,82.80999755859375,False,-69.0,False,True,Sector: Basic Materials,22.89,22.86,True,559.0,599.0,False,HOLD
UNITEDPOLY,United Polyfab Gujarat Limited,Consumer Cyclical,Textile Manufacturing,36.2599983215332,False,27.0,True,True,Sector: Consumer Cyclical,-2.18,-5.33,False,712.0,908.0,False,HOLD
DECCANCE,Deccan Cements Limited,Basic Materials,Building Materials,556.0999755859375,False,10.0,False,False,Sector: Basic Materials,-49.65,-49.47,False,704.0,636.0,True,EXIT
ANUHPHR,Anuh Pharma Limited,Healthcare,Drug Manufacturers - Specialty & Generic,75.91000366210938,False,44.0,False,False,Sector: Healthcare,-30.13,-19.43,False,779.0,772.0,True,EXIT
ADVENTHTL,Advent Hotels International Limited,Consumer Cyclical,Lodging,135.5399932861328,False,40.0,False,False,Sector: Consumer Cyclical,,,False,388.0,387.0,True,EXIT
ADVANCE,ADVANCE,Basic Materials,Agricultural Inputs,115.93000030517578,False,49.0,True,False,Sector: Basic Materials,,,False,800.0,638.0,True,EXIT
OCCLLTD,OCCL Limited,Basic Materials,Chemicals,165.41000366210938,False,75.0,True,True,Sector: Basic Materials,17.98,17.96,True,602.0,506.0,True,HOLD
GICHSGFIN,GIC Housing Finance Limited,Financial Services,Mortgage Finance,137.63999938964844,False,157.0,False,False,Sector: Financial Services,-25.46,-24.94,False,1084.0,1152.0,False,EXIT
LOKESHMACH,Lokesh Machines Limited,Industrials,Specialty Industrial Machinery,329.3999938964844,False,4.0,False,True,Sector: Industrials,45.57,46.33,True,216.0,293.0,False,HOLD
RMDRIP,RMDRIP,Industrials,Farm & Heavy Construction Machinery,18.0,False,35.0,True,False,Sector: Industrials,-60.42,-59.42,False,207.0,197.0,True,EXIT
MEIL,MEIL,Industrials,Electrical Equipment & Parts,263.1000061035156,False,47.0,True,False,Sector: Industrials,,,False,616.0,580.0,True,EXIT
ELDEHSG,Eldeco Housing and Industries Limited,Real Estate,Real Estate Services,823.2999877929688,False,36.0,False,False,Sector: Real Estate,24.62,7.97,True,185.0,169.0,True,EXIT
BIRLAMONEY,Aditya Birla Money Limited,Financial Services,Capital Markets,127.22000122070312,False,10.0,False,False,Sector: Financial Services,-28.05,-27.51,False,172.0,164.0,True,EXIT
VASCONEQ,Vascon Engineers Limited,Industrials,Engineering & Construction,30.739999771118164,False,28.0,False,False,Sector: Industrials,-44.14,-43.17,False,880.0,1077.0,False,EXIT
DMCC,DMCC Speciality Chemicals Limited,Basic Materials,Chemicals,287.29998779296875,False,40.0,False,True,Sector: Basic Materials,-16.46,-16.38,False,708.0,582.0,True,EXIT
PATELRMART,PATELRMART,Consumer Cyclical,Department Stores,232.32000732421875,False,42.0,True,True,Sector: Consumer Cyclical,,,False,1175.0,1048.0,True,HOLD
KELLTONTEC,Kellton Tech Solutions Limited,Technology,Software - Application,13.600000381469727,False,91.0,False,False,Sector: Technology,-48.0,-49.27,False,1237.0,1217.0,True,EXIT
AGARIND,Agarwal Industrial Corporation Limited,Basic Materials,Specialty Chemicals,491.75,False,41.0,False,False,Sector: Basic Materials,-41.72,-41.56,False,1492.0,2399.0,False,EXIT
EVERESTIND,Everest Industries Limited,Industrials,Building Products & Equipment,437.95001220703125,False,-1.0,False,False,Sector: Industrials,-32.41,-31.47,False,1352.0,1723.0,False,EXIT
CHEMBONDCH,Chembond Chemicals Limited,Basic Materials,Specialty Chemicals,282.0,True,38.0,True,True,Sector: Basic Materials,28.07,28.03,True,347.0,440.0,False,ADD
ECOSMOBLTY,ECOSMOBLTY,Industrials,Rental & Leasing Services,112.30999755859375,False,59.0,False,False,Sector: Industrials,-63.8,-62.79,False,838.0,808.0,True,EXIT
RAMASTEEL,Rama Steel Tubes Limited,Basic Materials,Steel,4.090000152587891,False,12.0,False,False,Sector: Basic Materials,-61.91,-61.69,False,1079.0,1337.0,False,EXIT
MAANALU,Maan Aluminium Limited,Basic Materials,Aluminum,118.5199966430664,False,13.0,False,False,Sector: Basic Materials,8.06,8.07,True,829.0,953.0,False,EXIT
SOUTHWEST,South West Pinnacle Exploration Limited,Energy,Oil & Gas Equipment & Services,215.3699951171875,False,40.0,True,True,Sector: Energy,56.6,66.96,True,264.0,243.0,True,HOLD
DCMSIL,DCM Shriram International Limited,Industrials,Industrial Distribution,76.0999984741211,False,-17.0,False,False,Sector: Industrials,,,False,446.0,574.0,False,EXIT
CCCL,Consolidated Construction Consortium Limited,Industrials,Engineering & Construction,15.220000267028809,False,-4.0,False,False,Sector: Industrials,-15.52,-14.63,False,364.0,670.0,False,EXIT
BLAL,BEML Land Assets Limited,Financial Services,Shell Companies,169.6300048828125,False,2.29,True,False,Sector: Financial Services,-20.45,-19.95,False,1.96,0.98,True,EXIT
DPSCLTD,India Power Corporation Limited,Utilities,Utilities - Regulated Electric,7.159999847412109,False,,False,False,Sector: Utilities,-18.54,-44.28,False,,,False,EXIT
XCHANGING,Xchanging Solutions Limited,Technology,Information Technology Services,61.279998779296875,False,61.0,False,False,Sector: Technology,-30.78,-32.16,False,207.0,307.0,False,EXIT
KUANTUM,Kuantum Papers Limited,Basic Materials,Paper & Paper Products,74.98999786376953,False,36.0,False,False,Sector: Basic Materials,-34.4,-34.27,False,1174.0,1310.0,False,EXIT
VIVIANA,VIVIANA,Industrials,Engineering & Construction,705.0,False,55.0,True,False,Sector: Industrials,-46.29,-45.33,False,572.0,531.0,True,EXIT
INDOFARM,INDOFARM,Industrials,Farm & Heavy Construction Machinery,138.05999755859375,False,25.0,True,False,Sector: Industrials,-41.83,-40.87,False,454.0,440.0,True,EXIT
STCINDIA,The State Trading Corporation of India Limited,Industrials,Conglomerates,121.44000244140625,False,642.0,True,True,Sector: Industrials,-5.54,-4.67,False,0.0,15539.0,False,HOLD
CHEMCON,Chemcon Speciality Chemicals Limited,Basic Materials,Specialty Chemicals,187.72999572753906,False,28.0,False,False,Sector: Basic Materials,-19.8,-19.71,False,253.0,303.0,False,EXIT
BAJAJINDEF,BAJAJINDEF,Industrials,Farm & Heavy Construction Machinery,213.4499969482422,False,23.0,False,False,Sector: Industrials,-46.7,-45.73,False,202.0,208.0,False,EXIT
GLOSTERLTD,Gloster Limited,Consumer Cyclical,Textile Manufacturing,591.3499755859375,False,13.0,False,False,Sector: Consumer Cyclical,-6.41,-9.55,False,1548.0,1427.0,True,EXIT
ATL,Allcargo Terminals Limited,Industrials,Integrated Freight & Logistics,24.1299991607666,False,41.0,False,False,Sector: Industrials,-17.0,-16.1,False,848.0,821.0,True,EXIT
ABINFRA,ABINFRA,Industrials,Engineering & Construction,13.34000015258789,False,20.0,True,False,Sector: Industrials,-33.66,-32.73,False,272.0,256.0,True,EXIT
SCPL,Sheetal Cool Products Limited,Consumer Defensive,Packaged Foods,670.5499877929688,True,21.0,True,True,Sector: Consumer Defensive,168.03,166.93,True,386.0,366.0,True,ADD
MERCURYEV,Mercury Ev-Tech Limited,Consumer Cyclical,Auto Manufacturers,39.470001220703125,True,5.0,False,False,Sector: Consumer Cyclical,,,False,113.0,102.0,True,EXIT
EIFFL,Euro India Fresh Foods Limited,Consumer Defensive,Packaged Foods,251.8000030517578,False,5.0,False,False,Sector: Consumer Defensive,6.77,6.86,True,157.0,152.0,True,EXIT
HERANBA,Heranba Industries Limited,Basic Materials,Agricultural Inputs,160.38999938964844,False,,False,False,Sector: Basic Materials,-57.23,-57.03,False,,,False,EXIT
WELINV,Welspun Investments and Commercials Limited,Financial Services,Capital Markets,1925.800048828125,True,3.08,False,True,Sector: Financial Services,102.09,101.99,True,5.29,8.3,False,HOLD
CHEVIOT,Cheviot Company Limited,Consumer Cyclical,Textile Manufacturing,1176.300048828125,False,68.0,False,True,Sector: Consumer Cyclical,-1.47,-4.62,False,598.0,571.0,True,EXIT
SPECIALITY,Speciality Restaurants Limited,Consumer Cyclical,Restaurants,138.5800018310547,False,23.0,False,True,Sector: Consumer Cyclical,14.09,10.91,True,495.0,476.0,True,HOLD
20MICRONS,20 Microns Limited,Basic Materials,Other Industrial Metals & Mining,203.9600067138672,False,68.0,True,True,Sector: Basic Materials,-17.2,-17.12,False,951.0,954.0,False,HOLD
SAURASHCEM,Saurashtra Cement Limited,Basic Materials,Building Materials,58.25,False,7.0,False,False,Sector: Basic Materials,-52.9,-52.72,False,1699.0,1765.0,False,EXIT
INNOVISION,INNOVISION,Industrials,Staffing & Employment Services,269.45001220703125,False,17.0,False,False,Sector: Industrials,,,False,1022.0,981.0,True,EXIT
TVTODAY,T.V. Today Network Limited,Communication Services,Broadcasting,116.62999725341797,False,17.0,False,False,Sector: Communication Services,-1.24,-22.67,False,818.0,993.0,False,EXIT
ONMOBILE,OnMobile Global Limited,Communication Services,Telecom Services,58.150001525878906,False,-56.0,False,True,Sector: Communication Services,32.0,10.04,True,514.0,847.0,False,HOLD
BESTAGRO,Best Agrolife Limited,Basic Materials,Agricultural Inputs,18.1200008392334,False,30.0,False,False,Sector: Basic Materials,-29.53,-29.41,False,1272.0,1873.0,False,EXIT
JAYAGROGN,Jayant Agro-Organics Limited,Basic Materials,Specialty Chemicals,220.19000244140625,False,54.0,False,True,Sector: Basic Materials,-12.57,-12.5,False,2530.0,2778.0,False,EXIT
KANORICHEM,Kanoria Chemicals & Industries Limited,Basic Materials,Chemicals,153.42999267578125,False,153.0,True,True,Sector: Basic Materials,73.91,73.73,True,1240.0,1578.0,False,HOLD
EMAMIPAP,Emami Paper Mills Limited,Basic Materials,Paper & Paper Products,114.55999755859375,False,94.0,False,True,Sector: Basic Materials,16.62,16.6,True,2008.0,2381.0,False,HOLD
INNOVANA,INNOVANA,Technology,Software - Application,318.8500061035156,False,29.0,False,False,Sector: Technology,-40.34,-41.66,False,139.0,132.0,True,EXIT
KSOLVES,Ksolves India Limited,Technology,Software - Application,270.3999938964844,False,37.0,True,False,Sector: Technology,-17.18,-18.65,False,166.0,163.0,True,EXIT
FABTECH,FABTECH,Healthcare,Health Information Services,146.3300018310547,False,49.0,True,False,Sector: Healthcare,,,False,418.0,411.0,True,EXIT
PPL,Prakash Pipes Limited,Industrials,Building Products & Equipment,270.75,False,49.0,False,True,Sector: Industrials,-23.58,-22.67,False,827.0,789.0,True,EXIT
EMKAY,Emkay Global Financial Services Limited,Financial Services,Capital Markets,239.08999633789062,False,20.0,False,False,Sector: Financial Services,5.1,5.47,True,399.0,396.0,True,EXIT
MANBA,MANBA,Financial Services,Credit Services,130.52000427246094,False,49.0,True,True,Sector: Financial Services,-9.14,-8.7,False,354.0,328.0,True,HOLD
LAXMIINDIA,LAXMIINDIA,Financial Services,Credit Services,132.89999389648438,False,57.0,True,True,Sector: Financial Services,-7.99,-7.56,False,341.0,317.0,True,HOLD
GANESHCP,GANESHCP,Consumer Defensive,Packaged Foods,162.35000610351562,False,45.0,True,False,Sector: Consumer Defensive,,,False,857.0,871.0,False,EXIT
DHUNINV,Dhunseri Investments Limited,Financial Services,Capital Markets,963.2000122070312,False,163.0,False,False,Sector: Financial Services,-32.7,-32.14,False,448.0,2805.0,False,EXIT
VAKRANGEE,Vakrangee Limited,Technology,Information Technology Services,5.820000171661377,False,10.0,False,False,Sector: Technology,-38.32,-39.65,False,242.0,6502.0,False,EXIT
PROZONER,Prozone Realty Limited,Real Estate,Real Estate - Diversified,41.959999084472656,False,15.0,False,False,Sector: Real Estate,12.58,-3.89,False,139.0,185.0,False,EXIT
AHLWEST,Asian Hotels (West) Limited,Consumer Cyclical,Lodging,548.9500122070312,False,71.0,False,True,Sector: Consumer Cyclical,293.29,289.4,True,444.0,435.0,True,HOLD
ADSL,Allied Digital Services Limited,Technology,Information Technology Services,109.62999725341797,False,38.0,False,False,Sector: Technology,-31.05,-32.43,False,1009.0,968.0,True,EXIT
TREL,Transindia Real Estate Limited,Real Estate,Real Estate Services,26.93000030517578,False,41.0,False,True,Sector: Real Estate,-4.54,-20.78,False,85.0,136.0,False,EXIT
HMVL,Hindustan Media Ventures Limited,Communication Services,Publishing,94.72000122070312,False,90.0,False,True,Sector: Communication Services,27.67,5.78,True,793.0,933.0,False,HOLD
BIGBLOC,Bigbloc Construction Limited,Industrials,Building Products & Equipment,42.599998474121094,False,-4.0,False,False,Sector: Industrials,-27.83,-26.9,False,306.0,283.0,True,EXIT
KILITCH,Kilitch Drugs (India) Limited,Healthcare,Drug Manufacturers - Specialty & Generic,162.5399932861328,False,29.0,False,False,Sector: Healthcare,-29.73,-19.04,False,237.0,235.0,True,EXIT
SNOWMAN,Snowman Logistics Limited,Industrials,Integrated Freight & Logistics,37.54999923706055,False,5.0,False,False,Sector: Industrials,-31.64,-30.7,False,619.0,604.0,True,EXIT
SUTLEJTEX,Sutlej Textiles and Industries Limited,Consumer Cyclical,Textile Manufacturing,38.18000030517578,False,-55.0,False,True,Sector: Consumer Cyclical,-1.59,-4.74,False,2668.0,3076.0,False,EXIT
ZEEMEDIA,Zee Media Corporation Limited,Communication Services,Broadcasting,9.399999618530273,False,-1.0,False,True,Sector: Communication Services,-5.55,-26.92,False,768.0,867.0,False,EXIT
TRANSPEK,Transpek Industry Limited,Basic Materials,Chemicals,1244.5,False,39.0,False,False,Sector: Basic Materials,,,False,618.0,827.0,False,EXIT
ONWARDTEC,Onward Technologies Limited,Technology,Information Technology Services,292.25,False,43.0,False,True,Sector: Technology,-13.87,-15.36,False,560.0,544.0,True,EXIT
PRIMO,Primo Chemicals Limited,Basic Materials,Chemicals,21.459999084472656,False,16.0,False,False,Sector: Basic Materials,-15.93,-15.85,False,560.0,701.0,False,EXIT
NBIFIN,N.B.I. Industrial Finance Company Limited,Financial Services,Capital Markets,2002.0,False,16.0,True,False,Sector: Financial Services,-20.2,-19.71,False,25.0,14.0,True,EXIT
KANPRPLA,Kanpur Plastipack Limited,Consumer Cyclical,Packaging & Containers,266.17999267578125,True,45.0,True,True,Sector: Consumer Cyclical,22.73,19.52,True,741.0,718.0,True,ADD
HTMEDIA,HT Media Limited,Communication Services,Publishing,26.729999542236328,False,6.0,False,True,Sector: Communication Services,24.51,2.67,True,1896.0,2502.0,False,HOLD
BAFNAPH,Bafna Pharmaceuticals Limited,Healthcare,Drug Manufacturers - Specialty & Generic,237.6999969482422,False,8.0,False,True,Sector: Healthcare,108.36,118.0,True,143.0,152.0,False,HOLD
COFFEEDAY,Coffee Day Enterprises Limited,Consumer Cyclical,Restaurants,29.260000228881836,False,191.0,False,False,Sector: Consumer Cyclical,-34.5,-37.57,False,1136.0,4142.0,False,EXIT
SHIVAUM,SHIVAUM,Basic Materials,Steel,445.0,True,9.0,False,True,Sector: Basic Materials,42.51,42.42,True,605.0,575.0,True,HOLD
AMANTA,AMANTA,Healthcare,Drug Manufacturers - Specialty & Generic,186.50999450683594,True,15.0,False,True,Sector: Healthcare,,,False,291.0,288.0,True,EXIT
HINDCOMPOS,Hindustan Composites Limited,Consumer Cyclical,Auto Parts,412.5,False,32.0,False,False,Sector: Consumer Cyclical,-13.22,-16.34,False,221.0,325.0,False,EXIT
MALLCOM,Mallcom (India) Limited,Industrials,Security & Protection Services,975.25,False,27.0,False,False,Sector: Industrials,-24.37,-23.45,False,527.0,540.0,False,EXIT
ORBTEXP,Orbit Exports Limited,Consumer Cyclical,Textile Manufacturing,229.36000061035156,False,42.0,True,True,Sector: Consumer Cyclical,19.44,16.23,True,241.0,231.0,True,HOLD
TPLPLASTEH,TPL Plastech Limited,Consumer Cyclical,Packaging & Containers,78.30999755859375,False,30.0,True,True,Sector: Consumer Cyclical,-0.48,-3.64,False,457.0,423.0,True,HOLD
ZFSTEERING,ZF Steering Gear (India) Limited,Consumer Cyclical,Auto Parts,668.0,False,16.0,False,False,Sector: Consumer Cyclical,,,False,581.0,571.0,True,EXIT
PYRAMID,Pyramid Technoplast Limited,Consumer Cyclical,Packaging & Containers,163.17999267578125,False,31.0,False,True,Sector: Consumer Cyclical,5.11,1.95,True,740.0,681.0,True,HOLD
GLOTTIS,GLOTTIS,Industrials,Integrated Freight & Logistics,66.01000213623047,False,36.0,False,True,Sector: Industrials,,,False,789.0,941.0,False,EXIT
SATIA,Satia Industries Limited,Basic Materials,Paper & Paper Products,57.709999084472656,False,-8.0,False,False,Sector: Basic Materials,-32.61,-32.49,False,1443.0,1880.0,False,EXIT
DCI,DC Infotech and Communication Limited,Technology,Electronics & Computer Distribution,376.8500061035156,False,22.0,True,True,Sector: Technology,63.35,61.35,True,756.0,737.0,True,HOLD
NAHARPOLY,Nahar Poly Films Limited,Consumer Cyclical,Packaging & Containers,233.85000610351562,False,72.0,False,False,Sector: Consumer Cyclical,-19.97,-23.08,False,667.0,723.0,False,EXIT
GTPL,GTPL Hathway Limited,Communication Services,Entertainment,54.5099983215332,False,6.0,False,False,Sector: Communication Services,-35.02,-55.92,False,3831.0,3719.0,True,EXIT
SOFTTECH,SoftTech Engineers Limited,Technology,Software - Application,424.3999938964844,False,5.0,False,True,Sector: Technology,8.09,6.46,True,139.0,133.0,True,HOLD
SHREERAMA,Shree Rama Multi-Tech Limited,Consumer Cyclical,Packaging & Containers,44.93000030517578,False,25.0,False,False,Sector: Consumer Cyclical,7.96,4.78,True,265.0,240.0,True,EXIT
LINC,Linc Limited,Industrials,Business Equipment & Supplies,95.04000091552734,False,32.0,False,False,Sector: Industrials,-29.95,-29.02,False,545.0,543.0,True,EXIT
AQYLON,Aqylon Nexus Limited,Communication Services,Broadcasting,24.079999923706055,False,-24.0,False,False,Sector: Communication Services,-79.65,-99.84,False,5.0,180.0,False,EXIT
UNIVASTU,Univastu India Limited,Industrials,Engineering & Construction,172.4499969482422,True,31.0,True,True,Sector: Industrials,89.66,90.31,True,318.0,243.0,True,ADD
KAMATHOTEL,Kamat Hotels (India) Limited,Consumer Cyclical,Lodging,190.8300018310547,False,44.0,False,False,Sector: Consumer Cyclical,-35.11,-38.18,False,394.0,386.0,True,EXIT
ZIMLAB,ZIM Laboratories Limited,Healthcare,Drug Manufacturers - Specialty & Generic,121.0,False,4.0,False,True,Sector: Healthcare,45.2,55.32,True,397.0,399.0,False,HOLD
SAYAJIHOTL,Sayaji Hotels Limited,Consumer Cyclical,Lodging,322.3500061035156,True,-1.0,False,False,Sector: Consumer Cyclical,,,False,133.0,244.0,False,EXIT
HITECHCORP,Hitech Corporation Limited,Consumer Cyclical,Packaging & Containers,330.1499938964844,True,18.0,True,True,Sector: Consumer Cyclical,61.65,58.34,True,701.0,640.0,True,ADD
MINDTECK,Mindteck (India) Limited,Technology,Information Technology Services,174.13999938964844,False,31.0,False,False,Sector: Technology,-17.11,-18.58,False,410.0,424.0,False,EXIT
KNAGRI,KNAGRI,Consumer Defensive,Farm Products,212.61000061035156,False,36.0,False,True,Sector: Consumer Defensive,-12.71,-12.49,False,1945.0,2224.0,False,EXIT
MANAKSTEEL,Manaksia Steels Limited,Basic Materials,Steel,85.16000366210938,False,56.0,True,True,Sector: Basic Materials,41.56,41.48,True,1241.0,1131.0,True,HOLD
RBZJEWEL,RBZ Jewellers Limited,Consumer Cyclical,Luxury Goods,135.4600067138672,False,57.0,True,False,Sector: Consumer Cyclical,-0.46,-3.61,False,682.0,636.0,True,EXIT
3IINFOLTD,3i Infotech Limited,Technology,Information Technology Services,22.25,False,34.0,False,True,Sector: Technology,8.09,6.46,True,701.0,1344.0,False,HOLD
KRONOX,KRONOX,Basic Materials,Specialty Chemicals,186.19000244140625,False,29.0,True,True,Sector: Basic Materials,7.96,7.97,True,105.0,101.0,True,HOLD
GFLLIMITED,GFL Limited,Financial Services,Asset Management,56.380001068115234,False,61.0,False,True,Sector: Financial Services,-11.22,-10.77,False,4.0,6972.0,False,EXIT
AARTISURF,Aarti Surfactants Limited,Basic Materials,Specialty Chemicals,562.0499877929688,False,18.0,False,True,Sector: Basic Materials,27.13,27.09,True,916.0,859.0,True,HOLD
SREEL,Sreeleathers Limited,Consumer Cyclical,Footwear & Accessories,244.24000549316406,False,33.0,True,True,Sector: Consumer Cyclical,11.92,8.73,True,258.0,248.0,True,HOLD
MUNJALSHOW,Munjal Showa Limited,Consumer Cyclical,Auto Parts,132.6699981689453,False,25.0,False,True,Sector: Consumer Cyclical,-1.81,-4.95,False,1377.0,1669.0,False,EXIT
CEWATER,CEWATER,Utilities,Utilities - Regulated Water,271.75,False,-7.0,False,False,Sector: Utilities,-26.44,-51.74,False,541.0,594.0,False,EXIT
PANSARI,Pansari Developers Limited,Real Estate,Real Estate - Development,318.20001220703125,False,20.0,True,True,Sector: Real Estate,29.52,12.8,True,93.0,96.0,False,HOLD
UGARSUGAR,The Ugar Sugar Works Limited,Consumer Defensive,Confectioners,56.06999969482422,False,68.0,False,True,Sector: Consumer Defensive,31.55,31.46,True,1624.0,1794.0,False,HOLD
GLOBAL,Global Education Limited,Consumer Defensive,Education & Training Services,106.29000091552734,False,26.0,False,True,Sector: Consumer Defensive,65.7,65.35,True,93.0,94.0,False,HOLD
CHEMFAB,Chemfab Alkalis Limited,Basic Materials,Specialty Chemicals,366.0,False,-0.0,False,False,Sector: Basic Materials,-49.18,-49.0,False,293.0,334.0,False,EXIT
OSWALGREEN,Oswal Greentech Limited,Financial Services,Asset Management,21.270000457763672,False,-61.0,False,False,Sector: Financial Services,-52.55,-51.89,False,37.0,458.0,False,EXIT
VISACHROME,VISA Chrome Limited,Basic Materials,Steel,36.52000045776367,False,1036.0,False,False,Sector: Basic Materials,13.64,13.63,True,511.0,2067.0,False,EXIT
ARIES,Aries Agro Limited,Basic Materials,Agricultural Inputs,435.1000061035156,True,47.0,True,True,Sector: Basic Materials,1.32,1.35,True,779.0,753.0,True,ADD
APTECHT,Aptech Limited,Consumer Defensive,Education & Training Services,93.05000305175781,False,24.0,False,False,Sector: Consumer Defensive,-31.27,-30.9,False,517.0,503.0,True,EXIT
MOLDTECH,Mold-Tek Technologies Limited,Industrials,Engineering & Construction,189.07000732421875,False,18.0,False,True,Sector: Industrials,16.62,17.44,True,208.0,182.0,True,HOLD
MODINATUR,Modi Naturals Limited,Consumer Defensive,Packaged Foods,342.5,False,52.0,True,False,Sector: Consumer Defensive,,,False,720.0,719.0,True,EXIT
URJA,Urja Global Limited,Technology,Solar,9.319999694824219,False,1.46,False,False,Sector: Technology,-32.59,-33.96,False,61.65,163.56,False,EXIT
NAHARINDUS,Nahar Industrial Enterprises Limited,Consumer Cyclical,Textile Manufacturing,117.94999694824219,False,72.0,False,True,Sector: Consumer Cyclical,5.65,2.48,True,1336.0,2006.0,False,HOLD
PASUPTAC,Pasupati Acrylon Limited,Consumer Cyclical,Textile Manufacturing,62.38999938964844,False,96.0,True,True,Sector: Consumer Cyclical,43.01,39.75,True,1032.0,1010.0,True,HOLD
DICIND,DIC India Limited,Basic Materials,Specialty Chemicals,589.5999755859375,False,29.0,False,True,Sector: Basic Materials,-2.46,-2.42,False,980.0,892.0,True,EXIT
THEINVEST,The Investment Trust of India Limited,Financial Services,Capital Markets,97.87000274658203,False,37.0,False,False,Sector: Financial Services,-39.12,-38.53,False,274.0,640.0,False,EXIT
CSM,CSM,Technology,Information Technology Services,99.37000274658203,False,,False,False,Sector: Technology,,,False,,,False,EXIT
DISHTV,Dish TV India Limited,Communication Services,Entertainment,2.7899999618530273,False,-999.0,False,False,Sector: Communication Services,-26.77,-47.8,False,1099.0,6166.0,False,EXIT
ORIENTCER,Orient Ceratech Limited,Basic Materials,Specialty Chemicals,46.72999954223633,False,26.0,False,True,Sector: Basic Materials,15.63,15.62,True,405.0,397.0,True,HOLD
PLASTIBLEN,Plastiblends India Limited,Basic Materials,Specialty Chemicals,188.92999267578125,False,43.0,True,True,Sector: Basic Materials,-3.65,-3.61,False,811.0,781.0,True,HOLD
UNIVPHOTO,Universus Photo Imagings Limited,Healthcare,Medical Devices,451.95001220703125,False,-18.0,False,True,Sector: Healthcare,73.33,83.24,True,19.0,62.0,False,HOLD
ORIENTBELL,Orient Bell Limited,Industrials,Building Products & Equipment,339.20001220703125,False,21.0,False,True,Sector: Industrials,21.22,22.03,True,752.0,705.0,True,HOLD
PENINLAND,Peninsula Land Limited,Real Estate,Real Estate - Development,15.199999809265137,False,-157.0,False,False,Sector: Real Estate,-46.99,-62.62,False,129.0,993.0,False,EXIT
PTL,PTL Enterprises Limited,Real Estate,Real Estate Services,38.2400016784668,False,46.0,False,False,Sector: Real Estate,11.19,-5.27,False,64.0,64.0,True,EXIT
MUFTI,MUFTI,Consumer Cyclical,Apparel Retail,77.19000244140625,False,43.0,False,False,Sector: Consumer Cyclical,-35.08,-38.15,False,597.0,618.0,False,EXIT
THOMASCOTT,Thomas Scott (India) Limited,Consumer Cyclical,Textile Manufacturing,290.8999938964844,False,21.0,True,False,Sector: Consumer Cyclical,-21.38,-24.48,False,267.0,255.0,True,EXIT
OSWALAGRO,Oswal Agro Mills Limited,Real Estate,Real Estate - Development,37.56999969482422,False,-34.0,False,False,Sector: Real Estate,-38.36,-54.12,False,0.0,162.0,False,EXIT
KHAICHEM,Khaitan Chemicals and Fertilizers Limited,Basic Materials,Agricultural Inputs,56.650001525878906,False,54.0,False,False,Sector: Basic Materials,-46.83,-46.66,False,988.0,1002.0,False,EXIT
RUSHIL,Rushil Décor Limited,Consumer Cyclical,"Furnishings, Fixtures & Appliances",16.920000076293945,False,22.0,False,False,Sector: Consumer Cyclical,-24.83,-27.92,False,912.0,898.0,True,EXIT
ELIN,Elin Electronics Limited,Industrials,Electrical Equipment & Parts,99.62000274658203,False,-8.0,False,False,Sector: Industrials,-47.15,-46.18,False,1355.0,1288.0,True,EXIT
MANCREDIT,Mangal Credit and Fincorp Limited,Financial Services,Credit Services,224.5500030517578,False,8.0,False,True,Sector: Financial Services,26.27,26.54,True,108.0,240.0,False,HOLD
BBTCL,B&B Triplewall Containers Limited,Consumer Cyclical,Packaging & Containers,248.13999938964844,False,32.0,True,True,Sector: Consumer Cyclical,22.83,19.61,True,645.0,616.0,True,HOLD
SUKHJITS,The Sukhjit Starch & Chemicals Limited,Basic Materials,Specialty Chemicals,159.92999267578125,False,34.0,False,False,Sector: Basic Materials,-11.73,-11.66,False,1459.0,1498.0,False,EXIT
BMWVENTLTD,BMWVENTLTD,Basic Materials,Steel,57.22999954223633,False,40.0,True,False,Sector: Basic Materials,,,False,2403.0,2278.0,True,EXIT
CSLFINANCE,CSL Finance Limited,Financial Services,Credit Services,225.2899932861328,False,87.0,True,False,Sector: Financial Services,-29.58,-29.04,False,267.0,256.0,True,EXIT
IRIS,IRIS RegTech Solutions Limited,Technology,Software - Application,248.1199951171875,False,125.0,False,False,Sector: Technology,-25.46,-26.87,False,136.0,128.0,True,EXIT
SCHAND,S Chand And Company Limited,Communication Services,Publishing,135.02999877929688,False,68.0,False,False,Sector: Communication Services,-11.38,-32.65,False,811.0,799.0,True,EXIT
NILASPACES,Nila Spaces Limited,Real Estate,Real Estate - Development,12.770000457763672,False,32.0,True,False,Sector: Real Estate,3.1,-13.25,False,191.0,185.0,True,EXIT
MCLEODRUSS,McLeod Russel India Limited,Consumer Defensive,Packaged Foods,49.95000076293945,False,-93.0,False,False,Sector: Consumer Defensive,26.15,26.09,True,1200.0,2055.0,False,EXIT
INTLCONV,International Conveyors Limited,Industrials,Specialty Industrial Machinery,76.77999877929688,False,136.0,True,False,Sector: Industrials,-15.88,-14.98,False,213.0,215.0,False,EXIT
IL&FSENGG,IL&FS Engineering and Construction Company Limited,Industrials,Engineering & Construction,36.63999938964844,False,11.0,False,True,Sector: Industrials,7.22,8.07,True,184.0,2783.0,False,HOLD
ENIL,Entertainment Network (India) Limited,Communication Services,Broadcasting,101.5999984741211,False,-8.0,False,False,Sector: Communication Services,-19.67,-40.81,False,562.0,621.0,False,EXIT
ADVANIHOTR,Advani Hotels & Resorts (India) Limited,Consumer Cyclical,Lodging,49.4900016784668,False,23.0,False,False,Sector: Consumer Cyclical,-20.34,-23.44,False,108.0,107.0,True,EXIT
RKSWAMY,RKSWAMY,Communication Services,Advertising Agencies,95.83000183105469,False,23.0,False,False,Sector: Communication Services,-19.31,-40.46,False,347.0,341.0,True,EXIT
RAMANEWS,Shree Rama Newsprint Limited,Consumer Defensive,Beverages - Non-Alcoholic,31.65999984741211,False,-69.0,False,True,Sector: Consumer Defensive,0.08,0.22,True,33.0,504.0,False,HOLD
MGEL,Mangalam Global Enterprise Limited,Consumer Defensive,Farm Products,14.970000267028809,False,47.0,True,True,Sector: Consumer Defensive,-11.91,-11.69,False,3478.0,3384.0,True,HOLD
SIGMA,Sigma Solve Limited,Technology,Information Technology Services,46.7599983215332,False,31.0,True,True,Sector: Technology,17.1,15.4,True,98.0,96.0,True,HOLD
MAZDA,Mazda Limited,Industrials,Specialty Industrial Machinery,235.08999633789062,False,30.0,False,True,Sector: Industrials,-21.0,-20.09,False,243.0,225.0,True,EXIT
SILINV,SIL Investments Limited,Financial Services,Asset Management,449.8999938964844,False,51.0,False,False,Sector: Financial Services,-24.15,-23.64,False,74.0,178.0,False,EXIT
REPRO,Repro India Limited,Industrials,Specialty Business Services,324.8999938964844,False,98.0,True,False,Sector: Industrials,-34.28,-33.34,False,517.0,494.0,True,EXIT
ALBERTDAVD,Albert David Limited,Healthcare,Drug Manufacturers - Specialty & Generic,863.1500244140625,False,23.0,False,True,Sector: Healthcare,-6.58,3.94,False,364.0,362.0,True,EXIT
HLVLTD,HLV Limited,Consumer Cyclical,Lodging,6.590000152587891,False,5.0,False,False,Sector: Consumer Cyclical,-44.37,-47.41,False,207.0,698.0,False,EXIT
SHARDUL,Shardul Securities Limited,Financial Services,Capital Markets,52.72999954223633,False,23.0,False,False,Sector: Financial Services,,,False,141.0,173.0,False,EXIT
KOTYARK,KOTYARK,Basic Materials,Specialty Chemicals,36.27000045776367,False,,False,True,Sector: Basic Materials,-1.11,-1.07,False,,,False,EXIT
UNIDT,United Drilling Tools Limited,Energy,Oil & Gas Equipment & Services,225.50999450683594,False,20.0,False,True,Sector: Energy,-3.67,9.3,False,184.0,181.0,True,EXIT
MAWANASUG,Mawana Sugars Limited,Consumer Defensive,Confectioners,140.10000610351562,False,28.0,False,True,Sector: Consumer Defensive,51.45,51.21,True,1586.0,1571.0,True,HOLD
DONEAR,Donear Industries Limited,Consumer Cyclical,Textile Manufacturing,88.94999694824219,False,46.0,True,False,Sector: Consumer Cyclical,-8.33,-11.47,False,928.0,914.0,True,EXIT
WSI,W.S. Industries (India) Limited,Industrials,Engineering & Construction,60.470001220703125,False,2.65,False,False,Sector: Industrials,-30.33,-29.4,False,65.88,326.38,False,EXIT
KAYA,Kaya Limited,Consumer Defensive,Household & Personal Products,374.1000061035156,False,-97.0,False,True,Sector: Consumer Defensive,-16.18,-15.93,False,230.0,222.0,True,EXIT
HALEOSLABS,Haleos Labs Limited,Healthcare,Biotechnology,1456.4000244140625,False,15.0,False,True,Sector: Healthcare,16.4,26.75,True,324.0,378.0,False,HOLD
IGCL,IGCL,Basic Materials,Agricultural Inputs,72.68000030517578,False,39.0,False,False,Sector: Basic Materials,-38.78,-38.64,False,684.0,705.0,False,EXIT
ATALREAL,Atal Realtech Limited,Industrials,Engineering & Construction,33.45000076293945,False,7.0,True,True,Sector: Industrials,79.76,80.44,True,120.0,120.0,True,HOLD
VALIANTLAB,Valiant Laboratories Limited,Healthcare,Drug Manufacturers - Specialty & Generic,91.66000366210938,False,16.0,False,True,Sector: Healthcare,-10.14,0.4,False,306.0,334.0,False,EXIT
FOCUS,Focus Lighting and Fixtures Limited,Consumer Cyclical,"Furnishings, Fixtures & Appliances",70.0199966430664,False,6.0,False,False,Sector: Consumer Cyclical,-27.11,-30.2,False,195.0,224.0,False,EXIT
AUTOIND,Autoline Industries Limited,Consumer Cyclical,Auto Parts,89.29000091552734,False,40.0,True,True,Sector: Consumer Cyclical,23.18,19.96,True,938.0,824.0,True,HOLD
DENORA,De Nora India Limited,Industrials,Electrical Equipment & Parts,839.8499755859375,False,12.0,False,True,Sector: Industrials,-6.09,-5.22,False,115.0,122.0,False,EXIT
GUJAPOLLO,Gujarat Apollo Industries Limited,Industrials,Specialty Industrial Machinery,350.70001220703125,False,5.61,False,False,Sector: Industrials,-29.71,-28.78,False,51.88,81.59,False,EXIT
SBGLP,Suratwwala Business Group Limited,Real Estate,Real Estate - Development,24.6200008392334,False,42.0,True,False,Sector: Real Estate,-25.19,-41.14,False,169.0,143.0,True,EXIT
OMAXAUTO,Omax Autos Limited,Consumer Cyclical,Auto Parts,199.74000549316406,False,40.0,False,True,Sector: Consumer Cyclical,26.87,23.64,True,507.0,1179.0,False,HOLD
MIRZAINT,Mirza International Limited,Consumer Cyclical,Footwear & Accessories,31.06999969482422,False,-22.0,False,False,Sector: Consumer Cyclical,-4.86,-8.0,False,514.0,1399.0,False,EXIT
VINYLINDIA,Vinyl Chemicals (India) Limited,Basic Materials,Specialty Chemicals,234.77999877929688,False,19.0,False,False,Sector: Basic Materials,-15.6,-15.52,False,601.0,1013.0,False,EXIT
ABCOTS,ABCOTS,Consumer Cyclical,Textile Manufacturing,211.10000610351562,False,14.0,True,False,Sector: Consumer Cyclical,-46.47,-49.51,False,333.0,299.0,True,EXIT
TERASOFT,Tera Software Limited,Technology,Information Technology Services,326.79998779296875,False,25.0,True,False,Sector: Technology,16.53,14.84,True,255.0,238.0,True,HOLD
DAVANGERE,Davangere Sugar Company Limited,Consumer Defensive,Confectioners,2.990000009536743,False,8.0,False,False,Sector: Consumer Defensive,-5.9,-5.72,False,249.0,280.0,False,EXIT
NDLVENTURE,NDL Ventures Limited,Communication Services,Entertainment,119.01000213623047,False,-28.0,False,True,Sector: Communication Services,55.09,32.76,True,1044.0,1080.0,False,HOLD
NAHARCAP,Nahar Capital and Financial Services Limited,Financial Services,Capital Markets,255.08999633789062,False,119.0,False,True,Sector: Financial Services,-17.5,-17.02,False,32.0,52.0,False,EXIT
ASAHISONG,Asahi Songwon Colors Limited,Basic Materials,Specialty Chemicals,359.6000061035156,False,34.0,True,True,Sector: Basic Materials,11.4,11.4,True,575.0,562.0,True,HOLD
SARVESHWAR,Sarveshwar Foods Limited,Consumer Defensive,Packaged Foods,3.390000104904175,False,33.0,True,False,Sector: Consumer Defensive,-60.22,-59.65,False,1402.0,1346.0,True,EXIT
ACL,Andhra Cements Limited,Basic Materials,Building Materials,45.77000045776367,False,-73.0,False,False,Sector: Basic Materials,-38.75,-38.6,False,485.0,466.0,True,EXIT
RAMAPHO,Rama Phosphates Limited,Basic Materials,Agricultural Inputs,122.83000183105469,False,54.0,False,False,Sector: Basic Materials,-17.33,-17.24,False,928.0,893.0,True,EXIT
SHIVALIK,Shivalik Rasayan Limited,Basic Materials,Agricultural Inputs,268.9100036621094,False,20.0,False,False,Sector: Basic Materials,-49.88,-49.7,False,375.0,368.0,True,EXIT
BATLIBOI,Batliboi Limited,Industrials,Specialty Industrial Machinery,84.80999755859375,False,9.0,False,False,Sector: Industrials,,,False,496.0,415.0,True,EXIT
FOODSIN,Foods and Inns Limited,Consumer Defensive,Packaged Foods,54.959999084472656,False,24.0,False,False,Sector: Consumer Defensive,-42.92,-42.47,False,789.0,1020.0,False,EXIT
MUTHOOTCAP,Muthoot Capital Services Limited,Financial Services,Credit Services,252.75999450683594,False,24.0,False,True,Sector: Financial Services,-10.26,-9.81,False,631.0,624.0,True,EXIT
SRGHFL,SRG Housing Finance Limited,Financial Services,Mortgage Finance,262.45001220703125,False,34.0,True,False,Sector: Financial Services,-17.03,-16.55,False,209.0,199.0,True,EXIT
PPAP,PPAP Automotive Limited,Consumer Cyclical,Auto Parts,274.0,False,46.0,True,True,Sector: Consumer Cyclical,15.42,12.23,True,607.0,567.0,True,HOLD
AFIL,AFIL,Financial Services,Credit Services,9.40999984741211,False,44.0,True,True,Sector: Financial Services,28.62,28.87,True,159.0,149.0,True,HOLD
XTGLOBAL,XTGlobal Infotech Limited,Technology,Software - Application,28.670000076293945,False,15.0,False,False,Sector: Technology,-10.65,-12.16,False,370.0,369.0,True,EXIT
KOTHARIPRO,Kothari Products Limited,Industrials,Conglomerates,67.77999877929688,False,19.0,False,False,Sector: Industrials,-18.84,-17.93,False,1031.0,6866.0,False,EXIT
KRITINUT,Kriti Nutrients Limited,Consumer Defensive,Packaged Foods,83.91999816894531,False,33.0,False,True,Sector: Consumer Defensive,-17.41,-17.15,False,940.0,922.0,True,EXIT
VPRPL,Vishnu Prakash R Punglia Limited,Industrials,Engineering & Construction,33.52000045776367,False,-196.0,False,False,Sector: Industrials,-79.86,-78.81,False,713.0,1474.0,False,EXIT
SURAJLTD,Suraj Limited,Basic Materials,Steel,195.94000244140625,False,8.0,False,False,Sector: Basic Materials,-37.83,-37.68,False,195.0,367.0,False,EXIT
MONEYBOXX,Moneyboxx Finance Limited,Financial Services,Credit Services,55.0,False,1.0,False,False,Sector: Financial Services,,,False,225.0,232.0,False,EXIT
SHAH,Shah Metacorp Limited,Basic Materials,Steel,3.950000047683716,False,13.0,False,False,Sector: Basic Materials,18.14,18.12,True,236.0,208.0,True,EXIT
LIBERTSHOE,Liberty Shoes Ltd.,Consumer Cyclical,Footwear & Accessories,241.10000610351562,False,9.0,False,False,Sector: Consumer Cyclical,-20.16,-23.26,False,737.0,740.0,False,EXIT
VRAJ,VRAJ,Basic Materials,Steel,122.44999694824219,False,36.0,False,False,Sector: Basic Materials,-25.32,-25.21,False,643.0,588.0,True,EXIT
CYBERTECH,CyberTech Systems and Software Limited,Technology,Information Technology Services,133.0500030517578,False,32.0,False,False,Sector: Technology,-17.16,-18.63,False,247.0,237.0,True,EXIT
S&SPOWER,S&S Power Switchgear Limited,Industrials,Electrical Equipment & Parts,271.70001220703125,False,8.0,False,False,Sector: Industrials,-29.78,-28.85,False,276.0,264.0,True,EXIT
UYFINCORP,U. Y. Fincorp Limited,Financial Services,Credit Services,20.219999313354492,False,-0.66,False,True,Sector: Financial Services,37.13,37.35,True,63.4,185.01,False,HOLD
BANSWRAS,Banswara Syntex Limited,Consumer Cyclical,Textile Manufacturing,120.33999633789062,False,37.0,False,True,Sector: Consumer Cyclical,-8.04,-11.17,False,1366.0,1499.0,False,EXIT
LORDSCHLO,Lords Chloro Alkali Limited,Basic Materials,Chemicals,134.22000122070312,False,33.0,False,False,Sector: Basic Materials,-34.06,-33.93,False,396.0,390.0,True,EXIT
SAHYADRI,Sahyadri Industries Limited,Industrials,Building Products & Equipment,374.8999938964844,False,45.0,False,True,Sector: Industrials,31.21,32.0,True,723.0,679.0,True,HOLD
MAJESAUT,Majestic Auto Limited,Real Estate,Real Estate Services,361.3500061035156,False,97.0,True,False,Sector: Real Estate,,,False,20.0,138.0,False,EXIT
EMAMIREAL,Emami Realty Limited,Real Estate,Real Estate - Development,71.45999908447266,False,-155.0,False,False,Sector: Real Estate,-23.76,-39.72,False,93.0,1041.0,False,EXIT
TREJHARA,Trejhara Solutions Limited,Technology,Software - Application,159.1300048828125,False,13.0,False,False,Sector: Technology,-22.99,-24.42,False,177.0,142.0,True,EXIT
MANOMAY,Manomay Tex India Limited,Consumer Cyclical,Textile Manufacturing,211.44000244140625,False,20.0,True,True,Sector: Consumer Cyclical,30.41,27.18,True,744.0,711.0,True,HOLD
EUROBOND,EUROBOND,Industrials,Building Products & Equipment,158.25,False,26.0,False,False,Sector: Industrials,-37.78,-36.84,False,518.0,503.0,True,EXIT
JKIPL,JKIPL,Industrials,Farm & Heavy Construction Machinery,99.7699966430664,False,8.0,False,True,Sector: Industrials,,,False,365.0,381.0,False,EXIT
MANAKSIA,Manaksia Limited,Industrials,Metal Fabrication,58.70000076293945,False,64.0,False,False,Sector: Industrials,-20.66,-19.75,False,833.0,1174.0,False,EXIT
MARKOLINES,MARKOLINES,Industrials,Infrastructure Operations,171.92999267578125,False,27.0,True,True,Sector: Industrials,,,False,352.0,348.0,True,HOLD
GINNIFILA,Ginni Filaments Limited,Consumer Cyclical,Textile Manufacturing,45.5099983215332,False,35.0,False,True,Sector: Consumer Cyclical,-11.34,-14.47,False,378.0,1084.0,False,EXIT
MANORG,Mangalam Organics Limited,Basic Materials,Specialty Chemicals,460.3500061035156,False,21.0,False,False,Sector: Basic Materials,-26.33,-26.22,False,655.0,623.0,True,EXIT
RADIANTCMS,Radiant Cash Management Services Limited,Industrials,Specialty Business Services,34.18000030517578,False,27.0,False,False,Sector: Industrials,-43.91,-42.95,False,435.0,429.0,True,EXIT
GOKUL,Gokul Refoils & Solvent Limited,Consumer Defensive,Packaged Foods,40.43000030517578,False,21.0,False,True,Sector: Consumer Defensive,-5.8,-5.63,False,4211.0,5865.0,False,EXIT
AEPL,Artemis Electricals and Projects Limited,Industrials,Electrical Equipment & Parts,14.989999771118164,False,8.67,False,False,Sector: Industrials,,,False,77.08,80.56,False,EXIT
DJML,DJ Mediaprint & Logistics Limited,Industrials,Specialty Business Services,101.94999694824219,False,12.0,True,True,Sector: Industrials,-0.35,0.51,False,149.0,138.0,True,HOLD
AVG,AVG Logistics Limited,Industrials,Integrated Freight & Logistics,190.57000732421875,False,28.0,False,True,Sector: Industrials,-19.19,-18.29,False,565.0,557.0,True,EXIT
SINCLAIR,Sinclairs Hotels Limited,Consumer Cyclical,Lodging,75.37000274658203,False,11.0,False,False,Sector: Consumer Cyclical,-22.66,-25.76,False,64.0,59.0,True,EXIT
TOLINS,TOLINS,Consumer Cyclical,Auto Parts,96.2699966430664,False,33.0,False,False,Sector: Consumer Cyclical,-33.96,-37.03,False,317.0,327.0,False,EXIT
MBLINFRA,MBL Infrastructures Limited,Industrials,Engineering & Construction,24.010000228881836,False,-15.0,False,False,Sector: Industrials,-45.73,-44.76,False,215.0,2343.0,False,EXIT
MEDICO,Medico Remedies Limited,Healthcare,Drug Manufacturers - Specialty & Generic,42.06999969482422,False,14.0,True,False,Sector: Healthcare,-8.04,2.49,False,238.0,206.0,True,EXIT
TARACHAND,Tara Chand Infralogistic Solutions Limited,Industrials,Farm & Heavy Construction Machinery,47.81999969482422,False,23.0,False,False,Sector: Industrials,-36.98,-36.04,False,291.0,285.0,True,EXIT
HALDER,Halder Venture Limited,Consumer Defensive,Farm Products,288.82000732421875,True,33.0,True,False,Sector: Consumer Defensive,,,False,730.0,884.0,False,EXIT
HCL-INSYS,HCL Infosystems Limited,Technology,Electronics & Computer Distribution,11.09000015258789,False,-45.0,False,False,Sector: Technology,-29.51,-30.89,False,19.0,6220.0,False,EXIT
GVKPIL,GVK Power & Infrastructure Limited,Utilities,Utilities - Independent Power Producers,2.2799999713897705,False,-5.88,False,False,Sector: Utilities,-10.45,-36.64,False,0.0,4098.17,False,EXIT
CPEDU,Career Point Edutech Ltd.,Consumer Defensive,Education & Training Services,201.5399932861328,False,24.0,True,False,Sector: Consumer Defensive,,,False,51.0,51.0,True,EXIT
SHEMAROO,Shemaroo Entertainment Limited,Communication Services,Entertainment,134.64999389648438,False,-180.0,False,True,Sector: Communication Services,33.91,11.92,True,575.0,707.0,False,HOLD
DCMSRIND,DCM Shriram Industries Limited,Consumer Defensive,Confectioners,52.84000015258789,False,61.0,False,False,Sector: Consumer Defensive,-70.75,-70.1,False,1990.0,2351.0,False,EXIT
HARRMALAYA,Harrisons Malayalam Limited,Consumer Defensive,Farm Products,196.0800018310547,False,27.0,False,True,Sector: Consumer Defensive,-12.23,-12.01,False,548.0,539.0,True,EXIT
BEDMUTHA,Bedmutha Industries Limited,Basic Materials,Steel,108.95999908447266,False,17.0,False,False,Sector: Basic Materials,-20.72,-20.63,False,1698.0,1467.0,True,EXIT
ESSARSHPNG,Essar Shipping Limited,Industrials,Marine Shipping,15.899999618530273,False,91.0,False,False,Sector: Industrials,-40.49,-39.53,False,0.0,2194.0,False,EXIT
KESORAMIND,Kesoram Industries Limited,Basic Materials,Building Materials,11.680000305175781,False,-9.0,False,True,Sector: Basic Materials,119.79,119.48,True,264.0,3882.0,False,HOLD
RUBFILA,Rubfila International Limited,Basic Materials,Specialty Chemicals,68.43000030517578,False,26.0,False,False,Sector: Basic Materials,-7.3,-7.24,False,591.0,602.0,False,EXIT
VARDHACRLC,Vardhman Acrylics Limited,Consumer Cyclical,Textile Manufacturing,44.20000076293945,False,42.0,False,True,Sector: Consumer Cyclical,-1.64,-4.79,False,327.0,498.0,False,EXIT
ORIENTPPR,Orient Paper & Industries Limited,Basic Materials,Paper & Paper Products,17.100000381469727,False,-71.0,False,False,Sector: Basic Materials,-40.66,-40.5,False,895.0,1819.0,False,EXIT
KRITI,Kriti Industries (India) Limited,Industrials,Building Products & Equipment,65.73999786376953,False,-8.0,False,False,Sector: Industrials,-60.13,-59.13,False,536.0,867.0,False,EXIT
MEGASTAR,Megastar Foods Limited,Consumer Defensive,Packaged Foods,312.3999938964844,False,10.0,True,True,Sector: Consumer Defensive,28.56,28.48,True,558.0,533.0,True,HOLD
DIGISPICE,DiGiSPICE Technologies Limited,Financial Services,Financial Conglomerates,17.190000534057617,False,19.0,True,False,Sector: Financial Services,-41.46,-40.86,False,449.0,1587.0,False,EXIT
DREAMFOLKS,Dreamfolks Services Limited,Industrials,Airports & Air Services,68.41000366210938,False,-23.0,False,False,Sector: Industrials,-58.43,-57.44,False,351.0,1292.0,False,EXIT
PAKKA,Pakka Limited,Basic Materials,Paper & Paper Products,88.69000244140625,False,14.0,False,False,Sector: Basic Materials,-43.87,-43.71,False,392.0,408.0,False,EXIT
AVONMORE,Avonmore Capital & Management Services Limited,Financial Services,Capital Markets,13.300000190734863,False,32.0,False,False,Sector: Financial Services,-37.46,-36.88,False,206.0,212.0,False,EXIT
KCPSUGIND,K.C.P. Sugar and Industries Corporation Limited,Consumer Defensive,Confectioners,33.630001068115234,False,38.0,False,True,Sector: Consumer Defensive,0.55,0.68,True,279.0,442.0,False,HOLD
NIMBSPROJ,Nimbus Projects Limited,Unknown,Unknown,180.0,False,-49.0,False,False,Sector: Unknown,,,False,228.0,229.0,False,EXIT
TAKE,TAKE LIMITED,Healthcare,Health Information Services,21.84000015258789,False,13.0,False,False,Sector: Healthcare,90.74,100.51,True,85.0,2213.0,False,EXIT
SUNDRMBRAK,Sundaram Brake Linings Limited,Consumer Cyclical,Auto Parts,808.5499877929688,False,4.0,False,True,Sector: Consumer Cyclical,12.5,9.31,True,344.0,355.0,False,HOLD
INSPIRISYS,Inspirisys Solutions Limited,Technology,Information Technology Services,93.33999633789062,False,39.0,False,False,Sector: Technology,-10.12,-11.64,False,498.0,589.0,False,EXIT
NURECA,Nureca Limited,Healthcare,Medical Devices,319.5,False,4.0,False,True,Sector: Healthcare,27.05,37.32,True,153.0,256.0,False,HOLD
KAVDEFENCE,KAVDEFENCE,Technology,Communication Equipment,57.220001220703125,False,-1.06,False,False,Sector: Technology,-19.53,-20.99,False,5.95,51.51,False,EXIT
SHANKARA,Shankara Building Products Limited,Consumer Cyclical,Home Improvement Retail,142.2100067138672,False,5.0,False,True,Sector: Consumer Cyclical,-86.42,-89.36,False,1391.0,5697.0,False,EXIT
TRANSWORLD,Transworld Shipping Lines Limited,Industrials,Marine Shipping,173.2100067138672,False,-37.0,False,False,Sector: Industrials,-36.54,-35.6,False,510.0,718.0,False,EXIT
DCMNVL,DCM Nouvelle Limited,Consumer Cyclical,Textile Manufacturing,175.6199951171875,False,28.0,False,True,Sector: Consumer Cyclical,4.24,1.08,True,1062.0,1081.0,False,HOLD
NDL,Nandan Denim Limited,Consumer Cyclical,Textile Manufacturing,2.259999990463257,False,37.0,False,False,Sector: Consumer Cyclical,-31.6,-34.67,False,2447.0,3547.0,False,EXIT
IITL,Industrial Investment Trust Limited,Financial Services,Credit Services,149.97000122070312,False,-8.17,False,False,Sector: Financial Services,-15.88,-15.4,False,-4.05,339.07,False,EXIT
OILCOUNTUB,Oil Country Tubular Limited,Energy,Oil & Gas Equipment & Services,58.75,False,-68.0,False,True,Sector: Energy,-45.89,-31.08,False,63.0,260.0,False,EXIT
GOACARBON,Goa Carbon Limited,Basic Materials,Specialty Chemicals,353.45001220703125,False,-47.0,False,False,Sector: Basic Materials,-25.67,-25.56,False,563.0,1364.0,False,EXIT
DBEIL,DBEIL,Industrials,Engineering & Construction,6.659999847412109,False,28.0,False,False,Sector: Industrials,-52.0,-51.02,False,538.0,579.0,False,EXIT
ASHIMASYN,Ashima Limited,Real Estate,Real Estate - Development,17.489999771118164,False,-16.0,False,True,Sector: Real Estate,-20.77,-36.78,False,20.0,336.0,False,EXIT
OMFREIGHT,OMFREIGHT,Industrials,Integrated Freight & Logistics,93.91000366210938,False,20.0,False,True,Sector: Industrials,,,False,576.0,489.0,True,EXIT
ATLANTAA,Atlantaa Limited,Industrials,Infrastructure Operations,38.56999969482422,False,-5.06,False,False,Sector: Industrials,13.73,14.56,True,77.72,540.58,False,EXIT
MEDICAMEQ,Medicamen Biotech Limited,Healthcare,Drug Manufacturers - Specialty & Generic,243.75,False,10.0,False,False,Sector: Healthcare,-45.44,-34.63,False,203.0,198.0,True,EXIT
AMBALALSA,Ambalal Sarabhai Enterprises Limited,Healthcare,Drug Manufacturers - Specialty & Generic,47.7400016784668,True,14.0,False,False,Sector: Healthcare,,,False,206.0,202.0,True,EXIT
HPAL,HP Adhesives Limited,Basic Materials,Specialty Chemicals,34.47999954223633,False,2.0,False,False,Sector: Basic Materials,-26.21,-26.1,False,248.0,253.0,False,EXIT
CLEDUCATE,CL Educate Limited,Consumer Defensive,Education & Training Services,60.119998931884766,False,-24.0,False,False,Sector: Consumer Defensive,-50.4,-49.9,False,530.0,548.0,False,EXIT
HILINFRA,HILINFRA,Industrials,Infrastructure Operations,45.689998626708984,False,26.0,False,False,Sector: Industrials,-62.36,-61.35,False,799.0,608.0,True,EXIT
TRACXN,Tracxn Technologies Limited,Technology,Software - Application,28.280000686645508,False,-12.0,False,False,Sector: Technology,-45.58,-46.86,False,84.0,84.0,True,EXIT
GULFPETRO,GP Petroleums Limited,Energy,Oil & Gas Refining & Marketing,67.52999877929688,False,41.0,True,True,Sector: Energy,43.73,54.64,True,714.0,790.0,False,HOLD
APOLSINHOT,Apollo Sindoori Hotels Limited,Industrials,Specialty Business Services,1213.300048828125,False,8.0,False,False,Sector: Industrials,-18.05,-17.15,False,672.0,632.0,True,EXIT
DEVX,Dev Accelerator Limited,Real Estate,Real Estate Services,34.720001220703125,False,10.0,True,False,Sector: Real Estate,,,False,224.0,226.0,False,EXIT
RUCHIRA,Ruchira Papers Limited,Basic Materials,Paper & Paper Products,102.62999725341797,False,33.0,False,False,Sector: Basic Materials,-28.61,-28.49,False,655.0,803.0,False,EXIT
SOMATEX,Soma Textiles & Industries Limited,Consumer Cyclical,Textile Manufacturing,87.37000274658203,False,9.0,False,False,Sector: Consumer Cyclical,5.89,2.72,True,107.0,226.0,False,EXIT
REMSONSIND,Remsons Industries Limited,Consumer Cyclical,Auto Parts,84.23999786376953,False,19.0,False,False,Sector: Consumer Cyclical,-34.09,-37.16,False,489.0,469.0,True,EXIT
UCAL,UCAL Limited,Consumer Cyclical,Auto Parts,140.77000427246094,False,-21.0,False,True,Sector: Consumer Cyclical,10.65,7.47,True,846.0,870.0,False,HOLD
CINELINE,Cineline India Limited,Communication Services,Entertainment,86.70999908447266,False,12.0,True,True,Sector: Communication Services,15.43,-6.27,False,251.0,237.0,True,HOLD
VARDMNPOLY,Vardhman Polytex Limited,Consumer Cyclical,Textile Manufacturing,6.139999866485596,False,319.0,True,False,Sector: Consumer Cyclical,-38.86,-41.92,False,238.0,941.0,False,EXIT
APCL,Anjani Portland Cement Limited,Basic Materials,Building Materials,103.7699966430664,False,-33.0,False,False,Sector: Basic Materials,-30.05,-29.93,False,405.0,801.0,False,EXIT
VERTOZ,Vertoz Limited,Technology,Software - Infrastructure,35.68000030517578,False,27.0,True,False,Sector: Technology,-58.46,-59.66,False,303.0,292.0,True,EXIT
VGL,VGL,Consumer Cyclical,Textile Manufacturing,58.09000015258789,False,-20.0,False,False,Sector: Consumer Cyclical,-36.7,-39.76,False,72.0,844.0,False,EXIT
MAHEPC,Mahindra EPC Irrigation Limited,Industrials,Farm & Heavy Construction Machinery,107.75,False,10.0,False,False,Sector: Industrials,-43.48,-42.52,False,304.0,312.0,False,EXIT
BELLACASA,Bella Casa Fashion & Retail Limited,Consumer Cyclical,Textile Manufacturing,224.47999572753906,False,18.0,False,False,Sector: Consumer Cyclical,-47.12,-50.16,False,446.0,416.0,True,EXIT
MODIRUBBER,Modi Rubber Limited,Real Estate,Real Estate Services,120.06999969482422,False,0.01,False,False,Sector: Real Estate,17.54,1.0,True,34.97,146.37,False,EXIT
PONNIERODE,Ponni Sugars (Erode) Limited,Consumer Defensive,Confectioners,421.3500061035156,False,49.0,True,True,Sector: Consumer Defensive,43.46,43.27,True,446.0,435.0,True,HOLD
RPPINFRA,R.P.P. Infra Projects Limited,Industrials,Engineering & Construction,56.45000076293945,False,2.0,False,False,Sector: Industrials,-51.81,-50.82,False,1485.0,1479.0,True,EXIT
NATHBIOGEN,Nath Bio-Genes (India) Limited,Basic Materials,Agricultural Inputs,153.92999267578125,False,39.0,False,False,Sector: Basic Materials,-15.03,-14.95,False,490.0,445.0,True,EXIT
NDGL,Naga Dhunseri Group Limited,Financial Services,Capital Markets,2712.0,False,-6.0,False,False,Sector: Financial Services,-33.24,-32.68,False,438.0,463.0,False,EXIT
ELGIRUBCO,Elgi Rubber Company Limited,Consumer Cyclical,Auto Parts,59.20000076293945,False,-198.0,False,True,Sector: Consumer Cyclical,2.54,-0.62,False,351.0,440.0,False,EXIT
RHL,Robust Hotels Limited,Consumer Cyclical,Lodging,166.75,False,27.0,False,False,Sector: Consumer Cyclical,-40.59,-43.64,False,149.0,148.0,True,EXIT
DYNPRO,Dynemic Products Limited,Basic Materials,Specialty Chemicals,232.14999389648438,False,20.0,False,False,Sector: Basic Materials,-42.66,-42.5,False,371.0,379.0,False,EXIT
PRITIKAUTO,Pritika Auto Industries Limited,Industrials,Specialty Industrial Machinery,17.420000076293945,False,24.0,True,True,Sector: Industrials,-9.37,-8.48,False,513.0,483.0,True,HOLD
GENUSPAPER,Genus Paper & Boards Limited,Basic Materials,Paper & Paper Products,11.319999694824219,False,9.0,False,False,Sector: Basic Materials,-38.76,-38.61,False,966.0,863.0,True,EXIT
AARON,Aaron Industries Limited,Industrials,Specialty Industrial Machinery,139.3000030517578,False,8.29,True,False,Sector: Industrials,-37.54,-36.59,False,97.21,92.01,True,EXIT
CORDSCABLE,Cords Cable Industries Limited,Industrials,Electrical Equipment & Parts,241.05999755859375,True,25.0,True,True,Sector: Industrials,27.75,28.55,True,975.0,954.0,True,ADD
RMC,RMC Switchgears Limited,Industrials,Electrical Equipment & Parts,251.0,False,,False,False,Sector: Industrials,,,False,,,False,EXIT
NILAINFRA,Nila Infrastructures Limited,Real Estate,Real Estate - Development,6.960000038146973,False,25.0,True,False,Sector: Real Estate,-23.45,-39.42,False,304.0,323.0,False,EXIT
PODDARMENT,Poddar Pigments Limited,Basic Materials,Specialty Chemicals,251.10000610351562,False,15.0,False,False,Sector: Basic Materials,-13.88,-13.8,False,374.0,375.0,False,EXIT
COASTCORP,Coastal Corporation Limited,Consumer Defensive,Packaged Foods,40.56999969482422,False,32.0,False,False,Sector: Consumer Defensive,18.05,18.05,True,1041.0,971.0,True,EXIT
AXITA,Axita Cotton Limited,Consumer Cyclical,Textile Manufacturing,7.300000190734863,False,-1.0,False,False,Sector: Consumer Cyclical,-7.44,-10.57,False,654.0,653.0,True,EXIT
SPENCERS,Spencer's Retail Limited,Consumer Cyclical,Department Stores,30.530000686645508,False,-248.0,False,False,Sector: Consumer Cyclical,-47.12,-50.16,False,1854.0,2645.0,False,EXIT
EXXARO,Exxaro Tiles Limited,Industrials,Building Products & Equipment,6.039999961853027,False,4.0,False,False,Sector: Industrials,-27.99,-27.06,False,325.0,325.0,True,EXIT
TIGERLOGS,Tiger Logistics (India) Limited,Industrials,Integrated Freight & Logistics,29.40999984741211,False,-29.0,False,False,Sector: Industrials,,,False,172.0,330.0,False,EXIT
ANNAPURNA,ANNAPURNA,Consumer Defensive,Packaged Foods,152.10000610351562,False,,False,False,Sector: Consumer Defensive,-40.01,-39.58,False,,,False,EXIT
RVHL,Ravinder Heights Limited,Real Estate,Real Estate - Development,42.43000030517578,False,48.0,False,False,Sector: Real Estate,7.75,-8.66,False,75.0,75.0,True,EXIT
ZEELEARN,Zee Learn Limited,Consumer Defensive,Education & Training Services,7.75,False,45.0,False,True,Sector: Consumer Defensive,-21.83,-21.54,False,406.0,517.0,False,EXIT
JAYSREETEA,Jay Shree Tea & Industries Limited,Consumer Defensive,Farm Products,100.80999755859375,False,-22.0,False,True,Sector: Consumer Defensive,-3.73,-3.57,False,946.0,930.0,True,EXIT
GLOBECIVIL,GLOBECIVIL,Industrials,Engineering & Construction,42.34000015258789,False,25.0,True,False,Sector: Industrials,-48.17,-47.19,False,431.0,406.0,True,EXIT
A2ZINFRA,A2Z Infra Engineering Limited,Industrials,Engineering & Construction,15.1899995803833,False,5.0,False,False,Sector: Industrials,-23.0,-22.08,False,364.0,1349.0,False,EXIT
UFO,UFO Moviez India Limited,Communication Services,Entertainment,66.19000244140625,False,24.0,False,False,Sector: Communication Services,4.76,-16.77,False,486.0,612.0,False,EXIT
IVC,IL&FS Investment Managers Limited,Financial Services,Financial Conglomerates,8.210000038146973,False,5.77,False,True,Sector: Financial Services,-4.59,-4.17,False,57.28,197.56,False,EXIT
SRD,Shankar Lal Rampal Dye-Chem Limited,Basic Materials,Specialty Chemicals,39.41999816894531,False,18.0,False,False,Sector: Basic Materials,-49.32,-49.14,False,478.0,465.0,True,EXIT
GICL,GICL,Industrials,Integrated Freight & Logistics,23.989999771118164,False,12.0,True,False,Sector: Industrials,-82.81,-81.75,False,177.0,175.0,True,EXIT
SSDL,SSDL,Consumer Cyclical,Apparel Retail,59.29999923706055,False,24.0,False,False,Sector: Consumer Cyclical,-33.75,-36.82,False,634.0,631.0,True,EXIT
MANAKALUCO,Manaksia Aluminium Company Limited,Basic Materials,Aluminum,37.189998626708984,False,9.0,True,True,Sector: Basic Materials,21.94,21.91,True,569.0,564.0,True,HOLD
RNBDENIMS,R & B Denims Limited,Consumer Cyclical,Textile Manufacturing,7.929999828338623,False,21.0,False,False,Sector: Consumer Cyclical,,,False,483.0,466.0,True,EXIT
VMSTMT,VMSTMT,Basic Materials,Steel,48.470001220703125,False,17.0,False,False,Sector: Basic Materials,,,False,874.0,882.0,False,EXIT
STARTECK,Starteck Finance Limited,Financial Services,Credit Services,251.10000610351562,False,24.0,False,False,Sector: Financial Services,-21.82,-21.32,False,39.0,76.0,False,EXIT
FCSSOFT,FCS Software Solutions Limited,Technology,Information Technology Services,1.4600000381469727,False,2.82,False,False,Sector: Technology,-39.61,-40.93,False,65.96,76.56,False,EXIT
GOLDTECH,AION-TECH Solutions Limited,Technology,Information Technology Services,47.290000915527344,False,-8.0,False,False,Sector: Technology,-33.55,-34.91,False,143.0,135.0,True,EXIT
SAKUMA,Sakuma Exports Limited,Consumer Defensive,Farm Products,1.5099999904632568,False,11.0,False,False,Sector: Consumer Defensive,-44.31,-43.85,False,1666.0,4546.0,False,EXIT
TRF,TRF Limited,Industrials,Specialty Industrial Machinery,231.14999389648438,False,-6.1,False,False,Sector: Industrials,-32.42,-31.49,False,87.65,1113.3,False,EXIT
KMSUGAR,K.M. Sugar Mills Limited,Consumer Defensive,Confectioners,35.29999923706055,False,48.0,False,True,Sector: Consumer Defensive,19.87,19.86,True,640.0,659.0,False,HOLD
DPWIRES,D.P. Wires Limited,Industrials,Metal Fabrication,158.07000732421875,False,19.0,False,False,Sector: Industrials,-37.58,-36.63,False,485.0,1216.0,False,EXIT
BTTL,Bhilwara Technical Textiles Limited,Consumer Cyclical,Textile Manufacturing,44.59000015258789,False,-7.91,False,False,Sector: Consumer Cyclical,,,False,27.67,26.91,True,EXIT
PAVNAIND,Pavna Industries Limited,Consumer Cyclical,Auto Parts,18.719999313354492,False,8.0,False,False,Sector: Consumer Cyclical,-56.32,-59.33,False,329.0,359.0,False,EXIT
ALMONDZ,Almondz Global Securities Limited,Financial Services,Capital Markets,13.550000190734863,False,34.0,True,False,Sector: Financial Services,-36.2,-35.62,False,202.0,190.0,True,EXIT
NIPPOBATRY,Indo National Limited,Industrials,Electrical Equipment & Parts,325.8500061035156,False,-26.0,False,False,Sector: Industrials,-34.82,-33.88,False,449.0,641.0,False,EXIT
PLAZACABLE,Plaza Wires Limited,Industrials,Electrical Equipment & Parts,52.18000030517578,False,11.0,True,True,Sector: Industrials,-7.89,-7.01,False,343.0,318.0,True,HOLD
AKSHARCHEM,AksharChem (India) Limited,Basic Materials,Specialty Chemicals,301.95001220703125,False,23.0,True,True,Sector: Basic Materials,5.98,6.0,True,199.0,200.0,False,HOLD
DIAMINESQ,Diamines and Chemicals Limited,Basic Materials,Chemicals,236.4600067138672,False,-10.0,False,False,Sector: Basic Materials,-38.5,-38.35,False,41.0,110.0,False,EXIT
WORTHPERI,Worth Peripherals Limited,Consumer Cyclical,Packaging & Containers,157.85000610351562,False,19.0,False,True,Sector: Consumer Cyclical,2.32,-0.84,False,311.0,305.0,True,EXIT
SIKKO,Sikko Industries Limited,Basic Materials,Agricultural Inputs,5.199999809265137,False,6.05,True,True,Sector: Basic Materials,49.85,49.74,True,64.6,65.01,False,HOLD
BPL,BPL Limited,Technology,Consumer Electronics,49.189998626708984,False,-15.0,False,False,Sector: Technology,-39.66,-40.98,False,80.0,105.0,False,EXIT
ESSENTIA,Integra Essentia Limited,Consumer Defensive,Food Distribution,1.1399999856948853,False,-0.0,False,False,Sector: Consumer Defensive,-36.22,-35.82,False,507.0,474.0,True,EXIT
LYKALABS,Lyka Labs Limited,Healthcare,Biotechnology,72.18000030517578,False,-9.0,False,True,Sector: Healthcare,-40.78,-30.0,False,138.0,194.0,False,EXIT
CHEMBOND,Chembond Material Technologies Limited,Basic Materials,Specialty Chemicals,167.47000122070312,False,15.0,False,True,Sector: Basic Materials,-11.24,-11.17,False,265.0,440.0,False,EXIT
BIMETAL,Bimetal Bearings Limited,Consumer Cyclical,Auto Parts,623.0,False,11.0,False,False,Sector: Consumer Cyclical,,,False,305.0,297.0,True,EXIT
LOTUSEYE,Lotus Eye Hospital and Institute Limited,Healthcare,Medical Care Facilities,117.11000061035156,False,0.15,False,True,Sector: Healthcare,7.48,17.89,True,57.26,53.71,True,HOLD
AHLEAST,Asian Hotels (East) Limited,Consumer Cyclical,Lodging,142.7899932861328,False,-48.0,False,False,Sector: Consumer Cyclical,-9.2,-12.33,False,124.0,202.0,False,EXIT
QMSMEDI,QMSMEDI,Healthcare,Medical Instruments & Supplies,141.3300018310547,False,13.0,False,True,Sector: Healthcare,56.09,66.13,True,183.0,173.0,True,HOLD
AAREYDRUGS,Aarey Drugs & Pharmaceuticals Limited,Healthcare,Drug Manufacturers - Specialty & Generic,80.58999633789062,False,4.0,False,True,Sector: Healthcare,18.11,28.44,True,415.0,493.0,False,HOLD
VIJIFIN,Viji Finance Limited,Financial Services,Credit Services,13.390000343322754,True,4.13,True,True,Sector: Financial Services,244.98,244.17,True,5.41,5.24,True,ADD
VETO,Veto Switchgears and Cables Limited,Industrials,Electrical Equipment & Parts,124.97000122070312,False,27.0,False,True,Sector: Industrials,5.15,6.0,True,411.0,387.0,True,HOLD
GEEKAYWIRE,Geekay Wires Limited,Industrials,Electrical Equipment & Parts,22.309999465942383,False,29.0,False,False,Sector: Industrials,-35.54,-34.59,False,444.0,458.0,False,EXIT
RADIOCITY,Music Broadcast Limited,Communication Services,Broadcasting,6.690000057220459,False,-42.0,False,True,Sector: Communication Services,-2.78,-24.18,False,170.0,325.0,False,EXIT
KALYANIFRG,Kalyani Forge Limited,Consumer Cyclical,Auto Parts,691.0499877929688,False,12.0,True,True,Sector: Consumer Cyclical,-1.65,-4.8,False,237.0,286.0,False,HOLD
SICAGEN,Sicagen India Limited,Basic Materials,Steel,55.849998474121094,False,20.0,True,False,Sector: Basic Materials,,,False,1055.0,973.0,True,EXIT
STARPAPER,Star Paper Mills Limited,Basic Materials,Paper & Paper Products,145.1199951171875,False,31.0,False,False,Sector: Basic Materials,-18.82,-18.73,False,412.0,493.0,False,EXIT
VIKASLIFE,Vikas Lifecare Limited,Consumer Defensive,Farm Products,1.2000000476837158,False,,False,False,Sector: Consumer Defensive,-49.53,-49.03,False,,,False,EXIT
SUMIT,Sumit Woods Limited,Real Estate,Real Estate - Development,53.63999938964844,False,6.6,False,False,Sector: Real Estate,-31.5,-47.36,False,97.79,180.46,False,EXIT
SETCO,Setco Automotive Limited,Consumer Cyclical,Auto Parts,17.0,False,-163.0,False,False,Sector: Consumer Cyclical,19.47,16.26,True,765.0,691.0,True,EXIT
CPCAP,CP Capital Limited,Financial Services,Credit Services,123.55999755859375,False,45.0,True,True,Sector: Financial Services,-12.55,-12.09,False,76.0,105.0,False,HOLD
SAHLIBHFI,Shalibhadra Finance Limited,Financial Services,Credit Services,73.9000015258789,False,20.0,True,False,Sector: Financial Services,,,False,43.0,41.0,True,EXIT
UNITEDTEA,The United Nilgiri Tea Estates Company Limited,Consumer Defensive,Farm Products,452.8999938964844,False,20.0,False,False,Sector: Consumer Defensive,-12.85,-12.63,False,81.0,90.0,False,EXIT
AARVI,Aarvi Encon Limited,Industrials,Staffing & Employment Services,153.9600067138672,False,19.0,True,True,Sector: Industrials,25.58,26.38,True,671.0,650.0,True,HOLD
SINTERCOM,Sintercom India Limited,Consumer Cyclical,Auto Parts,79.38999938964844,False,2.0,False,False,Sector: Consumer Cyclical,-30.56,-33.63,False,105.0,101.0,True,EXIT
BALAJEE,BALAJEE,Consumer Cyclical,Packaging & Containers,26.770000457763672,False,10.0,False,False,Sector: Consumer Cyclical,-46.47,-49.51,False,584.0,579.0,True,EXIT
GENCON,Generic Engineering Construction and Projects Limited,Industrials,Engineering & Construction,41.060001373291016,False,,False,False,Sector: Industrials,-2.64,-1.77,False,,,False,EXIT
RUDRA,Rudra Global Infra Products Limited,Basic Materials,Steel,21.700000762939453,False,16.0,False,False,Sector: Basic Materials,,,False,633.0,623.0,True,EXIT
PIGL,Power & Instrumental (Gujarat) Limited,Industrials,Engineering & Construction,103.80000305175781,False,15.0,True,False,Sector: Industrials,-32.67,-31.73,False,226.0,219.0,True,EXIT
SMARTLINK,Smartlink Holdings Limited,Technology,Communication Equipment,224.4199981689453,False,17.0,False,True,Sector: Technology,49.64,47.74,True,298.0,269.0,True,HOLD
ALANKIT,Alankit Limited,Technology,Information Technology Services,8.149999618530273,False,20.0,False,False,Sector: Technology,-44.81,-46.1,False,330.0,343.0,False,EXIT
SURANAT&P,Surana Telecom and Power Limited,Utilities,Utilities - Independent Power Producers,16.290000915527344,False,30.0,True,False,Sector: Utilities,11.12,-16.26,False,60.0,61.0,False,EXIT
ALPINETEX,ALPINETEX,Consumer Cyclical,Textile Manufacturing,59.40999984741211,False,,False,False,Sector: Consumer Cyclical,,,False,,,False,EXIT
RCOM,Reliance Communications Limited,Communication Services,Telecom Services,0.800000011920929,False,-9374.0,False,False,Sector: Communication Services,-36.44,-57.31,False,305.0,25594.0,False,EXIT
RVTH,Revathi Equipment India Limited,Industrials,Farm & Heavy Construction Machinery,753.0,False,15.0,False,True,Sector: Industrials,-19.04,-18.13,False,151.0,212.0,False,EXIT
SHIVATEX,Shiva Texyarn Limited,Consumer Cyclical,Textile Manufacturing,164.5800018310547,False,10.0,False,True,Sector: Consumer Cyclical,-8.06,-11.19,False,338.0,553.0,False,EXIT
SHIVAMAUTO,Shivam Autotech Limited,Consumer Cyclical,Auto Parts,16.079999923706055,False,-85.0,False,False,Sector: Consumer Cyclical,-46.85,-49.88,False,428.0,636.0,False,EXIT
AERONEU,Aeroflex Neu Limited,Consumer Cyclical,Packaging & Containers,82.43000030517578,False,1.0,False,True,Sector: Consumer Cyclical,-25.5,-28.59,False,128.0,129.0,False,EXIT
SONAMLTD,Sonam Limited,Consumer Cyclical,"Furnishings, Fixtures & Appliances",67.16000366210938,False,9.0,True,True,Sector: Consumer Cyclical,26.78,23.56,True,200.0,171.0,True,HOLD
EQUIPPP,Equippp Social Impact Technologies Limited,Technology,Information Technology Services,23.93000030517578,False,1.85,False,True,Sector: Technology,25.28,23.53,True,48.0,560.34,False,HOLD
NOVAAGRI,Nova Agritech Limited,Basic Materials,Agricultural Inputs,24.790000915527344,False,13.0,False,False,Sector: Basic Materials,-52.77,-52.58,False,275.0,294.0,False,EXIT
MARALOVER,Maral Overseas Limited,Consumer Cyclical,Textile Manufacturing,55.369998931884766,False,22.0,False,True,Sector: Consumer Cyclical,-6.23,-9.37,False,1019.0,1082.0,False,EXIT
DSFCL,DSFCL,Basic Materials,Specialty Chemicals,27.059999465942383,False,-5.0,False,False,Sector: Basic Materials,,,False,378.0,429.0,False,EXIT
KOTARISUG,Kothari Sugars and Chemicals Limited,Consumer Defensive,Confectioners,30.25,False,5.0,False,True,Sector: Consumer Defensive,-1.8,-1.65,False,264.0,609.0,False,EXIT
AFFORDABLE,Affordable Robotic & Automation Limited,Industrials,Specialty Industrial Machinery,164.7100067138672,False,6.0,False,False,Sector: Industrials,-59.77,-58.77,False,112.0,163.0,False,EXIT
ASMS,Avio Smart Market Stack Limited,Technology,Information Technology Services,7.0,False,7.0,False,False,Sector: Technology,-45.75,-47.03,False,107.0,104.0,True,EXIT
MAHESHWARI,Maheshwari Logistics Limited,Industrials,Integrated Freight & Logistics,73.0199966430664,False,16.0,False,True,Sector: Industrials,19.96,20.78,True,1091.0,1147.0,False,HOLD
NECLIFE,Nectar Lifesciences Limited,Healthcare,Drug Manufacturers - Specialty & Generic,10.289999961853027,False,-245.0,False,False,Sector: Healthcare,-41.85,-31.06,False,2.0,2779.0,False,EXIT
LANCORHOL,Lancor Holdings Limited,Real Estate,Real Estate - Development,28.90999984741211,False,58.0,True,True,Sector: Real Estate,24.94,8.29,True,135.0,190.0,False,HOLD
NITIRAJ,Nitiraj Engineers Limited,Technology,Scientific & Technical Instruments,204.44000244140625,False,2.4,False,True,Sector: Technology,1.86,0.26,True,54.72,100.44,False,HOLD
GLOBALVECT,Global Vectra Helicorp Limited,Industrials,Airports & Air Services,149.3699951171875,False,-35.0,False,False,Sector: Industrials,-32.83,-31.89,False,523.0,542.0,False,EXIT
PKTEA,The Peria Karamalai Tea and Produce Company Limited,Consumer Defensive,Farm Products,731.9000244140625,False,-4.62,False,False,Sector: Consumer Defensive,-5.66,-5.49,False,60.8,72.79,False,EXIT
ROSSELLIND,Rossell India Limited,Industrials,Conglomerates,56.650001525878906,False,14.0,False,True,Sector: Industrials,-18.55,-17.65,False,371.0,367.0,True,EXIT
ZODIACLOTH,Zodiac Clothing Company Limited,Consumer Cyclical,Apparel Manufacturing,74.20999908447266,False,-35.0,False,False,Sector: Consumer Cyclical,-23.53,-26.63,False,156.0,391.0,False,EXIT
TEAMGTY,Team India Guaranty Limited,Financial Services,Asset Management,227.92999267578125,False,1.09,False,False,Sector: Financial Services,-18.51,-18.02,False,7.12,8.74,False,EXIT
VSTL,Vibhor Steel Tubes Limited,Basic Materials,Steel,108.94000244140625,False,8.0,False,False,Sector: Basic Materials,-32.68,-32.55,False,1212.0,1149.0,True,EXIT
SPCENET,Spacenet Enterprises India Limited,Financial Services,Capital Markets,3.359999895095825,False,26.0,True,False,Sector: Financial Services,-37.84,-37.25,False,190.0,195.0,False,EXIT
SAKHTISUG,Sakthi Sugars Limited,Consumer Defensive,Confectioners,21.770000457763672,False,27.0,False,True,Sector: Consumer Defensive,-4.58,-4.42,False,973.0,1076.0,False,EXIT
SHRADHA,Shradha Realty Limited,Real Estate,Real Estate - Development,33.380001068115234,False,29.0,False,False,Sector: Real Estate,-32.57,-48.41,False,113.0,117.0,False,EXIT
VIPULLTD,Vipul Limited,Real Estate,Real Estate - Diversified,15.460000038146973,False,-28.0,False,True,Sector: Real Estate,68.21,50.95,True,63.0,284.0,False,HOLD
JMA,Jullundur Motor Agency (Delhi) Limited,Consumer Cyclical,Auto Parts,91.11000061035156,False,33.0,True,True,Sector: Consumer Cyclical,-1.81,-4.96,False,643.0,622.0,True,HOLD
MHLXMIRU,Mahalaxmi Rubtech Limited,Consumer Cyclical,Textile Manufacturing,187.5,False,9.0,True,True,Sector: Consumer Cyclical,-14.86,-17.98,False,285.0,267.0,True,HOLD
AUSOMENT,AuSom Enterprise Limited,Financial Services,Capital Markets,145.50999450683594,False,25.0,True,True,Sector: Financial Services,29.36,29.61,True,4398.0,2393.0,True,HOLD
CCHHL,Country Club Hospitality & Holidays Limited,Consumer Cyclical,Lodging,12.539999961853027,False,-18.0,False,False,Sector: Consumer Cyclical,-29.44,-32.52,False,70.0,521.0,False,EXIT
PILITA,Pil Italica Lifestyle Limited,Consumer Cyclical,"Furnishings, Fixtures & Appliances",8.199999809265137,False,3.0,False,False,Sector: Consumer Cyclical,-42.92,-45.96,False,101.0,107.0,False,EXIT
BCONCEPTS,Brand Concepts Limited,Consumer Cyclical,Footwear & Accessories,155.2899932861328,False,1.0,False,False,Sector: Consumer Cyclical,-46.67,-49.71,False,356.0,348.0,True,EXIT
BASML,Bannari Amman Spinning Mills Ltd,Consumer Cyclical,Textile Manufacturing,24.899999618530273,False,23.0,False,False,Sector: Consumer Cyclical,-16.78,-19.89,False,869.0,1560.0,False,EXIT
SIGIND,Signet Industries Limited,Industrials,Conglomerates,73.29000091552734,False,24.0,True,True,Sector: Industrials,28.35,29.15,True,1393.0,1347.0,True,HOLD
VIKASECO,Vikas Ecotech Limited,Basic Materials,Specialty Chemicals,1.0800000429153442,False,,False,False,Sector: Basic Materials,-52.69,-52.5,False,,,False,EXIT
TAINWALCHM,Tainwala Chemicals and Plastics (India) Limited,Basic Materials,Specialty Chemicals,223.75999450683594,False,8.01,False,True,Sector: Basic Materials,-4.65,-4.6,False,17.77,18.03,False,EXIT
ALPHAGEO,Alphageo (India) Limited,Energy,Oil & Gas Equipment & Services,328.6600036621094,False,0.0,False,True,Sector: Energy,31.49,42.93,True,153.0,429.0,False,HOLD
AIRAN,Airan Limited,Technology,Information Technology Services,15.029999732971191,False,16.0,False,False,Sector: Technology,-43.63,-44.93,False,113.0,112.0,True,EXIT
GILLANDERS,Gillanders Arbuthnot and Company Limited,Consumer Defensive,Farm Products,94.61000061035156,False,17.0,False,False,Sector: Consumer Defensive,-25.53,-25.21,False,434.0,863.0,False,EXIT
INTENTECH,Intense Technologies Limited,Technology,Software - Infrastructure,81.7300033569336,False,-16.0,False,False,Sector: Technology,-3.1,-4.66,False,125.0,150.0,False,EXIT
SUPERHOUSE,Superhouse Limited,Consumer Cyclical,Footwear & Accessories,164.52999877929688,False,8.0,False,True,Sector: Consumer Cyclical,7.02,3.85,True,677.0,800.0,False,HOLD
ARCHIDPLY,Archidply Industries Limited,Basic Materials,Lumber & Wood Production,95.41999816894531,False,13.0,True,True,Sector: Basic Materials,-6.81,-6.75,False,712.0,671.0,True,HOLD
MURUDCERA,Murudeshwar Ceramics Ltd.,Industrials,Building Products & Equipment,30.3700008392334,False,10.0,False,False,Sector: Industrials,-35.83,-34.89,False,209.0,205.0,True,EXIT
ASPINWALL,Aspinwall and Company Limited,Consumer Defensive,Farm Products,246.5500030517578,False,16.0,False,True,Sector: Consumer Defensive,-11.56,-11.34,False,440.0,417.0,True,EXIT
DRCSYSTEMS,DRC Systems India Limited,Technology,Information Technology Services,12.760000228881836,False,21.0,True,False,Sector: Technology,-28.01,-29.41,False,101.0,96.0,True,EXIT
BROOKS,Brooks Laboratories Limited,Healthcare,Drug Manufacturers - Specialty & Generic,60.29999923706055,False,13.0,False,False,Sector: Healthcare,-72.99,-61.96,False,83.0,91.0,False,EXIT
ARVEE,Arvee Laboratories (India) Ltd.,Basic Materials,Specialty Chemicals,168.33999633789062,False,4.05,False,True,Sector: Basic Materials,4.23,4.26,True,41.26,61.35,False,HOLD
SILGO,Silgo Retail Limited,Consumer Cyclical,Luxury Goods,70.0,False,6.73,True,False,Sector: Consumer Cyclical,-6.09,-9.23,False,48.22,47.03,True,EXIT
VIPCLOTHNG,VIP Clothing Limited,Consumer Cyclical,Apparel Manufacturing,21.110000610351562,False,10.0,True,False,Sector: Consumer Cyclical,-41.45,-44.5,False,253.0,261.0,False,EXIT
KHADIM,Khadim India Limited,Consumer Cyclical,Footwear & Accessories,94.91000366210938,False,3.0,False,False,Sector: Consumer Cyclical,-59.5,-62.5,False,349.0,799.0,False,EXIT
IVP,IVP Limited,Basic Materials,Specialty Chemicals,183.6199951171875,False,32.0,True,True,Sector: Basic Materials,3.66,3.68,True,611.0,661.0,False,HOLD
METROGLOBL,MetroGlobal Limited,Industrials,Conglomerates,145.41000366210938,False,23.0,False,False,Sector: Industrials,,,False,252.0,377.0,False,EXIT
SHREYANIND,Shreyans Industries Limited,Basic Materials,Paper & Paper Products,126.06999969482422,False,-14.0,False,False,Sector: Basic Materials,-44.14,-43.98,False,629.0,866.0,False,EXIT
RACE,Race Eco Chain Limited,Industrials,Waste Management,102.12000274658203,False,8.0,True,False,Sector: Industrials,-57.06,-56.07,False,653.0,619.0,True,EXIT
TRIGYN,Trigyn Technologies Limited,Technology,Information Technology Services,54.970001220703125,False,10.0,False,False,Sector: Technology,-30.12,-31.5,False,1005.0,1280.0,False,EXIT
VASWANI,Vaswani Industries Limited,Basic Materials,Steel,46.619998931884766,False,-0.0,False,False,Sector: Basic Materials,-13.42,-13.35,False,471.0,467.0,True,EXIT
RPPL,Rajshree Polypack Limited,Consumer Cyclical,Packaging & Containers,22.940000534057617,False,20.0,True,True,Sector: Consumer Cyclical,2.04,-1.12,False,353.0,332.0,True,HOLD
CENTEXT,Century Extrusions Limited,Basic Materials,Aluminum,20.639999389648438,False,12.0,True,False,Sector: Basic Materials,-4.6,-4.55,False,513.0,479.0,True,EXIT
NIRAJ,Niraj Cement Structurals Limited,Industrials,Engineering & Construction,28.049999237060547,False,24.0,True,False,Sector: Industrials,-45.13,-44.16,False,552.0,606.0,False,EXIT
MODTHREAD,Modern Threads (India) Limited,Consumer Cyclical,Textile Manufacturing,53.900001525878906,False,19.0,False,True,Sector: Consumer Cyclical,-2.64,-5.79,False,320.0,301.0,True,EXIT
VIRINCHI,Virinchi Limited,Technology,Software - Application,15.15999984741211,False,-30.0,False,False,Sector: Technology,-50.27,-51.52,False,275.0,406.0,False,EXIT
UMIYA-MRO,Umiya Buildcon Limited,Real Estate,Real Estate - Development,90.66000366210938,False,11.0,False,True,Sector: Real Estate,22.7,6.08,True,76.0,123.0,False,HOLD
EMMBI,Emmbi Industries Limited,Consumer Cyclical,Packaging & Containers,83.13999938964844,False,9.0,True,False,Sector: Consumer Cyclical,-20.16,-23.26,False,467.0,456.0,True,EXIT
DELPHIFX,Delphi World Money Limited,Financial Services,Capital Markets,6.550000190734863,False,,False,False,Sector: Financial Services,-50.4,-49.76,False,,,False,EXIT
BYKE,The Byke Hospitality Limited,Consumer Cyclical,Lodging,32.7400016784668,False,7.0,False,False,Sector: Consumer Cyclical,-53.98,-57.0,False,109.0,270.0,False,EXIT
INDOUS,Indo Us Bio-Tech Limited,Basic Materials,Agricultural Inputs,85.95999908447266,False,11.0,False,False,Sector: Basic Materials,-46.62,-46.45,False,113.0,110.0,True,EXIT
SUPREME,Supreme Holdings & Hospitality (India) Limited,Real Estate,Real Estate - Development,39.279998779296875,False,0.68,False,False,Sector: Real Estate,-32.1,-47.94,False,5.87,78.33,False,EXIT
AMJLAND,AMJ Land Holdings Limited,Real Estate,Real Estate - Development,38.90999984741211,False,15.0,False,False,Sector: Real Estate,-17.37,-33.43,False,53.0,333.0,False,EXIT
BTML,Bodhi Tree Multimedia Limited,Communication Services,Entertainment,7.920000076293945,False,8.0,True,True,Sector: Communication Services,28.84,6.93,True,127.0,116.0,True,HOLD
AARTECH,Aartech Solonics Limited,Industrials,Electrical Equipment & Parts,50.66999816894531,False,4.89,True,True,Sector: Industrials,-19.94,-19.03,False,43.83,40.88,True,HOLD
TTL,T.T. Limited,Consumer Cyclical,Textile Manufacturing,6.21999979019165,False,1.0,False,False,Sector: Consumer Cyclical,-42.38,-45.42,False,190.0,698.0,False,EXIT
BHARATGEAR,Bharat Gears Limited,Consumer Cyclical,Auto Parts,101.6500015258789,False,15.0,False,False,Sector: Consumer Cyclical,3.31,0.15,True,820.0,784.0,True,EXIT
SRTL,SRTL,Consumer Cyclical,Textile Manufacturing,39.349998474121094,False,14.0,True,False,Sector: Consumer Cyclical,,,False,302.0,273.0,True,EXIT
NECCLTD,North Eastern Carrying Corporation Limited,Industrials,Trucking,15.079999923706055,False,4.0,False,False,Sector: Industrials,-34.71,-33.77,False,503.0,572.0,False,EXIT
INDTERRAIN,Indian Terrain Fashions Limited,Consumer Cyclical,Apparel Retail,30.850000381469727,False,0.0,False,False,Sector: Consumer Cyclical,-14.69,-17.81,False,391.0,501.0,False,EXIT
NATCAPSUQ,Natural Capsules Limited,Healthcare,Drug Manufacturers - Specialty & Generic,151.39999389648438,False,-25.0,False,False,Sector: Healthcare,-37.89,-27.14,False,191.0,187.0,True,EXIT
MKPL,M. K. Proteins Limited,Consumer Defensive,Packaged Foods,4.139999866485596,False,5.0,False,False,Sector: Consumer Defensive,-40.16,-39.73,False,383.0,383.0,True,EXIT
MCL,M Tek Copper Limited,Basic Materials,Copper,58.459999084472656,False,5.0,True,False,Sector: Basic Materials,16.39,16.38,True,268.0,383.0,False,HOLD
DCM,DCM Limited,Industrials,Metal Fabrication,79.41000366210938,False,1.22,False,False,Sector: Industrials,-20.46,-19.55,False,74.38,961.69,False,EXIT
BAIDFIN,Baid Finserv Limited,Financial Services,Credit Services,9.760000228881836,False,15.0,True,False,Sector: Financial Services,-21.19,-20.69,False,95.0,97.0,False,EXIT
CALSOFT,California Software Company Limited,Technology,Software - Application,27.049999237060547,False,15.0,True,True,Sector: Technology,61.47,59.48,True,25.0,20.0,True,HOLD
LAL,Lorenzini Apparels Limited,Consumer Cyclical,Apparel Manufacturing,8.520000457763672,False,5.56,False,True,Sector: Consumer Cyclical,-17.67,-20.78,False,80.25,72.75,True,EXIT
INCREDIBLE,Incredible Industries Limited,Basic Materials,Steel,33.77000045776367,False,12.0,True,False,Sector: Basic Materials,-17.99,-17.9,False,834.0,840.0,False,EXIT
TIPSFILMS,Tips Films Limited,Communication Services,Entertainment,359.1499938964844,False,-50.0,False,False,Sector: Communication Services,-3.96,-25.35,False,111.0,158.0,False,EXIT
FILATFASH,Filatex Fashions Limited,Consumer Cyclical,Apparel Manufacturing,0.18000000715255737,False,3.09,False,False,Sector: Consumer Cyclical,-66.69,-69.68,False,89.22,185.81,False,EXIT
KAMOPAINTS,Kamdhenu Ventures Limited,Basic Materials,Steel,4.550000190734863,False,-5.0,False,False,Sector: Basic Materials,-58.11,-57.9,False,241.0,292.0,False,EXIT
KRITIKA,Kritika Wires Limited,Basic Materials,Steel,5.619999885559082,False,6.0,False,False,Sector: Basic Materials,-39.03,-38.89,False,649.0,745.0,False,EXIT
KEYFINSERV,Keynote Financial Services Limited,Financial Services,Capital Markets,261.1000061035156,False,5.68,False,False,Sector: Financial Services,-1.71,-1.3,False,30.32,49.23,False,EXIT
TICL,Twamev Construction and Infrastructure Limited,Industrials,Engineering & Construction,9.84000015258789,False,7.04,False,False,Sector: Industrials,-66.5,-65.48,False,66.75,517.38,False,EXIT
TARMAT,Tarmat Limited,Industrials,Engineering & Construction,51.310001373291016,False,7.0,True,False,Sector: Industrials,-5.89,-5.02,False,128.0,276.0,False,EXIT
DEVIT,Dev Information Technology Limited,Technology,Information Technology Services,24.65999984741211,False,76.0,True,False,Sector: Technology,-46.8,-48.07,False,191.0,190.0,True,EXIT
SADBHAV,Sadbhav Engineering Limited,Industrials,Engineering & Construction,8.300000190734863,False,110.0,False,False,Sector: Industrials,-54.8,-53.82,False,955.0,5240.0,False,EXIT
BRNL,Bharat Road Network Limited,Industrials,Infrastructure Operations,17.350000381469727,False,-150.0,False,False,Sector: Industrials,-22.06,-21.15,False,6.0,91.0,False,EXIT
RELIABLE,Reliable Data Services Limited,Technology,Information Technology Services,138.44000244140625,False,9.0,False,False,Sector: Technology,49.05,47.14,True,205.0,185.0,True,EXIT
INDBANK,Indbank Merchant Banking Services Limited,Financial Services,Capital Markets,31.559999465942383,False,7.37,False,False,Sector: Financial Services,-4.92,-4.5,False,25.32,26.57,False,EXIT
HPIL,Hindprakash Industries Limited,Basic Materials,Specialty Chemicals,130.35000610351562,False,4.0,True,True,Sector: Basic Materials,-3.25,-3.21,False,111.0,115.0,False,HOLD
SHAHALLOYS,Shah Alloys Limited,Basic Materials,Steel,77.30000305175781,False,73.0,False,True,Sector: Basic Materials,41.85,41.76,True,16.0,880.0,False,HOLD
WIPL,The Western India Plywoods Limited,Basic Materials,Lumber & Wood Production,164.32000732421875,False,-0.0,False,True,Sector: Basic Materials,8.28,8.29,True,116.0,119.0,False,HOLD
DGCONTENT,Digicontent Limited,Communication Services,Internet Content & Information,24.1200008392334,False,1.0,False,False,Sector: Communication Services,-19.05,-40.2,False,502.0,489.0,True,EXIT
DTIL,Dhunseri Tea & Industries Limited,Consumer Defensive,Packaged Foods,134.9499969482422,False,-12.0,False,False,Sector: Consumer Defensive,-34.61,-34.22,False,441.0,471.0,False,EXIT
MAHAPEXLTD,Maha Rashtra Apex Corporation Limited,Financial Services,Credit Services,58.59000015258789,False,-27.0,False,False,Sector: Financial Services,-48.01,-47.37,False,2.0,10.0,False,EXIT
INDOWIND,Indowind Energy Limited,Utilities,Utilities - Renewable,9.0600004196167,False,-0.48,False,False,Sector: Utilities,-26.32,-51.63,False,37.45,40.75,False,EXIT
PRAENG,Prajay Engineers Syndicate Limited,Real Estate,Real Estate - Development,19.399999618530273,False,-18.0,False,False,Sector: Real Estate,1.38,-14.94,False,29.0,109.0,False,EXIT
HECPROJECT,HEC Infra Projects Limited,Industrials,Engineering & Construction,117.88999938964844,False,13.0,True,False,Sector: Industrials,-31.13,-30.19,False,180.0,176.0,True,EXIT
MITCON,MITCON Consultancy & Engineering Services Limited,Industrials,Engineering & Construction,79.69999694824219,False,11.0,True,True,Sector: Industrials,7.77,8.62,True,169.0,129.0,True,HOLD
SECMARK,SecMark Consultancy Limited,Industrials,Consulting Services,125.0,False,3.28,False,True,Sector: Industrials,-6.0,-5.12,False,41.23,37.54,True,EXIT
SANGINITA,Sanginita Chemicals Limited,Basic Materials,Chemicals,59.380001068115234,False,-21.0,False,True,Sector: Basic Materials,517.86,516.38,True,156.0,230.0,False,HOLD
LAGNAM,Lagnam Spintex Limited,Consumer Cyclical,Textile Manufacturing,77.1500015258789,False,18.0,False,True,Sector: Consumer Cyclical,-12.08,-15.2,False,631.0,606.0,True,EXIT
RUCHINFRA,Ruchi Infrastructure Limited,Industrials,Specialty Business Services,5.78000020980835,False,6.02,False,False,Sector: Industrials,-26.09,-25.17,False,62.31,2326.08,False,EXIT
BALPHARMA,Bal Pharma Limited,Healthcare,Drug Manufacturers - Specialty & Generic,86.66000366210938,False,7.0,True,True,Sector: Healthcare,-17.27,-6.67,False,334.0,339.0,False,HOLD
SALONA,Salona Cotspin Limited,Consumer Cyclical,Textile Manufacturing,273.5299987792969,False,2.0,False,True,Sector: Consumer Cyclical,9.13,5.95,True,633.0,722.0,False,HOLD
GSLSU,Global Surfaces Limited,Basic Materials,Building Materials,34.779998779296875,False,-31.0,False,False,Sector: Basic Materials,-72.02,-71.77,False,224.0,233.0,False,EXIT
ALPA,Alpa Laboratories Limited,Healthcare,Drug Manufacturers - Specialty & Generic,62.099998474121094,False,4.0,False,False,Sector: Healthcare,-48.6,-37.76,False,111.0,112.0,False,EXIT
TEXMOPIPES,Texmo Pipes and Products Limited,Industrials,Building Products & Equipment,44.08000183105469,False,15.0,False,False,Sector: Industrials,-25.58,-24.66,False,388.0,635.0,False,EXIT
ISFT,IntraSoft Technologies Limited,Consumer Cyclical,Internet Retail,86.43000030517578,False,14.0,False,True,Sector: Consumer Cyclical,-13.81,-16.93,False,545.0,1170.0,False,EXIT
CORALFINAC,Coral India Finance and Housing Limited,Real Estate,Real Estate Services,34.11000061035156,False,14.0,False,False,Sector: Real Estate,-8.54,-24.71,False,15.0,31.0,False,EXIT
INDIANCARD,The Indian Card Clothing Company Limited,Consumer Cyclical,Textile Manufacturing,210.38999938964844,False,5.98,False,False,Sector: Consumer Cyclical,-17.96,-21.07,False,42.16,85.09,False,EXIT
BALAXI,Balaxi Pharmaceuticals Limited,Healthcare,Drug Manufacturers - Specialty & Generic,22.299999237060547,False,2.0,False,False,Sector: Healthcare,-62.31,-51.36,False,280.0,336.0,False,EXIT
ISHANCH,Ishan Dyes and Chemicals Limited,Basic Materials,Chemicals,48.25,False,-7.25,False,False,Sector: Basic Materials,-26.55,-26.44,False,98.67,101.43,False,EXIT
AIROLAM,Airo Lam Limited,Consumer Cyclical,"Furnishings, Fixtures & Appliances",88.98999786376953,False,6.0,False,False,Sector: Consumer Cyclical,-19.47,-22.57,False,258.0,243.0,True,EXIT
VITAL,VITAL,Basic Materials,Specialty Chemicals,52.33000183105469,False,,False,False,Sector: Basic Materials,-11.81,-11.75,False,,,False,EXIT
MAGNUM,Magnum Ventures Limited,Basic Materials,Paper & Paper Products,19.25,False,-1.0,False,False,Sector: Basic Materials,-20.39,-20.3,False,473.0,465.0,True,EXIT
JOCIL,Jocil Limited,Basic Materials,Specialty Chemicals,150.0,False,8.0,False,True,Sector: Basic Materials,-10.24,-10.18,False,1027.0,1044.0,False,EXIT
SAMPANN,Sampann Utpadan India Limited,Basic Materials,Specialty Chemicals,26.110000610351562,False,7.0,True,False,Sector: Basic Materials,-21.15,-21.05,False,152.0,143.0,True,EXIT
MUKTAARTS,Mukta Arts Limited,Communication Services,Entertainment,58.06999969482422,False,-8.0,False,False,Sector: Communication Services,-6.21,-27.56,False,178.0,195.0,False,EXIT
STEELCITY,Steel City Securities Limited,Financial Services,Capital Markets,81.29000091552734,False,17.0,True,False,Sector: Financial Services,-25.52,-25.0,False,67.0,70.0,False,EXIT
BSL,BSL Limited,Consumer Cyclical,Textile Manufacturing,121.5199966430664,False,4.0,False,False,Sector: Consumer Cyclical,-27.73,-30.81,False,669.0,667.0,True,EXIT
SIL,Standard Industries Limited,Consumer Cyclical,Textile Manufacturing,19.110000610351562,False,62.0,False,True,Sector: Consumer Cyclical,7.64,4.47,True,216.0,437.0,False,HOLD
ONELIFECAP,Onelife Capital Advisors Limited,Financial Services,Capital Markets,33.68000030517578,False,9.89,True,True,Sector: Financial Services,174.2,173.74,True,15.47,37.87,False,HOLD
SURANASOL,Surana Solar Limited,Technology,Solar,25.739999771118164,False,6.4,False,False,Sector: Technology,-18.15,-19.61,False,35.9,125.38,False,EXIT
PAR,Par Drugs and Chemicals Limited,Healthcare,Drug Manufacturers - Specialty & Generic,102.4800033569336,False,14.0,True,True,Sector: Healthcare,-10.91,-0.36,False,109.0,104.0,True,HOLD
SAMBHAAV,Sambhaav Media Limited,Communication Services,Publishing,6.269999980926514,False,-1.75,False,False,Sector: Communication Services,12.96,-8.7,False,43.5,48.33,False,EXIT
URAVIDEF,Uravi Defence and Technology Limited,Consumer Cyclical,Auto Parts,108.19999694824219,False,2.31,False,False,Sector: Consumer Cyclical,-76.87,-79.83,False,40.59,41.35,False,EXIT
BCPL,BCPL Railway Infrastructure Limited,Industrials,Infrastructure Operations,70.70999908447266,False,10.0,True,False,Sector: Industrials,,,False,218.0,210.0,True,EXIT
XELPMOC,Xelpmoc Design and Tech Limited,Technology,Information Technology Services,76.22000122070312,False,-7.91,False,False,Sector: Technology,-13.52,-15.01,False,3.92,14.74,False,EXIT
CROWN,Crown Lifters Limited,Industrials,Rental & Leasing Services,104.16999816894531,False,9.03,False,False,Sector: Industrials,-35.55,-34.61,False,42.67,39.72,True,EXIT
GTL,GTL Limited,Communication Services,Telecom Services,7.21999979019165,False,793.0,True,False,Sector: Communication Services,-6.58,-27.93,False,198.0,3942.0,False,EXIT
WEIZMANIND,Weizmann Limited,Consumer Cyclical,Textile Manufacturing,76.01000213623047,False,6.0,False,False,Sector: Consumer Cyclical,-27.9,-30.98,False,128.0,135.0,False,EXIT
GANGESSECU,Ganges Securities Limited,Consumer Defensive,Packaged Foods,122.06999969482422,False,2.88,False,False,Sector: Consumer Defensive,-30.27,-29.92,False,37.45,41.93,False,EXIT
USK,Udayshivakumar Infra Limited,Industrials,Engineering & Construction,21.489999771118164,False,12.0,False,False,Sector: Industrials,-37.18,-36.24,False,199.0,577.0,False,EXIT
ANIKINDS,Anik Industries Limited,Consumer Defensive,Food Distribution,44.0,False,-1.0,False,False,Sector: Consumer Defensive,-55.54,-55.0,False,110.0,610.0,False,EXIT
LATTEYS,Latteys Industries Limited,Industrials,Specialty Industrial Machinery,22.799999237060547,False,4.0,True,True,Sector: Industrials,5.11,5.95,True,132.0,117.0,True,HOLD
CUBEXTUB,Cubex Tubings Limited,Basic Materials,Copper,78.80000305175781,False,8.0,True,False,Sector: Basic Materials,-2.8,-2.76,False,303.0,288.0,True,EXIT
AAATECH,AAA Technologies Limited,Technology,Information Technology Services,93.86000061035156,False,2.08,False,False,Sector: Technology,12.2,10.54,True,19.37,21.79,False,EXIT
KREBSBIO,Krebs Biochemicals & Industries Limited,Healthcare,Drug Manufacturers - Specialty & Generic,55.20000076293945,False,-14.0,False,False,Sector: Healthcare,-40.33,-29.55,False,25.0,60.0,False,EXIT
FELDVR,Future Enterprises Limited,Consumer Cyclical,Department Stores,2.390000104904175,False,,False,False,Sector: Consumer Cyclical,-26.71,-29.8,False,,,False,EXIT
GVPTECH,GVP Infotech Limited,Technology,Information Technology Services,6.789999961853027,False,-90.0,False,False,Sector: Technology,-31.21,-32.59,False,2.0,1491.0,False,EXIT
HINDCON,Hindcon Chemicals Limited,Basic Materials,Specialty Chemicals,22.18000030517578,False,4.06,False,False,Sector: Basic Materials,-37.03,-36.89,False,71.44,85.59,False,EXIT
ZENITHEXPO,Zenith Exports Limited,Consumer Cyclical,Textile Manufacturing,207.24000549316406,False,0.29,False,False,Sector: Consumer Cyclical,-16.1,-19.22,False,60.27,266.46,False,EXIT
REPL,Rudrabhishek Enterprises Limited,Industrials,Consulting Services,63.18000030517578,False,-13.0,False,False,Sector: Industrials,-65.32,-64.31,False,74.0,108.0,False,EXIT
AVROIND,Avro India Limited,Consumer Cyclical,"Furnishings, Fixtures & Appliances",9.380000114440918,False,4.24,False,False,Sector: Consumer Cyclical,-40.15,-43.21,False,98.31,94.64,True,EXIT
LAMBODHARA,Lambodhara Textiles Limited,Consumer Cyclical,Textile Manufacturing,107.62999725341797,False,12.0,False,False,Sector: Consumer Cyclical,-14.22,-17.34,False,233.0,238.0,False,EXIT
PRAXIS,Praxis Home Retail Limited,Consumer Cyclical,Specialty Retail,5.409999847412109,False,-61.0,False,False,Sector: Consumer Cyclical,-54.3,-57.32,False,99.0,703.0,False,EXIT
NARMADA,Narmada Agrobase Limited,Basic Materials,Agricultural Inputs,14.420000076293945,False,3.59,False,False,Sector: Basic Materials,24.43,24.39,True,89.56,77.56,True,EXIT
VISHWARAJ,Vishwaraj Sugar Industries Limited,Consumer Defensive,Confectioners,5.760000228881836,False,-36.0,False,False,Sector: Consumer Defensive,-37.95,-37.53,False,351.0,611.0,False,EXIT
OBCL,OBCL Limited,Industrials,Trucking,54.20000076293945,False,-8.0,False,False,Sector: Industrials,-12.95,-12.06,False,344.0,347.0,False,EXIT
DBSTOCKBRO,DB (International) Stock Brokers Limited,Financial Services,Capital Markets,31.770000457763672,False,2.96,False,True,Sector: Financial Services,22.78,23.06,True,31.03,48.25,False,HOLD
GROBTEA,The Grob Tea Company Limited,Consumer Defensive,Farm Products,938.6500244140625,False,8.0,False,False,Sector: Consumer Defensive,-14.07,-13.83,False,119.0,119.0,True,EXIT
OSWALSEEDS,ShreeOswal Seeds and Chemicals Limited,Basic Materials,Agricultural Inputs,13.15999984741211,False,12.0,True,True,Sector: Basic Materials,-28.28,-28.16,False,267.0,272.0,False,HOLD
NAVKARURB,Navkar Urbanstructure Limited,Basic Materials,Building Materials,0.9599999785423279,False,2.96,False,False,Sector: Basic Materials,-64.2,-63.98,False,22.15,154.82,False,EXIT
VAISHALI,Vaishali Pharma Limited,Healthcare,Drug Manufacturers - Specialty & Generic,7.949999809265137,False,4.0,True,True,Sector: Healthcare,-46.21,-35.39,False,108.0,109.0,False,HOLD
LPDC,Landmark Property Development Company Limited,Real Estate,Real Estate Services,7.170000076293945,False,8.46,True,True,Sector: Real Estate,13.29,-3.2,False,16.35,7.35,True,HOLD
RAJSREESUG,Rajshree Sugars & Chemicals Limited,Consumer Defensive,Confectioners,40.380001068115234,False,-8.0,False,True,Sector: Consumer Defensive,0.75,0.88,True,557.0,767.0,False,HOLD
AKSHOPTFBR,Aksh Optifibre Limited,Technology,Communication Equipment,7.300000190734863,False,-2.0,False,True,Sector: Technology,-5.81,-7.36,False,149.0,618.0,False,EXIT
ABAN,Aban Offshore Limited,Energy,Oil & Gas Drilling,17.049999237060547,False,32.0,False,False,Sector: Energy,-81.66,-65.29,False,14419.0,13813.0,True,EXIT
LOVABLE,Lovable Lingerie Limited,Consumer Cyclical,Apparel Manufacturing,70.94000244140625,False,3.16,False,False,Sector: Consumer Cyclical,-22.6,-25.7,False,38.52,197.32,False,EXIT
VLEGOV,VL E-Governance & IT Solutions Limited,Technology,Information Technology Services,9.529999732971191,False,-2.39,False,False,Sector: Technology,-76.39,-77.47,False,9.57,729.53,False,EXIT
LANDSMILL,Landsmill Green Limited,Industrials,Conglomerates,0.7400000095367432,False,1.97,False,False,Sector: Industrials,-45.21,-44.24,False,1.51,39.65,False,EXIT
SHYAMCENT,Shyam Century Ferrous Limited,Basic Materials,Steel,4.96999979019165,False,15.0,False,False,Sector: Basic Materials,-33.06,-32.93,False,121.0,133.0,False,EXIT
SURYALAXMI,Suryalakshmi Cotton Mills Limited,Consumer Cyclical,Textile Manufacturing,57.599998474121094,False,4.0,False,False,Sector: Consumer Cyclical,-11.42,-14.55,False,799.0,851.0,False,EXIT
SOMICONVEY,Somi Conveyor Beltings Limited,Industrials,Specialty Industrial Machinery,100.06999969482422,False,4.43,False,False,Sector: Industrials,-37.27,-36.33,False,90.11,102.11,False,EXIT
LOYALTEX,Loyal Textile Mills Limited,Consumer Cyclical,Textile Manufacturing,211.0500030517578,False,-49.0,False,False,Sector: Consumer Cyclical,-29.44,-32.52,False,379.0,1763.0,False,EXIT
AMDIND,AMD Industries Limited,Consumer Cyclical,Packaging & Containers,53.939998626708984,False,4.0,False,True,Sector: Consumer Cyclical,7.01,3.84,True,318.0,350.0,False,HOLD
COMPUSOFT,Compucom Software Limited,Consumer Defensive,Education & Training Services,14.119999885559082,False,2.91,False,False,Sector: Consumer Defensive,-32.53,-32.16,False,33.43,70.32,False,EXIT
TOTAL,Total Transport Systems Limited,Industrials,Integrated Freight & Logistics,71.38999938964844,False,9.0,True,True,Sector: Industrials,-8.03,-7.15,False,668.0,665.0,True,HOLD
JETFREIGHT,Jet Freight Logistics Limited,Industrials,Integrated Freight & Logistics,22.1200008392334,False,8.0,True,True,Sector: Industrials,60.4,61.12,True,504.0,461.0,True,HOLD
KOHINOOR,Kohinoor Foods Limited,Consumer Defensive,Packaged Foods,34.810001373291016,False,85.0,False,True,Sector: Consumer Defensive,-2.54,-2.39,False,161.0,1335.0,False,EXIT
ARTNIRMAN,Art Nirman Limited,Real Estate,Real Estate - Development,41.4900016784668,False,0.39,False,False,Sector: Real Estate,-1.9,-18.17,False,33.84,81.13,False,EXIT
HILTON,Hilton Metal Forging Limited,Industrials,Metal Fabrication,19.6299991607666,False,5.0,False,False,Sector: Industrials,-67.39,-66.37,False,267.0,230.0,True,EXIT
MOTOGENFIN,The Motor & General Finance Limited,Real Estate,Real Estate Services,26.010000228881836,False,149.0,True,True,Sector: Real Estate,12.85,-3.63,False,7.0,15.0,False,HOLD
SEMAC,Semac Construction Limited,Industrials,Engineering & Construction,284.70001220703125,False,7.0,False,False,Sector: Industrials,-46.12,-45.15,False,222.0,325.0,False,EXIT
DIGJAMLMTD,Digjam Limited,Consumer Cyclical,Textile Manufacturing,51.54999923706055,False,-1.14,False,True,Sector: Consumer Cyclical,-2.09,-5.24,False,36.79,132.47,False,EXIT
SADBHIN,Sadbhav Infrastructure Project Limited,Industrials,Engineering & Construction,2.75,False,72.0,False,False,Sector: Industrials,-43.49,-42.53,False,789.0,3548.0,False,EXIT
DUCON,Ducon Infratechnologies Limited,Industrials,Specialty Industrial Machinery,3.3499999046325684,False,10.0,False,False,Sector: Industrials,-44.06,-43.1,False,414.0,451.0,False,EXIT
BAGFILMS,B.A.G. Films and Media Limited,Communication Services,Broadcasting,4.380000114440918,False,6.0,False,False,Sector: Communication Services,-12.16,-33.42,False,157.0,150.0,True,EXIT
GATECH,GACM Technologies Limited,Financial Services,Asset Management,0.8700000047683716,False,6.87,False,True,Sector: Financial Services,50.66,50.81,True,19.68,385.56,False,HOLD
SMLT,Sarthak Metals Limited,Industrials,Metal Fabrication,70.18000030517578,False,5.0,False,False,Sector: Industrials,-39.29,-38.34,False,201.0,457.0,False,EXIT
NORBTEAEXP,Norben Tea & Exports Limited,Consumer Defensive,Farm Products,67.7300033569336,False,-0.27,False,False,Sector: Consumer Defensive,79.34,78.89,True,8.13,8.07,True,EXIT
BEARDSELL,Beardsell Limited,Industrials,Building Products & Equipment,25.760000228881836,False,11.0,True,False,Sector: Industrials,-16.82,-15.93,False,282.0,275.0,True,EXIT
INVENTURE,Inventure Growth & Securities Limited,Financial Services,Capital Markets,0.8600000143051147,False,3.15,False,False,Sector: Financial Services,-42.83,-42.22,False,50.02,311.87,False,EXIT
REGENCERAM,Regency Ceramics Limited,Industrials,Building Products & Equipment,34.529998779296875,False,-24.0,False,False,Sector: Industrials,-28.39,-27.46,False,50.0,38.0,True,EXIT
BHANDARI,Bhandari Hosiery Exports Limited,Consumer Cyclical,Apparel Manufacturing,3.0199999809265137,False,7.0,False,False,Sector: Consumer Cyclical,-39.77,-42.83,False,268.0,283.0,False,EXIT
TEMBO,Tembo Global Industries Limited,Industrials,Metal Fabrication,58.20000076293945,False,109.0,True,False,Sector: Industrials,-2.09,-1.22,False,1144.0,1090.0,True,EXIT
SPLIL,SPL Industries Limited,Consumer Cyclical,Apparel Manufacturing,30.790000915527344,False,8.27,False,False,Sector: Consumer Cyclical,-18.53,-21.64,False,72.3,284.65,False,EXIT
GOYALALUM,Goyal Aluminiums Limited,Basic Materials,Aluminum,6.420000076293945,False,4.82,True,False,Sector: Basic Materials,-18.86,-18.77,False,77.18,82.41,False,EXIT
SELMC,SEL Manufacturing Company Limited,Consumer Cyclical,Textile Manufacturing,28.0,False,-169.0,False,False,Sector: Consumer Cyclical,-9.12,-12.25,False,13.0,2323.0,False,EXIT
PALASHSECU,Palash Securities Limited,Consumer Defensive,Packaged Foods,88.19999694824219,False,13.0,True,False,Sector: Consumer Defensive,-29.16,-28.81,False,36.0,59.0,False,EXIT
BVCL,Barak Valley Cements Limited,Basic Materials,Building Materials,41.77000045776367,False,2.0,False,False,Sector: Basic Materials,-6.05,-6.0,False,216.0,234.0,False,EXIT
GRADIENTE,Gradiente Infotainment Limited,Communication Services,Entertainment,2.9000000953674316,False,0.96,True,False,Sector: Communication Services,,,False,1.73,4.65,False,EXIT
RELCHEMQ,Reliance Chemotex Industries Limited,Consumer Cyclical,Textile Manufacturing,113.52999877929688,False,6.0,False,False,Sector: Consumer Cyclical,-30.62,-33.7,False,368.0,366.0,True,EXIT
GLOBE,Globe Enterprises (India) Limited,Consumer Cyclical,Textile Manufacturing,2.0,False,11.0,True,False,Sector: Consumer Cyclical,-14.31,-17.43,False,679.0,642.0,True,EXIT
AAKASH,Aakash Exploration Services Limited,Energy,Oil & Gas Equipment & Services,8.539999961853027,False,5.0,False,False,Sector: Energy,-34.7,-20.38,False,103.0,93.0,True,EXIT
RAJMET,Rajnandini Metal Limited,Basic Materials,Copper,3.2200000286102295,False,2.0,False,False,Sector: Basic Materials,-30.2,-30.08,False,241.0,1212.0,False,EXIT
BANKA,Banka BioLoo Limited,Industrials,Pollution & Treatment Controls,79.30000305175781,False,0.35,False,True,Sector: Industrials,-15.43,-14.54,False,56.49,57.09,False,EXIT
MOKSH,Moksh Ornaments Limited,Consumer Cyclical,Luxury Goods,10.300000190734863,False,11.0,True,False,Sector: Consumer Cyclical,-21.58,-24.68,False,796.0,679.0,True,EXIT
RHFL,Reliance Home Finance Limited,Financial Services,Mortgage Finance,1.7200000286102295,False,,False,False,Sector: Financial Services,-70.02,-69.28,False,,,False,EXIT
RSSOFTWARE,R S Software (India) Limited,Technology,Information Technology Services,30.940000534057617,False,-32.0,False,False,Sector: Technology,-60.58,-61.76,False,23.0,376.0,False,EXIT
CINEVISTA,Cinevista Limited,Communication Services,Entertainment,14.119999885559082,False,6.11,True,False,Sector: Communication Services,1.88,-19.6,False,26.83,59.02,False,EXIT
BLBLIMITED,BLB Limited,Financial Services,Capital Markets,16.030000686645508,False,27.0,False,True,Sector: Financial Services,-3.4,-2.98,False,781.0,746.0,True,EXIT
DHARAN,Dharan Infra-EPC Limited,Real Estate,Real Estate - Development,0.15000000596046448,False,-35.0,False,False,Sector: Real Estate,-49.0,-64.61,False,6.0,129.0,False,EXIT
KAKATCEM,Kakatiya Cement Sugar and Industries Limited,Basic Materials,Building Materials,118.81999969482422,False,-27.0,False,False,Sector: Basic Materials,-27.8,-27.69,False,71.0,220.0,False,EXIT
FIBERWEB,Fiberweb (India) Limited,Consumer Cyclical,Textile Manufacturing,26.110000610351562,False,6.11,False,False,Sector: Consumer Cyclical,-44.99,-48.03,False,83.97,286.13,False,EXIT
PATINTLOG,Patel Integrated Logistics Limited,Industrials,Integrated Freight & Logistics,13.819999694824219,False,10.0,True,True,Sector: Industrials,-14.69,-13.79,False,393.0,454.0,False,HOLD
HISARMETAL,Hisar Metal Industries Limited,Basic Materials,Steel,149.66000366210938,False,5.0,False,False,Sector: Basic Materials,-21.53,-21.43,False,264.0,276.0,False,EXIT
NIBL,NRB Industrial Bearings Limited,Industrials,Tools & Accessories,31.780000686645508,False,-31.0,False,True,Sector: Industrials,21.59,22.4,True,76.0,81.0,False,HOLD
ENERGYDEV,Energy Development Company Limited,Utilities,Utilities - Regulated Electric,16.5,False,-3.7,False,False,Sector: Utilities,4.08,-22.92,False,42.31,150.05,False,EXIT
ZENITHSTL,Zenith Steel Pipes & Industries Limited,Basic Materials,Steel,5.360000133514404,False,4.02,False,False,Sector: Basic Materials,-33.42,-33.29,False,41.91,183.63,False,EXIT
PARASPETRO,Paras Petrofils Limited,Consumer Cyclical,Textile Manufacturing,2.1700000762939453,False,-0.43,False,True,Sector: Consumer Cyclical,-6.68,-9.82,False,0.0,5.11,False,EXIT
JHS,JHS Svendgaard Laboratories Limited,Consumer Defensive,Household & Personal Products,8.149999618530273,False,-2.0,False,False,Sector: Consumer Defensive,-28.69,-28.34,False,109.0,140.0,False,EXIT
NAGREEKEXP,Nagreeka Exports Limited,Consumer Cyclical,Textile Manufacturing,22.809999465942383,False,3.0,False,False,Sector: Consumer Cyclical,-10.6,-13.73,False,595.0,614.0,False,EXIT
ROLLT,Rollatainers Limited,Real Estate,Real Estate Services,3.4700000286102295,False,-0.72,False,True,Sector: Real Estate,151.07,132.64,True,0.0,170.91,False,HOLD
NGIL,Nakoda Group of Industries Limited,Consumer Defensive,Packaged Foods,40.599998474121094,False,1.63,False,True,Sector: Consumer Defensive,47.46,47.25,True,44.85,59.62,False,HOLD
NOIDATOLL,Noida Toll Bridge Company Limited,Industrials,Infrastructure Operations,4.130000114440918,False,28.0,False,False,Sector: Industrials,4.03,4.88,True,44.0,130.0,False,EXIT
CTE,Cambridge Technology Enterprises Limited,Technology,Information Technology Services,47.18000030517578,False,7.0,False,True,Sector: Technology,9.55,7.9,True,179.0,206.0,False,HOLD
TOKYOPLAST,Tokyo Plast International Limited,Consumer Cyclical,Packaging & Containers,77.5,False,0.35,False,False,Sector: Consumer Cyclical,-39.25,-42.3,False,80.94,79.93,True,EXIT
BANARBEADS,Banaras Beads Limited,Consumer Cyclical,Footwear & Accessories,114.0,False,1.89,False,False,Sector: Consumer Cyclical,5.99,2.82,True,28.34,31.56,False,EXIT
ORIENTLTD,Orient Press Limited,Consumer Cyclical,Packaging & Containers,81.97000122070312,False,-2.0,False,True,Sector: Consumer Cyclical,-6.57,-9.71,False,123.0,203.0,False,EXIT
UMAEXPORTS,Uma Exports Limited,Consumer Defensive,Farm Products,22.75,False,0.0,False,False,Sector: Consumer Defensive,-62.27,-61.68,False,1438.0,1731.0,False,EXIT
ACCURACY,Accuracy Shipping Limited,Industrials,Integrated Freight & Logistics,4.679999828338623,False,4.0,False,False,Sector: Industrials,-38.14,-37.19,False,650.0,945.0,False,EXIT
PIONEEREMB,Pioneer Embroideries Limited,Consumer Cyclical,Textile Manufacturing,21.760000228881836,False,-0.0,False,False,Sector: Consumer Cyclical,-40.1,-43.15,False,347.0,375.0,False,EXIT
HDIL,Housing Development and Infrastructure Limited,Real Estate,Real Estate - Diversified,1.4900000095367432,False,90.0,False,False,Sector: Real Estate,-39.72,-55.46,False,644.0,2380.0,False,EXIT
CAPTRUST,Capital Trust Limited,Financial Services,Credit Services,20.239999771118164,False,7.0,False,True,Sector: Financial Services,-60.62,-59.92,False,103.0,192.0,False,EXIT
TOUCHWOOD,Touchwood Entertainment Limited,Communication Services,Advertising Agencies,61.79999923706055,False,3.18,False,False,Sector: Communication Services,-24.49,-45.55,False,61.63,74.58,False,EXIT
VINEETLAB,Vineet Laboratories Limited,Basic Materials,Chemicals,38.4900016784668,False,-10.0,False,True,Sector: Basic Materials,5.08,5.1,True,55.0,243.0,False,HOLD
CURAA,CURAA,Technology,Software - Application,77.47000122070312,False,-1.75,False,False,Sector: Technology,-77.54,-78.61,False,0.74,6.33,False,EXIT
ODIGMA,Odigma Consultancy Solutions Limited,Communication Services,Advertising Agencies,22.260000228881836,False,-1.04,False,False,Sector: Communication Services,-6.18,-27.53,False,48.2,47.34,True,EXIT
KHAITANLTD,Khaitan (India) Limited,Industrials,Industrial Distribution,146.94000244140625,False,7.0,True,True,Sector: Industrials,27.77,28.57,True,124.0,112.0,True,HOLD
BONLON,Bonlon Industries Limited,Basic Materials,Other Industrial Metals & Mining,40.880001068115234,False,1.0,False,False,Sector: Basic Materials,,,False,582.0,651.0,False,EXIT
PRAKASHSTL,Prakash Steelage Limited,Basic Materials,Steel,3.930000066757202,False,0.62,False,False,Sector: Basic Materials,-33.69,-33.55,False,91.13,1072.34,False,EXIT
IL&FSTRANS,IL&FS Transportation Networks Limited,Industrials,Infrastructure Operations,2.009999990463257,False,,False,False,Sector: Industrials,-40.76,-39.8,False,,,False,EXIT
ALKALI,Alkali Metals Limited,Basic Materials,Specialty Chemicals,67.94999694824219,False,1.08,False,False,Sector: Basic Materials,-26.54,-26.43,False,89.98,93.03,False,EXIT
ATAM,Atam Valves Limited,Industrials,Specialty Industrial Machinery,55.529998779296875,False,1.82,False,False,Sector: Industrials,-39.81,-38.86,False,47.21,60.23,False,EXIT
ROML,Raj Oil Mills Limited,Consumer Defensive,Packaged Foods,43.77000045776367,False,4.0,False,False,Sector: Consumer Defensive,-9.72,-9.51,False,153.0,151.0,True,EXIT
SHEKHAWATI,Shekhawati Industries Limited,Consumer Cyclical,Textile Manufacturing,18.209999084472656,False,12.0,False,True,Sector: Consumer Cyclical,-12.04,-15.16,False,15.0,363.0,False,EXIT
DIGIDRIVE,Digidrive Distributors Limited,Consumer Cyclical,Internet Retail,17.260000228881836,False,5.75,False,False,Sector: Consumer Cyclical,-44.24,-47.29,False,46.8,49.78,False,EXIT
AJOONI,Ajooni Biotech Limited,Consumer Defensive,Packaged Foods,3.75,False,4.0,True,False,Sector: Consumer Defensive,-30.24,-29.88,False,215.0,182.0,True,EXIT
PARSVNATH,Parsvnath Developers Limited,Real Estate,Real Estate - Development,1.409999966621399,False,-449.0,False,False,Sector: Real Estate,-77.35,-92.56,False,239.0,1189.0,False,EXIT
TFL,Transwarranty Finance Limited,Financial Services,Mortgage Finance,11.300000190734863,False,-3.69,False,False,Sector: Financial Services,-36.1,-35.52,False,13.04,19.3,False,EXIT
DAMODARIND,Damodar Industries Limited,Consumer Cyclical,Textile Manufacturing,27.489999771118164,False,6.0,False,False,Sector: Consumer Cyclical,-22.42,-25.51,False,480.0,909.0,False,EXIT
GENSOL,Gensol Engineering Limited,Technology,Solar,18.219999313354492,False,87.0,True,False,Sector: Technology,-52.26,-53.5,False,1452.0,963.0,True,EXIT
DELTAMAGNT,Delta Manufacturing Limited,Consumer Cyclical,Textile Manufacturing,58.27000045776367,False,-11.0,False,False,Sector: Consumer Cyclical,-29.23,-32.31,False,67.0,124.0,False,EXIT
PALREDTEC,Palred Technologies Limited,Technology,Consumer Electronics,57.2400016784668,False,-5.4,False,True,Sector: Technology,5.48,3.87,True,85.83,148.02,False,HOLD
GATECHDVR,GACM Technologies Limited,Financial Services,Asset Management,0.5199999809265137,False,6.87,False,True,Sector: Financial Services,-0.26,0.14,False,19.68,233.33,False,EXIT
ATLASCYCLE,Atlas Cycles (Haryana) Limited,Consumer Cyclical,Leisure,97.94999694824219,False,-8.37,False,True,Sector: Consumer Cyclical,-16.51,-19.63,False,6.46,684.28,False,EXIT
AGRITECH,Agri-tech (India) Limited,Consumer Defensive,Farm Products,102.16000366210938,False,-2.57,False,False,Sector: Consumer Defensive,-31.85,-31.49,False,0.29,0.38,False,EXIT
FMNL,Future Market Networks Limited,Real Estate,Real Estate Services,8.489999771118164,False,7.99,False,False,Sector: Real Estate,-19.41,-35.43,False,98.73,156.86,False,EXIT
SECURKLOUD,SecureKloud Technologies Limited,Technology,Software - Application,18.239999771118164,False,-14.0,False,False,Sector: Technology,-26.54,-27.94,False,40.0,849.0,False,EXIT
RKEC,RKEC Projects Limited,Industrials,Engineering & Construction,22.600000381469727,False,-55.0,False,False,Sector: Industrials,-67.27,-66.25,False,121.0,422.0,False,EXIT
ABMINTLLTD,ABM International Limited,Basic Materials,Specialty Chemicals,53.2599983215332,False,-1.38,False,True,Sector: Basic Materials,12.6,12.59,True,50.61,155.95,False,HOLD
SUPREMEENG,Supreme Engineering Limited,Basic Materials,Steel,2.490000009536743,False,-9.37,False,True,Sector: Basic Materials,105.96,105.68,True,24.76,173.57,False,HOLD
HGM,Handson Global Management (HGM) Limited,Technology,Information Technology Services,44.959999084472656,False,-6.83,False,False,Sector: Technology,-36.77,-38.11,False,56.67,59.48,False,EXIT
ANMOL,Anmol India Limited,Energy,Thermal Coal,10.109999656677246,False,12.0,False,False,Sector: Energy,-55.95,-40.7,False,1296.0,1501.0,False,EXIT
BALKRISHNA,Balkrishna Paper Mills Limited,Consumer Cyclical,Packaging & Containers,17.299999237060547,False,-6.55,False,False,Sector: Consumer Cyclical,-17.9,-21.01,False,5.38,242.38,False,EXIT
LEMERITE,LEMERITE,Consumer Cyclical,Textile Manufacturing,23.450000762939453,False,3.0,False,False,Sector: Consumer Cyclical,-65.66,-68.65,False,337.0,525.0,False,EXIT
ADROITINFO,Adroit Infotech Limited,Technology,Information Technology Services,10.229999542236328,False,3.6,False,True,Sector: Technology,-8.12,-9.65,False,53.85,52.95,True,EXIT
AGROPHOS,Agro Phos (India) Limited,Basic Materials,Agricultural Inputs,26.010000228881836,False,5.0,False,False,Sector: Basic Materials,-43.39,-43.23,False,137.0,148.0,False,EXIT
MALUPAPER,Malu Paper Mills Limited,Basic Materials,Paper & Paper Products,31.110000610351562,False,-12.0,False,False,Sector: Basic Materials,-16.73,-16.64,False,364.0,335.0,True,EXIT
KSR,KSR Footwear Limited,Consumer Cyclical,Footwear & Accessories,27.420000076293945,False,-8.0,True,False,Sector: Consumer Cyclical,,,False,200.0,206.0,False,EXIT
ANSALAPI,Ansal Properties & Infrastructure Limited,Real Estate,Real Estate - Development,3.390000104904175,False,-158.0,False,False,Sector: Real Estate,-23.65,-39.62,False,768.0,1406.0,False,EXIT
SHIVAMILLS,Shiva Mills Limited,Consumer Cyclical,Textile Manufacturing,60.0099983215332,False,3.0,False,False,Sector: Consumer Cyclical,-12.97,-16.09,False,140.0,213.0,False,EXIT
TPHQ,Teamo Productions HQ Limited,Industrials,Engineering & Construction,0.6800000071525574,False,6.0,True,True,Sector: Industrials,-13.1,-12.21,False,118.0,840.0,False,HOLD
SUVIDHAA,Suvidhaa Infoserve Limited,Technology,Information Technology Services,2.4100000858306885,False,-7.71,False,False,Sector: Technology,-41.79,-43.09,False,4.88,284.53,False,EXIT
RAJTV,Raj Television Network Limited,Communication Services,Broadcasting,10.289999961853027,False,-0.57,False,False,Sector: Communication Services,-57.64,-78.18,False,68.44,125.82,False,EXIT
ICDSLTD,ICDS Limited,Real Estate,Real Estate Services,42.0,False,0.65,False,False,Sector: Real Estate,-3.57,-19.82,False,2.23,6.45,False,EXIT
BIOFILCHEM,Biofil Chemicals and Pharmaceuticals Limited,Healthcare,Drug Manufacturers - Specialty & Generic,30.780000686645508,False,0.48,False,False,Sector: Healthcare,-40.9,-30.11,False,34.32,40.04,False,EXIT
HYBRIDFIN,Hybrid Financial Services Limited,Financial Services,Capital Markets,17.219999313354492,False,2.55,False,False,Sector: Financial Services,9.23,9.58,True,4.61,4.1,True,EXIT
ORCHASP,Orchasp Limited,Technology,Software - Application,1.3600000143051147,False,0.79,False,False,Sector: Technology,-52.12,-53.36,False,15.58,104.67,False,EXIT
COUNCODOS,Country Condo's Limited,Real Estate,Real Estate - Development,6.800000190734863,False,0.62,False,True,Sector: Real Estate,19.71,3.13,True,18.04,45.27,False,HOLD
SVPGLOB,SVP Global Textiles Limited,Consumer Cyclical,Textile Manufacturing,3.7799999713897705,False,45.0,False,True,Sector: Consumer Cyclical,5.66,2.49,True,0.0,2489.0,False,HOLD
LCCINFOTEC,LCC Infotech Limited,Consumer Defensive,Education & Training Services,3.6700000762939453,False,-38.0,False,False,Sector: Consumer Defensive,-25.95,-25.63,False,0.0,11.0,False,EXIT
AHLADA,Ahlada Engineers Limited,Industrials,Building Products & Equipment,38.59000015258789,False,-0.35,False,False,Sector: Industrials,-34.68,-33.74,False,97.54,259.46,False,EXIT
VINNY,Vinny Overseas Limited,Consumer Cyclical,Textile Manufacturing,1.059999942779541,False,1.0,False,False,Sector: Consumer Cyclical,-18.41,-21.52,False,133.0,207.0,False,EXIT
SUNDARAM,Sundaram Multi Pap Limited,Basic Materials,Paper & Paper Products,1.2599999904632568,False,4.0,False,False,Sector: Basic Materials,-38.73,-38.59,False,146.0,137.0,True,EXIT
MANUGRAPH,Manugraph India Limited,Industrials,Specialty Industrial Machinery,15.699999809265137,False,5.59,False,True,Sector: Industrials,-32.28,-31.35,False,82.69,271.31,False,EXIT
TRU,TruCap Finance Limited,Financial Services,Credit Services,4.190000057220459,False,-105.0,False,False,Sector: Financial Services,-60.25,-59.56,False,64.0,197.0,False,EXIT
BLUECOAST,Blue Coast Hotels Limited,Consumer Cyclical,Lodging,23.989999771118164,False,-1.07,False,False,Sector: Consumer Cyclical,-70.46,-73.44,False,2.25,134.89,False,EXIT
PRITI,Priti International Limited,Consumer Cyclical,"Furnishings, Fixtures & Appliances",33.560001373291016,False,0.76,False,False,Sector: Consumer Cyclical,-55.17,-58.18,False,22.03,90.33,False,EXIT
JAIPURKURT,Nandani Creation Limited,Consumer Cyclical,Apparel Manufacturing,27.260000228881836,False,2.0,False,False,Sector: Consumer Cyclical,-30.46,-33.53,False,119.0,113.0,True,EXIT
WEWIN,We Win Limited,Technology,Information Technology Services,46.130001068115234,False,4.37,False,False,Sector: Technology,-8.9,-10.42,False,96.86,93.65,True,EXIT
ARCHIES,Archies Limited,Consumer Cyclical,Specialty Retail,13.869999885559082,False,-5.97,False,False,Sector: Consumer Cyclical,-27.86,-30.95,False,50.24,194.51,False,EXIT
21STCENMGM,Twentyfirst Century Management Services Limited,Financial Services,Capital Markets,43.91999816894531,False,-17.0,False,True,Sector: Financial Services,-22.19,-21.68,False,-11.0,260.0,False,EXIT
KARMAENG,Karma Energy Limited,Utilities,Utilities - Renewable,39.220001220703125,False,0.89,False,False,Sector: Utilities,-4.18,-30.72,False,9.9,35.88,False,EXIT
DHRUV,Dhruv Consultancy Services Limited,Industrials,Engineering & Construction,25.290000915527344,False,-35.0,False,False,Sector: Industrials,-62.8,-61.79,False,37.0,102.0,False,EXIT
DANGEE,Dangee Dums Limited,Consumer Cyclical,Restaurants,2.9100000858306885,False,-1.41,False,False,Sector: Consumer Cyclical,-30.85,-33.92,False,29.69,38.32,False,EXIT
GAYAHWS,Gayatri Highways Limited,Industrials,Infrastructure Operations,1.9199999570846558,False,-1.93,False,False,Sector: Industrials,-8.09,-7.21,False,21.64,86.11,False,EXIT
MASKINVEST,Mask Investments Limited,Financial Services,Capital Markets,146.66000366210938,False,0.09,False,False,Sector: Financial Services,-10.1,-9.65,False,0.32,0.74,False,EXIT
RKDL,Ravi Kumar Distilleries Limited,Consumer Defensive,Beverages - Wineries & Distilleries,18.270000457763672,False,0.18,False,False,Sector: Consumer Defensive,-35.91,-35.51,False,19.84,81.28,False,EXIT
GANGAFORGE,Ganga Forging Limited,Industrials,Metal Fabrication,2.1500000953674316,False,-2.3,False,False,Sector: Industrials,-30.58,-29.65,False,35.07,43.22,False,EXIT
MANGALAM,Mangalam Drugs & Organics Limited,Healthcare,Drug Manufacturers - Specialty & Generic,26.950000762939453,False,-38.0,False,False,Sector: Healthcare,-78.8,-67.73,False,232.0,369.0,False,EXIT
GOLDENTOBC,Golden Tobacco Limited,Consumer Defensive,Tobacco,25.329999923706055,False,6.92,False,False,Sector: Consumer Defensive,-32.45,-32.08,False,32.66,96.08,False,EXIT
CELEBRITY,Celebrity Fashions Limited,Consumer Cyclical,Apparel Manufacturing,6.71999979019165,False,-11.0,False,False,Sector: Consumer Cyclical,-46.34,-49.37,False,158.0,364.0,False,EXIT
PRUDMOULI,Prudential Sugar Corporation Ltd.,Consumer Defensive,Confectioners,14.6899995803833,False,6.0,False,False,Sector: Consumer Defensive,-64.92,-64.32,False,103.0,105.0,False,EXIT
AKI,AKI India Limited,Consumer Cyclical,Footwear & Accessories,4.239999771118164,False,3.0,True,False,Sector: Consumer Cyclical,-54.59,-57.61,False,119.0,107.0,True,EXIT
AMBICAAGAR,Ambica Agarbathies Aroma & Industries Limited,Consumer Defensive,Household & Personal Products,24.709999084472656,False,3.0,False,True,Sector: Consumer Defensive,-11.62,-11.4,False,136.0,168.0,False,EXIT
LFIC,Lakshmi Finance & Industrial Corporation Limited,Financial Services,Asset Management,138.24000549316406,False,1.37,False,False,Sector: Financial Services,-36.87,-36.29,False,12.04,15.03,False,EXIT
AKASH,Akash Infra-Projects Limited,Industrials,Engineering & Construction,25.010000228881836,False,0.66,False,False,Sector: Industrials,-10.43,-9.55,False,99.68,159.83,False,EXIT
HBSL,HB Stockholdings Limited,Financial Services,Capital Markets,55.06999969482422,False,-10.0,False,False,Sector: Financial Services,-32.1,-31.55,False,12.0,44.0,False,EXIT
TNTELE,Tamilnadu Telecommunications Limited,Technology,Communication Equipment,8.90999984741211,False,-15.0,False,False,Sector: Technology,-41.6,-42.91,False,0.0,14.0,False,EXIT
VIVIMEDLAB,Vivimed Labs Limited,Healthcare,Drug Manufacturers - Specialty & Generic,5.949999809265137,False,,False,False,Sector: Healthcare,7.97,18.38,True,,,False,EXIT
OSIAHYPER,Osia Hyper Retail Limited,Consumer Cyclical,Department Stores,2.9600000381469727,False,18.0,False,False,Sector: Consumer Cyclical,-78.32,-81.28,False,1423.0,1427.0,False,EXIT
SAGARDEEP,Sagardeep Alloys Limited,Basic Materials,Copper,23.530000686645508,False,3.0,True,False,Sector: Basic Materials,-20.05,-19.95,False,200.0,179.0,True,EXIT
MITTAL,Mittal Life Style Limited,Consumer Cyclical,Textile Manufacturing,0.8999999761581421,False,2.95,True,False,Sector: Consumer Cyclical,-46.15,-49.19,False,89.88,91.45,False,EXIT
MADHUCON,Madhucon Projects Limited,Industrials,Engineering & Construction,5.260000228881836,False,-325.0,False,False,Sector: Industrials,-19.85,-18.94,False,444.0,2599.0,False,EXIT
AROGRANITE,Aro Granite Industries Limited,Industrials,Building Products & Equipment,24.799999237060547,False,-19.0,False,False,Sector: Industrials,-33.86,-32.92,False,67.0,253.0,False,EXIT
BANG,Bang Overseas Limited,Consumer Cyclical,Apparel Manufacturing,28.649999618530273,False,5.0,False,False,Sector: Consumer Cyclical,-41.95,-45.0,False,233.0,224.0,True,EXIT
ADL,Archidply Decor Limited,Consumer Cyclical,"Furnishings, Fixtures & Appliances",71.98999786376953,False,-0.11,False,False,Sector: Consumer Cyclical,-22.46,-25.56,False,46.32,54.28,False,EXIT
ORIENTALTL,Oriental Trimex Limited,Industrials,Building Products & Equipment,5.019999980926514,False,2.02,False,False,Sector: Industrials,-52.1,-51.12,False,27.36,74.51,False,EXIT
NKIND,N.K Industries Limited,Consumer Defensive,Household & Personal Products,56.599998474121094,False,-3.58,False,False,Sector: Consumer Defensive,-16.29,-16.04,False,11.34,493.13,False,EXIT
LASA,Lasa Supergenerics Limited,Healthcare,Drug Manufacturers - Specialty & Generic,6.989999771118164,False,-17.0,False,False,Sector: Healthcare,-36.56,-25.82,False,6.0,244.0,False,EXIT
SEYAIND,Seya Industries Limited,Basic Materials,Specialty Chemicals,12.420000076293945,False,-2.98,False,False,Sector: Basic Materials,-34.88,-34.75,False,0.0,412.78,False,EXIT
ASHOKAMET,Ashoka Metcast Limited,Basic Materials,Steel,13.819999694824219,False,13.0,True,False,Sector: Basic Materials,-23.09,-22.98,False,26.0,67.0,False,EXIT
GSS,GSS Infotech Limited,Technology,Information Technology Services,12.5,False,-49.0,False,False,Sector: Technology,-56.96,-58.16,False,88.0,243.0,False,EXIT
CYBERMEDIA,Cyber Media (India) Limited,Communication Services,Publishing,16.559999465942383,False,4.0,False,True,Sector: Communication Services,20.32,-1.46,False,128.0,103.0,True,EXIT
MOHITIND,Mohit Industries Limited,Consumer Cyclical,Textile Manufacturing,24.5,False,-1.0,False,False,Sector: Consumer Cyclical,-30.55,-33.63,False,132.0,191.0,False,EXIT
SITINET,SITI Networks Limited,Communication Services,Entertainment,0.2800000011920929,False,-199.0,False,False,Sector: Communication Services,-24.99,-46.05,False,1134.0,1608.0,False,EXIT
SUPERSPIN,Super Spinning Mills Limited,Consumer Cyclical,Textile Manufacturing,5.989999771118164,False,-5.18,False,False,Sector: Consumer Cyclical,-38.68,-41.74,False,6.31,440.5,False,EXIT
AKSHAR,Akshar Spintex Limited,Consumer Cyclical,Textile Manufacturing,0.4099999964237213,False,-6.0,False,False,Sector: Consumer Cyclical,-24.18,-27.27,False,121.0,175.0,False,EXIT
IMPEXFERRO,Impex Ferro Tech Limited,Basic Materials,Other Industrial Metals & Mining,3.8499999046325684,False,-6.33,True,True,Sector: Basic Materials,89.0,88.77,True,0.0,505.57,False,HOLD
BURNPUR,Burnpur Cement Limited,Basic Materials,Building Materials,14.9399995803833,False,-82.0,False,False,Sector: Basic Materials,-49.24,-49.06,False,0.0,151.0,False,EXIT
KAUSHALYA,Kaushalya Infrastructure Development Corporation Limited,Industrials,Engineering & Construction,886.2999877929688,False,-0.54,False,False,Sector: Industrials,-17.88,-16.98,False,0.9,5.68,False,EXIT
MADHAV,Madhav Marbles and Granites Limited,Industrials,Building Products & Equipment,35.5099983215332,False,-0.24,False,False,Sector: Industrials,-22.64,-21.73,False,30.59,76.96,False,EXIT
CEREBRAINT,Cerebra Integrated Technologies Limited,Industrials,Waste Management,2.8299999237060547,False,-64.0,False,False,Sector: Industrials,-65.05,-64.04,False,4.0,385.0,False,EXIT
VCL,Vaxtex Cotfab Limited,Consumer Cyclical,Textile Manufacturing,2.0299999713897705,False,5.26,False,True,Sector: Consumer Cyclical,96.77,93.37,True,11.17,75.62,False,HOLD
DNAMEDIA,Diligent Media Corporation Limited,Communication Services,Publishing,2.509999990463257,False,-6.59,False,False,Sector: Communication Services,-24.12,-45.19,False,7.44,124.04,False,EXIT
NAGREEKCAP,Nagreeka Capital & Infrastructure Ltd.,Financial Services,Asset Management,22.989999771118164,False,7.38,False,False,Sector: Financial Services,-14.92,-14.45,False,63.39,159.3,False,EXIT
EASTSILK,Eastern Silk Industries Limited,Consumer Cyclical,Textile Manufacturing,64.19999694824219,False,-14.0,False,False,Sector: Consumer Cyclical,111.35,107.91,True,24.0,103.0,False,EXIT
GTECJAINX,G-Tec Jainx Education Limited,Consumer Defensive,Education & Training Services,29.0,False,-0.72,False,True,Sector: Consumer Defensive,23.22,23.18,True,7.46,8.32,False,HOLD
KANANIIND,Kanani Industries Limited,Consumer Cyclical,Luxury Goods,1.4800000190734863,False,2.0,False,False,Sector: Consumer Cyclical,-24.1,-27.19,False,154.0,496.0,False,EXIT
SIMBHALS,Simbhaoli Sugars Limited,Consumer Defensive,Confectioners,7.889999866485596,False,-33.0,False,False,Sector: Consumer Defensive,-50.96,-50.45,False,736.0,1263.0,False,EXIT
KEEPLEARN,DSJ Keep Learning Limited,Consumer Defensive,Education & Training Services,1.809999942779541,False,-1.17,False,False,Sector: Consumer Defensive,-35.66,-35.26,False,7.29,9.98,False,EXIT
TARAPUR,Tarapur Transformers Limited,Industrials,Specialty Industrial Machinery,15.180000305175781,False,-2.38,False,False,Sector: Industrials,-42.24,-41.28,False,0.0,37.31,False,EXIT
PEARLPOLY,Pearl Polymers Limited,Consumer Cyclical,Packaging & Containers,16.010000228881836,False,-5.31,False,False,Sector: Consumer Cyclical,-49.68,-52.71,False,19.83,198.2,False,EXIT
TGBHOTELS,TGB Banquets and Hotels Limited,Consumer Cyclical,Lodging,9.34000015258789,False,-1.41,False,False,Sector: Consumer Cyclical,-19.5,-22.6,False,26.92,164.01,False,EXIT
SANWARIA,Sanwaria Consumer Limited,Consumer Defensive,Farm Products,0.1899999976158142,False,-2.6,False,False,Sector: Consumer Defensive,-48.02,-47.53,False,1.08,5303.79,False,EXIT
AKG,AKG Exim Limited,Industrials,Industrial Distribution,8.869999885559082,False,0.37,False,False,Sector: Industrials,-31.97,-31.03,False,78.53,221.03,False,EXIT
KSHITIJPOL,Kshitij Polyline Limited,Industrials,Business Equipment & Supplies,2.8499999046325684,False,3.76,False,False,Sector: Industrials,-7.42,-6.54,False,50.0,59.36,False,EXIT
WILLAMAGOR,Williamson Magor & Co. Limited,Financial Services,Credit Services,24.850000381469727,False,-16.0,False,False,Sector: Financial Services,-29.76,-29.22,False,1.0,51.0,False,EXIT
LEXUS,Lexus Granito (India) Limited,Industrials,Building Products & Equipment,13.880000114440918,False,-2.24,False,False,Sector: Industrials,-57.8,-56.81,False,47.41,181.12,False,EXIT
KHANDSE,Khandwala Securities Limited,Financial Services,Capital Markets,16.6299991607666,False,-0.61,False,False,Sector: Financial Services,-32.22,-31.66,False,9.03,10.29,False,EXIT
PNC,Pritish Nandy Communications Ltd,Communication Services,Entertainment,18.329999923706055,False,-14.0,False,False,Sector: Communication Services,-17.19,-38.37,False,18.0,58.0,False,EXIT
SGL,STL Global Limited,Consumer Cyclical,Textile Manufacturing,9.720000267028809,False,11.0,False,False,Sector: Consumer Cyclical,-25.32,-28.41,False,271.0,,False,EXIT
TREEHOUSE,Tree House Education & Accessories Limited,Consumer Defensive,Education & Training Services,6.21999979019165,False,-11.0,False,False,Sector: Consumer Defensive,-27.81,-27.47,False,4.0,209.0,False,EXIT
INFOMEDIA,Infomedia Press Limited,Financial Services,Shell Companies,5.190000057220459,False,-2.9,False,False,Sector: Financial Services,-14.33,-13.86,False,0.0,0.0,True,EXIT
NEXTMEDIA,Next Mediaworks Limited,Communication Services,Broadcasting,3.740000009536743,False,-4.99,False,False,Sector: Communication Services,-21.37,-42.49,False,0.0,1.45,False,EXIT
AGSTRA,AGS Transact Technologies Limited,Technology,Software - Infrastructure,2.0399999618530273,False,-170.0,False,False,Sector: Technology,-66.28,-67.42,False,1250.0,1806.0,False,EXIT
LIBAS,Libas Consumer Products Limited,Consumer Cyclical,Apparel Manufacturing,9.829999923706055,False,1.9,False,False,Sector: Consumer Cyclical,-20.89,-23.99,False,72.57,91.91,False,EXIT
ARSHIYA,Arshiya Limited,Industrials,Integrated Freight & Logistics,0.9200000166893005,False,-2.08,False,False,Sector: Industrials,-67.07,-66.05,False,18.15,301.7,False,EXIT
FLFL,Future Lifestyle Fashions Limited,Consumer Cyclical,Apparel Manufacturing,1.1699999570846558,False,-2135.0,False,False,Sector: Consumer Cyclical,-21.3,-24.4,False,2313.0,6297.0,False,EXIT
LAXMICOT,Laxmi Cotspin Limited,Consumer Cyclical,Textile Manufacturing,13.960000038146973,False,-3.0,False,False,Sector: Consumer Cyclical,-42.03,-45.07,False,118.0,216.0,False,EXIT
ANKITMETAL,Ankit Metal & Power Limited,Basic Materials,Steel,1.5700000524520874,False,-257.0,False,False,Sector: Basic Materials,-20.99,-20.89,False,818.0,1476.0,False,EXIT
KRIDHANINF,Kridhan Infra Limited,Basic Materials,Steel,2.1600000858306885,False,0.96,False,False,Sector: Basic Materials,-48.84,-48.67,False,2.73,726.75,False,EXIT
HAVISHA,Sri Havisha Hospitality and Infrastructure Limited,Consumer Cyclical,Lodging,1.399999976158142,False,-5.07,False,False,Sector: Consumer Cyclical,-32.71,-35.78,False,13.6,16.21,False,EXIT
MFML,Mahalaxmi Fabric Mills Limited,Consumer Cyclical,Textile Manufacturing,19.65999984741211,False,-3.0,False,False,Sector: Consumer Cyclical,-33.65,-36.72,False,132.0,166.0,False,EXIT
TCIFINANCE,TCI Finance Limited,Financial Services,Credit Services,15.210000038146973,False,-1.71,False,False,Sector: Financial Services,13.22,13.55,True,0.0,13.41,False,EXIT
FEL,Future Enterprises Limited,Consumer Cyclical,Department Stores,0.4000000059604645,False,20.0,True,False,Sector: Consumer Cyclical,-26.8,-29.89,False,110.0,102.0,True,EXIT
SHRENIK,Shrenik Limited,Basic Materials,Paper & Paper Products,0.28999999165534973,False,0.06,False,False,Sector: Basic Materials,-46.63,-46.46,False,36.12,836.5,False,EXIT
ACEINTEG,Ace Integrated Solutions Limited,Industrials,Staffing & Employment Services,17.729999542236328,False,-0.85,False,False,Sector: Industrials,-27.15,-26.23,False,0.5,22.15,False,EXIT
TIJARIA,Tijaria Polypipes Limited,Industrials,Building Products & Equipment,5.789999961853027,False,-1.39,False,True,Sector: Industrials,-25.66,-24.74,False,0.0,149.53,False,EXIT
RADAAN,Radaan Mediaworks India Limited,Communication Services,Entertainment,2.9600000381469727,False,-3.75,False,False,Sector: Communication Services,-1.96,-23.38,False,6.61,35.54,False,EXIT
ASTRON,Astron Paper & Board Mill Limited,Basic Materials,Paper & Paper Products,3.0999999046325684,False,,False,False,Sector: Basic Materials,-78.68,-78.41,False,,,False,EXIT
EUROTEXIND,Eurotex Industries and Exports Limited,Real Estate,Real Estate - Development,14.0,False,-1.23,False,False,Sector: Real Estate,10.99,-5.47,False,0.09,280.57,False,EXIT
TECILCHEM,Tecil Chemicals and Hydro Power Ltd.,Financial Services,Shell Companies,9.140000343322754,False,-0.55,False,False,Sector: Financial Services,-46.92,-46.29,False,0.0,0.0,True,EXIT
SHYAMTEL,Shyam Telecom Limited,Technology,Communication Equipment,15.0,False,-3.07,False,True,Sector: Technology,4.57,2.95,True,0.0,324.05,False,HOLD
TVVISION,TV Vision Limited,Communication Services,Broadcasting,3.75,False,-33.0,False,False,Sector: Communication Services,-23.32,-44.41,False,7.0,176.0,False,EXIT
SILLYMONKS,Silly Monks Entertainment Limited,Communication Services,Entertainment,15.600000381469727,False,-2.13,False,False,Sector: Communication Services,18.13,-3.61,False,4.48,22.22,False,EXIT
VIVIDHA,Visagar Polytex Limited,Consumer Cyclical,Textile Manufacturing,0.5400000214576721,False,-1.33,False,False,Sector: Consumer Cyclical,-34.47,-37.53,False,0.24,102.76,False,EXIT
RETAIL,JHS Svendgaard Retail Ventures Limited,Consumer Defensive,Grocery Stores,17.639999389648438,False,-0.18,True,False,Sector: Consumer Defensive,-60.08,-59.5,False,16.9,16.19,True,EXIT
UMESLTD,Usha Martin Education & Solutions Limited,Consumer Defensive,Education & Training Services,5.960000038146973,False,0.39,True,True,Sector: Consumer Defensive,0.78,0.91,True,0.86,3.43,False,HOLD
HEADSUP,Heads UP Ventures Limited,Consumer Cyclical,Apparel Retail,6.869999885559082,False,-2.96,False,False,Sector: Consumer Cyclical,-34.37,-37.43,False,5.76,259.59,False,EXIT
BOHRAIND,Bohra Industries Limited,Basic Materials,Agricultural Inputs,14.149999618530273,False,-2.84,False,False,Sector: Basic Materials,-54.35,-54.16,False,0.0,113.28,False,EXIT
GLFL,Gujarat Lease Financing Limited,Financial Services,Shell Companies,5.78000020980835,False,0.03,False,False,Sector: Financial Services,-7.0,-6.57,False,0.0,0.43,False,EXIT
AURUS,Aurus Gem Corporation Limited,Consumer Cyclical,Luxury Goods,4.619999885559082,False,1.78,False,False,Sector: Consumer Cyclical,-32.17,-35.25,False,15.95,436.84,False,EXIT
KALYANI,Kalyani Commercials Limited,Consumer Cyclical,Auto & Truck Dealerships,138.08999633789062,True,3.0,True,False,Sector: Consumer Cyclical,1.34,-1.82,False,577.0,587.0,False,EXIT
MTEDUCARE,MT Educare Limited,Consumer Defensive,Education & Training Services,1.7999999523162842,False,,False,True,Sector: Consumer Defensive,-15.31,-15.06,False,,,False,EXIT
DSKULKARNI,D S Kulkarni Developers Limited,Real Estate,Real Estate - Development,15.380000114440918,False,-2.07,False,True,Sector: Real Estate,28.38,11.69,True,0.0,203.07,False,HOLD
BILVYAPAR,BIL Vyapar Limited,Basic Materials,Specialty Chemicals,4.059999942779541,False,0.42,False,False,Sector: Basic Materials,-64.84,-64.62,False,0.0,260.6,False,EXIT
ORTINGLOBE,Ortin Global Limited,Healthcare,Drug Manufacturers - Specialty & Generic,15.949999809265137,False,-0.9,False,True,Sector: Healthcare,1.24,11.7,True,0.33,197.36,False,HOLD
NIRAJISPAT,Niraj Ispat Industries Limited,Consumer Cyclical,Apparel Manufacturing,216.0,False,1.52,False,False,Sector: Consumer Cyclical,-42.54,-45.59,False,3.55,7.05,False,EXIT
ARENTERP,Rajdarshan Industries Limited,Basic Materials,Other Industrial Metals & Mining,37.439998626708984,False,-0.06,False,False,Sector: Basic Materials,-23.22,-23.12,False,0.57,1.9,False,EXIT
UNIINFO,Uniinfo Telecom Services Limited,Communication Services,Telecom Services,11.319999694824219,False,-1.1,False,False,Sector: Communication Services,-24.86,-45.91,False,43.4,50.1,False,EXIT
CREATIVEYE,Creative Eye Limited,Communication Services,Entertainment,6.099999904632568,False,-4.57,False,False,Sector: Communication Services,2.47,-19.02,False,0.72,28.93,False,EXIT
DCMFINSERV,DCM Financial Services Limited,Financial Services,Credit Services,5.5,False,-0.96,False,True,Sector: Financial Services,-7.8,-7.37,False,0.0,3.96,False,EXIT
GLOBALE,Globale Tessile Limited,Consumer Cyclical,Textile Manufacturing,11.600000381469727,False,-1.16,False,False,Sector: Consumer Cyclical,-15.85,-18.96,False,24.62,67.74,False,EXIT
MEP,MEP Infrastructure Developers Limited,Industrials,Infrastructure Operations,0.6600000262260437,False,-273.0,False,False,Sector: Industrials,-64.01,-63.0,False,49.0,2815.0,False,EXIT
ANTGRAPHIC,Antarctica Limited,Consumer Cyclical,Packaging & Containers,0.7200000286102295,False,1.09,False,False,Sector: Consumer Cyclical,-34.4,-37.47,False,98.32,62.91,True,EXIT
LAKPRE,Lakshmi Precision Screws Limited,Industrials,Tools & Accessories,4.25,False,-33.0,False,False,Sector: Industrials,-33.25,-32.31,False,232.0,371.0,False,EXIT
FLEXITUFF,Flexituff Ventures International Limited,Consumer Cyclical,Textile Manufacturing,2.75,False,,False,False,Sector: Consumer Cyclical,-84.48,-87.43,False,,,False,EXIT
BLUECHIP,Blue Chip India Limited,Financial Services,Capital Markets,1.9299999475479126,False,-0.39,False,False,Sector: Financial Services,-60.56,-59.86,False,0.18,7.33,False,EXIT
COMPINFO,Compuage Infocom Limited,Technology,Electronics & Computer Distribution,1.0700000524520874,False,,False,False,Sector: Technology,-56.16,-57.38,False,,,False,EXIT
PREMIER,Premier Limited,Industrials,Specialty Industrial Machinery,2.7200000286102295,False,-5.69,True,False,Sector: Industrials,-30.62,-29.68,False,0.0,99.96,False,EXIT
SHANTI,Shanti Overseas (India) Limited,Consumer Defensive,Farm Products,6.380000114440918,False,-7.73,False,False,Sector: Consumer Defensive,-37.59,-37.18,False,10.41,210.44,False,EXIT
SETUINFRA,Setubandhan Infrastructure Limited,Industrials,Engineering & Construction,0.44999998807907104,False,,False,False,Sector: Industrials,-37.55,-36.6,False,,,False,EXIT
CLCIND,CLC Industries Limited,Consumer Cyclical,Textile Manufacturing,49.02000045776367,False,-48.0,False,False,Sector: Consumer Cyclical,-80.97,-83.92,False,109.0,1638.0,False,EXIT
SONAL,Sonal Mercantile Limited,,,90.45999908447266,True,20.0,False,False,,,,False,37.0,41.0,False,EXIT
TCC,TCC Concept Limited,,,252.85000610351562,False,68.0,True,False,,,,False,286.0,179.0,True,EXIT
SHINDL,Sharat Industries Limited,,,162.1199951171875,True,17.0,True,False,,,,False,530.0,525.0,True,EXIT
BNALTD,B & A Limited,,,395.0,False,3.0,False,False,,,,False,299.0,292.0,True,EXIT
BNAGROCHEM,BN Agrochem Limited,,,237.4499969482422,True,17.0,False,False,,,,False,927.0,873.0,True,EXIT
INDPRUD,Industrial And Prudential Investment Company Limited,,,6178.5,True,61.0,False,False,,,,False,6.0,8.0,False,EXIT
KLBRENG-B,Kilburn Engineering Limited,,,357.6499938964844,True,88.0,False,False,,,,False,617.0,629.0,False,EXIT
ACSTECH,ACS Technologies Limited,,,49.709999084472656,True,12.0,True,False,,,,False,332.0,264.0,True,EXIT
WELSPLSOL,Welspun Specialty Solutions Limited,,,48.40999984741211,True,29.0,False,False,,,,False,879.0,886.0,False,EXIT
DISAQ,DISA India Limited,,,11508.0,False,51.0,False,False,,,,False,410.0,425.0,False,EXIT
PREMCO,Premco Global Limited,,,391.45001220703125,True,2.38,False,False,,,,False,83.66,128.23,False,EXIT
PRADPME,Pradeep Metals Limited,,,532.2999877929688,True,33.0,True,False,,,,False,354.0,338.0,True,EXIT
PRAVEG,Praveg Limited,,,262.1000061035156,True,-17.0,False,False,,,,False,248.0,241.0,True,EXIT
SINGERIND,Singer India Limited,,,83.98999786376953,False,18.0,True,False,,,,False,610.0,557.0,True,EXIT
QUINT,Quint Digital Limited,,,36.5099983215332,True,34.0,False,False,,,,False,108.0,81.0,True,EXIT
ASTAR,Asian Star Company Limited,,,592.3499755859375,True,33.0,False,False,,,,False,2804.0,4478.0,False,EXIT
KIRANVYPAR,Kiran Vyapar Limited,,,202.52000427246094,True,6.0,False,False,,,,False,112.0,159.0,False,EXIT
KPL,Kwality Pharmaceuticals Limited,,,3630.300048828125,True,81.0,False,False,,,,False,554.0,503.0,True,EXIT
KOTIC,Kothari Industrial Corporation Limited,,,144.5,True,-86.0,False,False,,,,False,197.0,178.0,True,EXIT
AASTHA,AASTHA,Consumer Cyclical,Textile Manufacturing,73.31999969482422,False,,False,False,Sector: Consumer Cyclical,,,False,,,False,EXIT
ABANSENT,ABans Enterprises Limited,,,27.360000610351562,True,32.0,False,False,,,,False,14419.0,13813.0,True,EXIT
VELJAN,Veljan Denison Limited,,,1840.5999755859375,True,26.0,True,False,,,,False,165.0,164.0,True,EXIT
KAMAHOLD,KAMA Holdings Limited,,,2424.800048828125,True,2170.0,False,False,,,,False,17144.0,15930.0,True,EXIT
INVPRECQ,Investment & Precision Castings Limited,,,1341.5,True,15.0,True,False,,,,False,196.0,188.0,True,EXIT
SAPPL,Shree Ajit Pulp and Paper Limited,,,284.1000061035156,True,42.0,True,False,,,,False,725.0,701.0,True,EXIT
SCANSTL,Scan Steels Limited,,,64.16000366210938,True,25.0,True,False,,,,False,864.0,1091.0,False,EXIT
ZSARACOM,Saraswati Commercial (India) Limited,,,12416.0,True,132.0,True,False,,,,False,165.0,128.0,True,EXIT
IWP,The Indian Wood Products Company Limited,,,34.84000015258789,True,6.0,False,False,,,,False,242.0,229.0,True,EXIT
ZODIAC,Zodiac Energy Limited,,,242.5500030517578,False,25.0,True,False,,,-39.63,False,587.0,544.0,True,EXIT
KANCHI,Kanchi Karpooram Limited,,,372.0,True,8.0,False,False,,,,False,155.0,220.0,False,EXIT
BHARATCOAL,BHARATCOAL,Basic Materials,Coking Coal,33.27000045776367,False,-117.0,False,False,Sector: Basic Materials,,,False,12911.0,15917.0,False,EXIT
ELCIDIN,Elcid Investments Limited,,,109000.0,False,95.0,False,False,,,,False,115.0,235.0,False,EXIT
SHBAJRG,Shri Bajrang Alliance Limited,,,171.5,True,45.0,False,False,,,,False,287.0,570.0,False,EXIT
SIKA,Sika Interplant Systems Limited,,,999.7999877929688,True,35.0,False,False,,,,False,186.0,211.0,False,EXIT
ARTEMISMED,Artemis Medicare Services Limited,,,321.29998779296875,False,114.0,True,True,,,31.62,False,1114.0,1081.0,True,HOLD
MERCANTILE,Mercantile Ventures Limited,,,24.489999771118164,False,3.67,False,False,,,,False,95.28,93.34,True,EXIT
TECHNOCRAF,TECHNOCRAF,Industrials,Infrastructure Operations,330.3699951171875,True,,False,False,Sector: Industrials,,,False,,,False,EXIT
TECHNVISN,TechNVision Ventures Limited,,,4973.5,True,3.0,False,False,,,,False,286.0,269.0,True,EXIT
FRONTSP,Frontier Springs Limited,,,1293.800048828125,True,59.0,False,False,,,,False,325.0,322.0,True,EXIT
NATIONSTD,National Standard (India) Limited,,,133.66000366210938,True,11.0,False,False,,,,False,19.0,184.0,False,EXIT
TAALTECH,TAAL Tech Limited,,,4218.0,True,62.0,True,False,,,,False,216.0,197.0,True,EXIT
FEDDERSHOL,Fedders Holding Limited,,,40.20000076293945,True,86.0,False,False,,,,False,336.0,543.0,False,EXIT
FERMENTA,Fermenta Biotech Limited,,,460.1000061035156,True,58.0,False,False,,,,False,511.0,523.0,False,EXIT
NEAGI,Neelamalai Agro Industries Limited,,,3303.300048828125,True,37.0,False,False,,,,False,25.0,37.0,False,EXIT
TAMBOLIIN,Tamboli Industries Limited,,,242.50999450683594,True,11.0,False,False,,,,False,82.0,83.0,False,EXIT
MCCHRLS-B,Mac Charles (India) Limited,,,675.0,True,-115.0,False,False,,,,False,121.0,110.0,True,EXIT
GRAVISSHO,Graviss Hospitality Limited,,,29.889999389648438,True,0.03,False,False,,,,False,65.22,65.46,False,EXIT
GRANDOAK,Grand Oak Canyons Distillery Limited,,,36.25,True,4.91,True,False,,,,False,0.22,6.87,False,EXIT
MANIPALHOS,MANIPALHOS,Healthcare,Medical Care Facilities,724.3499755859375,True,,False,False,Sector: Healthcare,,,False,,,False,EXIT
HBESD,HB Estate Developers Limited,Unknown,Unknown,75.62000274658203,True,13.0,True,False,Sector: Unknown,,,False,121.0,116.0,True,EXIT
GNRL,Gujarat Natural Resources Limited,,,104.0199966430664,True,19.0,True,False,,,,False,33.0,31.0,True,EXIT
ASHIKAG,ASHIKAG,,,432.79998779296875,True,74.0,True,False,,,,False,284.0,240.0,True,EXIT
GUJRAFFIA,Gujarat Raffia Industries Limited,,,41.0099983215332,False,1.18,False,False,,,3.15,False,86.39,88.56,False,EXIT
MADHAVIPL,Madhav Infra Projects Limited,,,7.239999771118164,True,26.0,False,False,,,,False,503.0,610.0,False,EXIT
DAICHI,Dai-ichi Karkaria Limited,,,316.3500061035156,True,2.0,False,False,,,,False,180.0,194.0,False,EXIT
ARDEE,ARDEE,Industrials,Metal Fabrication,61.47999954223633,False,,False,False,Sector: Industrials,,,False,,,False,EXIT
TIMEX,Timex Group India Limited,Consumer Cyclical,Luxury Goods,591.0499877929688,True,86.0,True,False,Sector: Consumer Cyclical,,,False,849.0,799.0,True,EXIT
THAKDEV,Thakkers Developers Limited,,,157.74000549316406,True,14.0,False,False,,,,False,44.0,58.0,False,EXIT
MMWL,Media Matrix Worldwide Limited,Communication Services,Entertainment,14.050000190734863,False,10.0,False,False,Sector: Communication Services,,,False,1452.0,1884.0,False,EXIT
THACKER,Thacker and Company Limited,,,1100.0,True,19.0,False,False,,,,False,6.0,8.0,False,EXIT
MENNPIS,Menon Pistons Limited,,,71.7300033569336,True,26.0,True,False,,,,False,307.0,304.0,True,EXIT
DECNGOLD,Deccan Gold Mines Limited,,,242.66000366210938,True,-45.0,False,False,,,,False,14.0,14.0,True,EXIT
BLACKROSE,Black Rose Industries Limited,,,113.55999755859375,True,29.0,False,False,,,,False,352.0,488.0,False,EXIT
BIRLAPREC,Birla Precision Technologies Limited,,,39.11000061035156,True,14.0,True,False,,,,False,248.0,253.0,False,EXIT
RANASUG,RANASUG,Unknown,Unknown,15.210000038146973,False,6.0,False,True,Sector: Unknown,27.1,2.29,True,1677.0,1743.0,False,HOLD
RAMBHAJO,RAMBHAJO,Consumer Cyclical,Luxury Goods,173.83999633789062,False,,False,False,Sector: Consumer Cyclical,,,False,,,False,EXIT
RIR,Rir Power Electronics Limited,Technology,Semiconductors,164.3800048828125,False,8.12,False,False,Sector: Technology,,,False,97.02,90.87,True,EXIT
BLIL,Balmer Lawrie Investments Limited,,,71.44000244140625,True,281.0,True,False,,,,False,2795.0,2728.0,True,EXIT
RRIL,RRIL Limited,,,16.34000015258789,True,9.0,False,False,,,,False,128.0,155.0,False,EXIT
TURTLEMINT,TURTLEMINT,Financial Services,Insurance Brokers,144.60000610351562,True,,False,False,Sector: Financial Services,,,False,,,False,EXIT
DRAGARWQ,Dr. Agarwal's Eye Hospital Limited,,,5307.0,True,76.0,True,False,,,,False,497.0,471.0,True,EXIT
BENGALASM,Bengal & Assam Company Limited,,,6201.0,True,782.0,False,False,,,,False,2437.0,16521.0,False,EXIT
BEEKAY,Beekay Steel Industries Limited,,,423.25,True,43.0,False,False,,,,False,1267.0,1296.0,False,EXIT
NILE,Nile Limited,,,1529.5,True,48.0,False,False,,,,False,1076.0,1041.0,True,EXIT
SURYALA,Suryalata Spinning Mills Limited,,,385.0,True,36.0,True,False,,,,False,482.0,495.0,False,EXIT
SHUKRAPHAR,Shukra Pharmaceuticals Limited,Healthcare,Drug Manufacturers - Specialty & Generic,43.33000183105469,True,34.0,True,False,Sector: Healthcare,,,False,75.0,57.0,True,EXIT
BAJAJST,Bajaj Steel Industries Limited,,,349.54998779296875,True,29.0,False,False,,,,False,537.0,585.0,False,EXIT
OMPOWER,OMPOWER,Industrials,Engineering & Construction,162.6999969482422,False,,False,False,Sector: Industrials,,,False,,,False,EXIT
SHRIKRISH,Shri Krishna Devcon Limited,Unknown,Unknown,38.0,False,4.05,False,False,Sector: Unknown,,,False,20.39,32.82,False,EXIT
BI,Bilcare Limited,,,96.23999786376953,True,-6.0,False,False,,,,False,773.0,2997.0,False,EXIT
RSDFIN,RSD Finance Limited,,,91.52999877929688,True,15.0,False,False,,,,False,38.0,132.0,False,EXIT
CMPDI,CMPDI,Basic Materials,Other Industrial Metals & Mining,234.49000549316406,False,,False,False,Sector: Basic Materials,,,False,,,False,EXIT
COCKERILL,John Cockerill India Limited,Industrials,Metal Fabrication,7834.0,False,12.0,False,False,Sector: Industrials,,,False,548.0,667.0,False,EXIT
CMRGREEN,CMRGREEN,Basic Materials,Aluminum,213.75,False,,False,False,Sector: Basic Materials,,,False,,,False,EXIT
COMFINTE,Comfort Intech Limited,,,6.460000038146973,True,-3.0,False,False,,,,False,156.0,155.0,True,EXIT
CORONA,CORONA,Healthcare,Drug Manufacturers - General,2165.800048828125,True,199.0,True,False,Sector: Healthcare,,,False,1479.0,1403.0,True,EXIT
HALDYNGL,Haldyn Glass Limited,,,132.6699981689453,True,30.0,True,False,,,,False,487.0,464.0,True,EXIT
HEXAGON,HEXAGON,Consumer Defensive,Packaged Foods,70.11000061035156,False,,False,False,Sector: Consumer Defensive,,,False,,,False,EXIT
LAHOTIOV,Lahoti Overseas Limited,,,40.810001373291016,True,16.0,False,False,,,,False,386.0,892.0,False,EXIT
ELITECON,Elitecon International Limited,,,16.790000915527344,True,336.0,True,False,,,,False,4771.0,549.0,True,EXIT
PML,Paul Merchants Limited,,,490.5,False,-10.0,False,False,,,,False,2061.0,7012.0,False,EXIT
PIONRINV,Pioneer Investcorp Limited,,,79.9800033569336,True,14.0,False,False,,,,False,38.0,63.0,False,EXIT
EMPOWER,Empower India Limited,,,2.299999952316284,True,19.0,True,False,,,,False,164.0,153.0,True,EXIT
AKCAPIT,A. K. Capital Services Limited,,,1765.199951171875,True,118.0,True,False,,,,False,577.0,572.0,True,EXIT
CPL,Captain Polyplast Limited,Industrials,Farm & Heavy Construction Machinery,67.7699966430664,False,28.0,False,False,Sector: Industrials,,,False,429.0,417.0,True,EXIT
SEIL,Shanti Educational Initiatives Limited,,,210.80999755859375,True,5.81,False,False,,,,False,56.72,58.99,False,EXIT
AARNAV,Aarnav Fashions Limited,,,33.709999084472656,True,9.0,True,False,,,,False,452.0,462.0,False,EXIT
3PLAND,3P Land Holdings Ltd,Unknown,Unknown,31.600000381469727,False,2.27,False,False,Sector: Unknown,-34.63,-38.87,False,4.81,205.25,False,EXIT
ABMKNO,ABM Knowledgeware Limited,,,191.41000366210938,True,10.0,False,False,,,,False,105.0,103.0,True,EXIT
WPIL,WPIL Limited,,,461.5,True,233.0,False,False,,,,False,1977.0,1855.0,True,EXIT
3BBLACKBIO,3B Blackbio Dx Limited,,,1151.0999755859375,True,56.0,False,False,,,,False,153.0,227.0,False,EXIT
